"uniprot","main_gene","protein_name","I3_1","I3_2","I3_3","I3_4","I9_1","I9_2","I9_3","I9_4","I15_1","I15_2","I15_3","I15_4","I21_1","I21_2","I21_3","I21_4","pval","Phase","Amplitude"
"A0JNU3","Aspg","60 kDa lysophospholipase;L-asparaginase;Platelet-activating factor acetylhydrolase",2171308.06314093,1834083.19173775,1977693.06690953,1971148.99275934,2018628.69623994,2077223.73583601,2124951.28398326,2422930.49590064,2353154.28479005,2389314.59216984,2219827.62473334,2172714.52565209,1955618.89881045,1831119.65235805,2025671.88778471,1938104.14388022,0.0216262025533578,13.57,164233
"A2BH40","Arid1a","AT-rich interactive domain-containing protein 1A",118226.646386098,124094.615436634,132768.135587898,134205.105415098,117630.892128936,139437.308335955,161295.974238787,144693.967814909,132539.939333533,130824.353847501,122986.220803596,138224.216018917,112275.261473293,102151.223174594,113812.755223672,118051.087705042,0.0274583284381719,10.83,12119
"A2RSJ4","Uhrf1bp1l","UHRF1-binding protein 1-like",513832.350831993,396102.54059127,566365.392589731,534872.162698148,609290.320562992,570581.416301376,619964.470797563,598295.788408025,480360.056844112,609130.492904805,515147.480725276,649662.576556942,454716.29283255,461221.715113903,529509.156817623,501320.284518749,0.0380528357368757,11.92,56799
"E0CYR6","Gm4477","Probable N-acetyltransferase CML3",30134.335903443,24715.1021338911,35191.5620700065,24030.6869286933,27405.4935581248,27987.3671918205,19562.8663788612,29879.5754719258,22379.8655284598,12550.5005348203,20439.8222252562,17484.4488952634,23441.1302356775,21562.3273670434,23989.4727424752,13405.2568192709,0.0247840195162149,5.68,3863
"E9PV24","Fga","Fibrinogen alpha chain;Fibrinopeptide A;Fibrinogen alpha chain",8663470.62150857,10980247.8711588,11229536.4329361,9368338.16760152,7855323.17903193,8715530.4072018,9198680.0356543,8346668.07724017,7220589.93338563,6192941.55986663,7152729.37660224,8467088.51968094,8368502.06542211,7282327.22666077,11717902.3687407,8840335.98549151,0.0341716271686448,3.17,1224152
"E9QAM5","Helz2","Helicase with zinc finger domain 2",2086079.98454682,1884986.6300496,1906408.97228054,1943735.0417175,1961710.5639893,1796261.96504248,1957547.66158356,1966100.78986192,1862717.03118128,1669501.64597607,1905977.26004651,1865799.69622269,1651867.74745036,1648303.11460028,1645016.31200296,1659101.00375108,0.0175321223791074,8.37,97434
"F8VQB6","Myo10","Unconventional myosin-X",108129.108749551,88612.4477989241,120375.855386915,121986.501272462,110846.341456348,132635.98143137,157329.827179987,179438.755056973,140798.269655965,132905.300188762,151357.588016959,175217.572002187,87392.7715859728,123349.05139014,144969.095597365,123575.968288156,0.0380528357368757,13.7,20925
"G3XA57","Rab11fip2","Rab11 family-interacting protein 2",17163.7715448496,17507.5612387672,17756.289247516,17055.7630850802,17948.5607178771,20739.2844815016,19466.2879183891,19669.3957407191,17572.4173419475,21922.7287736197,19261.9228584655,18855.1903414904,19034.6405230316,20762.7569498631,21057.3333807931,29766.470059261,0.0341716271686448,19.43,1368
"O08599","Stxbp1","Syntaxin-binding protein 1",298969.51463967,362495.257019252,305020.434932728,341008.945987978,294045.538909457,314315.736293542,286143.986668985,275611.629669362,270230.025845661,271218.180331093,282917.715614117,298172.680604333,290843.482025739,332783.930265441,357563.050332175,297457.935854317,0.0274583284381719,1.85,23759
"O08663","Metap2","Methionine aminopeptidase 2",2780349.40330264,2818569.46984866,2725572.59020601,2957931.86930323,2852773.34776216,3006549.50593446,2973372.85107694,3049221.51292361,2850081.66642451,3281911.60727157,2609595.58845028,2494111.71244264,2779219.23507627,2616942.20314289,2589291.46796744,2544194.63974216,0.0380528357368757,10.03,131923
"O08740","Polr2j","DNA-directed RNA polymerase II subunit RPB11",140288.841433174,137566.405412952,115888.37830286,113980.428392734,159619.025397796,127181.856053525,167029.820569353,121173.872826525,136330.482845088,141952.604848467,118864.013713501,120408.560409567,112563.426811389,107129.800532747,122361.849267168,108150.45475542,0.0380528357368757,10.58,13077
"O09172","Gclm","Glutamate--cysteine ligase regulatory subunit",1875985.37999353,1889775.88662259,1816003.08816836,1736351.77275733,1816821.94837888,1830099.85264528,1639870.60551704,1712185.37486637,1733381.83237117,1523583.92409796,1596028.92253029,1685440.94795976,1727912.27149865,1662975.07389762,1724162.88597487,1570503.56077328,0.0380528357368757,5.13,66460
"O35864","Cops5","COP9 signalosome complex subunit 5",1964231.5802423,1893543.55626367,1854017.4401586,1839226.66049743,2117288.60455234,2186998.97046107,2049191.5107333,1986472.28485773,2097105.3351451,2145409.91935071,2035508.47343129,2250802.12284736,2164474.91603755,2051659.49051102,2189497.13183035,2011664.34225289,0.0380528357368757,15.59,87710
"O54825","Bysl","Bystin",361156.934608616,250863.076056812,320832.862496204,349953.729965932,395348.294927684,460556.523280874,380825.762643944,437117.307637614,400093.315063518,495598.105205023,444587.05812376,529996.515705962,366671.620279267,308440.160259064,344593.749032579,422609.696838306,0.0175321223791074,13.84,68824
"O55091","Impact","Protein IMPACT",118363.773391368,92362.756914411,78746.8009533513,97443.8124046473,111930.125784322,107431.57841536,106634.716808323,124652.611492925,84095.3153746631,100292.224393688,106586.116085936,101173.762280057,54206.2272940772,75770.2077496314,97314.9435889566,94816.0074690881,0.0247840195162149,10.48,12931
"O55229","Chkb","Choline/ethanolamine kinase",274334.236151027,234103.729199192,223235.004820061,241022.794607452,274596.262333786,253965.762456013,231605.181510862,230640.103168326,208385.110004652,199809.967191329,222736.866103287,216441.65497926,229508.15549978,215271.92717295,244671.166098468,220562.711153826,0.0274583284381719,5.85,14784
"O70165","Fcn1","Ficolin-1",8531.2657811009,6354.36797433531,12630.5405335536,9412.39316387402,10158.5226724784,8564.79309555391,9376.28053625874,8576.40222328083,6202.67078554258,7341.40431375088,9126.67375463544,7300.40520909283,5844.76872105297,5707.97133760963,6770.92531898439,5957.24132273565,0.0247840195162149,8.45,1086
"O70370","Ctss","Cathepsin S",1383278.61690325,1419862.46544981,1449636.42034471,1626397.13473761,1157729.78028776,1063485.28296866,1191999.86388796,1088315.77690049,1112385.85381989,1295437.50517689,1035802.8283307,1192346.07425534,1294966.00235077,1156826.0724769,1332541.06765866,1224847.89790753,0.0200042851164173,1.91,142991
"O70570","Pigr","Polymeric immunoglobulin receptor;Secretory component",1916806.56217862,1487529.63595686,1554821.22943359,1753239.04250551,1799101.48432445,1826349.50572455,2372770.69045172,1949098.93679193,1413593.32922862,1409836.66878152,1464669.72681291,1247020.90873632,1409127.69993625,1568253.8050539,1502130.82128485,1593070.73363269,0.0159635076083501,7.55,259209
"O88487","Dync1i2","Cytoplasmic dynein 1 intermediate chain 2",242195.016916603,219445.596452695,243371.823570184,257087.370471252,234551.953474628,242544.650899244,219610.678740225,247958.182439333,240262.164798453,267658.595210372,284843.6840464,264043.818806382,241573.667590585,216146.456322895,217178.324558651,228542.8835915,0.0436840271864044,14.98,13623
"O88544","Cops4","COP9 signalosome complex subunit 4",3297497.4724481,3045237.76829055,3211895.07589341,3214382.81137955,3494805.78666837,3408809.80868549,3266757.56062278,3317816.749303,3232467.90797021,3504717.10393316,3049730.45753759,3346085.53226417,3163488.4571968,3147326.4403417,3053418.31142494,3174338.92291783,0.0380528357368757,11.5,587903
"O88630","Gosr1","Golgi SNAP receptor complex member 1",566043.820911233,599834.726837772,622208.032131397,610953.774116386,598822.763945681,614453.176642188,649454.216283419,646200.241492841,640711.888352456,710070.93822468,714311.655840997,650984.112105021,615669.915484192,578671.850431475,615243.928962743,649841.157540399,0.0436840271864044,15.19,36432
"O88986","Gcat","2-amino-3-ketobutyrate coenzyme A ligase, mitochondrial",6859177.99056695,5769913.66670597,6049727.27392688,6380952.57732147,5129906.52051587,5760745.63337616,5308932.2776246,5413173.75031617,5455355.93625159,6040445.59842349,5920020.79277632,5586412.22890504,5626843.92518789,6176410.11811697,5223944.00524621,5794254.55433808,0.0380528357368757,0.94,244789
"O89050","Mkln1","Muskelin",267520.282142257,208302.644703021,240946.437036229,237992.22632514,287024.69335562,289177.773105142,313265.530176048,283094.270340351,272983.202947605,297579.156281798,274561.029834813,278349.348697786,200084.157330623,229803.303449,209019.981607438,216673.020216166,0.00704351167247589,10.96,38971
"O89051","Itm2b","Integral membrane protein 2B;BRI2, membrane form;BRI2 intracellular domain;BRI2C, soluble form;Bri23 peptide",611791.267000312,610329.416096423,574367.360620529,594259.290204791,481808.038471857,555120.839927137,462160.679383423,542068.408302769,498171.600540487,521452.263876103,505538.644073928,453195.325149952,631798.813386301,555983.040920942,631477.073636804,560107.693781707,0.0231653424442385,0.14,60984
"P01027","C3","Complement C3;Complement C3 beta chain;C3-beta-c;Complement C3 alpha chain;C3a anaphylatoxin;Acylation stimulating protein;Complement C3b alpha chain;Complement C3c alpha chain fragment 1;Complement C3dg fragment;Complement C3g fragment;Complement C3d fragment;Complement C3f fragment;Complement C3c alpha chain fragment 2",17896641.4380718,22209399.3919062,23099546.0592064,20142545.7204897,21432555.7982854,23330989.550579,21886915.8070578,20641916.1993763,19678330.9906343,19755549.6869077,15555521.5282658,16798857.4904492,19599442.7352526,20808185.7135292,16494753.168776,16748071.1745832,0.0436840271864044,7.27,1662036
"P01029","C4b","Complement C4-B;Complement C4 beta chain;Complement C4 alpha chain;C4a anaphylatoxin;Complement C4 gamma chain",6563344.95220818,6371405.51183495,6771875.16389885,6186853.075128,6315792.03702412,6146955.09041558,6694843.57891184,6085865.62102486,5919031.11327251,4660472.3213728,5294951.41699732,6075481.25668903,6010713.50594628,5291749.01123923,6060643.92781536,5695522.63786504,0.0175321223791074,5.6,397438
"P01898","H2-Q10","H-2 class I histocompatibility antigen, Q10 alpha chain",1420816.45584983,1528072.17474178,1313623.15464332,1371321.58881294,1301389.91374013,1241835.69958329,1019653.39886816,1137313.9669462,1224372.26539519,1060372.41328196,1223608.40887152,1115995.57411127,1447822.22449791,1361526.03706654,1392060.67718132,1207749.58955471,0.0274583284381719,1.18,134079
"P01899","H2-D1","H-2 class I histocompatibility antigen, D-B alpha chain",1544898.40072449,1339681.11271803,1630738.36219744,1985458.91059408,1144842.63020236,1164631.57762576,1338926.12525999,1324218.06528644,1262465.00631327,1333196.13094322,1338618.06213214,1452945.19182172,1399524.5038443,1096406.01730672,1426245.30650965,1533729.91136669,0.0341716271686448,1.49,122334
"P01901","H2-K1","H-2 class I histocompatibility antigen, K-B alpha chain",3111549.09985468,2951534.14672355,2402096.47144755,3012494.59217898,2580856.83524008,2414439.60345053,2090717.19808274,2052419.83646624,2601005.73224153,2216578.00020431,2380322.89740237,2472448.6569644,2848845.29747579,2592325.79974953,2510634.87414735,2404276.62119444,0.0436840271864044,1.03,237155
"P04441","Cd74","H-2 class II histocompatibility antigen gamma chain",311846.432842961,220411.957001457,287608.938612303,361495.609448455,120768.782196318,196277.402134405,236988.231029813,166542.937867119,216705.260298318,282779.626095655,184700.913865587,245565.046289831,310483.428396176,216392.607719931,242871.95635884,279149.428930152,0.0313165056348466,23.7,49189
"P04627","Araf","Serine/threonine-protein kinase A-Raf",1073910.01547413,917393.125583875,915865.474158318,1045845.89351962,1110609.8414315,1102436.66911226,1048468.66992306,1176996.44215593,1121087.19935067,1095570.10015922,1131386.80346774,1228489.77943137,1011422.27197593,1085142.89970791,995978.347487626,1035931.10914059,0.0216262025533578,14.01,78292
"P06339","H2-T23","H-2 class I histocompatibility antigen, D-37 alpha chain",387107.775054331,343602.019586206,351723.184681454,315134.03095812,253024.693397553,286582.109604214,344719.708530344,278472.640659463,245349.982627963,268110.561874538,270128.366244768,210988.484950227,329118.244529775,245064.774758382,154569.634844486,226908.412457834,0.0231653424442385,6.08,36223
"P08071","Ltf","Lactotransferrin",188222.726621526,134930.366518118,125736.94774799,162764.778409004,113806.573605278,135604.399802886,145868.727264227,126975.327775083,81351.0825044833,74680.1010037695,82911.9945486066,85328.9525193084,96909.3012648891,94433.3869169309,124424.93813215,89062.4367670534,0.00704351167247589,5.33,26303
"P08905","Lyz2","Lysozyme C-2;Lysozyme C-1",103892.269308272,87864.5807090076,88184.6062932201,96649.6789351341,91727.2821478479,85616.608240924,102724.3814918,85393.1319379854,75423.1892110349,77088.0145378848,69524.7503873459,75489.8623675818,75268.8592592225,59589.3010566023,84419.80239464,70964.4658676867,0.0175321223791074,6.94,7295
"Q3THW5","H2afv","Histone H2A.V;Histone H2A.Z",4813965.8029534,4099484.70634782,5843118.38649033,4212560.77937866,4848078.04754377,3972310.15883062,5051031.30271065,5242510.76884463,3641223.18363171,4618959.77813873,4370122.20569711,4493136.13806548,3565280.59588182,3939979.81098131,3822125.88146176,3282784.88781651,0.0341716271686448,8.79,386201
"P10630","Eif4a2","Eukaryotic initiation factor 4A-II;Eukaryotic initiation factor 4A-II, N-terminally processed",6130427.72454447,5661616.78834625,6280994.26226992,6501885.22865274,6850465.23854411,6048747.33439853,7115265.44687726,6846197.68707768,7371418.70105527,7499251.56792596,8147998.22993635,7917955.44356788,6770088.69763538,6304037.61136321,7100978.82886648,7442325.86228457,0.0200042851164173,15.8,656894
"P12265","Gusb","Beta-glucuronidase",4776108.81696666,5403059.73890698,4920431.62248636,4761324.29039427,4615068.2948852,4783955.34238297,4146086.45538653,4403808.28256601,4303931.56869366,4519803.75189445,4232585.63588848,4280882.56758969,4791753.48625449,4871187.55221511,5382630.99976381,4599019.59478617,0.0274583284381719,0.42,338754
"P14206","Rpsa","40S ribosomal protein SA",8253509.3728176,7830840.01591862,6944139.82182519,7565474.76932624,8402147.32738633,7853086.80566959,8225315.62552768,8349345.68383357,8842954.26121609,9091504.48217347,8589369.52379555,8421758.70936325,9012625.76160909,7035452.67902652,7787628.06748287,8245071.33620881,0.0313165056348466,14.99,476468
"P14438","H2-Aa","H-2 class II histocompatibility antigen, A-U alpha chain;H-2 class II histocompatibility antigen, A-B alpha chain;H-2 class II histocompatibility antigen, A-S alpha chain;H-2 class II histocompatibility antigen, A-R alpha chain;H-2 class II histocompatibility antigen, A-F alpha chain;H-2 class II histocompatibility antigen, I-E alpha chain;H-2 class II histocompatibility antigen, A-D alpha chain;H-2 class II histocompatibility antigen, A-K alpha chain",630434.489862373,536367.13050491,488081.469578545,873559.947690936,297103.963028157,281195.791996275,291864.221606445,317920.353611614,379553.959361596,335829.110066961,304612.300051357,583122.604684365,618153.117993116,413071.490712885,544243.642352642,429364.526284455,0.0159635076083501,0.12,671649587
"P15920","Atp6v0a2","V-type proton ATPase 116 kDa subunit a isoform 2",101417.143727928,88418.3699771489,88457.015712923,84192.7423608019,87451.3825785839,76709.9692764491,79631.99840905,91821.5245583598,95890.0564677599,89594.5134588455,89505.2707151485,92174.2975091494,91539.5707689704,97335.6534278208,96759.8235842011,94624.3713108728,0.0341716271686448,21.78,4674
"P18581","Slc7a2","Cationic amino acid transporter 2",195082.302525435,175274.165485478,209366.315714165,178784.455408789,278772.504549889,272129.631588332,262053.231734152,289521.874594842,370976.151978398,767129.566488459,353340.99283775,266737.170193363,184936.213106542,243065.018854652,197084.85381366,311726.071431518,0.0175321223791074,15.15,118833
"P21614","Gc","Vitamin D-binding protein",7407014.69629533,8120362.69607448,8475754.97300203,9532594.88044072,9782758.76876003,9534317.92523067,9341106.0317993,8932722.18492604,8598186.44510021,8970833.15077875,9689234.57738611,9386291.22218047,7275096.87731762,7742228.0051414,7837837.66837567,8584238.10860441,0.0274583284381719,11.99,756249
"P21958","Tap1","Antigen peptide transporter 1",690490.473707493,619066.605537191,561450.914261064,761231.273889576,505200.670959671,543976.193296276,521750.000287206,429453.215143658,565961.710650387,600766.433212277,514901.392534531,528337.06875815,517024.658485456,573238.062918958,568369.332840717,534427.142062289,0.0313165056348466,23.58,46198
"P26638","Sars","Serine--tRNA ligase, cytoplasmic",2786466.75514282,2567262.4665072,2671067.6243275,2779758.26865597,2904441.07571264,2813650.029661,2769476.94145514,3031584.11162236,2945396.98407781,2946129.36141153,3093755.75827578,3108944.85832791,2640103.10630394,2441021.06170545,3225901.99646263,2763821.50409128,0.0380528357368757,14.41,150424
"P28230","Gjb1","Gap junction beta-1 protein",261594.285282441,228264.114988266,234014.151148229,293668.613659169,256764.025333036,292344.001764423,335667.203649438,363395.350230203,302530.682940961,284828.164143155,285749.388771354,346667.912165929,204418.928582387,204790.543865229,175685.815774765,268778.298504803,0.0274583284381719,11.77,49494
"P28658","Atxn10","Ataxin-10",1575121.23761892,1592270.33239678,1528762.59834403,1708111.00256862,1800000.68741657,1740067.34246187,2134751.56515714,1708155.99795896,1869857.90377999,1845997.15078881,1842455.58380179,1962656.42614775,1601728.91363686,1552928.12681837,1679975.29884373,1680301.25047315,0.0159635076083501,13.45,156818
"P28666","Mug2","Murinoglobulin-2",1119905.05899771,996593.691329494,1050655.06258819,1182513.64977391,1107633.22134459,986905.03689974,1262935.91572242,1105467.35083172,838092.781661237,787463.820558948,823766.991636608,1118948.48917628,954340.192715425,774412.16380537,745445.455584112,894637.007934282,0.0380528357368757,7.65,100316
"P31725","S100a9","Protein S100-A9",320409.54442748,275387.925338203,232220.959494842,335964.068265972,166042.754198085,237403.037739171,314504.750435817,240657.933532804,123938.089605222,92116.2841041634,146303.797298697,141850.12252123,138339.804472061,151759.673127726,194666.214269266,152714.82736614,0.00759048104868416,5.06,75751
"P35279","Rab6a","Ras-related protein Rab-6A;Ras-related protein Rab-6B",1941422.41731744,1763485.58277316,1815104.74087599,1810222.38557085,2008355.94805752,1994760.32152433,1914535.11117647,1903494.87895524,2058590.90595302,2009806.95808589,1993063.5714907,1924713.21188069,1893905.87827057,1960601.58907936,1749305.17238661,1968604.51163548,0.0341716271686448,14.25,75959
"P35585","Ap1m1","AP-1 complex subunit mu-1",659984.524637589,655844.696338702,697947.928525673,675564.807040776,691418.322880091,661463.222079521,772237.091234817,712688.630449372,716850.905876192,716230.337840286,716735.642431936,711128.518139719,776565.548377498,623933.567055246,594742.978296632,635468.19993198,0.0436840271864044,12.72,30263
"P35822","Ptprk","Receptor-type tyrosine-protein phosphatase kappa",363849.554936653,400928.112028496,402803.925442474,451347.907987839,494814.462831178,434489.96997069,516189.335916416,557058.055864812,410083.19314791,387601.49523529,466214.362981542,465364.191042868,308095.990910234,354942.390451607,416344.961681156,416289.129478482,0.0313165056348466,10.93,58038
"P35951","Ldlr","Low-density lipoprotein receptor",1168646.46633615,1244979.57819508,1226397.62847663,1124456.85135058,1380560.58691057,1299840.49891817,1546186.2151904,1467381.76774431,1310361.76533905,1359046.62556668,1290543.81342849,1064782.02404481,1092635.55027164,1259967.74620518,1153698.46785835,1251294.63100052,0.0313165056348466,10.95,115918
"P39054","Dnm2","Dynamin-2",4548392.00780787,4348940.49559013,4055549.72286607,4296132.81815453,4313616.50110997,4540530.69876824,4498468.12431126,4369269.64243816,4475116.24979338,4734649.13608573,4349382.32747446,4516218.06116929,4657614.15006073,4500786.8012493,4749230.99384746,4600106.89822538,0.0436840271864044,19.05,93662
"P41105","Rpl28","60S ribosomal protein L28",264090.348975883,215943.495709421,263665.500807984,258074.555342411,335580.579294227,246937.146543527,298211.117263714,300665.659710732,277470.179790788,289509.663496101,298341.492498634,281357.857561103,259791.747918222,277528.234238749,231918.298112862,297797.04315675,0.0436840271864044,13.25,20795
"P41317","Mbl2","Mannose-binding protein C",904699.618921872,855051.155529452,827062.700516922,923286.842645536,807240.727871399,776712.685903885,687045.21407502,712466.232307392,824212.919779117,963884.351905303,810645.389470895,809169.823617602,885181.071609768,816765.969534995,887423.258370032,998715.119461888,0.0274583284381719,22.67,73022
"P42125","Eci1","Enoyl-CoA delta isomerase 1, mitochondrial",16947549.3850237,15351944.1109955,16218114.449626,15859765.1831077,17112743.2294722,17061335.3505326,14767833.5670875,17043671.5535579,15735000.0393293,13981780.3707435,15350187.301711,15018174.1693316,14386158.5254046,15453674.0447931,13907331.856739,14964152.6213597,0.0274583284381719,8.16,711298
"P42232","Stat5b","Signal transducer and activator of transcription 5B",1585498.73320611,1496994.96271359,1613403.81258934,1487266.08504609,1638985.83388051,1537460.39049298,1765967.82530971,1639248.33029894,1452293.19770765,1460784.95835215,1484941.30295557,1556144.9994903,1573750.51347207,1388784.94782553,1561203.02175482,1629874.8306348,0.0436840271864044,8.11,52941
"P43025","Clec3b","Tetranectin",557510.797646703,580864.115564776,494851.22137052,603428.096701646,440417.988759932,483858.004315353,449895.952348641,488522.233488938,543839.145132057,612763.342253215,607454.937721632,612415.682172295,780309.143587535,475208.460954611,634630.838134247,672587.885670917,0.0216262025533578,21.43,73256
"P43883","Plin2","Perilipin-2",609351.772206763,700982.79467728,591962.82505864,753673.646171305,346541.972476742,494994.400489428,519577.854138113,810654.169964314,484432.601246739,267982.733525882,432386.723830334,474306.214518193,650654.537009503,619165.859719858,602666.960460288,589864.107274114,0.0274583284381719,2.6,115384
"P46061","Rangap1","Ran GTPase-activating protein 1",1452519.7441959,1232144.69124365,1327775.3228595,1300991.68948708,1425417.55097556,1492271.50762085,1543714.980299,1571777.93880826,1426336.15990484,1556853.91751721,1694632.17266338,1645860.78068377,1447483.64408365,1241358.52458885,1341888.42555558,1382105.6264608,0.0231653424442385,13.83,134805
"P46460","Nsf","Vesicle-fusing ATPase",2323643.26251759,2197490.94647942,2379429.66292505,2415834.21762686,2410141.41943056,2550492.12020963,2531946.35189204,2598386.21087621,2404202.43652384,2551765.3484529,2556237.89373558,2542405.86591665,2686040.05879271,2361897.5612606,2668383.30580242,2658587.72242164,0.0436840271864044,16.8,68963
"P46935","Nedd4","E3 ubiquitin-protein ligase NEDD4",3049847.11712947,3663872.01313066,3109846.35647934,3450591.8325937,3856206.2515515,4108893.11701788,4150950.88543621,3938065.65049937,3781019.86873113,4171803.02285927,4089413.5918981,3901423.46578095,3268162.77997223,3007704.05808482,3734713.06819631,3452161.95733209,0.0231653424442385,13.02,410682
"P47879","Igfbp4","Insulin-like growth factor-binding protein 4",96742.097611646,98787.5016687406,109478.348431922,89683.9292422903,123759.124333862,107057.964944324,113184.264828556,100685.114372652,132840.767270259,123055.438450645,115232.252481103,119601.822359199,89050.9271030421,93815.0556515897,80214.541989695,112305.291177945,0.0200042851164173,11.61,13442
"P48024","Eif1","Eukaryotic translation initiation factor 1",1405553.55162604,1382651.03173811,1379675.41463526,1315195.74242205,1486486.81377875,1460548.99627065,1556298.79129187,1326197.53058017,1640684.96211357,1844854.98240615,1420508.67565043,1770293.54884557,1448564.14014115,1519983.54496713,1665722.47820349,1736715.16220899,0.0274583284381719,17.18,112189
"P48760","Fpgs","Folylpolyglutamate synthase, mitochondrial",59816.919583702,66601.920332669,54926.8846088698,53381.1156064367,53614.1026417095,41576.8639848308,47004.0541871842,45173.1090224143,51790.663574773,38227.7766908829,39667.0123338648,37996.4284890988,68552.0051994451,61184.7710336963,45298.825380703,45100.9388148907,0.0341716271686448,2.26,8227
"P48776","Tdo2","Tryptophan 2,3-dioxygenase",2311037.75624523,1620178.56389318,1639373.0428379,1978983.84486597,3180046.14877384,2390246.78899371,2597620.63813591,2886975.37156029,3474784.17293085,4650601.01266363,3356701.52125919,3451754.57604635,2174701.88512279,1980894.05643492,1948635.33153629,2545658.52203377,0.00704351167247589,14.74,964417
"P49290","Epx","Eosinophil peroxidase;Eosinophil peroxidase light chain;Eosinophil peroxidase heavy chain",108551.120424883,70127.8689806868,93180.1981697839,187878.196095497,54373.5490222656,40609.2448598557,99578.8173955131,125187.931760981,22214.444786889,32956.4436759907,39648.4982542077,60214.7036944127,41762.4210995086,25940.9217695711,75305.3841011747,60128.877549785,0.0341716271686448,5.03,26694
"P51830","Adcy9","Adenylate cyclase type 9",131168.370696074,131019.724746732,122856.753634372,118067.652889551,151590.884255273,133065.141993132,133664.003527361,122766.937682616,145822.738025826,151689.624948492,150102.01980769,155634.248492232,154345.061512057,134038.417816297,96798.4246993284,131552.162575086,0.0436840271864044,14.77,12019
"P52293","Kpna2","Importin subunit alpha-1",249203.346613173,207431.824591884,119553.176728463,213835.365955037,306647.243376011,422619.103256833,258752.709621965,326828.554387841,427717.783438688,470925.764948046,299590.024973916,362898.331465702,214744.994272466,272641.816040915,170164.238270659,212318.258066595,0.0175321223791074,11.88,101120
"P53996","Cnbp","Cellular nucleic acid-binding protein",28640.6323115496,23314.0346219543,26304.1979923342,23553.7134486457,37485.9918118586,40331.7673483956,29241.0919440575,30453.5827068956,28907.6013734478,38862.9717721363,26985.9752365012,38895.3766818583,27403.8877444369,22951.9278630062,25296.0879141353,19193.4144873044,0.0216262025533578,12.12,5871
"P54116","Stom","Erythrocyte band 7 integral membrane protein",1776464.0803518,2070840.12389695,1995127.36958368,1888292.49315004,1585594.84834018,1790128.8067146,1779358.65158452,1654442.08380487,1787210.24281966,1517215.88895605,1603909.26972647,1618192.48794543,1855015.16843909,1932311.67032697,2166436.93884269,1811824.82408966,0.0274583284381719,0.98,176328
"P54823","Ddx6","Probable ATP-dependent RNA helicase DDX6",1625181.80928005,1561128.67257321,1500678.18000989,1557161.23033764,1818479.47462936,1657530.231184,1611454.6585533,1663511.0836721,1661371.64184242,1803755.66667109,1618019.75180536,1717701.45235824,1578319.71085898,1640235.65579903,1572859.76848041,1576669.28802449,0.0231653424442385,13.51,75316
"P56593","Cyp2a12","Cytochrome P450 2A12",18687291.4104248,16382584.3151013,13442920.7926729,15155218.4434511,20434555.8044517,20556089.3070594,22165306.3469111,17169162.9040516,20423853.6173838,16308167.8543691,16281320.2976342,19256470.3203563,19100097.6040264,16411622.5343455,15776946.0645012,17978127.4774406,0.0380528357368757,12.27,1570539
"P60229","Eif3e","Eukaryotic translation initiation factor 3 subunit E",4623167.750236,4202542.50257345,3967749.12287417,4449653.63702667,4723661.14587989,4099813.84231233,4650120.01951691,4732948.34512934,4767932.50636413,5044480.81083695,4833351.52994865,4938576.16252147,4577874.10563794,4088243.40336286,4707766.09352425,4269120.78570605,0.0216262025533578,14.91,271734
"P60334","Cdo1","Cysteine dioxygenase type 1",256984.870131917,196277.622161477,323988.490181403,204006.968678004,257042.224150869,115816.634229653,157414.16819649,109975.549867948,177704.121600103,160496.631645412,181276.99103003,174067.042824039,222882.784995702,270779.368563288,251418.350981689,301013.919515365,0.0247840195162149,22.28,54045
"P60521","Gabarapl2","Gamma-aminobutyric acid receptor-associated protein-like 2",337386.79891797,333007.653280298,312346.259104902,324181.971480481,327882.596347783,368108.658369788,380327.609061612,344515.974605405,374311.871360159,334913.696546308,456528.754245285,345579.589783735,293002.843091387,353948.206712336,275323.840300685,304858.445065526,0.0313165056348466,13.08,31188
"P60824","Cirbp","Cold-inducible RNA-binding protein",137904.115281061,157736.121316109,91964.3015347822,100501.581532026,160430.544164475,171462.942985762,197192.60830612,160413.106712277,147342.069904562,166457.512750566,142446.885870278,139204.806834046,134770.427226462,140214.865445099,174547.680946321,142462.526918302,0.0380528357368757,12.92,16013
"P61222","Abce1","ATP-binding cassette sub-family E member 1",3150040.92328213,2818297.55296753,3216648.78599172,3097268.70368967,3210158.02358333,3008171.25676665,3231245.03426052,3299637.48126082,3138491.00675297,3340765.04640349,3308074.53518051,3433928.37908316,3089580.35814798,2803136.79971084,3056590.83544148,3061620.74151569,0.0247840195162149,13.57,132225
"P62196","Psmc5","26S protease regulatory subunit 8",6989831.61078758,6957877.30587586,6643715.59797947,6682752.76002601,7089290.55392742,6975341.43642775,7042814.43179955,6999128.70272515,7395854.38021208,7058383.82838638,7796516.0341415,6994979.14409482,6929645.66997704,6723004.60251338,7459889.89351608,6918205.0592707,0.0341716271686448,15.45,218089
"P62715","Ppp2cb","Serine/threonine-protein phosphatase 2A catalytic subunit beta isoform",78024.8394884867,88444.2312951869,74002.485967748,73297.9586348959,92234.0678033093,88897.3993301503,90270.6311850026,114979.110860346,93131.4040219031,94147.1850558832,91543.7652038603,83455.6106774142,120801.920557122,83716.1212260906,111949.501056243,110318.52280454,0.0380528357368757,18.06,5875
"P63017","Hspa8","Heat shock cognate 71 kDa protein",81216296.9049171,81978391.5943196,74320730.4037038,82065746.1661975,74165998.925946,76656331.5955326,74362253.2822533,76505954.8704071,86167209.915806,81962643.3682278,83016909.7843815,83700353.4089901,84237664.7407476,78040517.5540798,78033365.9085699,85416467.6333095,0.0313165056348466,19.91,3695763
"P68181","Prkacb","cAMP-dependent protein kinase catalytic subunit beta",200803.31328688,238970.13690896,211542.148762867,284785.814023509,214315.055955366,223358.360140086,244206.541477754,219660.850276777,213071.591900692,208446.535382942,207852.678471562,251181.128708836,162546.288909085,165657.834718479,192534.841120192,152792.323000809,0.0341716271686448,9.43,20616
"P70158","Smpdl3a","Acid sphingomyelinase-like phosphodiesterase 3a",920872.731781269,949917.980910931,912545.813786373,1012423.36205773,842242.227636511,860884.950036646,804387.896407387,880938.32883744,789555.937029543,651878.258179206,857962.243525661,837563.763876829,775824.167345143,785297.3697556,906333.240367428,780255.793687335,0.0231653424442385,4.4,56807
"P70274","Sepp1","Selenoprotein P",264424.145773661,308213.607445183,289744.686183242,271887.962038968,244202.791308891,242303.813280609,227151.534709344,196025.96712724,299027.829733265,235444.382577293,191148.022687563,208256.896257405,353656.473337002,310160.625156686,324476.098821965,237193.571651685,0.0313165056348466,0.45,40949
"P70315","Was","Wiskott-Aldrich syndrome protein homolog",51337.5273975023,64534.3690384169,50874.6193584403,58756.0308142229,40971.8355129025,47517.7186498997,46737.0182639073,46690.2692673749,39267.2274803444,35808.624880142,40890.3521300118,49704.2013686368,47694.2408113688,45135.0957415392,58081.1888627261,46140.1132278254,0.0247840195162149,2.72,6527
"P70324","Tbx3","T-box transcription factor TBX3",54500.0527806754,42184.055699071,53161.6129627335,61468.7370893787,54179.6409265692,47384.3633873719,43760.7953041269,66633.4987527434,38699.059308457,46255.0076630061,40860.5528508632,30531.6172485531,39580.7071106115,45436.8955338802,36352.9884257516,25936.0201130811,0.0341716271686448,7.39,5871
"P70398","Usp9x","Probable ubiquitin carboxyl-terminal hydrolase FAF-X",5791738.06818969,5673699.36894244,5436635.67419821,5416181.30876982,5738493.46757131,5606381.09653151,5964051.02485275,5786965.43311205,6135814.85972296,6121172.28749505,6055524.93763663,6347658.71114799,5756553.70094407,5518051.42505138,5928994.26441249,6031101.82598042,0.0231653424442385,15.89,249217
"P70459","Erf","ETS domain-containing transcription factor ERF",52266.4917794963,47318.1926648615,41755.8599984898,42104.1518401194,71369.0552862632,46034.5897846629,61233.8350008753,52270.1989460792,57913.5461805616,62293.9139818677,45512.5111217858,51672.4362125081,35782.9210573287,55456.494472503,29287.065243867,35602.657949424,0.0380528357368757,11.73,9096
"P97290","Serping1","Plasma protease C1 inhibitor",1608739.57255701,1597972.75510486,1568533.80822906,1608785.03625082,1481035.17966379,1458662.93468441,1357392.33865323,1384658.79388558,1339932.10666185,1285052.78233653,1526751.63916751,1546416.81890673,1794498.51308705,1330663.86790528,1595993.328573,1564658.8052061,0.0436840271864044,1.18,101743
"P97313","Prkdc","DNA-dependent protein kinase catalytic subunit",20346.1598665317,23754.3349966974,20910.6035002402,21170.6458861814,20965.360981243,16730.0445377658,20220.0477104345,19675.7004069292,17157.5139684268,15897.2933919143,18928.4065882581,18664.7778733139,20324.9372281429,17378.5793717795,20156.8659114862,17146.6504921056,0.0313165056348466,4.18,1384
"P97333","Nrp1","Neuropilin-1",291977.930222364,293035.89544291,300162.115790513,299970.274573106,238968.449243911,231656.606350784,299072.686511787,226935.69929674,252360.621876471,210093.607585487,247664.362709183,220323.924092727,272234.558438241,281032.074153469,331525.987077624,270355.15644497,0.0247840195162149,1.54,33648
"P97372","Psme2","Proteasome activator complex subunit 2",5868216.82945502,5428571.40443875,5709191.27622425,6178361.4820687,4514995.83722972,4873393.28187527,4769209.73018098,5126686.94111626,5195790.30621329,4515159.51301713,5474225.22958755,5920586.02922235,5173710.3433849,5107550.19153406,5581297.65498826,5712595.62343084,0.0380528357368757,0.19,343886
"P97426","Ear1","Eosinophil cationic protein 1;Eosinophil cationic protein 2",73964.3467465072,68230.7231883599,46444.2599463661,96311.2815772803,50910.2374736307,45130.0592644455,51142.1161322231,64173.2271918971,49546.074731065,43347.9779504973,32583.7983741581,29874.0602995008,45707.7150377611,40476.2838690951,60918.7115092126,41342.4114719708,0.0247840195162149,4.36,11815
"P97431","Irf6","Interferon regulatory factor 6",146529.330766998,142872.196685192,158834.557099903,194397.650982778,147164.070286277,135914.868503517,148693.130449747,144768.571450765,130687.690649419,124899.792102954,114032.649809625,143037.385276235,134269.693000879,130231.311048059,138902.743988638,125005.256572472,0.0231653424442385,5.08,10941
"P97449","Anpep","Aminopeptidase N",4175503.04806013,4436797.6623029,3932511.8511011,4436732.22884163,4540885.09477008,4557991.3059698,4370800.41748165,4506510.84098431,4923032.61566527,4751850.282762,4664716.72965478,4952475.71468648,4727184.09875371,4164927.83863861,5072995.54870189,4412256.57806755,0.0380528357368757,16.18,224183
"P97471","Smad4","Mothers against decapentaplegic homolog 4",211586.839804558,130632.102249303,210114.075239256,221326.051468992,213301.056435635,239294.407580998,235347.129500619,227226.310745775,210502.697782002,285034.32797575,227018.938468368,239256.207566861,193774.577171579,195570.719922157,208719.929095833,212529.454977555,0.0341716271686448,13.93,23751
"P97784","Cry1","Cryptochrome-1",55965.2378692787,56505.506731647,53278.9873476841,54307.4757684756,32547.0695194028,40568.0760973331,33669.5208049017,31331.8477974873,51008.6323402318,61750.0063262532,54869.0579587986,36666.6946782715,86072.5204153717,79463.1977441568,77223.3031029796,65507.525505022,0.00759048104868416,22.3,17111
"P97785","Gfra1","GDNF family receptor alpha-1",227739.09441883,226940.958664789,226058.872602655,233399.654912862,205997.864423872,212224.95861943,221255.290138697,241506.214493861,305513.897647268,306059.923805383,235944.133586464,311033.853818813,291442.133909559,341529.040068196,380607.596292612,353812.526969012,0.00950753017183405,19.88,42943
"P98064","Masp1","Mannan-binding lectin serine protease 1;Mannan-binding lectin serine protease 1 heavy chain;Mannan-binding lectin serine protease 1 light chain",465843.261744156,463576.832520126,364094.310659617,398766.394817887,555055.188003193,519896.443326557,508860.535074085,447012.471144589,481904.798080992,464685.162444264,512646.527777413,565334.879782969,413332.264902619,433037.259676952,437992.032817489,396568.682593715,0.0341716271686448,12.68,53471
"Q03963","Eif2ak2","Interferon-induced, double-stranded RNA-activated protein kinase",135173.65580543,111731.507724031,137320.420777111,157054.428984527,185468.209998031,170450.917258589,146232.513069105,172863.689406622,162971.026175825,141270.379206884,178606.148011914,137600.555780389,156118.971238531,139337.266389587,81092.0274743086,129886.448771017,0.0341716271686448,11.78,20555
"Q04519","Smpd1","Sphingomyelin phosphodiesterase",407164.763391322,375618.088274043,423917.739776815,399477.764868502,377090.131988919,359422.708258204,460276.955749702,407238.203248292,307544.846896784,359104.782368791,356551.747817154,406916.360509049,307516.198923408,336520.643786404,355086.27753099,389864.917917976,0.0436840271864044,7.36,18597
"Q91VK1","Bzw2","Basic leucine zipper and W2 domain-containing protein 2",275644.620133322,239226.673755799,212268.520522743,209124.011293539,312747.04262993,311485.830376303,278189.760347693,287979.317229546,255329.982238724,322606.084098303,280561.258720606,269375.367821332,284350.850793312,284448.443176988,211036.478262956,247954.052060802,0.0380528357368757,13.02,28247
"Q3TDK6","Rogdi","Protein rogdi homolog",110092.941304843,106404.168100157,111931.335329767,120789.370771206,116914.176630616,113776.833304135,117025.075742276,92266.3327882139,88293.2006596861,95379.1333670107,108284.122454311,87473.7056439798,75369.1253406468,85527.2801655862,102349.640930478,108415.437735402,0.0436840271864044,6.97,6553
"Q3THF9","Coq10b","Coenzyme Q-binding protein COQ10 homolog B, mitochondrial",261152.912990317,219617.54177428,221340.189863077,271671.492950432,264297.931787427,385594.093483911,261939.85332518,376396.719630279,396260.704687482,517295.463113219,309777.216845478,274869.763858608,220125.21694443,306435.114677959,230110.913883952,250184.780387214,0.0274583284381719,13.98,66141
"Q3THK7","Gmps","GMP synthase [glutamine-hydrolyzing]",3614502.15521488,3413360.03240366,3506570.66806422,3503070.78199529,3594695.00593531,3657702.5042301,3624392.65165659,3859271.00505768,3798016.09584181,3873636.70341568,3777587.26353114,3939957.28974933,3456245.78598586,3427028.18228366,3742387.76036829,3446934.20888394,0.0216262025533578,13.68,167644
"Q3TIV5","Zc3h15","Zinc finger CCCH domain-containing protein 15",186833.212212538,186027.603827553,168252.595132867,224751.453081819,192530.193300007,194911.280067163,196444.64751382,221820.872711484,237056.047886111,205986.516562695,291163.088844881,231947.204158562,213011.63328499,194402.473804307,219997.39224597,263860.971417575,0.0380528357368757,17.21,20683
"Q3TKT4","Smarca4","Transcription activator BRG1",138257.44395251,140611.71035306,153301.747285756,151241.584794349,147721.45883809,126449.928260021,168263.737176166,158044.631147533,155273.555228284,163985.475589556,153256.622570947,180945.69846986,122682.662075885,121738.563425492,149335.33949175,149308.132021514,0.0436840271864044,13.65,10285
"Q3U1J4","Ddb1","DNA damage-binding protein 1",5415669.30334204,4580509.35009264,5255314.89599876,5393536.26784873,5465755.26684322,5513490.0084073,6181887.68314785,6304848.01687856,5332316.71762287,5965950.74319029,6266679.74861529,6219820.8237494,4897592.42747882,4612546.478864,5440263.78986091,5526790.83759237,0.0436840271864044,13.06,483331
"Q3U2C5","Rnf149","E3 ubiquitin-protein ligase RNF149",219442.786775437,240399.36111324,240371.658167469,248635.82530334,282288.091138765,276476.570951916,255219.784670779,252016.74966514,240786.745764671,331838.862590839,238190.759091622,258024.111258175,194509.91178589,188668.336324999,268335.497807733,233364.87681026,0.0436840271864044,12.19,24106
"Q3U5F4","Yrdc","YrdC domain-containing protein, mitochondrial",87605.4373799136,61685.4535603837,60722.3877542612,76749.3742316325,87228.8508841887,92793.8143934672,117592.350469795,91960.7965387208,93805.8014217783,108342.343993428,102241.64107505,121788.562025128,71778.4424414898,74282.4705595708,90835.3043216361,94370.0642957899,0.0216262025533578,14.25,16430
"Q3UDK1","Trafd1","TRAF-type zinc finger domain-containing protein 1",51294.5709484922,47523.500103913,49040.8608549418,54606.9232788344,51986.8410101111,47514.6320542123,47364.9052960097,46400.2665032492,38119.496420159,38290.6673905407,39598.4721028624,49662.4675867352,35450.0258845578,38689.5048857291,37082.1540071917,34651.3283815455,0.0159635076083501,6.47,4503
"Q3UGC7","Eif3j1","Eukaryotic translation initiation factor 3 subunit J-A;Eukaryotic translation initiation factor 3 subunit J-B",1978287.20178396,1816608.41138015,1753535.9012146,1807885.39220658,2013324.51429537,1950409.69963901,1904177.27972281,1809295.06514418,1988336.01586922,2135855.04697871,2015663.01636833,1985541.60202674,1817312.98516278,1922211.75414404,1989993.2138462,1841263.75162954,0.0341716271686448,15.21,85181
"Q3UGS4","Fam195b","Protein FAM195B",143072.970676344,130114.329874167,149176.713573044,122649.972413116,160928.246546779,153314.987502583,156460.90474305,159045.506865506,123807.2574628,133273.63909335,150040.114059506,207848.55445713,113284.504314456,128448.8813198,129996.891427593,129503.063403931,0.0247840195162149,11.79,16085
"Q3URF8","Kctd21","BTB/POZ domain-containing protein KCTD21",34235.0610099477,46764.1088264276,33606.5066125078,34188.6437659998,22560.0690222764,36792.0411714878,32912.302492661,37382.1855782265,20746.6300765685,28259.26790596,32048.129590843,28047.9449872589,37286.803771106,44471.0556255518,40263.3054952911,32610.5291759706,0.0436840271864044,2,5247
"Q3UYI5","Rgl3","Ral guanine nucleotide dissociation stimulator-like 3",63540.2096596856,58567.7479969617,57601.4972131821,41321.2938950849,63312.7425083419,59910.9295456441,65679.521972624,66256.7709418187,59518.8700084132,53643.4511410647,60486.0456605012,70293.8168143706,57202.446480903,49863.3569347684,56401.7794190123,47842.9431330933,0.0341716271686448,11.98,5463
"Q4PZA2","Ece1","Endothelin-converting enzyme 1",2452390.9701697,2218265.95266136,1838622.7039434,2095759.48153951,2625240.20103543,2600940.12074793,2136060.181823,2543435.1382365,2675510.20400056,2682710.7779114,2326369.94782023,2886213.59418364,2277929.74735153,2310250.06095405,1982890.92537609,2227357.83045807,0.0247840195162149,13.94,249412
"Q4VAA7","Snx33","Sorting nexin-33",102576.054063736,100769.17901354,120900.889598794,97889.171023757,112061.400658462,108559.671932706,128048.850450766,143004.934540027,100014.896996331,113157.106255517,110260.982058737,90766.5606622133,89486.0781156492,97112.7397045721,70022.8690421716,98732.2526259368,0.0247840195162149,9.99,13930
"Q5SX79","Shroom1","Protein Shroom1",66014.6751691856,47004.7360075065,76235.965001034,80299.825738198,89224.3318361739,67144.2376357924,86448.3655859946,90582.4789288008,80264.8480708883,93662.0598787671,81819.5281530545,89470.2500459681,58721.9929489927,75467.5530061548,63133.5859718117,75948.3548513561,0.0341716271686448,13.46,10736
"Q5U5Q9","Uimc1","BRCA1-A complex subunit RAP80",68852.2591304186,78593.2022645156,79060.4029673658,77713.2558452209,64446.5585857768,80765.4661692568,79300.2998711211,84642.9045821523,66715.5657031354,67913.3062920131,65251.4494841817,69846.4408368474,68104.5531108851,66175.7532371865,73915.548787901,71499.2697138478,0.0380528357368757,6.4,4167
"Q5XJE5","Leo1","RNA polymerase-associated protein LEO1",260302.831034884,248484.654109026,217448.954847241,215300.270688279,170204.175974447,200151.596812239,209833.228401699,192771.724913754,237643.769856504,220499.460646639,252576.905628877,208996.068415089,223407.101081879,250879.483066607,271209.84918701,271726.896693861,0.0231653424442385,22.52,27478
"Q61083","Map3k2","Mitogen-activated protein kinase kinase kinase 2",27841.1990314876,25940.2802491514,29594.6962028657,26155.5888291541,25674.2759734549,28249.6004467253,31152.1407815561,31566.4095823089,28232.4667504245,29693.7571097241,29235.3216452767,30361.1551966622,23967.1665709637,23099.3593361805,20043.4029317198,23183.7584763793,0.0231653424442385,11.2,2874
"Q61187","Tsg101","Tumor susceptibility gene 101 protein",742739.903011835,689348.005747522,642797.573091608,679410.708175264,714024.500889167,708246.399066208,758198.759445544,697027.31527629,767653.357002367,674036.783077925,713501.76809149,706652.773337171,657425.09990865,660972.707830541,670903.432774004,633011.276344162,0.0341716271686448,11.84,30210
"Q61584","Fxr1","Fragile X mental retardation syndrome-related protein 1",529789.971504187,562033.316839651,545137.360654906,526902.043513229,481284.380635202,564174.991035445,589636.099055244,561921.293088034,647151.744310708,577976.986035515,582467.593124385,641598.176715364,594441.497966819,591788.444731136,558463.654331744,608428.715316068,0.0313165056348466,17.75,30626
"Q61655","Ddx19a","ATP-dependent RNA helicase DDX19A",940118.016728589,870421.899680337,836355.866678157,847142.667200611,913385.681199394,970643.989359807,976380.922214568,963191.89191654,863188.053235602,1008738.16795457,980846.043241938,1064824.66897444,891462.4952537,859825.004470412,863948.966982172,952648.440314507,0.0274583284381719,13.7,54599
"Q61823","Pdcd4","Programmed cell death protein 4",1506984.7369154,1473874.08244894,1610652.53726515,1575855.57379089,1063518.59733149,1451048.06322103,1161808.58836199,1401405.33854823,787384.568518971,1655055.5413456,915226.552560213,784455.27085141,1099107.48648975,1144943.85234387,1243492.94773828,1156553.3513849,0.0313165056348466,4.3,182670
"Q61881","Mcm7","DNA replication licensing factor MCM7",14298.9478841031,16045.5040807348,13973.315398712,16767.5580614574,11642.882220142,13581.6984247159,11435.4698830134,12159.8194791925,12775.1474218973,11382.9338548098,13519.2796811975,11924.2765436935,13309.5178479636,13416.9510092746,13564.8213067787,12137.177548596,0.0313165056348466,2.15,1265
"Q62230","Siglec1","Sialoadhesin",164133.143638883,151014.332255572,151546.814687236,162289.797614159,150550.493256233,150233.54845701,136421.327550801,85005.9391510427,146081.608882283,142892.638959267,74640.537531305,123867.083809485,135230.326830512,137467.544287477,139739.056856967,145590.68852074,0.0380528357368757,2.47,15056
"Q62264","Thrsp","Thyroid hormone-inducible hepatic protein",134887.566382416,145107.868929323,114784.079216516,138270.328901607,137192.325526998,147698.49164924,114743.478529195,172939.546129006,191288.779679498,136431.549064311,282585.575068444,283975.500604053,202744.997210761,169157.153533378,185683.768292472,226285.945971365,0.0341716271686448,18.05,38207
"Q62351","Tfrc","Transferrin receptor protein 1",914693.460829444,996846.830634494,607581.373677859,784095.811751134,1047732.22262056,1007157.92344583,663126.322562474,785521.178454953,1438273.18712264,1676877.4696386,1015345.63053143,951675.463555378,1055020.29993204,1119445.51503404,930565.227912936,940011.187378478,0.0380528357368757,17.17,210915
"Q64446","Atp7b","Copper-transporting ATPase 2",359012.950627278,283816.679253403,314934.195739246,282189.468846727,398008.314215292,424769.299442794,377798.592722623,333796.269133891,379352.730890216,406249.815273006,320591.100844985,334237.925415182,339896.640661971,360695.105927529,333379.628801055,316046.943288745,0.0380528357368757,12.89,30775
"Q64487","Ptprd","Receptor-type tyrosine-protein phosphatase delta",1362919.12824936,1163354.7737654,1296959.18269592,1470926.67275471,1227422.75174971,1281024.26258482,1089807.69115693,1521800.43861492,1403784.4712644,1535262.35712059,1505838.87219635,1609970.71786864,1337318.43445807,1337305.51096675,1369737.00788368,1468262.54811155,0.0436840271864044,17.98,104865
"Q64737","Gart","Trifunctional purine biosynthetic protein adenosine-3;Phosphoribosylamine--glycine ligase;Phosphoribosylformylglycinamidine cyclo-ligase;Phosphoribosylglycinamide formyltransferase",4116852.52876243,3898623.2803684,3531825.38185742,3753994.72883249,4034844.08177392,4097978.75042414,4032745.83151836,4082842.37734704,4176920.57093485,4086377.24458627,4224660.16665353,4122428.24326915,4078496.78962469,3539195.35279879,3721457.94624206,3863573.3881857,0.0247840195162149,13.4,186949
"Q69ZR2","Hectd1","E3 ubiquitin-protein ligase HECTD1",2172276.38868962,1880539.63675637,2125818.49310876,2112735.87806608,2147449.8497553,2172161.18848003,2364502.1637314,2267332.36707609,2212552.52507827,2277598.86273669,2452869.66997036,2563693.90014254,1986949.22264914,1970986.35661541,2156820.14002883,2261597.61568189,0.0274583284381719,14.16,150370
"Q6P8M1","Tatdn1","Putative deoxyribonuclease TATDN1",951597.708921238,986695.070834382,934621.480513265,902382.381428945,987434.711433455,1014487.63660386,1012143.95716798,1025489.11151057,977818.45912059,846281.978791471,988618.623700164,1077445.3229084,959789.568689893,918406.733542581,955154.04629261,961470.019285069,0.0436840271864044,11.35,30340
"Q6P9R2","Oxsr1","Serine/threonine-protein kinase OSR1",1630176.90695456,1666371.3569751,1576329.42107042,1549240.839375,1537091.35318254,1545279.16033017,1615606.25208835,1536086.70784814,1547363.47148558,1691759.64939887,1619892.9426797,1480552.01044465,1433487.5111216,1375056.59451092,1532463.21696511,1448581.47748076,0.0436840271864044,9.52,41009
"Q6PAV2","Herc4","Probable E3 ubiquitin-protein ligase HERC4",2108836.56507371,1941917.14039947,1822320.39782422,1935736.79499665,2164638.15601997,2227295.55434757,2226911.87862473,2114665.50411302,1949502.22496607,1929926.49689042,1967519.47258121,1973457.35633324,1802758.22283014,1936052.0783397,2029716.66418702,1866934.75804082,0.0313165056348466,10.21,123333
"Q6PB51","Ccdc117","Coiled-coil domain-containing protein 117",2272.22924435334,2010.826292193,2802.86961753126,1847.89786332358,1411.26005197469,1947.9617068887,1530.12186129741,1428.67662297803,2935.54746867828,2607.23044900825,3196.08608851101,3213.49010282824,1954.12384096868,3108.72713103867,4045.16752509709,2356.46422042446,0.0200042851164173,19.8,652
"Q6PD31","Trak1","Trafficking kinesin-binding protein 1",48459.6669004331,49424.9809005838,48274.4034647177,44501.180272317,58421.4345982245,71025.5017914715,54621.3775971403,55913.2690865848,73849.2435949167,62058.1617444906,74396.4605808029,52652.8518102249,55130.205909786,62737.0199747202,53258.3739013949,66351.5511904818,0.0341716271686448,15.44,7269
"Q6PGB6","Naa50","N-alpha-acetyltransferase 50",1185669.05833896,984345.227328839,1196680.50817237,1309832.35005194,1242965.65616235,1122539.39634105,1379606.86812085,1419343.8814753,1292985.45009307,1421316.870911,1408866.36889089,1428754.51084071,1119745.62982594,985103.885590493,1268475.11436852,1250660.577681,0.0436840271864044,13.85,115393
"Q6R0H7","Gnas","Guanine nucleotide-binding protein G(s) subunit alpha isoforms XLas;Guanine nucleotide-binding protein G(s) subunit alpha isoforms short",2095463.71786192,1767441.6184749,2169238.24371212,2214415.82975671,2037381.27815436,2025435.61881593,2045355.10718105,2034337.77363635,1853393.01838563,1882012.7881075,2009259.31379434,2027374.63979831,1816928.83829373,1779028.60111819,2028289.91397483,1975536.18244359,0.0436840271864044,7.5,53879
"Q6ZPU9","Kbp","KIF1-binding protein",51627.5189838993,54768.1911679907,61490.2906669629,55269.7629820451,58706.8204572806,58826.5627493786,56426.6833973443,54096.9008358559,46997.7528471028,48639.6595894421,51741.9115570078,46403.7394923639,50437.643644817,46018.0879774674,32263.9214542952,38811.9162322873,0.0159635076083501,8.54,5244
"Q6ZQL4","Wdr43","WD repeat-containing protein 43",88433.8288308213,98757.9141100725,93317.4496669089,119833.867123237,88688.4410679417,149611.322239209,122189.779582709,136071.962275858,94117.2793874858,127548.33254433,137596.41359027,147351.421356541,151363.590286202,131396.041811553,160480.01905829,132353.908951882,0.0436840271864044,18.21,11864
"Q6ZWR6","Syne1","Nesprin-1",362588.442200027,401116.45886061,370725.319404593,358565.486197569,388814.710255273,380306.540358511,338539.327905831,327121.079753642,344864.214244254,345119.334304994,288691.210506053,308471.333915648,308487.227917304,302396.460786112,313517.979176077,299475.193280174,0.0274583284381719,6.99,21799
"Q7TQI3","Otub1","Ubiquitin thioesterase OTUB1",2833312.80807034,2937558.92406251,3252011.41562213,3110027.60815954,3149535.20075305,3135608.27376745,3184554.09895785,3349678.8976441,3293252.11038187,3587921.44090132,3250086.94249648,3386219.15625195,3077158.97382105,2950161.77466383,3296185.58165186,3149438.06602565,0.0313165056348466,14.82,157036
"Q80U30","Clec16a","Protein CLEC16A",107442.059053282,101658.583578964,77802.3288964183,83167.2601583786,101788.812144387,93282.4270277468,108522.493177039,122029.507974806,86216.6571308847,117266.226407804,105785.865303365,107402.249104004,100703.964506134,84610.9951343846,56174.605529723,77368.7433308811,0.0436840271864044,11.74,12898
"Q80U87","Usp8","Ubiquitin carboxyl-terminal hydrolase 8",179989.677070847,188371.682696027,162764.273316851,194123.604360616,196985.173658211,204370.052387705,198648.412427114,199230.0094117,152129.20883432,189092.254992433,184504.678634823,210859.988456512,143488.812241806,151855.469660977,190541.328953549,178420.133280518,0.0380528357368757,10.39,14200
"Q80VD1","Fam98b","Protein FAM98B",938464.380948724,901667.693564352,934969.617648503,889391.628646963,946766.871434074,940831.628852612,1121946.83583286,1122924.73402931,985522.213660961,1013260.06189422,977618.344917518,996454.811042192,997208.47061629,906294.286237088,937718.47262865,930787.847779974,0.0341716271686448,12.56,53488
"Q80WG5","Lrrc8a","Volume-regulated anion channel subunit LRRC8A",93061.0864070858,102611.966568228,81850.3453902766,67582.3545274181,80068.4724613213,105935.017043048,79889.0084016811,95263.9703703101,115632.704158228,109300.260421685,110667.004745065,115754.93100429,75810.9136736967,104696.939436558,97698.4436785679,104973.47736189,0.0341716271686448,16.58,12570
"Q80X73","Pelo","Protein pelota homolog",714067.883554453,668744.243845784,694962.827988586,664146.390707133,710086.77058405,707030.391589594,758907.859106532,712490.718979686,771546.465731168,704278.628540279,717135.684124026,687641.836450604,691389.630584448,666142.637984736,568080.068483517,619684.193502038,0.0313165056348466,11.76,40075
"Q80YR5","Safb2","Scaffold attachment factor B2",221161.534808635,232554.675026412,268836.987873489,222994.663596487,259323.846216234,266964.030536897,323579.429383378,258997.489369153,250913.460868524,274986.270639628,252901.445376055,272141.433933072,240920.47389691,263973.104382213,250472.176262936,244281.962411718,0.0380528357368757,12.75,17188
"Q80YT7","Pde4dip","Myomegalin",244337.681420442,203939.111745454,218371.186861501,203071.647421384,179412.985356187,219367.956204573,221126.538673552,186074.739472233,282180.71291401,247392.726539288,258193.599620164,221068.550650294,228168.320794759,287135.029770946,256399.477346769,224212.65006866,0.0341716271686448,19.77,22673
"Q80ZS3","Mrps26","28S ribosomal protein S26, mitochondrial",573182.28897429,499152.017688848,529183.845438435,571166.617404311,617738.09149958,576685.710878944,705699.892141185,648958.852376403,542365.081996491,609702.006635099,642071.19958133,613304.559441736,631211.088003057,534008.512173088,551644.571057908,603645.973195367,0.0341716271686448,12.7,37336
"Q811J3","Ireb2","Iron-responsive element-binding protein 2",109776.767120371,89811.5363657386,85040.1348164555,113476.71632649,125254.663942738,132448.533975876,119144.581169644,131516.253201627,146441.263981914,136168.109366735,146523.209172598,105661.066719476,95098.8158042633,90578.1716580511,85970.6748222081,94321.598079872,0.0216262025533578,11.04,22544
"Q8BFP9","Pdk1","[Pyruvate dehydrogenase (acetyl-transferring)] kinase isozyme 1, mitochondrial",1145770.57388761,1014949.96669443,1069889.11150289,1083795.18070479,845856.275369398,962099.403621705,900350.493002169,1108735.59325601,931831.712168331,916506.540214615,995677.585962858,1011330.19201937,990127.037861116,991430.724433454,1037828.9219304,1036612.39924071,0.0380528357368757,1.51,56612
"Q8BFR6","Zfand1","AN1-type zinc finger protein 1",120342.370259992,108748.503385251,118970.792973032,122603.522832388,150301.477693136,147359.166811318,141129.309616014,136697.574952403,140572.160708292,169912.716079528,124746.752762276,130348.401061266,122734.807180891,153363.158036226,102326.92477224,111091.610658224,0.0380528357368757,12.88,14373
"Q8BGD9","Eif4b","Eukaryotic translation initiation factor 4B",281448.054795959,242913.17233675,323553.325115411,299850.961121906,335171.122179589,301353.164925863,421730.251382403,331025.850366787,334344.134125673,354425.976455872,324249.637761771,403785.471614861,291576.338567638,261977.069610749,269872.21091482,316931.230371746,0.0274583284381719,13.17,40755
"Q8BGW1","Fto","Alpha-ketoglutarate-dependent dioxygenase FTO",357603.290866367,337063.150609442,274037.271152247,320477.163418135,393678.415980734,442507.053596356,475794.437210299,441634.8040795,419806.699885057,384513.99298848,407434.942560128,474093.271655304,417269.71479609,376733.914753154,465135.188555819,392533.006879979,0.0247840195162149,14.59,41189
"Q8BH00","Aldh8a1","Aldehyde dehydrogenase family 8 member A1",31780575.4183455,35521807.4938645,29144974.8424325,31817835.4367931,31163704.5653032,28877752.1216464,30738899.2477509,32205610.2375001,35414917.4429274,34086656.7914698,32760490.4466124,33032596.0384701,31519656.5212778,32309149.2045496,33141138.1945338,33554772.3364067,0.0436840271864044,19.17,1335394
"Q8BH24","Tm9sf4","Transmembrane 9 superfamily member 4",978372.628291019,983629.77862331,1023953.42277059,1021532.97539803,1060026.16494928,1133930.78831528,1167659.98160263,1092437.78407262,1153793.75600565,1137096.91137956,1246443.67303662,1078765.56709926,1084459.26363166,1054771.63210994,1033781.7566616,1143608.30057991,0.0200042851164173,13.44,66731
"Q8BH35","C8b","Complement component C8 beta chain",1305343.71989945,1371753.9360912,1231216.80507968,1342620.02351864,1658058.84221078,1768962.67535932,1615149.399844,1377410.92733968,1599743.99060258,1186879.02826623,1412275.85016023,1621502.13879457,1574438.26340357,1376298.76809433,1583730.8853317,1488365.13788504,0.0341716271686448,12.71,75217
"Q8BHC4","Dcakd","Dephospho-CoA kinase domain-containing protein",407599.219791316,370338.141989744,350960.565817729,358636.343209913,304051.767366444,250648.627194677,280515.840418804,321211.501570835,345898.965832786,346919.126886881,389315.43729277,353476.497786223,294401.018206059,326721.062420862,356992.246377076,354574.407890606,0.0341716271686448,22.08,43684
"Q8BHN5","Rbm45","RNA-binding protein 45",14421.4437580987,8804.94162221206,16164.9466310607,17876.7751188449,20015.6482707229,18674.1576498984,19263.7573386664,18908.955232876,15821.7681558821,16726.6081494892,19694.224259867,16894.7740498723,18415.8234900574,14669.8393485069,15096.8432571233,11416.6833579167,0.0313165056348466,12.37,2327
"Q8BKS9","Kiaa0020","Pumilio domain-containing protein KIAA0020",461886.94321762,539545.154549044,426890.071117648,376789.863940689,499880.567176353,417517.11559179,380486.399330653,354928.008164337,587815.32124499,543347.796920297,549504.939935936,527099.690425992,494304.814368616,421210.091839349,423859.23794603,488396.557329404,0.0341716271686448,17.94,75375
"Q8BNX1","Clec4g","C-type lectin domain family 4 member G",1129277.24672659,946025.28667112,867464.523495703,1035632.25814027,974755.095508385,870341.036426723,959658.279479579,911516.493017655,829876.264402058,683892.110939789,909815.346870116,863583.870634873,793753.606596712,845370.60048525,859311.802724108,961161.845858058,0.0436840271864044,5.06,59717
"Q8BSZ2","Ap3s2","AP-3 complex subunit sigma-2",83371.9526250046,77042.8922316322,67068.1830213019,71276.9466035845,80564.7279568626,99980.3799424783,110887.445834651,100817.510075011,92434.1706617623,84602.6013834886,89015.7959313393,98722.9407432163,74648.2900874129,67806.7291652514,82434.5307967784,77430.7575165982,0.0216262025533578,12.44,12388
"Q8BU04","Ubr7","Putative E3 ubiquitin-protein ligase UBR7",61743.2109871061,54732.1699722146,40919.7958698558,51390.4631622437,67785.0371508631,64791.9121368756,54386.5879601128,63727.8891742216,63549.3341092148,58950.191741472,51264.457616856,49383.3132887359,46789.6008589161,49332.7865015234,52208.5106574426,42114.3148654969,0.0341716271686448,11.08,6721
"Q8BVF2","Pdcl3","Phosducin-like protein 3",239993.601820778,203932.890135688,224596.334878084,219008.921440989,263737.120155606,233025.261395356,251306.863634758,247739.620500685,237811.515206645,258031.210549322,236089.31242186,235385.932199572,224792.029023868,212575.012478143,246668.571455085,221366.339002406,0.0436840271864044,12.61,13599
"Q8BVG4","Dpp9","Dipeptidyl peptidase 9",935178.977872719,725323.030911597,804555.872650875,839911.927279878,958255.680389388,898895.262900388,905113.432531499,988358.859904895,875239.100724412,1039551.79408177,889058.710842732,958657.310915706,878174.352834321,729375.444561189,864204.673547721,824930.46591974,0.0380528357368757,12.96,71520
"Q8BVI5","Stx16","Syntaxin-16",177705.710019309,184353.409723792,178919.642145143,172881.1894714,188569.368617162,181697.923976585,176227.501763936,182958.741570933,198135.956342624,184688.792463607,262453.793136977,214376.283302372,182056.361452979,185903.158037846,198912.369873419,249903.587836752,0.0274583284381719,17.79,15633
"Q8BW70","Usp38","Ubiquitin carboxyl-terminal hydrolase 38",218539.67457765,244481.286940443,192683.434913484,208294.776624364,227643.93160031,232365.056021862,265545.978297678,276297.212205801,211127.777122773,238672.207379775,243891.442851733,272263.567957835,210188.601014475,225550.603026768,134279.113167607,174429.513322547,0.0380528357368757,11.61,30466
"Q8BWY3","Etf1","Eukaryotic peptide chain release factor subunit 1",3090176.87825657,2557448.05096837,2898130.80411751,2983535.91349265,3011720.30807364,2978841.82379783,3046301.21515393,3009921.92702648,3129109.44176767,3461976.75886201,3110526.41431774,3203756.17417896,2991450.43296853,2669727.2680052,3437845.9606654,3092266.45359828,0.0380528357368757,15.93,141867
"Q8BX70","Vps13c","Vacuolar protein sorting-associated protein 13C",3349892.5341061,3186902.06948726,2943758.66599143,3021051.87569564,3636851.97899519,3509873.10211413,3943487.24106979,3519764.78162583,3656987.64679494,3403528.10141261,3507859.26168452,3639025.40053434,3321231.66990558,2973839.23184947,3223561.35965627,3218768.19582709,0.0200042851164173,12.75,284743
"Q8BXA1","Golim4","Golgi integral membrane protein 4",221671.236570767,200583.172133074,202404.666556115,270853.298458749,220037.723424124,228926.762054819,246302.990076808,258023.648228535,230498.469264774,278810.892307577,257985.316279476,284669.811584006,185665.958643326,178244.23963536,183024.625149214,232180.383117856,0.0274583284381719,12.98,26047
"Q8BY87","Usp47","Ubiquitin carboxyl-terminal hydrolase 47",2644227.69259359,2374652.10390383,2465548.81016809,2429333.8999607,2500632.85344875,2507982.59879688,2530770.2065835,2583169.53433061,2535064.93507886,2580055.10441202,2573461.98245701,2670135.12409886,2367951.00884968,2436809.77521107,2521380.64850858,2498234.65227553,0.0436840271864044,13.83,59933
"Q8BYI8","Kiaa1467","Uncharacterized protein KIAA1467",13997.1689913471,19049.8816951713,11948.487439567,15711.099209428,19598.5385909676,19039.6412614643,19511.8801606461,17070.9883101811,22863.3219939153,19869.7676790826,19187.2496359375,20583.0336406234,23469.3721640275,24856.3879952639,20655.791676016,19889.3511789071,0.00759048104868416,17.83,2129
"Q8C0C0","Zhx2","Zinc fingers and homeoboxes protein 2",163815.240019984,167245.137876049,183578.076646256,158102.650553236,139661.313064772,155327.353398861,135325.463364425,125342.211952994,126064.641070848,129397.44065246,157089.713299513,155506.045348766,146151.066954253,148173.444231278,190331.941973051,167728.033359023,0.0380528357368757,0.97,15837
"Q8C0S1","Dis3l","DIS3-like exonuclease 1",78170.2152964896,73614.3657623315,102648.446547994,85560.8704595268,106667.797635733,115138.304170599,108052.920634637,117028.718047281,117974.654388073,81226.0974480589,80563.2720932007,103177.875492224,73465.6265408231,78285.8851692184,87046.6827305194,78055.0923291751,0.0274583284381719,11.03,15203
"Q8C4J7","Tbl3","Transducin beta-like protein 3",197814.707437791,152815.847041862,187032.544015663,180804.13102208,179286.474501564,199437.440855645,192395.437289759,199963.56787755,194108.508999239,222322.30311556,204783.880855408,208962.368881153,180578.532803108,189654.584783329,176879.656388551,168313.459365466,0.0247840195162149,14.18,14271
"Q8C6E0","Cfap36","Cilia- and flagella-associated protein 36",102907.75062282,114474.980875311,125865.823657005,104616.745714761,106474.178682536,101130.815660639,97347.3498206522,76119.3220177761,101724.903777275,85085.4705120432,95649.1344745418,97425.4533644587,88207.7566847527,88835.3396822494,88320.8254620197,82140.1439799819,0.0274583284381719,5.63,6777
"Q8C767","Ppp1r3b","Protein phosphatase 1 regulatory subunit 3B",272717.14614606,277819.369652201,258493.209612147,253567.805818494,313658.448646953,304189.17117619,304476.049541727,379782.885038633,385648.256092973,412838.696451161,446884.963455961,420433.511572579,288608.016093914,294823.11053578,343442.653308443,331155.559423711,0.00704351167247589,12.76,68438
"Q8CBR6","Tsku","Tsukushin",79483.8008480748,104675.182470772,76352.4286500289,133611.97557191,309493.176990533,237412.324291412,194802.09178548,304294.73627725,264436.851955796,289135.641565042,267749.692551583,206234.59391098,104368.744229209,134918.17744791,85083.110204368,89158.9201994699,0.0216262025533578,11.84,100861
"Q8CBY0","Gatc","Glutamyl-tRNA(Gln) amidotransferase subunit C, mitochondrial",114773.648974694,68509.9824010759,96135.7770123578,111413.572628649,125900.168708977,98808.7639139912,129622.603195709,110701.498839026,112669.472703657,118897.807019106,107801.755044984,121271.536294264,84969.8365028459,90874.0376468136,87409.074747784,92972.6483040494,0.0341716271686448,12.46,14290
"Q8CCN5","Bcas3","Breast carcinoma-amplified sequence 3 homolog",530672.285294833,506395.32629081,457934.257022929,547325.134880102,572932.311510706,632456.314807217,547478.599179201,533111.601941537,531174.380241593,535753.355686283,466723.193739958,538551.903960156,492457.042050439,526678.316610879,477706.415552939,425274.185417909,0.0274583284381719,10.49,39091
"Q8CD92","Ttc27","Tetratricopeptide repeat protein 27",192451.213582345,143414.670073903,156494.05883852,188948.80433783,209502.743089521,180713.894826506,183479.574722226,222701.487476616,197149.452248699,212779.401938346,219457.078926269,233646.310609466,180370.185558881,142141.568114969,165744.050753355,182861.000275395,0.0247840195162149,13.65,24428
"Q8CFB4","Gbp5","Guanylate-binding protein 5",78898.9122102049,79664.0370194987,85798.4796276787,111380.385168141,51840.5122065213,44442.6869226346,68986.9235754923,63985.6332601352,80355.4007608866,44948.6463177107,60732.4862416521,82892.9456658328,67242.4775726108,63951.4587748586,75453.6888749937,72567.9522990301,0.0436840271864044,1.01,10289
"Q8CFI0","Nedd4l","E3 ubiquitin-protein ligase NEDD4-like",475235.046737159,549730.787056867,547039.706017234,518180.840387689,568165.618355618,665537.356380517,554500.37212572,576691.250171827,632631.325278524,599462.117738313,562603.816232263,626368.675035314,567583.419156987,528760.315838188,558565.49562791,568546.82002358,0.0231653424442385,14.17,39322
"Q8CG14","C1sa","Complement C1s-A subcomponent;Complement C1s-A subcomponent heavy chain;Complement C1s-A subcomponent light chain",730317.785266931,773488.69499228,692924.755929391,823870.06777226,801587.848874317,732700.106254783,551451.454297547,592428.283559745,817860.976900709,653224.281591828,642869.055271301,628488.649052399,908907.863057898,851473.133737571,915957.865653824,715442.353107597,0.0436840271864044,23.76,82069
"Q8CGZ0","Cherp","Calcium homeostasis endoplasmic reticulum protein",851834.400314934,765497.433149904,842044.398553466,817769.572521801,850622.435634167,902883.904589122,925549.727561827,891950.212697144,858565.619839352,930896.469697825,775811.395531513,944667.518641029,762454.191952082,760168.092969343,750581.292013858,728937.539978307,0.0175321223791074,11.52,66536
"Q8CI11","Gnl3","Guanine nucleotide-binding protein-like 3",399390.038065087,340224.782806938,402542.357061077,373328.123125773,461874.29895541,437166.714420082,467289.221505706,449933.899649749,470302.860597658,559657.811868109,453724.134515579,584315.4520771,444162.444725737,334579.121138462,508942.615936745,447571.305474571,0.0231653424442385,15.01,59400
"Q8CIF4","Btd","Biotinidase",1583027.14866539,1572753.91229184,1658190.38041804,1899551.42141745,1378383.01896606,1385225.23422644,1428764.39477953,1512699.61375821,1401398.95669416,1215779.56286698,1534117.49731199,1395521.01259031,1425813.11200791,1459895.46918172,1798013.8372402,1572865.7098085,0.0313165056348466,2,139813
"Q8K0P3","Tldc1","TLD domain-containing protein 1",46384.7239946838,51382.4484703485,38489.0227238772,35787.8416992232,78473.4915329349,56991.7409636893,52850.3626737829,41277.7098870897,73096.4652798796,93475.8823363892,49893.8294851112,63980.2370812157,3452.82170984328,43537.3509082083,55934.8225986887,51547.9008590411,0.0436840271864044,12.53,15273
"Q8K268","Abcf3","ATP-binding cassette sub-family F member 3",1122089.36103348,1227410.86269143,1043705.3655362,1155284.85668449,1318796.85912619,1302817.23745021,1128686.23636392,1248834.42670967,1195363.58677264,1236857.26646091,1145142.02824716,1143041.05512445,1044444.08470461,1075254.42771942,1146599.21791977,1117765.55819092,0.0380528357368757,11.22,69715
"Q8K358","Pigu","Phosphatidylinositol glycan anchor biosynthesis class U protein",307997.061698506,269800.759995764,306206.562557964,293799.21291008,294807.416332653,308154.23634549,316553.110984665,319059.101253536,288946.919721761,268240.343846468,291290.703505555,301571.562191778,276403.098766664,284464.069857327,259459.988300424,299760.128466344,0.0313165056348466,9.36,12075
"Q8QZR1","Tat","Tyrosine aminotransferase",1634097.06073993,1466674.03681894,1540217.32932877,1893603.32214982,2963535.42203205,2193103.31183381,2812383.1973887,2733166.94645031,9346046.88719449,15060489.199981,6401226.36694426,5113406.71913886,2162301.85711245,2445020.86304589,1436199.53862634,2958852.69202377,0.00950753017183405,15.59,3947522
"Q8QZR5","Gpt","Alanine aminotransferase 1",9912884.27944387,8614883.14243853,8719731.5613795,9075139.41395142,9997847.42687819,10521730.1049059,10891434.449224,10155039.8046304,10074392.5589303,11722660.9074951,10101605.6363607,10248359.6927239,9272605.96321207,9695096.93155395,9340165.56499453,10440149.5974032,0.0274583284381719,13.93,713503
"Q8R050","Gspt1","Eukaryotic peptide chain release factor GTP-binding subunit ERF3A",3827532.80534454,3132937.42512017,3545688.68972435,4083123.05439099,4275180.26012495,3921799.74153642,4179217.71562617,4052498.15312557,3581966.41974571,3986044.70369493,3898115.28165139,4004971.424514,3681977.64258445,3318832.92579565,3682061.72404006,3823379.70530025,0.0380528357368757,11.7,234817
"Q8R151","Znfx1","NFX1-type zinc finger-containing protein 1",1376394.62301099,1089891.8031932,1233981.46960097,1371712.96302392,1351532.98633585,1228724.72478878,1304013.28006465,1408093.24591048,1280790.46976765,1525734.51670242,1306108.25711552,1416416.88381079,1140249.63294695,1168757.06377293,1199414.69951896,1139690.41535034,0.0436840271864044,12.69,88270
"Q8R1B4","Eif3c","Eukaryotic translation initiation factor 3 subunit C",1815827.11125558,1637299.7971462,1608572.7247729,1670861.12174883,1811616.94020292,1677444.01279293,1878611.52722127,1823943.10519153,1832944.20347511,2005185.92846553,1907673.30034489,1922454.2388313,1712637.80004572,1568265.59306133,1726119.81706471,1836583.26627574,0.0247840195162149,14.47,111991
"Q8R1S4","Mtss1","Metastasis suppressor protein 1",751059.66321179,823752.744144479,627043.43489917,768212.823629481,745745.296523394,747108.681398797,767952.492692644,788903.787434211,956091.148099632,1036247.39809409,1062747.03914347,880866.738530782,962399.602196577,856916.597624444,900873.993528917,1063202.03078758,0.0231653424442385,18.27,101722
"Q8R322","Gle1","Nucleoporin GLE1",248578.12335713,279947.04743239,243256.791285933,226979.061864429,253877.36093924,232873.944093901,235527.6917143,195334.27017097,246465.737251336,232924.61299925,180132.736692614,227455.883908654,221898.700399781,224419.715485622,175034.694471841,179451.50779062,0.0380528357368757,7.09,14299
"Q8R3C0","Mcmbp","Mini-chromosome maintenance complex-binding protein",365680.978837705,284709.051852662,276988.504940071,272583.280947418,339862.717094668,291564.404479364,330125.593951649,286542.308222622,300391.574870539,332607.874587387,268662.834858549,325704.385868795,213485.927346122,268268.88007504,243186.510034657,251389.21064627,0.0341716271686448,10.79,26334
"Q8R4X3","Rbm12","RNA-binding protein 12",180794.529295663,147490.831671527,73411.9308896888,148507.167959608,158282.234606567,98577.9536766748,191923.869564257,156652.892054964,147575.250889813,212515.056004078,200878.293431736,161141.041946569,127282.713100485,107072.93916224,113601.515514856,94243.3404706504,0.0380528357368757,13.49,30284
"Q8R570","Snap47","Synaptosomal-associated protein 47",1829771.16699379,1773071.45230994,1621687.77590123,1798327.45701512,1993371.83233416,1907524.2201677,2069439.06036361,1905350.48652284,1900603.09952366,1639563.07962663,2076731.40768201,1898129.14174158,1838341.13412753,1657146.49578518,1852008.80842718,1935811.12311303,0.0341716271686448,12.25,87580
"Q8R5F7","Ifih1","Interferon-induced helicase C domain-containing protein 1",434669.730654733,477768.149724021,489232.65974845,515592.565031473,507015.309107451,511803.480652015,524479.81313026,455522.976357816,543835.592967551,509033.490400566,508224.226248228,590809.548910998,426693.71628847,401829.764290073,482310.876744462,472137.580026883,0.0274583284381719,13.35,35634
"Q8VC19","Alas1","5-aminolevulinate synthase, nonspecific, mitochondrial",610153.38832477,583012.116636839,567894.19566483,636921.697858277,1146240.33352023,1240918.49339236,964789.223957714,968345.428262108,1185768.39921991,1016490.03999655,1005233.2231372,1237225.63911316,758231.134072211,754246.27638664,887595.847840924,708188.900779349,0.00704351167247589,13.86,264574
"Q8VC97","Upb1","Beta-ureidopropionase",3593335.86978805,2820269.75215065,3480001.66964005,3563306.84827643,3854719.25036924,3826677.57396134,3880266.00006083,4635058.72366061,2907833.62954032,3020969.06324677,3604512.43017762,3665871.24981134,3187860.57863476,3073243.49054469,3470301.48682409,3398685.51687762,0.0341716271686448,9.59,423332
"Q8VCM7","Fgg","Fibrinogen gamma chain",2883906.48390419,3783420.50720083,3277440.46174046,2676976.42854335,2352031.04404918,3010837.22406496,2755626.58042502,2472154.77137905,2541880.25889943,1998201.01276837,2287529.07707974,2676715.84465827,2891798.87872174,2554476.93833728,3206148.74102929,2898908.84285645,0.0341716271686448,2.59,354640
"Q8VCY6","Utp6","U3 small nucleolar RNA-associated protein 6 homolog",243169.619214315,218208.865531857,251770.48643075,247722.750396188,280994.5169174,276998.662602,303643.048156213,278658.512473069,279064.598703376,356049.659663435,262301.641086069,312460.788438944,267263.463510377,234055.902179011,237417.268353039,246093.754372757,0.0247840195162149,13.24,32235
"Q8VHI3","Pofut2","GDP-fucose protein O-fucosyltransferase 2",18435.6709407635,19534.6225169981,22324.5232172973,23965.9919985889,15127.8859733786,16547.7251374775,15298.1724876285,17037.8916869773,14322.5175762591,9546.31484341097,20241.5257241365,12399.0523026058,15699.0688679624,13620.1522415037,20107.0309039451,17113.2227621811,0.0380528357368757,3.3,2767
"Q8VI47","Abcc2","Canalicular multispecific organic anion transporter 1",5188823.95755226,5028469.72995647,4645884.49136884,4457212.01875954,5128090.50419646,5438376.36713099,5036869.35345994,4544655.31975881,5262398.96401723,5981691.98770767,5138518.54180055,5618525.01428886,5595624.96846103,5458335.39665972,5092048.02374463,4969437.14242865,0.0436840271864044,17,261788
"Q8VI75","Ipo4","Importin-4",533299.506893939,494877.103346036,481236.569232076,464068.741569178,466453.668322642,437853.15120896,514483.107020396,546410.071109873,540483.569084711,591794.019858846,593131.399868945,541610.309170978,435347.360870335,456346.591385015,468398.482704873,522401.460392104,0.0436840271864044,15.29,45225
"Q8VIM9","Irgq","Immunity-related GTPase family Q protein",226774.571021409,219034.086608844,238838.915025645,244713.802803779,251442.12995254,244281.421084684,260113.381037905,242129.169947325,229243.556863277,237506.084963845,226248.221489137,237420.415897484,198220.978931929,201545.458303295,208261.297718312,207090.828745948,0.0136620399936346,10.39,17837
"Q91V08","Clec2d","C-type lectin domain family 2 member D",298501.641711848,173231.525578148,182483.377929206,211831.74795069,308477.140486526,265525.168915546,231227.166336107,193190.019496468,253006.645596337,257506.720710632,277170.192928169,296921.644151937,306470.877800708,263004.002106595,348875.527772537,379292.2091698,0.0436840271864044,19.03,31528
"Q91VJ4","Stk38","Serine/threonine-protein kinase 38",381812.159361091,325535.59906419,338212.739839128,379644.845644489,374063.95669647,400156.542455528,394169.493137415,382284.812159984,403289.869534747,400287.416514555,387719.985173548,432524.391844135,367619.332653237,303492.438863324,314091.394468478,422086.715168806,0.0313165056348466,13.48,27112
"Q91VM3","Wdr45","WD repeat domain phosphoinositide-interacting protein 4",368207.794212655,409269.539894206,405045.948364481,369159.00439764,393551.464125334,403661.937585393,455123.332922513,470344.0384625,418037.070833909,386270.36042833,503994.406747347,478310.396098775,359324.719321906,367878.209549046,361124.753733255,359046.382172892,0.0200042851164173,12.77,40183
"Q91VN0","Lrp5","Low-density lipoprotein receptor-related protein 5",28076.3350043212,33598.0428766322,45085.8194166557,41045.1128902225,23981.7599770098,28826.383305573,26519.1969533952,23671.612538871,20918.501934731,18305.5039761485,19710.6213498019,29989.8557861426,23252.9880019624,28875.3626932243,19761.6601235962,30644.6555874709,0.0436840271864044,3.65,5517
"Q91VR7","Map1lc3a","Microtubule-associated proteins 1A/1B light chain 3A",77625.1784413526,137557.210050758,149879.874309811,146118.384198582,182925.631048784,175732.59580021,156872.223513338,198592.919945017,238731.642669762,127656.233569812,212944.237592597,187156.74528485,112554.729892293,153805.489177575,92740.4572740725,134928.531169979,0.0313165056348466,13.14,37396
"Q91W50","Csde1","Cold shock domain-containing protein E1",1962098.78670124,1932669.71183635,1947803.14429023,2184530.14649141,2323541.97437653,2095971.47817542,2460141.05300316,2688885.64508978,2263530.61025861,2256216.86376042,2747093.82125073,2826543.81593727,2259392.03882586,2069754.7140225,2298726.5097024,2348495.63941826,0.0313165056348466,14.59,228005
"Q91WG8","Gne","Bifunctional UDP-N-acetylglucosamine 2-epimerase/N-acetylmannosamine kinase;UDP-N-acetylglucosamine 2-epimerase (hydrolyzing);N-acetylmannosamine kinase",5412912.73073332,5270306.31954484,5215931.33966905,5392396.48869275,5831316.26842558,5296247.73735295,6041167.57554255,5705082.82075784,6232250.95190325,5546716.26705959,6807979.58686004,6571726.84665383,5760210.41133848,5791821.90903946,5995757.10686121,5949544.27958713,0.0247840195162149,16.29,385018
"Q91WJ8","Fubp1","Far upstream element-binding protein 1",500692.486579782,401815.574204867,557682.469454743,479506.159406793,531050.555570534,502254.713024159,595261.507490603,565354.401985954,461747.693064402,587759.193766335,528768.904286739,548883.500184623,442129.286352604,489790.383085661,444990.548235197,464920.595455006,0.0436840271864044,12.01,43929
"Q91WP0","Masp2","Mannan-binding lectin serine protease 2;Mannan-binding lectin serine protease 2 A chain;Mannan-binding lectin serine protease 2 B chain",217976.520267095,209541.345990519,192990.407362006,218662.169520774,237176.126598571,235926.479114638,216059.827275023,254887.592631663,205377.691636131,202471.108589059,231852.708913371,235642.237654672,178824.084279738,164651.698119688,226852.254816565,179585.49618574,0.0313165056348466,10.93,20501
"Q91X91","Qprt","Nicotinate-nucleotide pyrophosphorylase [carboxylating]",1947145.6131551,1873317.16976506,1837435.15451932,1932604.62954309,1956692.10193582,1979979.70293011,1908723.42716006,2015365.1872004,2008015.45051819,2119651.01301472,1988676.97006835,2021427.19117861,2115656.0505245,1781616.08159668,1967357.41342655,1967917.33646529,0.0380528357368757,15.34,57390
"Q91XE9","Creb3l3","Cyclic AMP-responsive element-binding protein 3-like protein 3;Processed cyclic AMP-responsive element-binding protein 3-like protein 3",139247.044901977,104225.116103989,126765.814827523,161739.568627488,89759.7442064032,110863.914926343,114411.344828023,89974.2703286149,91482.9863760789,72283.6871324623,97810.1652163583,86853.8398285101,115753.014840391,120159.576179598,127225.978715112,131541.257784759,0.0200042851164173,2.15,23075
"Q91Z53","Grhpr","Glyoxylate reductase/hydroxypyruvate reductase",12650944.4875942,9869829.25772895,13592956.1250022,12430306.6526161,13231065.3191423,13602401.9079586,14283491.842562,14092730.8927001,12456695.9672756,11044373.1268162,12302403.3211331,13614241.7780553,10167962.4462652,9780366.56792597,11727013.2975327,13033944.4888488,0.0436840271864044,10.57,1119995
"Q91ZP3","Lpin1","Phosphatidate phosphatase LPIN1",113441.62075466,215383.306919484,244974.093097231,165278.225162499,292728.156982516,240675.92237893,223077.245054366,211452.202447696,581869.271617583,780977.816989003,364050.377170709,462927.762241433,332086.922558768,379205.805786792,295050.719184158,283572.76248597,0.00704351167247589,16.89,165392
"Q91ZS8","Adarb1","Double-stranded RNA-specific editase 1",10106.4597663551,6865.60391030616,9582.2277259443,8481.8040458125,13481.7248392146,11853.938197964,9557.69397178886,10331.1402050465,10484.9103584642,11074.5580972652,7400.63308455091,11610.7955340444,6845.37744563333,8545.77754607833,8117.68395208187,7494.48890070528,0.0341716271686448,11.45,1676
"Q91ZX7","Lrp1","Prolow-density lipoprotein receptor-related protein 1;Low-density lipoprotein receptor-related protein 1 85 kDa subunit;Low-density lipoprotein receptor-related protein 1 515 kDa subunit;Low-density lipoprotein receptor-related protein 1 intracellular domain",9260552.321718,8665636.01649104,8077774.22694983,8238391.08467932,9338604.3171154,9267674.17455154,10743676.5935362,8914705.14342257,8889048.29408836,8652616.74428233,8766731.87014864,9327884.95228895,8898157.80641443,8126669.0546683,8299951.82874987,8684314.10638439,0.0341716271686448,11.26,501615
"Q920D3","Med28","Mediator of RNA polymerase II transcription subunit 28",114592.981280832,111068.454953972,127958.042106556,123973.798771871,122274.963550207,115081.283822817,130402.631800311,119416.472578405,104085.893014497,123150.637012849,107476.29595644,126829.050905651,90483.9017330747,96769.8127068472,113731.148228356,91260.8433658773,0.0436840271864044,9.6,8318
"Q921J2","Rheb","GTP-binding protein Rheb",561915.971005923,487524.476152405,627754.13605097,633710.091562219,695410.864945173,620176.38226413,740644.386641725,678608.097182404,608457.037623878,665859.57411026,618831.648502348,715458.287165734,551168.374927817,463176.108976082,568576.952185151,623032.482857563,0.0341716271686448,12.02,67219
"Q921M4","Golga2","Golgin subfamily A member 2",943936.358869901,798324.709783369,965991.237514193,932678.254189922,923640.183517836,970425.463186894,1082067.06232751,1040538.54905263,986953.743689037,940523.689344495,1057784.20889383,1112720.87179123,896122.949383583,789951.807888691,870014.925701728,962898.935484704,0.0341716271686448,12.89,75534
"Q922H1","Prmt3","Protein arginine N-methyltransferase 3",214551.036038668,202572.218799232,160582.949522868,137086.810251378,196167.850582086,225636.799787835,170371.717431999,187098.785650075,251047.482820882,239472.528700396,245220.41955874,266107.157831369,215434.864362409,190182.006798995,231897.087749197,225827.024235666,0.0175321223791074,16.81,30036
"Q99JZ7","Errfi1","ERBB receptor feedback inhibitor 1",55449.4241429394,47663.5545287951,78428.6381555909,82868.4865833585,77841.2452329873,69251.3934707869,101500.280537748,101898.937823027,89688.683871744,120862.644833126,121664.269907164,134357.804233811,69433.5230640163,69114.3996191955,104085.333422759,103173.658128746,0.0380528357368757,15.58,21981
"Q99KH8","Stk24","Serine/threonine-protein kinase 24;Serine/threonine-protein kinase 24 35 kDa subunit;Serine/threonine-protein kinase 24 12 kDa subunit",447942.844663075,378130.029368559,447838.813003476,384519.818453642,456312.291773209,448139.074115098,457201.862284203,383012.114627099,406552.045367846,477026.322751561,487448.920994158,453667.047738339,364616.270794495,384388.474433534,416611.074798479,386896.463309443,0.0380528357368757,12.97,28266
"Q99L47","St13","Hsc70-interacting protein",3651446.5062144,3356319.27454969,3773609.969822,3607513.01258974,3766116.08005278,3575960.95287837,4126583.0017232,3725002.60206157,3877113.06544977,3809934.12886337,4102081.45907152,3579997.91937361,3493247.97704837,3450664.21495561,3008915.45324988,3252273.36761649,0.0274583284381719,12.05,242795
"Q99N94","Mrpl9","39S ribosomal protein L9, mitochondrial",1031613.21796482,958670.688576516,1103355.600263,977229.369987755,1114793.48286195,1065880.77256775,1153948.27204514,1149699.85738343,1041184.51138905,1089763.1873486,1135882.9156031,1153737.80605603,1003266.7883917,967861.610373859,1028134.15924282,1058969.46207983,0.0341716271686448,12.3,61791
"Q99P72","Rtn4","Reticulon-4",412086.312327102,419173.781170358,470565.718380568,455865.340220538,396874.669714155,497055.03247103,522905.379786512,540040.509057385,476674.731349252,481119.340476809,426152.32246183,516830.873511891,415882.068750391,376715.272516082,439647.047986311,418527.684887941,0.0380528357368757,11.89,36943
"Q99P88","Nup155","Nuclear pore complex protein Nup155",1437230.93811499,1487226.63169127,1360924.48341048,1372783.41695354,1541096.75786471,1436008.94347774,1728788.75916528,1599614.06271529,1563071.11394463,1683636.50042628,1599059.15147118,1690973.27107419,1319869.17663749,1341876.0903216,1529851.38714638,1471441.55896727,0.0313165056348466,13.54,120795
"Q99PI5","Lpin2","Phosphatidate phosphatase LPIN2",97313.1415088542,103453.827922821,96797.1288461747,146663.978510883,138423.582168006,135775.65102252,119325.236839603,175730.510012163,178785.094591622,145378.986450041,191413.880258123,168340.805044237,110099.887592283,103124.249684898,150919.814865111,118285.858939442,0.0231653424442385,13.31,28887
"Q99PM9","Uck2","Uridine-cytidine kinase 2",137940.981600026,148814.213828838,127681.389923053,132595.292322019,138435.414750263,129852.302140696,139321.585064452,120819.086126432,166332.614730863,175416.893333695,156694.645231274,152136.733720456,149685.045057926,134151.92687421,136871.208734518,140192.231966093,0.0274583284381719,17.08,16570
"Q99PU8","Dhx30","Putative ATP-dependent RNA helicase DHX30",385483.294330229,431919.030398984,380090.716873017,389195.609072036,369661.907809879,376065.544265659,393283.296188523,390814.230236243,485218.762548791,466453.773765163,406845.28951137,439575.006682016,498651.708937221,482604.135221373,396555.888003483,407410.784279479,0.0313165056348466,19.38,30294
"Q9BCZ4","Vimp","Selenoprotein S",159135.114255833,170332.815986829,144187.353398611,148453.657713311,140912.336017629,198289.679496065,215931.065318603,190822.488103749,201211.406217027,205571.830901296,187811.659346589,194762.67487631,139555.590889325,165586.231332619,177681.923578521,174409.401568713,0.0380528357368757,14.1,20880
"Q9CQ20","Mid1ip1","Mid1-interacting protein 1",114954.70696781,144168.319094806,140080.991215862,148669.210432312,207575.935450272,150142.147496043,200784.08335932,241415.571967227,115949.819131079,125406.632247179,144670.640351462,175382.532459685,103123.060996887,121918.285484828,127224.066069943,119536.228837262,0.0247840195162149,9.97,38750
"Q9CQ36","Pole4","DNA polymerase epsilon subunit 4",59232.8972356755,53695.6637210717,54799.0171483314,56702.1130153683,69643.6317003544,64580.1580776427,58962.4752873454,70988.8320469556,96101.9592150014,103906.876494394,71943.744650027,79489.1477812221,74894.2270036408,73212.5752740773,66793.6080568159,72597.2012322816,0.00704351167247589,15.11,13011
"Q9CQ56","Use1","Vesicle transport protein USE1",274319.283625157,213193.853157731,217572.373627972,279645.620552747,329215.692184541,273482.92516934,352843.524500887,265803.352190849,286253.353212537,308338.169677275,328795.319345018,370468.21521018,254430.207312458,241532.266802465,217604.775310743,210412.501519661,0.0274583284381719,13.11,47539
"Q9CQC6","Bzw1","Basic leucine zipper and W2 domain-containing protein 1",1980113.38355958,1826683.43227441,1979019.75599187,1919420.05902212,2317664.69772284,2048506.98983993,2240901.5101159,2063766.0586244,2105541.50934427,2552496.9574254,2105308.68420779,2376139.77003838,2148977.74318983,1973381.04846741,1891977.67444437,1959269.52845192,0.0247840195162149,13.61,174474
"Q9CQC8","Spg21","Maspardin",87608.3806758352,84669.0496208506,93163.3979767275,85325.4391338285,76249.2211342513,62897.7951627186,75170.2997017,65105.0339400673,77115.6854674451,76039.3941159289,67188.8422107903,76793.0164329824,81235.2216734376,77821.0155291028,65543.3713116512,62355.3978429817,0.0313165056348466,2.7,5084
"Q9CQS5","Riok2","Serine/threonine-protein kinase RIO2",221487.029397545,276583.514026702,232532.36289693,198351.633363844,336525.140622667,312588.664791938,311438.079012605,281277.044294612,350411.408628273,328219.174419961,273753.0591935,307721.770887311,258128.431648461,278654.841237366,236042.219382949,230834.826570265,0.0231653424442385,12.99,44765
"Q9CQV6","Map1lc3b","Microtubule-associated proteins 1A/1B light chain 3B",247347.294890052,286332.472280892,324908.956464254,448634.143878067,439262.269099065,427378.109662157,461495.144278045,393930.852713782,499652.969399923,494742.690730054,527847.986393498,419676.863059915,386181.755677128,270564.175505372,235582.123714532,321279.170401863,0.0216262025533578,13.34,90468
"Q9CQX2","Cyb5b","Cytochrome b5 type B",1850135.99450665,2119538.23495242,1494401.6654609,1868077.35462896,1426161.00522427,1628987.56380081,1186440.58313488,1523556.47935786,1757188.40457505,1593992.49135721,1701169.70179386,1537295.35859616,1782864.48693766,2301874.69675952,1542140.2168095,1821749.0365075,0.0380528357368757,23.41,206733
"Q9CR00","Psmd9","26S proteasome non-ATPase regulatory subunit 9",933599.778249765,881715.514410083,1072854.66712417,1036907.91349191,880080.647997451,941701.032008491,1136919.50759752,1182339.90761026,913997.114557191,1146276.25348842,1074676.86212445,1278984.0621414,896375.727648742,867042.536027052,871881.600503489,901402.910491788,0.0380528357368757,12.86,86869
"Q9CRC8","Lrrc40","Leucine-rich repeat-containing protein 40",1314300.32547397,1165890.17703412,1011654.50400755,1071908.72021733,1450161.03534622,1436792.21186801,1186680.91182832,1214776.5639527,1279285.61827673,1286429.55787621,1163365.56585649,1164233.50481979,1119060.66212654,1126824.89242206,1086940.94031806,1159871.09964139,0.0436840271864044,11.62,95668
"Q9CXJ1","Ears2","Probable glutamate--tRNA ligase, mitochondrial",512466.228139807,523060.662744516,522763.018935676,531103.476115575,553955.36022581,568776.733888145,580843.361040186,531176.964297005,555589.757229139,578507.857678409,598287.955678828,573337.189524717,552312.316803314,543480.406170256,539641.874605666,550410.030000878,0.00950753017183405,14.87,23776
"Q9CY57","Chtop","Chromatin target of PRMT1 protein",197869.012371906,191424.560983085,187538.733599871,174244.789197016,188039.807586014,208166.551516988,168517.831695754,184942.626755158,242031.260708718,220838.589971701,216951.994431646,199967.298132176,229900.793348415,207561.972338491,212788.379711034,266086.184686624,0.0274583284381719,19.49,14651
"Q9CYW4","Hdhd3","Haloacid dehalogenase-like hydrolase domain-containing protein 3",1534573.97527566,1188678.63986459,1794178.9491896,1564829.16509054,1429890.68124701,1302852.50312383,1510787.23269327,1469865.49420604,1334917.09996282,1307846.31833603,1478857.18066645,1384966.05034477,1349621.64189071,1160425.93736235,839864.727738467,1191389.98692468,0.0380528357368757,8.64,112778
"Q9CZR3","Tomm40l","Mitochondrial import receptor subunit TOM40B",290116.140675241,256547.528308748,227050.853989513,260106.890080637,210689.828394724,179733.930034312,211988.351573899,238917.247261652,263752.726364695,278659.129965303,296048.977938809,280692.30241431,240725.21522656,279982.021374936,272755.14665806,254994.70467397,0.0247840195162149,20.39,38632
"Q9D061","Acbd6","Acyl-CoA-binding domain-containing protein 6",186138.068003527,192684.474541748,185199.647356009,203072.091223367,182914.653507998,187980.216079824,217761.009727902,230390.106490199,169504.558734605,181116.582712061,204688.5651356,181099.346661435,145394.995693401,179973.378193701,176677.828197281,162336.297131099,0.0231653424442385,9.51,14049
"Q9D0G0","Mrps30","28S ribosomal protein S30, mitochondrial",625572.544902169,600691.883784248,652318.047925998,675512.397075834,708603.334016354,673256.653058956,785566.957247467,722769.569205517,624052.834959649,746405.928933898,723883.983342997,813628.599979247,583965.983915302,636825.934041171,666782.698776797,595385.791265125,0.0313165056348466,12.72,60263
"Q9D0I8","Mrto4","mRNA turnover protein 4 homolog",483080.117555863,388779.174354871,459929.628867933,457773.19631173,472524.396044638,448998.964547376,504600.50318813,503568.938502227,496832.279569409,534169.45164467,530887.749560756,596064.839438952,489332.054174813,374950.243397522,503603.934003915,485381.295518256,0.0341716271686448,14.94,43635
"Q9D0P8","Ift27","Intraflagellar transport protein 27 homolog",126079.104252371,112876.385529147,119486.30889082,128679.095123872,136168.792059493,148777.831960681,144348.557487716,139462.592760909,123807.330939785,109191.357989978,121694.163928835,131116.987910418,92854.7937816526,119482.157589064,115109.051680806,114538.356540681,0.0231653424442385,9.93,13538
"Q9D665","Sdr42e1","Short-chain dehydrogenase/reductase family 42E member 1",887066.527932846,1441473.97865681,1284416.91379283,1358602.53453647,1521212.09709256,1325374.943198,1679800.6571999,1580851.308013,1016641.17036409,675217.101577945,1202262.71634098,1006011.42548242,975306.399576398,993064.422117873,1119411.15942639,1040178.37296346,0.0313165056348466,7.9,249812
"Q9D6L8","Ppil3","Peptidyl-prolyl cis-trans isomerase-like 3",516925.20354016,546002.100674858,509593.025892153,499837.590218463,542854.111596461,579062.267999654,577090.084360943,511826.84537264,479589.273977252,489851.164406734,479820.983149482,445363.525787428,510095.51019919,444467.036810315,592948.229718031,446959.95035085,0.0436840271864044,7.34,30193
"Q9D6T0","Nosip","Nitric oxide synthase-interacting protein",324113.967596878,275874.706359859,307299.80884243,281857.099899317,290563.180357614,336673.157393076,388697.450211701,344831.655273497,294876.825852611,389472.237864452,330084.706757876,388012.84917578,282390.70271673,246282.042796877,281996.160061354,306065.893750848,0.0380528357368757,12.78,36070
"Q9D6Z0","Alkbh7","Alpha-ketoglutarate-dependent dioxygenase alkB homolog 7, mitochondrial",67124.3110703164,73782.0588547768,57311.7689808589,56463.0586501597,72492.5168497171,59247.6995398063,63928.4664602259,52786.2460676127,39880.7982044825,49254.2592468004,52412.3804376191,48567.4826104108,64633.8962283884,55689.1738873969,41903.4272439913,45798.9063092309,0.0380528357368757,5.94,6801
"Q9D8U8","Snx5","Sorting nexin-5",4315077.95183489,4688290.73560271,4232745.41620949,4445264.56940142,4205524.64482435,4360925.43861769,4145178.86065479,4248757.09146137,4887294.27343152,4793845.31469295,4502657.07952756,4562630.08931924,4736712.57787299,4194840.65742755,4819956.12571013,4672167.42034688,0.0436840271864044,19.69,187586
"Q9DA08","Ccdc101","SAGA-associated factor 29 homolog",83460.5385841858,84856.7262897641,82964.2125598029,95136.3967915356,85996.8355601997,76193.3105059633,77661.8693613589,96214.7784305669,98196.1700105783,90880.9000350796,105532.68898102,100094.478606308,94842.0792148273,85702.0835026149,108649.32404486,97471.0791972047,0.0436840271864044,19.14,6509
"Q9DBM0","Abcg8","ATP-binding cassette sub-family G member 8",331192.752390082,336174.483089297,356835.024243912,271352.820655964,351288.430305702,388119.322952016,596502.910999095,370009.204954581,426664.530874149,594123.319707384,422031.733293436,408510.073772511,293841.052778359,314079.729769992,321789.806123759,366135.048995965,0.0216262025533578,13.58,76478
"Q9DBN5","Lonp2","Lon protease homolog 2, peroxisomal",3390584.75477002,3233459.90693841,2946073.1936136,3546428.45938349,3664977.4843512,4043936.48685601,3742936.58399354,4048374.96590237,3707169.31927187,3090119.51597885,3543343.05333621,3389666.08982128,2690032.01793008,2588031.56542685,2553553.62679421,2926435.54646309,0.00759048104868416,9.18,479058
"Q9DC04","Rgs3","Regulator of G-protein signaling 3",54495.6269906124,50784.3941160673,40404.27493681,45187.1925946205,43685.0319552441,57390.7103349994,42968.273503889,43287.0264682374,75210.0800402367,53580.1857081957,54828.6098294283,67392.4456138328,70574.8470959225,62386.2271504628,70605.8120470542,51357.0307659063,0.0436840271864044,19.23,6773
"Q9DC50","Crot","Peroxisomal carnitine O-octanoyltransferase",5384744.93278783,4887500.68132543,5093441.09046932,6800052.93408963,4735353.4968433,4940337.61792945,5571440.16905888,6592229.91246549,5002874.91240325,3875961.01292703,5319770.85059327,4756683.04158722,3955574.22262786,3947601.8277613,4379413.57841357,4590758.25885497,0.0380528357368757,7.91,444193
"Q9EPK6","Sil1","Nucleotide exchange factor SIL1",791357.78187608,825720.673879071,691053.633847851,823283.321769645,821837.09476361,902215.063009232,770734.553603062,881497.032117823,644128.342595167,662573.947762026,751291.927397751,708420.361274158,735069.310703459,695187.003588196,734039.568258927,762094.857396771,0.0247840195162149,6.94,61390
"Q9EPL8","Ipo7","Importin-7",2593746.61444488,2891482.15959075,2644487.96500301,2585001.42316683,2990683.2485823,3027747.39130961,2811804.41829409,2931278.20027902,3418125.29186238,2901700.7779968,3285704.14740241,3180780.24602607,3124529.7381268,2442357.53579754,3130828.727624,3078398.22057213,0.0247840195162149,15.56,211302
"Q9ESX5","Dkc1","H/ACA ribonucleoprotein complex subunit 4",579510.675683257,576271.268222462,574615.624666387,659224.306482979,520445.439206052,505930.736669777,711291.752265602,746555.315914441,748272.134054489,777171.90291244,811835.881188143,885432.506482105,630836.616875338,570965.225472861,674228.688667067,720767.525905176,0.0436840271864044,16.6,108615
"Q9JHS4","Clpx","ATP-dependent Clp protease ATP-binding subunit clpX-like, mitochondrial",5989050.43304943,4783454.80280273,6275956.82735414,6157019.29706877,4710926.55083179,4563927.95555628,5174615.29580143,5116846.53204521,3867183.10934483,4622183.42320173,4354105.50113856,4201931.1335548,4345043.52036236,4755312.13126193,4521183.64556806,5266040.84766758,0.0216262025533578,3.48,571902
"Q9JIK5","Ddx21","Nucleolar RNA helicase 2",1829293.76726429,1434695.49245336,1485459.82459623,1624052.21913732,1977132.84929516,1771862.07046988,1634427.48351089,1744372.3842845,1779481.15026765,2116179.02427154,2019073.039146,2123369.1263618,1852937.84419442,1393702.96740776,1963908.29638266,1981474.66174496,0.0341716271686448,15.7,171104
"Q9JJ80","Rpf2","Ribosome production factor 2 homolog",54936.625107217,49790.5002262827,36697.2817706465,55289.7931295281,56590.4817807302,62667.3442902583,36526.5023987266,47465.4687922196,58294.1312265539,67026.8037361102,57984.8089884934,72161.5431646192,59070.7773966637,57680.8778017811,59030.3724485475,64837.9167818794,0.0341716271686448,18.12,6202
"Q9JJH1","Rnase4","Ribonuclease 4",609920.305940026,489081.645284546,539677.759518975,696987.225310219,647220.80355779,673491.291007387,897443.880773356,874839.762434951,604642.351612059,626669.969431843,677595.463124921,756154.425845198,576820.546729476,579594.024839804,430486.157658142,523935.905086801,0.0247840195162149,11.39,113462
"Q9JJK5","Herpud1","Homocysteine-responsive endoplasmic reticulum-resident ubiquitin-like domain member 1 protein",152839.761511906,147095.57465979,151684.648386152,212210.080415258,354869.908929457,380738.741469256,381081.617473196,392501.517955014,733009.035030244,698293.232307528,581837.997879987,535221.130857534,169374.832146324,191913.311866981,189486.487277303,184607.990035593,0.00704351167247589,12.09,240163
"Q9JJY4","Ddx20","Probable ATP-dependent RNA helicase DDX20",108581.805478822,94306.0193829199,110360.588480073,97363.6884519453,107371.504924599,109468.907981863,119119.460629716,113316.299556207,116240.121391246,108701.349394438,104576.774520565,127039.763582614,89827.6538328667,92107.8331906968,95662.939950294,103689.491802969,0.0313165056348466,12.42,9105
"Q9JKB1","Uchl3","Ubiquitin carboxyl-terminal hydrolase isozyme L3;Ubiquitin carboxyl-terminal hydrolase isozyme L4",1506981.07693671,1717254.26235221,1499320.41755923,1542612.28694476,1524982.77499886,1601453.33817455,1601994.8424778,1602829.3836272,1661712.0551965,1646208.05629108,1849630.35631425,1742531.06197445,1725117.66318777,1436628.71451082,1617663.94015984,1602944.37227781,0.0380528357368757,16.07,82733
"Q9JMD3","Stard10","PCTP-like protein",8615311.32020853,8941191.55050296,9094262.5765594,9030104.77247378,8993795.46312674,8732776.38986579,9239182.19580202,9167470.26643513,9321070.36036244,9863391.718303,9175059.07675887,10112082.1131801,8914288.87659893,8468655.18444785,8931301.26813126,8976668.8930241,0.0216262025533578,14.95,360350
"Q9QXK7","Cpsf3","Cleavage and polyadenylation specificity factor subunit 3",448976.458248896,396355.480159033,540409.927928056,497494.453198375,369077.957220763,462331.775978428,472751.31942123,462542.240262884,431396.214162528,449931.486270055,364730.548588335,398298.132273569,431946.705113805,357463.653144784,377163.534939492,353629.523421855,0.0436840271864044,7.12,27542
"Q9QXN3","Trip4","Activating signal cointegrator 1",487329.138117509,398769.775112899,391570.169597258,446258.285913436,518962.33708813,541238.515828817,436951.693454001,504792.739116232,462388.429998167,492013.5351744,406101.72748724,457013.127714286,426341.853492823,400195.052138632,449896.213796254,398938.433203126,0.0380528357368757,11.17,37786
"Q9QYC0","Add1","Alpha-adducin",446277.931445025,482091.864080764,452588.533023668,376751.999771691,379805.649961837,405084.140786417,376458.793740671,355498.382172999,377541.258440322,343569.267881137,354094.981283326,371582.43517113,488857.897042227,407488.429054319,364896.836257458,397659.967751589,0.0341716271686448,2.14,36965
"Q9QZ47","Tnnt3","Troponin T, fast skeletal muscle",50006.3340843518,8811.07346321194,30892.9797278832,42134.1780603428,122428.92783898,1557051.54044773,53175.4779753389,54019.1149644444,63469.2810572386,66660.5160876256,51062.4702144169,350807.455784566,505935.017681352,3183293.59992791,57115.5989247813,59232.5143633836,0.0436840271864044,17.46,188368
"Q9QZD9","Eif3i","Eukaryotic translation initiation factor 3 subunit I",2228526.67360023,2048550.65519055,2124529.99100409,2132448.24816027,2533630.85178004,2198606.02582581,2542929.39357521,2433221.06037539,2415980.80770837,2335442.50375958,2411048.69186123,2474764.72018018,2410677.21506957,1961823.15793813,2311443.71477422,2325565.22466924,0.0231653424442385,13.52,146625
"Q9R008","Mvk","Mevalonate kinase",1454834.58162429,1196255.95406049,1409574.27251573,1190895.22723135,1512323.13029741,1497748.90058353,1428485.26991289,1355131.70394616,1363659.80092794,1108300.90406396,1550237.21348219,1508993.52307563,1571919.84315489,1582471.3494938,1644193.13842517,1549628.31333909,0.0341716271686448,20.41,56038
"Q9R013","Ctsf","Cathepsin F",3827182.52673401,4506427.24559185,3891354.25036402,3614065.92256758,3584358.88104419,3920473.76051558,3641371.98361489,3667012.92175275,3551432.58134431,3148966.65494808,3246395.23481588,3625917.84512552,3332064.76942626,3512984.12009482,4318147.20412034,3248503.38033952,0.0436840271864044,4.66,206732
"Q9R061","Nubp2","Cytosolic Fe-S cluster assembly factor NUBP2",99426.0332119488,92739.0670280823,84135.9394669832,101451.536283561,110119.773577614,120559.452299182,80101.0751930591,168475.584663981,124970.077315823,111577.971673072,127929.458838831,139612.445171249,102466.545802219,88901.0134163549,114967.806646287,100064.886198416,0.0380528357368757,14.17,16073
"Q9R1E6","Enpp2","Ectonucleotide pyrophosphatase/phosphodiesterase family member 2",59469.0025914498,63558.6137542173,70825.353077381,97890.0287513291,91693.9887772975,59582.8413326978,90408.5386552898,79306.4687705377,102040.598390648,120676.961605801,101288.784783399,105754.360718601,89816.2607371488,69755.6185478405,99558.769201608,88807.5851240101,0.0313165056348466,12.29,15653
"Q9WTN3","Srebf1","Sterol regulatory element-binding protein 1;Processed sterol regulatory element-binding protein 1",71054.8099973444,63157.8846071207,71071.9500717969,82159.9749841208,132807.939406099,125518.94318723,108674.349184761,105117.933978609,84314.2177756193,83742.3067316728,101384.573385206,92019.0344723303,53022.9178914883,76282.5823158028,66208.8146373889,64015.0500751461,0.00704351167247589,11.37,25121
"Q9Z0E6","Gbp2","Interferon-induced guanylate-binding protein 2",1268139.63954912,1067427.5284043,1158498.11734185,1496788.79911409,900103.50983359,1081638.15303807,955085.533135624,886984.061490647,1022476.12305237,1490792.39925463,917023.286177843,1018599.44988067,1353319.84809553,1033074.80819987,1070516.18531617,1075606.05381459,0.0436840271864044,23.92,120474
"Q9Z0H1","Wdr46","WD repeat-containing protein 46",253782.835715381,195429.478682759,212461.659294299,263875.49492112,300630.354375962,252443.789400062,251807.915790232,264070.497004103,325627.199709941,313407.861725946,311510.054136013,317182.344097811,259273.662649601,282631.502313463,308024.760031921,338172.497636718,0.0200042851164173,16.82,30707
"Q9Z0S9","Rabac1","Prenylated Rab acceptor protein 1",382490.206243901,408567.840271143,319321.999409125,439385.870066563,424326.464388356,530118.815839974,398993.654893507,482707.679334281,555165.241845072,472805.852270609,429566.23908287,464376.160725953,345381.956863346,400532.869782129,394978.133467337,362091.454436998,0.0313165056348466,13.24,55454
"Q9Z2L7","Crlf3","Cytokine receptor-like factor 3",88257.7778377772,108532.993227242,100017.844192151,111992.971245558,96102.1257091615,105395.821101511,88608.3304477067,100785.626800125,76389.0932740116,80459.714542876,80543.9559082539,90886.0486685389,98983.8164042521,81957.8741639023,86439.3586836054,84140.9617849405,0.0231653424442385,5.46,7846
"Q9Z2V4","Pck1","Phosphoenolpyruvate carboxykinase, cytosolic [GTP]",15881630.5854893,20895429.0160373,18977161.724822,17333213.1479426,21129640.0408108,16361651.4563782,18434457.6351501,16689355.5387421,29400629.0454428,37981804.8077496,24538483.1042798,21322480.0148475,26414964.3302415,28630548.6815188,26933308.3690806,29467481.8353275,0.0247840195162149,18.14,4418284
"P16546-2","Sptan1","Spectrin alpha chain, non-erythrocytic 1",25175478.9263979,24368508.8991364,24829482.575937,24738566.5845641,25094279.3530257,25381320.6827179,27331445.6926364,25641675.5930819,25205167.6548063,27616025.3385355,25581489.3493942,26461718.8846754,25423800.2165715,24797359.0646844,25764476.4270351,24991657.3891447,0.0341716271686448,14.12,679632
