Phosphosite,3.00,3.00,3.00,3.00,9.00,9.00,9.00,9.00,15.00,15.00,15.00,15.00,21.00,21.00,21.00,21.00
A1IGU4_S15___1,10186.24075,13616.14208,16302.86467,12701.42413,7496.054899,8242.826977,12868.21869,18930.00511,10869.1639,8401.006501,18229.64156,22310.03416,9374.864107,10828.47427,21968.44485,16331.71965
A2A5R2_S227___1,777752.7497,698759.8551,732135.0614,745317.3346,615239.7936,584591.0436,629049.6335,815929.8554,729622.8166,477457.4579,819139.1224,810044.4441,713955.0725,651373.9898,1026856.054,976864.6024
A2A5R2_S1535___1,64978.60344,78618.47182,73105.095,87670.89538,64479.66006,66683.05351,69342.94619,72115.74173,91114.71974,78886.15167,81594.20286,83718.91169,97829.88191,88515.8878,100689.8159,88926.27583
A2A5R2_S1518___1,443749.5402,534373.0173,498467.1036,535881.5571,589764.9664,441219.2229,588651.5955,500439.6763,485292.7042,244788.3954,519901.1895,344914.4029,517540.8489,379508.9193,348412.0164,163224.069
A2A5R2_S1521___1,17051.61119,14534.37235,15143.45174,20796.50974,16226.79293,16122.76371,20069.47543,17770.8541,18579.89759,11602.92045,18972.4653,12029.98237,21698.68394,18561.14504,13116.21504,9258.319099
A2A5R2_S356___1,68551.50071,66548.16002,60225.74954,70502.43172,62290.78282,69378.50619,50117.1519,65738.60548,72424.76332,66634.72645,61546.23713,78041.99239,67312.73798,73406.68689,86746.75373,121399.0455
A2A6A1_S648___1,25714.14789,24436.73413,20884.19909,23531.89959,24348.51797,32465.40538,19144.94109,26018.48889,26470.96556,40114.92828,27397.21907,25656.87223,47792.16843,35146.86589,23605.78866,23045.95193
A2A6A1_S735___1,17197.57931,28031.1021,19782.56627,22354.72482,25245.35615,28515.05535,19773.62228,24169.31328,29800.57776,49608.58331,28255.22091,25252.82489,40779.20862,32523.16545,24004.23146,23031.46246
A2AAE1_S4666___1,66928.03216,71870.61145,54828.51026,73817.68357,47820.16191,44336.8224,77390.11622,60227.16056,47172.7908,43707.83424,42785.47865,62280.29822,49100.21353,36562.68251,59371.44867,80009.07144
A2AAE1_S2755___1,218787.6953,217139.1097,128502.386,158230.8586,168292.5018,157504.3093,173301.2312,123232.3472,136934.6778,168131.5392,103002.0712,150612.2506,202776.4891,161686.8472,159852.0938,191576.5914
A2ADY9_S121___1,452501.6407,408167.4985,498586.2311,455300.7389,413042.6012,471062.8712,457965.2691,481093.0825,464081.7865,393995.6197,425496.6614,447205.7871,511871.5956,601892.7257,422438.6255,483934.577
A2AIV2_S1578___1,191388.4936,157924.6472,162466.5351,165484.3236,173022.7901,174681.1558,287903.8942,211609.8423,162637.1821,142216.13,189635.3823,193166.5214,176854.3462,155377.0142,191617.5702,185739.1026
A2AIV2_S138___1,350942.6802,319831.8196,268904.1314,284215.5153,323580.4629,321375.7909,443810.5857,330351.0738,303723.3727,288186.9035,269259.6022,285682.62,351451.7128,294241.911,264298.3747,330663.7232
A2AJ15_S102___1,1055522.666,1335320.192,1478901.211,1302351.215,1700387.175,1493053.046,1473581.808,1299910.428,997922.7474,1132317.418,1350692.337,1160942.875,1023009.185,948260.2057,842874.5919,707613.9102
A2AJ88_S1256___1,115630.9256,125057.2524,121230.3786,163537.4748,146775.281,181314.9525,155697.9719,143557.6165,159907.9408,163036.9478,124706.277,114414.4626,137145.0872,135290.7807,140505.5822,127628.015
A2AJ88_S341___1,147756.8766,139209.4007,211451.2982,209313.6615,135240.8193,175717.9652,221180.2441,194247.9433,167417.8337,76374.61793,235796.5977,165429.2497,124327.8216,115896.9046,223185.5168,132907.4411
A2AJ88_S384___1,95715.84389,77259.9172,116044.1368,116563.2196,81980.46422,121029.0889,123967.7879,109261.1903,81745.08851,45752.54328,127223.2008,106413.7119,79235.79056,65726.48788,106024.0342,98464.63636
A2AJI0_S78___1,146770.1192,184768.1869,120691.7331,138874.4988,196310.6888,137086.2913,143583.9042,107003.814,146636.1322,193662.3169,110418.3882,92329.08122,144391.4011,167808.2991,125631.8886,107964.5265
A2ALU4_S236___1,118552.6849,125018.6593,134517.3392,117731.2844,146579.1025,155480.9638,155536.3296,120547.3959,98771.63166,96049.38068,120610.4843,114145.3176,133518.5965,122274.5337,115219.8115,118829.6954
A2ALU4_S1165___1,88741.85436,108284.2367,85247.43131,79882.58305,76452.35657,69881.82294,100950.7675,83619.27626,93537.76627,77307.12534,97083.32618,79554.43257,83411.64888,74082.71984,70928.59326,71822.54631
A2ALU4_S394___1,25367.19507,40508.55767,26138.9033,25030.50956,30878.87519,26392.76316,27569.5305,25377.03717,26209.30419,28952.12089,25290.36547,20381.12986,21514.97333,21080.44446,18773.85539,16172.015
A2ALU4_S318___1,281756.2944,308910.5158,225632.1756,231156.6958,318061.8056,330888.5865,545550.6052,230123.6324,325407.1138,331886.6565,195293.5416,231093.2139,300587.8856,305143.5249,190675.2746,245618.043
A2ALU4_S935___1,580516.6367,703094.9539,613697.1177,559507.786,663741.3144,632149.4387,817353.1329,693509.6897,516441.3048,908209.7979,575559.6928,593066.4888,615530.2771,510488.1446,524781.1611,570737.5625
A2AN08_S178___1,236555.8898,199001.3167,179739.0658,211019.0315,224729.637,238548.7731,250296.6326,237732.7065,190017.138,267382.0843,195601.3546,181806.1376,218794.931,226087.4588,179545.6514,214987.0524
A2APT9_S350___1,27100.51152,19401.50088,18231.51197,21765.31006,21201.46144,25196.16722,19547.23673,14919.76144,24879.99084,23457.7364,23112.34816,16856.30244,25450.81442,22299.0232,16393.87272,20491.52408
A2APT9_S361___1,438764.0035,611297.3977,395210.6758,498936.1276,536324.641,483752.0003,526685.9449,425910.4649,494141.5922,659403.3298,398540.6491,341386.1855,606868.3579,532556.93,309007.6662,329645.7415
A2AQ07_S435___1,4817089.909,4480732.25,3647809.055,4015328.721,4483473.395,4502057.983,4377802.546,4012497.973,4672074.368,4905566.555,3832328.608,3724883.742,4034034.251,4709023.755,4032746.442,4488704.061
A2AR02_S395___1,126430.4105,222194.7921,189266.5912,216017.2782,174255.9462,180492.318,217654.8704,302722.2172,206705.5159,289442.1505,180654.0297,197708.8711,266952.413,271817.9579,206170.7843,227308.7149
A2ASS6_S10281___1,7518479.008,9000937.432,3194357.231,7514472.111,10041282.43,10065944.26,4708747.316,5350108.408,8609751.01,8323489.937,5790522.422,5221651.47,5581722.988,10058432.92,6199613.592,7019467.679
A2ASS6_S2080___1,820841.3311,1026522.034,1596370.688,1704768.861,1128142.051,715692.5322,578225.9566,965690.0286,858352.5369,959313.7615,1555699.27,1073019.194,791129.407,852888.7566,1541782.504,1813504.935
A2ASS6_S9144___1,2396281.746,2915666.239,1980526.111,3565451.905,2563897.391,2999838.849,1843584.269,2441920.231,2396453.463,1975241.991,3483026.509,1948063.513,1993505.611,3109460.496,3223164.974,3671598.817
A2ASS6_S33875___1,596594.0202,902096.8378,1237287.167,1491793.577,692714.8681,908773.0913,268739.7318,651231.9097,713695.1531,838503.4545,1011772.498,787461.3006,630639.101,923106.2529,1417153.451,1030028.864
A2AWA9_S496___1,694053.2292,752902.5312,564777.6131,633312.9276,827350.3474,852611.8207,591526.2228,558176.3829,774037.7896,1056712.568,654115.6481,720878.5554,860931.039,851008.6099,519465.867,522837.7963
A2AWA9_S42___1,164957.5735,261987.4017,163898.2494,140592.3058,202835.4255,207178.7755,158471.0255,195928.4112,208846.9456,227262.1636,157220.8009,195615.8996,264771.2005,299311.5395,153309.4678,195725.016
A2AWP8_S138___1,125995.5715,117400.8489,120860.0589,148317.0207,123868.7016,121702.8715,119426.5209,119264.2465,98959.10508,109505.4139,115743.3992,120022.308,110377.9724,86290.2012,106588.2425,95785.33217
A2BH40_S697___1,6377.534798,7471.436198,5919.498535,7559.071108,5414.748235,7713.363357,5719.218251,6349.572963,7390.833161,6703.199126,5898.886596,6635.62354,8352.940952,6594.38147,5645.051234,7154.573782
A2BH40_S1756___1,227414.8807,212885.6331,145290.0156,169584.6454,186238.6558,232407.1931,180633.5528,134061.327,246309.1866,157751.8561,151815.766,194745.6576,226752.3782,183111.1391,149964.1908,163428.0825
A2CG49_S1771___1,334439.5995,339071.0738,720350.7594,506309.9724,596437.2911,374318.4473,501834.5447,495425.3908,495500.0659,299631.5009,480060.1225,523283.6965,585531.1263,414093.9263,336008.8135,318790.0224
A2RSJ4_S754___1,102224.5129,106657.9624,90059.79545,90993.17106,118308.7861,117266.0987,128513.1962,108364.2806,77924.07351,95607.25808,82816.29863,72669.07587,127445.7922,105577.5952,95589.61039,85461.56562
A2RSQ0_S178___1,161585.2909,208835.5899,194671.4603,181288.0093,226197.0228,209786.8053,223723.6739,186626.5744,160505.3504,152648.8596,166710.8221,104905.6539,223989.8749,154378.978,104907.4061,73434.53358
A3KGS3_S486___1,50987.15673,58251.2044,91900.69315,75983.24276,72116.94201,62646.888,76894.3006,68044.53053,68520.97089,98677.7943,88423.24519,73893.97836,82181.51214,67882.43242,71275.08452,82665.16847
A6H8H2_S971___1,170664.4536,246118.2112,175052.5806,169361.0281,169131.047,207027.954,169679.6092,166971.1878,195236.6971,171812.4049,156057.0194,156796.0964,141620.4791,195522.4791,146570.7522,123257.8283
A6H8H2_S1342___1,78448.69488,144955.7834,106076.1311,105505.5055,103131.1596,83499.73914,111773.993,95515.9669,70772.02456,90928.41956,85260.11902,76804.36581,99040.10554,96917.20415,65096.33624,45897.5367
A6H8H2_S1274___1,95303.8654,141343.3187,98886.02592,115578.7966,76716.55296,89505.65185,109549.2847,125564.5596,78374.61349,66147.60374,88476.42926,75608.27819,93051.54931,94312.87839,63191.16364,61078.77563
A6H8H2_S1321___1,105176.6374,152246.6218,177994.0607,148717.5768,106080.7264,85379.46192,142931.0272,150235.3563,88343.50676,60988.78473,154257.3552,134176.6174,81084.07908,78511.32238,101127.0982,68710.00307
A6H8H2_S1096___1,74556.8121,144461.6731,101137.3829,96415.27404,90384.21096,86781.00906,101477.3176,104462.4888,103191.1862,82045.99568,93615.62216,89562.08759,86859.86527,93011.82189,99856.82493,84698.58723
A6H8H2_S987___1,508967.8746,555310.365,505973.3341,510818.2102,479183.1496,521403.8151,498281.3399,620993.5065,447434.5108,357142.476,512588.9931,452667.2466,432571.096,393871.3833,473529.0482,314303.7253
A6X8Z5_S272___1,351181.3086,344892.0257,316084.8493,325784.9514,346248.8627,384617.7604,346896.5513,285629.2717,311281.154,487203.135,361118.4276,293538.3859,490027.7561,399495.3852,266265.5471,379853.1865
A6X8Z5_S464___1,87985.16096,93180.51528,73329.22494,71345.13954,95622.97131,104850.3517,75150.13994,56099.10602,87740.63967,107419.5348,64281.2214,63691.14178,96312.94271,98919.72333,59393.56964,75343.82619
A6X919_S22___1,637783.7722,647277.45,851545.865,744934.0237,708674.0364,659000.8419,917503.905,949451.8054,774665.9387,596781.9681,820157.4067,831971.2585,457353.9064,460546.7543,741651.4677,786440.0564
B1AY13_S2601___1,115014.7018,121563.2564,83130.70973,102483.4442,122460.0109,146844.6496,98956.41687,92042.08953,118558.7389,100696.5959,90534.97971,82948.1513,126539.6545,109165.4598,96488.24354,78728.32361
B1AY13_S2074___1,143695.4758,143297.9727,126000.1548,129224.8703,153276.781,166870.8952,120854.6655,147389.0191,163813.6007,130019.3712,120928.8034,121334.8261,158171.4457,148688.0586,153310.3918,124184.0082
B1AY13_S2558___1,1133214.594,1245046.95,1231005.592,1251725.299,1327533.919,1534731.718,1249065.431,1106626.446,1371000.139,1527748.069,1220111.329,1161427.305,1355468.646,1297747.127,946681.0116,983221.2075
B1AY13_S2044___1,84780.34741,96095.13568,82743.5862,86571.78165,93636.31104,111444.0603,97922.17323,109066.2659,83683.58233,99012.72714,97632.17134,91483.65887,106152.2697,103690.6304,91828.07133,98130.30895
B1AZP2_S973___1,81087.11294,84819.24913,70575.16238,66580.80634,77934.09846,93829.60551,66372.64953,56961.44549,103262.412,106886.1383,81002.51089,65410.80739,96003.86089,96497.89986,55312.73974,53249.19939
B2RQC6_S1859___1,113928.2692,145185.619,131987.567,134673.5965,117247.6724,135995.6714,138796.5903,140287.4198,168664.2931,156881.3329,216204.3806,200126.8964,190556.1626,182367.2538,166795.6884,225343.8397
B2RQE8_S553___1,189993.8279,257831.181,187307.4464,193783.1227,226404.5987,275461.4341,180574.5222,228306.2672,250467.7257,342600.7666,188057.4869,191360.4371,301514.5346,238816.8516,174738.6691,167387.5987
B2RR83_S1105___1,12975.18263,14599.15842,14987.91281,13693.55664,13023.00838,16199.06671,17259.52828,20337.66444,11067.39856,14129.96891,19421.96265,18825.64063,12738.24566,18821.49167,18381.99729,18349.27257
B2RX12_S903___1,111017.6383,129671.5592,119296.744,170159.9207,135507.6194,122167.6466,147500.197,142032.3187,91781.57459,78408.40127,141853.3506,114564.8352,87321.92706,96784.49662,115957.0828,166595.0085
B2RXS4_S1248___1,48608.1628,22883.52869,36764.15753,37073.01009,36503.31117,65638.4357,33380.51109,51228.70496,39441.39523,38615.86897,68126.2157,69264.58813,35907.95443,41455.46638,41129.30183,43747.03979
B2RXS4_S1574___1,49574.94304,46266.3647,50991.62049,57878.14174,51812.3526,45736.8345,58376.98959,56793.54444,51173.35858,46846.87861,58828.13125,53410.90699,52031.0472,49133.91808,50892.54092,52014.3886
B2RY56_S698___1,1691019.355,1986868.176,1642445.428,1721263.903,2348414.163,2110290.324,1496980.578,1415324.594,1930217.637,2806673.715,1250198.425,1369487.127,2266449.73,2102233.304,1634947.063,1898600.273
B2RY56_S672___1,38679.84233,51443.95844,32569.71382,29973.23754,41341.03575,44865.96946,30907.2227,41216.97443,39327.11114,41336.46504,27813.43668,27202.41698,44465.83617,56491.24032,40541.56515,44580.86822
B2RY56_S578___1,79693.24043,104154.7189,64791.76392,80861.72168,101156.0564,111242.3808,152247.2699,82085.42171,111719.0966,149950.4627,62538.36328,71672.19069,141213.3844,130621.6288,80417.59492,109179.4158
B9EJ80_S532___1,226490.534,277127.1783,326898.2413,288174.7976,268072.6794,262340.9128,309139.3661,222897.5344,259693.2481,250423.7797,236485.6736,270422.0086,272903.8418,236203.5982,238917.808,222073.0317
B9EJ86_S305___1,47894.34138,50809.31364,74432.43462,70826.74744,46946.92464,63901.01607,79825.16024,76880.79387,53529.62422,40889.91233,68388.73414,64761.7951,54953.18725,57519.49016,65582.62083,56316.45327
B9EJ86_S314___1,242834.0451,182382.3249,216714.1941,211233.8614,220389.5275,191406.6569,221388.3653,227426.9113,199164.7796,169212.202,250631.5275,211126.7786,218228.1919,179557.4859,201580.222,216483.2123
D3YXK2_S24___1,419540.9769,661977.4902,442140.2255,437012.0273,620500.4581,606559.6659,510017.499,452785.901,496387.4598,911629.2879,392115.1701,404724.7983,741596.7022,646446.7641,338805.88,383205.7911
D3YXK2_S366___1,680919.0889,958378.5712,705738.3866,791177.1885,674566.5881,634794.5772,783643.2781,930868.831,834298.6949,966181.7934,762004.296,663871.4807,889741.5718,847013.3918,576143.8475,803275.5198
D3YXK2_S235___1,373849.7362,459744.3751,351185.9001,430315.3211,473161.5033,507668.4083,403634.1734,381616.4375,407506.2261,595061.1594,279779.8126,300326.3361,520912.8725,449801.4973,250428.3911,320445.195
D3YXK2_S247___1,86020.6294,108411.9441,121438.8506,128513.1727,106949.3669,104519.9369,120604.1271,119162.0814,92505.17195,124156.2712,90827.07338,94302.27996,126788.1554,97514.55383,79665.04055,83413.63206
D3YXK2_S298___1,21658.70985,18569.2527,15079.52899,19029.54835,22613.99002,21298.7975,13835.42669,11190.48414,17979.03631,31860.42968,12174.80628,12727.72714,25689.73284,22706.53676,13646.79363,14091.7039
D3YZP9_S316___1,234411.4851,374373.9479,188781.4111,210317.9977,288760.9338,237675.8479,175334.2519,224524.9511,229484.3613,300251.4368,187909.2684,180683.3691,304057.5047,202494.2321,186403.0964,202053.3649
D3YZP9_S318___1,134343.9127,228706.4367,142065.1656,132622.7979,180969.5195,158260.031,140667.2849,153300.0183,141465.6698,166932.9042,114144.4492,91609.90082,170895.7887,141110.9695,106002.7857,120557.2871
D3YZP9_S412___1,206173.4415,290063.4386,163152.6559,218599.983,307459.7244,315778.016,196709.5591,197235.9755,299476.3233,407365.3453,144003.4382,168826.1996,366679.3273,307263.6071,189351.5793,208666.2456
D3Z6Q9_S430___1,11876.73149,10916.93459,9069.036773,12972.92835,14057.07499,11899.99896,15994.6453,10182.85998,12255.74692,17997.16404,12340.93708,12501.03708,14763.74825,9085.533343,12116.36571,11989.30312
E9Q1P8_S71___1,281119.0948,163196.3605,106397.6798,89483.22877,241781.3443,206419.9738,161295.5246,118371.464,254161.7204,174794.1127,152584.9602,110028.3243,207963.1639,191715.5941,171593.0023,200034.8241
E9Q1P8_S169___1,567900.4236,327646.6844,182437.1848,177470.8102,445141.7438,338056.8983,321555.2963,216828.2759,439271.5008,305193.5091,248494.4878,177883.0192,313061.8152,299211.6686,330526.3993,402051.3329
E9Q1P8_S343___1,213398.1727,164397.3086,101799.2109,87697.81608,205316.2988,157029.0708,183309.2336,144442.7235,225922.4167,206047.7554,112049.1111,91437.38168,199155.6281,198340.766,124341.3243,206602.2424
E9Q394_S1218___1,84710.80719,72746.96794,70532.5754,61787.43594,76937.32544,89076.87003,123542.0655,89446.73044,66291.10939,82227.45535,65843.56949,69921.03559,92835.15341,76830.04727,104555.5544,119976.2911
E9Q394_S1591___1,271244.5578,257468.3947,266631.0611,296745.3017,247918.6622,281652.7597,341721.0707,222837.1421,245682.0497,235849.9379,258862.6721,259667.6177,239705.923,274331.146,229610.8157,205837.1859
E9Q394_S1817___1,58597.74248,67649.499,55708.44022,68238.7155,62905.12032,76337.29684,59660.27088,49605.91023,54876.92561,63692.12733,72303.30979,57244.38498,56750.84075,57492.07317,46773.48275,36945.49783
E9Q394_S1547___1,291947.2798,340866.9477,222656.5757,252674.4061,291627.907,363874.9238,296968.4902,204323.111,296579.0966,373848.3233,247121.4033,229109.474,369670.0208,336214.2203,212868.002,200250.1473
E9Q394_S2670___1,105092.3462,75583.92032,73814.09403,88836.72715,102366.0842,112017.642,106021.6943,81177.31785,115268.7775,100584.4105,147118.7797,139258.3955,127157.7156,112865.6397,115839.3804,116688.9753
E9Q394_S1847___1,339278.9147,396454.1531,275166.8097,300373.145,361651.9646,363692.6364,323398.5556,214742.1217,332720.1374,331454.0181,202847.4266,217099.0124,396040.77,334264.6828,278001.3525,216787.457
E9Q3C1_S436___1,187303.1313,163365.5772,122493.2138,153201.8321,128046.3503,147825.6841,146845.7094,158845.1654,143350.465,134943.7791,153652.114,151362.5145,162288.2526,129428.4295,162248.8344,192421.528
E9Q3C1_S649___1,477185.4362,728588.356,629896.1845,494950.7538,710345.631,459414.6426,607489.8917,453016.1263,418366.5849,514458.0917,416696.1265,306726.1238,712879.68,379692.524,304663.6278,231739.3529
E9Q3C1_S581___1,193512.0445,204289.3524,166416.3374,192064.6763,214810.5816,225245.2966,181489.6424,149362.5928,211427.4822,287276.2658,174785.8735,157642.476,281687.496,180674.5618,148423.1804,157255.5736
E9Q3C1_S470___1,189868.1906,184541.0045,150371.9187,160831.4474,186284.2235,181333.5339,169698.2865,164648.9395,152102.1842,272722.2739,135605.6429,143086.3135,234820.1671,199432.3218,115003.0348,162123.663
E9Q3L2_S1427___1,103407.249,95192.4174,70907.42578,87121.20461,86104.20827,103319.112,93007.79754,74842.34975,79694.62269,109977.1615,72527.91503,85282.12285,91804.04017,94795.16518,71112.27558,83921.579
E9Q4Z2_S1332___1,1255527.916,1384778.716,1305428.71,1246100.628,1521841.732,1496606.742,1413520.6,1445778.636,1436898.135,1962699.741,1205076.766,1278903.716,1556168.98,1672338.926,1358548.829,1269754.301
E9Q4Z2_S81___1,39270.01551,47712.50511,45414.2662,41513.74476,41838.29578,45791.53409,64475.84535,55746.29321,29642.51455,37272.48258,31532.28962,31845.56709,42416.20476,44882.99659,32249.50261,27889.56054
E9Q557_S22___1,212739.0804,262886.0577,191576.2619,215600.734,184648.7639,185657.23,215384.3628,238034.1863,173235.2407,214419.4931,217488.4165,180610.8532,235643.5764,268156.245,218855.5541,218150.8231
E9Q557_S65___1,41490.63142,39985.58857,45483.30145,52114.03131,39278.16991,40228.35113,51995.77714,54727.04495,37790.46602,41841.71734,54177.26042,49612.58253,36802.2793,39100.82568,56716.06013,62491.06362
E9Q557_S2836___1,379566.665,349920.3013,343940.9207,399974.3884,376881.6601,458927.5204,313512.0256,380991.03,408855.5445,370083.0566,392827.9028,390034.05,437588.7815,366813.1246,438250.3768,509498.9434
E9Q557_S2620___1,2069417.344,1977888.876,2185019.989,2229171.656,3051805.41,3603209.272,2368914.433,2100468.967,1627317.728,2239935.657,1961723.341,1566649.071,1822400.809,1993129.064,1148204.768,1363597.993
E9Q5C9_S563___1,634362.8306,1136179.004,442576.7198,435343.375,306155.7648,383312.1905,601539.2186,486609.9382,1055076.659,1187540.525,421936.6922,459501.7945,706119.17,770045.499,368458.5378,509179.9628
E9Q5C9_S701___1,2660342.787,2976325.588,2498438.322,2399196.332,3057268.79,2829210.263,3252147.466,2669484.251,3780305.484,5464989.66,2301385.512,2495578.972,3897136.061,3380328.075,2230848.048,2194238.418
E9Q5K4_S131___1,187487.6771,172652.0233,136160.3274,152328.3521,168514.232,179505.9625,142897.4832,146723.6477,152184.4006,178480.9925,153952.8113,128535.7046,191303.3021,141125.9013,152419.6524,145478.6113
E9Q634_S1004___1,350164.1136,257627.0611,228318.7922,271284.5549,348777.2235,510260.0541,243693.024,311568.751,295249.7175,526473.7143,251998.9351,300608.345,276209.2676,334230.3769,191129.8688,245666.872
E9Q6P5_S160___1,85520.62347,67775.45721,83256.45554,74011.64081,79855.52288,75971.06705,78467.83338,73636.40269,73918.85325,73343.21177,85490.63437,75509.53789,81627.62324,72432.36419,70293.62134,65293.72116
E9Q6P5_S202___1,95342.2852,103410.4911,95665.71615,95896.51216,109632.5697,98827.49585,104662.0445,94367.56738,95855.43622,114427.3224,96190.59976,88370.52338,109547.0244,101294.8897,69134.51471,84321.47657
E9Q6P5_S678___1,73041.29772,56714.04101,56469.11568,54172.41417,68099.7638,74959.10113,59799.95893,57239.08658,74434.92574,63971.14278,66055.58103,64666.86849,60476.63676,68854.27704,57660.55608,53642.55231
E9Q735_S21___1,32722.20088,40460.30108,38239.55201,29447.44848,41079.72779,46229.33628,41497.62942,36668.14287,30448.83994,57471.30136,32396.249,27925.34308,41130.05941,32695.4466,25054.02007,26443.90314
E9Q7D5_S953___1,59540.85833,51080.88445,54251.07858,58355.94418,49645.44164,54217.72933,45376.56392,85146.0558,45344.88044,30187.58032,83135.74833,61290.55863,40258.76592,40395.8976,48930.24153,50832.66412
E9Q7D5_S319___1,67239.65884,85987.5366,64651.17509,86448.3696,90950.97025,89759.05901,88337.07024,94743.1007,85236.62556,66440.98591,98938.35775,72945.15113,79846.51236,67077.83349,80668.25211,74032.53277
E9Q7G0_S398___1,562207.7303,672011.0707,517394.3457,603144.022,784199.483,721421.0119,623759.707,512363.9484,838503.0098,981018.0387,516034.1597,578185.3728,945257.6555,830161.8594,449658.7244,544144.6826
E9Q7G0_S1739___1,114961.0874,99528.60476,114969.3337,110388.4179,111986.4698,116803.4181,118227.4415,110876.4055,110702.8015,94245.85971,108455.3347,103408.8702,91915.26942,110809.8993,109166.057,95130.46192
E9Q8D0_S283___1,1074349.476,980300.8257,1109977.315,925948.5644,821267.075,893238.8778,815417.9237,1016864.046,1051093.252,728971.7283,1130135.343,1050298.403,776656.4343,816190.5655,1158511.196,1341253.797
E9Q8D0_S370___1,922585.0558,1015182.645,992983.9583,875187.6298,1127046.172,1225264.443,966228.7668,992136.4773,1091433.875,1617384.993,894555.5839,878622.7698,1228817.728,1194069.127,962822.7366,1056533.738
E9QAT4_S130___1,90327.84166,94581.28694,92647.96652,82360.89589,128041.6479,145341.8009,102905.9955,91042.1187,94319.73656,171605.6359,85000.34457,80167.63886,125872.834,123471.0295,80725.0192,74622.64833
E9QAT4_S1245___1,38517.48325,60585.84552,44467.57526,44078.48006,45951.87451,57421.72918,47796.61852,54467.95538,43253.68624,58075.06719,42975.54216,38187.40352,69719.25308,57947.37497,43345.77271,49121.85639
E9QAT4_S467___1,131884.2184,155516.6374,149720.8645,119660.8484,181370.686,200458.051,170333.6065,136866.4315,159955.1313,279429.6455,147562.3569,132819.44,215131.8171,157986.5994,131836.1536,106385.918
E9QAT4_S1342___1,1325948.578,1238699.901,1225583.978,1198941.303,1859760.978,1826434.689,1316266.058,1054518.362,1383983.262,1558199.152,1299170.995,1107073.698,1569079.25,1378325.006,1050374.723,951548.1768
E9QAT4_S1995___1,37264.07938,48668.94423,48129.90643,36914.10224,68854.65478,64045.16691,42808.40787,38978.48923,44919.27107,93662.94007,39986.48756,42668.1888,72769.97607,56463.61055,40210.32921,40992.77761
E9QAT4_S422___1,108567.9992,139065.1899,108525.0339,93025.82605,155980.9996,148161.4671,134370.7292,112226.9267,128198.628,162748.6328,96084.32642,112667.4534,128351.8114,150671.0861,110983.5003,90713.13599
E9QAT4_S2053___1,31783.24081,31584.34837,41384.7512,28618.11795,29272.38901,29475.90398,45088.73992,51894.42447,25730.85721,46650.4178,43904.01086,43719.11735,38771.84276,39267.59116,55371.75575,57936.75571
E9QAT4_S2070___1,63900.85229,78686.31343,75854.62826,68516.18192,89328.03182,86488.80224,93749.82185,75517.50802,69313.86049,98913.28579,67093.73104,67509.02505,95712.15844,72024.20929,63264.18995,51597.1071
E9QAT4_S397___1,72406.0448,80101.1241,75050.11253,60468.35921,83246.97419,69775.89105,87595.8291,79869.75595,71502.57265,58110.10978,62378.07774,52505.91032,68163.71947,56055.64891,60468.41361,30148.8005
E9QAT4_S1030___1,33868.50216,32208.09231,35810.73708,27243.35658,34377.304,37259.61553,40470.30247,35913.23091,27874.15299,33500.03688,43697.61673,36320.48321,31251.13297,28448.61283,39476.4148,34267.96327
E9QAT4_S554___1,49497.57908,46379.79785,36331.16742,42424.18512,69342.82845,69722.94493,47285.18801,32009.47675,67942.72977,115087.9985,41346.22189,41698.12258,78071.15101,78445.84516,39375.43386,33920.1669
E9QAT4_S1238___1,62824.81297,137222.8156,73192.51787,81586.27447,69344.87767,80239.96126,100914.3745,89868.53635,74424.12374,82355.10699,68203.1026,43889.65169,129361.7257,113879.5528,80134.44117,61388.6717
F6ZDS4_S2141___1,75479.68167,120719.4925,77737.64063,101056.5462,55074.40074,66788.32525,95899.90163,89545.90881,82635.2095,73308.03142,96137.31205,73735.81174,113731.4996,125593.2156,82381.91846,114291.3285
F6ZDS4_S453___1,323502.4486,329886.9585,261277.6453,286729.2018,330331.6249,346534.1742,289937.7633,252872.5289,324767.681,414651.6998,247951.5138,269991.9365,394647.9019,369780.1542,299879.2021,294148.8129
F6ZDS4_S2223___1,621667.5317,600180.7069,566050.2434,743736.3668,704984.2077,672831.4146,671263.233,597755.6474,550893.4571,713979.7524,600881.3614,551779.9752,651091.0843,632706.8859,520776.8013,442767.2652
F8VPU2_S427___1,516669.7713,439047.7306,467217.7471,540409.4654,486038.1949,427861.218,542661.8088,527507.6941,597970.7312,389693.2822,629447.5119,441453.7156,442336.2739,458871.155,567477.2615,413682.3517
F8VPU2_S373___1,269059.6033,184449.0202,257242.742,252373.6443,179136.5531,196594.486,237456.0008,284757.2405,202008.636,145149.583,300985.359,262438.1667,150556.0172,136571.0422,239447.8743,230479.0121
F8VPU2_S892___1,94893.18324,63056.73005,64110.00122,77397.01251,81588.9546,79311.88043,74064.42061,80178.8062,124576.9424,116810.2258,80202.05207,83688.76615,102205.573,103240.3141,93550.25353,101356.0009
G3X9K3_S394___1,24791.7002,22957.44002,27177.33288,29640.09394,28743.25603,21100.20989,25326.98549,24573.7337,24205.56239,23782.74863,28303.73927,28280.77416,24389.86039,26427.80686,30746.90678,34972.64357
G5E829_S1155___1,1696355.36,1949880.761,1536441.294,1390678.131,1927340.054,1790635.824,1672677.167,1487441.539,1636203.076,2109319.47,1275420.456,1228485.459,1926332.292,1838019.836,1417361.014,1554616.187
G5E829_S17___1,366539.3468,230959.0429,368672.7701,313692.8638,321670.5721,455766.5731,264357.1938,304785.0723,339132.2607,528724.0639,369260.1172,420622.6742,352434.4248,409203.1905,274960.9667,334263.7848
G5E829_S1177___1,17952.47157,23140.39012,18733.93783,18027.9053,29478.89472,26620.20421,18493.7546,20318.46349,33508.08211,48994.23476,18425.69126,23727.93083,36428.53441,34705.17951,16205.94567,21226.84079
G5E829_S1178___1,4818.099348,4858.598362,4911.467712,4358.526954,3621.089603,4013.594633,4086.924675,5067.439046,5325.265976,10210.3413,4191.600601,4223.767252,7261.514964,6616.39322,4568.044829,4086.275196
G5E829_S1140___1,230237.9867,182786.9036,206941.3874,194955.7716,217465.8217,246042.5212,182297.0098,179239.0821,200911.7663,251535.2434,180049.0103,165656.9154,232828.9543,212517.4884,166981.7388,181089.59
G5E870_S1409___1,63029.67001,48352.02924,67456.70001,60760.16733,60106.70427,64198.61505,70052.79655,150743.4596,56413.96558,48050.23979,60988.2557,67691.70696,51328.49376,51990.62261,59291.01744,75224.22023
G5E870_S312___1,183684.9027,129518.5238,121376.7026,141342.7941,136218.6771,129085.4675,119598.4868,144212.8991,119311.8132,108399.9933,122508.8161,127920.36,116093.407,129299.8154,141698.9651,134212.0066
G5E8K5_S1451___1,249101.4631,291095.6907,243700.9894,278194.2992,288359.4367,261073.1325,335244.9709,321147.2771,251964.0219,171181.8467,281856.5989,198233.4076,226328.6907,212357.3925,312606.094,245031.625
G5E8K5_S1462___1,168498.1556,186560.5713,142903.3876,165823.4851,188506.6278,150530.0807,160013.245,121573.4066,179813.5922,145579.4782,135663.5105,120050.6554,193973.3893,149196.2897,116905.4298,137200.3475
G5E8Q8_S1309___1,72107.58703,93369.7976,95755.77937,88672.55375,84717.92444,85686.23839,80431.71261,100361.179,75650.43396,71907.07641,84156.91064,76763.60104,60670.44667,86125.44772,73189.89015,108775.9516
O08539_S296___1,52780.77951,66437.13945,58234.87951,84511.99951,46723.41677,43881.56934,37467.09378,61589.10852,51536.71105,47145.57367,72863.1641,61709.44723,58793.7255,69638.08633,73641.55124,83368.47501
O08539_S298___1,176851.8814,194426.1152,232433.7376,297148.3773,151725.0251,148088.2382,167280.9538,235214.8476,152328.7081,141102.6348,273591.4035,197730.7198,160403.1803,194957.6682,304652.0113,351779.4979
O08539_S304___1,251259.5911,278898.0242,274168.6319,379935.5613,219298.2276,225893.7486,226211.9501,277176.021,221573.8163,225493.454,357702.7331,291141.6682,218164.1524,277374.0707,309340.4625,375099.4092
O08539_S324___1,36865.14118,45942.53501,45594.73495,72190.33909,41967.23257,41889.46208,50525.76676,57543.28585,42967.13158,37672.97197,66406.41752,57893.67208,43061.91476,51749.73241,53397.7828,72534.88281
O08573_S253___1,11352.02908,12018.97108,8915.807006,9608.435956,10590.5918,11954.33742,11117.82057,9343.890904,13563.40962,12972.28183,9920.339205,12316.77076,17035.57857,12457.16988,10512.80083,13121.20977
O08582_S47___1,309115.7714,198234.6616,207305.6216,200247.7883,294812.2181,429330.8577,237573.2762,242859.4087,258028.7678,434326.2845,220309.1646,310396.8358,241172.4341,302772.6427,271116.1301,384029.766
O08582_S8___1,203994.0132,200224.6119,192710.4805,184769.5572,206367.8009,271271.2592,230124.7996,190022.1456,213258.5225,273357.8124,181810.642,177864.2414,251803.6011,213966.5041,217144.8748,267376.8141
O08582_S25___1,74607.99924,80183.21776,85658.68254,87719.87348,85304.46249,92532.37757,83623.08719,72031.66628,91526.88958,108780.2428,78108.19003,86491.86053,103143.8537,90040.82349,87011.03703,104560.5637
O08583_S237___1,73620.8692,72045.02226,110567.586,114699.8934,104074.7583,106343.4509,83781.9786,112816.3043,92473.54734,134744.8753,101077.4488,116461.3642,91904.65252,109239.5016,91042.7171,108264.5253
O08586_S385___1,155445.7497,127787.0361,125276.6724,145102.4287,111147.3137,146147.9093,103855.7513,118261.8019,174258.3435,90770.24118,128338.9859,150890.6143,135199.316,123277.5148,136378.0076,164535.8194
O08609_S45___1,331779.8771,256170.3903,220656.982,204861.0441,289154.2827,286565.217,241191.7962,238995.0792,255991.643,219626.5417,244572.1887,252380.4142,321925.3774,229998.5922,265716.9307,230861.9606
O08609_S7___1,153376.302,133159.6249,116033.1166,108880.8362,191249.14,152703.3775,141168.2289,133252.8143,206399.597,172421.985,153578.1673,148201.8611,210013.8663,134320.4065,147091.7321,105655.5242
O08638_S8___1,998752.6732,1121698.036,1280372.556,1401050.166,1467184.145,1475352.578,932701.1259,618018.5236,1476725.194,2212324.551,1145156.695,1331844.638,1445030.478,1645803.186,921229.2947,896656.599
O08638_S1954___1,1127869.952,1440557.711,1220102.583,1288056.748,748782.7111,900683.608,711650.5379,445397.5598,1068244.165,1203736.704,1051258.027,1067043.032,696391.1738,1235884.366,858152.6581,740228.788
O08648_S454___1,20715.15096,16786.44769,9393.516656,8299.366719,27593.9461,30196.74381,12722.59034,13321.56775,19093.00755,97965.19523,8336.246341,9110.53398,21174.51884,17970.40809,7975.121333,12437.95746
O08648_S1165___1,50584.36653,73572.31782,15212.63956,26026.44496,129355.6591,51885.76619,29797.60846,23734.70001,93330.45615,323541.0111,46091.20594,28739.26365,107227.6701,43054.21803,31202.03704,27373.07321
O08648_S1189___1,47757.51432,91675.83304,33851.35108,46470.26747,61147.12583,59525.51614,41313.22639,43248.09318,62711.23065,193412.4017,37304.28071,28651.59785,72585.49231,58379.44509,33888.69228,46102.59376
O08648_S492___1,378850.5479,542413.8374,176013.7436,171648.2631,554383.2378,349294.9962,200098.8067,191159.6276,414329.842,1259437.521,182960.6658,131184.7412,527411.9167,337009.878,181064.0643,208233.4331
O08709_S194___1,520275.9101,550831.4499,523560.5918,565723.2706,573311.4882,544818.8777,575156.7949,514826.0127,542880.8392,727328.422,490207.8092,534148.6715,603550.7006,611337.9637,479741.0036,597616.5846
O08715_S55___1,691051.2893,812552.9178,732181.6141,633534.7438,730717.1992,721258.7432,774750.7508,697439.0794,652557.3245,847109.1319,678537.6278,706843.0205,682703.5469,647729.8864,606818.337,721358.7537
O08715_S103___1,60469.95477,78472.62025,64126.34337,56978.2202,55411.9561,62082.84887,61692.1051,66425.40751,55383.29385,68752.96345,65524.11998,60232.84645,61068.14115,60911.68037,78577.32592,79837.5801
O08784_S593___1,199649.4709,137618.1862,191158.0916,177072.6857,193666.36,196004.9319,219134.3103,142443.2852,194480.8594,220054.655,157399.7213,200518.7588,169981.3504,157980.3987,205249.3131,156360.4997
O08784_S169___1,661021.5303,475262.7779,414191.9363,430545.2859,771888.2891,714955.2634,854096.2041,422380.5622,684671.2214,1258951.121,408301.9417,596454.3487,640733.9044,582031.5583,484806.7109,480977.5329
O08784_S853___1,199757.3585,104208.5868,169041.5446,144626.2981,175689.3948,179600.3732,235113.1751,149289.756,171205.9577,179009.8884,146744.8788,194256.9326,135244.9239,117052.3346,170985.1973,137200.1084
O08796_S444___1,612097.3645,794411.5329,550686.9232,860674.9877,510622.6157,516860.349,580858.4221,494414.4905,659346.0766,416641.2407,540479.0879,626481.0744,554301.8703,539588.9955,739744.9674,1013436.266
O08810_S19___1,735903.1271,740092.0645,708467.475,655709.0282,841554.938,844137.7225,726417.8239,725285.9623,631040.4903,1281818.847,621291.7022,680590.3718,1055140.692,935386.1167,739279.6998,685010.843
O08914_S241___1,42695.96691,35747.136,31500.95947,37782.22734,49223.82198,55578.41815,43795.97844,36529.0437,46071.4337,62073.68606,38132.98002,38570.62163,48858.60608,48884.27691,36041.25852,42919.28666
O09000_S847___1,54764.66646,54061.37709,46429.34323,71106.15841,50286.98316,50233.25982,67952.35073,43333.52765,43514.87377,76986.58557,52401.11191,54861.88977,64062.05223,47699.16451,69175.91299,45977.87737
O09000_S544___1,32567.33387,37631.43067,34984.74104,43813.01805,31136.89039,36813.86991,48226.17294,35730.57456,33727.45159,53623.26742,46615.91851,41733.43637,45714.19006,33379.39627,60045.92414,43690.02747
O09000_S215___1,208552.2258,206480.6522,156820.5134,180529.6843,184289.6905,195789.4127,222309.3117,142795.601,193495.4976,253537.5106,185351.23,195309.7321,263818.879,209002.9496,262138.7707,198424.6786
O09044_S110___1,398092.2166,474056.5662,542857.6425,507791.3273,538998.0636,521488.4961,579795.1338,582093.0928,468572.8706,351180.7344,738474.8896,732659.2013,428636.9097,331842.3283,481400.6256,445431.2545
O09044_S160___1,76886.1336,103909.1795,77851.28074,70626.25519,137729.5925,130721.2002,82745.69407,76956.20085,106686.4863,129408.5194,52733.998,80335.13754,132376.6803,84510.07739,73573.21322,80699.29203
O09106_S421___1,63449.89815,38432.61131,37449.63172,47077.74703,40804.27032,53556.03634,42832.88696,43276.02752,66266.1943,74228.4709,53596.11026,39465.56924,55090.51356,69750.42848,48523.86001,47063.72398
O09106_S393___1,13728470.3,11790325.03,7976869.237,9589252.212,14396333.58,14670903.99,11566886,10075043.44,14332103.17,21467770.29,10917653.35,7752489.829,15164978.92,14572694.03,8647496.426,8192488.005
O09110_S218___1,845246.134,616889.2095,678792.8376,739902.415,1032088.822,1073439.686,751807.5833,648993.2396,805634.5244,1235082.5,731009.3479,808289.0021,904854.4263,909163.4871,730429.9885,726481.9958
O09172_S59___1,69706.31794,75070.37638,82594.63008,99458.99082,82261.32844,107831.3069,98879.82696,82865.72768,65588.30657,119939.7468,70614.56228,65965.48876,101655.2384,104394.8326,77599.93971,107191.0581
O09174_S313___1,118991.8633,100024.4005,108509.634,100152.5617,118306.9993,141036.6781,103498.3919,107897.3948,118943.3992,126398.0956,113752.3496,114897.2684,125962.3197,104888.4385,106301.1975,97946.92113
O09174_S323___1,338713.9996,301193.9853,288285.5118,289788.6966,365411.8872,387395.7333,315374.7781,318790.9503,341070.7241,417474.988,334560.5317,330912.7345,384214.5319,280968.8407,261964.0978,280880.8039
O09174_S344___1,17425.60793,14629.26114,18267.86261,15978.3703,16229.79017,16212.62446,21428.43132,17968.85716,17085.95282,14695.4422,20646.85523,16840.03445,16040.03723,14401.19581,21046.09377,20763.34051
O35075_S102___1,47376.86856,51884.62557,39929.46181,48274.62876,56329.14393,56019.16291,47222.89118,38495.28671,65709.34266,68029.08229,42637.69905,44387.92326,54952.91209,52533.526,44065.53281,51768.9339
O35099_S1040___1,95455.62076,141039.6371,91040.96972,94439.57304,149586.1253,126827.6268,99861.75831,127460.3362,195599.0057,149317.2441,126152.8038,96020.56744,136559.8055,134801.9385,140573.7472,153879.8624
O35099_S965___1,236313.6929,159344.83,194664.3838,246809.9398,298002.8015,299916.8144,226109.5849,298582.7946,283340.6311,150031.564,210903.8488,226625.1542,172020.1937,187846.9017,264436.3686,225268.0301
O35215_S90___1,133388.9972,143520.0322,138702.8078,114715.8395,206221.1205,212379.7627,135208.4005,127813.678,159950.5831,272681.1345,84206.65186,126351.9263,234076.5361,195056.3857,109239.4054,80279.85109
O35245_S827___1,83699.03488,75900.57459,87316.25497,105599.9351,107148.7787,140670.8986,111950.888,66011.8018,107083.9456,208653.1875,97168.17818,116977.0705,94408.40172,132798.2983,83694.66074,106771.0191
O35295_S6___1,17201.12246,24200.82513,15237.24754,13942.87415,13656.90458,16890.23115,20067.18294,21221.38451,15041.67737,11497.18055,10788.33646,9604.096799,11329.87467,7737.614611,18325.00905,17516.46544
O35295_S113___1,250208.704,368857.3103,315944.8428,402391.0923,292923.4262,452909.8886,405181.7144,310834.1871,231966.4209,376089.7643,267539.8633,398107.5318,295376.9196,259468.7919,326166.8849,266560.3527
O35295_S316___1,106141.9099,178043.6973,173570.0514,166012.4059,120618.6661,175538.666,180830.2912,183106.8852,133931.6543,147256.6161,171162.6919,198929.3126,130253.1839,124138.7155,141814.8856,181467.6871
O35343_S60___1,80881.13072,75866.7177,58812.14004,64612.81455,63935.78063,69235.67468,58003.45181,40468.07268,71491.02233,53977.90747,54007.53374,52337.69174,71261.09715,64081.71312,54615.76034,42955.67088
O35344_S60___1,1356518.198,1440303.378,1292694.471,1447895.195,1499283.453,1756614.941,1329319.247,1201165.114,1687400.948,1576558.982,1344625.644,1310324.439,1787120.583,1601908.806,1232415.405,1518199.241
O35345_S6___1,79232.74501,65105.29405,66499.3392,60610.55123,62745.63384,68099.68203,64841.22586,65532.86398,94998.99084,56982.18611,92493.43124,85136.93889,74291.08271,52844.95827,72096.76359,68226.8713
O35381_S77___1,196248.7267,224455.05,200014.6846,217098.6905,257014.6857,277567.0201,249342.0037,208573.4335,209265.1713,385909.2942,167950.4832,197774.4804,284956.1562,248027.867,203690.5979,229430.3865
O35490_S222___1,285092.6931,365026.5903,266007.32,284319.384,377210.6975,309777.0615,282273.1363,290095.037,302604.8359,381408.9419,225229.4667,346622.6731,434730.175,351082.9362,222429.6139,245419.352
O35490_S79___1,567293.5845,690475.1481,714260.6767,694858.8393,757370.0466,709994.8675,671490.9102,703381.2066,632800.7891,872541.9415,601578.4156,758040.3036,745810.669,656993.4264,626763.616,607136.3293
O35490_S330___1,1417487.171,1482776.099,1721769.531,1759867.507,1556129.962,1631884.853,1799361.424,1534466.645,1395067.591,1680476.282,1312861.067,1462129.645,1478191.916,1639443.68,1274423.401,1517971.538
O35492_S224___1,78121.43431,80077.66405,80891.26626,103277.2329,47015.09909,65474.08407,75142.88733,76915.06078,117728.6984,87852.52066,132183.327,146501.4161,101584.0382,94777.2408,149765.3075,201630.8613
O35623_S50___1,411287.1747,471824.2609,508951.1462,345905.1459,481586.7458,333403.4062,538305.9582,437404.9997,368354.1868,171045.3539,365669.907,244886.1437,362101.8444,220644.0668,335939.1408,251157.8859
O35643_S393___1,58773.30264,80215.52853,77553.88733,71480.25331,82949.14049,69271.37878,83593.31155,84732.17711,70695.0726,104506.9358,67296.57804,97217.52878,92158.83106,72477.1808,84675.72731,88077.76157
O35658_S197___1,520531.4198,572621.359,534160.0735,450057.0977,569695.2179,536141.3391,537667.1853,450563.3353,483068.186,780241.1263,444500.8513,531332.1498,617332.7437,563561.5513,454712.9626,495843.8849
O35678_S189___1,416159.4915,367692.3397,352198.0783,445769.6483,501583.5124,526419.8666,429715.8006,488397.0355,409619.9562,542661.6946,395800.6908,412883.9839,390287.5766,432281.9366,322671.1792,325756.7863
O35691_S66___1,26138.02454,35370.9865,29475.56897,39218.46379,29074.47337,36499.14201,42300.36872,35496.02084,31333.26608,29638.94818,25829.12659,24589.98919,33049.50588,37723.95361,25420.65555,26792.56378
O35691_S380___1,381855.2264,450601.3535,440532.5314,464994.1582,486184.9734,557235.5346,523880.2941,436479.5287,451347.9785,672136.5637,427345.5495,449223.6623,553674.8866,561975.0733,463796.7421,403558.1974
O35711_S362___1,92586.97148,117478.6449,109909.2046,98730.66375,92755.17707,122581.5985,123294.7379,130069.5354,92789.77183,83106.47119,118885.0794,119067.4766,112788.5948,92483.49359,109149.9954,113709.7389
O35711_S386___1,728714.569,888019.7031,976356.4739,892729.1165,692643.4278,813724.4771,1013967.284,1037386.492,836076.9432,575095.7994,966827.5328,895407.144,723386.6439,680731.8326,1136532.557,978104.1155
O35711_S518___1,278200.2033,340563.1897,415306.9201,335051.0127,360647.4701,379679.3359,403624.9447,415796.0303,329565.7925,293850.9772,348381.9465,366083.0162,364502.3474,305469.8492,304916.7769,207906.7694
O35711_S328___1,124064.467,205696.2621,276624.1449,208957.607,193623.065,173243.5056,342692.3169,223897.9728,110531.1837,128342.8836,195919.6257,140117.4243,163898.344,122637.569,150746.439,122313.0284
O35711_S337___1,188795.1441,153217.1284,139884.0362,160452.8883,202697.5232,267600.2099,179565.5637,177643.7249,141792.9272,152335.9542,164388.6506,138533.7132,187990.4931,150376.5651,126068.5537,117446.3697
O35730_S229___1,17262.54412,33990.19462,56130.1538,31683.64461,20121.85778,22701.62569,20910.83492,29953.14418,22117.97478,28667.05086,26069.61831,23286.34906,40844.60749,33083.15348,22753.60967,32798.42831
O35730_S248___1,50991.0375,71492.35073,155731.5873,107369.8587,73366.01596,77121.06694,79388.94213,77152.01569,73597.67428,99753.29801,79337.51776,73739.7207,133866.2217,110360.3652,61575.39161,71132.67584
O35730_S38___1,130281.2987,210713.6109,340614.8631,200321.2425,196345.8352,174265.539,156306.3221,318751.1284,154024.752,188665.8273,211868.7606,157834.0731,286874.4527,168773.0392,163668.1729,179818.5769
O35737_S63___1,326929.9774,319647.8128,285901.4859,353520.5278,435536.2983,458335.4334,355770.6653,294892.0823,450687.6106,525154.1628,314917.2079,336500.2674,435532.8966,397745.6061,336748.4369,336730.4902
O35737_S104___1,119318.9105,131826.3051,154761.84,149647.9922,134280.2202,127995.0905,131977.4573,149088.5855,131318.3205,131097.4719,156049.0034,151318.3874,150668.0003,139676.2284,153489.7755,163317.7566
O35887_S69___1,195234.128,154996.8373,316323.9154,201724.3547,144892.4039,169377.8505,161150.146,260500.9663,214842.7249,152520.7173,330442.4368,338903.6992,199191.7525,179913.6277,278438.5379,197256.7631
O35955_S229___1,21092.94138,25712.77702,14379.22674,18857.77247,22188.18369,25758.22021,23501.31031,27027.66131,15461.8903,13823.55865,22433.35053,19616.77515,23727.81481,18236.97857,15488.764,18456.95639
O54724_S42___1,146961.0785,171747.8158,246927.6135,328345.1906,162568.421,161527.2876,168819.0629,113722.2735,202746.8561,148651.8177,289657.5584,267338.9625,178588.3498,162590.5456,233344.0417,208443.9983
O54749_S351___1,184759.7175,183808.0992,118738.9477,199888.597,195196.2311,217677.3266,149754.5414,110598.6877,211378.182,229193.9805,113961.9056,119881.3741,226303.9617,200826.733,123464.2096,156359.4807
O54774_S760___1,64305.89582,61004.07067,85436.98885,80276.94452,57997.70574,56438.55399,67570.67872,75957.58805,65252.38704,52225.97098,84079.39661,82186.10494,69636.08718,64632.28866,87053.76209,87202.86748
O54774_S685___1,221322.1867,185826.0948,282525.5423,317796.4465,282308.2038,319231.2869,306101.0034,280666.2816,290201.2091,203071.2965,288503.681,310436.2347,220718.5983,220675.9946,272359.7671,196115.3114
O54774_S784___1,4495143.314,4760201.557,4661454.606,4606791.916,5049699.691,5350575.153,4705397.965,4229595.064,5463561.889,6612211.524,4505523.009,4875774.845,6044585.16,5219727.922,4312467.234,4544837.196
O54804_S71___1,270231.156,298586.0234,279832.3191,292036.2312,473367.6112,613927.211,372168.9198,301965.306,454730.3821,705123.7235,313149.7586,435071.9542,809820.7214,594007.2559,254887.2838,351279.2559
O54824_S1003___1,137729.3082,131689.5505,120079.4889,139864.6794,155143.1812,134073.9853,140523.2864,97416.61017,136932.8781,210016.5508,117584.8876,148721.8425,141836.0981,165999.7258,127273.8351,158141.7381
O54825_S97___1,736500.2936,757532.3643,679827.9757,649172.1422,960032.7193,951875.3883,779321.8707,563719.3481,798560.2562,1491092.372,655654.9499,663846.4591,854227.152,853005.0008,597779.7747,600948.1179
O54909_S215___1,34367.31002,39938.05257,41566.84885,45116.53947,40693.04466,39343.77301,44905.06789,39419.47879,30451.31854,64601.69186,36232.1867,32819.69445,47943.29325,42165.92195,37881.07472,40642.1779
O54931_S740___1,1242524.724,1340751.247,718344.1028,795367.0383,1148060.116,1473296.602,824502.5783,722450.4969,1412775.122,1772959.316,831583.5021,661073.294,1475195.18,1662233.5,621847.059,573517.4205
O54988_S348___1,130435.9031,101891.1856,124773.1989,136791.4467,140009.487,221849.7022,124598.0806,110779.766,137786.2688,206630.5998,125164.6493,150780.569,151939.3461,179255.1443,104618.1568,140241.5049
O54988_S647___1,149362.9228,162934.2704,115861.5491,107940.3085,173035.8772,176172.7303,116130.9938,99981.29195,152901.6905,216985.1984,103368.9933,109812.112,193596.0888,214150.129,90545.54426,105095.9532
O54988_S444___1,144399.4707,149862.9682,151012.0537,146110.7127,200722.9407,200397.3904,157681.3055,124547.1962,197992.5344,135757.2137,135367.6744,141380.2598,194562.7702,168991.7201,126983.9668,144960.0586
O55022_S181___1,876844993.7,711573645.5,992372616.6,995425923.8,649345386.4,576472307.8,884556375.4,1057440418,674851754.2,467996051.8,1060267524,1129703516,571876011.7,626922158.9,1256913202,1046728212
O55022_S54___1,73059.59797,64270.35756,78657.15348,104355.0291,68903.62201,64390.53895,91179.65563,102014.3692,69013.91041,55243.15312,95534.50071,95822.04014,68975.1926,57945.45755,104545.4769,89786.35913
O55060_S101___1,39378.9575,41308.01866,43873.39055,42490.28515,41506.42082,42131.25111,40453.77943,41431.47877,39428.07296,57294.74195,33270.3046,42047.98088,45364.0152,43302.46078,37402.59709,37223.83127
O55060_S34___1,2083593.011,2045240.403,2057738.047,2405572.191,1614640.585,1585961.37,2241558.22,2642782.434,2376425.616,1391358.182,2229183.653,2002602.421,1961068.579,2119431.438,3006744.903,3099438.333
O55060_S2___1,269254.4564,246401.3334,249495.9076,276860.4151,224362.1037,221907.3116,282070.96,306811.6291,290745.74,214052.9816,357572.9688,310443.2337,224128.5252,218907.7901,287884.2438,323241.9928
O55091_S137___1,1037418.582,1137211.225,934379.1074,1056882.52,1111147.454,1585452.995,895975.3859,862163.6971,1347709.189,1742958.689,1165522.528,851501.8167,1420146.124,1213631.002,844873.33,967529.5202
O55106_S245___1,418034.3835,380939.3278,389175.1343,359496.8097,399006.7301,280592.5463,436464.3493,365653.1926,396458.9911,275609.9404,366916.8068,361768.4581,417112.2696,367540.6342,468187.0575,397155.4798
O55106_S229___1,49047.19838,57481.1449,51189.19691,43169.43495,55753.02886,42836.76465,63054.74754,43654.31366,45425.8611,50260.17114,42504.73192,38248.57266,60152.86548,49307.47755,43173.61533,36584.35281
O55111_S786___1,35093.00637,39852.53491,39683.65358,41446.30132,32267.8426,33593.24067,34093.10772,33840.46019,33920.29663,41222.22627,39696.6109,38367.69096,35981.87174,29198.6772,28771.6792,30649.61372
O55111_S810___1,183673.9286,248874.3192,161209.5433,222384.3722,239375.9818,250593.8189,243072.2299,174849.9089,224474.1226,281354.5085,186760.125,175783.6014,260928.2515,227180.6083,184525.1962,201884.1579
O55111_S718___1,70874.4066,82394.54199,79009.82903,97677.74606,76354.78125,80046.89661,96608.11401,84602.63138,87255.10149,79267.41474,85341.94996,68509.49713,99575.57313,70656.15323,88749.06821,65695.4723
O55111_S963___1,35022.98134,48561.36308,49271.83542,56349.90979,38312.9719,38453.38332,47704.1722,39049.37385,26563.00607,30300.02786,42541.79459,35102.20862,34341.96445,25227.05466,34428.60337,24780.87701
O55135_S239___1,85623.1485,109975.4938,87181.49063,80270.92249,123724.6481,110367.1427,104891.3355,61489.12942,93907.87713,117747.0705,48465.77909,50493.11664,113463.2545,119064.813,58253.16946,48551.08925
O55137_S56___1,151858.428,172365.3543,132933.0397,180705.0589,134247.9088,148626.1417,158572.881,157982.4311,167503.8206,125117.4831,177720.6986,156959.1894,162106.0344,172350.9287,177663.3519,231981.8588
O55137_S416___1,449064.006,497530.525,486473.5163,475159.6852,412877.2306,428579.8899,622610.0462,582857.3785,500703.7019,344920.1054,549767.7673,509800.9468,416110.8062,429997.3847,587573.1554,702025.0384
O55201_S664___1,334954.5523,391012.1013,338083.5583,382424.1905,400205.757,438184.2087,433240.7716,376003.1145,367405.9696,423477.1817,346095.8474,403284.3451,439638.973,451839.2947,359981.8824,345906.3343
O70251_S106___1,2946110.671,2919064.28,3503647.171,3733555.033,3333566.622,4214259.576,3591560.251,2262080.745,3505956.184,4560089.731,4153690.818,3359183.939,4287110.143,2960094.223,3110563.964,3633671.142
O70305_S783___1,153402.15,129435.9635,121365.4567,145994.546,171336.9954,155451.0618,156824.334,172329.5116,140743.076,95467.13882,132282.8965,121819.2525,138590.9597,96167.26459,97065.06176,84647.94073
O70305_S697___1,39801.2147,41343.17121,47172.98054,32451.10521,43056.14683,42575.87139,43549.40132,58626.24284,35885.7693,54644.03211,41513.71488,48351.91898,41430.56554,33890.68576,42247.48804,48760.82865
O70305_S836___1,103033.8144,84175.83368,107159.2616,117211.1031,96416.17085,106596.4714,122814.3816,132889.9969,92133.31423,89166.83819,117667.7539,132209.1087,93540.22584,84858.21306,143088.3113,103938.5375
O70310_S31___1,1549020.237,1451272.089,1527799.206,1523695.101,1758932.634,1873893.009,1651752.74,1565509.266,1576183.684,1752709.127,1519188.123,1638444.317,1874243.499,1591878.903,1445718.167,1477265.064
O70318_S201___1,124398.898,169530.9308,130905.0722,112447.2315,127597.4412,134656.2306,149832.4991,163284.6326,152416.0006,150650.2539,139919.8158,121560.6179,171747.6097,191698.2668,137369.2423,130280.069
O70318_S116___1,1532810.205,1808880.567,1884253.304,1816914.698,1767974.058,1859742.275,1828079.339,1667029.374,1796147.835,2299003.479,1924813.57,1811969.629,2166040.72,2520938.1,1775553.553,1546326.314
O70435_S250___1,17195402.48,17276329.29,16874037.95,16348215.17,17455580.99,16753338.12,17899186.97,17579167.39,17784556.15,18347999.79,19490084.47,18737319.11,17289304.96,18981486.71,14866422.93,14238769.96
O70472_S1177___1,124428.827,159338.3197,99469.50952,84702.37906,124827.5003,120927.1841,75172.27259,90901.70024,137777.4212,88012.16284,92833.86319,57381.76638,121969.2664,114452.6347,92186.39457,54009.40994
O70472_S1153___1,359321.8821,440822.7202,219158.2746,245705.6288,378083.8434,407868.4573,225952.3708,219190.6644,480958.17,555939.6515,268820.7236,195385.1005,445929.5482,468346.2571,208232.1127,151532.9679
O70493_S73___1,641254.1243,772741.1369,472972.1522,538360.5955,858459.0221,883406.7826,606706.5008,424643.4734,781831.1811,1589155.387,425113.099,478233.9508,1204161.339,906544.3462,405479.6643,498592.9604
O70551_S51___1,692443.0845,925507.5526,845684.85,817340.4009,844784.3138,951394.2154,893886.2492,858530.321,853584.3255,1296994.091,780507.184,807613.5548,923101.5333,918272.5659,1351839.88,802733.9448
O70551_S311___1,25739.66964,31485.34485,27102.08118,30263.64583,23990.61458,29108.9171,27012.13778,27843.37478,28280.28185,19349.84221,28036.02621,28349.75261,31020.48471,28105.37039,44012.30049,32532.61815
O70570_S680___1,65652.77072,54257.21311,49860.53179,64930.3173,52534.5212,61381.97514,70472.85014,68510.94246,67331.72864,105078.9531,78349.33083,81137.4696,84581.41154,89238.19599,87857.27509,102051.9179
O70570_S689___1,521358.8178,416446.8589,403002.1474,443362.2797,615196.4667,531208.0368,614122.2613,630412.1203,451130.8114,299923.3698,407010.1516,420912.1815,514418.7783,412434.7383,403029.8847,343737.7983
O70570_S696___1,52469.03277,46973.27283,38726.11461,48712.46859,47226.72704,52459.76955,60186.48775,53137.51967,66694.56274,64191.51268,54188.79413,60627.81882,76659.25704,62783.88093,64174.81661,65688.35097
O70572_S404___1,85434.83381,90392.69315,79017.64377,77629.38522,91056.68627,118018.7202,76760.47423,82854.61549,95793.4731,98820.97596,78769.65693,88526.6662,72246.82493,73218.50238,64902.14734,69207.44189
O70585_S394___1,22096.26235,26605.62317,26450.31979,25217.56601,17691.87166,23840.67926,25194.84,31434.79572,28009.34766,18710.11655,26523.62052,27853.99073,25757.95001,36674.07739,18683.50355,22951.71595
O88271_S246___1,222413.978,389197.2197,189760.9248,179052.3708,315592.7619,187361.9586,179712.1689,180581.3993,236013.8018,275575.1704,245524.3298,173967.9999,244582.8102,613534.3102,215557.0927,93814.0106
O88286_S1179___1,52714.13504,82084.53098,30543.37081,35264.64086,47392.94397,30348.4586,38680.55128,29721.81244,31407.50884,30638.89793,30567.46333,39478.27689,74381.36439,56233.32503,42947.01442,22915.33951
O88343_S1069___1,398368.8473,332238.8875,380415.1292,441194.0229,327216.884,285314.4508,528542.867,452095.7645,381653.184,223560.521,495835.6757,469334.4127,289347.5472,380349.6704,447405.9248,331406.3027
O88343_S1029___1,139493.13,148201.6421,129467.0706,153763.8995,111607.5683,109442.5906,144798.6228,126512.6715,179409.8354,123076.6938,231379.9972,241294.4943,148222.2969,158033.1479,128247.1911,170202.422
O88343_S1034___1,322046.0103,292788.0725,313441.7337,326562.9284,335756.6108,327423.8126,365888.0144,383283.2323,311529.6408,256744.0466,230075.8058,333414.8264,234625.0442,317852.679,253990.7985,297452.3496
O88343_S245___1,328665.0827,380753.6102,383356.5893,390364.7446,295134.2457,274615.9616,431980.0679,459782.3301,341164.6752,298050.2257,424413.1543,435570.3542,310131.163,369830.021,413660.1947,394516.483
O88451_S221___1,24232.53947,28286.70019,18129.33581,19170.98005,21504.06625,22742.41124,23485.93587,26123.76387,24248.31346,38714.8706,14725.48848,16273.15927,30745.94638,39002.89227,22340.28574,23760.28272
O88456_S6___1,28291.33199,29367.35138,23466.91288,33988.61171,37289.03788,42593.17373,23723.11282,24840.47058,28647.34463,41467.73611,18080.63418,23575.94093,36589.11581,32109.34939,23224.58123,17491.39923
O88487_S81___1,204452.4541,285149.9999,162789.879,176918.7919,302968.5728,330318.0844,214884.8333,148600.7949,189191.4999,292820.4455,192842.4211,151051.323,239715.6394,226631.5173,166227.7341,115977.7964
O88532_S1054___1,270186.6541,290213.3081,253196.4568,294603.3299,351395.9013,373536.7017,283523.6181,244498.6543,337510.8089,317183.0401,379217.3544,320697.6715,415514.8811,386650.878,256919.0977,334287.2522
O88569_S259___1,284919.6097,318506.8787,278095.8516,283818.1878,278598.5034,237368.3011,311012.4282,220605.5503,364458.5598,328394.6162,291347.9092,261579.543,347094.5581,352492.9197,276556.5558,332766.5948
O88569_S212___1,81381.55945,98150.80474,102568.7802,82208.04044,92822.90955,87455.16782,107192.8893,90404.28514,78844.34998,83326.03941,96012.87321,110179.3619,90549.64028,79655.631,66374.13281,73834.35326
O88569_S236___1,44910.70128,34915.18911,33015.76194,28437.12841,40358.46253,43533.04827,38208.82834,38534.79371,28544.15673,55619.73452,28654.2231,32445.06288,40154.64684,39567.95762,27223.99645,26166.18787
O88569_S341___1,17394.8748,12360.132,19164.82973,21074.55142,12987.57032,18285.30529,21076.91546,19534.19962,21547.02199,13811.22281,20699.30752,21053.42753,14418.69939,15402.59434,19431.74778,22945.6037
O88569_S344___1,26229.91345,33396.53439,33064.71991,30989.27948,32899.96395,32291.63479,37478.24561,34891.72842,30117.48405,25657.82703,37528.53051,34602.12194,29337.12864,27666.78142,34699.12415,38645.11809
O88587_S261___1,253822.5542,278409.1394,233837.0728,220147.9819,254259.3345,243811.2781,237954.6103,322152.6937,293228.682,252509.8309,329214.1261,256233.7532,314610.0948,309349.8626,251281.0948,287996.6758
O88622_S135___1,170503.8717,193924.6414,208714.5562,226722.3975,203054.3596,193896.9212,240135.1876,238976.9799,192384.4924,146446.7097,216671.9715,218597.6632,216632.4896,171257.4165,194171.1839,225464.5749
O88622_S311___1,38610.69998,41019.49046,54629.39216,50841.82726,44640.70853,42863.53972,52821.05637,63257.52775,54884.50759,32066.14644,65458.48335,63542.42354,53782.21307,44625.0081,61521.5509,66668.04695
O88685_S12___1,127754.6598,134261.1144,118145.6586,125450.7402,146542.0662,155574.2883,124858.9733,127780.2655,113808.2658,170162.1458,113449.4323,118619.1858,152867.4198,153580.253,107394.4417,126596.3254
O88735_S235___1,118486.1932,115254.3566,319486.4436,110479.8126,236744.5267,116523.1321,158718.4358,129634.7668,77131.49764,146419.5619,95683.65832,87130.38919,117718.4061,59674.37153,238357.0362,37967.82239
O88735_S202___1,176956.2637,156490.8184,413247.5745,138896.9713,238008.3531,117870.2661,175078.8993,141034.2205,119923.3314,184186.2816,145908.15,136796.6051,207468.107,118779.8143,491658.9569,117726.0587
O88735_S336___1,33416.53383,32175.59029,76076.8758,25530.91537,51667.17221,34936.86137,34627.45195,25720.41599,27733.96449,38844.36537,27248.73562,25908.81863,43839.94914,27480.95385,86329.4952,24627.44737
O88735_S183___1,25392.90813,29001.73634,73560.04626,26740.47897,36718.10609,23456.88025,33717.46126,25164.1253,18818.00441,32409.42065,20977.21608,18124.69516,41689.89745,23863.10613,68372.90471,17891.37628
O88738_S452___1,55940.01545,133113.6469,115766.26,105932.9789,137844.8429,152921.0075,119367.5262,109316.5767,70119.14452,138224.4709,84094.72873,86591.56136,133539.1144,121293.7659,95561.13188,90301.77953
O88738_S465___1,437035.8432,421654.5579,549419.5765,543642.1093,614733.6537,759740.0062,554605.205,451710.5009,493355.3405,581867.9379,509444.9163,466712.5549,557581.896,502670.4543,383960.1237,356969.836
O88746_S472___1,1302440.607,1706155.383,484797.219,189569.7924,1890488.068,2249169.266,396092.6345,255169.178,1929257.325,1240439.032,195704.1308,175425.1598,1819489.362,1748004.525,121789.5258,183970.0931
O88746_S176___1,199986.1221,213768.6425,89970.40863,36697.82154,274517.4307,369830.8408,63558.72597,60663.67409,251670.793,193168.0666,36409.10065,24137.21616,309816.9567,244860.2921,23070.95795,29707.78504
O88783_S903___1,417914.8774,422915.7587,401314.8002,394798.2664,407294.2353,434788.4392,452447.0861,355389.9116,358577.8584,522581.8141,363884.803,377148.0586,473159.2849,413273.1056,417956.0252,459973.4287
O88792_S288___1,363644.1597,308055.3245,295752.2036,316294.6708,429484.0703,370131.8955,298759.4567,263820.1863,357425.1951,474378.8632,220213.4982,274248.6441,527391.7102,434097.542,227583.2634,233329.1399
O88888_S122___1,30255.82372,27623.27292,19135.57369,18394.99675,19205.35296,26428.10367,18976.90092,23578.52346,19683.31688,11675.99089,22940.69455,18641.91781,28865.61238,23072.3418,18044.27191,19838.49241
O88939_S331___1,2053540.315,1887696.357,1899771.612,1933691.079,1986961.526,2002689.858,1857212.47,2216935.099,2184224.033,2423916.745,1970194.789,1855570.253,2237738.961,2328573.461,2471712.086,2369397.879
O88939_S537___1,97000.19469,106054.4716,84073.65648,86721.98848,79906.65481,84785.34989,93061.38308,136908.3709,97034.59828,101947.0026,99720.41682,81084.94476,95345.98846,105662.1618,102132.8046,109693.956
O89026_S901___1,411788.1803,651972.0597,276146.9801,231917.4444,329591.9816,463008.2362,364169.0157,310454.4222,675522.4419,683759.6204,314288.8473,246844.6912,508614.9862,605867.2988,273331.0767,271345.3023
O89079_S13___1,79889.21625,76132.68034,72718.07984,95659.53094,116859.6249,115135.1036,89654.78749,73537.89082,88811.26056,117961.2432,85567.75279,69452.86765,90901.64103,85095.09832,81335.26419,87475.92648
O89110_S213___1,10421.83013,13109.02286,11745.63213,8513.303632,12621.63141,9580.805863,12466.90181,14256.20489,15193.14523,12844.62059,14116.3711,13845.7343,12949.39874,13739.04895,11883.45456,14191.77101
O89110_S188___1,408882.1644,430430.7113,411854.5093,383346.6589,425888.0552,454727.5148,415702.4871,394199.306,383104.6652,523110.2725,317423.2775,337133.1906,463681.9551,417795.9105,379848.0058,410289.6448
P01901_S354___1,415063.5352,479089.7316,415228.3144,384649.0096,470666.5435,443270.1485,441032.2479,408058.5391,399851.1263,396672.6496,382204.1024,358841.358,524236.0701,422021.8385,387604.6625,338578.2817
P01942_S53___1,188085.1181,241129.0285,189821.3028,194326.1417,283674.4578,254825.4015,220102.5408,206375.3142,269365.791,326385.4863,213499.538,200496.7524,228684.4801,284155.7323,185224.2193,209340.1287
P02088_S88___1,787246,1243130.935,945628.7889,871010.3504,1427616.206,1220439.034,998780.556,1064001.413,1314802.835,1829409.212,942271.0997,969896.8962,1250682.088,1370858.394,766246.999,833715.9989
P02088_S90___1,1015459.419,943699.4951,929355.5189,933130.9151,1533950.559,1599997.175,939325.0644,991832.1966,1264893.499,1661919.983,943903.5604,931188.4473,1259262.774,1638761.275,745851.4915,786744.9691
P02088_S81___1,1412762.11,1852195.697,1421941.309,1433431.354,2501362.312,2263101.437,1488593.666,1371020.415,1908645.568,3845500.949,1411103.474,1360583.128,2243676.068,2342728.142,1086132.074,1337878.853
P02088_S45___1,3024221.08,3563790.493,2514188.303,2662727.086,5082918.076,4881524.102,2848131.162,2592641.595,3609214.762,7492803.982,2639874.572,2846051.575,4742617.065,5713346.634,2319690.018,2768017.925
P02088_S51___1,351414.2292,618515.2287,421721.9992,414170.9233,651126.1148,514175.5071,371058.522,546029.1854,677914.5566,760218.8685,459787.0581,443958.1455,513171.4422,576842.4309,352854.4538,446075.7938
P02088_S53___1,1593250.337,3223890.524,1916335.49,1794397.28,2888259.073,2455012.5,1835241.615,1972604.591,3564111.181,4280667.199,1870662.251,1947839.722,2684335.661,3089076.81,1433869.521,1671501.738
P04627_S255___1,40837.95703,38810.41891,35988.15746,61927.98963,50862.45924,41101.98002,70045.45641,92030.32597,38049.43562,42603.83298,66092.25511,46983.29083,54101.84764,43415.62293,31699.43427,30681.00353
P04627_S157___1,207195.3117,220375.9407,316215.0119,278394.9053,238284.3041,199460.6555,269110.8526,255712.5499,197761.6055,174916.7074,208127.5936,176923.0458,212385.6891,180239.8252,177277.1509,159731.1537
P04627_S162___1,122852.4776,90814.8922,124343.1562,148933.1295,132979.8726,148508.1909,138021.8436,135385.6364,78867.68078,113589.4422,119225.6364,103087.5625,107510.7488,103534.7602,98927.06999,99810.29193
P04627_S186___1,26473.1179,36772.05811,23457.98063,33769.16525,55849.09188,48993.07562,42222.39085,27899.97124,32858.97998,35491.97294,25222.52103,21945.5645,32757.63658,38709.31158,20509.84901,16551.88526
P04919_S18___1,4487027.933,7137946.284,4192085.18,4499484.14,5166727.545,5049820.418,4224581.972,3681943.466,7181629.112,5048257.411,4301582.057,4572881.283,4629612.042,5299158.747,3647528.603,4205211.333
P05064_S36___1,480271.6104,410235.9532,390423.1596,398160.1131,363331.2297,383815.1484,402555.598,346486.9158,394650.3843,330825.3613,441786.963,484941.048,348791.376,379632.278,537795.5611,461711.1314
P05064_S39___1,450223.9971,430500.2913,440898.2856,483688.9002,418364.2988,435806.2887,533796.8329,421181.7444,409414.4554,371800.4267,455508.0397,539749.8726,384447.7927,405988.6403,536419.0122,492372.8399
P05132_S339___1,4568352.364,4739649.482,3758811.739,3941527.582,5579785.355,5852876.401,4031522.284,4340751.733,4991967.584,6557901.93,4524841.875,4444402.94,5636779.006,4717203.704,3539117.939,4037695.797
P05202_S123___1,241930.1887,220714.995,247767.0505,271869.0979,195175.0555,180996.2851,302867.944,321165.4798,199225.1936,160067.9018,285955.155,274279.0819,243153.2528,234708.3314,271039.3939,291934.6721
P05202_S415___1,98306.71856,145110.3484,73840.51688,81148.64562,64573.28969,95439.05553,89845.10488,80178.80094,59698.36745,121349.9342,71044.81658,74643.82236,106249.2817,97954.53467,61050.62252,73185.38451
P05213_S439___1,113322.6529,129717.0211,124222.6067,132845.0519,127562.968,132017.9341,123605.3804,138813.5285,122456.9229,177853.7256,118384.7832,135079.3025,154066.1153,147106.1957,135319.8604,126692.5757
P05213_S340___1,51445.6473,60102.44636,57711.59454,65421.25803,59144.74373,62505.64354,66217.07723,72089.58775,61117.54116,77263.19396,61261.95651,65654.69161,70895.41547,65252.15986,60571.13547,67267.88098
P06800_S964___1,1895093.855,1870047.656,2186224.573,2344549.35,2522110.763,2640968.759,2504020.641,3295550.947,2261136.015,2614842.05,2521682.13,1954744.052,2006248.326,3755563.929,2925635.948,3386311.765
P06801_S336___1,536052.9518,536460.9112,457312.5771,678393.6247,487539.0764,451715.9005,566787.5006,536021.7508,608217.6228,516537.0528,560560.4572,532583.2759,507529.6255,513216.155,600268.5385,607123.2148
P06909_S1198___1,1048115.68,720572.9549,1183058.04,1054692.699,820984.1756,1009645.916,1057678.062,983071.6692,935023.1486,717513.4123,873561.3867,1052692.233,938063.496,913352.7199,1151722.626,1048459.56
P07309_S72___1,184589.1438,209780.9488,131821.9126,158582.5275,233998.9787,242751.3696,162442.9238,150108.6853,354814.4246,397084.6083,167238.1856,141933.4129,302854.3505,340448.2949,194547.02,236251.4245
P07758_S168___1,122173.4739,145856.4279,176284.4718,193716.1086,167628.6731,176428.4774,183331.9285,182307.5283,121087.4231,215817.6409,138978.6594,157294.4169,167409.2157,154411.2308,143428.3916,148984.6168
P07901_S231___1,130993.0229,108830.7267,92483.53361,104117.2464,122532.9311,145226.2646,100597.9688,91174.66788,173499.4813,117664.1932,88902.26784,92931.93508,124656.7049,136476.7179,110233.1622,94229.36336
P07901_S263___1,3284123.319,3165309.166,3386052.135,3613306.395,2043523.375,3737833.576,3123473.248,2115262.685,4109833.841,2246517.46,4608748.41,3632262.319,2976350.715,2344394.438,4701214.67,4631143.736
P08030_S15___1,407250.2025,405595.5601,447174.9794,423195.4962,376778.6412,383597.9112,421638.9076,398041.9729,381834.2388,483260.6649,420055.9737,530008.2095,398783.1009,387130.7837,384252.7462,421822.5138
P08226_S139___1,97643.8613,81912.65059,90859.03252,108284.3169,90682.55952,93381.22042,108095.8242,100184.3008,92157.1147,83051.71581,101766.1397,90488.44892,104742.8587,82984.59863,89115.26033,94202.3245
P08228_S106___1,113433.8562,97565.61788,93249.1411,84387.8206,156319.76,161213.6459,95889.75801,76895.72984,122523.2842,173047.2215,80648.69534,90735.27856,148326.0471,147615.5217,65414.83503,79942.31527
P08228_S108___1,187258.0519,134048.3733,131887.2845,151500.6462,281964.5481,299851.1608,169688.7343,134617.9049,175085.1571,279928.9734,137826.9949,163579.423,260684.5059,220127.4829,117160.2884,156492.1661
P08775_S1913___1,145899.7582,140283.3148,181939.989,152156.0355,129823.8717,137884.1864,142916.5322,147433.6572,123469.5056,92373.23777,190285.5941,128486.0401,122669.3646,123662.6832,149575.7479,130695.5292
P09405_S616___1,121719.6479,130207.1071,99639.18075,123238.4655,130729.0304,124350.0866,123775.7067,102764.9429,136857.3679,196579.607,120825.8225,119846.0448,162611.5224,144893.6034,120254.512,128790.8279
P09405_S303___1,59546.99202,66551.05457,57439.50796,54657.31769,62862.70808,63843.90387,52193.13858,50577.95566,65396.68414,101469.2507,56022.72429,69281.62109,79289.57574,77799.7774,67475.33087,57003.72032
P09411_S203___1,319931.3223,320231.2827,302458.4356,302050.54,357260.5424,376110.9489,345486.192,320301.7456,314595.8644,487929.4114,318703.7716,347416.2056,417497.0833,409848.4965,310027.3568,346988.0814
P09581_S711___1,220855.9911,220002.1055,249514.1132,226775.8401,231575.9668,199382.7073,332327.8064,209369.8245,253878.4321,235639.7128,184435.0217,189004.5792,219591.3246,173001.1739,220490.9657,227235.5508
P10126_S224___1,146049.7109,154835.9765,169669.3262,173809.4142,197258.6386,191682.5532,156750.676,149468.6602,186480.5718,243600.8164,135830.0277,167103.7794,194483.6173,206353.0355,162478.6773,136646.7884
P10518_S215___1,24255.40521,28405.055,27457.72075,33928.44181,24455.66615,28816.15445,29396.79266,30180.30469,27697.57229,26249.0785,33132.94724,27077.1709,28942.07606,29282.88118,25967.77718,33215.61535
P10637_S188___1,234013.5191,273007.2422,242919.5407,284263.5161,310456.7349,397970.5454,241537.7965,167363.1769,307203.3939,870994.709,197448.8979,225678.1295,592695.2591,293813.5922,166434.2307,261937.9322
P10637_S491___1,4651.159305,5954.826567,10162.24841,14334.46612,7462.681178,10000.66254,8864.871538,9997.093339,7882.178047,17354.11364,7740.807108,12186.8179,17318.1637,7947.651859,6813.345765,15449.31873
P10649_S67___1,1446610.984,1788174.64,1720745.95,1915047.196,2195562.293,2222631.179,1857004.736,1665221.053,2412502.414,3375606.447,1957774.607,1778817.958,2739661.016,1943209.479,1789151.63,2001143.972
P10649_S27___1,346470.5985,364699.5533,350451.2393,441798.7425,436713.7817,475003.0537,471859.8968,413634.1212,455343.6813,512110.5336,408671.4297,371390.333,561041.8272,419626.4351,455418.5707,487838.6334
P10711_S100___1,64418.45228,90691.50985,49713.7996,41338.33838,60002.38671,51733.64582,50814.78046,73749.4483,57158.90137,89847.79064,47870.11147,54260.27767,78049.6481,100589.348,61365.93035,68470.12614
P11276_S2475___1,5845385.372,6801680.129,5706516.484,6501995.368,6951396.84,7866883.836,6690877.958,5801782.123,8017469.811,10802853.03,6024927.393,6805406.476,8836201.74,8239863.383,6193622.576,6481358.868
P11352_S32___1,269506.7781,308005.7873,309848.1509,260638.0829,302319.0601,278510.0957,274229.793,354301.4461,282920.2804,399425.4402,287732.6758,350800.7137,291964.3801,299646.4108,311526.8701,299044.4319
P11352_S201___1,151748.346,188602.6504,158654.4474,152285.2624,196666.0808,205337.3805,165925.3794,140145.6513,173653.4063,240388.06,139139.4829,165395.0849,222795.3921,189991.6736,129002.3859,147313.1865
P11499_S226___1,1180749.38,1470963.667,892293.0745,1194127.742,1202386.718,1583331.44,1157395.397,1018842.808,1746432.36,1227889.818,1159130.609,1079992.588,1612166.777,1269991.039,1274739.877,1175209.229
P11499_S255___1,14736951.2,17252019.67,12197293.6,15915943.41,21255725.69,24236695.76,15514388.38,11425364.78,27133033.71,18168229.42,13297389.62,13635612.75,25102168.65,24126576.61,13308065.15,12889818.04
P11531_S3617___1,779397.5023,955417.2581,814566.5466,823251.5375,831295.3663,650567.1029,841352.5397,752821.9563,820673.3099,533758.5107,894962.8548,827770.6991,874116.2361,657330.9719,826026.8396,618690.912
P11531_S3493___1,43502.7262,44845.19666,39489.51923,38936.01674,54252.52754,49147.55014,50067.88473,40896.81522,39016.12019,51433.54967,33241.21635,37862.67432,50835.92904,43472.64294,32458.93408,34121.68265
P11679_S24___1,819268.7398,1315531.4,1524759.837,1459618.084,883029.9642,954466.1285,1425202.111,1484634.287,827207.4097,689070.8412,1384385.546,1177975.658,1074422.746,1000544.543,970033.677,998261.0671
P11679_S485___1,71452.73283,72185.71749,67751.60708,66487.13899,82156.82105,90657.66838,85691.02966,84859.73204,68099.08718,69731.85885,67421.01021,73803.759,76553.18009,69299.07735,53220.06529,66067.25661
P11679_S489___1,71113.76035,85680.23388,65585.30276,80689.85594,75753.20405,84420.29541,87649.72907,100354.0276,75953.34593,76430.87442,76634.03903,84621.0237,100512.1006,96621.92238,68085.8868,88702.97748
P11679_S47___1,651116.5722,713711.5175,530962.3102,583117.5519,907749.422,1017972.764,698077.3808,601198.7796,660625.2481,982071.2784,460480.4352,579394.1888,863384.4158,663439.7678,389852.5409,401334.3222
P11714_S138___1,136774.2267,199301.9964,181912.5735,204027.1447,142214.2711,135394.6827,219387.298,253150.6403,139187.6938,101995.3682,229750.7491,152462.4123,153327.9692,135744.8793,160703.9576,168227.4746
P11725_S296___1,49141.46979,49393.66749,60084.78741,55001.07576,53178.88046,61067.19834,73832.88794,56176.15006,49192.1453,79518.49451,42001.98479,53642.53099,75806.47205,60333.19233,46649.32315,45926.00867
P11881_S1740___1,2271432.298,2604721.085,1889780.387,2584873.807,2962553.843,3017310.769,1984278.327,1905613.187,2408371.882,2680218.897,1758538.227,1928266.41,3131628.788,2608232.383,1433481.796,2352599.007
P11983_S544___1,28333.18625,34403.33525,35523.20223,35428.38673,32275.69092,35643.38913,41700.55915,42832.13055,33410.99306,38438.08272,43946.68493,35662.70139,34050.87386,33517.93971,33270.48176,33330.71466
P12367_S96___1,1996732.179,1915435.989,2217022.559,2279000.16,2293252.261,2490514.024,2462396.663,2120241.274,2293896.752,1757778.625,2066903.731,2115751.002,1872735.723,2007244.676,2036411.302,2488258.116
P12382_S775___1,260233.67,200017.4829,204687.7846,240300.3427,284530.8874,380346.3718,299000.921,214446.4157,275775.9329,181312.366,190826.717,155316.5746,213213.2752,258522.6578,174249.0526,212875.205
P12710_S100___1,761934.2798,890452.5975,797762.4603,903127.7908,916537.0946,865581.7415,702800.1494,799623.5426,988028.8864,1935888.792,739874.2384,803918.6299,1305517.065,1161908.088,982250.9054,1148625.246
P12710_S11___1,915809.6737,1053609.357,806313.062,911175.3747,1042159.199,950702.1335,790488.7767,904415.9141,1158175.436,1878336.37,782375.8292,856096.9161,1335307.981,1313487.04,923938.8332,1111701.29
P13542_S904___1,7881869.783,6535719.701,8349673.506,4401094.432,10525696.77,13427858.27,134042.4845,1560262.975,61435439.6,3255825.559,7766288.797,4003166.709,1011274.598,5928849.665,4245177.299,5581212.953
P13745_S142___1,142339.8265,127107.8228,131258.3907,172299.0106,129630.835,121692.137,173464.4714,151664.0356,135913.4703,112189.8992,144279.4736,141649.9755,146916.5363,137117.8546,148908.8812,207753.3132
P13808_S131___1,73457.76324,86329.66439,101472.4721,83418.75185,129914.5981,132900.1917,141991.1212,110253.9871,113224.9479,116075.6022,118153.2899,111173.7221,99637.80572,103274.4081,87679.09479,112975.4535
P14152_S89___1,26922.88788,28401.5259,31090.36266,29685.33249,32842.65944,37793.11196,31647.14753,28974.83807,37333.56083,46179.17131,26999.9537,29479.44206,40169.16151,35813.92076,26568.91235,17373.35896
P14152_S189___1,581930.5492,587022.6211,632044.3041,453891.5641,719386.5916,832647.7304,642215.0909,641520.81,742204.9667,815146.575,491413.1195,614794.0564,716544.0226,688522.0705,508003.4484,461113.1044
P14246_S522___1,2360698.746,2752692.171,2664513.169,3159381.41,3069033.448,2579135.543,3037583.91,2265738.104,2742644.499,3207342.417,2412230.738,2147106.568,3531034.148,3314603.266,2765347.618,2697210.068
P14576_S18___1,307422.015,305391.222,273833.2286,251931.5441,325213.857,364066.2115,300742.5691,206242.303,273781.694,309259.9079,224231.5534,215017.83,309641.1106,265047.6774,212979.3925,185632.029
P14602_S15___1,4861116.549,6963312.915,6093803.684,5798485.345,5740964.771,5424364.731,4941679.593,5145933.258,4931306.919,5380886.719,4371894.881,3581883.018,5214369.396,4217256.017,4131872.742,4625445.096
P14685_S45___1,14981.92003,14208.37078,20526.1178,22079.25038,22301.28802,26194.19943,22641.43786,18985.34451,17415.04279,16175.0422,19767.86897,21381.09052,22866.93645,21425.9279,20836.74791,18428.10135
P14869_S304___1,1832101.271,1301248.879,1419670.509,1430232.655,1472312.049,1749004.543,1248589.059,1042643.57,2078229.245,2971768.698,1514597.445,1649865.425,2084978.462,2194482.858,1515735.128,2288068.226
P14869_S307___1,3597505.236,2950725.773,3952093.088,3589651.817,3868529.046,4513594.355,4224346.537,3447070.483,3970596.4,5168906.993,4876024.911,4942776.133,4504060.526,4358804.314,3753960.737,4599493.869
P14901_S242___1,35905.92487,48424.5604,38466.30257,42977.84298,37990.36008,30301.80907,44290.87746,40007.46605,32979.19524,18768.00226,36042.08843,31528.44257,46964.71758,25226.72379,33433.78152,32487.64824
P15105_S343___1,761360.7305,799441.9771,657450.1339,701245.6282,742083.011,880744.0057,751014.4077,843504.4574,737194.0562,947625.6063,694669.5518,754050.1377,983637.6904,1055354.961,701709.5052,689432.7752
P15105_S19___1,133128.2286,128290.5641,148943.2883,175100.1952,127911.1484,131610.8701,185709.5405,187556.3095,129714.5788,113246.41,170881.1578,161821.6217,134989.6082,118996.0309,173520.6514,178394.8099
P15508_S2116___1,161711.6197,271290.2284,165653.0601,153600.5729,241611.6387,225095.753,183790.4249,190530.0604,222838.0352,243663.3218,192173.0772,173819.503,276463.5527,204948.2948,158139.4315,136435.1301
P15508_S36___1,149380.5974,163139.1971,153420.1659,170626.1806,152760.3688,137916.4194,156080.6536,163462.7299,164438.3969,117222.8594,169535.3263,177894.163,127495.7667,132969.6896,172841.7089,192207.4845
P15920_S695___1,762657.3602,682721.0147,827453.1077,904441.9636,658989.4366,769351.9903,913351.5472,799114.2856,767190.5126,728837.3816,915035.6564,784510.1348,735862.4178,761530.2399,843036.8813,716262.6534
P16015_S48___1,257826.2903,252895.7825,289963.0432,312604.4641,331509.2659,367202.9273,382068.846,326000.4429,304264.8692,306416.6032,302331.5274,293110.7241,447537.6306,351597.834,257019.6656,381632.9725
P16015_S50___1,383609.2512,293525.8528,295388.5722,281622.1223,379079.5258,388494.4392,337084.226,269200.6881,344106.832,413445.7329,262864.952,273356.633,399360.356,357967.0378,273065.775,345712.3475
P16015_S9___1,1047155.017,1060910.923,1026468.514,1026021.617,1163163.238,1216692.828,1103317.834,1093011.249,1128290.675,1455947.108,1027666.376,919431.6818,1370680.868,1225081.896,1005210.384,1207075.625
P16015_S29___1,27669.51735,34703.59846,25182.8001,28730.31509,23724.24974,31485.85955,28456.84633,21719.61883,37671.19609,27267.57858,30464.90524,23386.34793,46139.49402,43481.22639,30596.21047,50580.77949
P16056_S998___1,35942.84544,41169.8528,34581.21787,34034.80473,41056.42347,43299.22541,31908.75732,43237.78856,42109.34082,45195.8722,27322.74077,31726.34941,49106.90669,39755.59775,25461.395,26117.31541
P16331_S12___1,53842.51577,59293.33828,51397.91361,49820.70956,66823.36359,66720.08791,48179.96552,51357.06226,56946.79627,62292.02707,43899.05248,39959.70499,55067.33081,44092.7009,38763.40083,36405.65521
P16331_S436___1,105958.5642,173537.0583,133284.1834,136499.4644,167549.4823,160060.3658,158882.9315,142388.6346,133498.9707,145193.8923,94083.94008,89605.40452,135943.4817,117506.8626,93457.07399,80352.36123
P16331_S67___1,64096.6271,43091.92783,65216.33453,65545.9898,87655.97838,79068.64339,76921.86546,68533.82833,55068.44713,66175.40829,54607.81139,56208.88229,66691.52839,42489.78076,45293.92968,42185.83163
P16332_S497___1,130387.8831,205334.5568,138525.0368,157321.1748,165640.5726,187485.938,157098.7232,142246.3821,162515.8092,278589.1863,118674.3268,157145.8708,212218.4748,206045.4511,115301.052,164760.4038
P16460_S219___1,2521035.82,2358469.344,2828795.196,2785268.972,3528332.308,3395734.802,2966029.69,2756888.741,2744006.074,4015221.008,2588125.326,3141849.531,3678813.222,3328369.549,2410174.61,2728662.309
P16460_S278___1,91927.786,82794.05204,126385.9993,98019.79383,113857.5431,123897.8957,111869.3578,90535.34894,108020.5262,138214.25,108448.8693,127056.1895,121239.4439,114229.7886,106828.0211,92352.2906
P16858_S208___1,149908.8953,114400.7884,155633.7078,170143.8726,134569.3844,129691.3843,143098.9447,183668.5654,125992.7891,112434.8173,151786.3132,148039.6429,132095.2488,149962.5594,141228.2384,153922.2017
P17095_S102___1,481958.8153,349295.9382,528912.6,421916.0081,456050.2482,412054.9945,406884.3266,578924.3203,382272.6014,908413.2306,580400.6286,517272.7479,391833.2219,446638.017,618978.6939,724760.0201
P17095_S103___1,441395.2606,343127.6024,472794.1027,361164.1344,425128.1699,370926.0216,343934.5079,659651.9541,360439.8073,820564.3711,569598.3391,550968.8651,371667.8155,419411.8419,498727.823,698181.2062
P17182_S40___1,35331.0783,51035.07334,31961.12042,34313.80753,58332.93398,53438.90597,36519.58859,36827.79466,42210.89784,79996.91449,34920.06519,38036.69189,57550.71739,45162.25207,35791.76038,36180.54869
P17182_S176___1,68017.94033,72950.74861,52306.15208,57812.99475,98077.69914,86098.17045,55901.55559,64604.71277,65952.50439,129760.985,50421.40372,64035.77442,102700.0952,69706.07941,62418.43368,48078.57203
P17182_S254___1,584329.4363,632939.303,687482.6951,628239.1343,753653.8932,651398.323,577557.1566,821198.5677,491287.515,711336.8117,764068.3651,811063.8647,697555.6877,565161.2705,851017.3988,738277.8108
P17225_S16___1,390971.9184,311692.6133,368253.2404,339188.0088,359847.5311,418490.5963,359651.2467,326472.3,393801.2849,493476.2714,323858.9816,350907.1538,439142.0603,449312.7215,402010.9779,417543.0603
P17563_S360___1,236082.1831,290785.8815,145209.3424,292701.4152,257092.2966,240998.2708,274428.0906,140937.577,260270.787,323502.7811,155368.9053,163682.2647,315532.2797,331264.0201,211019.592,350971.4373
P17751_S212___1,138518.7421,155858.1296,124734.0831,137742.1848,135736.5401,164708.5812,135090.26,145196.687,160437.7776,167459.5038,139807.0689,126714.2181,184787.0157,148733.6159,159577.6441,192437.3626
P18572_S198___1,352341.0551,296401.328,247059.9839,270868.5397,417231.2427,456125.8399,286157.0663,249314.5695,367613.0883,551838.1243,294726.1092,277818.0806,376701.6687,364409.09,228423.041,219097.4953
P18581_S645___1,1494467.531,1671034.666,1850988.197,1411177.85,2517592.193,1820153.871,2187483.971,1688968.273,1055884.726,1132550.922,1616122.063,1377125.158,1804013.151,1282585.221,881153.3374,861616.9114
P18581_S463___1,200850.0919,195531.859,244076.4906,212261.7827,159396.7706,150465.5043,199867.2215,154878.7408,90978.12512,117331.0949,112890.2739,144033.7201,205841.4162,182803.2249,123801.3049,240626.8478
P18653_S221___1,441033.2142,478993.7118,395963.2703,408292.8413,670005.6043,638419.3096,448779.7869,323957.7144,477693.7097,859571.6093,335266.3693,344928.0728,689990.8077,696447.2117,311318.7231,287352.2661
P18653_S369___1,319901.8261,531363.1222,534875.9056,498734.4167,624753.6441,408046.8948,508203.1129,350615.9713,327430.7895,523332.1616,390877.4395,304354.772,558572.2795,405611.9683,224300.9276,220595.1962
P18654_S386___1,85785.99982,93485.42691,92289.16025,110961.8756,151408.6172,191844.1786,129031.1838,83074.52736,89961.94186,172557.0115,84081.90406,90548.3316,118760.8882,145841.8949,73067.66155,76744.70737
P18760_S3___1,4202761.498,6274381.876,2141478.281,2724938.699,5174951.336,2437219.531,2929959.6,2498818.633,5193709.223,2450840.016,3117329.718,2131137.266,5103405.166,2222955.523,3598914.78,2537549.868
P18826_S759___1,501508.0587,512637.3726,548297.0854,516682.52,552980.5811,594313.4828,461959.323,579948.1627,391796.3415,372166.3614,380891.7941,419615.2113,401914.1755,384542.2334,402054.426,441442.1356
P18826_S986___1,211551.455,192534.98,225041.3079,214547.1035,272805.5905,254592.6892,164509.7681,197424.8328,130157.0071,107975.9429,130538.147,127544.3942,172624.8586,123048.9653,139379.3587,147822.152
P19096_S725___1,56702.01315,53127.72004,42887.97347,58685.44454,82389.07091,75459.29026,100071.7107,44298.35176,82105.64252,117321.6919,49853.30538,51553.20654,84831.29075,85145.95104,69735.48579,52740.96773
P19157_S195___1,277652.3511,253751.1172,285668.849,249785.6578,218881.781,207802.5097,245753.1126,328402.6207,227654.9398,276770.5488,353472.7373,324412.0818,288368.5719,211796.3627,407414.1379,313543.3905
P19157_S135___1,1229616.071,1314656.112,1375223.331,1204041.767,1391598.96,1438324.66,1330399.446,1607338.664,1374130.912,1968455.256,1345579.912,1496924.847,1625887.191,1492127.708,1341858.011,1388348.647
P19426_S113___1,34430.94912,39106.17521,39622.33606,54689.99411,55304.56624,50823.16323,43927.35823,46361.36995,42692.82767,62960.57069,38833.28008,35624.58838,53097.87395,49361.11685,29610.50577,24540.26809
P19426_S115___1,99019.84444,104812.1675,102506.6715,141154.9958,145420.8011,125363.4778,112211.6069,120049.6285,112502.4699,135645.0251,101870.4095,88925.99444,123098.6414,109133.8117,84269.17847,54488.74395
P19973_S243___1,1611433.28,1556525.99,1247552.668,1610664.601,1888712.2,2311507.709,1769631.737,770773.1477,2089260.502,3487911.81,1522584.773,1521671.344,2928358.39,1879361.5,1352129.84,1297969.03
P20065_S2___1,1502357.944,1044158.494,1436211.175,1536972.29,1784186.049,2034023.001,1427823.25,1112122.385,1189598.882,1735437.132,1491648.128,1624075.441,1282545.345,1204826.455,872690.973,932166.4526
P20152_S214___1,49368.53868,60231.28078,40664.97624,42261.17469,49724.0469,57756.97412,44856.04297,43844.41671,58305.71821,97615.26745,36286.71526,41143.82801,64422.9825,61110.21374,48036.85236,50024.10001
P20152_S430___1,720590.9891,645730.8659,744866.1169,819701.7793,684116.7289,683541.4738,721189.9502,491325.8499,644690.592,756395.9611,557888.9293,728077.8416,508823.6301,856051.4413,739450.6164,642449.8757
P20152_S420___1,617712.4547,689138.9945,716238.1913,770635.5066,673944.6779,690994.2352,643612.5152,527432.7493,573462.4918,918786.1039,449018.0068,622346.0571,486147.8438,829580.9215,645627.7368,508029.6322
P20152_S325___1,441975.5674,455963.3794,377931.4724,365866.6845,516116.5554,475819.601,388034.3029,362376.3534,508796.2511,652273.6898,360826.2444,382616.3152,446251.2548,483449.9569,425844.0566,421118.9301
P20152_S39___1,1475352.181,1045607.755,1130370.136,1380043.235,1312774.384,1822332.723,1215691.798,1212588.809,1247221.009,1315533.573,1166157.949,1399803.21,877172.6024,1036833.821,874500.3168,1437727.146
P20852_S130___1,1654800.448,1725680.661,1644868.919,2504340.533,1738831.915,1718447.715,1984196.008,1598352.623,1746918.608,1364440.81,2072899.675,1199755.783,1681366.099,1438559.571,1625441.273,1561294.645
P21981_S449___1,88218.39732,89562.91306,63043.88919,97610.08248,82350.75081,96181.0252,81896.37041,67787.41027,108189.7421,97005.83269,76278.93832,76311.33802,105628.5188,95562.67039,76385.86011,88087.06432
P23492_S289___1,137030.0224,149559.0888,156515.6862,190586.2226,150820.1224,163590.3935,194733.3831,158593.0096,145992.7252,235318.918,167719.5271,183989.3135,195830.3008,170828.7543,155323.0267,161385.1435
P23881_S113___1,880998.9294,1122506.607,896484.5931,799575.6501,1065232.844,1048513.283,754855.9732,765831.2393,999538.0922,1366047.183,886659.1008,926624.5684,1278437.782,1214654.528,710776.6029,706488.0181
P24270_S21___1,762007.2879,732996.7415,662207.1524,722217.1173,680856.847,786787.6107,734868.6057,641806.5518,736044.4911,948760.1269,668705.1895,659708.5112,901436.2941,790575.807,707245.9199,771348.6772
P24270_S517___1,13054.98344,14692.48506,18555.72855,23102.43102,11526.0504,15631.62488,16427.07281,23223.3842,13977.39737,17900.84648,18844.45994,18243.03343,18801.4754,14867.4905,15437.69688,24355.1726
P24270_S417___1,114945.1509,102849.9425,128148.5033,110872.2642,95830.99331,99340.53153,135677.8155,112550.1916,119765.6534,92986.80683,131017.6262,107456.3939,100320.9391,94551.71371,134963.6896,130850.4808
P24270_S422___1,143355.2225,124169.9207,147949.264,157965.0139,105121.7167,114325.4143,164747.507,147530.5801,135699.5659,109878.3712,176893.3226,169339.526,118755.5513,114305.9827,162622.8734,170281.8872
P24270_S2___1,18524.88337,19536.31942,9325.575683,11022.06952,17820.4705,20305.50168,14805.50717,17316.33731,21858.85524,23070.18883,11144.91007,13830.13597,26556.92419,24500.41446,12462.00883,15136.58107
P24549_S121___1,101304.1815,112673.3517,124384.776,120355.5712,115433.6242,132524.0586,127728.7897,115197.1239,115718.799,180469.8318,92543.68086,107567.6653,134925.2351,126239.9985,83821.84849,100566.2474
P24668_S268___1,349997.588,314795.4773,265975.4589,237522.9564,367972.4957,370894.9496,271290.1827,218060.5421,329000.8693,646389.5502,223051.5696,237734.3676,427511.5775,484745.4712,276589.5775,240747.9558
P24721_S21___1,29919.65199,24819.01609,40116.44644,29470.13349,29040.07921,28817.26922,28126.19899,30117.93303,27332.59123,55702.61513,31417.92246,30621.2427,26498.5159,20440.09561,28505.72817,29406.01866
P24788_S270___1,112074.7623,199263.7636,182073.5777,171881.9187,148721.6842,155009.201,190074.1978,128221.9748,204000.8216,272890.0962,166870.2715,239571.232,223155.519,183001.4685,164687.4203,202389.8558
P24788_S65___1,305282.9621,330512.6384,389058.4212,364746.1736,324017.8576,323801.2187,341131.1215,304953.58,418213.6505,399685.6093,339987.9051,446608.2825,325065.4811,424479.2067,287143.5761,294063.6324
P24788_S47___1,14059.09241,20205.91494,21377.33372,21690.68566,16705.72011,18586.4706,17464.4563,14913.36788,22175.72829,28078.48395,18102.78037,23147.06546,21568.42042,28734.7546,14185.52031,14740.39943
P24788_S741___1,133565.8528,180293.793,148916.9179,134908.673,176832.2855,193954.8191,134274.1894,115685.6813,228534.712,205869.8154,149336.3195,155751.9859,194666.64,227693.5136,106523.0766,119382.2726
P25444_S264___1,590877.452,574644.2167,580255.9123,616970.7957,709141.9472,696303.1455,674873.0487,477895.9662,619122.8598,1050990.373,570992.7506,608401.7949,814398.6271,704744.8406,604517.8974,628267.0673
P25688_S63___1,113871.6598,82979.27336,109891.8037,88823.71837,134674.7593,137902.3991,117590.2384,95748.22867,110064.7744,152670.0925,105658.8475,96009.1513,124822.4998,124991.3077,92798.01088,99143.60549
P25688_S231___1,215453.7196,179801.5936,214142.3028,215292.2659,195588.6984,243435.4978,256692.2654,218340.0075,193527.6377,176918.1736,252109.1604,249223.0753,241544.2402,203804.1833,238587.5173,220018.1162
P25688_S168___1,75183.05235,65965.56704,89614.10175,97390.94041,89996.49328,115922.7335,114595.0515,106655.4446,91094.31985,127110.6901,97307.93616,114401.9875,125415.7473,85157.37573,100039.9151,84944.53212
P25799_S940___1,177249.0666,210220.4303,139821.1218,150709.5657,192976.6178,214371.0607,174318.3051,128742.249,181029.8502,249878.4063,129912.9343,148904.7457,242773.1154,222023.2769,159766.1064,132309.288
P25911_S19___1,62116.21993,72687.93261,60637.28034,54486.63751,66553.84473,59145.29636,67154.42299,56158.32331,64730.81826,69440.32685,61319.22545,61279.60397,94960.91551,72073.90258,59770.07472,73474.64006
P25976_S433___1,124703.3731,121521.9207,131775.8201,125335.2572,119197.7098,131932.0949,128385.3386,128138.9174,132348.1795,101149.8862,119422.2301,124840.789,140361.2226,134311.6416,114596.2043,119867.8126
P26039_S1631___1,51904.08656,46233.50982,50700.54511,56083.91323,54527.33341,63651.61125,56261.26343,61561.26681,56574.65009,51217.86082,52189.42128,55112.83647,57217.98179,55564.8528,47602.8901,53141.52323
P26039_S979___1,423118.1377,516754.4224,472199.0366,517836.5863,471234.3836,502244.5378,455456.4263,487483.3629,482067.5206,680113.5734,446067.5312,496746.2766,641900.3926,569206.0253,414563.7637,555885.4887
P26039_S1225___1,52630.67335,59029.12334,57444.82865,65365.46541,53900.9102,63020.66021,63508.26562,52901.04733,47217.38948,82208.31982,51995.52433,52779.33126,71565.43211,58777.38186,60175.22547,56916.55138
P26039_S446___1,56580.77513,60634.65412,54674.11003,63022.94254,66207.26956,75864.31632,56849.00381,54976.29536,70758.23993,74170.3676,52257.48,47197.51633,62808.78524,63923.00896,44663.77157,47906.46638
P26039_S2040___1,141843.4814,190613.7084,152844.6264,150409.327,170799.2901,193022.601,168245.3111,183919.8777,154525.4372,226381.863,132297.7009,144142.5451,193437.3066,181418.5666,136256.4,163468.7845
P26043_S532___1,164498.3091,169567.7678,223931.9751,269630.424,218907.4662,213607.3832,286821.3881,253093.7249,131036.7856,128740.4759,180583.4056,164191.6384,140807.3274,117425.7069,115916.8369,132731.0072
P26043_S533___1,80082.4747,80769.28843,80212.88785,109465.6412,105210.055,104696.3406,102246.2409,102468.0842,67558.96827,59227.81581,77525.29432,70454.00599,70053.72802,60729.92183,69552.78172,58024.36078
P26187_S199___1,29586.30867,35279.17153,29609.25001,34742.79547,39501.30755,39161.98626,37296.07594,29569.94843,24293.78448,50791.93116,25536.74412,28086.88739,48987.97826,40226.58326,22768.4127,26399.91536
P26231_S641___1,6005312.841,4672187.1,4492877.07,5678627.551,5717508.049,6438396.293,4833835.337,4652347.006,7167671.3,8283615.215,6276884.52,5256716.252,7058965.395,5089195.199,4169108.821,4592951.33
P26231_S655___1,73646.19819,65317.26086,104819.8252,79434.26276,57660.00375,63198.70603,71658.02851,77849.35223,67785.2609,47212.90845,108020.7518,98561.44683,54758.24643,55866.65372,93620.59127,103487.2739
P26350_S2___1,252033.8294,246605.8666,436138.4129,506092.2904,351305.366,308773.3383,314431.0829,462363.4309,589396.5392,191904.8605,725679.2117,734890.2346,475521,176148.6104,418348.0992,748325.6472
P26350_S9___1,59850.63079,52461.13152,124486.042,147390.8668,100589.5354,84626.43142,131044.2456,155306.9198,121257.0657,34970.61266,166802.4654,170334.0963,79135.10473,38992.66539,110400.6683,190758.6661
P26369_S79___1,107499.3488,129709.3805,81599.66988,115561.3271,74920.50966,85516.17365,84261.50087,102981.5365,87735.75219,93051.74944,92396.49661,81148.80751,117990.1449,161979.5734,88838.58456,86106.25031
P26369_S2___1,59725.57298,45415.97674,46281.51086,47872.64715,41689.10354,56607.27922,44697.52768,45706.31811,49558.8829,46523.60405,42307.55256,46236.65237,51858.03634,61794.66424,50686.07935,43169.06758
P26443_S128___1,183739.8874,201072.222,230213.4442,220491.7007,222349.8095,241218.4079,230812.803,239286.0383,196872.0142,256278.9413,217014.7114,217199.3582,258430.0025,209936.4054,200093.6401,197037.2394
P26443_S79___1,220326.288,241921.2155,208448.4051,237945.1279,278312.2049,258712.7929,264217.9543,259186.2068,263600.8591,392097.8845,209780.5416,238194.2347,316494.5377,332602.6941,217394.1373,220850.7862
P26443_S227___1,212448.8924,254033.5662,253990.5757,274633.3902,297601.7376,269246.0771,300671.6412,269281.5893,262801.3619,425902.3034,228164.8005,282417.4552,346072.9209,309946.1458,219289.7219,238319.1478
P26443_S153___1,291248.3087,238802.5004,356228.7702,351159.1938,342571.8312,289191.7628,385094.8404,356747.4885,281480.0951,281371.9068,330272.4922,333463.0822,320387.1121,315483.961,320926.9444,325910.0272
P26443_S370___1,90072.18599,81752.38355,65407.88958,76250.80669,101951.8986,104065.075,75645.865,71719.62817,90363.54109,121525.7466,70608.69102,78067.4521,112326.9346,100797.3468,58202.0748,54723.35257
P26443_S384___1,56411.85618,52934.34793,50828.16495,56966.10455,66014.36618,67513.57476,62830.47476,53809.86917,54187.94229,82869.21175,57230.266,56782.44871,86400.40548,65873.72358,49468.39949,48912.2563
P26638_S262___1,7549.360077,5935.774344,7642.891688,11696.53014,9937.158579,9793.851238,8738.690778,7359.378478,10851.7006,15615.08138,8131.254146,7667.653215,12769.82117,11508.72279,8851.297813,7695.280886
P26645_S163___1,1071333.122,1441804.132,1418471.091,1726046.938,1169147.939,1188515.872,1462048.127,1461909.206,863697.0032,1491344.941,1738551.175,1852422.67,1239927.788,1363432.2,1789717.404,2377703.639
P27046_S80___1,134926.1566,131470.5177,115197.9968,139800.2794,149157.4247,139345.2638,140617.4845,141146.9899,126382.3493,185733.4728,143366.1367,135693.1615,148745.4649,137446.8655,122419.7068,124760.6834
P27546_S667___1,122256.46,108119.7861,123042.9721,128784.116,112319.8297,110302.843,121872.6198,108983.8119,95906.54162,69881.1962,141990.9514,130120.6212,125451.9339,92478.0055,140707.0983,117519.2944
P27546_S785___1,19383.76395,15228.60572,19362.15838,18519.22313,13829.24101,13563.55583,16550.34748,16806.8657,14971.63973,13591.06761,16321.70911,18649.18916,17096.34895,11569.50829,15870.88541,16328.51632
P27546_S475___1,314187.7937,329966.5031,326139.5832,383540.063,410927.6826,460678.8069,347891.3933,319471.9781,313441.7889,341723.3423,280703.666,307540.2289,320001.9615,328194.7443,291352.7936,275311.5485
P27546_S381___1,33177.68448,39682.28645,33838.20121,41949.35529,51601.18371,37332.95776,36825.35932,28032.19659,35951.36731,34835.70405,24108.17532,29132.85321,47230.28852,44735.98988,25248.80588,25702.52889
P27546_S598___1,80076.51359,93477.3499,90842.43979,101281.6312,90642.67093,104197.5096,102413.6149,81694.00327,87865.10494,77918.71203,85511.28877,101286.8835,101860.2595,83939.51253,73328.33583,79599.71708
P27546_S901___1,329345.4237,316856.0649,347159.3517,370893.2665,311172.8637,316485.6122,331449.3992,391146.6927,259642.776,212911.4409,401799.327,367896.3768,227945.1467,224919.2469,323619.8497,301242.5998
P27546_S506___1,49628.96663,65044.50167,60515.73089,59385.20662,69844.40321,76425.42218,71602.65008,63618.2414,70314.19113,70847.05476,66428.07729,79139.99291,94985.79362,74649.93785,60523.18483,60809.31121
P27546_S1046___1,391724.0482,350672.9782,444842.669,458794.4129,306177.5878,240299.7438,372871.4312,356713.7979,353674.1466,168020.643,446637.9771,390579.1166,343850.1859,266568.3599,413882.6506,346479.2879
P28028_S787___1,121842.9187,136604.7929,95021.22255,102916.5998,156080.3996,180825.1901,96912.43861,102102.7508,125025.8353,186359.6799,103848.6457,103755.6084,191134.3696,172842.6943,104626.9773,80353.65555
P28028_S483___1,261009.5129,264516.6264,204807.3245,185858.4087,311638.9045,332355.4172,230493.6983,236177.7399,244961.5751,349786.288,207837.4327,236104.3312,350988.5594,291231.1303,211542.9927,189132.5829
P28028_S766___1,24430.88333,38954.27502,22634.96489,27115.29037,24054.24712,30976.35356,28979.72388,33450.51803,22501.9768,28362.39313,26424.63947,22147.30808,40835.27017,42555.66488,22834.09549,30407.86167
P28230_S233___1,597803.2333,371566.4937,285292.2592,279809.242,381375.1315,472015.8939,208598.0932,236039.2782,307883.4562,331259.9838,321305.2368,259722.8673,393557.2665,383496.5661,258547.0445,229371.1208
P28230_S258___1,20930330.98,9181926.284,13066608.55,10935567.68,15266029.27,19534022.65,10106102.34,15060591.82,10954449.17,8508472.563,17454268.61,20330534.76,11236686.9,11485508.95,9019213.15,6853308.764
P28474_S247___1,600692.5136,511128.6543,494726.4627,476154.2478,676233.0174,644213.9936,646003.0344,465280.5299,626827.5696,576104.9443,417326.6288,452244.3757,686275.8772,695705.7702,471018.5955,424104.434
P28661_S325___1,936410.8374,961983.8847,930206.7551,806308.8533,1166577.055,1006966.798,1011903.928,857908.3385,1355325.55,1411247.202,904422.0643,985216.5211,1174621.997,1229990.549,785715.4178,757846.5672
P28661_S68___1,152100.0445,169814.0556,165257.7485,134206.5514,193164.2056,172376.2414,193695.6297,162571.6895,207564.7356,214140.3864,155904.4981,161722.1823,194948.1708,215901.391,172807.352,183893.5836
P28665_S689___1,25807.96589,18615.91998,18898.24837,20099.99235,26715.42396,32494.59147,18971.48595,17742.37532,28563.4899,31507.18343,21301.5034,20725.03894,31861.48303,34066.7288,17463.31659,19022.04128
P28667_S132___1,14146.26176,10018.52165,21469.91376,19127.18245,11459.95719,9108.483693,17488.65988,14728.24514,9803.19816,8656.697986,25088.93626,19116.18707,11157.70224,9073.428531,25622.42456,16885.36698
P28667_S104___1,464576.0798,637098.5077,807597.6151,728860.3816,547477.8191,405978.1018,526358.4016,483496.2951,311732.9066,497194.6498,633035.2598,586441.5269,506344.6313,415507.29,782809.6844,613855.6478
P28867_S662___1,442966.8839,470257.423,437328.6717,536396.141,585012.5785,661673.8766,474928.6195,465676.8084,627881.9213,745799.6388,443947.0198,481342.9712,702200.5636,621620.5865,383196.7393,488819.826
P28867_S643___1,310314.5422,319264.7662,305512.6934,409108.7703,342410.6411,447950.0377,336952.9955,319729.4426,401899.3296,504446.3453,355004.0021,366206.9968,530246.71,400689.3421,293868.291,350219.1147
P29699_S309___1,200649.4498,179831.8145,176105.5389,236692.6796,197905.1515,177608.9305,218442.3981,196292.7497,218577.399,154616.3771,198416.3722,137444.5843,159051.4575,181001.0647,230513.3295,251883.8061
P29699_S312___1,1748612.025,1170840.222,926366.4934,1374958.027,1685552.603,1845553.843,1402555.712,1219845.331,1671071.523,1812654.532,1105058.215,778877.2984,1397398.148,1830248.636,1798138.324,1918263.699
P29699_S314___1,118977.428,98946.87511,97761.23684,119497.9333,111085.8261,100353.8709,125562.959,110594.6103,123572.9149,78952.09514,107275.2454,123264.5871,95706.88433,96072.75902,110388.4675,135648.3456
P29699_S138___1,41506.45008,42157.37448,34863.63801,35779.21297,38385.31504,37993.78984,42450.09021,55787.63934,35324.07658,47052.46888,37642.10402,30437.61929,45648.47793,47617.43857,34652.40579,38892.24851
P30999_S252___1,30898.09329,67407.77136,58508.36294,46626.67581,43819.63596,39762.97518,54252.75936,58626.45157,43036.34579,42705.18324,51820.36975,40448.59879,47320.50581,31797.39097,40579.3836,31620.42446
P30999_S847___1,139880.3414,106471.1037,128473.5622,136580.1443,150168.1512,154599.7615,163040.3155,134200.2231,120801.8831,133258.8256,124054.8527,117538.1034,126366.8856,139305.3068,135313.2466,155218.3928
P30999_S857___1,33762.77345,39513.696,27526.82209,22631.893,32811.01918,45539.56715,23200.63739,21309.62186,33246.28371,40358.8839,25624.03442,26070.2046,46002.13276,29694.62906,29457.59477,23851.05454
P30999_S920___1,1974232.204,2533053.798,2166650.218,2359527.207,3162216.837,2503699.228,3083950.57,2679447.815,2578199.661,2262068.279,3159481.257,1985095.67,2753393.37,2054407.005,2464658.775,1708507.078
P30999_S346___1,1542598.453,1140303.711,1247229.408,1389980.798,1418126.772,1900971.569,1111575.878,1557293.274,1756202.384,1949667.587,1466297.75,1874350.107,1819289.697,1920632.33,1964264.133,1885170.275
P30999_S352___1,669390.6167,452110.5592,644920.7552,714998.6834,619475.5632,732410.6762,641086.7024,685164.908,772212.6814,876639.6891,922126.4255,1012714.413,735076.457,783926.2099,1147945.506,1310708.643
P30999_S230___1,27837.92713,41006.40356,35687.62581,28490.94666,33778.29953,35034.20782,37495.34343,33624.90206,40654.52531,27558.21104,31608.59245,31686.67059,41470.35391,28307.87879,32322.18706,32697.29282
P30999_S47___1,79351.69917,77035.04651,73631.33385,84501.40632,101060.9273,91455.52344,91837.23943,76684.29057,81267.91358,87305.9734,74846.99253,69770.2713,100352.0719,104311.2624,75582.11938,73505.07046
P31001_S28___1,491394.1727,367686.3214,309174.1218,293819.5978,437376.598,465655.7775,150887.0491,149694.128,482577.9292,559158.4695,242786.4844,323117.236,176580.1658,477034.1236,247410.4809,248098.7722
P31001_S32___1,259330.2966,235170.6374,267295.8827,245025.6103,226336.2503,222011.9165,169759.1403,141714.2473,217532.0327,304257.3293,182146.9886,233758.4369,138601.56,210510.4364,194104.8168,203344.5967
P31324_S83___1,71188.29561,60174.51265,99169.08813,70354.84753,73865.01704,78561.19157,85571.38149,62417.35176,74152.22668,70767.64977,143333.1542,104867.2896,74446.5972,101250.2039,110805.2882,88123.94402
P31324_S112___1,94730.1424,77009.15615,70741.70135,67611.2133,83757.02709,96251.70763,82369.76028,75378.04767,95039.77728,55381.54859,138274.5136,115612.7706,69793.38077,91331.69149,90758.50113,121374.7235
P31786_S2___1,11131213.68,7195461.235,1674056.518,1269232.395,11206244.94,11593947.52,2100095.025,829689.2906,16944654.87,17840103.44,2575073.477,2362923.707,9366314.41,7131894.423,1419305.351,1000583.574
P31938_S222___1,116741.2978,108334.4144,92906.69622,77030.6052,147126.2033,158317.1063,182537.7612,105197.6792,125584.7728,147698.6703,106871.5176,82233.53856,157896.1912,121819.0616,77284.02351,62592.92214
P31938_S226___1,107292.5135,121102.3133,133696.6703,131303.2715,157753.8876,132332.0613,170350.4522,122692.2538,108031.9973,138688.5325,128225.0234,132366.6026,138120.8156,118114.8718,109676.1669,123894.8897
P32020_S516___1,87730.30002,75126.54212,110002.946,109844.1781,102099.7182,95760.09623,127944.6666,131313.9627,85780.70471,111040.1283,134959.112,122119.7108,90756.32919,84081.45917,122969.2988,100038.5234
P32020_S420___1,29954.14067,31782.61749,24516.03449,21349.33168,28082.62794,33451.47523,27077.54699,30774.14813,28223.58132,37132.87828,29987.85306,25089.33055,33299.01285,32298.68454,25722.74839,22010.68282
P32067_S92___1,215905.6017,185276.1623,196825.8755,191742.0236,174437.3277,168404.6882,194452.3337,160911.2201,185123.2115,108253.992,204292.3966,210268.1605,184758.309,184825.9946,203130.8027,199372.6499
P34022_S60___1,195545.3284,140455.8185,124309.0468,135381.903,190442.5673,218927.1217,154209.9526,103933.4829,190218.9371,155141.0331,194160.8596,145124.0042,184240.4545,160540.831,141026.6288,140834.6209
P34914_S188___1,69118.44749,56959.27023,81325.64433,89751.17953,73147.40991,77294.17953,82132.21053,96718.5251,61466.67239,66936.14547,87560.00853,83774.48181,81670.90238,61947.60813,80666.74245,91068.50393
P34914_S368___1,212853.9305,214114.2358,178300.6942,213035.6598,222434.7557,249428.6126,246232.0405,245859.2014,217830.9865,295059.0446,209166.8742,229860.3663,272912.3074,237517.3934,190904.0237,249298.6618
P35235_S558___1,203930.9915,266103.6702,232831.6024,198529.9084,282479.7668,245755.7464,256463.3029,210864.417,226047.1529,205365.4538,212057.4914,216395.1733,225466.8907,198032.0943,177614.299,178396.4514
P35283_S20___1,86677.18026,135214.6262,150567.2317,101818.97,101598.771,75793.58712,129318.7015,147596.9816,93283.41679,58980.6115,139770.0886,100154.2281,80062.89175,61751.75721,130052.1004,97015.97762
P35486_S232___1,2663787.864,2281910.001,3805691.894,3445451.734,1601813.178,1774451.633,1288439.334,2416889.184,1703574.694,2200967.139,1217741.336,918156.2594,2394696.963,2782437.973,3160905.915,724852.672
P35486_S293___1,271215.5563,312426.9312,212516.8205,273818.8427,272335.6929,309622.7619,276037.629,338808.1625,300795.653,283067.3027,355902.7822,307355.8043,325456.9579,294436.2903,340612.5766,242603.1471
P35486_S295___1,157910.9124,178345.1291,156862.7169,131246.0626,162520.7448,191124.3265,126529.4879,170602.1523,181300.0652,175666.5064,117557.0499,170525.8816,191331.5782,186487.2854,152038.2432,159939.6054
P35492_S648___1,422850.4765,389753.2958,437964.5012,460588.9487,399765.5827,482491.2418,444846.8087,502252.3634,595596.1533,466392.3836,557119.4841,461423.6511,579693.1064,518499.4533,789996.6052,850380.2036
P35492_S631___1,1930591.62,2085911.439,1834023.958,1910004.533,2375593.411,2516208.527,2025472.591,1797546.556,2373382.783,3188494.881,1773531.725,1798486.971,2661477.685,2613517.062,1898734.803,1833847.283
P35492_S635___1,51161620.11,60646629.17,54530709.01,55247993.63,62600872.04,65772090.42,55056424.9,53084803.26,52616480.11,89396198.71,51261689.25,54589955.95,60322238.72,67369610.53,50675240.08,52458419.07
P35505_S26___1,440623.043,409051.5982,360190.7534,386686.3899,427762.6354,424262.4791,423235.6098,306658.5476,398231.2652,585609.2743,355185.7466,370734.4625,534290.8136,442151.0709,346564.3189,374432.8914
P35505_S417___1,758391.3211,446338.5013,593675.9451,746919.8427,535291.3648,567172.0823,652682.3558,566487.0636,512825.8731,396316.2695,632938.5277,669309.0992,563054.0833,553394.9136,713421.9897,720236.0699
P35564_S582___1,3028203.017,3676215.797,3960229.579,4466034.289,3137197.794,3478031.698,4116709.831,3944661.217,3606780.447,2920768.787,4305465.046,3853525.91,3631070.377,3799778.159,3673270.029,4030964.961
P35564_S563___1,983955.1076,538663.5887,474195.3782,687178.3981,343763.7359,480650.8048,617928.5909,463449.2332,705776.3773,591564.4113,441945.854,607290.0231,386785.7983,478650.8368,449041.2435,704456.5841
P35569_S3___1,177224.4692,123302.4228,138010.0741,129651.5606,126862.4762,99413.1663,119993.2,124784.7838,125729.1657,106313.2774,182495.5337,188593.9657,130963.35,130115.5059,168381.245,215282.3241
P35569_S325___1,79826.14821,60851.17514,94625.99142,72187.8875,67722.40529,57091.29839,88452.43958,92046.65248,48551.32523,34584.06407,94932.89451,78363.19749,46473.82833,49818.0662,81201.6233,74194.75719
P35569_S336___1,15403.95008,25778.92443,15429.8295,13593.23441,14738.2281,13510.26416,11429.30704,13226.05086,15041.95094,12208.08666,18874.43235,21560.86014,15704.07101,13719.83309,12553.7748,22572.12263
P35569_S340___1,25804.41128,13801.40513,14696.59217,16214.30214,17343.45323,17794.96179,17634.95427,18561.7546,26069.23372,20466.47918,34150.08891,54510.10534,26168.7246,22081.85042,25629.44805,58651.52759
P35569_S343___1,9074.590577,16243.561,14063.57638,10691.96897,9543.592104,9180.41703,12207.0635,12278.93192,10580.86591,9676.028622,11631.43406,9765.648886,11527.42904,9731.29883,9689.649396,11614.47499
P35569_S1213___1,235824.9186,289962.0822,300427.6206,326446.9401,334089.1741,277992.5029,284063.3199,301022.1798,241721.6334,386577.5663,257525.4462,317093.8038,317073.6411,320576.3747,230734.8273,313057.3794
P35569_S1214___1,220273.7301,330852.6718,351229.9342,336383.0226,379330.0909,374097.0856,335955.5193,308756.1909,290145.6829,342420.7871,299270.5732,308309.2062,448917.9119,356682.0573,292903.0201,424531.0726
P35569_S887___1,48275.68339,63446.26334,55835.87425,52967.99472,75846.9758,60116.86841,55650.14017,41177.18907,42966.43317,72633.80211,45657.08244,51436.09712,60833.39872,54131.14578,41456.12346,61887.18047
P35569_S318___1,90980.92577,114294.4693,165546.3442,124587.1704,164511.8615,112959.0449,115646.6357,139681.2437,114442.3259,76329.76372,132702.7697,112178.1054,119964.8707,112074.504,90885.71902,83973.01427
P35601_S107___1,325707.8015,475838.2709,292299.7305,579314.5546,549446.1314,616060.267,401609.0351,272609.6917,397239.3577,907305.6075,359192.0406,305995.0297,429067.6288,760913.0233,316634.8769,324585.7105
P35601_S244___1,1637083.388,2108484.246,1300762.088,2570372.858,2332699.768,2841442.564,1855260.267,1221776.121,2243589,4062998.2,1671842.089,1402890.844,2191983.008,3607898.319,1550383.075,1660934.285
P35700_S32___1,291504.5524,260423.3724,286437.3819,283663.4238,273764.443,285020.4554,314786.8285,279567.118,300648.8881,253663.4607,311833.0657,340874.0167,283852.5944,304642.3673,351086.1152,306260.2617
P35831_S673___1,424026.8319,270338.2259,353485.3439,385436.5885,385562.7713,385939.4282,375987.4235,321968.2696,413792.2322,417942.1642,404007.1672,386065.2214,347216.9453,316922.1335,333590.5869,477289.8153
P35831_S331___1,117305.879,92696.39168,92357.3704,97716.01235,139387.7117,128275.1739,111665.0837,77411.16614,143240.7395,228184.2052,108543.2331,93071.21114,125230.2824,149530.5049,77786.59729,101062.6228
P35831_S434___1,289035.3731,199864.7241,265114.021,279579.7325,338482.8774,283652.2405,283893.5326,235012.157,313555.8838,302573.6313,285881.6467,256112.6149,261352.4584,302752.0787,201648.4965,232495.8106
P35917_S953___1,446804.4197,585810.1284,387999.2701,333106.4495,403033.6262,497566.0729,371577.9919,422388.4112,342134.7905,1618002.44,406253.3127,389769.5069,509229.5799,412887.9243,414671.9388,343030.035
P35918_S1254___1,318875.8893,295622.9255,142948.0721,131303.3515,243549.3047,387568.664,142339.1542,138612.3855,312160.1081,341946.082,190617.3817,150583.5866,255394.4972,254786.7842,121973.1651,141203.1546
P35979_S165___1,142664.4456,196876.5058,203898.0912,128339.708,235193.5444,231153.6091,178145.1441,146111.0775,180942.5474,254040.3998,138712.1469,176356.7655,192378.7689,204220.4011,141577.2253,132691.5145
P36552_S117___1,48387.15391,43432.81788,54802.53061,60984.36753,40930.14582,46845.16308,52139.79887,60872.66076,41776.93795,48098.70645,54395.16954,52392.14688,44364.00036,47132.26112,54632.05879,56444.82489
P36552_S101___1,165894.7256,234217.2353,150301.7886,206848.1182,164024.6533,209889.1761,223681.3704,219713.7097,223339.3936,221124.4777,177090.0741,168100.8656,283413.9339,292859.6464,189174.1811,276060.0512
P36916_S324___1,115952.1255,122636.8964,120400.0836,128834.7493,132597.2713,151449.0669,137211.7537,115212.7083,123128.5462,197382.1299,135048.0832,130363.4817,129343.2408,141624.4145,124886.5805,121908.5478
P39447_S1614___1,187650.5757,186767.8964,180753.29,185007.9085,202568.0659,226679.1174,201843.9025,173793.5329,158450.0051,204496.3755,171189.6854,160896.2973,183687.3869,182784.5558,181921.6664,206934.4875
P39447_S1616___1,85098.91861,80595.56559,97465.69194,92554.05994,91099.04103,94558.51525,107349.6667,106610.0688,75845.10441,111187.7094,93926.80806,84400.49627,91719.14442,74343.84838,91721.55732,101743.1959
P39447_S131___1,790486.8496,675402.6086,549096.6145,671701.9243,843769.8896,1278224.823,622125.5531,695563.5864,812667.615,1663588.097,608146.1883,889557.5413,764619.5399,971640.7698,789254.7203,1577854.107
P39447_S1051___1,25403.32843,29086.29878,23392.45291,25755.68355,25181.90869,24278.02585,30130.58719,26658.60975,14831.80084,18494.18221,19181.60997,15592.00794,26010.53458,21978.26599,14075.1683,13867.05216
P39447_S617___1,219754.0211,330712.2221,286127.2456,277564.3516,216538.1037,199196.1389,394649.3795,294510.2921,205104.0935,212969.9098,221103.7357,167858.0082,255788.2299,247473.0693,208415.272,188046.38
P40142_S295___1,51524.57716,40314.06496,34560.75656,47365.04149,59480.74543,51708.71762,38000.04712,36332.82789,53347.95994,67041.49993,35034.96234,39610.976,61621.87757,54456.18395,42350.94664,44820.79852
P40142_S482___1,166677.5397,145508.6527,130598.9303,140086.0111,168098.4503,162655.6441,134692.3661,126732.3844,142817.5832,152164.3847,124128.4549,135646.8156,165446.8497,146787.4355,128063.2122,133631.0772
P40336_S321___1,7890.806549,7724.955229,7737.089008,6130.641186,8991.936511,9853.400884,6835.222437,6979.318714,6761.124542,7650.825763,6263.922727,6834.581663,8680.460194,7110.451448,6047.75639,6837.670148
P41216_S621___1,127916.7944,117742.3755,125229.6652,118952.3644,127599.9777,144718.302,114209.0066,122695.3218,144677.7341,125625.9046,122916.7614,139510.0128,147409.1738,114091.0599,115073.7091,122188.3664
P41216_S230___1,70264.17587,73312.45299,70605.92307,70100.64056,74327.83931,82364.56928,79963.47299,70534.00352,63776.64789,100947.9277,63334.99793,73982.91445,81226.08679,69841.96433,68741.82196,62840.99294
P41216_S233___1,33556.13711,33789.31785,31955.35778,31087.1643,37886.58751,47069.22428,37160.10831,34968.04572,31601.94912,56023.46096,30113.13103,33359.85763,40179.95776,40281.72352,30888.17054,23763.26947
P41233_S2234___1,78101.01418,107805.8368,87905.45297,74458.97859,78951.67682,98221.81703,94196.77277,101076.675,112369.7077,99049.6137,98427.01206,103458.2429,93892.47989,105684.2547,85656.02721,73825.21449
P41233_S1145___1,265355.0666,232760.6207,250081.8994,270385.2513,207392.8007,218589.9049,271263.4668,268570.4961,248355.3975,170238.4905,321869.2441,295885.6151,191662.3181,165540.4292,288506.709,292276.8548
P41233_S1296___1,289052.6263,314420.5783,267686.7083,268630.3212,309612.7657,324481.7211,266838.6772,274772.9016,334750.6076,399163.494,277525.0583,286707.3678,358791.1366,304395.1191,265207.7427,253886.304
P41233_S1262___1,68102.54359,71662.86588,60814.85037,74166.94047,47396.43778,68193.07392,76358.99965,67504.61064,63734.47198,53483.33911,69607.48033,68420.64208,58031.19708,49585.57264,65214.85661,56951.31973
P42128_S431___1,323151.3579,188003.5638,170859.9059,247326.3319,161045.8348,208577.5123,214011.1157,230763.9486,252003.1225,238095.7303,407385.6324,423527.4858,233119.182,226233.7076,289230.2007,343184.126
P42208_S218___1,16184751.36,15298616.81,18821906.42,19813106.83,18872008.94,22700438.16,16908664.43,19598851.2,16255726.84,19986616.03,15568220.64,17571851.06,22384677.34,24815172.45,16768619.87,16442334.81
P42227_S727___1,352884.4802,362623.2818,291823.7525,289859.2591,387783.1654,351041.6527,326690.7547,303157.5371,343795.3186,391843.4305,291447.5508,275101.9594,389406.743,291783.867,292430.8278,264763.3689
P42227_S701___1,154657.4238,103680.9777,120732.1716,117352.6684,149995.8242,126859.2396,135054.3032,137845.1325,107857.1643,68881.50346,105764.0003,102133.4773,102738.06,89686.11703,114772.4496,80503.68574
P42230_S128___1,66560.88458,59499.80387,62143.44573,64756.99868,65548.22092,54369.28449,66806.53091,58642.3724,66481.91715,81531.82883,104485.4962,42220.02184,80196.62401,65915.29914,51562.16742,47149.52236
P42232_S128___1,451270.0588,379999.6271,383861.7205,445462.9303,437697.4996,368736.2858,437241.6038,446004.1481,424098.0971,347602.4959,487039.1228,405153.6111,478575.8711,438553.3882,538483.2818,509661.8041
P42567_S852___1,283149.7391,328466.9037,249493.8156,303380.862,343112.9661,365474.7443,298282.2243,291108.5043,283436.0614,447024.0613,241239.6587,256130.2695,334339.9161,328580.3559,218035.1925,254490.9854
P42567_S798___1,1310896.807,1757287.883,1732261.255,1620261.05,1700512.263,1577215.01,1482905.268,1216307.748,1488269.116,1723316.456,1395451.518,1283048.283,2102123.041,1467613.94,1056464.088,944471.7375
P42567_S799___1,1278541.676,1713915.071,1686959.261,1571447.402,1658540.768,1538286.698,1434607.077,1166091.55,1451536.139,1680782.116,1355428.301,1246807.329,2050239.119,1431390.767,1020109.183,906442.561
P42567_S324___1,262410.9341,323236.1985,261048.6352,300974.5821,329935.08,392274.4986,293202.2391,295680.3576,264032.9564,413343.4755,254288.3642,272833.801,332266.9227,291675.2304,220655.6174,273211.5636
P42669_S181___1,206942.1114,179768.8532,243608.2001,294960.1073,188802.616,230442.0186,339477.7637,247845.1674,176328.5534,245172.337,218995.4944,319528.9623,249002.967,197627.3854,257331.2837,271517.1722
P42859_S637___1,25069.62551,23980.90398,21921.46904,26767.07188,27304.08035,26149.32435,26503.33349,23493.52948,28317.12377,31944.50569,23567.76724,24411.50671,30768.50163,33158.87411,25848.31526,30468.41624
P42859_S620___1,81335.18099,91067.76263,112192.8843,106616.2029,78714.53589,67695.32504,111858.4962,96134.11142,82723.32364,38920.23944,110724.9271,84591.14619,71469.26633,59483.23837,93045.82545,68607.9252
P42859_S411___1,143903.3313,144172.9599,135678.55,119072.7481,119019.8907,123774.3221,131051.1562,86120.6396,132196.689,141492.7784,101292.7129,125722.4202,150430.4898,123602.7599,98078.29699,76938.31467
P42859_S1853___1,52958.0919,46282.93569,48229.0807,59492.64846,38349.14379,39126.66224,50081.47401,48683.14163,41023.01752,32245.22533,59833.11635,51605.36955,43141.63683,43652.53704,65558.88782,58604.72637
P43006_S542___1,187050.5653,374026.4397,280672.7548,188495.9698,170193.6359,181629.3242,367717.0057,84531.09025,168736.9949,124357.0298,177018.9571,89831.73863,181530.0083,82899.64529,96056.8783,49912.05413
P43406_S1042___1,27053.78227,23980.37125,21033.117,20223.43103,26268.04472,17168.30137,25664.63177,25954.04841,21113.54948,28770.1531,21892.10074,24869.24969,27111.89607,21699.43021,24446.80175,33949.91981
P45591_S3___1,261675.4942,289223.6401,217525.2337,228684.1074,327938.2222,228642.261,563159.3959,229803.6695,316387.1696,306701.4538,279729.7058,199657.0235,332609.4436,290216.6928,302013.3871,225455.06
P46062_S53___1,55935.69022,71559.61563,74856.47331,107778.9891,64860.83297,53447.46946,59740.51455,78896.49006,61891.78627,67133.11605,86784.91369,65831.09224,62839.90741,64859.72889,67358.98998,78300.62751
P46414_S178___1,33450.60506,42138.01257,40928.17628,33681.55919,34317.03943,30709.91856,40653.23375,39493.72004,31581.51994,51871.81993,52690.3912,43362.22276,41037.24774,34612.12393,44103.73775,45802.8719
P46460_S207___1,214281.2428,251178.179,247331.5117,286734.3334,279021.258,265272.2013,260677.5882,214071.7192,253180.3359,325839.6597,238137.1023,280756.7814,272417.0849,238174.7266,224980.2021,223184.0825
P46467_S102___1,44970.11979,80053.51097,47713.91787,51664.91872,57344.471,74084.18239,65858.75143,54775.36979,74870.79117,81725.23639,51290.96192,52195.60216,96793.58636,78810.01967,46154.44142,65482.03356
P46935_S309___1,71855.5759,63259.54774,52110.91297,58144.28536,82622.02274,90694.57316,74890.74838,73019.94841,51182.14891,68454.99728,56597.51815,48387.49741,63042.95102,74968.38299,43661.88589,46604.08221
P46935_S320___1,150799.9092,216780.63,169487.9293,196884.1863,182551.8592,213439.2718,170822.5795,152449.5966,212947.7118,223593.3051,179866.2289,177867.8721,217032.5345,218553.6576,166927.4658,198375.1859
P46938_S46___1,1125782.938,1573961.203,1333468.424,1679179.454,1645686.312,1488850.527,1322064.272,1354906.141,1370708.179,2217772.138,1243972.216,1465256.739,1799806.224,1491197.057,1148833.029,1760044.95
P46938_S94___1,64436.62508,74990.70749,76176.43739,80212.6822,79696.57186,60187.04615,62451.71427,81246.7619,57136.512,58782.54217,56493.22932,54815.30835,72593.8479,45657.4891,70498.4324,75585.41503
P46938_S149___1,567368.7115,831416.1545,594756.4561,655771.9219,731822.879,560680.84,563931.3072,666637.9107,600702.0891,808498.9343,479381.6561,550767.5022,721686.3177,617363.0017,561849.2404,669295.849
P46938_S367___1,240971.8491,221445.7236,282059.5194,308492.5933,280469.3787,229552.7276,242126.0218,300696.8087,204585.0021,262001.956,226935.2191,288262.0925,217050.9626,207807.3423,290724.7443,362208.2637
P47199_S35___1,361766.5959,350819.4578,393921.2915,446814.7629,382241.2883,389774.4888,396418.8607,409665.1534,346195.2934,532787.5758,287936.2503,296787.9291,382635.6666,432549.5608,363956.5566,367261.9594
P47738_S356___1,333048.4074,360718.0786,316743.0159,276472.7557,450201.9886,464179.4745,323843.9795,305899.781,427308.0545,394263.6938,306817.2278,326263.4687,409821.1462,424599.8745,321642.6478,305418.6579
P47754_S9___1,176092.0068,172531.6183,176349.3921,231148.3901,193099.5049,186040.0662,182100.6103,166698.7496,202841.0734,203161.9626,195644.6985,204243.685,176780.9946,174408.1779,191437.084,205276.9468
P47758_S255___1,135394.6788,108324.3246,92960.00856,111451.5263,123272.262,120634.5542,113012.3707,92636.04112,122693.1011,121042.6921,88774.24215,91868.28399,118936.3896,111002.0653,108428.33,126376.5618
P47809_S255___1,243938.2189,194893.0095,191584.0822,231014.4533,254055.2416,296491.2924,189741.6578,236745.0381,197191.5217,346295.4944,164306.4376,221905.7469,259414.2212,266608.2019,182457.8418,208971.0462
P47856_S259___1,687409.5394,608592.4603,690554.7311,691493.9792,700802.9061,716028.9069,653177.2295,568331.8069,717954.7184,1016990.868,709175.6826,709615.7557,807333.2869,711975.087,824374.9656,666158.4255
P47941_S107___1,36731.32724,45193.32646,39244.54683,42382.36523,54858.87798,51381.24692,45300.71566,45915.48384,36772.09251,69160.61426,34334.16308,41089.29638,45126.1698,43901.69362,34983.05828,40958.01037
P47962_S185___1,245543.2995,237220.9051,229526.3767,274174.4123,322446.2899,377575.8948,268690.2224,209579.0567,284426.9059,320089.1133,241410.855,263471.9105,375687.386,303217.4877,220461.6575,230553.7826
P47963_S140___1,40450.08352,32494.2631,42504.57037,29236.81327,62145.56834,92937.63832,35738.3267,45139.28272,58752.95749,103591.0338,30682.6707,38918.53538,60469.95683,51466.54663,33254.88823,30950.78328
P48036_S35___1,14371.26814,12219.97464,10711.92641,14782.12857,17619.7622,18941.42664,11872.43949,10120.43022,13927.35722,19131.32425,12194.01189,13754.81166,19633.52719,18187.84168,13393.85981,13382.02549
P48193_S543___1,137064.7147,134167.2055,96541.59263,100454.4757,144629.0172,186168.2477,132499.9262,121691.4701,110880.8241,201288.2856,100887.2523,96489.89762,179564.4195,170584.5214,88604.88988,115787.4041
P48193_S552___1,8099.842349,10595.10659,9483.205708,8771.594384,9852.284937,10452.66314,12907.56823,12641.70268,11239.16335,7765.14975,10959.14703,9707.932579,11816.19125,8466.929466,7312.55033,6761.989346
P48193_S703___1,87755.50496,132110.1974,110397.0574,123432.7408,63437.23478,88181.38752,84556.34628,132811.3165,90336.19275,69882.45281,131950.523,82589.40285,109668.4961,89171.67454,64773.78688,65762.92444
P48193_S556___1,22209.70571,29673.54394,20114.86525,24826.42136,29740.39245,20863.85138,25415.83792,19200.40363,27452.26251,22207.302,19059.8703,18639.9008,30283.32514,29349.18462,17252.5068,16142.29342
P48193_S856___1,43966.83126,31088.22825,38994.83366,32440.11835,32832.92458,31540.06274,34554.9547,36437.1591,45787.974,21347.48446,47285.09745,45912.64584,36266.07252,31953.7744,40144.79626,44806.82722
P48437_S79___1,1283917.994,1478649.782,1688846.386,1849749.111,1513808.21,1540813.674,1708115.02,1596270.203,1509063.712,1782382.407,1601424.831,1638611.743,1593630.215,1562814.633,1395664.288,2145102.3
P48437_S295___1,1049991.254,1037357.042,1070193.769,1157145.196,1117061.567,1070175.82,1198768.786,1093753.955,1156528.057,1387356.783,1040487.956,1088249.025,1135807.66,1149721.782,1045337.666,1619818.909
P48437_S511___1,101231.8318,97429.2235,104121.2984,123365.7754,83844.00207,79651.63865,115363.9714,111107.2315,105491.4052,77381.58142,129010.7245,110215.0211,78301.3524,94376.05076,123797.7834,200414.1278
P48437_S199___1,122410.4442,136797.2223,138385.1818,155179.5394,109805.017,122451.0561,152369.8569,163085.4248,145748.0035,121251.4948,162923.7577,152826.8988,147820.461,155279.1521,128288.9183,248897.9759
P48437_S179___1,82372.78702,107868.8946,122770.3426,139489.1995,79524.36675,93820.48438,121288.2947,154145.5865,102868.7136,107651.8446,117822.2205,125512.6792,122369.6547,112773.3285,118836.0369,220022.8784
P48678_S573___1,21029.85948,23507.30696,28591.18929,22647.69206,24087.80372,28080.71601,31865.69749,25380.10041,25910.85051,34127.03145,28393.06414,23262.46408,27408.41772,25051.38925,22737.81442,24440.86205
P48678_S390___1,38561.30278,54073.02947,41526.12939,44364.90016,45005.41502,53026.21185,53837.01262,62276.28754,61501.12865,76369.12306,57294.22867,51094.17361,84041.63935,67085.08554,54010.67884,74689.79362
P48678_S458___1,154856.281,156835.1524,148415.5948,163807.6756,176173.8222,192600.2003,169894.364,154941.3787,166760.4311,201215.8511,139452.7192,153951.3452,183868.3239,170670.2873,159445.6512,205516.4762
P48678_S22___1,44410.7159,57649.34375,36026.74943,36252.22625,50643.47086,55275.0904,50912.18323,46967.83013,54773.48418,47970.05084,38609.95465,38196.68456,66271.38445,52481.28097,36549.60319,41883.75117
P48678_S546___1,85171.8802,84154.14844,71103.86023,104776.1773,87525.45868,102509.0128,85512.21935,63460.19865,90369.50423,117994.9979,80438.09686,71634.57189,93830.69213,84931.99059,79422.41909,109960.377
P48678_S533___1,28897.75394,28572.97548,33679.59101,36634.95114,34044.06127,35209.49632,34601.4735,26926.08417,32849.84941,27926.57064,31526.01852,31200.10156,34988.35571,27814.17882,29941.97546,39437.62293
P48758_S30___1,818774.0508,733096.2239,987614.3951,901792.0367,797094.3315,696050.6608,916679.7323,1168000.597,821445.6714,694012.8276,838874.7641,872880.1797,831959.5246,800454.9471,1140910.134,1260740.751
P48776_S19___1,106878.5935,112811.1499,101538.8693,81143.12003,104926.4279,106411.2697,81760.69635,117288.042,82895.99138,64127.98518,81399.37044,79163.21893,93618.21231,69852.83325,64035.71914,72423.15174
P49117_S19___1,69649.56905,48208.96421,59932.10616,42521.95207,60948.43209,51935.40512,54153.37822,53501.8395,60121.0465,34471.58857,60182.25378,52873.70557,58148.19102,59140.56787,60459.73782,60621.01704
P49429_S250___1,438856.2257,942817.2471,679369.9442,801339.5591,840690.0958,760627.7957,1002530.106,657110.5117,489483.4319,428143.3274,621920.1552,503239.1289,664518.862,487514.0278,425849.1915,494283.347
P49442_S242___1,23667.44804,28776.72639,19533.48084,26793.48121,46041.01448,61462.48735,29849.53288,25367.60625,57728.90807,89499.82016,25269.66294,29718.95276,29594.85669,42184.38412,19556.53519,18189.7017
P49586_S362___1,66566.37802,82395.90002,65370.28946,61238.33102,62114.34027,62833.99116,56626.39465,49728.94195,58708.07307,72074.87623,57686.88281,59338.33294,86955.75918,63093.64702,60780.9918,61398.92157
P49586_S331___1,25868.41529,46085.16989,49776.31623,34569.87789,30095.50369,26824.53111,45226.16965,38824.71437,31196.52203,31103.59355,32995.77929,32467.75638,50819.12236,40034.50709,43573.24407,44214.26083
P49586_S347___1,64740.13421,57868.06282,35550.34187,37217.97227,49596.42325,54174.5562,39412.49134,39728.19391,69990.63034,69924.55338,50398.20552,56528.23252,102259.0598,71550.86439,56841.90092,60634.52262
P49722_S7___1,38951.675,42879.633,39761.65298,42696.90906,47119.59662,44204.13158,45220.68925,35382.03416,44533.67713,50466.9913,37212.79627,38843.25685,51652.61661,48883.72561,36265.6633,43833.31225
P49722_S16___1,74034.06883,80493.66329,75949.41504,86488.49607,86211.26592,76151.80569,94858.86248,83244.70476,89398.97178,89506.15674,75637.63802,82514.31526,93533.91458,74134.05287,79639.98588,98647.64411
P50136_S344___1,195123.7341,156015.2975,247106.6441,236641.8571,243671.6217,218647.3222,254725.0446,265497.7028,146145.913,155288.8382,152468.5435,171733.2589,152354.3127,173515.5141,169334.4825,155627.1088
P50171_S58___1,204680.246,172243.5472,228961.6991,247362.268,204373.16,188897.883,247540.3042,279893.914,234963.5383,227467.6034,242210.1493,242990.8058,202427.6758,202624.2259,226841.0838,226422.1875
P50462_S95___1,3840798.483,2389749.731,3038455.785,3551913.988,4047932.264,3613830.467,3678046.225,3486085.152,3399222.275,2920258.755,3012443.146,2636633.761,3360638.255,3740230.84,2886358.201,2000967.306
P50580_S383___1,6636.527278,6506.106394,8508.283724,6679.4023,6593.220469,7407.298258,6807.834511,6093.948896,6586.910927,7662.201936,7878.964585,6744.428338,8334.997788,6252.077521,5973.90582,6337.397743
P50580_S2___1,115386.2008,128887.9107,123603.4991,118753.3255,136254.8852,144687.1988,126443.4956,106943.0925,118385.4897,195410.8374,116862.9695,114131.4977,152506.4823,118961.5911,114201.0973,119977.1494
P51125_S518___1,183951.8782,115836.7004,99280.3128,126511.526,156654.8378,229443.0528,131295.6211,107497.4695,165401.0216,236864.8847,109172.0232,89617.74378,234186.2718,173814.285,112008.4965,120296.5456
P51125_S11___1,403879.2824,509187.0928,255734.5906,302605.2432,326400.5273,398871.8864,313243.0985,333484.5197,398823.645,303440.2198,237387.6265,153196.5283,429157.2169,402279.7382,127498.3357,190919.2434
P51125_S444___1,146685.0509,181619.1612,108124.488,115500.6268,194064.7208,242244.2969,131285.5328,89940.09403,179548.419,284932.3726,119984.5307,94087.89108,236449.9376,193211.4018,91234.89589,94232.28136
P51125_S453___1,73986.87236,107141.184,69624.83689,82740.21368,97526.12854,113089.669,77647.88963,60039.62464,95910.80761,111007.9718,59939.88708,51477.67811,112058.0963,83950.63346,49511.21074,47737.71382
P51141_S194___1,271473.5653,550650.5505,345095.9801,335140.0566,523661.2037,609654.1016,365702.3047,273734.4173,403477.2906,871557.6255,295847.7118,331426.5813,643163.4623,595862.7176,312914.3343,312733.0182
P51150_S72___1,198115.1338,220771.2491,242192.2378,248588.3197,253429.2421,278982.2717,248998.4319,227840.3476,155356.1373,269579.6174,210982.4949,237173.4705,210198.7161,225821.1505,217701.2514,233616.1323
P51174_S55___1,80594.32979,72333.23111,66927.50484,79372.09864,84128.58803,86272.48188,74738.34888,68576.13435,78306.48188,84376.28576,67783.38648,68491.15106,78610.74213,78219.54806,71958.8309,68266.33148
P51432_S537___1,200189.5549,158554.4743,221800.493,196459.7645,191875.3122,188628.3451,199976.1147,191384.1062,203157.7124,144316.6735,205710.4474,217870.4976,224238.0194,154164.4611,230664.4508,224803.3871
P51612_S876___1,15242.23011,8984.210468,12461.28018,17118.4519,10124.84502,11895.56844,12947.96592,16178.73447,9695.964507,10665.83213,23957.104,22215.98973,10174.81153,10324.16623,15402.40068,26290.68696
P51612_S93___1,745167.1297,711046.2664,766050.9128,827025.6994,626561.0015,625930.5559,801330.5657,656492.6238,708103.7348,489880.3538,820851.4081,789592.688,635173.9924,618540.0979,822347.8631,941567.2535
P51660_S53___1,91166.91227,76670.67147,80359.21126,97543.06656,70408.67009,70722.96511,87709.51124,94278.52452,76512.02177,72371.64594,105079.4241,97992.46339,73271.67066,73454.64821,108664.2179,116333.4154
P51660_S313___1,267849.0846,190775.3331,296383.7264,316832.6582,215888.6377,229473.5738,322997.9374,294301.748,238340.6029,148955.4178,321120.0706,315398.4426,195246.2557,222580.4632,286168.3782,327845.677
P51660_S308___1,23292.48654,22726.72925,19471.71921,24691.06101,23084.5334,26661.72337,30531.09922,20444.8305,25242.78194,30414.95122,21235.10113,18023.58451,33448.86465,32891.96121,22734.25314,27356.9448
P51830_S1332___1,370405.0245,582152.6689,349611.102,336726.9449,685487.0832,472025.3342,430406.0285,454920.8599,527520.9231,496328.3361,435424.3752,412604.0337,491704.7481,444627.5257,380808.5197,253526.1007
P51830_S613___1,167606.578,277196.8412,233219.3291,156032.4241,191076.119,152904.4184,248720.5319,182387.1536,183379.0706,122435.5829,191513.9429,132012.317,166427.0622,123015.8885,167684.0112,101603.2473
P51859_S165___1,1869814.301,4289960.208,1617123.501,2464147.619,1852976.619,2449451.808,2332995.928,2496560.315,2499751.837,2941152.246,1693947.134,1834299.051,4406046.407,4598160.215,1687627.547,2950463.572
P51859_S133___1,355746.5596,411975.0209,329287.4132,368253.2293,386017.6415,364730.1997,433892.0406,347201.0461,373207.8927,358910.3803,356700.2384,383943.9425,412447.3922,340038.5929,294464.0544,402635.938
P51859_S202___1,148293.1686,202046.573,122218.4939,150383.0185,202743.5584,247680.4398,144292.8484,124155.6974,265082.6697,248669.9072,146218.1923,148120.7042,252795.5141,252515.6448,142052.7695,148567.3957
P51859_S206___1,346846.4474,412952.0913,322292.997,350062.6258,450962.5808,446611.3774,388211.984,373897.3135,407967.1142,529864.9434,316899.7053,410141.9321,512916.567,447385.1089,362849.8477,393168.3958
P51881_S22___1,43239.60033,48386.21259,53607.26389,53656.99221,51074.21421,60242.43526,66644.7692,51510.3413,54390.63516,52615.25776,48170.55848,49880.33529,65625.27906,56632.99763,56757.16991,56894.45942
P52479_S359___1,838034.06,627821.6002,961465.8105,1002276.828,659893.43,723403.6785,818101.8146,732805.0688,938295.2852,622650.2676,1021114.177,1139445.98,938293.0069,771139.6338,1016262.309,1024087.803
P52479_S570___1,1299730.553,1373083.678,1588291.743,1814922.133,1485051.538,1533981.21,1552529.377,1552562.554,1404726.892,1892930.702,1629302.517,1678481.686,1534459.429,1513782.976,1587288.755,1650259.321
P52479_S208___1,795271.0139,796932.3858,825334.0939,862177.6647,840532.5167,907326.9158,800174.4565,814324.4748,710491.0398,1201055.633,780061.9306,870886.2402,1117381.01,955718.4461,796942.8441,796548.1227
P52483_S8___1,105214.2613,112124.1929,196629.8102,150876.0757,119999.5813,107363.0688,268799.0464,262477.649,97078.74838,93579.4947,205741.1037,276974.0782,122495.6229,134984.6223,229636.2543,206297.111
P52760_S103___1,86653.38354,72543.65066,83505.88,107206.0494,76915.78933,81392.20727,111625.3862,86828.3617,80807.52895,64808.25675,103693.4182,102952.003,74786.04996,72894.60027,92344.17304,108361.8026
P52760_S10___1,275464.7128,267438.8142,277860.2158,249713.484,287257.2582,273556.2623,324684.7612,325468.221,255841.7903,333814.3472,282324.22,281410.4372,275905.7807,327169.2762,262605.0953,267051.7393
P53986_S213___1,752831.302,825716.7298,671154.334,759200.4819,650870.4412,608451.1488,769853.2067,652736.8776,980706.4733,589940.8769,921370.1932,912090.4599,793924.6436,679692.5594,898173.0723,1058396.74
P54227_S25___1,14758.80338,20406.09616,17210.04188,25790.37929,27359.10713,31783.29487,15892.46686,15102.36417,20043.92129,51210.23173,14901.8095,14820.17498,31569.25161,25335.87464,16867.86164,19075.11668
P54276_S137___1,57200.86643,42970.08382,40429.70013,32241.41863,50858.90565,53409.58929,39961.76632,42488.48637,60308.33121,78300.51738,31472.38965,43715.5832,41595.74848,59038.715,40920.35495,59490.11294
P54310_S602___1,2077566.612,2625647.294,2085788.424,2343896.174,2778408.847,2719503.833,2199422.845,1774175.831,2439172.05,1620731.572,1648297.051,1764210.473,3153309.504,2732745.419,2004615.983,1265823.204
P54731_S319___1,242561.1229,209543.7747,216265.6533,230292.2609,250567.9339,258712.146,243588.8262,225086.5266,206853.7328,273359.9648,232659.8253,220936.2502,279282.8891,266365.1869,226857.2603,260009.6249
P54731_S581___1,106294.1537,109560.7787,97604.90617,101604.4979,99725.21773,115724.8658,110246.3822,109698.2747,110964.8971,87010.17298,135919.4488,114003.3876,115121.2418,107078.3133,121967.4881,139707.74
P54869_S477___1,196904.2136,213592.8039,137537.7357,185306.4942,228966.2869,270545.158,203746.5316,146468.5579,198023.0996,242017.6825,147478.7378,165424.7767,277381.9607,237604.7658,151462.0201,164572.9823
P55302_S138___1,13771.99807,9641.085815,13522.86976,11730.73666,13355.14627,14112.17999,12913.25715,11898.90835,14559.71681,9392.429344,14405.14127,15988.06016,13192.36361,8837.380051,11052.12749,12402.94242
P55937_S381___1,26856.96394,37986.55851,39557.60551,29706.16323,34326.97581,35088.96805,43195.11824,37269.57205,28467.71066,25602.0454,34014.05267,26308.08421,32478.26318,24059.84121,20967.36964,26535.30327
P55937_S60___1,49191.58851,53538.54124,42244.18815,46245.51317,63434.62652,78418.26269,52108.63137,44166.91458,76441.73601,93379.09265,42033.30073,41817.00006,91125.59755,74987.86609,43702.24487,44486.25456
P55937_S276___1,11495.69498,14280.57888,16879.05163,19918.53447,14629.47911,12990.37834,16007.70799,11360.24404,15401.57749,12459.74318,23256.84105,19230.85465,14909.44186,12087.66902,13435.27728,11535.13405
P56183_S434___1,6769.62122,8890.120628,7379.488888,5364.791481,7195.193196,8082.913496,8181.915054,10074.21527,7266.330349,8118.219539,11772.55414,11480.00163,14571.8839,9964.010534,6652.160304,12583.18802
P56212_S62___1,1011944.161,1181730.425,935261.5494,733510.5924,1374968.663,979025.4662,1022204.075,1110562.304,1046177.678,811907.4319,881023.3282,698190.7403,878161.815,991165.1817,849657.5567,596428.1648
P56400_S186___1,241851.4022,337667.6838,267272.3189,394828.144,279514.0005,303480.7244,280649.7978,254742.6493,249600.5892,441740.329,299292.7439,437099.796,264653.063,358574.6418,221008.5069,235040.5645
P56812_S119___1,689359.9381,548206.4794,604003.3796,477267.4291,513771.3409,545369.5761,553579.9843,537272.7967,602874.3084,474476.6167,702230.9016,643514.7708,435239.008,473216.0241,541876.3042,547645.6228
P57776_S133___1,164509.5222,218603.8762,176124.1071,191944.0938,123624.1336,163306.6503,212139.7161,206846.0941,152723.0059,157914.3058,162854.6888,151654.5424,209427.2615,213613.3242,178487.7311,241830.5627
P57776_S162___1,444014.5395,510028.5258,379516.1764,372826.4241,488053.6509,561851.1633,400802.8169,287804.7208,569743.35,596762.2766,371386.0995,365678.3197,528272.6036,441792.0587,320389.9943,363803.4977
P57776_S37___1,8200.129486,7036.231881,11459.98685,16495.20316,7044.013076,8583.310547,15635.01777,11235.48716,7454.625861,9031.831945,12316.92716,13194.56354,7081.924477,6960.221311,8950.201489,12703.44284
P57784_S239___1,22018.40902,21850.54499,21864.44899,25264.42645,21017.56476,17887.38524,27368.21405,23985.56128,23677.33756,16473.16273,24323.7036,24703.63645,25163.69101,24582.3924,24469.78867,28711.88924
P58404_S223___1,271425.8811,330747.9349,342842.657,363657.4311,491210.4992,573490.1057,434589.8481,264906.7803,324123.16,556690.9833,266723.3967,321879.8007,471632.4239,382360.2806,255457.0037,275743.5681
P58404_S276___1,721914.5552,848670.8395,814077.2704,797203.221,1177267.623,920377.2759,822661.9944,630535.3453,821258.8193,1551355.998,678139.6474,691196.0396,1464430.242,1043197.129,660871.2834,544623.5801
P58501_S297___1,484416.0157,528847.4742,364604.9239,448640.2959,555338.3697,590224.4202,508376.6587,394832.3125,559705.567,555560.4576,419540.5339,500731.2503,523063.7802,666248.7862,478267.5614,435313.5974
P58501_S16___1,18868.98434,15687.95558,13804.50621,17441.88881,20073.05227,24334.62879,20097.69524,18010.82088,22296.60493,18506.72767,16830.38545,22680.59518,24562.67324,25934.56493,16994.36276,20265.27626
P58735_S587___1,44609.55846,82815.34692,89349.0356,77792.82807,53270.86618,46289.33426,94666.38293,98077.1298,59597.56638,72412.5196,98709.15612,86750.11612,88193.6479,71316.77196,68121.04221,82048.82045
P58735_S590___1,207568.8078,156878.5342,148831.5344,144513.6551,130897.5652,119658.3058,162524.585,166940.8131,159967.0122,164905.2729,210292.6653,165605.665,118452.7248,116232.2618,148819.979,160010.5736
P58771_S283___1,8580019.2,7581723.348,9984550.075,6523280.013,7777049.858,7002453.122,2273446.161,3855737.548,6826578.795,6786707.31,7241163.569,4180649.155,3880289.558,5668379.941,8632742.294,8867094.719
P58801_S411___1,232164.0423,173898.9882,223297.1529,258951.2477,270173.4739,156752.8274,279040.869,286724.9347,183191.615,118373.8091,199788.0736,191712.3799,220184.7371,143629.2295,187070.1312,192707.0946
P58801_S412___1,184354.7058,99965.67866,171358.8218,209764.4644,171930.4026,123623.3516,203518.1747,170713.5935,134454.4403,85296.15018,135316.9867,157587.3574,136753.5303,100516.367,127081.6001,121063.4647
P58871_S1593___1,105969.5254,221511.1665,124708.351,164631.4557,125130.751,98043.4272,162110.1594,113908.6639,108662.261,133399.4903,122264.3342,100535.85,80512.17369,84291.89747,98593.37296,87728.54796
P58871_S1611___1,22877.31385,22073.7498,28530.16213,31395.5595,21531.90177,29778.39781,33247.00806,35077.33157,26560.20528,26634.71466,32270.25224,39555.77489,25200.13418,22700.65043,41679.44641,49770.83737
P58871_S1612___1,20844.56326,36620.89739,28150.60879,18729.91579,22602.33141,27316.10223,26722.04201,25363.92402,26678.04915,25609.44389,35147.964,38464.15654,24313.43438,25103.85281,27740.65654,29188.85813
P58871_S876___1,49198.73532,110247.5128,85535.18529,96483.22416,64769.10018,66026.76814,103223.2529,69823.00389,45676.86174,62761.21756,40221.39424,44770.29178,42034.68704,44998.19872,48972.48626,38903.88771
P58871_S568___1,222174.0448,398798.0976,262056.2253,345035.4197,316596.0639,363932.7419,386399.5891,295167.6075,271862.7927,343754.526,213810.2739,263485.8613,292174.7123,244142.7569,243147.9011,242392.1819
P58871_S866___1,381091.9223,657162.0316,419751.5412,530724.8515,378324.4397,417907.3695,541338.9232,443334.5699,475429.6458,439593.1556,452537.9393,443450.4122,441732.6406,374338.1066,497885.4483,510203.6882
P58871_S911___1,351042.3305,679878.0019,484318.4954,625335.7882,278716.5928,255560.6538,689942.3079,661595.2876,300934.4897,187076.8735,429555.4855,362526.0546,223880.0531,196831.1486,401881.947,231771.9993
P58871_S912___1,404856.9385,788591.7712,452728.3389,475389.7754,267259.891,257865.0968,561965.2362,522881.8525,335260.5537,202786.0076,435090.5702,329397.4192,215188.8217,201004.8722,352277.7797,261229.7104
P58871_S796___1,222590.0971,350624.2051,223646.1718,240831.234,248696.1246,263407.6826,271906.3826,234894.4052,246716.7814,265746.0797,197864.8921,227241.6114,234366.3442,212645.2341,228998.975,230430.5528
P58871_S496___1,64877.57746,114156.0937,70207.41117,90176.81217,61597.30976,95708.45754,85955.03413,75671.58726,98056.90016,130076.5325,63605.71225,77557.01203,79678.5034,84506.20979,82107.66449,87256.59033
P58871_S1212___1,444643.0644,1061388.451,1119418.849,940842.1191,580786.6928,516104.0214,1157898.32,773899.6041,325204.6576,308845.0337,399994.0366,388662.2202,353608.1421,413137.2508,536843.9922,265043.7293
P58871_S1063___1,282039.2977,506290.3736,377971.0814,423099.4011,252017.1044,290448.866,443151.7367,405793.5929,282281.309,256120.2761,368312.4827,384609.7229,267519.5411,240180.186,390358.5453,431580.0881
P58871_S887___1,13858.21269,26703.68298,19414.74974,17545.70425,14835.96087,11787.9528,20760.23451,15844.84372,12924.65853,13760.86488,19593.13463,16212.49952,12734.403,11663.89486,16480.40935,14850.79152
P58871_S429___1,484756.2834,927455.5652,539754.6339,745873.3182,479092.8264,488320.6692,855598.576,708280.6303,646477.8662,541151.5247,570604.597,560548.158,557723.071,490055.4624,701548.2024,578476.9221
P58871_S977___1,220010.3249,429220.801,295185.3077,340438.4387,301970.6296,283965.5772,404403.9718,347925.0132,255123.9764,247605.4031,272445.13,205959.3207,231651.2098,177317.9426,172432.7214,109668.2265
P58871_S1437___1,120487.6423,214080.0906,113137.9245,144051.3608,137495.1434,163944.8129,147410.15,118539.2489,175204.2683,222176.869,170980.9654,199206.3841,180430.9363,151387.6571,157487.8401,178310.0666
P58871_S1442___1,314146.4996,647974.1638,400195.8858,483992.4152,402633.5747,381552.4134,488365.3651,384302.7673,391621.6569,477251.3641,324254.5913,369448.1197,399198.2324,333890.2775,427150.4289,425421.3527
P58871_S1375___1,136078.6309,207353.9936,183647.1517,207490.3402,163075.6253,174129.7194,244651.8653,174276.3296,168633.8888,169089.299,195104.4661,196084.9439,144919.8286,138913.0099,181015.5994,134635.9511
P59017_S343___1,3022965.093,3780135.892,3213657.721,3213040.42,3658897.451,3911606.711,3234387.105,3734815.085,3474190.813,4212428.009,3462702.847,3626947.045,2979458.708,3768093.596,3290779.972,4012195.881
P59325_S388___1,463404.8678,269430.378,307900.8415,328221.7459,365149.5865,535576.9455,299759.7447,405748.2245,499291.6045,669277.8524,317295.4112,527836.8522,421402.8522,543213.8334,558702.1621,944847.9598
P59325_S10___1,25297.45238,19921.56524,28297.51038,34026.9651,22718.75086,25081.95306,27169.07016,26573.07969,20930.55684,14847.70368,31191.4012,20202.35716,19372.7022,18227.46446,26545.37075,23032.74122
P59325_S417___1,555595.6034,548131.3026,583467.8531,571240.046,560814.5383,534974.7727,594468.0759,480871.3072,611215.6124,511907.8457,628884.6093,511905.783,589486.2014,489089.0795,540019.5776,445799.6967
P59438_S1049___1,63790.59305,115034.5092,158364.3652,157734.8721,122038.0257,83039.40345,214322.2047,118914.5366,79399.89295,155643.4916,90382.59435,88048.38527,66207.75473,85778.87007,104052.0416,94542.47229
P59729_S871___1,470990.0777,432968.8818,466671.5377,421702.4388,520521.7709,588048.3365,359361.4428,409012.1568,544464.9149,727745.467,491489.7276,467677.1781,678351.2309,555802.0197,369318.8163,345242.803
P59759_S209___1,214362.5577,305654.688,223100.2434,167399.4087,340002.5219,321231.2705,186544.9202,210827.1788,319841.1564,807822.9442,161192.3293,184657.0126,308287.4381,433472.1545,163692.6411,179955.5332
P59759_S537___1,190860.6507,241491.1876,196103.854,162183.9157,288307.8666,270996.4859,173155.3462,236543.0758,198454.9252,599568.7147,153669.7753,155354.7126,213479.7957,274310.4343,163878.1502,132663.7488
P59764_S1778___1,187906.5896,126119.7813,216806.304,198373.4572,138530.0015,131874.4393,218955.5542,259890.9069,133887.6559,156990.257,220524.5951,222935.6478,174513.7936,208788.3565,217816.1445,209292.6254
P59764_S1733___1,36242.60361,34675.18611,48507.882,45095.35339,30514.16932,20565.30786,61225.44599,46810.67876,26564.77544,24053.24054,40309.54104,36766.40984,31616.9109,28620.51676,41470.22634,25738.83847
P59764_S1640___1,26055.14295,22096.59215,43274.33868,48813.94723,19167.22115,19207.73373,44605.04365,40750.03987,16679.77847,20568.86882,35295.06854,39396.62328,22873.6569,31591.14917,31654.74555,36617.43537
P59808_S500___1,14929.60356,21511.44633,13223.81159,16001.93059,13478.34358,19057.87113,12789.33711,13043.72017,15071.35542,16295.12549,11686.23457,12710.36117,22633.7931,24718.95687,14817.7068,17420.22172
P59808_S241___1,41812.32014,46417.60123,27779.46983,31014.66614,42881.64998,49879.86706,33107.40787,32935.02819,37342.34178,63825.80556,26633.9787,26077.45373,50838.84889,59520.21383,36636.41681,33734.53284
P59808_S163___1,767426.6169,1075262.948,743015.3979,831336.2921,1013403.83,1126101.575,750041.4068,640980.6308,890705.5721,657120.6828,700423.4925,620295.1341,1020903.588,920462.1282,621107.2213,543322.7375
P59808_S83___1,115637.3496,172057.0704,70072.02157,77652.71301,189282.6573,201456.6631,70240.66322,60690.40143,157527.8499,120376.902,76299.39685,69024.47555,146401.6774,145997.1656,69408.66184,76813.973
P59808_S813___1,86764.13523,100210.107,82085.02416,95323.19834,135696.9649,116325.4027,91049.25658,79131.90609,97253.77118,131563.5315,88870.95207,81817.5698,101270.6821,109900.7701,79742.72203,86727.12656
P59808_S831___1,243657.8969,263800.1227,206781.1661,238640.4132,235521.8885,263788.4932,195000.8787,203318.5685,252747.9741,156482.8958,274183.036,239255.2572,262992.4063,253142.8955,263380.0044,279601.5493
P59808_S805___1,120067.7474,136573.6463,121495.247,131395.8338,117116.8777,128284.1406,116853.7254,114716.995,122178.3541,84008.54321,135727.7607,121458.6981,119475.706,111288.2211,135072.7836,128001.8956
P59913_S302___1,274600.6205,290750.4601,282334.55,302545.5423,156337.417,338309.5766,251518.0203,111697.1008,395943.6406,490841.2261,228768.3577,251693.2834,369693.8216,163764.4877,280761.3226,276043.6007
P60334_S196___1,281234.6198,281592.6046,216214.203,359429.9021,568329.4498,471548.6829,617346.1882,280458.3097,334314.7453,278338.8681,322187.1087,385322.3739,450442.3526,454828.7009,277828.6523,307225.7825
P60335_S173___1,1298817.824,1805749.353,1344194.794,1361796.648,1796063.66,1845432.715,1361069.439,1112457.034,1496078.87,2790275.643,1250201.882,1450896.844,2178274.549,1893232.593,1337150.501,1283305.498
P60335_S264___1,499628.955,389020.547,300744.7684,363745.8665,479371.501,607923.4099,337854.7682,269078.6296,625765.7412,654365.956,701619.4743,641510.3929,814849.4842,485923.9618,463087.1489,403534.2833
P60335_S189___1,844555.2372,1231353.069,1038438.171,1079457.362,1112906.466,1140077.818,1051825.337,1000131.244,995700.1488,1552943.015,1017608.879,1071742.675,1381974.742,1267486.327,1085149.46,1023815.011
P60335_S190___1,897631.1259,1101981.581,907141.841,1045382.58,1087067.355,1200521.479,952508.4792,866017.6705,1028336.31,1533031.731,937305.4815,1008345.859,1298937.094,1064029.866,994921.8029,1003270.492
P61406_S873___1,1427204.243,863403.3831,587823.3334,683817.7415,929166.2752,1315645.257,589184.3678,742701.3287,712017.1999,1964452.426,696081.267,781222.7634,367937.2906,1235478.391,715273.1171,858000.1726
P61458_S9___1,209741.2128,211427.3548,165670.4721,171363.2623,214248.45,200385.2036,188164.2442,177856.0343,203786.3632,223714.4879,145467.9215,168688.8627,211159.0184,213536.7044,178647.3411,187652.1746
P61979_S284___1,2844006.911,3143431.366,2623137.317,3075143.326,3236144.365,2984786.8,3119197.911,2955725.533,3086391.775,3079689.406,2796259.858,2576288.131,3532228.241,3241015.351,2264839.688,2923379.186
P61979_S379___1,318233.0021,366766.5156,330331.0982,433182.8849,453349.2424,450963.8606,405262.0441,328080.999,388511.9861,531956.501,303476.4166,316844.3058,521995.2851,437573.3516,252798.0348,293790.3957
P62046_S522___1,192820.0701,181545.018,123830.959,161510.5248,206148.5236,196560.0287,167052.7777,123660.1259,207963.2785,313378.6792,120974.4656,322136.0945,218859.458,273422.4747,164796.5481,346930.7866
P62071_S186___1,512826.1228,818455.3479,551699.2085,536999.0613,654513.2288,462259.2856,702643.7975,746199.908,625072.4846,488631.728,624272.7359,496583.548,866535.7715,648280.8298,628539.7149,527715.9692
P62242_S160___1,232183.6855,271675.156,306647.4834,241599.918,298441.7807,334240.9128,208203.5989,323530.7861,252134.4951,297581.3431,274617.5527,252997.7624,239618.1909,237141.6374,213373.96,222186.944
P62307_S2___1,394099.3014,312061.0442,305677.8817,389670.5089,810156.5704,658433.7195,318340.1241,202557.8752,531561.2583,975841.8013,231777.2123,378444.0605,611852.0899,889591.4743,243712.3653,291411.1727
P62717_S71___1,188927.502,255549.3691,161637.3529,154255.4805,233763.3299,268046.4786,164923.6413,129551.3341,214324.379,345967.9248,169975.2481,183164.1535,252551.4859,245661.6123,159187.4329,126752.4942
P62806_S48___1,503356.9519,469777.2635,615375.5207,675199.9505,592702.2381,664130.2271,600495.6181,653542.1922,584010.1997,596869.8261,651603.8076,654357.5042,669430.3581,554133.818,620310.5485,701530.1107
P62821_S78___1,33475.25959,33149.48456,30596.81386,32961.93131,31531.62675,33995.86649,35462.21417,38823.68398,38128.36674,34420.47561,36765.26597,31173.87541,38447.8856,37314.41878,32626.64253,41602.49501
P62880_S2___1,85721.24392,85086.79528,44857.45562,70754.49423,81387.55465,85133.14801,70404.64303,46191.34124,69044.04282,116353.7032,49235.47081,58733.53592,102591.1502,82595.19537,54191.58993,49678.27124
P62897_S48___1,62279.45298,64154.87764,64539.44013,65878.4932,63063.45821,66112.22602,79116.74369,74046.29014,69784.52768,57128.83674,67343.52617,68454.09327,77285.14123,60841.88974,65661.70635,70461.80287
P62960_S312___1,50336.77889,48403.0382,61540.62796,49321.59014,66119.85517,52306.60482,59200.60096,60043.43751,41063.44637,56626.96213,46452.71425,44224.50152,48838.20784,43442.61583,40619.9206,83217.17793
P62960_S172___1,50456.22931,64957.19184,78179.1671,78268.72201,86938.20739,67143.45193,80166.47617,84919.2784,62717.03005,79778.62056,72824.66887,62596.75463,74920.44719,66420.07433,58423.65927,108553.5676
P62960_S174___1,19390.63157,19507.68066,55845.44505,57209.47317,21503.34501,16585.56352,78663.80037,63494.0566,15361.60086,81276.98911,64908.3504,66569.0769,25511.73654,19397.58031,53125.9409,102358.5822
P62960_S163___1,94940.32741,107486.5716,134481.9164,137544.3983,107722.0055,105219.1549,149201.7133,98454.22833,97742.03275,109572.164,116112.2602,105084.8471,105223.1923,87699.51473,107561.8591,172206.3335
P62960_S207___1,358722.5758,268007.9553,439280.4214,439410.6077,446791.2022,384410.2675,519409.0533,355176.7549,200961.814,169869.2113,286068.9822,249177.1285,204341.036,162510.1171,202003.0468,306331.0391
P62960_S100___1,71760.81994,58438.25537,58941.90218,52418.03051,110514.256,122247.3661,73125.72589,62969.61064,96575.02839,136204.249,80600.04365,84754.10001,121112.0211,71000.15661,56033.95379,87399.6746
P62996_S264___1,22877.72981,20526.09609,21191.96867,22306.65517,19041.15873,19385.59157,22899.31207,26986.91654,23765.89984,26227.53438,27173.29735,25928.05565,21941.68301,27256.08069,25036.09374,32776.15966
P63017_S2___1,141791.9982,163006.564,164317.785,144566.3446,203339.0932,215722.9992,160525.3482,179827.3408,168974.1143,203541.9652,174091.7928,182455.3707,214371.8883,185737.4287,172626.8828,141587.1679
P63024_S15___1,1849.236163,2312.274931,2283.309245,3019.16337,2005.931175,1386.434403,2017.94742,3789.647507,993.9200099,2863.32569,1473.645249,1559.609548,920.2625637,1412.486632,1275.775754,1914.607403
P63037_S335___1,145825.0008,156992.3041,101025.948,128414.1745,132479.5528,122154.941,123913.594,123196.0723,163808.3408,204464.3643,128126.3771,145546.5189,145379.7677,140528.6259,136771.9911,149432.8585
P63038_S256___1,60970.30863,53255.12496,71780.27532,75328.99695,71646.80013,67787.54575,74184.13343,81659.89753,55451.81323,84783.46664,68009.71775,72143.97894,77655.39746,65752.52215,64785.36811,72588.96105
P63038_S70___1,198571.1284,206671.1742,199557.5486,193904.2933,246043.8816,236680.2617,218626.4392,233801.6145,199888.0591,270341.1556,216391.6548,225414.3281,261717.8519,237554.6015,224996.0811,220261.7893
P63101_S207___1,53927.47979,58492.43594,52767.35428,58154.81083,51787.94666,52356.38357,57558.33235,52077.40893,71334.06303,70369.4275,55245.69089,55131.16078,63160.21534,59778.19514,42991.0334,53976.28979
P63158_S100___1,101927.6849,145057.5663,88279.98766,92244.48805,160836.2574,194618.7792,109199.3072,84126.43761,140104.3145,255387.4665,78287.67637,90206.87471,180701.9032,130969.8945,64902.69473,76776.62225
P63276_S113___1,1359332.905,1666223.545,1486998.566,1517681.16,2357418.176,2619516.731,1615432.659,1155635.603,1638216.349,3861761.52,1237406.705,1459148.568,2542055.73,2291911.362,996825.7086,1200865.462
P63276_S115___1,422529.6429,542475.3078,418862.6074,440687.601,707501.9045,785773.8553,505524.5814,339799.5481,485854.8271,1114628.822,439254.2198,461319.7046,729314.9563,680792.076,295410.0448,380239.7549
P63325_S146___1,293568.5104,215256.7576,276060.8744,306859.328,253066.702,292413.951,293877.2495,243036.6771,266163.4159,232843.6477,303674.2137,329934.514,228751.4682,223291.1993,287106.7973,273954.4414
P63328_S492___1,103490.8766,105589.0248,124435.137,116289.1957,122493.3565,158059.1377,98399.32387,96725.43455,76100.32124,74721.60583,149528.5878,128870.6953,89404.00803,81995.46787,107160.8221,103943.8244
P67871_S209___1,650088.1298,598309.7805,675464.0111,637908.0203,846334.142,820948.0872,582036.2324,515378.1503,903889.743,1266773.664,829212.3071,776027.7001,1081553.867,1010397.459,720203.144,717488.4116
P68181_S339___1,1311083.899,1273611.757,1153380.755,1172801.31,1424805.603,1765223.577,1258401.243,948785.4456,1237426.949,1844042.113,1163011.503,1361792.948,1525057.309,1367386.768,884662.7497,1169363.266
P68373_S439___1,760003.2391,929141.4929,859604.9373,888838.6963,869271.9323,954271.0411,855816.939,831500.486,748305.1171,1072296.467,932435.2353,834947.8464,965988.8422,925087.9892,932633.7692,954140.5299
P70121_S26___1,33502.96732,36719.53337,39819.90701,38000.85978,41798.04814,41482.13864,32141.962,42261.79792,41338.61409,69442.19191,38484.53788,51222.50093,62574.29084,38504.58963,47669.85163,51698.0889
P70170_S965___1,35080.0855,30390.81372,37609.50905,33697.82454,43293.04318,53284.37965,46624.75962,35726.40322,45084.78629,62284.26626,33435.65664,34464.62773,53836.42828,41680.48977,36823.02715,37776.5496
P70255_S185___1,96288.16906,85249.30097,77696.269,88382.87592,93397.99539,117386.451,87178.12214,80192.15683,91686.59238,161408.5106,77356.00964,100411.2821,107482.2953,89785.1995,69790.81603,65086.38869
P70255_S324___1,422185.4331,387491.7796,489181.0007,523440.3489,309378.1124,376842.9339,491943.5975,498109.1729,422701.6248,338764.5147,646364.6757,567549.3742,361083.5249,339812.4137,575667.7912,595657.3011
P70255_S328___1,385504.1537,337313.2588,368750.3683,426580.9067,236515.4477,289917.8734,336511.475,369459.9025,262929.9204,257750.298,487485.9643,481772.3886,251015.1315,251671.9982,400981.6826,415013.72
P70255_S330___1,1075633.691,804197.4302,923891.4199,1032367.976,630940.1834,703491.9379,825333.3712,915813.3442,711308.969,641599.1407,1100869.504,1150674.147,666467.6828,651736.1341,972248.549,990934.5424
P70255_S334___1,160661.3712,102315.5105,116220.1043,150960.5275,95553.72104,109908.668,105582.8292,119764.5595,120369.8714,119906.1152,209111.415,206064.1256,114271.6626,91160.41898,145073.1986,167068.9264
P70255_S313___1,854037.0644,1004638.673,899290.2527,994968.9072,883356.6634,774347.0254,1023396.352,794375.7115,968232.0505,1053802.772,1140138.951,843799.1813,1128176.41,824436.3023,833108.2305,561434.9219
P70255_S314___1,733664.9824,865238.4958,719618.8156,901413.9715,750765.4659,653009.7308,831746.5979,797417.4785,828107.5317,896651.7022,817509.225,711687.16,965948.5562,704021.7662,725554.1399,470662.6601
P70255_S296___1,28033.80317,24617.21662,36867.82609,42991.86731,22524.96364,24699.87184,23656.48687,28231.41718,26568.26069,29075.17955,45772.74436,37451.33141,28043.95894,24597.34032,38675.11771,34286.69365
P70265_S469___1,89159.60007,111029.3236,81502.87524,81517.37847,100047.493,96210.81328,93378.11231,94810.37553,103246.1149,76224.56695,97252.39906,82014.37059,79770.77379,72588.45165,57874.71043,43742.18524
P70265_S486___1,102461.0622,99900.22818,130838.9399,140111.9462,131762.7012,132066.9851,172131.5048,144615.5299,109323.8741,108893.627,153391.9643,125623.3931,111284.5874,104926.0288,91347.02578,73288.55865
P70266_S33___1,372802.5257,432748.812,338163.4598,385768.6097,458975.4236,476754.9079,409652.8401,407427.5684,446634.4679,428107.1062,328669.5625,265106.8194,479023.6668,397300.302,286814.8331,301019.0822
P70268_S920___1,528784.1292,898214.8036,454431.9802,535344.4148,721019.7431,672429.6414,574830.5545,462522.6927,704723.5227,931526.1899,504772.1298,372150.2079,840092.9288,702635.4305,422368.4429,339809.3972
P70288_S422___1,66366.26586,41428.71965,33152.81196,27338.77275,44409.6395,39542.65669,32811.56759,25340.19705,73439.02672,49565.11323,50170.81983,52161.56596,42209.66582,48100.5771,47736.25475,30086.71346
P70288_S394___1,18924796.13,14024742.74,9753845.153,7749106.248,14715496.3,12561929.72,9800356.767,7140941.354,19423393.19,19285830.4,10350391.49,9689604.941,15951727.52,14749275.42,7637177.912,7459418.817
P70290_S19___1,596038.0438,980096.3667,674232.666,565802.1292,730603.0421,643453.5466,624023.7432,547441.8674,685349.098,686698.995,469204.3074,440656.9453,634448.9682,610979.4949,541673.146,473061.1566
P70296_S52___1,930929.3166,900241.152,877771.1486,1117881.257,943918.2399,958004.2859,1063113.347,941428.5466,966583.8832,1407183.399,873991.0303,939925.6372,1093279.599,881292.1926,870665.0159,1033405.344
P70296_S132___1,79177.16888,77438.32889,89606.3439,92273.48322,68612.88577,88130.91528,108780.4107,83867.74726,80790.91767,130012.6976,79389.46706,86865.04622,111520.2966,79526.47083,86281.9,123475.1865
P70302_S257___1,53910.75356,81388.07058,67720.68392,76566.65461,49822.90995,76482.94588,75932.39732,92978.79055,65824.11669,69966.09011,69506.86564,69828.49504,110103.4969,109588.9024,53675.31275,90938.00401
P70302_S660___1,64779.93165,58985.75004,58743.34075,61769.18469,62048.92606,72358.92325,88940.04775,98315.5262,47067.64689,62528.18804,77740.9753,70148.84233,85224.62535,55627.08523,41266.73108,67677.46777
P70302_S575___1,698030.2366,794000.8714,603547.9458,623516.7714,917888.405,800680.0119,750621.3639,627295.3583,537341.3982,471035.0395,541802.0348,398847.4862,858772.0556,577539.1608,350500.5498,273319.4915
P70302_S512___1,84769.04018,86281.95826,114632.8932,95020.33508,87308.59455,86671.19244,122184.4103,108955.3875,64891.38609,53626.39857,73599.99114,62768.33461,99977.74642,73028.58825,64443.83076,49773.44498
P70324_S705___1,36890.51165,37956.06959,46611.13916,46172.64076,34967.3053,40653.74624,34395.3705,35418.93344,37582.87297,43805.2971,60695.37463,44004.23638,46747.48896,32255.69967,47020.67511,47372.548
P70335_S1102___1,38108.07357,43049.75279,33904.38734,36777.36978,51900.32885,44740.20025,30093.31875,31685.31347,44406.28641,65214.09847,37214.93674,32881.02743,52732.78677,46816.07412,30232.63694,31241.46409
P70335_S1105___1,64087.91496,70902.4047,69398.27368,64773.23609,71568.24584,70266.74571,74727.47907,64736.4333,67692.15712,87413.99361,72128.25693,62481.08041,90670.74216,75377.53295,57479.7057,61993.51656
P70335_S1108___1,40530.30998,36914.42022,36819.43943,35481.33606,47074.27783,52606.47907,39034.68406,36222.29284,46014.8054,66085.37943,34417.97826,37945.30645,57637.14798,57480.46855,37018.61608,45609.47938
P70362_S209___1,188162.445,118549.3327,212469.8509,234815.6979,244524.4983,326961.1827,215170.8242,234784.1723,166349.7104,174787.9354,169962.5734,165125.3604,159947.0214,149675.7704,104466.4289,90934.07847
P70362_S299___1,989458.2947,351041.0509,586880.1509,483007.4449,653782.6337,972410.6519,376218.6396,717996.6755,636889.1629,459972.1271,672709.577,759008.2811,578290.0285,598354.1329,514367.0185,427895.8688
P70398_S2547___1,81035.12305,86786.80045,77142.19654,78059.94877,62875.22665,72229.04267,77416.83987,72122.80459,116517.8337,70314.15815,92554.73876,94816.17037,108686.1406,86999.76437,99230.04261,99359.89686
P70398_S588___1,69436.06364,85065.20025,73974.26973,80926.21621,94084.25488,119759.7783,97131.83461,77795.82045,58782.98266,81695.68008,69446.12752,67632.16946,78862.138,71937.26568,60320.53044,50377.77706
P70398_S1600___1,1424982.32,1439969.379,1399791.959,1441277.412,1572971.721,1668663.227,1333231.267,1237771.49,1545435.794,1948199.612,1383702.532,1329420.42,1617763.084,1523052.075,1213373.172,1346126.596
P70441_S181___1,15326.38701,9111.147214,11441.15327,10854.08332,15739.2445,17028.202,11682.08276,13241.35449,12869.8114,17358.51222,18758.58723,16676.18857,15333.88424,14014.86912,11909.07467,18616.3714
P70441_S273___1,71302.95313,60216.74977,90199.79934,80658.86022,81583.60179,87366.01761,84575.45744,78697.44446,65537.03264,73359.43553,85457.73465,97652.27188,75679.05158,67211.51906,76643.5855,75851.73703
P70441_S275___1,3416433.506,2811795.618,4171430.96,3983759.179,3621779.893,3824079.916,4486268.779,4333154.296,3342968.534,2500302.072,5121761.704,5516059.56,2899595.848,2956081.538,4024767.625,4139791.026
P70441_S117___1,459522.9847,347993.6933,597775.458,645532.0061,420266.5515,385167.9354,615236.1424,668344.8391,384381.3513,383852.6372,660838.6617,764805.518,374457.8166,357250.7763,660943.912,766914.0372
P70441_S264___1,72404.75095,64713.83936,96100.03927,95806.92996,94221.03356,95813.91946,94295.65185,82308.28073,65957.71584,85117.21257,80564.42922,83478.34934,75751.78324,71413.06273,62263.2679,72423.04327
P70441_S285___1,1687557.856,1762572.711,1800383.204,1503083.948,2135822.518,1906129.703,2196961.749,2688820.286,1647669.648,2461248.901,1568000.083,1497297.444,1916487.855,2236810.018,1169284.798,1377855.655
P70441_S289___1,57191.3431,41145.12899,67966.8418,55717.84719,66827.05278,81897.95455,65572.66335,85126.20895,55199.76017,89186.08341,67329.81324,129833.5127,71842.25104,89343.57169,63798.91205,93477.78121
P70441_S297___1,90359.76516,63007.55559,59130.7413,57376.99452,75765.54863,105081.3581,66793.55348,88962.05771,97214.94862,254421.5416,65384.29997,118567.1574,97177.35709,112832.2257,76937.65827,127292.8302
P70444_S76___1,107561.0638,146688.6385,91479.74736,115573.5767,143398.7761,137130.4888,108116.5498,113079.438,169936.2553,133698.9058,161249.2035,153816.1665,147400.4425,136921.5543,167220.6642,154309.0313
P70444_S78___1,79013.45256,114407.637,106888.5956,95801.94232,85015.9868,90763.09619,114023.1192,73825.41924,83276.16616,98729.50081,106625.1441,104641.0511,91780.15147,106910.4536,109387.464,127217.7284
P70445_S65___1,707966.1649,753461.1825,495219.7404,619925.8756,945418.3945,1883634.376,1088602.536,629230.8675,1197951.691,1977734.413,1345908.934,1714774.215,1621941.423,1509463.371,1018031.862,1786252.89
P70452_S117___1,216217.282,310942.7347,430037.7665,422846.9264,303736.4368,328526.5367,413156.6558,460389.1992,268248.0925,234850.5881,498192.9599,466734.259,407107.7368,439235.7204,468773.0392,517807.2467
P70452_S15___1,200357.0922,254210.8532,305191.0351,287893.8758,308896.5436,349082.1066,321780.9532,631543.6431,214761.1586,352465.0799,312564.0756,348342.3665,401059.5028,402865.9335,359966.297,362669.9801
P70459_S185___1,115293.7153,138522.4872,271163.0137,226891.3405,268147.0606,170346.1812,263688.9135,195987.3319,112120.6909,148123.1625,161817.0128,159528.5962,137470.7148,267022.1875,162409.8498,164882.3747
P70671_S123___1,239964.1614,263225.8391,172885.0438,213709.7778,271732.2615,236551.249,123229.1813,164983.5379,365592.3975,194179.4368,237846.8168,330268.4023,242745.9359,257520.7203,223984.6266,342482.7412
P70671_S135___1,54387.40976,75810.42112,70897.94282,73755.65021,53667.58257,60654.73038,40670.88641,55506.29985,50724.3202,39586.93431,39739.16239,55455.6933,54321.06619,58139.83591,46803.34713,73676.38295
P70677_S26___1,103660.26,117951.2181,117961.2046,109973.2854,122007.4719,100907.949,120886.7961,112441.4563,84565.89004,62667.10874,104997.8963,96975.59039,78870.3874,70521.68379,93289.23232,86404.08962
P70704_S1126___1,37995.95214,40912.38512,47051.24225,52355.39014,46264.33534,44047.03676,42864.68841,54888.46171,42843.6844,55069.67901,39621.96858,53452.72268,46565.43278,45286.58236,43529.98,46688.89488
P70704_S29___1,71274.94978,82863.98258,104059.9612,93991.3966,67056.24458,47549.42399,77377.09197,123270.9604,77148.06875,50806.52953,90239.49102,99665.92016,58583.15846,63025.7396,94262.28859,82670.92766
P80318_S252___1,313883.9936,152266.2124,370853.2768,220823.3974,197861.9556,213285.5123,153719.6313,175582.3307,232263.3177,150753.8091,278101.4385,288078.6694,198775.4185,142702.5634,169148.8173,114575.0177
P81117_S89___1,460603.6224,411018.8278,362331.9594,472652.574,492427.8213,449294.1222,301686.1959,114794.8512,544462.5255,420099.1334,344810.6141,538451.651,432410.6628,439502.7307,462249.9184,517643.0529
P83093_S640___1,166948.5895,161617.8322,137525.4841,102495.1846,193570.7558,195736.948,125891.5239,134545.9234,176924.7288,163369.0778,155952.0191,151723.9727,202140.5814,190858.5342,127447.5454,145191.4359
P83093_S661___1,212620.7175,212711.1535,206789.9525,171583.6374,232045.4399,209944.3167,206891.2442,238014.0149,200929.0128,108603.0892,171795.1731,182391.7572,239383.9475,184458.7429,199830.6975,140111.8752
P83093_S626___1,237989.3925,270156.538,258742.1217,209047.5747,298243.1058,262540.3952,245039.0228,231590.532,232942.1853,255324.0322,252963.5213,196251.727,307963.0721,229353.7873,207993.957,167444.9256
P83093_S631___1,56201.73982,49088.4247,57777.27659,45053.85786,60880.56652,63354.43681,53892.52305,58784.3712,51795.94754,46830.17349,50840.35811,54770.43924,55673.99246,56169.52338,35719.6445,42341.84451
P83093_S523___1,28852.15284,36895.05883,34549.70636,26054.08028,39774.01562,40190.00342,38410.01662,40040.36208,35538.94898,33348.29605,30687.52345,29573.72016,49409.1919,40540.54465,27921.36847,22835.61272
P83741_S165___1,26290.69413,33839.65085,46669.38702,38225.10207,38341.64558,43502.01762,41980.84628,35733.58019,32403.17825,33584.32748,36279.3,33435.35297,32352.12003,33452.19229,33533.23574,31125.68183
P83741_S2___1,26169.50912,28039.98188,19460.78229,15920.84663,26720.8493,31821.2167,18082.62023,27387.53836,19816.41708,47765.48396,15786.37709,19640.38605,26909.39405,30223.99258,17995.58444,23711.09822
P85094_S205___1,77608.36219,97592.19278,83850.49998,88482.95301,119339.007,129102.2119,123081.7828,110405.177,98576.27662,124561.3321,95137.9117,99831.88308,104658.8758,100981.0518,92854.63472,84092.7747
P97351_S263___1,400456.1851,399533.1053,301219.9971,344108.8149,394109.3388,351835.0667,315276.4148,255593.7137,357777.8895,441801.1578,293968.6951,335750.8789,426505.6833,358971.6692,313180.8099,318717.7332
P97352_S32___1,313306.7212,236028.8915,356286.9506,380804.0614,298164.8413,352671.5807,346333.7772,313780.4713,349025.4858,363576.6564,311490.0522,314316.7701,462610.0706,375945.4245,461151.4516,564649.8882
P97366_S689___1,41084.63018,85375.85373,43758.18301,52465.6352,46788.61714,52138.81361,55967.47162,48016.7011,51865.30464,87460.49343,56550.87831,39487.16312,97207.58446,95065.07509,47366.05695,54073.09926
P97393_S1194___1,179680.9665,181191.5147,176773.3254,185393.7644,204959.218,233371.3971,199112.6638,181464.3004,166077.1107,239980.991,144542.7949,164050.6205,178994.3663,215689.5902,151232.7253,144708.1583
P97434_S976___1,108133.2274,125572.1571,73331.61432,105913.1609,129399.8795,132257.4652,90689.89121,93351.7018,113546.5309,181642.658,86735.52916,89426.51967,134408.4978,141715.4273,69250.18238,95773.92471
P97434_S292___1,498174.5641,618281.131,410547.4861,437720.1216,595063.9117,612973.7213,401712.162,405472.0977,505556.8392,888442.523,397063.409,440094.918,591944.0442,653187.9395,358412.7551,357440.7822
P97434_S221___1,44582.60471,46353.93637,50905.1986,48482.13359,41143.52679,35980.18685,46452.56178,46647.35349,37973.48261,51206.63706,57816.92142,60271.24098,46604.70122,43362.80151,60370.20805,61630.86503
P97434_S225___1,41564.09651,37131.75815,36867.57091,42465.03445,36402.44894,32467.50582,32604.44577,39233.58204,29873.11061,45870.26195,40257.46002,48259.50704,32938.65064,39436.01798,37285.30294,43475.22667
P97434_S364___1,83685.25205,112006.3798,81527.85137,85365.6475,128084.8268,107076.0184,81374.3113,93407.82044,108991.514,133480.0756,85107.11978,96617.42199,109861.3871,102181.1086,76007.82638,74985.88163
P97457_S15___1,51688055.63,25268937.81,198708219.1,35453422.67,28573507.25,36586732.84,2220798.865,7769273.993,29404250.74,10956675.21,24478415.14,12593850.65,5252754.192,20469545.3,30381726.13,52594075.13
P97457_S16___1,325438178.3,170744214.1,437920238.8,144636109.9,198300693.4,255432580.7,21351272.49,41736865.68,207863119.6,80939856.98,86831863.81,69615984.43,40064028.93,152301361.7,102217694.9,174996089.5
P97494_S621___1,41459.20367,44325.0774,38927.18824,40113.7403,44109.65981,46449.81486,42645.17811,41567.56618,43770.20379,66571.38358,42859.89221,42904.09541,62516.98763,52283.59343,46935.68342,48846.65005
P97494_S5___1,42974.12951,45650.50541,35734.21297,39095.78732,48859.97397,50489.09581,48807.61971,37413.3515,42685.21137,76681.49505,34817.23261,37139.3856,59481.09258,59481.08068,48768.85715,52079.44508
P97789_S1382___1,133710.3101,106471.4093,116875.4339,128183.0662,114873.0139,121998.2252,120467.7396,89603.76826,119167.8647,155095.2123,115904.2681,106669.6541,138067.1064,163471.3543,121206.7916,135755.8281
P97792_S323___1,174695.4902,236252.3248,317593.3236,237883.8339,224051.2852,194681.3097,314803.8475,280757.0728,242241.9165,184517.7062,235958.8342,161541.6838,233312.1752,189984.1297,214654.9705,114501.8543
P97798_S1225___1,17623.83397,23141.22985,22181.24598,19644.62171,20520.1597,17960.00029,26825.69267,24003.81095,24864.10169,17258.86979,25340.36293,22638.48898,29765.31454,23796.7767,23062.04639,19569.1543
P97819_S13___1,120164.8557,151792.5919,143630.6881,137572.1807,141634.477,161612.7629,127414.0859,112703.6182,97058.83732,169020.961,97919.78876,110297.7844,147699.4616,121504.8653,93119.37602,122103.9981
P97855_S231___1,408807.8902,417096.5863,416013.9329,459339.0246,328169.1477,362227.641,487904.3384,521576.4363,324464.8111,254169.0176,492074.4579,401510.3061,249736.0115,354786.5261,501849.2116,440957.7896
P97855_S149___1,2711569.047,3180117.177,2193102.964,2558900.837,2896048.882,3381132.945,3142518.804,2402101.648,3087448.155,4384095.367,2491626.974,2611639.849,3854310.052,3131458.185,2261971.98,2782359.055
P97863_S284___1,190020.0778,136440.1268,132464.1238,175964.7502,158026.749,177169.2465,163316.2674,171274.0712,171935.899,288929.6903,134495.2438,172746.2026,201644.2195,199773.8533,149387.5763,175871.2644
P97863_S295___1,172018.7148,180519.0466,190566.2213,196790.142,182753.6659,179419.8871,207227.4562,197454.9834,162822.4237,217054.2429,147157.3097,158961.9263,247557.0198,211136.5528,169836.2641,137092.0611
P97863_S569___1,35366.83417,40610.43124,46876.13033,37671.58264,49080.15518,40758.04158,51927.481,50662.8266,34271.50605,64147.2184,38175.40812,45428.02168,45854.15597,35977.51288,28690.17167,27250.60977
P97864_S16___1,1053380.904,1191712.663,791606.3816,1048352.546,1534339.227,1331214.264,1316534.7,951582.3933,1256534.559,941042.4799,1205509.349,886199.8524,1365577.573,1001484.78,745600.3907,510095.0504
P97868_S862___1,61218.29811,71573.79351,56634.55789,65698.57363,53654.45677,54493.1599,50173.06926,66205.76876,82683.51844,49759.29019,48753.51835,55612.01055,57408.14258,71166.27116,48715.87059,59550.32041
P97868_S874___1,255537.0391,229211.1531,239777.6201,203819.1169,243737.3126,192122.0361,184511.4943,175714.4128,277264.9737,278404.5911,179674.3916,230734.3715,207539.0006,231578.8553,226441.4636,198180.7505
P97868_S1179___1,282309.3719,313312.026,290912.0981,336026.0389,269629.2883,220889.0603,245969.5284,345691.2902,370839.3111,217272.8054,261713.8676,318622.5547,261797.385,338207.4005,294590.1688,307201.1499
P97868_S1329___1,1051956.316,948293.6771,865913.807,1190798.849,1237124.574,1120320.222,1007783.789,915134.035,1479147.452,948093.3915,810757.2952,989372.053,912957.0996,1177097.539,1007552.974,1127182.453
P97872_S280___1,21386.43623,17118.35998,22706.25865,26221.89227,18625.50542,20106.21789,29007.58234,35429.4038,15076.75758,16544.16352,32737.25708,30328.28206,16668.93607,11901.46967,17637.60057,20840.52048
P98203_S334___1,356131.8773,293620.7409,264888.9617,277625.9219,411257.3461,472623.5346,267097.5309,286603.9695,356685.8608,367446.0909,275696.555,344126.3764,345200.6566,422222.0168,301597.4926,355015.0308
P98203_S337___1,61877.24485,98667.25523,50982.67594,59003.63644,63339.27925,59234.8912,53598.5688,52736.78821,71295.40848,41893.8824,51946.88787,40631.98553,87994.74296,84074.49297,59810.83001,57774.48513
P98203_S205___1,528220.1416,431256.2447,388464.053,482555.0803,504641.8565,531716.2896,421513.0254,459686.5411,556634.0555,348125.9944,421912.8289,444801.8126,463190.9482,559156.7849,580499.4013,516339.9305
P98203_S871___1,100529.3326,83361.25807,82344.94192,107503.6508,105830.0728,107895.6434,86675.42162,80967.22686,102038.2853,78143.75237,80323.11858,88832.64135,90101.42504,112625.9431,80706.48773,106567.4156
P99027_S102___1,6852204.12,5888726.649,6324235.568,7610358.433,5755371.575,7311860.622,6490609.43,5561808.981,9209172.244,17295805.72,6737506.723,8520583.492,8262643.866,9636173.671,7646246.111,12167528.03
P99027_S105___1,8000014.71,9346179.234,8868143.33,8245088.606,8266832.251,9224427.506,9317484.949,6468044.467,10536134.78,16189257.97,9805311.67,9575916.001,9742522.579,9132522.295,7618950.445,10790183.26
P99027_S79___1,366432.2135,511665.4063,404333.6142,555394.9742,419737.4247,466480.007,438975.5725,320366.2448,409281.2352,468114.6226,296923.7715,298096.5174,369309.8078,301839.2367,350145.7389,393657.8095
P99027_S86___1,352248.2605,360670.8317,253039.2479,287687.5731,310307.3662,303731.8602,277960.8544,187119.6036,368001.5963,381165.5147,249912.3393,252863.2939,378558.906,327020.5998,229248.7854,296475.8747
P99027_S16___1,141068.0214,232422.6154,139579.1074,185838.154,160174.9695,175527.4793,181507.3294,127846.3526,190969.4136,284787.6061,159005.5204,165102.6164,196033.1687,170777.4048,144392.344,157982.7665
P99028_S59___1,417997.3872,427108.2839,434434.2293,484140.1728,536701.6912,362000.448,567458.7336,500868.6693,375984.1007,399038.396,502160.2082,526540.4811,477647.6048,484735.799,532640.8931,519604.6301
Q00560_S780___1,72955.22476,89801.03901,61299.465,71196.87843,87148.05245,89839.38872,78809.50003,63913.07851,74158.93302,110857.6804,62568.82804,64164.54742,100959.4293,86227.79248,60337.93137,56533.84588
Q00PI9_S183___1,210969.2741,225187.5632,157853.5778,196690.9289,261634.3522,291251.9933,197349.6824,175257.2879,251832.9346,539782.5207,151151.8189,177984.3703,315840.8295,339881.3079,167355.1133,168327.0612
Q00PI9_S159___1,200333.1198,283476.1353,191495.6967,221019.9403,255120.7342,332989.1273,239345.2722,206133.8097,230082.6565,362632.0854,202127.945,208619.5338,349548.7274,295668.6833,200148.4817,242087.7313
Q01237_S871___1,1118520.212,1048234.473,1119521.154,1100773.46,1021909.635,995026.0802,1186901.662,1019871.867,1072752.143,678567.7985,1209312.453,1132812.099,964923.2887,1052207.254,1285158.427,1151374.657
Q01279_S1166___1,549859.043,881741.8898,1111185.008,746965.5688,900416.5461,688725.2618,987252.2794,870066.9638,532559.9652,545931.5837,778397.901,571388.9134,815603.278,511058.1473,463970.1822,305854.8312
Q01279_S1041___1,502193.6854,551008.6578,635654.1875,560088.6639,644733.7797,672325.5615,577790.943,587158.452,502297.1978,810066.6234,464630.4861,504120.3845,608504.6544,490564.5059,439444.4354,364640.6255
Q01279_S1047___1,116633.996,99634.6235,138907.5274,132117.2856,118624.645,129075.6962,156098.3358,156436.5411,101689.9276,136910.1212,127481.8409,132290.6844,124834.6965,90377.63674,100759.3068,81940.34465
Q01853_S197___1,161078.7841,138859.6406,166564.3205,169764.9527,182489.3176,178313.7262,155680.5996,155760.4941,178082.7592,144755.1502,174081.4846,163099.3734,150585.0739,179502.3509,162219.2878,181343.2012
Q01853_S702___1,152268.9703,116138.1851,137317.3752,147147.3111,147384.7229,142901.9876,152821.2117,146372.945,149168.7909,140400.5293,143529.2432,130579.5791,160184.8722,146521.5646,143922.5722,166257.9922
Q01853_S775___1,68314.72053,75911.30004,74127.47891,78232.34041,78230.72166,86590.08895,81195.13473,81668.01032,91847.31891,111370.9268,80644.42825,82207.196,87957.74117,82378.24203,73701.478,89212.90585
Q01853_S770___1,67966.58527,49447.50043,60290.33696,63890.36224,61570.50078,52716.20566,58704.97964,66104.7753,57417.52628,70358.71921,54437.83092,61526.66931,70766.21874,74768.00908,54607.75275,57751.71839
Q02053_S810___1,597842.2887,651940.9626,623098.5663,588228.3898,662314.5684,746358.138,689908.9665,607606.7336,731977.5612,836713.5261,691909.8869,705803.7487,694053.3575,728537.1514,634181.9275,744235.9339
Q02053_S13___1,2060764.275,2107675.217,1920627.839,2211278.803,2466283.41,2759283.432,2258268.437,1774565.756,2200227.406,2473110.077,1912880.941,1921763.113,2383796.009,2182963.475,1717782.129,1853310.022
Q02053_S24___1,376904.1688,366833.7315,288815.7113,323797.1361,394061.232,380101.484,332715.9802,291999.2876,408988.482,480061.84,327826.4179,415870.7116,468519.2265,454093.6329,399505.5336,468109.6992
Q02248_S191___1,735867.495,760393.8772,862951.4883,921379.4353,716949.5303,751225.5006,885965.0821,827796.611,727656.975,624937.1303,830368.5037,775471.6593,717446.8365,730816.2436,888706.2221,833531.0552
Q02248_S675___1,251075.1291,295589.587,302523.1219,317218.7375,315826.5901,308380.9987,330648.7089,300864.9919,289021.644,366197.5386,320210.8766,288991.3276,333748.0234,302814.6325,282204.0702,252620.1117
Q02248_S552___1,544226.1891,717242.3675,726634.5684,719940.8799,528471.8119,523146.0045,867398.2302,776758.6492,570510.8605,346493.1918,747539.9287,675570.1589,484677.9882,443692.5637,722468.664,699656.4409
Q02257_S182___1,131793.4744,146855.6026,105885.4111,136257.1546,190924.9001,212343.0633,118548.2817,113427.3839,160844.3655,259634.2121,113891.6435,112770.6952,206970.4361,186014.9249,104995.673,133408.4579
Q02257_S665___1,208488.8169,251453.6591,198538.0011,242167.3852,319412.1277,338591.6044,213877.6605,199020.971,301961.2983,487264.7608,200380.3868,203561.5215,358190.1606,342735.1211,203694.5912,194903.248
Q02357_S777___1,197763.5607,264822.5319,237071.562,234734.299,255876.5883,236220.1828,232647.5623,263074.6595,259920.671,335407.723,270860.5256,251839.2078,283732.9078,226912.363,232775.2387,229869.7559
Q02357_S813___1,2273869.108,3293945.347,2184465.064,2423181.188,2709817.267,2580336.48,2338168.393,2227124.425,2946126.043,3840470.178,2026566.431,2288602.413,2701913.067,2712846.538,1998273.488,2473475.235
Q02357_S830___1,162635.1905,203141.005,108332.5296,141991.7113,187283.7255,228202.5948,143820.528,112116.4621,259601.5946,347374.9083,101674.0683,121143.2384,275513.6377,252915.1301,109528.6868,107237.1389
Q02357_S1388___1,132124.7363,158726.9833,128146.891,146026.5753,134492.2108,146873.6443,170642.3715,163704.6386,175491.6215,142615.7363,149645.1159,154751.7722,129422.5787,167974.6853,105474.6429,156930.9464
Q02780_S272___1,657647.9898,591343.8654,831011.3596,1187888.038,719762.1914,831261.4122,1003274.454,834009.2856,620023.8556,592185.3239,973784.6134,806634.7486,512328.6149,531901.0061,706365.3503,680230.4981
Q02780_S279___1,1177109.552,1082220.525,1324483.423,1891695.128,1213244.193,1493696.139,1486864.696,1360902.147,1460774.707,1327495.615,1890880.926,1825135.087,1429580.062,1461300.746,1882030.599,1950810.818
Q02819_S38___1,38073.26192,34929.72568,32108.49276,35854.21856,45194.66864,39735.07795,32911.89244,28788.50191,42929.55176,33352.67227,36373.53208,41217.30819,42606.62854,51009.17127,28494.13432,29309.9268
Q02819_S368___1,159852.3751,180113.6226,190760.5386,163526.2814,160244.8926,150893.0657,156225.5369,181934.954,190469.4099,183020.4428,195305.0516,232496.0758,186707.1806,190435.6088,179225.0477,166588.1806
Q02819_S456___1,687916.1553,850431.0712,711904.5176,682384.2278,955215.3725,941079.1274,732727.6438,613075.0778,1069653.347,1222468.848,751208.0684,802130.6772,1114367.169,977597.6443,539986.1333,582983.1746
Q02819_S85___1,2022612.143,2312035.341,2000155.311,1776378.456,2662045.115,2676082.411,1779502.998,1594252.016,3058694.746,3662479.04,1823243.799,2316850.235,2942223.551,2555113.472,1783161.881,1555179.502
Q03141_S42___1,21715.47052,33448.64985,38586.1002,37318.22522,24611.94571,21159.49967,42357.14575,30599.80021,23665.71533,22432.05552,28652.75877,24280.4966,25661.88487,21196.36544,25148.14396,24064.04402
Q03141_S469___1,38836.69219,49232.09842,44355.97572,52247.77082,46671.14971,39801.145,52296.18713,41965.6555,43481.92961,33267.15416,42329.51874,34465.7691,48457.59707,48958.2699,44794.23297,30730.49362
Q03160_S420___1,572350.5833,638448.3733,518390.6476,495726.9964,693401.6382,654282.3343,584479.4219,583502.5841,559790.4572,550633.8439,505797.7378,454750.7393,583287.3771,607424.6161,436049.7116,380617.513
Q03160_S371___1,268302.5119,242136.2216,215521.5585,181284.0187,281340.1412,284291.0019,241755.6146,230820.1726,250291.0474,246451.793,175363.9008,185725.5807,248606.5184,248488.8189,190438.3076,143343.1376
Q03265_S451___1,43930.71395,49451.46387,36654.97155,44059.52577,56582.72181,62829.08286,41551.78913,43511.52055,45499.72003,79233.39254,35944.38594,36540.45038,86875.21684,43161.49261,37455.83779,36077.69487
Q03265_S53___1,314401.1492,274531.6439,438425.0632,330993.0283,376810.287,354880.3496,353960.9501,376741.9447,294145.229,225703.2275,263242.9074,294548.0876,280538.2824,320947.8211,367824.7776,199971.1606
Q04750_S114___1,29363.65287,56950.32893,42243.64205,43356.39726,34057.42238,23655.65911,51012.34248,36483.12536,39800.69024,26272.79585,59557.33798,38882.25018,44137.52196,37496.03526,36749.0798,30581.04217
Q04750_S2___1,5472.600198,5276.403706,10061.90129,7236.498438,6038.880779,6024.482502,8529.164768,6714.598589,5700.662714,6625.160801,7883.274466,8107.158233,8635.451992,5541.033961,7459.094783,9319.758927
Q04899_S66___1,118099.0763,203628.0021,219793.5425,186324.6659,169330.6323,104947.376,240180.4129,230504.4443,136009.0709,191154.3261,209477.6535,128865.1689,131628.7148,90913.88646,148019.1188,124972.424
Q04899_S75___1,43076.8893,78795.04288,82517.95864,72377.56165,63786.22087,47720.19477,97887.2485,84303.55157,52767.24301,114923.1707,71071.72157,59243.40833,73163.09492,37078.22295,43118.88561,36616.31603
Q05421_S129___1,325821.9385,299261.9203,292119.1474,303885.7712,330743.9411,350712.847,358712.9864,347186.2492,333968.3966,443351.2836,291639.5277,261329.7029,380977.0478,318856.9095,375957.3171,337608.4992
Q05909_S1432___1,41166.5935,71541.32655,58174.48625,61344.30534,72777.36603,69329.16054,62084.56446,58370.41817,82403.78643,193934.955,49584.65765,62998.65114,88160.54655,91197.55143,59278.38699,59996.53639
Q05915_S51___1,43239.94519,69258.95262,31205.28039,50876.49305,51926.01321,64345.53943,59553.44379,52146.73049,59691.84158,52270.52079,33802.52572,35141.85702,83209.01049,81660.13166,44387.21669,58871.94733
Q05920_S19___1,18805.3206,21985.21223,16410.56943,15991.65791,14273.62385,19730.77704,20848.86285,24217.63211,22633.73488,19101.05403,17171.24838,19110.20791,20311.95608,27706.8419,14283.96435,19653.75553
Q05CL8_S334___1,300427.4983,303281.1723,258350.5396,284597.5065,225323.7164,235176.9775,311632.4598,350107.8507,328555.7746,243060.4778,419667.3589,410294.0865,300983.3524,212747.3953,509736.3451,428131.9467
Q05D44_S66___1,91203.40542,122713.6707,121618.4702,124802.3642,120227.6048,126711.1364,144335.3077,95116.5139,95293.58661,129624.0908,88515.80049,96507.52491,128572.6741,103522.7872,104350.8635,99039.1866
Q05D44_S137___1,787627.6398,1125256.901,700674.7963,748160.6761,791180.2424,862825.7437,905796.5193,933043.0139,1002880.666,1107188.208,766483.3538,737933.5569,1052716.176,1013207.27,835927.1057,1037941.143
Q05D44_S114___1,201016.1226,228482.9803,369554.2463,365112.7393,271849.3625,285841.6065,238227.8302,268226.6274,233697.4963,206944.042,464617.8333,448114.6669,317327.448,275784.9457,285054.778,300289.5459
Q05D44_S215___1,2510667.22,2681374.315,2959174.854,2229741.24,2123383.521,2109691.375,3196659.911,3559677.897,2082857.529,2006406.21,2910155.044,2706767.545,2241179.184,1977058.401,3880300.263,3592666.006
Q06180_S298___1,704499.664,415937.0401,413299.6507,331870.5406,426231.9722,433958.944,249058.9191,332251.1208,608562.544,579312.307,338077.5041,425861.7793,449588.211,755157.8963,375977.0376,327468.4665
Q07076_S311___1,8250.789449,10857.25437,6863.563494,7811.625416,9688.278956,11861.31099,8902.34345,9147.657198,14371.77265,10845.57873,6763.127405,6544.720976,11845.26163,15717.6209,7373.022297,7237.610004
Q07113_S2401___1,510403.0101,419109.9881,420615.138,444666.299,565075.7121,688772.9089,438098.827,409324.6242,422883.3387,850682.0763,387732.1764,457770.2862,597334.6672,559687.3352,427114.6465,447336.9392
Q07113_S2476___1,153254.3982,174743.2619,112556.4902,129065.3842,186012.682,216979.3377,135082.7386,114734.0784,165304.9191,283696.3229,114890.3215,127290.8082,215305.9683,186660.1192,104267.8444,121774.8543
Q08943_S444___1,333841.0744,355718.3632,251111.3075,306517.3498,406160.5048,378538.7085,335064.0495,264367.5452,374327.0878,463159.2997,276019.0061,310395.9249,457819.793,467762.1874,261842.9334,292471.1528
Q09XV5_S2213___1,85041.16826,96300.09101,42899.37173,63115.56236,81412.54079,88515.75089,69739.52933,47915.6967,93581.17305,96201.48426,41151.59703,45046.11608,127386.4875,114402.2646,51464.4597,58520.8972
Q09XV5_S1997___1,167473.3975,178187.5809,84754.88485,124060.3583,137269.7912,135363.8517,139569.1604,112261.5765,168512.7006,147316.5859,114165.031,98625.34792,204253.2777,194750.7236,130389.9733,152995.1358
Q0GNC1_S1218___1,78676.05609,82856.86452,79258.63718,83650.65416,105756.0277,100235.7153,85306.66384,99931.45397,69317.47976,86658.6739,86415.84996,91600.88641,100970.7316,91673.95628,74982.58243,72142.22132
Q0P678_S45___1,169495.5748,185770.8348,196352.0769,178036.1381,268605.1596,257144.3094,235403.2377,174498.5959,194317.2764,204927.6503,201409.2414,212135.6927,337909.5414,222406.353,151846.4185,174218.0467
Q0P678_S114___1,141952.7289,160518.023,181195.5288,194328.5526,251089.4632,246155.3883,235980.5981,164100.5012,157636.3384,241294.9615,156559.8935,160403.1258,357644.7382,220196.1034,116878.843,128944.5612
Q0P678_S92___1,555393.7996,654233.4418,538522.5975,496492.8842,959314.1242,875551.5711,689214.7557,509220.6818,629859.4639,1173336.096,594265.301,616736.603,1171947.2,806744.7755,454096.7492,558328.3738
Q0P678_S530___1,122516.8525,124020.3714,128584.5521,104888.9813,146907.3361,160424.0772,118629.0595,116901.7931,119055.3937,139309.0534,120794.2868,110901.689,216614.2469,185526.8567,76141.4312,103608.7549
Q0P678_S23___1,38118.87067,46757.73828,43372.32233,33092.74594,61486.95752,53898.99667,49489.97063,29522.59198,37964.784,65542.46353,33962.61969,32669.99815,81112.3485,62143.8985,34320.42162,34382.1036
Q0P678_S483___1,13285.50775,11021.79025,14915.20608,14789.32193,19234.62124,20740.09421,15198.45904,10538.36721,9816.320622,17779.2854,13473.9261,12065.25904,25013.33786,16565.14112,10363.47802,8912.036971
Q0VBL3_S364___1,50478.41775,50658.85846,42529.35391,37808.79958,51506.07535,56578.66417,47894.69078,50608.19748,48259.36876,59503.44044,50415.20465,42501.3077,56432.1165,57641.93576,43427.08923,53540.46625
Q0VBL3_S293___1,193345.2089,178724.7689,227890.3824,206012.8309,164633.2655,159757.4683,234755.1632,230737.2593,193595.5303,151257.1747,265666.6655,214948.1364,162067.7383,185444.6449,229898.6713,246995.1857
Q0VGB7_S354___1,18896.60161,12285.36952,13653.91509,14511.87002,15477.07783,18825.74706,14141.5144,11047.49637,21173.4908,14019.63946,16520.91976,16062.12092,17572.42133,13894.94362,14540.78478,15362.6436
Q0VGB7_S159___1,551279.118,504845.0922,539511.8083,601997.706,564343.5934,599500.1256,546022.8929,529169.6507,595326.1687,526024.296,545539.1837,568924.5139,567770.6153,494172.4502,561109.0624,600288.2993
Q0VGY8_S1436___1,48472.99936,42240.80798,27744.64413,29794.5234,36062.87307,43126.58129,27989.94651,29742.69359,42242.07709,41403.45883,37004.53488,39408.77615,37511.51617,58420.24678,33469.11041,40646.37539
Q0VGY8_S267___1,101230.0681,114266.4389,84961.80959,92972.62217,103811.9376,129267.6161,97764.50382,89838.83167,83839.028,87009.45918,87113.81638,99428.40724,104373.58,161463.4921,90619.43876,98636.52876
Q0VGY8_S466___1,89028.48398,90000.84883,41182.81779,55088.37388,81362.99925,103015.9548,56364.24144,45600.02247,65986.10313,107606.9,50696.71879,64588.8299,80889.56296,118501.4488,49741.71121,62775.09407
Q148V7_S22___1,130728.2632,100566.6362,112010.5654,122549.0713,109951.7122,118253.1832,100016.0803,114573.8904,113475.1489,127364.4157,118197.9342,108434.7062,124873.721,114796.3564,110487.3798,130225.0362
Q148V7_S193___1,1032125.83,347404.3704,757627.0908,904256.7516,558836.4661,1531892.306,726130.9649,886228.8207,1174560.996,3934543.525,969780.0586,1351494.523,837239.541,1724444.474,982811.7124,1741198.234
Q148V7_S422___1,13719.93586,13940.45441,10431.58652,13689.18108,15429.85398,16409.00925,13419.34053,12920.44355,15055.89527,27421.59531,10943.79704,11961.96764,17384.40917,19567.59076,11809.09107,10228.04107
Q148V7_S453___1,14094.85239,11280.05127,17930.88094,14326.51498,13195.09592,18115.51242,16842.07965,14896.72131,13476.39642,16416.05547,10324.5244,9474.114571,13509.39593,12945.23246,8988.155115,8718.090807
Q148V8_S709___1,47587.94442,46101.54582,25195.50376,28383.99583,29302.61264,41619.69341,30795.61266,28805.05427,32383.15164,31697.09092,31540.65526,31443.62496,30790.00501,26562.7599,21236.29865,24499.61748
Q148V8_S1041___1,83998.84873,86692.91918,49894.28757,57836.27987,91956.57901,107124.2535,69645.51967,48373.61283,84883.06997,90332.62741,49062.36645,48898.01833,89353.94069,103811.7924,38048.95677,37889.82065
Q148V8_S1030___1,101445.2027,103261.6461,64943.10911,60375.8707,89803.42322,112446.9113,68666.73089,79484.71719,103401.4473,97780.62578,70492.39338,76518.15338,96082.55929,89407.39608,56101.2465,75229.00775
Q148V8_S970___1,184747.6847,279998.1346,125779.015,165951.5548,155170.2804,209338.9296,188323.2066,201970.3783,178359.8342,202356.7746,180183.1723,154209.119,227104.2951,209309.9148,131268.0297,208428.7772
Q148V8_S871___1,64883.65514,113175.8003,53172.40282,58821.68464,52482.61544,78000.44675,73033.87051,57667.81418,71570.85525,82252.37406,63010.85166,57422.18539,114117.3344,109075.0524,47357.52169,67055.5677
Q148V8_S937___1,74496.98976,72414.55386,53007.97992,62962.70456,60629.53337,87491.59942,66703.53982,52364.46163,82521.54108,76420.09027,63973.29499,69200.4403,88777.88675,85797.71423,61842.52383,69387.53905
Q148V8_S926___1,87232.47857,96896.5248,58848.45424,72845.74738,73337.67945,100774.1298,85465.01009,80161.41188,90471.09912,108167.9798,76804.42686,78597.18117,104431.89,104044.2309,61677.81624,86465.3062
Q148V8_S948___1,144456.6811,169244.6574,108482.7697,127760.1247,123467.8874,172245.2279,152367.7847,142581.1312,138744.4988,169832.7178,135350.4454,133045.4488,169961.5315,164079.8444,125416.8315,155153.8518
Q148V8_S522___1,67854.45563,59887.8975,39523.40324,42014.62037,58630.52066,63621.78749,53418.52413,54190.54178,57786.24772,67931.81095,44760.63487,51642.91265,65428.45567,63140.69984,39228.32329,56258.87932
Q148V8_S515___1,161452.6375,190801.9689,104725.6384,97038.13486,123401.966,143493.9281,130154.426,106746.716,142452.804,127990.4376,134459.7315,120043.1454,141666.8099,111013.7078,107823.8103,114708.2221
Q148V8_S561___1,113600.4157,126803.5482,67717.96925,73502.28576,121013.9903,152938.874,81438.21776,107938.6965,99917.75848,148695.5601,64199.71481,76409.98506,158836.1742,98028.09063,56153.69233,69960.50508
Q148V8_S841___1,1024272.403,871640.7429,707034.7249,667704.2815,864897.2161,1120062.463,830129.8804,748746.5825,947354.7248,1168209.655,818551.275,937932.5228,960842.4566,920722.4236,696180.205,850359.9372
Q14AX6_S677___1,81847.69621,116680.1444,97846.25086,133375.3375,199826.79,255051.2704,144221.8486,129480.4468,147825.8254,748375.3716,89274.68199,116673.2658,265325.6893,182366.1427,147257.7901,135502.3218
Q14AX6_S681___1,56671.95957,69362.84691,49101.67272,79036.80643,134603.9228,158006.1546,84344.46996,72381.19206,110343.9565,492204.8735,56069.8887,63913.06173,183047.1781,128207.8246,80174.62087,110188.9055
Q14C51_S680___1,338749.1911,340293.5748,384416.3345,416458.2266,325019.9529,385666.8327,461865.9667,386820.1245,339987.0443,390674.2714,381261.7299,382392.2535,367214.9479,341152.6205,416689.5127,491121.7693
Q14CH1_S820___1,61698.87834,56972.58943,71162.75945,64246.63223,63869.85316,57294.17358,72237.87941,85658.08178,52221.4218,36486.19328,69261.71978,63386.07947,29785.60674,29304.43137,45176.52231,39366.60666
Q1ERP8_S293___1,37953.07979,36576.14871,39974.76339,41651.08883,46543.48932,50415.94175,53449.0986,53602.4389,41488.48446,63465.81561,39369.74368,51798.45837,47880.64283,53175.34493,36587.51465,51563.21214
Q1HFZ0_S723___1,1119559.863,1141587.398,1128759.263,1249079.03,1147780.87,1219203.289,1287899.984,1218215.323,1285075.602,1151140.499,1440849.899,1379368.231,1269609.408,1274281.209,1435856.045,1314490.145
Q1HFZ0_S23___1,61518.15406,71686.91615,60250.98404,62594.08039,52989.06059,61076.5103,60071.29703,73718.59944,60109.51911,49634.30855,62690.64649,59518.39875,59495.22323,75867.91776,65957.05491,69967.02516
Q283N4_S89___1,187155.1201,160315.0831,232949.1902,162333.8766,178779.3647,180203.1283,159427.5711,199904.5828,161172.5598,127797.822,151928.252,175836.5154,140792.0493,132739.0501,146607.8622,84799.85221
Q283N4_S95___1,65650.59687,66645.50277,83362.3948,87987.44107,59517.60528,71027.25704,83119.10077,91995.34189,54779.415,38546.36003,60858.90643,54632.81908,39881.10697,52067.57095,63128.26014,42036.18679
Q2EMV9_S1419___1,68517.42866,110964.8948,74443.25449,79057.42772,115036.8765,77900.82129,102789.8436,83532.51796,67621.61039,72846.53517,74610.83816,66286.28309,96222.69468,68541.48642,62287.50195,42100.59972
Q2KN98_S385___1,108773.8647,116896.656,136831.3838,142084.1453,105574.7958,93133.63191,180376.5684,151123.6026,91160.3509,67823.37339,159009.3345,163749.4083,75176.51901,106442.4468,159584.7264,127656.1321
Q2TBE6_S462___1,56740.91699,45010.68603,65713.39297,59772.16317,50043.50998,58643.48217,59501.80958,66183.7988,85416.49503,46530.98227,109689.0163,92643.39465,65742.88763,53897.99233,60426.07658,81089.11914
Q3B7Z2_S349___1,6996089.79,9147336.776,6561536.38,6872778.583,8323185.111,7566018.59,7369042.985,5711390.505,8597479.037,12078428.68,6402433.942,6202120.942,9586219.429,9461018.466,6361761.472,6702031.019
Q3B7Z2_S191___1,642470.4706,634998.1013,551621.6972,609562.8989,781008.0358,746421.7658,593537.8633,527949.7654,579776.2871,852176.8156,550361.3125,596660.8263,707614.526,683604.8544,516792.836,502012.0761
Q3B7Z2_S236___1,187679.3737,210314.9337,158735.9507,174176.949,204047.4231,190586.0203,196288.1382,158228.7672,219171.3149,294204.9241,141791.8282,159869.2538,257739.2129,200442.9501,180325.1572,184345.9763
Q3T9X0_S510___1,52947.94873,52650.81083,33755.84464,49921.49208,54662.09127,64323.65587,36415.03235,60374.90066,60275.51897,58118.56237,65029.92177,56144.90054,56987.36014,63395.99302,52081.85713,66340.68402
Q3T9X0_S512___1,188842.0732,219337.379,128179.255,164274.7483,142543.0889,131517.6977,119114.5286,186286.2835,164304.8242,120482.4873,145205.8881,142743.882,155709.9149,124995.4412,137018.7386,152075.6057
Q3T9X0_S516___1,40860.5193,40635.25148,24292.5258,35806.98759,29373.83922,33781.3547,28349.06527,32095.1295,63653.98643,51686.96217,46366.47592,46039.62026,34876.99518,38704.42205,39205.43796,43106.51718
Q3TBD2_S577___1,187250.6174,203738.6105,223682.2178,317400.525,183429.9407,187306.6597,285889.2387,229033.4099,219029.6651,128553.6619,269425.9254,264252.632,190621.7186,162610.6158,239226.2983,274673.6889
Q3TBD2_S568___1,46303.79599,67061.55962,65732.23075,71961.93463,62695.41543,70015.81323,85758.45673,53511.55734,70143.04388,99064.48703,58583.59587,56056.51511,82683.44572,62567.2326,46969.00162,72175.68571
Q3TC93_S266___1,42749.09487,49783.87403,57862.59881,50133.23101,57079.59087,52868.06358,48621.17066,52342.96866,27300.45001,41638.76628,37644.98791,31961.49538,35492.51087,34534.35126,31350.53943,33905.7248
Q3TCJ1_S284___1,32426.69003,50718.98615,42212.99809,37756.21818,32762.1699,28290.4841,52122.8623,44245.24417,29430.75687,32698.79193,34345.07538,32787.07492,26740.73791,20293.21433,35525.74014,27644.53191
Q3TDQ1_S495___1,3427143.772,3914098.707,2351346.044,2352928.935,2104558.661,2038610.269,2591589.418,3463109.681,3604070.199,2922958.858,2862425.473,2507188.918,1952827.429,2478782.959,3347966.076,4015063.428
Q3TDQ1_S496___1,3473662.793,3966714.898,2401338.626,2397257.967,2165510.189,2082198.566,2646589.143,3538731.83,3659472.118,2960149.735,2922275.871,2558679.054,2046905.482,2549644.257,3422102.013,4103913.918
Q3TDQ1_S29___1,82288.57299,132736.7073,120261.4501,103053.3011,134795.5167,142273.9754,120010.0743,106946.7525,93000.61712,147121.9694,102128.0122,99853.33092,149852.7323,124960.6707,87116.07195,95642.94972
Q3TGW2_S173___1,413958.4241,405118.9582,318237.8341,324874.5977,394436.6942,418098.956,302490.906,363113.4535,390889.6202,392609.7427,342933.8043,317621.8422,390238.8748,334211.9959,316610.0398,337294.2037
Q3TGW2_S25___1,297227.5869,375246.4173,274957.8704,243799.188,395672.1893,341383.4947,280242.6872,292327.233,326282.6527,279128.9308,262851.4213,201264.5835,341396.5858,269786.3253,232799.8235,183053.5507
Q3TGW2_S16___1,48009.76248,47383.99523,37838.71472,46362.91679,45497.96365,55826.54083,43032.20362,58786.88518,42990.53983,35488.34436,39542.66111,37525.01625,50888.83206,41657.23455,34766.04009,40033.88959
Q3THE2_S20___1,6036832.151,7366594.032,4869519.089,6234022.819,7134299.617,7012676.174,5332300.436,5136737.368,5945776.962,6139106.247,5286098.789,4874981.357,6312398.405,5805863.916,4950574.641,4450731.22
Q3THG9_S409___1,430810.7513,638319.5324,541637.7152,545883.026,679465.0327,662562.7827,663044.0251,528838.2356,640601.2682,795435.5367,540943.663,642112.5533,501797.0104,795171.2261,571777.5148,570509.949
Q3THG9_S88___1,202443.9872,158984.1929,190148.5759,183659.3115,194477.7288,199234.3628,247138.5666,188025.195,165137.3712,162893.8231,177131.245,193119.7395,159207.0179,164261.3493,201840.3471,224298.8776
Q3THK7_S332___1,59337.56009,63213.50261,58951.91912,59413.95392,73499.91143,78400.82935,65770.70876,75550.77617,68010.29965,66566.39178,72426.39437,70485.87988,81934.61473,81027.88592,58982.95654,81961.71082
Q3TIR3_S435___1,80766.72649,38868.45347,53513.33826,64180.10702,110297.2042,105226.9274,60211.34751,72483.96178,86170.32823,107785.0597,61371.2093,87582.36948,67141.29317,80516.04122,71150.68022,101083.9558
Q3TIX9_S81___1,48266.98526,74952.55098,60839.8099,60514.29741,55666.68799,63794.77139,61931.08774,72284.48303,62006.4725,57430.878,61219.19413,62322.79689,90073.19635,97015.68186,51651.99589,77875.21043
Q3TKY6_S206___1,18088.87233,26499.644,16454.07751,23169.3456,24319.66579,26587.30696,24225.78035,24087.93026,20732.97588,31822.82614,18406.27052,21840.2409,31498.58677,29133.85998,24630.84817,24998.8152
Q3TLH4_S1965___1,56872.62451,50590.83535,36855.88435,40874.54558,60435.7087,73270.29366,38064.70846,44093.69054,52320.45404,95797.3659,36605.19594,46240.64029,54546.39844,54702.08114,41593.86307,43782.03514
Q3TLH4_S610___1,656638.3979,659781.6027,558589.5878,512131.3704,550163.194,605911.7525,577680.8162,632476.5368,699540.607,846209.2343,659797.2604,904699.2387,706384.4019,837965.7223,943402.4156,1006156.207
Q3TLH4_S192___1,172918.3226,222536.1657,109391.7412,159187.7494,230053.5939,224688.4158,192508.1557,118887.1352,188815.2841,336249.4589,134060.9004,123122.8529,244800.8924,237754.3489,150120.197,117848.993
Q3TRM4_S346___1,78407.34737,86850.78546,94855.16071,83498.14151,86713.06795,80675.46808,99066.92297,85619.99954,61452.23329,80968.6821,92768.95406,85483.25084,81387.43111,97158.64545,81630.33449,80738.1548
Q3TRM4_S102___1,45223.67866,39970.44655,49551.09926,46183.84973,60377.27349,43285.74329,48990.16211,53381.36239,28948.9169,20427.51892,62125.90884,58444.23125,44785.36313,27649.11345,53899.25053,48718.62712
Q3TWW8_S45___1,268950.1534,331709.3644,287865.0754,257305.9238,350538.863,380983.6534,278023.7381,297868.2466,279205.4966,636716.9744,225708.8871,228907.3037,371920.1285,356730.001,275446.8916,284048.4674
Q3TWW8_S303___1,18698.38451,23152.89077,22012.37677,19593.55975,21218.45189,22611.30835,22402.01639,29085.34115,19005.50434,31393.78488,18956.70975,18617.19868,26786.22796,29704.30642,22214.38119,29256.01748
Q3TX08_S121___1,844863.756,771418.321,1036502.82,933523.9957,1022337.131,763707.299,1037467.852,848626.8725,883480.093,1128001.069,857769.4849,1118881.341,973669.9206,769016.5269,952789.7116,884406.463
Q3TYA6_S51___1,289772.768,349409.9443,315569.6185,365654.3662,382867.8005,264234.0276,391741.7863,306778.065,385555.8785,560337.1099,343326.3868,326629.9002,381319.3955,383125.9473,313875.6981,288561.5562
Q3TYA6_S85___1,73989.62039,101021.0487,83006.05274,91954.85882,101486.3434,74634.17711,95256.66476,71453.63698,96898.75995,126027.4798,91682.38745,96499.69015,84099.40516,93848.72346,75608.58897,80678.71263
Q3TZZ7_S679___1,84138.54484,67735.08433,79631.4289,71270.36062,83613.52028,86660.56813,93305.32835,77976.89533,78392.32884,115644.6301,58955.61029,77086.51492,93110.24571,83756.83245,79288.83028,94235.68759
Q3TZZ7_S682___1,76783.67843,70838.43506,86878.45653,97055.65138,103329.8518,86720.95003,91443.63263,77946.74454,74918.62808,92770.60512,84852.00839,86018.26705,117199.9907,98086.6667,92809.49592,79738.70103
Q3TZZ7_S685___1,181160.996,184281.4973,124707.8079,153845.6549,208463.6273,202452.8026,159301.8946,140891.4747,184634.0988,249695.184,144453.6554,157980.9651,203146.3455,195251.6096,144580.7151,161260.1678
Q3U0J8_S959___1,967788.7914,644920.7551,475131.7719,837969.195,544433.3921,733528.0915,489377.6009,877556.6639,707844.583,524747.2786,1532395.603,1045301.126,679013.4556,630233.7205,601028.08,613916.3938
Q3U0S6_S286___1,22134.56195,35935.12367,32486.03454,35065.74268,20120.30223,20971.19657,31298.47206,25425.40417,24201.82986,23142.74765,28365.49648,22188.57,31524.59523,18661.52065,28114.08468,27676.04823
Q3U0S6_S413___1,56266.4893,60712.78708,63020.28223,73561.52058,59807.84531,58659.40928,60473.67841,53086.68052,56476.55749,77496.5616,56390.22762,46951.13712,69948.24498,63191.58755,49028.42923,55464.18589
Q3U0S6_S322___1,218641.6227,219621.7058,272764.3781,264646.5269,199746.0416,210882.4599,289503.4259,221152.6437,250114.6775,195483.8727,249943.2457,228109.3757,279499.866,211603.5902,269642.9746,285635.8036
Q3U0V1_S481___1,155331.7708,163868.5477,188985.2356,185738.2914,186411.3078,174987.137,176507.2891,229462.4542,159248.4605,246943.3317,186054.7029,179842.6691,185126.9097,215388.7905,280421.936,229588.2502
Q3U0V1_S182___1,83181.65527,91944.51863,64340.8729,76795.51592,86742.89161,73589.88101,89313.83227,71826.71805,89287.02978,82259.108,82638.12837,63624.7036,93192.96795,101544.6685,102616.4628,115802.4902
Q3U3Q1_S464___1,71910.44321,58773.72648,57637.98317,75199.71937,71134.31583,67550.75302,48111.49807,50127.82334,66039.11215,68803.81951,57838.94656,49358.28603,68222.93013,72674.45475,53058.79079,48623.44218
Q3U3R4_S29___1,13358.61859,9054.774565,10458.29421,13850.9626,7973.990272,10543.48516,11537.38781,17842.46697,11780.62678,10125.60503,13643.61767,12534.85943,10646.88014,7749.419424,10772.38556,12564.38441
Q3U9N9_S495___1,206703.1644,209560.7338,181687.8354,152037.9218,196846.7497,246927.2578,154248.6537,153962.2017,150772.1913,264229.4923,222145.9783,175011.8751,238905.797,237723.1688,134303.8865,162510.3727
Q3U9N9_S500___1,796799.2165,1137330.853,634825.6899,644204.3621,964965.2541,1108501.048,755190.8723,576253.5048,701402.5827,1101287.014,690182.28,542295.78,1114677.727,976983.8084,521510.31,530507.9808
Q3U9N9_S501___1,736498.4034,1077728.167,814116.5413,749756.2114,945602.5428,1005248.17,917322.0298,776350.9062,619976.2649,918791.2616,864926.1869,706338.9233,940507.9409,927480.1465,627425.6568,665383.4731
Q3UBG2_S214___1,21794.0975,24938.33671,25320.16718,24466.4381,24709.40134,19779.30383,32030.97498,34070.02918,26059.80007,27640.85599,27162.47311,29949.92624,26058.79574,30431.25242,24840.22776,24861.17724
Q3UDE2_S11___1,125983.5593,110213.1518,132520.1752,140069.3819,126757.6095,109562.7985,141275.4777,180235.9632,126362.1289,107734.2507,131484.3844,133539.886,118293.6907,116208.1598,144070.8069,137024.96
Q3UDW8_S238___1,210744.104,364008.7456,217755.463,177663.2011,324632.8546,275002.0775,273059.5819,219798.4152,228605.9942,586186.7196,196842.5159,202570.638,354404.0276,376131.609,167154.3184,222153.7152
Q3UFK8_S452___1,45000.66337,38069.07564,32809.42265,40446.29792,70077.62915,66871.76705,41841.08272,40677.54028,42215.04958,74471.47336,34917.23438,35666.66324,65085.86179,64934.87742,29548.89888,30092.93733
Q3UFT3_S382___1,11864.58363,19807.91604,19935.40869,16989.94736,12816.23858,14109.38647,21923.79984,21228.80698,12094.13185,16042.16761,17354.44157,14679.09056,12705.01497,9353.405867,12776.86225,9507.479463
Q3UFY8_S69___1,287880.5615,250760.7289,497436.6495,320400.2747,202652.607,188868.8068,206181.0407,259623.5063,189340.5226,196422.1277,182307.4446,181943.3355,203618.1287,208421.5215,295701.7516,115810.996
Q3UFY8_S79___1,111315.2804,93577.93386,97559.30512,93090.80761,88694.20801,96493.34053,101578.0743,105235.6043,122893.2597,79506.95896,98153.54023,90811.75746,122861.6375,81046.2895,108214.2177,102812.3544
Q3UGC7_S14___1,1766873.533,1922734.325,1811685.971,1596436.618,2048934.336,2101113.255,1804235.05,1702135.396,1861966.871,2977143.396,1723306.142,1628727.397,2264246.516,2221260.795,1697222.066,1701696.491
Q3UGC7_S16___1,153465.8207,199879.7711,210045.0872,194612.4552,191928.7712,199772.8482,226173.1879,181129.1128,194063.4486,269886.428,183756.9046,146886.0869,262968.4406,222348.2263,164722.6961,137056.8138
Q3UGS4_S21___1,53899.07152,50463.26668,66023.30515,55155.51946,58726.62595,56047.67249,78740.01205,64537.51973,47644.30401,35159.70852,50153.5627,66351.79012,48388.56246,63665.60505,54659.96655,67523.35598
Q3UH60_S99___1,92230.65459,149080.9734,172665.5341,189663.0152,132479.5117,111206.028,158350.011,115330.246,103933.2836,118612.88,135396.9163,117703.7346,132021.9585,106931.3478,96347.41829,71679.38282
Q3UHJ0_S21___1,33175.72884,30387.33405,38992.51861,36975.55491,33649.14726,33073.88578,42534.01202,30396.57408,32194.25803,36029.56309,41657.89627,43306.55555,32873.00754,38092.96343,42537.18078,40441.90386
Q3UHJ0_S635___1,242556.7892,401660.6579,363333.2511,335959.8676,366052.5347,329673.2285,450648.6562,241530.9896,280800.257,455020.3399,267944.4769,262240.7895,370856.0651,293882.3729,286019.8664,233602.1688
Q3UHJ0_S650___1,43099.37939,46005.5092,41723.80478,36591.13112,58661.97877,62267.655,49659.66191,32237.54459,44723.72153,74427.93112,34135.74944,40869.5083,59648.26041,57210.97375,44867.3327,35249.81323
Q3UHJ0_S676___1,26761.88744,31303.34902,25225.38542,23551.4843,34509.81062,31778.48357,28706.19025,18029.4449,25347.25319,30034.24033,15534.13927,13369.4584,33875.7138,34004.20379,17990.63001,16320.31582
Q3UHQ6_S1167___1,93076.78743,73848.48169,64793.55298,69986.28683,82673.02531,75194.27802,75718.6453,59166.57562,73448.42218,71010.21097,72668.489,49975.91583,94586.19566,66331.13884,60059.94061,51550.92516
Q3UHX0_S716___1,315219.7826,254128.7139,286982.3377,236918.1295,314512.0043,255113.1974,293324.6878,249459.2903,351424.0567,289059.1153,371789.5175,375248.5195,341911.6755,369492.7648,281249.2318,299143.5524
Q3UI43_S8___1,22261.26485,20350.99003,23595.45635,22857.72304,20432.35489,19178.95276,23503.13964,22878.14635,23117.28614,20062.50586,23286.02272,18732.50728,17453.55821,22798.38669,23255.32108,20154.09506
Q3UI43_S53___1,82860.42245,70529.41005,71698.17449,77033.73053,97550.10078,111087.9452,84526.18664,79429.26987,82371.84114,96949.84253,81214.31549,80518.12648,99137.28874,92308.25463,60699.70167,82425.11006
Q3UIA2_S698___1,21250.28865,20536.257,21928.38125,23322.88532,21056.74696,24296.40515,21348.42025,22734.22338,20661.74392,15252.33637,28596.7291,20873.65833,16585.71992,14005.13762,23196.00604,24179.9001
Q3UIL6_S362___1,75815.1269,140191.0137,106682.5527,83887.86878,108362.4996,81936.01652,79026.93096,68748.2315,91058.16306,111250.4516,93555.10999,63461.6102,152036.6715,94903.26366,79785.38105,70238.58329
Q3UIL6_S533___1,72485.64484,86862.44249,78285.38861,65613.72688,68400.64878,67708.26157,63052.65214,76241.7971,80584.23338,58010.2229,78942.36064,63326.73829,64570.27801,76745.5249,66441.15755,65117.61753
Q3UIL6_S601___1,29638.82558,41911.41416,31622.50727,25590.43288,29113.54287,34783.83408,29179.21368,35381.25814,29286.03545,27183.18303,31985.55602,28183.15785,33933.56564,31596.44404,28572.89968,24430.24084
Q3UIL6_S609___1,150144.7416,127741.2694,132846.8121,116590.7057,128401.6648,117022.8342,95220.06815,100582.5132,146840.2258,96980.33433,131566.7868,116282.2976,138458.4116,145200.6281,110302.8773,122892.9508
Q3UIR3_S9___1,420477.1837,377980.8608,355208.6866,466335.6315,399340.6701,536882.3421,428806.4559,413950.2104,410608.1598,569511.9406,393619.6946,506788.5956,467006.2381,528212.7132,297223.3396,381379.8237
Q3UJB9_S884___1,401783.0604,311779.1337,361992.062,334743.1412,475085.958,444535.9949,401260.5279,318888.4574,396995.1373,567373.7427,418527.6365,359147.7529,430415.1415,451315.9587,414903.5892,488682.0298
Q3UJB9_S727___1,73570.65302,82440.01134,81858.3053,66140.17562,98881.13754,97625.02639,70716.8242,56948.20561,84125.40685,124091.815,94615.81999,57253.27673,94660.46452,86436.32393,70713.25219,80963.5766
Q3UJB9_S667___1,81381.35492,91510.56718,90938.02887,114519.8341,101779.8378,95639.63989,129102.9135,82544.46388,88992.76054,125174.7036,113468.4517,86775.76941,95202.94395,83356.62091,93167.28317,105071.5242
Q3UJB9_S680___1,163735.0112,141429.7044,204881.8956,196193.1316,213010.9135,185097.5998,221241.0535,161905.9511,143033.8225,265804.4813,197649.4442,171023.1472,210017.7265,200870.1301,166945.1287,194500.8939
Q3UJB9_S796___1,124445.0478,112982.9098,85220.33949,80379.08691,116566.3881,152962.6415,85854.55181,72069.3191,139665.2212,194502.7343,81207.43566,65645.9694,188157.5271,152318.6281,79081.25589,94822.79474
Q3UJB9_S683___1,67626.37015,85618.01825,112688.4952,94580.62045,88092.08433,71108.71108,99845.49861,74589.06464,60488.08448,105606.9737,76694.73022,52290.38624,70033.50363,85575.73206,68040.0889,63459.93387
Q3UJB9_S733___1,119747.7655,110313.278,100916.5922,110217.6883,139945.0553,140063.678,112317.8866,91533.73894,125769.6139,229932.0601,103831.8458,95927.39089,137435.3819,127936.9522,102141.195,125662.0662
Q3UJU9_S83___1,70100.56112,65548.08181,76890.05322,88543.22578,93904.62382,105730.7448,97007.20878,74723.0778,74775.87111,118551.3125,70127.08023,57815.81383,89462.35468,100374.2796,67282.63164,70318.9861
Q3UJU9_S193___1,205689.167,131123.4601,141009.3953,194560.3251,210962.9472,254773.0134,145938.7814,155014.3976,307478.7902,568457.3069,198995.8059,274681.0373,291575.0464,336966.0809,230212.4973,412433.3029
Q3UJU9_S212___1,899744.5949,1062266.869,1008437.708,1108750.992,1340169.332,1457015.892,1272061.835,931128.545,1241833.049,1872016.584,907652.9214,999598.4695,1459132.256,1363162.411,924252.4594,1080510.23
Q3UJU9_S46___1,4247578.844,3855477.894,5276025.132,5148872.525,3897143.589,4736674.272,4785544.685,3955858.38,4704236.753,2964187.657,5097895.923,3997473.963,3521810.1,3512958.849,5762471.952,6645054.097
Q3UM45_S45___1,6281723.007,5056973.282,6980277.645,6255326.078,4806561.231,4902181.693,5421727.553,5610170.003,4047392.245,3814461.174,5083534.282,5938562.131,4066620.802,4382048.101,5758673.48,4728923.67
Q3UM45_S48___1,358715.8437,277867.4376,385739.3584,359349.5402,278907.4012,322817.6646,321031.0496,364101.0056,304846.8824,294892.1459,289345.1095,480695.6863,318626.7122,265256.3235,336396.026,337953.3597
Q3UM45_S24___1,98052.70132,70270.59824,73416.97918,63016.51879,69242.68689,69201.88567,65318.06955,77903.44779,76905.64619,131910.6577,55896.14991,68421.73698,75301.42518,81615.88654,70226.86596,68285.30997
Q3UM45_S27___1,93890.70335,73421.56714,66128.5848,82769.10752,93227.79669,105715.5101,78792.82658,92456.18559,93683.42866,96034.13715,57059.3993,70326.15793,90419.46337,84684.00616,68069.66636,81114.35905
Q3UMB5_S512___1,36288.23864,75474.29829,60186.60903,43084.90225,57662.9656,36407.88053,72380.98311,42176.12632,34547.48367,34760.84099,45054.56041,38500.20981,63921.77857,37695.15016,42328.06072,26531.36766
Q3UMC0_S244___1,29237.01009,39059.61617,22773.48187,43945.65297,46201.64987,53988.33873,37249.14036,25216.78739,45416.58454,69883.42871,28394.35552,23785.43524,53713.3052,46272.46083,21173.84199,20191.28068
Q3UMF0_S1028___1,890234.4328,824262.452,636524.1065,1046191.977,1054406.718,1033142.583,1040919.471,728191.6402,762028.8992,908834.759,829525.5131,715087.6983,918538.3691,946530.0607,761112.4693,891025.2229
Q3UMF0_S1092___1,594217.5925,545955.563,376945.2929,480475.6146,619213.2414,518335.7868,507537.517,394315.2779,503253.2097,560242.0927,383028.545,324452.328,652231.3876,500458.3618,369337.5773,346245.3029
Q3UMF0_S1044___1,138329.5565,148153.7,105022.6521,131985.1932,144591.7669,151294.0842,168631.6351,99414.89991,136781.6221,145465.0103,102489.7545,118011.6235,147821.834,129492.6869,103945.3552,117143.2473
Q3UMF0_S546___1,661242.0718,573465.2082,612897.6462,782438.147,687017.2533,696517.5907,644256.7444,617706.8722,709599.4257,542784.962,749834.1696,825806.5113,611505.7617,653808.9093,595286.6238,582355.5739
Q3UMF0_S770___1,448322.0072,520805.6176,438181.5704,550822.9104,626957.506,466094.8709,606017.7643,363068.2287,489158.6213,387463.9905,375309.8487,351002.9685,459983.734,403407.5912,266970.5387,216260.6215
Q3UMF0_S794___1,209003.2644,299411.8113,173083.039,275614.9101,180556.8352,141158.106,264009.1264,250034.1754,141291.6969,86196.13496,138520.5602,108138.7868,217869.2922,229517.1084,115915.7315,90678.03142
Q3UMF0_S1215___1,145254.1722,147677.5881,133314.4599,157083.0285,138972.3172,146153.1174,176937.6641,163825.6686,142194.3141,121769.9649,162347.8315,149199.2063,142950.5291,132359.0496,140838.3253,142144.1218
Q3UMF0_S1220___1,167259.567,202604.4487,212200.2253,215708.0819,172208.9916,140591.471,229297.9743,200886.212,170093.3535,117925.3503,235280.0481,171680.5417,162855.9772,181617.0026,216269.214,141536.1757
Q3UMF0_S1266___1,113603.4745,121720.84,103126.9914,117351.6253,154315.7276,85922.31354,135644.237,129972.3502,84325.62263,51708.03895,100821.9317,89695.15045,98675.41267,63738.70138,59432.84538,46718.3118
Q3UMF0_S366___1,1625315.398,2406580.098,2159284.322,2245404.403,1849132.604,1036920.02,2736422.438,2199891.16,1583905.298,672511.183,2449746.354,1279376.201,1781698.021,1156246,1274830.644,325828.0279
Q3UMF0_S384___1,410574.6837,389205.1635,314201.9095,321107.0675,592529.9973,467925.5946,396854.1847,385695.933,378229.0836,376248.0905,415454.6911,260464.4713,534880.0832,379761.8132,250911.4776,193721.3669
Q3UMF0_S396___1,1988528.991,1551907.579,1691282.01,1845848.252,1718666.988,1605365.557,1850466.972,1916825.974,1583545.32,515298.1116,1774339.554,1364541.04,1397277.05,1096934.965,1347419.917,470751.2895
Q3UMF0_S896___1,284094.1987,433697.8918,276050.5592,317702.2636,333423.6793,207671.8912,385637.3853,322696.4532,259063.6767,102831.0349,310045.6796,272308.3583,330594.1021,186617.1767,277329.2743,241364.1926
Q3UMU9_S620___1,49589.19972,120272.7619,37233.19433,39782.49865,26412.10431,37764.33871,52769.10758,38837.59894,47220.91723,38522.56547,32518.06311,32925.09481,60997.7249,55828.48806,28905.36789,38636.52246
Q3UMU9_S661___1,58429.59016,162062.8851,44312.03104,42696.78985,35349.35419,57848.07884,62901.05362,49695.8247,51782.97853,43751.6647,36597.43455,40418.88893,74170.50267,62812.34419,30940.15231,38554.20807
Q3UMY5_S146___1,159847.6077,123882.9579,63226.70026,75812.69268,112397.8913,110070.088,87373.02558,94912.63958,126374.2859,97463.61676,94398.71528,103953.8111,119315.9322,140572.8346,82275.54748,97050.69907
Q3UMY5_S908___1,652202.3801,733537.9936,367850.5551,446133.9632,674951.1827,761789.6872,423211.0262,413259.8261,704398.1297,900383.3485,426071.6198,462645.0633,762006.7146,816163.0892,398817.8099,417355.7654
Q3UND0_S223___1,207376.1954,214805.0927,154941.8375,150758.7873,250069.1622,232531.5911,171753.1406,179562.8851,187321.8126,223109.7371,160667.6154,182426.3482,331860.4223,232651.8521,219130.6235,229093.1279
Q3UND0_S272___1,422000.3301,424637.0594,354930.3789,377032.7907,555709.5061,442845.5748,461924.3827,479789.2693,377397.4389,530700.8736,323835.2385,375384.5495,582820.3982,475379.3444,455659.3273,552288.492
Q3UPF5_S324___1,94456.25624,132583.3894,92741.24812,87221.8417,145705.2004,131588.5129,105937.3482,83410.61322,103508.2812,130920.5726,85949.28978,67764.51328,166310.284,118042.7271,80798.84322,65059.72644
Q3UPL0_S526___1,4138651.14,4319240.87,3812511.603,3816436.415,5486965.981,5882853.974,4360353.967,3495127.684,5221981.438,7768201.894,4335984.95,4478637.683,5603951.01,5763202.405,3697289.478,4232277.47
Q3UPL0_S531___1,99206.32425,85855.46717,99278.22245,125268.7056,135370.9304,139993.1068,110599.4377,121630.68,98905.76741,149243.47,136372.3013,118948.791,115915.9179,101732.5723,98036.28226,113205.6951
Q3UPL0_S1173___1,118700.2893,139432.36,194754.4208,221230.9009,181144.08,179411.6631,234718.5653,195815.1775,156193.5252,254710.9572,217976.1495,209134.2852,196958.5073,170415.2164,177827.3122,183908.5721
Q3UPR7_S211___1,8091.82643,9517.844229,8282.33322,10716.17372,10624.50607,8833.982904,11272.3173,10405.32427,9031.810843,13099.94742,6912.968227,7733.779003,9272.731993,9241.876628,8340.649236,7616.918169
Q3UQ44_S1356___1,28976.9059,33332.51503,45328.74479,39161.13838,41371.50161,35530.92541,46695.85077,52450.21213,32775.68359,20842.84823,30906.77455,19821.52533,37442.12891,27784.42384,25102.58352,16446.54507
Q3UQ44_S16___1,1228485.899,1542348.024,1419505.686,1411181.316,1885946.621,1859375.23,1914494.497,1488267.042,1054668.156,979464.6483,1358214.216,994858.1737,1611430.235,1148073.005,990904.642,824660.0062
Q3UQ44_S24___1,686562.685,862467.9033,800175.7372,787360.6921,1076422.881,1171097.603,1064756.414,896814.995,528977.6883,514171.3007,745818.4935,523887.0471,800109.312,636289.4023,534701.6956,497645.375
Q3UQN2_S681___1,150926.0192,130211.1926,167923.6679,191156.7364,169037.4141,161362.5037,151322.2878,169349.7836,182364.5665,159908.0032,194276.3405,226883.8031,157068.0031,185981.6262,215664.6591,259744.6072
Q3UQN2_S394___1,275495.5846,210345.3197,217113.4215,257846.6747,386348.3301,449915.3592,251419.5263,209219.4352,362438.764,474283.5494,182163.4369,228852.7897,291219.7773,381900.5178,171719.9625,190246.6592
Q3UQN2_S487___1,211129.3632,227368.3107,178646.8096,177398.82,287221.6069,280194.8583,241279.714,182117.1886,239133.4545,310356.0881,137303.4155,165801.5554,254950.1108,264828.3938,163917.7116,199434.1042
Q3USH5_S903___1,743207.6708,967443.002,669192.2104,614909.8832,900541.713,941601.453,823153.4591,684038.0051,711336.9413,886519.5266,614056.3914,535618.2534,698474.99,648253.6098,541956.255,669412.0115
Q3USH5_S601___1,155787.3062,255515.8193,144351.9707,157920.5191,182341.1854,219350.2969,235298.5559,169651.6494,195294.8856,211276.8643,143885.8262,148090.7107,203134.1571,166586.8407,157598.4274,163313.4972
Q3UTJ2_S40___1,17717.6938,14819.52492,16089.13579,13861.0783,16007.78761,17498.24583,15407.83717,20168.74012,14949.96175,14032.87752,19592.84544,18081.2258,16799.08215,17380.20208,15001.34465,15724.39586
Q3UTJ2_S1212___1,2138523.829,2303686.633,2371324.733,2391858.753,2403406.803,2651693.107,2516397.603,2583923.857,2068490.753,1934550.348,2413445.615,2533316.433,2340839.317,1946975.957,1731672.477,1421712.434
Q3UTJ2_S473___1,317321.8287,308402.7813,325145.7032,348971.7132,261872.7003,262528.4369,344258.5055,441873.2883,257559.6758,194093.7366,438925.6867,430645.7359,252995.5262,295773.4821,440776.0646,408932.9232
Q3UTJ2_S27___1,257302.268,266796.1905,261918.9806,283745.7075,248773.8172,247710.3907,299744.2663,288649.169,235066.1878,140754.7341,309164.8177,277368.4734,221699.9474,191501.4249,251488.8644,176737.4128
Q3UTJ2_S497___1,104779.3125,97143.56148,88476.89833,100466.9738,96696.21638,101330.2773,85845.10879,95351.97429,90665.00175,87069.47108,102290.7179,92969.68364,99938.6715,112616.1973,85645.71749,94695.24502
Q3UTJ2_S440___1,366813.6682,430388.7314,342848.8046,341599.0769,347114.4494,291864.0367,383370.0396,374187.8879,251259.6481,167925.014,365619.3532,307281.7761,282520.1934,240301.3427,286729.9584,221842.6911
Q3UVL4_S18___1,70944.10354,70499.63978,72701.2752,66106.66519,60903.51468,74981.19581,78345.85781,61283.93583,61311.20266,54372.12899,74508.53469,77124.15209,66291.45157,55943.46083,68990.48528,84090.46423
Q3UW53_S581___1,555073.1033,815727.5047,556871.8497,522638.5572,788841.7526,789233.227,656622.7859,492624.8214,654666.9419,1066787.309,542388.3787,483436.0208,991106.1449,752827.4853,539438.4213,485385.2967
Q3UW53_S601___1,1490136.974,2142176.306,1423014.842,1386301.022,2168128.104,1727526.338,1742617.869,991225.5699,1848843.892,2682373.775,1304251.577,1106394.111,2269017.913,1816371.096,1437982.913,1302896.053
Q3UYI5_S707___1,7235.608526,6766.841959,7595.64294,10115.943,6778.119675,7671.836127,10207.93865,8214.074739,11438.10996,9605.704272,12139.25508,11613.62566,9644.346071,9143.779252,7412.759678,9407.190551
Q3UYI5_S553___1,11126.99058,4496.158261,15034.58184,12069.14624,7325.245015,4577.934964,13355.90382,10320.41608,7103.886488,6974.405889,14438.42999,12773.95101,5018.200202,12243.83322,12584.18391,11958.78296
Q3UYI5_S510___1,38033.83237,27340.15898,27788.17918,35031.27034,32584.92732,35334.28217,31155.22454,28639.12549,39620.2604,36522.61262,48639.7473,40514.78937,32997.71408,35613.79943,24889.64746,30047.89343
Q3UZ39_S302___1,172173.4538,191333.1474,126810.5786,127148.7921,154913.473,148754.5574,162315.7342,124366.5813,169452.2735,111119.066,144684.0344,113002.947,172771.876,146404.939,158123.8208,78562.82336
Q3UZ39_S348___1,249481.6911,227653.9123,185452.4029,188285.6896,265812.3176,304479.5917,210824.4937,179162.2699,263890.7529,378385.7524,188597.0392,236820.6146,370964.725,318700.4134,197715.0925,189783.5731
Q3UZ39_S88___1,906029.8729,811045.5225,782979.2825,910103.4966,923225.0379,815240.5809,853347.9123,810178.71,900554.7198,776386.4042,863796.4685,873756.9074,1180184.051,914730.6286,756976.7606,673166.393
Q3UZ39_S284___1,176080.3053,152265.9354,144442.3536,137955.0163,144766.5819,157766.0489,164621.7922,189926.961,93232.22454,86821.57352,121074.3275,102955.3251,113152.1189,116429.9314,90954.60521,72893.78019
Q3UZ39_S649___1,192470.5942,188115.9555,164170.3834,168191.732,186434.9228,202722.3721,173216.1785,156691.2701,201844.9103,233403.6205,160338.0876,172402.5048,227601.4211,205440.6607,146453.6746,132278.1067
Q3UZA1_S216___1,136972.1115,974166.2203,204100.5232,197146.2002,150478.1238,164810.5252,220967.6549,216330.455,153205.7419,692934.4304,173190.8818,189958.8468,212373.6241,632930.8092,221199.6707,236889.1894
Q3UZA1_S177___1,8803.448774,29908.97227,8134.476421,4124.393122,5726.153037,8551.29266,5706.94615,9719.759987,6164.496781,29850.79659,6542.703378,8896.759217,9093.173494,32229.47428,9508.150139,11801.86923
Q3UZA1_S179___1,86627.43775,440587.7696,90576.86937,108341.4917,69190.18203,96106.86765,99716.4541,116726.8467,93792.18358,409482.8243,97369.99564,117160.6845,119717.4784,424710.3692,130719.8667,171915.0153
Q3UZZ6_S261___1,361903.3177,482861.0743,488743.4818,442113.2445,324230.8168,350044.1759,461744.1033,512183.4311,398003.4739,383038.491,449126.9751,476837.2516,462509.0217,452470.654,555145.6676,558744.8206
Q497V5_S139___1,42300.55707,53289.79762,42462.62928,40269.42101,35702.11529,42962.63502,36829.72605,35285.29495,52713.87745,38662.72473,46974.42756,46473.49361,59848.02871,47118.29046,39948.9619,50443.54237
Q4ACU6_S995___1,446225.6721,690250.4846,387641.3249,442651.0758,466423.3959,440496.2214,461673.9752,430624.4987,418611.1933,581335.4563,569869.4093,368396.7461,624274.061,540724.4611,397739.6033,300296.9119
Q4ACU6_S685___1,21629.85556,34157.44067,18377.71288,26097.60122,13999.40289,19230.62256,20226.81286,25227.11692,16964.34512,22150.8747,28687.00321,16759.62267,33522.68948,26988.49415,27143.3413,30292.49155
Q4ACU6_S375___1,243622.9147,202740.5451,214649.663,265486.4124,177110.9027,193205.2051,226321.3834,205391.8339,220921.4031,132238.8308,248437.2968,195566.7598,191290.0999,210241.2153,251116.5991,235573.1359
Q4ACU6_S1134___1,113292.7026,89660.66869,95352.58117,140606.101,75898.41808,84765.59062,87756.82742,106018.1346,62929.40526,84104.57023,94303.70752,93190.55303,98564.62904,113622.8804,72639.4024,83840.26199
Q4ACU6_S781___1,715495.7259,875463.5308,716675.6629,784731.1872,683477.7402,717313.1092,749028.0341,891006.1521,666220.7286,947495.1509,963104.674,727647.6186,972292.2869,877392.6136,673883.9274,620349.2306
Q4FK66_S209___1,100869.9044,146097.2643,101310.8836,122001.432,121952.3513,155026.5204,134678.18,130525.4206,89833.54378,247264.3214,102102.3043,143727.879,158577.9913,150559.1492,130955.4579,102080.1289
Q4FK66_S193___1,142328.2985,161138.2804,138571.1688,180674.2447,180917.2509,214872.3035,165227.9847,130014.8276,172570.6838,334654.0612,131671.2116,201753.68,265557.7526,256267.8312,157793.6016,194539.0928
Q4FK66_S194___1,142328.2985,161138.2804,138571.1688,180674.2447,180917.2509,214872.3035,165227.9847,130014.8276,172570.6838,334654.0612,131671.2116,201753.68,265557.7526,256267.8312,157793.6016,194539.0928
Q4KMM3_S204___1,178402.5159,164983.461,198022.0364,188256.4969,175203.7948,214759.794,234670.1993,246981.3747,178074.0924,130471.0069,168384.6725,193592.0916,173840.3327,165110.0655,171630.2435,170802.6012
Q4LDD4_S430___1,16764.9545,39734.65954,22996.08467,26213.86149,31648.32901,27202.64989,34763.6143,26576.52412,23592.08469,29337.58975,20651.36781,16095.28994,30410.12858,18356.11294,21865.52757,14614.76082
Q4LDD4_S232___1,592175.6343,787083.5492,582105.3434,723406.1694,849229.6076,946882.577,722104.654,684710.8986,677653.385,1125227.223,609855.7061,556647.0073,880639.3123,636084.0573,695832.5511,657958.5257
Q4LDG0_S137___1,91718.26285,120781.0553,112013.1557,117591.5277,89230.94271,119749.006,133215.2542,156093.983,104901.3037,107666.0672,114018.4489,120269.3022,107483.1605,145733.6094,115156.6523,105674.3846
Q4PZA2_S33___1,71775.43904,107045.9067,93077.9323,82774.06462,95646.56559,101531.6785,104834.7343,81707.38229,81202.11582,113100.5197,72851.41516,74458.49901,102510.2,81655.85177,73202.53326,70137.94946
Q4U2R1_S2929___1,605125.0798,821102.4801,510961.5602,662612.8548,751278.7773,805541.3816,614117.7708,718243.307,822919.3899,1186193.147,601958.0219,604661.3797,846896.8428,826434.276,565605.6935,745392.9998
Q4VA53_S1356___1,75232.65895,92875.72948,66560.78786,70581.4229,77937.22768,78723.27885,70824.706,74944.52974,87185.99751,98881.25171,77677.71855,79201.45979,79279.32922,83469.74211,64995.79293,69047.56111
Q4VA53_S1182___1,195765.8691,161004.4388,209779.3751,155807.2646,174924.8092,195290.6539,186224.0793,171756.9704,209757.0795,186824.5741,174706.3119,234697.8516,188325.6963,183719.5449,188762.3778,195212.1815
Q4VA53_S1166___1,58078.16569,63087.39771,49537.45565,46712.0769,56823.25715,59663.66276,65589.38333,55482.26196,60289.93402,63783.06101,63525.34283,57117.37694,60993.34685,63006.17592,49096.47451,54136.71459
Q4VA53_S1255___1,175402.5527,192898.3043,172204.6598,161738.5192,167631.689,145540.3292,197624.9327,169129.6308,178586.8165,157530.0954,192834.7063,196225.9857,173191.7149,170566.0874,167824.5923,179637.8077
Q4VA53_S1257___1,233465.9688,235420.0791,198141.1994,186007.298,216769.1651,238660.3653,234790.2129,189547.7571,228551.7232,218847.0404,200770.6091,200643.0257,238395.953,218913.8264,204985.016,190402.1083
Q4VAA2_S8___1,304637.6807,351978.3694,392883.3102,386596.7573,518976.0206,385773.4039,416758.5661,242457.95,201310.5744,282602.9962,209364.0183,165497.0435,281377.1549,217292.5962,180046.2984,101411.837
Q4VAC9_S502___1,467670.1905,789893.0835,566533.1779,710086.9132,782932.1257,866810.8909,802988.8318,637468.6056,463735.6203,518939.1112,522637.9898,433896.6076,751154.4966,640507.0792,615629.6662,338240.2666
Q4VAC9_S550___1,95029.34889,133681.7044,89113.15502,126728.9553,159647.6486,162898.4262,112172.9753,106844.6099,128615.8728,128884.5491,91189.06599,84517.47093,126652.1434,164439.5704,117924.7267,117382.3981
Q4VAC9_S766___1,281170.2417,240789.7435,297214.4317,399281.9548,264274.3186,419841.1467,265662.1367,342749.7009,281845.4129,461874.7976,316720.7033,386890.9403,253997.7933,488416.0952,488246.0763,797347.9702
Q4VAC9_S571___1,263605.8571,451377.6962,324353.9915,423328.2395,458686.8557,495928.493,376778.7466,286409.2016,414643.4265,679746.907,286435.9392,281846.708,477608.6951,576787.055,330436.7781,323692.7951
Q501J6_S492___1,27379.06087,38853.97738,42690.00283,39151.49188,31200.11651,24056.4579,46607.62005,35655.52979,21405.52549,12272.21496,39974.4711,30151.39073,23689.52322,18502.2356,29176.74364,26984.75009
Q501J7_S436___1,194633.546,236937.7763,243982.5796,249932.5042,323657.0587,339302.1242,279291.4495,246145.1363,230560.838,458583.5855,233064.2518,228637.0441,297576.5407,277755.4834,182576.5153,205319.6182
Q501J7_S444___1,71654.05037,68213.43999,93174.34561,78949.41218,110587.2779,116445.9194,101347.0711,97716.20112,62109.24607,110382.8603,86512.26254,98957.76389,118097.5273,99795.59067,73933.15245,61443.03267
Q501J7_S582___1,22505.63472,33049.52465,41885.11754,38277.0718,23737.96808,21282.27091,42702.52425,63576.97964,23845.3309,23377.57148,46429.69819,36304.02723,28695.04027,19112.93969,24903.11682,17003.10651
Q501J7_S457___1,242246.0388,312875.1203,310916.7962,314915.726,364047.5608,403331.3023,313496.5622,285624.3297,276142.8871,510515.7103,268705.1803,274331.0816,374199.258,303303.7576,212087.8683,202298.1465
Q501J7_S117___1,151614.7322,174300.3992,196531.6432,173487.3685,207662.9066,247115.8347,211634.0259,198469.9161,152210.4453,127479.1853,192566.1672,144080.7566,197589.5816,149579.3176,167047.5444,119710.3248
Q501J7_S118___1,71531.08629,102739.002,129471.4826,95210.09377,93188.43638,82933.60837,129545.3857,107800.3432,81335.58632,92527.02824,120964.6976,92431.11134,98773.68215,77100.37721,116040.099,92964.20493
Q505F5_S293___1,16549.70385,24622.46726,19676.19963,13752.68553,18701.16971,15345.77789,18392.10208,22709.64874,38106.39326,23804.98931,28503.26804,32621.14521,41115.29408,33927.55128,28380.22036,40937.8082
Q52KI8_S779___1,65828.8611,96609.69639,75317.97807,103408.2925,53774.9868,52064.74376,98840.16851,78704.63963,61954.46549,58624.52078,76976.64889,62293.12583,91699.29247,131941.9958,77251.55112,119775.5045
Q52KI8_S260___1,879948.7693,924286.7787,886227.6551,834316.4871,657676.7917,583618.637,969850.0579,919504.4924,853742.2176,720989.8343,662894.1698,720516.9718,922264.4423,901440.9548,924682.9224,1089799.305
Q52KI8_S714___1,103627.0795,100261.4411,75532.8259,65531.17013,70272.06888,79138.75774,98985.71987,72737.07791,81907.32616,73194.14392,73723.25429,69188.71528,111526.5201,119215.474,76370.65031,100163.632
Q52KI8_S694___1,56434.24337,39770.36042,32131.20499,25966.58751,38163.66727,39285.87447,32174.63393,26877.80724,34395.27157,40739.37701,24738.09672,24011.1547,48793.33157,46568.55671,32314.85984,33472.87816
Q52KI8_S220___1,3224698.606,3032022.196,3197837.734,2956146.398,2307715.272,2431085.282,2887680.512,2556063.791,3038254.7,2376384.72,3173858.561,3085716.586,2959485.543,2980566.117,3069449.397,4014890.428
Q52KI8_S915___1,1085502.971,868060.1465,1171644.516,1025791.743,885016.3861,819758.684,1124600.696,925084.3526,948403.1715,667780.2394,1065575.418,1039556.5,930737.2254,947789.1383,1042826.764,1418391.853
Q52KI8_S810___1,190932.0436,150113.0744,204908.1403,181866.45,182839.1948,185293.201,213562.2908,168584.8279,182365.0785,192099.896,160722.4124,173104.9402,216808.8473,197351.1864,214000.5677,284965.3837
Q52KI8_S616___1,57222.68588,81219.69211,51247.91138,62278.49267,43849.67742,50207.30614,63381.73766,56814.04561,58779.03226,67727.64955,44653.89463,39103.26297,100055.8086,88850.59124,45727.37045,95680.35651
Q52KI8_S635___1,14873.71011,15302.85999,16726.8578,15513.2964,13667.69354,12267.85426,20780.25349,16070.02224,14033.76373,13055.54052,15444.22742,15354.17187,19533.99853,21896.10814,15588.6847,26289.36519
Q569Z5_S804___1,1353418.056,1415361.267,1137395.507,1315882.695,1587721.415,1569876.745,1346429.661,1241477.847,1492491.424,1969791.054,1253453.134,1292856.514,1525944.133,1613466.782,1136994.148,1310227.711
Q569Z6_S243___1,87100.78572,109276.8958,91331.71074,87509.82581,106037.2119,110439.5307,104805.2742,101967.0963,97058.06388,246171.0168,95544.15273,88336.88794,136102.5549,126837.4278,72913.60597,91631.27653
Q569Z6_S248___1,1067348.54,1049963.286,1234854.021,1104212.239,1493502.26,1785146.907,1240740.075,1368472.303,1410511.486,2661421.169,1156857.014,1395312.396,1688021.583,1519492.047,1229355.08,1212617.921
Q569Z6_S924___1,598009.7447,605830.1462,553407.608,669962.5006,810281.9016,905845.5078,655901.2217,548479.6852,842612.785,1422958.823,608752.8409,774197.084,909502.2467,714628.3476,472144.7473,595255.5647
Q569Z6_S935___1,388771.2108,383675.7359,440055.4419,484522.5152,496249.3259,582001.8881,533023.2141,406235.1429,506733.8819,849822.5713,506848.5965,493568.0485,578519.912,441854.4608,444916.7892,485478.2802
Q569Z6_S233___1,78189.59105,79203.99366,80847.20217,78646.84684,80998.38813,88450.2773,85422.29519,75501.06445,78145.92016,117320.1129,85501.08051,101100.0782,88484.68742,79041.05299,71330.77106,78742.7528
Q569Z6_S695___1,321956.2152,518181.8715,439017.0548,518671.8424,364066.8933,396096.5037,445109.3579,500989.9125,390995.2706,724321.537,481832.5701,424000.9658,593029.5772,509513.2856,391485.9887,510596.1071
Q569Z6_S679___1,1728680.589,1605429.284,2043485.439,1986931.619,1993203.594,2251311.841,2006428.555,2037429.245,1913904.707,2831527.148,1884274.705,2013876.682,2214785.151,1874223.617,1975681.904,2024196.813
Q569Z6_S572___1,652661.3214,574309.1432,549434.5379,590868.8459,884335.5425,1084375.853,648907.8473,632204.8163,529098.1576,1369062.407,501090.7458,559485.5542,801141.3562,546995.8737,364548.8232,456948.8994
Q569Z6_S619___1,252933.3608,261862.2037,242951.2366,238758.5599,358719.9342,383714.5843,214130.8449,190496.6067,282300.7924,696872.9369,251221.2418,244300.2617,419401.481,298045.2801,219895.9763,203296.0156
Q569Z6_S621___1,110823.3742,121006.7347,135019.3984,97003.9875,153231.1436,154454.8656,106536.6572,95349.00143,125542.1892,330535.2682,99319.35718,115790.8234,177376.0933,153649.4612,89182.11079,80331.84889
Q570Y9_S265___1,66591.26608,54783.91039,42283.83204,41594.58306,75300.8668,73906.74407,43283.7332,39435.82465,82778.9518,81354.28817,83419.75986,72074.41559,89595.93297,66560.46969,65934.17593,75677.91615
Q58A65_S203___1,157724.7818,160998.9981,99215.75383,128068.2057,165879.5976,176691.4464,138379.9391,106664.7286,175982.2735,214976.2287,88724.91033,74333.44733,179401.176,153007.6195,100322.8984,53682.63317
Q58A65_S716___1,208219.3751,176363.6675,109910.1463,167137.5716,217245.6129,244764.7092,206800.0286,168851.0967,296749.7515,274522.08,174745.9832,172451.7743,256207.7386,209925.4519,190693.7479,248686.0211
Q5BL07_S1210___1,71357.294,71742.9059,96875.61324,89202.41903,80277.84043,80453.05568,82191.0342,95804.70594,71188.10799,68833.00618,105773.1619,99828.26868,85020.66328,77984.83916,99690.85219,119295.4975
Q5BL07_S1212___1,181257.7899,211587.9076,203091.9825,198479.405,183538.2526,192071.6513,178320.4696,208760.9259,196055.7879,201996.6967,207992.5825,199190.2533,214912.3725,232945.9905,211310.3356,252441.9228
Q5BL07_S1182___1,11775.99499,12491.70469,13127.65726,8914.200628,14206.21205,14423.06511,19121.87131,12602.0838,10839.20754,19901.42856,12079.97537,11654.81218,13349.11068,13131.6448,8922.300986,12715.0004
Q5BLK4_S172___1,37335.82032,41102.30438,31813.1946,41655.01333,47447.67507,54913.86911,34278.76183,35671.99908,50144.39929,58239.03477,40728.86401,36779.68119,52653.03334,49540.14556,33455.02567,40478.09558
Q5BLK4_S879___1,99157.65759,121387.2273,79051.37923,113792.6153,88375.25768,81354.40755,96655.18712,87083.14685,70993.26328,91608.41335,82903.61366,93118.33473,86566.56976,113706.3777,86835.8314,88535.2429
Q5BLK4_S193___1,136295.0798,168758.6245,137816.3249,140723.2562,157042.1944,135156.2825,156144.6111,126818.8496,135775.6846,216201.7491,139869.7141,103500.4946,191056.2553,147443.5075,130744.1006,99221.7908
Q5BLK4_S645___1,753425.6959,802700.5354,685188.6944,877527.8311,830350.5122,865260.6344,814033.1163,768891.0722,817631.8422,1078141.122,652336.7912,727302.4025,839332.2332,863838.1172,683971.7623,703759.2985
Q5DTM8_S136___1,298429.991,199699.243,171394.541,184061.3927,279538.702,349702.9431,205360.8049,203319.4552,178393.3655,322619.0769,192971.8786,164254.9405,263521.7736,222585.5811,197407.9378,226837.1921
Q5DTM8_S138___1,280929.0978,265016.571,244184.8449,200135.437,225259.3606,255041.8699,224739.3656,216678.1515,180437.4335,228025.9594,270968.5418,232800.9795,248059.1086,220430.7527,252104.629,261996.621
Q5EBG6_S16___1,642696.1222,1016567.343,1220793.836,1733189.903,1016005.3,898298.4185,1401544.7,1121842.517,1006293.292,1159937.507,1413766.287,1703542.735,1064756.92,1324162.77,1534473.738,1283745.631
Q5F2E7_S626___1,188007.166,168690.9963,148171.5584,170743.5118,329590.1752,295879.2562,183858.5612,139284.9763,161039.5643,313709.1858,123218.6525,116321.9593,215253.7695,217871.504,117460.6805,92411.36903
Q5F2E7_S649___1,424094.4052,370802.4825,399051.2238,421220.1904,755470.7614,745351.9354,402107.7761,394707.8782,438935.2058,896699.3414,349477.7917,373226.8561,565031.0088,521753.9654,317107.8973,302519.7394
Q5F2F2_S442___1,574430.8157,923918.7212,736911.6181,774991.2284,880500.6256,822105.8568,742144.3267,643758.2674,577725.5924,966572.0639,568195.7033,528010.1389,595373.874,620503.4132,467860.4643,436150.3927
Q5FWK3_S51___1,41108.61135,46722.4853,43070.69353,40734.14838,51251.2799,51350.2773,38317.61337,30216.51047,43620.96966,63413.01133,35941.30294,32915.32248,59378.99268,57891.13915,41240.47315,41896.47741
Q5H8C4_S835___1,92565.07741,85266.59276,94570.59088,93510.17778,110354.3885,94688.62513,85026.80703,89483.02354,82562.08042,136106.6422,91035.94843,96003.91764,116960.3168,103426.2559,82789.22155,80018.43174
Q5HZH2_S24___1,75916.85042,114565.8869,135239.6711,145078.411,82729.43271,88700.21127,193056.6726,205165.5217,66944.55174,37361.84787,178588.7742,123020.4115,73226.35428,86738.24488,484141.5566,78114.43713
Q5HZI1_S535___1,28598.45015,29331.14941,24486.83617,24181.2688,33994.46875,31385.12105,31152.94936,32528.59932,29203.93974,23697.86446,25773.49853,27632.18299,31467.9835,27073.50203,24796.78785,22060.54876
Q5HZI1_S150___1,117021.5055,108161.4338,125233.1742,115495.5718,101826.8741,99284.25393,134932.7947,108328.5186,105931.5946,124525.0101,102733.1849,106901.1756,118692.7613,108484.944,107057.9324,107342.7522
Q5HZI1_S1208___1,187320.4384,126753.4607,146231.3385,142065.7632,130115.0343,165497.8535,169725.4221,171039.0997,177890.9035,146954.9371,230961.4774,290965.4135,149623.0146,160343.9833,300254.5487,352300.5672
Q5HZI1_S1143___1,1445522.685,1696122.326,1687878.57,1612902.89,1790908.971,1282785.543,1818227.519,1294134.549,1179814.022,1389364.232,1250979.682,904724.3152,1633105.646,1252571.838,1068940.772,607011.9844
Q5HZI1_S380___1,441348.8506,395332.2985,542110.6975,547271.2602,513553.9454,584095.1122,550795.1853,488865.4756,467739.6711,697437.5153,481945.5263,479724.1993,467221.0453,507960.3462,472698.0877,539133.1862
Q5HZI1_S384___1,68159.91078,62473.23355,91999.6753,99624.60397,83466.32773,82533.9876,89724.40476,91722.83656,67733.3131,76512.07477,85555.54746,99299.01424,80698.27087,64136.6743,79363.44845,90956.41861
Q5I012_S441___1,79305.21369,106010.3144,75959.74295,96166.91093,170840.5768,163900.525,129846.353,80741.91677,119666.2129,205550.2248,107337.7958,124656.7624,158958.9669,111227.8175,90103.66375,73088.24479
Q5I012_S887___1,387115.1579,530522.9621,322300.3129,495669.6291,528302.9799,550025.3247,487642.5118,439124.9872,523467.5406,703004.2149,457281.6692,482154.2098,624290.1627,633158.5669,465337.2969,534184.9289
Q5NBX1_S515___1,850381.8732,676755.9624,1023127.27,944981.1754,1087903.656,847923.2372,742530.2822,1330800.693,975995.4402,1233717.899,913179.8261,1554711.746,1024387.645,1153943.378,1041950.041,1369430.927
Q5ND29_S363___1,58629.38926,72170.03648,78418.95855,71221.70294,70013.94322,86843.51528,63024.20281,56494.54842,71872.08918,65773.98181,76213.02982,87832.76911,64705.07845,65692.9772,81972.07456,60185.27661
Q5ND34_S1570___1,137153.5112,134797.24,148339.9712,130068.2088,168117.6478,177348.6185,171007.7102,132011.9201,130997.041,150439.356,119931.1904,109367.6855,174455.0353,163049.2465,124620.1431,117457.7013
Q5ND34_S308___1,50586.76113,47102.79352,63443.28697,63873.29198,52577.14409,51796.56508,66703.75336,59574.95631,49005.1329,71175.8939,62329.66422,55458.40719,79923.4272,57987.31432,63417.32571,65916.03587
Q5SPW0_S35___1,383991.7997,486666.1028,936452.5059,817903.5599,502912.1416,330229.8142,658251.9636,925756.7006,352321.4288,194178.7776,892765.7451,458070.8363,406967.5629,344781.2281,893303.3706,277746.1309
Q5SSH7_S1515___1,186278.3115,173382.7412,177405.175,159558.8707,206059.7948,195169.3061,167044.7936,189207.4144,189100.0022,220148.7476,185803.7816,177537.9264,248425.7673,219268.9424,178488.7696,181625.3423
Q5SSH7_S1538___1,278092.7861,392834.3544,337567.9604,379313.2495,281657.5069,321001.7914,330917.1233,396426.1209,302929.0203,319088.1711,346230.1651,295013.0074,366649.465,355819.5844,280239.6085,309239.5726
Q5SSH7_S1464___1,18160.62174,22479.3177,21073.7726,18841.41531,25313.02602,23739.80469,26515.86977,25197.71779,18085.01643,11131.37017,18809.64885,16380.83118,16680.64955,14632.15639,16192.61776,14159.10389
Q5SSZ5_S648___1,125487.8884,135233.2356,108316.6725,125609.3269,145964.9746,109903.7146,150742.3177,121195.867,102324.4384,89746.194,150128.293,140133.6477,100703.5427,77448.12424,102329.199,98701.52607
Q5SSZ5_S769___1,243790.6882,259872.6005,179711.5224,231721.3079,338125.729,316329.6719,313925.208,255371.3397,295623.3989,437981.3177,194497.5754,178807.5319,296517.1668,340830.1707,157550.8979,164096.222
Q5SSZ5_S332___1,95865.2978,104647.1901,75814.92872,90562.52023,148076.7761,133975.226,109185.2454,89366.87415,133409.4182,193774.6017,90565.922,105837.8936,137310.3989,139655.0308,86115.94297,97321.45372
Q5SUF2_S425___1,53747.90811,69948.05856,43088.02311,44199.47812,55024.63257,63881.46783,57630.68838,68449.03023,61805.74972,73006.35854,39810.83747,41686.57013,77052.18085,81104.05352,44366.99097,58536.78573
Q5SUF2_S431___1,160002.6513,212629.5736,125438.0885,128386.379,178681.4057,206344.2958,158797.6568,207140.4355,178675.7955,221473.6533,133671.0006,146102.6556,221452.4819,220203.0235,136035.5257,168576.7718
Q5SV77_S360___1,226284.7594,314858.4804,238488.5601,347910.5622,311293.0742,336488.4983,442076.962,297497.3306,308512.6627,316338.4418,261096.0726,206458.6209,274137.9169,250810.7127,238740.84,314731.532
Q5SV85_S974___1,466968.5687,683111.718,659225.3892,633733.1539,587664.5198,605322.4069,683074.2111,597955.4384,316647.5312,776805.1182,329902.0924,338845.1067,402811.239,483212.0651,367823.121,247282.1355
Q5SV85_S1079___1,194778.2877,214548.4667,216846.7086,207515.8191,207017.9777,232232.8117,208721.3699,259028.6175,165558.0984,335424.8253,176768.1414,205076.2796,188794.0415,190447.386,189633.6516,124892.8053
Q5SVQ0_S59___1,58374.50163,50772.00536,38741.42838,37573.60137,35396.13366,28004.59125,55993.35961,58295.24889,35776.6683,77191.66913,38932.13537,37033.59378,31548.7641,60429.59423,59014.45481,54418.69699
Q5SVR0_S1090___1,36856.09625,52557.50142,40134.2096,39258.0299,43528.36031,39437.19821,40073.34301,42723.49837,48578.04112,42373.37084,44731.7944,45810.00655,44774.64089,46891.12054,40946.67043,53142.2684
Q5SW19_S1300___1,10609.90893,10425.59785,11210.42567,10258.93194,11674.22509,11183.71421,11286.39602,12034.09662,12183.00715,13768.14927,10746.77304,10276.05076,10943.16578,9731.188923,13141.75537,12901.01786
Q5SW19_S658___1,75454.02542,70235.41509,96324.40635,87923.46794,67132.96122,65537.57986,100005.7905,88275.69471,53005.14069,39386.19982,76601.37136,79719.44621,61241.92337,53168.70342,85542.3249,80853.36814
Q5SWU9_S25___1,359981.4072,550112.9184,373841.1554,371620.9708,723452.7503,503551.7446,441576.4014,431119.3711,283758.7197,389552.6592,293551.9817,233426.3317,387327.0994,390997.7727,324716.4306,267038.7114
Q5SWU9_S29___1,11057126.42,12503438.4,13679578.03,13508627.24,13579888.02,14207182.73,11796548.15,11641554.3,13636461.08,19766350.26,13716258.58,16774752.99,17460442.17,16688643.76,14688642.56,14756697.6
Q5SWU9_S95___1,139278.9634,199143.0358,194111.6324,153002.1435,222741.411,139065.8511,208670.008,123420.6447,152633.4033,157038.1797,117328.6316,96920.65324,188638.2221,156071.0096,126605.3175,67100.56256
Q5SWU9_S79___1,1278715.894,1426480.337,1532037.663,1491160.674,1166974.449,1206285.87,1310033.048,1386651.233,1243160.788,981168.1384,1726026.994,1436831.912,1335583.976,1355964.791,1837968.554,1356810.127
Q5SX79_S49___1,94718.7403,153396.8969,122320.8072,107926.3391,153493.6926,172686.2365,115357.3513,118457.9598,126223.0246,373670.8271,78780.15108,121188.4866,172977.1396,223948.4413,125408.9853,138702.8998
Q5SX79_S12___1,14369.2197,25229.48708,27743.47839,27924.72531,22267.7236,17701.70239,27460.89743,27876.56001,19328.18333,18437.41315,21505.36533,19112.48259,18360.8593,16428.19109,16930.29877,13914.62336
Q5SX79_S15___1,57511.53105,78714.59368,122443.2635,111843.4648,95958.21949,84879.83257,124145.9862,140504.48,66614.0921,64164.1253,89682.20829,87171.17292,62817.61819,64546.63173,66632.60417,82933.00766
Q5SX79_S385___1,15043.85994,22768.03348,21550.33056,28754.09646,22212.85492,27762.53954,33079.44999,27797.16272,23565.08316,28744.47991,19240.76233,28430.64967,23126.02675,24568.54524,21765.52629,28587.23352
Q5SX79_S133___1,46891.5497,69687.16574,66687.74416,78329.10608,80852.90284,103614.7262,71185.88676,72231.88488,74302.7139,118754.8155,52144.05224,74046.69076,75949.07548,81541.58955,61813.58023,69708.54676
Q5U3K5_S637___1,79802.07675,69668.28595,77990.67416,95032.81508,102566.0468,194537.7992,86984.10852,108434.2859,126130.7229,263631.4486,101708.4185,150425.8403,115611.5482,142436.824,89082.9834,189287.2175
Q5U3K5_S638___1,143071.693,88747.28742,132263.4756,175876.8072,178680.4945,474014.9862,153003.913,194721.1125,272932.6239,708573.3757,169069.5619,271712.5367,243844.5746,292909.0005,153658.2022,336760.7053
Q5U3K5_S594___1,329369.311,288321.8456,303248.1998,374538.3256,377117.7052,521461.8753,335502.7888,313821.4844,378271.2581,584805.516,351000.681,443641.8299,374720.4793,455234.5489,338069.993,456909.7118
Q5U3K5_S482___1,68688.91018,73149.96147,62726.17565,66117.40037,87045.33186,102173.2277,66512.37017,54210.66329,81017.39023,76821.08347,71806.78102,66243.04505,69610.90683,85858.59672,66665.34063,75863.21257
Q5U3K5_S483___1,121740.7958,107219.5513,123289.469,168550.7435,116358.6109,130715.448,141063.1239,147777.4035,119042.952,116841.5912,144051.1491,148029.5764,114350.2539,123922.4248,119759.7444,141459.2491
Q5U431_S397___1,235051.5251,211011.0815,396137.4535,230691.2937,417894.9473,374568.9404,223400.987,257319.0643,204637.4875,305467.2684,339025.1582,241947.4599,305890.5655,231221.86,287216.7033,268898.9193
Q5U5Q9_S665___1,25865.53228,20143.83005,26622.34793,21723.90165,24005.33555,22635.224,25106.42688,21083.02602,25111.00091,23433.30918,27391.47191,23861.91571,23320.49759,31040.49719,24109.3792,30902.78093
Q5UAK0_S165___1,65716.01222,70419.0481,74511.63176,74084.23337,114629.7976,86646.44252,89986.68659,67429.28913,84079.5349,144237.8527,73323.2946,87415.25683,89766.06691,70973.37493,51769.96691,64652.47977
Q5XG73_S151___1,234461.5846,152530.7649,206506.4348,255956.3798,237679.8206,313565.5377,266854.4996,219001.4598,245082.9624,342026.3393,251598.4163,241101.5081,252986.6611,275634.2985,240626.5564,296662.1671
Q5XG73_S155___1,82001.5571,73464.32239,81860.76556,91007.82551,77483.80964,101936.643,104950.471,88018.14879,83157.6349,67869.43944,108406.9525,94923.77689,62186.07331,64839.18074,62208.49212,82965.35137
Q5XG73_S345___1,17661.58867,11126.11074,13797.64845,16840.49629,15932.68187,13177.45628,12211.66753,16103.05784,8188.249381,8837.739218,11944.57224,9680.682643,9403.678733,5758.850917,5257.7891,4987.805004
Q5XG73_S346___1,86996.05876,64677.51251,77072.82257,89451.59606,74068.6227,77333.63585,86153.78399,107921.4304,36962.03615,30816.49486,59008.16475,51629.0018,48098.47858,29227.49645,26544.76325,32110.01511
Q5XG73_S197___1,88916.43539,85369.11022,78279.59857,85530.59518,89592.2216,82061.45783,82348.30833,82653.65763,78566.27178,79255.79196,82356.75204,54294.28768,82228.97125,61601.81597,62101.93486,64891.4488
Q5XG73_S385___1,2674398.771,2664854.676,2372601.199,2580109.589,2157463.294,2211949.569,2445094.846,2268295.772,2905669.33,4709246.08,2694396.783,2344578.05,3430234.672,3169531.454,3005988.781,3172584.454
Q5XG73_S382___1,122702.8334,141339.2977,148684.1008,158450.3197,126567.1609,129895.9486,133338.6678,135683.9401,127556.7762,193379.3389,141288.3654,120906.7517,167250.412,161826.0753,144327.5196,145051.3365
Q5XG73_S123___1,87013.95934,88672.63187,84239.10521,96033.18349,97236.66539,93148.25128,101286.0842,83468.69882,89803.15066,113316.5801,90030.3538,80048.09424,101166.9107,82999.91956,82572.69507,89805.48889
Q5XG73_S128___1,77673.15759,74478.85146,70374.27785,71695.98445,78866.08912,73104.01449,82695.7902,76344.92632,69006.37472,89936.66775,67629.51194,60402.57489,75030.12419,57706.20739,60448.95872,66614.69658
Q5XJE5_S659___1,373167.5335,386351.5497,330262.3602,363439.4936,316992.4461,460572.1962,325121.8304,348224.7979,378661.3192,289356.4587,403653.9924,361311.2379,345431.427,354625.6763,320869.1849,396700.868
Q60520_S833___1,1204383.48,1232533.488,1144600.691,1188748.089,1484043.964,1394156.216,1224372.595,1288424.441,1168680.071,1587002.723,1150775.972,1131552.535,1589713.508,1542401.11,1162534.759,1157207.398
Q60575_S1487___1,159691.8493,181979.5128,172992.6572,194961.317,152804.2907,166772.264,188706.7682,140180.7624,166684.9489,239335.0658,160795.3345,173472.8845,212648.6411,200074.5312,192103.9922,191667.2567
Q60575_S1454___1,20778.13117,29490.13224,24767.12568,24441.71709,20154.78546,24552.90873,27539.41682,26845.40652,24262.28785,20581.39798,24629.16918,29136.38044,24882.69001,27629.72595,22047.31526,26199.21733
Q60575_S1057___1,92062.13959,114555.744,95945.06837,104485.4279,101111.0662,92412.3536,105205.5572,95743.81393,107397.8639,93239.83476,92339.93656,77705.37045,120430.1786,122512.2424,82680.61541,68323.33597
Q60598_S407___1,489390.7006,560769.2861,481805.522,544702.5439,737058.0261,737760.9785,553138.6267,365524.3376,681426.1218,1099627.4,489975.5039,702434.3381,1002883.207,837791.3709,544354.8312,586828.7394
Q60668_S190___1,284243.4794,252336.3541,242974.4267,261340.0499,302193.8458,400654.0444,249305.2781,219809.6995,270583.5691,518549.8544,200975.6765,228085.2276,346073.3408,383236.9536,198333.8148,311499.8946
Q60692_S12___1,111516.47,143628.1497,128217.0326,125514.4087,143552.1229,153630.6444,149184.4242,131317.8707,126580.1795,191054.1537,93843.07198,117338.5861,152822.0012,151656.6531,112972.0205,129719.1265
Q60805_S538___1,126585.2536,106765.2158,68476.25428,61056.241,108411.2466,141978.8782,78081.77281,69689.66875,113999.7787,160634.795,51949.10715,71362.28703,137139.3984,144604.7282,60997.6008,78501.58467
Q60855_S313___1,36935.8692,40482.8666,39394.92379,45464.94519,36366.20044,38286.63373,47265.51544,38324.47019,32752.43566,33074.53545,42975.46875,41354.3203,38173.73154,48699.77522,37605.36534,44978.08954
Q60902_S610___1,306161.0959,303689.2719,321048.3529,315286.9918,307182.877,383709.5571,307822.1427,325049.6469,320375.373,426111.3223,264803.1745,276843.6954,381668.7429,327019.858,276345.2822,263106.1897
Q60902_S229___1,317746.9067,339969.6849,278119.2098,288356.7124,328631.371,279307.9404,273840.0543,265845.6237,266061.1324,363637.2546,256968.7647,217735.4909,360354.1444,363091.7069,261812.8988,238838.514
Q60932_S104___1,399925.2622,432853.0695,479107.8642,523323.0877,425618.2892,429215.9822,502773.071,440717.6332,405325.647,383329.3738,504264.2825,514413.8502,412403.3639,432419.9073,515037.5016,520138.2718
Q60953_S609___1,39041.58372,52310.63762,103106.6703,74047.08894,56642.63301,68491.69466,72988.08014,67493.26078,46816.44602,41111.6895,70323.3402,86414.31805,59845.31582,58630.43941,52306.25819,44165.81952
Q60953_S515___1,385216.0119,538290.2764,447895.6542,463169.5711,482052.864,512824.5102,453070.6711,423728.6788,524266.1551,600525.6375,407860.3889,490177.1216,658133.5481,644208.1647,434539.0151,435730.4541
Q60953_S503___1,87925.16912,97218.60904,99520.96692,113750.8715,131606.8543,143547.6954,106466.1411,90936.79031,108919.3071,134313.8038,81134.31077,102968.2598,165899.7001,137102.7856,71349.94468,78586.87342
Q60953_S17___1,17124.65111,23903.00739,32770.25247,29699.62886,21822.19276,23629.47502,34240.93461,31003.25135,19745.29061,25364.29421,31237.76425,36082.45308,27286.89538,29553.16522,31025.02274,31946.13422
Q60973_S354___1,145406.4981,204011.5009,80548.84347,112760.8342,266737.0936,256253.8731,153525.6634,77418.57628,161687.7687,294749.2543,75910.48316,105935.876,263357.7125,259258.635,88410.20825,85805.63423
Q61009_S493___1,474053.4825,303695.9075,564046.7755,511242.7864,405495.9787,628805.735,370673.7638,727991.0346,333146.0859,319878.6719,780955.0229,976650.159,330366.7454,330456.0892,446174.3641,384728.6879
Q61026_S699___1,208525.0296,170865.1202,175157.7725,158177.0257,193398.7195,251185.3923,175559.5531,174866.2317,172885.9017,298187.9538,202143.1382,155916.3764,218713.6432,193196.5898,169953.9167,200155.2133
Q61026_S565___1,83117.18008,59935.12025,73351.23325,65589.97648,65299.05084,98368.39835,61400.75369,52266.78818,73381.23943,111461.5818,63527.23273,61396.60584,88438.23789,68164.20828,60227.94322,72691.85731
Q61026_S487___1,16498.82256,12770.18373,23530.11007,16257.37626,14625.2233,18964.71166,17833.1825,16030.87857,12207.44489,14554.84605,17569.4244,14608.9567,12497.3444,13237.86856,12065.61751,14701.02576
Q61029_S288___1,31722.23989,29344.43724,23959.81084,21765.88921,36516.13819,34061.96454,24227.63103,16560.80912,24153.02075,30508.24879,19057.55975,24991.38693,39369.38726,25363.27619,20505.29543,13843.81393
Q61029_S158___1,32658.51624,23198.21428,29831.42231,22576.52171,25483.29171,28113.13575,22642.9454,22409.02098,28026.35131,24310.66867,32111.21384,39834.63912,23324.77056,23758.76743,24314.62579,22529.54482
Q61029_S67___1,960148.4659,850223.3944,812491.3565,1016589.76,1219259.099,1405708.054,734060.3711,603430.3269,993554.1999,1379169.538,732404.0848,1257367.868,1339513.51,1154549.487,696418.3316,931804.4244
Q61029_S183___1,4430666.836,4211181.175,6495585.1,6049008.717,5085911.239,5339210.419,4987909.253,4378662.638,4581078.814,4232596.349,7036032.154,8583045.176,5607795.093,5248932.169,6197008.1,4825389.383
Q61037_S1390___1,174569.0102,185365.5721,193834.7302,229112.8296,213999.1476,230466.0658,222448.4378,183505.6842,244695.3294,218278.6174,201786.7626,186389.8022,233549.286,169311.7084,201601.4051,214717.3804
Q61037_S1399___1,158808.4191,125890.0884,85610.07946,88784.01442,146587.1409,151804.6043,79690.54392,88492.69877,133999.4158,156551.671,89315.68774,65350.83568,160076.991,147020.6373,96591.78469,101429.6659
Q61081_S13___1,15430.86523,25113.86183,14195.84246,13762.70979,18214.16391,27676.66638,18414.62049,19459.25487,16579.4938,37237.00047,16332.6128,17112.96527,23794.39768,25646.85287,22701.14247,16464.51895
Q61083_S239___1,385628.3485,711046.6724,376879.2832,261552.7503,547560.4912,606291.9042,478517.7143,303242.2591,352770.8484,689692.0612,274609.6886,391552.9543,517308.0571,413260.4385,213242.7286,251344.1542
Q61083_S331___1,282799.614,373492.7451,250124.775,193977.4494,300127.8446,345424.8618,312499.8729,215873.5933,255466.7483,310673.2797,198047.9361,232059.6699,295476.1126,287519.6182,163869.5466,184566.6165
Q61103_S142___1,577480.6804,659612.6897,489616.0192,470499.4733,959314.8095,718691.3873,425862.1272,380521.553,664536.9538,602523.3532,368196.0221,395436.6473,703400.0691,550077.1204,307404.6555,267816.6114
Q61122_S401___1,100031.6925,82370.71302,114543.7391,80607.402,97456.8708,121105.3406,90449.66577,89254.00906,102021.2566,55188.13022,77146.13443,69929.63534,86519.07198,79139.09393,64278.01343,59481.66239
Q61122_S405___1,183109.6551,178087.1007,200405.1536,147062.1926,190423.0045,208714.7785,154826.9201,182819.6951,366241.5538,182867.4969,274479.8166,243324.9198,261417.9931,212142.1881,220377.4706,234960.2243
Q61136_S8___1,6898.082377,8512.275997,10669.27865,8650.224185,9463.510144,9777.844392,8718.817053,9188.726563,9282.874446,9880.368358,9425.317709,8890.672922,6266.046099,10598.73614,8833.553134,10609.06099
Q61136_S94___1,129476.2813,139681.4432,164086.5617,195219.7968,139116.7376,150359.2808,167749.5706,186339.2022,137074.3498,125695.8894,227264.4846,180317.4179,162393.2205,160910.8364,187891.3545,234099.1796
Q61142_S199___1,85544.70615,85387.117,111322.2196,128409.3626,91877.56079,121111.3092,111893.3771,91055.99689,87234.42566,83612.38098,162163.5205,109237.5655,110756.3706,86663.50886,151764.9489,174670.0586
Q61144_S30___1,78191.18009,128321.354,68393.81395,61217.3995,84609.18625,74139.84313,80325.00684,62331.22439,128138.5407,120932.174,65472.09736,55895.31471,82215.36208,70902.91713,81835.98405,62955.0683
Q61144_S43___1,19869.66801,36391.21686,19449.80998,16748.88566,23654.70948,18470.33078,21717.12746,20576.95926,33370.81884,24889.28355,13353.74495,12830.95315,21171.64488,20814.54546,20822.72423,12021.9268
Q61144_S52___1,643527.6069,1004032.599,601813.5767,525775.6801,854192.3444,808455.7517,586650.3579,541926.6488,1384285.54,1683824.112,491294.4694,506360.698,1081843.955,1037431.484,578094.2163,478069.2402
Q61146_S311___1,126328.2101,259111.2283,142014.4609,122690.9254,149691.1631,178265.1452,123447.0224,132201.0083,145926.5437,368896.0662,169658.7617,148539.7257,173333.3922,202094.3091,168682.5881,222118.7586
Q61160_S41___1,32117.54586,39915.09364,63111.47358,60461.32518,44444.4285,57333.4959,55791.07551,47211.39692,40061.48978,63802.5139,50737.09373,60962.38154,42492.66453,44788.21675,46400.32019,46569.33829
Q61165_S801___1,241887.5911,231297.686,180044.2846,182269.372,279434.3521,304568.0292,256906.0494,184901.9718,222736.2833,228294.5004,188941.8407,210102.5376,299006.931,255616.3791,202463.1264,231646.6662
Q61165_S790___1,730033.3967,636383.3778,580871.3708,597362.5697,561356.9401,668017.7671,797889.1041,707275.122,639968.6871,325626.3904,764523.3589,768097.0203,553854.7991,488484.9147,715298.5895,791634.2642
Q61165_S707___1,76477.56697,70341.26751,87970.18091,95507.59026,75029.1111,93084.06752,117166.0227,88008.39577,58011.40492,50846.57948,80433.92833,99573.07227,74500.12445,61918.72164,72146.12061,76586.42459
Q61165_S697___1,50755.59711,53385.16781,54865.05285,55638.80001,59172.08601,82516.67451,76555.32041,61089.76496,60921.92263,57947.87623,62285.61119,62243.99265,79024.96454,64229.75476,54006.59531,57390.03587
Q61171_S11___1,99192.35641,180202.6826,101643.5526,103011.8228,166577.2856,157546.1266,116691.7141,90731.34164,194858.7526,191761.1078,109819.1465,118812.3221,164421.8409,146910.9773,64297.64035,100210.4373
Q61176_S62___1,119872.1259,123890.7283,121534.6383,115846.7803,123603.8743,139026.7048,133393.9564,141709.4125,107675.852,178179.3156,110542.8596,121304.3042,148112.2088,123063.2222,106331.9636,102176.8755
Q61176_S63___1,105313.435,114233.6076,100493.773,108052.7673,116145.6664,145349.562,124484.3049,117607.3946,111702.4299,169609.104,93731.36189,121102.7903,145480.9742,134379.3064,88369.53911,91672.28001
Q61176_S163___1,1102476.969,1197404.825,916838.1444,1028538.674,1098075.325,1234839.91,995645.3144,916568.5245,993486.034,1715824.032,854815.0779,1116551.604,1393707.725,1192810.227,963510.7644,935172.3525
Q61176_S7___1,305154.2101,340031.2072,244359.236,264271.1792,326436.0932,402450.9674,272977.1387,249821.8411,308252.0947,555798.5642,228379.3011,260490.336,421483.7802,336304.8127,230996.2059,268150.2396
Q61191_S3___1,59701.79911,32515.65661,41491.20623,40170.11226,49207.94515,64766.33086,37537.00035,36076.98211,37976.44897,56130.0274,35934.18617,31636.93314,45390.41382,60880.55039,35419.18664,38631.63733
Q61191_S1516___1,81606.12742,48409.29242,42667.30274,78169.78119,78233.26376,91147.79158,56220.71421,47647.29686,63010.94375,76436.42147,57319.46175,55248.37002,56159.14155,73140.7222,65414.01452,47764.08582
Q61191_S666___1,76069.53019,47753.94217,59198.46262,68315.69511,63579.15112,100029.935,56798.62256,54347.28619,53498.06907,60352.38002,61982.27456,52377.58983,41370.21045,66850.85499,54950.15521,58630.39465
Q61194_S51___1,29391.17572,23399.11008,19616.5782,21343.20902,31188.82384,32726.52371,24658.06026,25163.90934,23999.25813,28565.63853,17091.34429,25341.27831,21439.90536,22243.70433,19422.31865,24256.70625
Q61214_S758___1,5982.628175,8575.829254,6779.8157,8988.41338,8037.464178,11227.86789,10177.39641,9106.748771,10084.06241,11597.07509,12944.24291,9185.344801,7640.488124,7290.751195,7827.369971,9905.797564
Q61216_S686___1,205937.4215,270101.7785,233085.0309,254560.746,246585.0552,267015.2504,232413.155,197953.7467,237996.2136,302838.4944,208641.1746,230313.0352,329320.0258,233999.3474,207436.5663,211410.8074
Q61216_S648___1,121470.0038,145868.421,115088.0012,122567.8947,132998.6354,150184.488,117903.039,112980.1429,133093.465,186417.0907,118291.988,114426.8877,173368.8832,144598.8829,132762.0063,100216.6505
Q61233_S5___1,124588.8025,133663.5797,147681.7278,152884.6931,159826.4673,154753.8435,170369.1376,153792.9644,132428.2201,139367.1956,133707.4375,116389.8243,134657.0352,162294.1046,113647.5611,121002.6694
Q61233_S7___1,724846.6552,720881.062,681457.2697,793168.5415,965082.8309,1072030.754,836494.5769,709017.0131,689265.7464,699236.4719,626706.1264,564894.4957,663819.397,801163.2637,586322.9124,624718.9269
Q61233_S257___1,705129.2272,787322.9998,680479.4352,801619.9963,724945.1693,772506.0391,736602.3451,636542.484,721906.8465,931332.8631,665359.315,659111.2416,785763.1159,840752.7824,609893.8805,734164.7708
Q61235_S75___1,168391.7663,196427.3454,152308.1559,169562.1579,202989.7155,143540.6376,186839.3583,161686.3958,206665.6388,163613.2288,175087.641,157406.9145,156342.7174,199706.7366,139052.1114,150266.0627
Q61235_S90___1,54418.9223,68556.28565,38858.55883,50479.14163,82674.97724,83477.27026,56149.96684,56654.48705,83650.39978,98816.79277,43886.70632,43738.81141,79820.59615,94944.17891,37735.85288,43031.81798
Q61249_S4___1,80330.56048,73608.87202,81577.02278,80432.3973,93178.01264,97768.97751,90929.4052,94918.66398,56689.78318,114319.6864,92566.40951,85841.68474,113785.6497,85784.15182,86710.54136,93906.7472
Q61285_S58___1,49852.59356,54007.36221,41983.5481,71457.85888,50087.23494,54984.17512,69803.28013,42627.47673,46694.53779,111948.5678,40746.81285,35742.23747,70665.32649,72378.17153,49061.17946,130967.26
Q61316_S415___1,62407.52165,62742.59322,77589.06345,75813.6872,79264.83677,76601.12037,90813.47011,62141.11291,71700.19636,89215.80623,77533.36686,83175.37084,91582.99024,76977.88167,69537.28654,61604.11441
Q61409_S15___1,16755.48357,19088.27584,12564.8483,12573.55469,17765.25747,21483.32206,15202.12095,16267.33756,15158.44481,15431.13871,11652.75205,10362.21206,15658.03851,13591.87053,10411.75455,11199.10531
Q61409_S296___1,19879.01769,23750.95692,27496.1353,27977.00002,19419.55687,16289.97519,30439.56388,28026.6596,18468.66001,10802.96427,37061.53111,23445.94829,16571.14676,12496.34795,21304.64913,17881.13916
Q61425_S13___1,43544.23259,49996.3207,48760.72362,47575.01447,63833.21786,50473.95076,56124.82896,50057.7938,52351.50088,30897.98608,45352.08064,43142.42312,70094.17876,44969.6596,39424.5395,32789.30737
Q61464_S1569___1,250656.1009,214960.6587,286959.8168,298358.4322,311186.9469,356757.9605,279597.2781,256429.308,234712.4709,262409.4419,230288.7896,253868.2952,370020.87,276730.2464,193537.1838,282049.8187
Q61526_S684___1,1069093.24,1056344.347,1085352.749,1050632.242,1233653.456,924910.3161,969932.7625,1176037.309,862834.8622,553477.8839,1136880.242,1064005.776,861575.6411,906802.6131,775982.391,824027.9956
Q61526_S980___1,301249.6685,265946.2364,341694.9962,369968.8753,296703.3561,275060.3005,356207.9399,419772.268,333389.7674,219753.6294,433928.79,415722.5297,274796.7242,269037.7014,352015.7171,508004.7964
Q61550_S175___1,227553.5872,212881.4975,232247.9012,282009.769,258861.6328,241171.657,263902.2296,211998.667,191287.0354,336734.4323,209000.4019,181535.7344,240914.5107,242834.7584,227694.1864,241275.5324
Q61554_S2704___1,455136.5774,1772770.923,644986.2437,766127.4552,642518.377,697912.7858,440025.328,386041.2792,672437.7692,3770386.721,624590.9058,580584.5581,560111.701,482538.4268,574129.0723,708726.746
Q61584_S435___1,96902.40713,62415.2965,95760.75678,93211.52844,81351.31093,83586.89073,95854.52854,81304.46414,91468.6643,76290.26306,99589.98721,109442.6776,80593.17561,66503.20768,110123.7471,110783.3667
Q61584_S438___1,62814.49119,57042.91654,52380.35,61664.00787,57545.00186,63489.67751,56306.15404,47798.91345,61139.64744,47296.77222,58734.39145,51583.58014,49729.45356,58013.89627,49016.80486,54230.70331
Q61586_S668___1,311741.5607,399018.3115,342784.6556,360618.4318,441771.8368,451513.0116,385984.0107,306935.4882,322377.2725,484561.4485,273445.8462,267839.6468,379331.3442,438720.9069,392277.4692,300133.0448
Q61586_S687___1,3955119.702,5168494.277,4041812.063,4026159.833,4843166.002,6522722.584,3795034.264,3594466.177,5498561.366,7780742.279,4917666.795,5068584.676,5983312.908,6448883.657,4214844.198,4197418.233
Q61586_S694___1,2375750.734,1750808.675,2529423.292,2368481.859,2293863.188,2451849.692,2472403.634,2279154.284,1428305.541,1847172.643,1862274.457,2368465.714,1845154.314,2010932.689,2135871.047,2942157.419
Q61687_S717___1,295105.9332,285586.8478,215689.1427,265713.167,347315.9501,366816.1932,261242.4818,236640.4059,307539.5249,487010.4229,242059.6834,231960.411,354922.2139,387001.695,228321.0335,262292.5649
Q61687_S719___1,28960.37077,31444.10534,20988.85389,22261.76582,34484.25169,38596.47996,21035.161,18028.00882,32700.32824,52943.47307,20670.74867,18395.42411,44395.07484,38043.52899,20263.15098,22519.00248
Q61687_S626___1,341657.7889,354452.9465,268723.6523,258957.6851,394138.336,413931.3957,260636.1967,248234.3012,382859.8515,514375.6722,280783.2487,227696.9576,419456.1643,436370.7679,251401.0104,301875.11
Q61687_S801___1,92586.03514,103798.0834,84185.23612,110945.3358,122348.3091,145616.0696,110889.7273,101739.7181,105359.5879,143772.8714,108341.9412,90257.49344,115403.7324,138348.6315,84766.14559,91411.6854
Q61687_S92___1,165270.2551,191607.5372,129175.8646,122150.6035,216865.8865,239283.4369,152189.2678,201788.0983,215424.2591,317837.0598,157911.1432,159460.8793,268963.1869,318794.1404,153579.9265,224852.133
Q61699_S810___1,33475.50163,61485.61009,35714.62219,51774.75341,34515.49585,43096.13731,43639.98843,54267.34009,40749.51155,40059.11642,41773.86366,31977.11765,59354.32901,74638.0519,36375.03655,57015.74301
Q61703_S60___1,1215898.53,1181241.113,1078573.603,1194109.059,1393114.746,1545237.364,1120265.36,1025491.421,1328536.267,2307354.373,905552.9696,1005410.357,1553839.686,1538548.298,1077019.508,1373097.748
Q61712_S477___1,57059.73858,63193.41128,88069.41259,70282.58744,51923.90514,61142.43712,61099.94247,71633.46095,58826.75244,58995.14004,97949.25295,97817.20142,71688.90981,64432.25494,76276.78712,79075.52553
Q61749_S341___1,31820.36962,33030.34736,34752.0644,39952.72741,40376.77109,47889.72886,32951.33425,29758.52117,36297.66381,62286.24814,27746.96894,32714.70509,43687.31081,27539.60519,34598.66475,34204.66251
Q61749_S21___1,28341.45343,39933.94757,33031.71388,36885.22035,35124.38804,42800.9323,43046.86773,36814.26475,24313.97913,39588.45184,26018.86945,25561.29997,39449.78225,32951.94078,25027.65757,23761.64103
Q61768_S945___1,59413.97697,52758.01019,54492.65313,55690.25589,66882.97831,53485.80129,59297.44704,53854.5512,56976.01323,39191.12351,53959.76494,53805.70312,48597.75428,47140.83649,51657.0414,51185.36572
Q61879_S1956___1,1414401.307,1736383.581,1552415.12,1356401.549,1681757.562,1800955.438,1459661.439,1345761.835,1715516.282,2100127.995,1505112.022,1586265.446,1854134.59,1836818.618,1602832.799,1569500.299
Q61879_S1975___1,16627.40687,14280.63062,13259.00821,10440.94508,16687.15125,15472.43622,16339.51396,16042.10544,17933.19602,16293.00384,11625.53437,14769.43468,17788.59376,14406.27982,13635.14937,16697.92313
Q61937_S125___1,2987610.666,2371503.451,3027560.49,2714393.254,3047308.472,3049270.688,2573312.168,2331510.437,2857537.596,2910690.334,2633625.79,2514248.959,3021283.664,2809784.956,2350741.921,2421064.123
Q61937_S4___1,994556.8808,952968.6788,890228.0602,860683.7162,1155585.478,1090682.43,876847.5361,814465.4052,1072697.34,1427382.252,897834.4345,962936.4787,1311830.147,1219820.059,915973.9229,864698.2094
Q61937_S10___1,578276.25,551161.51,511660.7258,473446.9414,630715.4676,608345.9384,508722.8404,461834.8417,577652.9264,711940.6779,467194.5257,483281.4087,711609.4709,602105.4002,482677.8885,491085.717
Q61990_S185___1,162139.203,206932.4277,190003.6822,190472.0158,185032.2491,171675.0637,153166.9488,150789.8551,169781.7608,183861.5587,179068.8032,150551.3638,229621.5159,156212.6986,166626.5152,174822.0618
Q62048_S116___1,2184296.653,2150667.945,2464986.637,2274728.907,2051100.957,1798588.325,2528477.735,2458279.769,1694404.344,1359910.5,2399091.448,2567952.048,2182815.367,1859463.04,2301021.454,2910340.885
Q62077_S1221___1,81349.35151,77035.2485,87029.46484,107551.9034,102367.4129,116755.0802,107228.3354,73463.73824,85467.88506,97118.89622,83445.90304,75765.15906,97223.46317,76298.56505,67512.29602,70545.07914
Q62093_S26___1,714881.9779,721077.6927,550643.1161,562886.5611,589617.0842,568889.8456,634758.5063,648976.3759,617064.3052,655305.1388,570988.275,569736.5966,594512.6861,695863.6898,697908.1149,764675.9793
Q62167_S131___1,231810.9642,219012.6027,247070.0697,266799.9501,248612.4275,242422.9469,242067.7029,240845.5225,321806.7468,339497.4084,336892.3719,343433.4817,305368.6864,290496.98,371105.7579,333913.6304
Q62172_S92___1,52998.69569,34833.97248,27125.33751,26215.63019,31611.36608,43408.30055,27322.3788,35142.20297,46671.44353,39401.20827,32567.3904,42764.30078,37903.1915,46556.47025,59033.66031,97652.11936
Q62188_S522___1,50484.6448,65097.68475,61950.8143,71164.70715,38459.32864,52509.8213,53098.41557,68940.34303,51753.10027,78236.08007,56276.89353,52203.89695,82256.13692,97090.32087,56751.30655,71835.87558
Q62261_S2168___1,30817.97179,23240.62081,31720.34253,37556.7642,26799.53114,27357.28551,29160.47538,27245.02963,32747.62312,23661.52577,41345.32235,43720.58027,30827.63668,27581.87864,35714.73316,40006.88379
Q62261_S2127___1,847788.4071,829677.8332,632672.8992,619159.9008,771116.7089,783755.3145,686762.7414,665008.0342,840599.4901,943905.0052,580008.1602,619893.4152,735106.282,775019.5852,541931.9195,651410.6735
Q62261_S2357___1,152390.4986,173353.382,266578.2592,159994.837,185845.6956,158294.1856,183372.2849,203068.6926,173876.2106,142489.9148,195303.0157,141512.2008,200170.5147,147687.9567,193431.1729,98992.1723
Q62313_S28___1,70995.20295,75440.30077,60337.65057,52248.1523,42987.51325,35478.32843,49025.71227,43600.62675,54442.33673,46697.40133,57547.8253,48490.92659,56184.81881,72629.72336,50551.8701,43377.92919
Q62313_S230___1,169598.8901,248744.651,150046.9764,195365.9038,225507.8994,172149.23,192787.2401,96840.97334,216778.281,246085.3778,139152.5816,133974.4288,189221.4801,218463.1096,130777.2989,138119.0043
Q62313_S210___1,407561.0445,554137.3688,399649.7975,387363.9968,413476.2771,299654.7559,456930.2939,277763.7299,397152.1511,399698.1129,401887.4346,384264.0223,341181.8281,366046.7262,347001.1314,391871.5129
Q62318_S23___1,275800.5034,324655.7975,267915.2571,328483.8797,345826.4403,428885.2221,277173.2003,285879.6138,318179.8816,433359.3147,279120.3213,317781.1958,423493.2517,373316.3009,289627.3374,311851.5899
Q62318_S594___1,35858.94874,39731.31127,31440.49344,42668.8568,43645.24016,39794.15692,34076.24727,29583.77601,46816.17758,56984.04994,28547.61377,29088.61128,47061.5984,45409.07355,36668.64584,34718.3967
Q62318_S501___1,406841.8367,795428.7026,579477.3153,578195.8551,758677.0481,565286.6022,662711.6255,517760.6681,347393.8021,438002.7332,459196.9167,358461.9109,505828.9922,312724.9812,280173.2941,188092.906
Q62318_S51___1,433496.5452,490340.6587,379758.2144,406652.1152,504817.0969,511878.5353,477194.6556,422934.8169,471281.5878,558503.4026,399634.4279,460222.6337,543382.9102,515120.0465,459558.4528,375240.1692
Q62318_S473___1,859824.7946,559601.4507,744858.2186,841832.4654,658743.004,725766.6402,830672.9924,801936.6008,509644.9867,318176.342,674561.3815,577364.3969,345692.9177,492799.2118,560936.1047,436175.2547
Q62318_S489___1,249727.7873,340881.0057,389850.8108,283693.5748,379605.9039,333624.3302,458111.2971,322825.3326,249826.9424,274091.8929,228979.9417,178926.5562,292174.8042,258552.374,194251.7508,168735.5695
Q62376_S226___1,78732.46506,103183.8554,156402.6401,137353.7295,96315.96241,102245.6017,150567.9498,157359.2535,95046.09505,105287.2322,132246.216,115604.821,121851.4031,107613.676,124512.9197,151263.4797
Q62383_S125___1,19274.01966,18922.40605,21621.93313,29560.71136,28287.4678,21759.59652,31087.75949,25859.65826,28898.18293,28496.02117,22573.32196,24719.35451,32330.32986,30245.15336,21040.5028,28858.37746
Q62383_S12___1,71623.62621,67673.2892,68578.75244,72066.21552,85353.19748,84515.91302,74504.77603,79915.68141,78202.56622,92700.50455,69304.90347,64544.6975,82098.23457,81654.27021,64987.55992,79819.55306
Q62393_S175___1,783657.4896,846124.5901,961706.9405,935414.8145,940989.6051,804148.7289,868217.915,593698.8134,666278.7518,725070.5068,1110356.599,1032173.839,1165485.179,833565.8347,792525.8349,593373.4405
Q62393_S223___1,103634.0428,109554.3407,108470.426,102482.612,118516.3361,121492.8962,113668.8654,88859.68119,99499.90228,168774.6989,125254.1456,121178.577,139996.9154,112977.0405,104686.9006,109837.851
Q62417_S185___1,76615.45959,74377.47035,132711.6519,117407.4859,76993.03426,89010.63873,120016.6396,109858.0828,75858.00174,69123.91833,101810.849,99502.27923,88517.27422,67683.42788,99922.69668,110938.0679
Q62417_S254___1,706781.16,694961.3512,760308.7825,757785.2096,636764.3387,651503.1658,986582.4003,709777.5253,489503.3058,428675.2601,817257.1252,664894.9689,560080.1976,504800.0164,541461.1294,457317.1172
Q62417_S345___1,90955.8565,82942.82406,87125.97863,97476.98475,95735.6841,96469.90189,124259.9328,100471.9636,81551.34888,111798.4714,83942.87325,91468.0183,97257.787,99985.01111,83823.94828,101129.9753
Q62417_S432___1,63906.54891,63158.26289,72492.4693,70700.96746,52131.13087,56252.17952,68412.86205,67494.8769,54687.22416,44574.38206,65879.44214,68674.73531,48989.76654,51683.92313,71191.94733,84998.07443
Q62417_S441___1,55129.22679,46131.4207,83961.42039,67344.75804,55138.03418,57746.42174,85062.18053,77830.59338,31610.63145,32010.05286,65258.5712,62853.52062,44952.73905,43011.47119,68774.56678,71290.8912
Q62417_S1209___1,16533.97006,17726.11801,15601.24994,15062.18077,11058.96288,13724.3382,19354.94214,16028.01235,14025.64302,14592.86829,14280.91353,15561.55669,19576.26569,15495.54418,14390.68271,18329.46942
Q62417_S261___1,396975.11,333724.1932,478062.2287,433492.3844,484256.1474,442421.2797,522850.8625,411852.4559,355557.3586,291835.6898,426664.138,385898.4317,324394.5132,304732.68,335438.2511,265795.3707
Q62418_S277___1,19439.94457,31162.44458,18346.78819,21525.73358,21930.96118,19882.00722,22779.31674,19761.26417,19468.55894,20780.74343,13769.83173,17518.39913,26581.31011,27286.98278,15634.09405,12659.55732
Q62419_S288___1,54479.50809,81078.33651,49732.88848,73784.29797,69771.13671,64257.03383,63388.12293,75451.60389,58517.31785,60785.51766,54917.76723,47459.22008,103702.5225,67454.18005,36627.51164,44374.94396
Q62422_S214___1,1476124.182,1452799.675,949465.8795,1334886.591,1655830.543,1698664.201,1262752.677,1138839.955,1811252.333,2255661.639,1174842.198,1224535.104,1718711.756,1645690.247,1053447.772,1358019.45
Q62433_S2___1,143552.1246,155224.74,119131.3368,100152.0139,202490.7275,203431.6543,118553.7172,91954.16183,124555.83,233494.5482,131310.7139,124529.8909,174124.7223,184402.999,128728.2512,133548.667
Q62433_S333___1,29145.54553,16174.51736,21196.79093,20380.17476,22354.20111,23664.1481,22232.73905,22053.83802,25261.93889,24666.25222,27810.47742,38145.10404,22134.12609,29204.78321,18877.59997,38210.9852
Q62448_S394___1,112375.3461,133861.765,97841.67612,131901.4408,133718.6783,148092.7647,117781.3201,99107.84585,116926.165,183162.393,99591.12632,107912.6938,136686.2407,122414.9646,92315.23107,87734.37396
Q62470_S1044___1,48576.71268,54973.62927,40189.96563,48221.89608,44465.25255,100491.8033,43107.84795,35718.10527,48941.37495,68472.90285,44041.14806,48554.87769,96216.09836,30190.89183,28576.59884,33090.14198
Q63918_S293___1,1232846.733,1407465.378,920492.7421,865662.0747,1189503.474,1470460.658,880376.6712,833416.6385,1172710.051,1532523.411,945259.7196,890178.772,1160833.868,1084798.324,859841.2046,817054.9949
Q63918_S327___1,54199.65946,51139.5659,42115.27475,32531.05251,55561.57341,74457.2417,34724.93396,25142.12561,50774.29911,50279.02375,41788.5842,38622.08929,48492.68251,51557.58732,36840.01649,34804.10981
Q63918_S359___1,604064.666,1132654.405,638887.1056,589842.5113,770398.6445,866125.147,593530.8805,505127.4904,734019.0551,903963.4397,585784.6601,532761.06,1159823.462,878868.5984,600113.2511,518547.3087
Q63918_S363___1,544989.0874,580581.6954,406216.6102,411887.2001,525582.1025,586236.4803,402044.207,320509.6683,531767.163,610008.7551,364678.7627,352898.4172,702495.8087,613545.1908,456384.1434,432236.9415
Q63ZW7_S482___1,1077982.526,1230162.365,2434033.74,2898534.461,1446114.052,1220814.453,3418999.804,2714768.103,1263110.586,1242251.542,2605376.484,2267402.486,1421910.622,1218776.009,1984819.879,3241956.655
Q63ZW7_S1400___1,17732.41642,19525.72761,40488.34577,45729.01907,27212.01949,30829.10618,55412.14674,51273.23211,21799.73906,23542.49896,39505.77916,38940.6993,24080.01044,24205.61822,28354.48543,54851.69761
Q63ZW7_S647___1,375402.3526,302020.3762,866106.4067,952707.0177,373464.6029,394116.7776,923278.2532,1219453.542,304119.7975,284704.8833,917453.4623,852893.6953,309134.301,306025.7715,613308.8391,1107474.609
Q63ZW7_S156___1,14884.295,14532.52225,33809.61437,34382.07974,18950.49611,20349.6026,39618.88347,35555.25454,13884.38204,21582.64124,30591.13275,32776.431,16531.96027,17534.33217,21601.68746,41842.9976
Q64012_S294___1,1430644.759,920074.6996,1234775.445,1526281.961,2053248.382,2313977.562,1461753.135,1620250.132,1588421.931,3006451.866,1401158.599,1657569.881,1229854.909,1412912.486,1144341.114,1636460.461
Q64012_S301___1,247564.0733,198568.9922,230230.3406,223573.3151,354393.8433,359069.9722,279062.0799,265662.2767,348540.173,421103.9407,224251.1942,203498.5008,312502.974,296767.1168,227129.2801,233263.0254
Q64012_S135___1,211856.1956,199301.8651,213542.4135,220654.8291,268414.1983,254438.8341,222005.7908,241797.5147,248193.5767,286607.7107,235571.2594,202126.4133,222856.7782,205572.469,203529.0924,223541.7926
Q64012_S270___1,72012.49861,63201.96398,98650.28692,89632.80023,92788.15271,80800.39707,92264.39502,84689.99776,83347.82618,102787.7199,93231.52456,95157.51112,81985.7449,62975.29495,93501.25016,91275.95615
Q64152_S199___1,201832.1014,155851.647,214935.0739,210515.1648,186019.0871,216337.6783,208010.9652,231994.2692,189976.2559,231708.8349,202758.4437,198013.8028,214845.9483,143432.2315,164371.6663,178217.6128
Q64152_S156___1,369959.7784,267893.3315,311798.4608,345223.4349,336315.0165,381160.3413,359317.16,336347.0439,342084.2463,433830.3434,284165.0058,351305.4534,477835.0961,368338.7257,291160.9229,357447.2315
Q64261_S319___1,839322.6717,793216.0671,809886.4081,768518.7606,826338.7964,646444.108,737955.7544,631139.8707,812719.8612,330705.7001,565332.2508,427589.6453,571172.8779,516325.6236,592694.9809,446981.1784
Q64337_S24___1,223044.754,201221.3728,184526.2435,185927.557,231813.7165,257948.3843,194881.4612,209293.6657,291107.4896,424775.1926,241164.9902,179252.7324,290959.7002,272620.6011,248679.22,202859.1697
Q64442_S206___1,193409.3547,121552.5874,165177.7404,164148.8444,164786.7804,173641.8325,190769.3876,198989.6457,173379.1946,185761.4262,168033.3822,164353.6119,165046.8266,163241.9494,149131.1207,161993.6903
Q64442_S208___1,255292.7418,224601.9472,263255.9025,267921.4033,298604.7838,312599.8603,298867.0478,280210.5981,287663.3659,327138.9733,257895.0444,268087.9113,286363.0668,255469.9291,260187.538,297635.6714
Q64446_S1450___1,168009.8764,191495.8881,180025.9594,187744.912,247190.9586,190710.2682,196695.5752,140096.6263,206389.9118,323138.2424,184719.1221,161154.6982,242278.3218,242843.1012,167237.3818,139630.2734
Q64446_S446___1,146584.7079,137202.3523,170422.2891,169658.7574,169244.4966,168494.3057,162928.0679,167599.5925,140557.9759,193818.5789,173367.7092,162637.1827,139746.2596,174495.1945,155107.4344,143066.0524
Q64459_S134___1,82329.57607,80196.78213,82870.23502,90120.16136,91997.27179,82267.45811,88033.00196,74953.6043,82833.13275,91568.8672,75349.56742,83306.67587,83033.92969,81536.78343,72384.2191,83830.59195
Q64464_S501___1,30423.84867,36518.46255,30961.10764,35642.91423,33213.77792,28787.59503,35394.6596,34920.13759,30939.62329,35316.34477,32398.97952,29823.77137,38497.50942,51009.5896,34409.3439,46226.05166
Q64511_S1537___1,23053.4034,22494.93253,21404.84755,19041.00167,24007.81546,31735.04016,25520.36503,29970.48387,25403.53899,22562.0395,30479.18977,29035.40992,34223.17427,30537.10416,22491.34689,29941.08129
Q64511_S1539___1,45661.70745,44962.68499,39995.52363,39748.83176,44574.54626,56164.63691,45037.05372,55103.75277,42997.76001,45043.21624,50715.3894,47826.9196,57466.93442,54985.1432,40708.92921,50897.97411
Q64511_S1511___1,1625396.845,1082476.637,1157950.873,1396096.321,1538893.051,2230515.152,1255228.476,1672742.761,1350935.305,2587990.093,1424724.753,2163072.447,1656920.68,1710840.643,1411030.143,1983143.767
Q64511_S1568___1,1958258.489,2168230.549,2034543.496,2083308.115,2315643.996,2311318.321,2232460.548,2082325.742,2169806.271,3014292.57,2074011.855,2170245.28,2930688.675,2507502.37,2254649.828,2394323.969
Q64511_S1453___1,707834.5973,803484.9793,673905.8638,731261.0761,868521.168,903165.2002,808384.2298,685730.1851,777075.8216,1088303.018,790222.892,742418.6686,1113281.355,1099316.331,857395.7977,942968.9098
Q64511_S1600___1,235980.9951,257076.2487,250847.8025,262839.9461,259185.2691,285160.2995,257607.2948,232474.0025,234036.3193,358866.2528,239440.1111,250900.0204,321818.434,299919.3352,254076.4731,244668.0478
Q64511_S1363___1,494078.7102,595665.3898,518476.8036,500762.5611,622321.1125,535855.9573,568363.523,522882.9779,584702.3492,795274.7999,519671.0019,480790.2019,746466.8596,643354.5389,533674.2456,489121.5552
Q64516_S83___1,48579.81409,56501.44967,52652.58953,56546.88941,67109.30905,62195.26435,59586.04341,55013.5305,61665.27405,87950.08482,57659.57375,60177.70119,68971.90606,60901.29416,58239.8938,50655.95116
Q64727_S290___1,298662.1277,300907.8692,281060.0303,287470.4616,336838.5208,378072.7433,290810.6211,320254.5449,348777.5798,334064.2599,283002.3193,289852.9857,319782.5144,319491.1864,281643.0291,318213.9822
Q64727_S346___1,23992.75709,29452.50193,19794.86701,23329.43326,21482.70213,25327.4814,22125.01275,21271.94881,23092.73351,24876.62128,19218.96456,16941.85561,26938.27113,33357.89501,18329.98877,26645.82531
Q64727_S721___1,280882.0199,311504.3434,254833.1312,313871.1368,293162.3293,347978.3659,273566.1391,267164.5535,364329.1519,365508.129,302819.778,289274.6111,309650.5585,308621.0888,301200.2547,332416.2339
Q64735_S454___1,7019254.827,5843230.569,5535608.405,4763635.189,7059139.298,7436596.089,6450911.722,5395192.331,6597431.023,4184621.423,4674986.536,5156329.999,6163787.808,5456864.916,4597833.488,3451830.629
Q64735_S477___1,407666.9843,415991.7201,260566.762,283435.4129,413904.9909,462938.5777,318554.0181,247046.1342,413493.1611,445075.4143,245615.8872,274067.075,487174.6424,430479.4798,236144.0713,268420.3371
Q65Z40_S468___1,338115.7925,283597.899,185452.9002,202823.765,370231.5109,398622.4946,271539.6634,245776.2171,318717.5025,438179.9319,180295.1842,230841.8306,369192.8689,365451.2505,193336.6389,250402.2299
Q65Z40_S77___1,1091958.238,1332300.241,1128106.705,1068084.698,1308709.45,939919.8422,1086401.965,1019425.133,1306238.361,1269718.867,948966.2706,1084579.467,1432890.088,1161674.807,846418.8702,885643.3084
Q68FE6_S748___1,140932.3894,131180.1084,156879.6652,180654.6873,156359.9601,164886.3001,232665.8659,236114.1203,161153.669,139798.6055,152119.7459,228663.8327,109656.1973,141233.095,194452.6158,192857.3911
Q68FE6_S22___1,85080.46764,69011.43081,102607.1891,124414.3681,70847.25243,77123.92437,123756.4678,113923.528,77488.39567,64683.23518,109648.7733,137959.0503,57823.92197,69670.50023,137835.5964,114013.8546
Q68FF6_S605___1,1234020.242,1514362.89,694678.9614,491811.2431,1699597.274,1373621.666,389713.9652,592881.2548,922633.6005,2013114.185,538471.6291,493987.6424,1366884.017,1437044.814,411382.2595,460958.7193
Q69Z38_S1206___1,109069.4035,188704.4535,98255.25536,71475.67303,130322.0221,88529.00885,88654.14314,62464.12183,81558.12914,109131.366,51630.62496,50453.28177,110132.8116,93667.8074,55765.47077,47884.89575
Q69ZA1_S664___1,346842.4684,316957.1699,647841.8412,582891.351,362398.9158,402691.0107,671088.9682,348451.046,395434.2197,865613.2488,583804.7438,690809.8294,447396.44,440680.5774,443434.9792,638192.7749
Q69ZA1_S384___1,66300.73687,42676.24006,122912.0877,127687.5247,52867.97698,63204.98216,138838.395,82412.85417,60804.26584,95554.24073,133033.3472,140403.133,48082.0408,53572.76065,84885.01292,140292.9095
Q69ZF3_S893___1,34653.86801,34035.41068,38342.47574,37908.52369,31798.01927,36888.07068,35775.10123,42937.06692,40504.27558,33174.18843,45639.08716,35466.99236,33904.53212,41362.69509,40586.26196,43064.42833
Q69ZH9_S515___1,18097.50503,37741.20409,27575.16347,31648.83906,31723.65131,27283.81032,24351.2722,31766.63598,26446.75251,29197.11655,28767.22517,32130.3267,25243.12359,25666.25441,26385.39669,27424.05459
Q69ZH9_S619___1,68334.44906,157702.5062,116175.1039,109041.488,92550.63567,82118.92154,102973.2961,142989.2415,88603.7894,75021.85566,110921.7376,114819.5278,84603.28193,91133.66661,125699.7597,95697.81501
Q69ZL1_S708___1,31576.12912,23087.00985,15411.0301,20162.91519,24548.09758,24639.96538,22026.33972,21295.05965,22744.17238,18845.53684,15746.53119,23766.6293,38257.99829,22031.34612,19903.19022,27419.84074
Q69ZL1_S1167___1,125203.5763,103399.7973,86826.5043,144603.5638,114676.3304,113097.6641,84954.8179,120174.5494,93988.65924,82039.77589,87437.87609,149935.0196,137268.1892,96403.09822,76719.46986,92787.35517
Q69ZL1_S557___1,204179.4588,179643.9245,134144.1378,181438.9589,192463.8746,205810.367,151703.1493,163131.7625,183572.3326,232505.6799,143025.3943,201703.4944,320607.329,204614.4325,133186.2805,181084.7901
Q69ZR2_S1538___1,135804.2282,162657.2068,116981.0232,108092.9635,188476.8688,176465.016,120311.0121,111122.1754,149059.33,221704.6793,92240.0315,110134.1498,182431.7054,174229.8544,92505.55793,75773.95556
Q69ZR2_S1777___1,247406.4097,269639.974,240140.669,327675.5481,317306.2135,331561.4207,326361.1397,206657.5701,293633.7868,365529.3422,209269.8368,259107.1449,359715.5288,345876.6859,189566.5182,247709.4937
Q69ZS7_S63___1,166421.6915,126730.3712,129091.8076,137297.8789,133371.7437,140533.8087,116858.7953,93807.62093,120611.3863,142513.486,144296.1244,133429.4694,133957.6081,113440.9989,104631.5399,104190.7232
Q69ZS7_S152___1,71815.90536,81007.77967,82240.97009,77490.6253,73770.05313,67263.00755,91595.91807,89693.85098,65182.55003,50935.16938,91003.78098,59696.3445,97176.99325,77034.78021,66347.40085,47994.26064
Q69ZX8_S379___1,24555.25061,17496.64421,23288.59881,25617.55724,23677.59319,23892.87647,25372.00988,25743.63087,19388.06419,12015.46502,22552.50432,28757.56396,18128.46986,20500.63207,27803.74035,29009.61144
Q69ZX8_S388___1,207499.6382,250594.7209,254758.301,281300.8229,235487.6255,234651.4866,328017.1974,254784.856,207967.4023,168205.982,255165.6434,234667.689,328548.4203,221853.998,254430.9623,247459.3018
Q69ZX8_S502___1,222922.4776,284792.0047,242787.3258,266633.5878,256735.563,228596.273,317186.3262,272889.1258,210644.4315,169456.3079,265251.1128,207632.2388,248519.2528,202561.3929,232281.3453,199414.8519
Q69ZX8_S503___1,67426.79202,63998.39695,63627.10718,79384.03462,67536.62429,65293.46531,67970.35388,74570.05167,63199.971,58282.85947,76524.22145,81147.25764,69369.02389,59512.09596,75583.13124,82295.45813
Q69ZX8_S277___1,7261.652587,8846.215772,9247.266522,16855.73958,8660.436744,9634.204397,13737.1241,17587.6972,6633.627636,2971.237674,15209.22569,13568.40323,7644.389219,4900.463714,12702.66544,10970.03003
Q69ZX8_S282___1,119812.7819,96281.57496,89459.03422,112197.0542,101557.2822,86172.49855,123389.7929,115761.7958,125229.4287,102520.3194,129267.7443,146401.9994,104428.0174,140154.9897,135783.4616,120162.3986
Q69ZZ6_S378___1,790736.7093,990719.4833,754980.9491,832286.5571,939045.5793,1008996.987,900772.4298,828059.0558,921048.744,1073315.678,758783.918,689350.5338,1079179.007,958886.5914,903637.9644,761249.3032
Q6A026_S1194___1,5043.284714,5095.394043,5521.645901,7666.973366,6253.476942,4038.529798,7826.124534,10300.84291,5382.67287,6256.084595,6590.507299,4555.229395,5664.497678,3676.947897,7170.593246,8118.2258
Q6A026_S1174___1,25176.25413,23015.74458,16077.2263,15359.17629,20544.11941,16991.89357,18704.41391,20232.22207,20889.85137,17998.83336,21302.52311,18417.12768,22059.32294,16413.16572,18456.21965,18959.23125
Q6A065_S443___1,215010.9204,368660.897,356872.3452,374909.5633,456457.3677,440746.6199,427605.075,320689.8673,219337.5397,677235.9719,290697.1993,255286.6944,556976.4229,388591.005,216369.6516,238487.0226
Q6A0A2_S601___1,173534.0623,235763.504,165041.086,133266.4202,162192.8903,210677.0101,148094.5637,148655.3078,177121.7405,164924.8522,163648.2238,199045.8817,176918.1094,201849.7177,169573.2327,218015.7707
Q6A0A2_S603___1,552587.8667,675026.171,625292.6296,546460.9896,512692.3538,644341.405,634854.7792,649033.8939,595885.6221,500949.315,598487.4142,710068.535,572247.4524,626338.4286,712646.2622,939724.1616
Q6A0A9_S415___1,137863.7069,148134.0555,148017.7263,166000.5716,153321.7781,159374.0475,166642.3788,181016.6842,126790.0692,105335.7576,161054.1497,135157.0144,120415.0163,104983.4031,107723.3546,105287.4124
Q6A4J8_S19___1,683767.4067,675534.6226,648854.3322,673475.3359,701010.1806,732647.5795,744660.4078,699379.9702,740868.9005,792599.2574,744457.8674,669331.6235,814274.8148,769973.5467,734930.0799,715554.6639
Q6AW69_S602___1,45332.04044,37512.43742,41029.24114,44955.34942,38095.2645,37221.78641,37321.89694,39803.6169,40602.33726,32985.47775,45219.77679,41396.48486,39083.57862,35154.74886,42044.08621,46026.85761
Q6AW69_S350___1,37584.33809,49832.61593,40436.74371,48057.25167,45831.30582,51649.50621,51626.00609,41014.10704,42792.10951,40927.08876,35395.06198,40234.70647,52375.63712,42968.71841,32651.26119,31603.60715
Q6AW69_S284___1,79522.61721,84705.65039,85242.74085,97621.89206,70142.05466,70601.3271,84112.17358,100720.96,72647.14763,66334.65407,92790.37561,69367.51345,79313.186,71804.53835,68464.84686,72339.09032
Q6AW69_S389___1,68428.77976,76366.0614,61615.63171,59900.61996,83785.89552,72394.31118,61782.35602,64225.55605,63827.96345,103464.2484,58687.74003,46184.19966,93851.22854,87830.51489,36560.73317,37861.37046
Q6DFV3_S1623___1,91505.42022,78727.3114,77026.6274,89312.82476,134455.8244,159497.3727,81629.29447,82749.38078,98145.11553,364283.7649,76309.88626,91669.85019,116204.9673,122320.3613,60587.77517,93913.28114
Q6DFV3_S917___1,40953.02071,61161.51498,34901.12507,45689.76318,65680.27049,57835.02373,50693.48927,43005.21247,42661.44927,102971.7594,34019.85313,32902.73788,69243.06912,67637.65291,30215.80595,39640.82659
Q6DFV3_S1655___1,25090.63506,17839.42082,21333.79639,19251.08808,19717.53751,24430.89766,20942.01185,21454.15796,20139.10446,41094.009,18553.44793,19008.98333,21087.15001,18198.67725,21178.22932,22499.72398
Q6DFV3_S696___1,51685.32898,57459.79002,42207.8002,37103.51347,81681.53744,76412.59916,50869.94178,43293.30358,57037.08684,185593.4097,37231.03992,37618.08294,56729.31296,72433.9774,32848.96662,33620.4316
Q6DFW4_S509___1,8213842.041,6909384.168,7296612.974,8414984.573,6674512.534,6373507.439,6592529.165,6699154.302,7169183.746,4153806.837,8171594.676,7333446.965,5823325.709,6360049.6,7885534.272,8086060.38
Q6DVA0_S507___1,293139.2702,336699.7124,310555.4061,321272.7891,261543.3313,269356.984,307611.3027,382365.084,304808.3079,208856.7383,407221.985,293355.1108,238825.9365,252290.4605,413542.0939,327304.8617
Q6GYP7_S859___1,302111.8098,401222.7554,332359.2778,282166.2932,334873.9336,193153.4833,387592.8599,744680.2154,512193.4418,222316.5555,363530.5775,402593.3142,243868.9934,294272.3961,296561.8182,315911.1787
Q6GYP7_S796___1,601045.6748,758467.3946,616242.2353,659381.4901,704920.9166,537449.923,707548.3146,1256960.474,907931.5563,588129.0651,793371.0842,709238.7207,381499.0972,485987.347,563855.7482,583954.9144
Q6KCD5_S2652___1,321123.5469,223050.186,148541.9077,215324.9238,257706.0877,211326.2243,213499.2479,207487.8463,274080.5109,278098.9939,196203.3806,222574.4325,243635.4514,270977.547,254071.2513,321600.6722
Q6KCD5_S318___1,421459.5671,403351.9515,238186.3227,307341.4428,467790.9926,354537.5403,334304.9919,278786.1983,435541.7243,460875.3679,265851.5856,291217.8237,459340.8801,414613.6085,290689.2718,325850.1759
Q6NS46_S1490___1,477817.1394,533629.5938,461527.0183,481519.9951,496862.3126,671053.3071,461302.3989,408352.4956,469551.0923,728513.2546,475131.5834,460700.4944,516589.6707,636417.7074,568192.5331,511699.553
Q6NV83_S67___1,386313.3625,342832.286,405355.3356,385967.2663,314146.7694,379835.8012,424964.9787,441626.382,367868.8162,279733.0219,366360.6745,394231.2164,264271.8416,247755.0922,363869.2414,406560.9699
Q6NVE8_S50___1,22695.56506,21285.11473,21425.02246,21945.49506,19674.73623,19925.37256,20470.54037,26649.37682,23230.11734,25977.05805,30138.14997,29551.85694,25116.15327,26696.55861,23884.85588,29190.77916
Q6NVE8_S405___1,276790.4247,297094.3087,263133.1642,255049.1295,215237.707,195847.1952,300690.913,285131.3915,256512.7307,206420.9579,343801.3437,295512.4445,247681.5625,242042.7716,386599.5942,373245.2351
Q6NVE8_S346___1,452387.5844,554245.6638,398297.9258,376839.4314,527476.7085,539409.4869,461000.6105,410355.0021,511045.8117,900910.7798,396644.0486,453589.5195,690072.2788,630435.9462,401885.4731,439284.8542
Q6NVE8_S563___1,23848.17872,29170.60423,23280.23341,26327.25187,21076.45986,21353.55312,29242.43681,24388.02704,24512.46659,32927.3406,31559.1163,30940.10041,37044.67279,33673.60029,41874.08263,51860.19888
Q6NXI6_S927___1,90659.42347,90798.17661,148150.0397,101808.8791,104248.2155,100839.6936,121243.6032,90790.69647,84254.7917,94981.29443,144871.4184,142195.5516,109765.5898,115380.9796,93708.10569,150855.5409
Q6NXI6_S633___1,344104.4029,395113.5229,387212.2305,372034.1041,516632.2712,398946.7917,463504.6168,292241.4615,357639.9591,359291.3229,518953.4164,467239.0034,404423.6388,430269.5115,321891.0207,466826.4852
Q6NZC7_S748___1,506113.5403,669223.8483,532491.4155,575748.7346,610530.7136,639389.9938,555717.9814,552295.6553,503896.4287,926683.9202,574144.139,526375.0578,683621.8426,782096.0478,576846.5252,638406.7011
Q6NZJ6_S1211___1,143614.5493,361164.5679,265850.185,263917.795,184323.0959,188893.5133,283291.7077,285521.771,106618.7735,174506.4933,125484.4922,101121.5917,149840.0819,244692.1256,130583.9165,130476.2746
Q6NZJ6_S1597___1,21141.15951,17628.21732,13561.21044,15667.58828,16827.70587,20113.79233,14025.88713,12137.44303,15278.45575,21966.45077,12906.45662,14415.64252,19590.60494,14299.69139,14081.5474,11729.53394
Q6NZJ6_S1231___1,1661901.681,1689269.787,1682525.244,1841817.151,1801999.697,1705506.423,2058941.349,1622346.416,1528651.83,1939066.236,1585575.695,1520782.282,1696604.276,1573924.116,1703969.982,1757860.191
Q6NZJ6_S1096___1,421610.2959,1001179.202,1308300.469,976019.9919,1156155.57,746944.676,1273753.436,1352616.614,434175.4928,933440.3722,437149.1727,386081.3792,430260.9858,676256.2265,471421.129,361721.479
Q6P2K6_S127___1,68543.82498,88605.46026,97443.47208,95094.28351,93383.9656,92577.25946,119638.9103,96309.09067,88406.47637,89410.59931,83112.36661,94658.9488,84851.84266,71012.44656,86828.27037,85982.53563
Q6P2L6_S457___1,50903.93032,45486.07745,31292.29155,30006.60517,48854.57819,46849.73809,42548.8115,29343.33676,38963.77359,41014.79025,32366.52324,37997.45791,45856.36272,31501.41363,37829.22543,36180.6166
Q6P4S6_S493___1,1113149.089,920456.6494,1258832.262,1270753.155,967873.8192,1073688.384,1391639.423,1442089.217,949897.3831,764464.5051,1344210.201,1305658.809,1014572.393,927854.8036,1150510.936,1129788.923
Q6P4S6_S534___1,341025.6309,282694.5047,397144.5681,389357.0399,329720.1729,375558.0736,387992.6934,386196.9279,309428.2194,466177.8506,433316.3049,467897.3543,331242.3297,370832.0492,373389.6854,441831.8405
Q6P4S6_S1160___1,110377.2011,102375.3409,176364.6511,132709.5961,87629.69866,94423.52966,149012.3042,129926.3675,112239.2054,63901.79408,189052.2958,145665.3163,87774.10855,75552.98602,165778.0569,111307.8379
Q6P4S6_S856___1,48011.57384,42000.99587,61140.34113,52972.22228,35532.84998,43302.75699,57870.59642,50471.86385,34219.67128,32126.92022,64886.75333,59989.95357,32781.30994,32817.38051,49556.67868,45443.1399
Q6P4S6_S616___1,400529.8697,338210.4917,451924.8466,625135.9929,393407.5066,523709.758,584473.5426,516650.4811,306361.1999,335154.0572,549246.8444,512626.4853,337065.5639,351425.7053,292119.9173,313994.0827
Q6P4S8_S1329___1,17982.2756,23912.08279,12201.91402,12317.97941,24317.16729,25798.96588,21691.89758,23883.15266,21774.18588,35213.16989,13698.38788,24134.67511,30040.86626,32503.43116,17640.15779,26375.27555
Q6P4T0_S1338___1,79436.91457,105391.9417,113840.8305,102528.1308,106881.8591,96013.40666,122700.9133,113689.9713,114713.8837,160345.4349,113425.4549,146916.4062,109890.4329,116907.6749,142322.724,141354.6856
Q6P4T0_S877___1,98946.69379,112802.0024,120376.2969,125277.0656,148332.1763,121752.538,118283.115,133154.5214,111524.6365,166388.6674,121116.8436,127159.8275,112609.8104,119603.0148,128757.6202,143306.2999
Q6P4T0_S1243___1,87685.65922,81123.43946,84127.12693,78707.42345,101601.2242,100183.3889,104138.9364,97223.88131,114325.5775,138600.7356,132277.8255,129074.2566,135375.3191,83016.99647,115028.0056,106300.8788
Q6P4T2_S225___1,83231.0996,82280.22247,84065.46717,93052.73409,82178.03524,95175.69263,102724.2028,73907.29449,87507.60985,77446.55322,106380.4134,93159.46562,90250.1453,86570.77087,85857.78857,95451.39485
Q6P542_S138___1,1877516.175,1731852.038,1565061.401,1715600.425,2638056.74,2556346.987,1653591.66,1439537.589,2214342.655,3082708.779,1578882.746,1690615.397,2333410.729,2340023.409,1555983.429,1457385.929
Q6P542_S90___1,91785.05388,88135.65131,105155.9942,99331.77404,93448.79035,95738.2399,102313.0849,117804.6897,98150.61486,73213.20637,101831.6153,102789.2122,97806.02068,85286.10956,105153.2253,101036.6069
Q6P542_S225___1,107096.1491,97498.36125,93432.42396,122047.2523,97445.34515,119723.9077,100833.5814,103560.2608,127145.9555,86680.33989,92771.94894,105011.1306,110182.6275,110269.6437,103417.3959,100237.0535
Q6P542_S103___1,69423.29497,70486.78055,79136.93323,97506.69224,86507.01692,102504.6811,89773.36286,84152.69797,68263.25299,100000.1499,75844.62089,84609.63468,87236.91314,78777.71075,79608.14397,70338.44653
Q6P542_S107___1,1459859.154,1284730.529,1489983.104,1254045.399,1856679.947,1795819.159,1505051.478,1365825.974,1425459.897,2288187.702,1254324.014,1283137.41,2087487.716,1798431.112,1680217.429,1231805.944
Q6P549_S132___1,48398.79707,52888.44818,54002.09348,63561.72496,45402.34663,46230.7531,57572.67389,57404.38107,59534.35362,76229.46404,59956.32806,56473.25317,51212.21945,47907.36289,48084.14697,52380.03296
Q6P5B0_S1081___1,995039.9128,1260595.227,789560.6096,582716.5412,1364272.703,1344405.561,889007.7041,797858.2589,1158549.505,1922482.795,662503.9603,885747.0786,1597925.741,1741374.217,616521.1139,612810.8868
Q6P5G6_S266___1,127950.4965,59484.21006,131699.0429,175140.4305,476721.1713,187642.2738,123944.8061,158945.8208,87357.03616,360059.9046,152408.7733,152547.2482,382645.0447,91816.62738,92287.24417,96890.62172
Q6P5H2_S894___1,188766.5891,196712.3604,94655.61689,110784.3886,176950.0357,155154.9892,131367.3447,141552.2139,84593.88381,174768.1782,104271.0294,99462.53512,228313.3382,133217.8296,100959.6376,93438.88747
Q6P5H2_S728___1,197690.1121,164529.6848,137666.4114,157055.8419,106874.116,99439.88803,152475.0622,183181.3638,85379.22321,112684.6051,194950.158,208389.9282,126343.1217,107013.3048,124897.9133,150448.8818
Q6P8I4_S119___1,7237343.164,5110658.232,4982594.621,3909528.548,8135568.258,8861066.17,5245107.296,3412254.952,6770025.322,11861249.41,4213211.866,5044038.926,6124540.072,6343256.515,4933782.095,3397795.359
Q6P9Q6_S386___1,974055.0433,1122957.099,777692.2297,929321.6492,1132984.509,1224643.262,968632.3822,821023.0771,911772.1009,1486673.684,881611.7182,825998.7061,1325826.21,1045097.284,817339.5131,865594.9681
Q6P9Q6_S1127___1,162062.6594,174777.8278,43503.93276,70206.33038,275188.6186,266157.519,111112.5627,60399.89579,484963.217,487832.1086,209248.228,222477.5582,507567.5452,323203.1671,164669.1599,169568.0883
Q6P9Q6_S1091___1,595288.4938,736608.3537,450862.6319,517483.5302,635647.3659,670434.6827,581497.9421,438913.5348,637961.5515,730730.199,477599.2126,407178.8765,729038.9656,659398.1008,450805.6234,473157.6602
Q6P9Q6_S344___1,161262.6953,163420.4529,116983.5405,133639.5153,133680.6991,112973.8292,168570.6855,140128.062,129084.6178,122259.0325,151252.5892,149493.9186,135798.9687,140651.5959,156560.5263,170163.0983
Q6P9Q6_S346___1,235382.0223,176280.2792,154463.162,197664.019,196245.4773,183856.5186,204018.3348,161548.2321,206538.6107,153566.7763,237347.2894,216562.5699,191803.4048,171566.2569,197256.4927,213383.9578
Q6P9Q6_S1190___1,329307.3843,263357.836,269040.145,314298.9822,267581.507,311531.7768,320324.2295,269965.7088,220636.6133,176874.1219,302387.3134,253715.5603,193976.4016,200755.1929,233730.477,260304.1612
Q6P9R2_S339___1,904439.4394,999074.1794,1153246.507,1096478.993,1235630.363,1145814.221,1256461.511,1112564.606,1025083.316,1865339.739,1044039.23,1123308.99,1214032.689,1305556.71,1265443.12,1342305.192
Q6PAM0_S182___1,203877.6033,228638.3839,168872.3922,186063.482,251854.428,218601.3773,165756.5972,200414.8813,194903.8653,230221.9696,186200.5352,188681.7037,217084.698,206658.7875,203918.2427,202614.585
Q6PAM0_S107___1,335248.4866,379886.4586,269345.4187,248332.8143,358992.6284,355788.4057,221551.1713,283537.8947,353022.5154,375448.3219,262920.449,244657.2422,331956.0584,346017.8771,250976.8132,275019.4326
Q6PAR5_S1085___1,89393.81133,89509.55393,110266.9419,113543.6691,100283.856,121924.5042,106645.8362,116173.6211,79669.16657,79551.64624,104717.4892,90149.37029,100612.4664,92227.83456,99216.72239,90159.76624
Q6PAR5_S1017___1,167997.8936,123775.8504,153630.336,147686.9453,143433.1605,199168.2354,140680.3681,139607.2692,147492.5572,107320.8176,189217.4063,147731.5177,117244.7378,129534.1724,130878.196,149015.1482
Q6PAR5_S740___1,94495.02693,81717.28961,121867.5117,103476.9782,94839.40127,93907.74974,98821.05167,113185.828,76878.23436,75713.6738,91080.83624,94703.92537,75036.22548,62586.07174,79789.54776,93549.62871
Q6PAR5_S746___1,67217.44021,62719.60278,79082.67067,65778.07734,71203.84138,75543.61362,66629.12098,76145.54748,59307.54205,68215.14988,79736.97544,74633.67102,51784.03393,69557.57591,59944.04485,70707.88405
Q6PAR5_S748___1,66029.58231,64692.2551,64037.04921,44223.17628,62071.54793,76067.88665,49597.51328,67726.79162,69372.38393,70707.78536,61791.67163,71928.58063,56703.70959,69427.13784,57194.74869,56111.10622
Q6PD03_S49___1,287023.5325,282846.7323,357323.8753,344225.04,265130.6915,283121.5168,344749.9189,374791.968,220541.3072,117127.0764,305881.0464,249770.5155,183996.6585,184750.9871,238166.0858,191183.2513
Q6PDG5_S347___1,316753.7495,389949.6723,300597.1877,357808.5628,385755.5726,437736.0953,332168.708,280427.5294,383095.8046,536990.9324,342390.1538,315575.2528,479428.5496,449530.2278,316367.0434,280444.7426
Q6PDG5_S283___1,38288.9751,41626.27655,44968.83405,52130.19203,40771.38934,49003.8439,54053.1492,57706.31016,50596.32692,47282.67876,51854.70548,48911.05503,50187.47199,61574.05434,50232.43733,54847.03035
Q6PDL0_S194___1,319827.7041,393732.7658,380137.1839,371968.7724,359974.9546,426793.2844,381278.3499,356942.3778,316022.8929,331579.5222,418754.5158,436124.1807,319666.6039,266606.3356,364388.5461,370511.2479
Q6PDM2_S199___1,171837.3617,317651.4019,168440.601,217255.2702,124845.3054,151572.2111,216501.1032,253765.0283,165033.3755,200066.1628,147116.2049,122847.2416,240026.5612,248275.8252,174455.3273,289881.8816
Q6PDN3_S1874___1,13615.27813,15283.39696,15713.69819,17364.09057,22583.97948,25661.30847,17629.58503,16594.69773,20143.13026,41960.37985,13555.69788,15137.97343,33556.54764,29641.85617,13273.84855,17202.45816
Q6PDQ2_S421___1,263470.482,241798.6552,163016.2002,229510.2836,261768.3462,303457.5556,187805.9859,171056.1083,268332.919,322678.309,180356.5747,197619.8802,281632.4726,272458.1781,169824.9392,195393.311
Q6PFD9_S653___1,504655.4225,505445.2255,425493.8465,498695.2483,551818.6376,613266.8868,451994.9778,469145.2766,364845.8506,561368.8183,361170.5012,364605.7469,455974.5003,509255.1001,328116.4849,323087.6837
Q6PFD9_S934___1,387345.8186,340911.2966,338733.4693,393093.7834,364571.0525,466534.1762,417767.4557,392360.7111,323494.311,489634.1238,383533.2379,399057.517,405923.3183,560075.5438,350777.6485,394929.6804
Q6PFD9_S888___1,183559.2708,188287.7822,226956.8007,228743.9595,166314.3888,183934.1235,227381.6611,251642.934,208531.6661,179274.7405,277625.4283,264585.5862,194709.8825,199974.9895,237609.2889,264824.5859
Q6PGC1_S69___1,146769.7312,135604.3969,162532.929,184225.1462,133154.6861,159481.1941,173093.5898,145128.2811,85832.27961,66247.0328,142547.4623,108010.0689,86504.99915,105587.6648,99057.14266,66922.61874
Q6PGL7_S157___1,167598.2726,193757.6275,195083.7443,209105.2816,256776.9571,263821.313,241403.4982,241535.5163,209600.5185,309173.0287,172239.8654,208888.1888,316629.6928,235919.8733,162595.8126,183596.8599
Q6PGL7_S159___1,72595.23124,72310.55719,64206.92956,75060.3054,109620.5689,165449.9455,94310.64087,89976.45997,124741.9572,133171.7396,75706.47767,88258.79232,183091.8358,110719.0211,51989.73606,53458.99585
Q6PGL7_S388___1,151435.23,203834.2483,138498.6776,160234.5685,175905.8598,196596.2183,191607.71,187648.7132,167584.7999,147848.504,162171.314,155991.0349,177890.6713,165795.7338,151356.4586,194582.3781
Q6PGL7_S768___1,187802.8048,280155.7119,199132.0689,207085.9468,300909.739,288719.4378,288826.8812,234613.6211,229314.1674,387339.4391,184838.99,221606.7018,340146.0626,323024.8751,188772.6403,221985.2817
Q6PGL7_S783___1,145531.2307,155453.9648,115271.1363,133882.7186,245034.8792,232994.891,175415.8224,125284.2222,170740.2291,299967.3304,127205.1817,170636.2061,274337.5838,189713.9229,117421.8166,141810.9324
Q6PGL7_S1067___1,76944.29522,108100.3765,63468.97111,78688.70606,145317.8917,143525.1366,94527.04822,75001.00368,139545.8636,155872.5463,69356.30047,76941.43935,179391.1281,144427.8948,57800.3091,78087.22949
Q6PGL7_S614___1,3269474.073,4366433.305,3420788.243,3783671.401,5298101.215,5226406.432,4103410.939,3618927.176,4696851.471,7727961.355,3402887.172,4037512.728,6217704.376,5372401.042,3452633.134,4289685.063
Q6PGL7_S1173___1,367431.822,447909.689,341052.4348,436796.156,696648.8785,573347.7531,523320.9271,431946.8713,453983.9273,547913.6506,336578.5958,374130.8158,541504.4845,533372.3815,289671.607,327139.4915
Q6PGL7_S873___1,194483.5515,272351.2589,188140.8867,228239.3656,348916.7322,343899.8203,291200.5156,212304.906,222303.0622,328231.8994,183274.7915,182627.9878,316740.903,246610.9028,134276.8277,141969.4049
Q6PGL7_S832___1,55159.07224,99956.53118,72399.86185,63183.97483,133786.6495,139183.4737,128095.4705,80518.04667,62710.83243,83886.99228,47766.14,49465.07887,89955.10556,73787.91267,32673.80131,28903.33208
Q6PGL7_S1333___1,211955.0408,284813.7576,175083.4268,200577.1781,373890.5603,282685.3725,257737.5131,183129.8756,440027.3766,476073.3423,229922.5929,270881.3445,500611.1016,392681.5456,183115.4938,207029.1506
Q6PGL7_S747___1,374282.505,404263.6501,353483.1041,395073.8555,470432.8898,539560.1101,452717.5309,417221.7175,384188.3949,337557.2766,338151.3219,399293.9805,386351.5327,397799.5714,316377.8852,394738.431
Q6PHU5_S819___1,68946.57821,63452.81005,102614.6949,74553.97814,67740.38035,85073.32044,88257.75967,54835.39084,68097.07658,50520.62802,96172.4026,87147.47947,70682.44633,55175.45681,96688.00436,107836.255
Q6QI06_S21___1,388134.9816,481192.0183,405960.2525,545355.4655,413708.1134,500925.4107,562044.3158,388179.2356,417514.5681,374294.3302,547030.2682,436948.4627,447063.9668,441540.557,583683.7093,520927.9418
Q6QI06_S1173___1,377813.1377,259152.6921,243143.7223,337148.5225,304488.0933,342133.5931,302821.9062,217533.2382,242853.7839,256227.3224,338599.6238,272726.903,288283.2101,234208.1075,354592.913,296454.8033
Q6QI06_S1218___1,8582.589567,9658.272416,6771.009054,11636.54026,8172.417577,7344.426205,19538.57625,8818.743473,7080.650699,5592.880212,10227.83371,8621.232999,7551.070268,5923.373794,9636.8785,10480.8607
Q6R0H7_S1091___1,120072.9453,119425.571,123031.4165,103191.6324,169713.2526,165264.0791,167239.78,157862.4922,127614.7969,305843.781,101077.6058,119298.8764,186793.4303,229540.0878,125105.6928,111579.7189
Q6R891_S100___1,319544.2966,221934.6101,257254.5589,328466.3337,329834.9344,320347.9365,256239.6955,223108.6535,275218.7567,262964.7178,265077.4874,310739.3819,310784.4971,260247.1565,235938.1912,310680.7008
Q6U7R4_S325___1,16722.44,22050.06335,18018.50581,18938.50108,17780.86841,22794.01168,19028.84819,15803.05793,15845.41401,16993.64737,18948.40656,23472.0644,21258.14375,19926.20368,32007.60407,11657.39775
Q6URW6_S1973___1,233420.1436,255317.0441,240766.4127,233957.8307,241476.4492,258596.445,222461.3072,223041.9474,210152.2935,292116.2312,219074.5334,260523.0318,292710.4527,284108.3407,330919.5824,255503.7054
Q6WVG3_S187___1,222990.5122,208537.496,198279.234,228436.7516,209765.5572,247679.6678,210404.6907,212723.9067,215684.2794,197991.6845,207536.6481,186661.8387,277638.7543,220618.6012,202944.2021,207680.7716
Q6WVG3_S202___1,168276.5646,133155.9872,146846.1342,182733.437,133723.7167,174253.1175,178777.1643,149025.9868,155676.992,118848.225,179720.2947,187685.5315,195463.9587,167777.027,166027.3473,168965.0212
Q6Y7W8_S385___1,15348.2425,13646.58306,10472.76964,11153.62899,16775.7256,18562.72609,11507.36999,10429.30478,15906.8459,18426.72405,9908.305969,12265.52221,17415.42426,16089.81876,11739.25943,13684.27304
Q6ZPE2_S1094___1,374617.2029,531477.8757,326946.4626,337817.8794,427943.4994,373902.216,529984.64,313199.5553,393330.8203,323768.5277,323799.9326,221278.0271,479140.22,321765.3989,267655.4895,154793.6858
Q6ZPF3_S1590___1,244953.8823,588698.0635,263307.2621,327457.9202,396625.9946,247933.2867,376387.2738,686920.5138,410774.6006,279585.5633,320875.9087,222403.8363,494249.1791,296172.1125,285838.1062,167101.5177
Q6ZPJ0_S791___1,20822.90999,21511.62395,17211.50193,18169.69579,28059.4822,32790.18967,21283.38275,34920.81373,29195.24811,35329.76837,15946.87152,20528.22814,31627.63151,31690.11161,21012.07465,22476.03135
Q6ZPJ0_S265___1,29354.19865,33362.27461,36307.82964,41690.11119,33037.76591,32175.87482,47058.93451,48885.21258,24406.34132,35394.03746,42439.92371,32111.66581,38995.07813,38310.27134,36984.41853,41061.95965
Q6ZPJ0_S221___1,82618.2466,203112.5531,136755.9962,130144.258,118698.211,69212.21649,154962.9009,153633.9725,87445.81751,51297.24403,131637.665,85317.98874,117048.746,81423.03025,127612.1346,85067.57099
Q6ZPJ0_S203___1,76347.69041,88606.43511,93514.91407,116729.2884,78591.10759,59719.85725,112313.4856,111290.9255,63246.66712,49221.27617,86328.6765,55204.27294,69546.62795,62577.38877,72424.50202,71982.11064
Q6ZPJ3_S836___1,461070.083,880450.2784,521216.9453,539586.7269,855759.3471,828634.4679,621769.8863,453328.9981,793744.9096,1429356.078,482076.8583,414338.1073,1141446.747,1269435.748,476588.4221,500649.6072
Q6ZPR6_S1046___1,2164459.839,2124682.586,2052593.826,1934881.368,2599212.333,2527068.553,1926094.565,1885036.823,1950437.897,2220092.811,1669925.878,1605307.913,2317185.299,2344023.363,1536302.205,1328739.923
Q6ZPR6_S1005___1,52872.84516,32356.10708,21314.83502,24548.05919,40082.68444,46080.32063,26881.46027,22660.43446,52149.25786,66104.72465,34142.35968,44456.31144,58609.98565,43745.34584,31941.09453,31523.61312
Q6ZPR6_S1202___1,44190.35427,47242.35106,52199.25733,46046.03256,62725.79288,60125.99125,52285.13821,42792.28953,38058.6777,53590.19266,44131.06078,43236.84101,38103.07312,36044.16969,26100.35126,19289.67204
Q6ZPZ3_S1104___1,305414.7962,215641.2337,312152.1121,250329.2298,257280.8431,273999.8168,707605.4604,56265.01577,277943.2046,127354.568,322088.8829,327401.4887,244673.2454,206535.5055,245369.894,237203.0378
Q6ZPZ3_S1276___1,11195186.4,7189836.835,5536409.27,6381931.475,6815494.491,8644638.404,11100754.81,916374.1702,14322696.06,16735452.36,9823094.659,11881201.22,12335967.51,9565895.831,7922440.81,8877334.763
Q6ZQ58_S1032___1,33061.34969,39156.52294,49413.92426,41295.25569,47877.88602,42950.44499,54026.88047,36973.09491,30139.26996,15130.9291,52771.86465,34879.20547,25271.18077,17544.64174,31216.77166,20981.75429
Q6ZQ58_S68___1,24886.80725,24143.44596,21868.91877,17650.51306,20958.23327,23301.513,18735.998,27854.47597,22307.14906,18785.37767,20566.44723,20666.2391,19942.42251,21312.30694,17197.56715,18857.94877
Q6ZQ58_S81___1,74686.14073,84860.88836,73151.47122,72063.12268,86358.03964,88410.18007,73523.59642,91405.36367,81969.53355,87021.58704,84084.17257,85044.58671,98908.65543,91818.61004,76408.75547,81357.07425
Q6ZQ58_S525___1,164979.1121,169865.9668,134133.4618,157323.2872,201565.5128,214042.4484,140793.3505,123761.332,175011.474,245186.0019,140081.4529,184632.692,215155.6744,212943.3251,118787.4794,131199.0588
Q6ZQ58_S604___1,461724.9355,354891.3388,311002.6733,381201.1028,431704.5357,565725.1279,361403.0987,357781.7655,423610.7959,762212.1629,379876.602,590768.6942,434337.3951,532792.6366,442791.4378,632913.5389
Q6ZQ58_S608___1,2682725.396,2863876.482,2401869.662,2734297.947,3230463.401,3068180.708,3004872.263,3200599.974,3369755.346,4238315.769,2871789.343,3473361.845,4022013.414,3921533.319,2769530.349,3049217.561
Q6ZQ58_S751___1,107059.9372,98786.02864,95910.54344,115264.0401,101166.6747,108188.539,108102.2616,87527.00219,103460.4895,107273.2801,96568.80289,103432.5342,117238.4934,117052.1279,116897.6296,133104.9913
Q6ZQ58_S828___1,452257.8822,354904.9136,216941.3248,290768.9286,473973.33,575070.0253,362555.2998,375364.6005,591252.7066,747390.6554,298737.3985,555659.8718,559866.8331,672056.2282,504610.3679,674779.8003
Q6ZQ58_S302___1,524812.1013,527536.3903,628462.3459,566658.5113,399548.8111,453466.1611,464141.0978,1109070.578,545145.66,536115.4355,573706.0392,703223.683,532585.1596,661374.1998,818414.7209,918598.0757
Q6ZQ82_S584___1,93378.64063,112603.1484,85998.60271,90368.42007,110076.4159,130459.0592,125181.0089,93737.6056,85250.45406,93774.53812,120167.7522,66803.2866,91742.25778,106861.6068,65824.04384,68206.31235
Q6ZQ88_S132___1,72400.21398,67454.23657,83643.79184,89667.70457,76923.07447,69236.81972,79065.18405,77786.93377,56230.73827,71119.63049,98674.06488,84094.26189,71589.1729,65264.94564,85425.61486,72070.2636
Q6ZQ88_S167___1,511249.8094,442574.4715,376054.9274,447812.7042,496973.3636,523329.2747,448436.733,465564.6711,487006.2937,584683.7645,390073.5148,361986.2652,559210.5404,562807.4996,358032.9874,388793.52
Q6ZQ93_S3443___1,372324.6581,300200.5001,296827.5951,297278.0931,309121.7309,338390.3153,322880.7907,246691.1897,341410.801,347528.4771,300950.725,327897.2418,359229.6201,321095.7612,329121.7623,321874.4561
Q6ZQB6_S44___1,94910.79087,84483.98684,68719.34852,80429.07065,71903.32577,67749.58456,78559.56263,90574.50845,74962.51465,78088.35667,97294.08791,94693.7353,68161.15304,71037.68535,85254.59298,85821.95726
Q6ZQH8_S1719___1,136654.1358,124568.77,105839.2495,93138.16555,127409.7154,127258.9824,99095.8147,92538.09925,129042.6311,108433.1252,102685.9875,86536.71116,130165.6798,135432.9808,108447.1692,101655.0226
Q6ZQK5_S573___1,233693.8661,278792.5815,191128.8756,244215.7095,268727.3418,275229.299,252136.3822,208259.4545,239291.4245,271050.1381,180308.6995,204151.8184,294665.8608,262114.2402,181291.3522,224032.0069
Q6ZWQ0_S4096___1,113393.4914,119776.7722,131956.908,149142.5588,141554.013,141687.1688,128408.5563,111428.0957,126526.3104,156560.4966,117615.5235,130079.4322,153551.6835,167184.0367,116377.1675,102272.3553
Q6ZWQ0_S4098___1,79457.38133,81128.66196,75815.95778,81493.84331,87009.09421,82420.52163,71693.97619,79913.24261,87921.42323,88953.38242,72174.58155,76560.72358,90056.33309,93123.32051,74259.78875,63318.14358
Q6ZWR6_S8306___1,282128.4299,408106.3531,299982.5225,226261.4695,329273.8486,318280.6832,399382.826,246000.2051,335512.8459,337665.2019,319488.4631,237034.5565,444366.6263,397764.7205,375042.5605,325741.398
Q76LS9_S103___1,109867.866,109763.1839,139178.7566,161663.3394,103342.2939,102860.9913,178432.7833,108722.5076,94885.11702,75162.76356,179955.6515,122734.6487,79792.00284,91825.82734,132401.9008,95481.80261
Q76LS9_S382___1,56377.92309,56192.09819,49679.66943,70762.7044,64224.14556,56988.38023,79511.38992,46718.57305,72313.55275,124150.4908,45375.32097,58498.52865,77652.9323,76205.82749,50112.71944,56446.13998
Q76LS9_S440___1,25261.94346,17842.40724,30007.51837,30624.17389,21134.94125,22562.89787,32604.40192,24258.98512,16125.43687,27315.20352,30465.58426,26490.99345,18138.14982,22224.42521,22011.72384,21871.97377
Q78IK4_S219___1,62945.44003,61205.14465,168543.2264,75748.30174,78662.93562,60805.12728,79334.23878,64404.31967,52334.16031,64334.99611,66715.19394,59103.58797,69493.85797,56269.68724,54327.77334,58028.6555
Q78IK4_S236___1,78988.357,74850.0947,64818.85481,58422.40548,89314.0286,70282.37728,70190.81673,82999.63552,76095.91283,106042.0672,62659.80284,67956.32534,81418.57676,67525.8526,55868.11058,73492.88969
Q78JT3_S9___1,333067.9146,400189.7848,261761.9136,332762.496,274045.9989,319498.6735,298981.819,335695.8911,411986.6876,334341.1272,300883.4757,276081.3634,397861.6836,444539.7504,288133.072,383600.8427
Q78PG9_S204___1,2777005.557,2650291.423,2193889.131,2591695.385,3313485.721,2949006.08,2537677.928,2133255.191,3246115.278,3825466.548,2428435.975,2433776.853,3359669.595,3390453.113,1977463.505,2060700.956
Q78PY7_S909___1,35569.11273,27996.37991,31858.67729,31125.20332,31767.51288,36129.18122,41333.12776,32267.20118,36531.53546,29526.53709,38482.56121,35240.62948,32453.57171,31658.52156,30896.40618,35113.5748
Q78PY7_S426___1,737812.6753,888503.7611,749242.425,659392.4697,882002.6907,965062.3193,798772.2908,562377.0156,844358.9674,1367685.341,630517.3651,725221.7458,852426.2216,1021244.01,670159.7758,715081.1474
Q78ZA7_S125___1,335326.2472,300203.3316,339210.9387,325427.7874,360241.6894,385914.7778,292025.2667,211163.5008,388637.0125,563674.252,351335.3347,294336.7892,396716.3496,394782.8117,344949.0481,362522.5165
Q7SIG6_S704___1,4346018.124,3876505.326,4875425.421,4075975.952,4257825.505,3959424.195,4732079.693,4404438.238,3608666.009,4236894.475,4765372.263,4998889.181,4510776.352,4066233.855,4873333.675,5493424.355
Q7TMQ7_S257___1,388131.199,423305.1168,280928.3765,353976.2055,487865.1766,533119.9344,475332.9405,410598.2424,561024.2936,548536.2115,595715.4471,539734.2281,581084.8606,419485.8662,391165.4965,397329.3825
Q7TMY8_S1395___1,124392.1989,119209.5303,119156.9225,105336.3753,128930.8321,150613.1357,131461.5555,153662.6732,118859.4939,176889.1942,116675.8892,114206.6972,147782.3247,142163.3769,111276.6408,124202.2674
Q7TMY8_S3818___1,257392.5843,268618.9146,274566.423,297445.1926,272508.5829,286842.3602,284955.9809,264184.865,264859.9534,257264.3297,268336.5861,279757.837,259316.3196,239393.6155,245269.0364,270796.2639
Q7TMY8_S3758___1,46404.624,45908.51861,54550.85779,52365.95137,51464.46271,52275.74074,50611.09686,53641.94203,46796.63893,47560.39834,49415.05198,50104.7636,45271.44838,35026.53521,44160.50095,49420.14878
Q7TMY8_S648___1,50549.31198,59183.36266,60163.73404,67792.20904,55232.85903,60905.47514,61159.14949,54703.13235,55932.53517,76945.51476,60476.25408,56429.50499,66616.1159,61809.34959,55334.03362,57927.50304
Q7TN29_S239___1,1100227.998,1220547.575,1111613.504,1120712.211,995532.697,1441394.933,1218732.12,1398012.082,1152866.814,1397898.282,1057125.359,1158518.442,1495912.38,1486410.756,960075.6598,1005992.828
Q7TN29_S219___1,456261.4,559429.0097,412840.4973,438219.4451,549110.6114,672860.5834,475953.5736,483236.6358,481295.8839,608480.8658,443969.9653,476465.056,780247.5415,788397.7914,412033.0603,412285.0661
Q7TN98_S99___1,323831.3964,348644.9428,286040.1042,342613.0898,351610.2234,331069.8782,338984.6592,404863.1418,373053.9745,405099.9349,416755.0203,435848.3828,484926.9223,441225.6664,382409.5027,362204.5072
Q7TNE3_S114___1,506479.0229,487051.1512,428203.4253,278735.4628,611764.7948,800359.6586,457217.2944,302588.2494,586269.3199,771556.997,372676.3482,369406.024,870094.8643,958949.7161,448881.6944,384550.976
Q7TPD0_S500___1,752908.3717,734148.7238,898479.8649,1190420.947,957439.7132,926498.9523,1175310.046,1061029.604,872242.4656,1211744.135,1240458.146,1505954.153,1074791.6,826217.7094,918541.3159,854206.2146
Q7TPE5_S305___1,486536.0544,457284.8381,646425.4028,542803.6651,714323.6722,596006.852,546607.9242,547043.7444,603077.8363,1570585.943,404523.3565,480634.0922,674257.5992,674589.3839,401156.5917,490151.2663
Q7TPE5_S156___1,271191.7024,285603.6386,237597.4071,240645.8847,357038.2506,309162.7066,244781.5449,208628.3741,390945.1334,1065408.221,198083.7762,217950.1256,431473.2826,351700.5225,215377.8336,218869.2976
Q7TPE5_S257___1,29303.1877,39017.26934,35744.38861,27970.20071,51048.5827,44395.22497,34704.43409,29424.1115,46427.88902,56062.67441,20413.3753,25530.86511,58922.54564,44400.5107,19659.49157,23681.74596
Q7TPH6_S2943___1,504770.4527,287822.5425,219005.8364,278924.779,593751.7754,447407.9808,414850.7284,311963.1579,486081.869,493244.5166,278700.4505,278156.2197,370819.7378,353564.4644,359933.1518,562699.2917
Q7TPH6_S3550___1,304010.9178,263954.1828,182340.3927,200436.3448,485409.836,395859.2555,247324.3728,194052.1945,302908.8573,459929.1906,129489.3893,128576.0279,328378.9522,250645.7067,190813.7505,236054.4354
Q7TPM1_S387___1,768424.8654,542930.535,584605.3277,751395.5965,1263834.492,1597779.045,456505.3924,351940.1016,862597.9285,628381.2873,639908.9808,636993.9917,1255712.41,928015.3496,355366.4145,574935.0907
Q7TPM1_S226___1,274128.9323,219682.0216,174367.377,150611.6706,318378.7561,375526.2091,116327.6651,82608.44161,312663.0301,499447.3954,170692.0373,172650.919,387857.8485,238157.6595,95204.93615,155979.0781
Q7TPM9_S763___1,93404.7662,89284.16943,77200.37637,91915.87658,82792.99381,90591.38893,80908.96187,61503.84702,75849.25706,98041.5453,63102.27077,66490.92756,91577.1122,87330.90789,60682.66531,54262.53875
Q7TPV4_S1253___1,94190.72417,97682.08787,97549.80115,84277.04581,74017.3518,84474.52324,88265.97604,89432.09491,89815.42711,102361.1507,126289.4922,119533.7803,107434.3995,94781.54824,140052.3133,117475.7136
Q7TQ95_S411___1,1506729.325,1795220.079,1198466.929,1425145.5,2005078.052,1762261.717,1532560.019,1303684.767,1589290.189,2077275.076,1325516.174,1230493.487,2083280.482,1455006.024,1116898.809,1084339.271
Q7TQE6_S305___1,1143263.855,1302602.489,988486.1484,1043342.343,2031690.554,1451292.016,1077964.005,837199.3417,1467293.899,1788050.864,860162.7182,810393.2064,2006682.73,1375114.114,623076.5179,618037.8846
Q7TQG1_S251___1,42530.06959,54210.91164,38293.81979,39363.47374,45829.92736,45355.26248,49907.20668,37218.65487,34858.94333,33880.56915,38235.59651,45534.76545,54633.92798,39873.38522,35072.75356,32369.95476
Q7TQG1_S992___1,198675.6679,251864.1193,229199.1979,193534.7438,273342.3868,267856.4704,229661.7331,174928.6494,183268.2627,300245.9789,185288.797,194401.8512,277162.5379,230459.8083,130460.159,125283.8175
Q7TQG1_S999___1,68611.64433,121056.0813,80043.15015,79882.8269,112894.5151,107990.2666,98717.25096,73912.73399,71512.04132,113649.2064,74307.50245,61026.46931,82888.80197,81799.21614,52441.07981,45224.48955
Q7TQG1_S1142___1,248212.242,290677.0917,248209.6253,265177.8159,401687.3248,458563.772,258299.1902,235947.7298,256295.8132,552589.8002,224396.9268,253354.4583,427047.1032,368162.7613,204236.0063,235785.9571
Q7TQG1_S443___1,103205.8308,142669.7834,126548.649,99068.37876,166135.851,151016.4346,104711.7781,85977.5531,106125.1646,149362.538,92463.03543,101603.7688,193014.443,111993.3718,85512.61509,68749.89063
Q7TQG1_S967___1,160097.9301,211883.1592,198236.8132,182364.5583,217045.2981,209149.3073,205827.8388,157453.2184,143666.5891,124063.5883,162423.3742,156458.494,215009.129,147408.3568,110814.3555,104813.8362
Q7TQG1_S901___1,210004.5974,239994.9855,217065.4032,246734.8409,218769.6026,234719.5266,208183.4084,196349.6452,183529.8181,173116.3732,214176.4511,212546.2487,247150.9218,223032.2932,213922.0807,221529.6141
Q7TQH0_S591___1,1401794.044,1242104.173,1116960.771,1205959.523,1501745.992,1495664.433,1235147.047,957668.3753,1351510.35,1599336.676,1041815.429,1116252.473,1536194.378,1547856.105,1080981.321,1223784.705
Q7TQH0_S109___1,395346.9187,404213.2337,320707.8843,422114.0902,495783.82,482324.9685,458822.6104,391066.2538,383007.3538,438656.1421,332793.8299,371856.6523,427077.2901,429781.866,339761.29,341509.8325
Q7TQH0_S556___1,72755.268,80615.53054,59034.55998,61678.24942,79208.99406,80232.73844,69162.73057,58324.57551,86974.02169,102752.1119,69991.87298,67452.32541,92416.46851,99529.81241,59822.31301,59565.33188
Q7TQH0_S236___1,81636.03469,94041.7692,68632.78855,71516.35038,93465.93397,91909.7493,79115.82453,73976.1311,76300.04415,123043.7883,68604.85783,79538.9497,95043.82957,109282.4567,60154.42563,70722.37934
Q7TQI3_S16___1,337608.2676,359235.939,319939.2373,354194.7539,413287.9143,355420.7519,345879.0663,322306.489,422438.1944,447553.0943,314700.2633,309222.094,427836.0829,412729.4477,289079.2154,312747.3769
Q7TSC1_S166___1,199306.9192,385149.0785,450333.0063,413771.5794,457826.6089,325208.3493,518439.3986,384164.6612,296417.2951,367338.4687,340449.255,239728.0772,429810.5684,250747.2311,235336.6438,147169.1187
Q7TSC1_S1145___1,262655.8925,313085.8838,373134.1271,363184.8347,431895.7063,414902.7374,422499.5515,354512.686,307185.0979,618909.0112,304184.3398,305601.1915,478812.1333,373529.9271,245313.2301,245160.4978
Q7TSC1_S761___1,12468.15147,12244.6027,12478.49878,15314.1822,18046.12721,19785.96948,17160.03882,23524.03027,22487.31198,32198.05053,26214.60773,24388.03873,25400.22057,25242.07204,17646.79398,26483.01231
Q7TSC1_S1002___1,55180.131,63958.71767,69232.68345,80794.65668,87426.86998,80086.09511,92149.52813,93597.06539,55818.88853,95873.67959,60340.97809,69459.39844,78637.26786,70432.3537,32320.18053,52093.38061
Q7TSC1_S1687___1,16192.91394,18869.66679,25377.43393,22410.28132,21656.62587,24946.65381,24391.86468,25934.86906,18749.95049,32325.18798,24607.18165,24952.20347,25479.51354,21811.74751,20830.65153,21535.66306
Q7TSC1_S454___1,110651.7118,152124.3002,141535.1002,133969.9618,132578.5435,111012.5478,163731.8994,149071.6795,143574.8411,174616.4806,142713.9595,108404.1424,157889.6823,124724.7486,93903.98307,82909.1889
Q7TSC1_S808___1,132413.8798,226709.3787,210042.0703,191107.3959,275199.3456,254327.3991,233519.9838,164609.5628,230870.0823,517848.7464,177236.603,147543.3752,282036.4688,226624.5592,132799.6051,107319.5367
Q7TSC1_S1087___1,70235.72446,67538.66427,93983.01872,89014.2971,68485.06916,81767.27203,84450.34691,110200.6775,78195.41177,152683.4811,93579.13364,127411.8301,88249.74474,122057.2942,95919.11655,151383.3718
Q7TSG2_S730___1,58935.66069,55374.29088,75413.30792,69140.89968,55442.49635,64960.42584,65129.94973,67075.95987,51669.13473,50883.64267,76457.20121,60911.41434,51482.19075,44747.25343,65563.59908,49356.75909
Q7TSG2_S530___1,85876.78103,74113.00753,114890.4458,110552.506,85343.27415,114116.3076,99216.56554,82223.01995,95074.73956,74049.9699,95849.67817,108479.2733,72552.90986,72718.62272,109237.0816,91872.79951
Q7TSH2_S912___1,21667.99494,28518.91421,18892.75404,20785.95761,27980.12848,35748.60104,18912.44092,20116.59346,22302.6113,33470.92019,17219.75282,17828.14151,39812.32903,30230.57205,16851.40581,19373.07564
Q7TSH2_S692___1,430752.9346,484782.6636,486438.3123,539685.7756,495736.6531,459382.4237,623592.6254,481671.0036,403942.5032,505737.3148,416265.4931,478097.7394,416104.4692,420189.6034,262888.6455,277822.8266
Q7TSI3_S739___1,42040.43217,32773.45374,46438.91945,47786.85855,39597.03787,43266.09121,62843.30298,47080.79466,34267.91625,27993.63556,47096.49165,42372.59255,39329.05265,43316.22319,50058.65456,41394.53704
Q7TSV4_S173___1,855013.7418,835798.3988,831456.4506,849347.2784,855663.3946,966214.9109,903879.7596,828229.0548,1057000.527,884432.9732,832638.842,814982.8024,947824.4498,977770.495,886778.0582,841196.5153
Q7TT50_S1645___1,128690.8349,189027.0434,159626.5137,197411.6579,192252.8289,183505.8509,211530.9888,159029.4011,114308.0369,158997.9831,141167.9757,112015.6192,146674.8318,132085.9287,76705.18829,60939.89814
Q7TT50_S1649___1,48037.13702,51788.77468,33566.97081,43204.05323,59490.79736,59542.8646,41774.63811,41917.47191,45538.68604,66587.63133,34776.00088,35475.57584,51667.90373,48714.41539,31355.92339,35332.54821
Q80TA6_S564___1,244873.2931,216555.7464,296210.1363,519924.872,195310.4824,164546.7137,503473.059,378353.1067,121511.0891,152112.4506,366939.372,318723.9289,248829.1786,247720.6943,417488.5542,300541.0236
Q80TH2_S849___1,66945.71411,90989.48114,74216.07079,72911.49215,63330.70902,50517.40117,84891.69095,78082.3324,55707.13765,41354.19457,85497.30659,52902.55889,54972.72882,51262.14055,65845.77618,45813.46966
Q80TH2_S712___1,453665.8263,466951.4922,410876.8789,399395.3518,475128.819,451473.8919,383488.4388,373650.9329,422814.1804,558189.2106,379520.0661,419547.3063,535258.5079,434013.2028,343168.5522,394978.8138
Q80TH2_S912___1,85367.79316,90508.10346,91449.50964,85120.77509,97325.8485,94650.35561,87504.43478,76158.86653,96980.02574,84739.2378,91278.82907,87361.46238,97785.79184,87878.66177,71614.16167,60082.96603
Q80TH2_S869___1,22610.74673,32945.5635,28667.24388,29499.42404,23181.67321,27668.41164,32815.06009,33938.56485,19593.63573,25965.36584,35098.31392,27627.97598,20987.53418,22397.91508,23892.29752,22945.2225
Q80TH2_S444___1,156989.244,161326.479,152450.7793,131109.7016,178448.4151,180009.9427,145962.0682,128187.3301,155868.7736,194917.4088,121971.7585,117022.2025,213856.0305,171728.6573,120640.7679,115865.1262
Q80TJ7_S615___1,47408.03434,76181.11835,86468.8545,96645.57374,97768.17987,159736.2393,105123.7759,79348.13419,60346.33152,247357.2979,71496.55201,42588.38967,113188.192,77706.93307,66444.14039,65998.06561
Q80TJ7_S790___1,81406.35978,143245.3779,187463.7721,218938.1825,195358.1657,316075.6528,260755.9137,163051.8869,118235.305,372804.5574,154439.6007,107707.2759,217619.6056,162651.5008,160167.1053,145083.7743
Q80TL7_S534___1,20130.01003,23302.98472,20199.90736,18077.01436,25440.33399,20270.95189,20449.80246,29279.50572,29653.53741,35353.64057,22273.10778,20590.92337,25891.98859,28639.01858,16053.40519,23800.11539
Q80TM6_S381___1,142835.3469,197521.3063,207929.6564,234005.3166,319401.8414,210474.5854,346200.2505,252049.3244,170029.6824,468155.6742,198104.675,248270.7558,235584.0013,219292.9695,158576.2838,261386.879
Q80TM6_S143___1,603833.1919,746100.4268,703172.0119,851934.4081,955098.9199,689043.4076,1208719.076,783674.7509,759153.2382,1884517.524,727525.645,843264.6862,841051.5371,867015.8227,690729.5359,1268994.41
Q80TM6_S283___1,24348.21943,44089.57298,41077.36651,62172.29214,39018.36431,26409.37679,84127.8367,65733.54736,29775.85697,54089.51505,43804.28538,47682.77112,38216.64142,46320.67071,35199.48278,86081.01988
Q80TM9_S543___1,66061.2045,75677.95416,69536.51285,67481.58352,74077.17429,85099.26604,66043.64349,73994.54478,88314.30374,94339.57197,61721.12235,50959.11725,90543.01681,85741.95968,56381.52276,69899.80068
Q80TM9_S545___1,87422.07197,77020.42926,94322.15636,62214.62602,84162.98548,94701.1467,115805.8549,143025.8094,106615.5628,114318.5437,85574.57449,77452.76265,113212.2243,100696.8523,92402.53415,98723.63531
Q80TP3_S2363___1,157283.2966,174681.0453,187427.2394,211022.9773,201209.4381,234480.4143,238926.9189,169373.3172,157337.5443,151107.7155,128052.3268,138900.82,146997.9112,152759.3305,115669.7541,105360.3042
Q80TQ2_S414___1,133013.8563,80168.89116,182173.1688,203645.5264,132975.8619,134524.5754,162188.5871,164072.582,61210.06461,117587.253,167240.4362,137813.3655,222035.8145,158450.3586,205101.7606,76992.70338
Q80TR8_S999___1,113901.314,110884.8355,110390.8331,154587.4317,142641.5758,162110.854,111986.2491,127389.1947,98872.87032,231452.1707,101966.7114,112914.1387,134209.1148,143553.0516,98098.75902,125382.1707
Q80TV8_S1193___1,279622.1122,272903.7902,334156.0868,330964.5932,296663.0415,331881.6524,358482.1021,320398.5845,274605.2964,301895.5942,287884.0328,271105.6045,338137.5185,248634.2983,330922.1753,277541.1087
Q80TV8_S548___1,50839.24435,46390.74361,58473.6893,55871.55224,43241.67357,55119.03568,58254.86353,66218.90502,39016.75224,29088.28255,39515.71512,45588.93638,39990.70124,34166.48743,66382.29958,48203.71388
Q80TV8_S1088___1,20585.03961,27348.33483,22080.84597,19792.49294,25194.11591,33247.88637,40284.7892,35897.07396,21684.32369,18544.62928,22330.19675,24720.93267,23240.22159,19553.61836,32618.58,19361.43466
Q80TV8_S794___1,456619.8306,664052.933,644577.7207,652464.726,632744.2419,599978.7159,771292.1242,599518.5366,518497.5161,351588.4056,471753.2523,426578.6308,688776.9508,404183.1764,458462.0242,214161.583
Q80U44_S884___1,203580.1751,196182.8855,234888.4258,256870.5909,258892.1718,206690.4206,290080.9717,200762.9243,166361.1185,205168.3322,177205.5304,189723.0909,237005.8915,161524.9117,155294.2974,117883.5852
Q80U49_S653___1,76314.30761,106709.3559,83806.79607,88140.40133,98530.85933,140279.3434,72201.75707,71256.33359,91579.07075,87833.53518,76454.12351,86089.82857,84666.18795,78021.03936,84344.03133,76872.15814
Q80U49_S224___1,151807.2686,264958.6964,227763.2129,210173.614,265315.9093,299285.483,187294.9655,176628.2379,176378.8072,120155.0358,164340.0851,160223.4491,197052.9446,158242.4742,133385.8612,97309.70423
Q80U49_S563___1,663900.3144,1386910.836,693923.2291,613833.9179,932619.1248,1275577.646,682419.3058,483514.5474,903445.7304,1059623.418,888431.9247,941992.7037,953347.6291,1078628.835,845688.6239,938369.3156
Q80U49_S862___1,69921.42236,129375.9467,113147.251,120885.2466,96461.14064,126349.2545,96579.55543,95773.36938,102248.3697,75230.44551,121028.8206,114570.2171,97278.90602,84218.72716,94295.05223,102787.9598
Q80U78_S710___1,165610.8508,236629.3281,155192.0453,183018.567,187928.515,180545.7492,222029.8159,204623.1177,154122.5429,279857.3167,193680.497,140957.7127,197473.0635,151557.5327,167286.4884,161781.7201
Q80U78_S124___1,120599.7076,107041.8999,95399.19516,73720.7599,161445.7739,189894.7048,111428.0881,97499.46288,120550.0587,345615.0196,97100.4516,99275.3102,184933.916,122392.106,87020.08962,83340.4553
Q80U87_S680___1,408162.6376,480429.6209,341235.8271,329024.5963,433194.5337,413383.3736,307257.6891,316322.8634,436456.5253,537406.7473,344560.3392,384253.7506,516004.2442,646258.5418,269227.1524,326966.6145
Q80U87_S681___1,730379.0542,798751.3438,625219.2031,683126.0158,809823.4043,769711.1863,635168.1387,649027.0954,738190.4863,985327.77,582850.9015,654207.5256,952018.2221,1140063.069,505141.7587,608142.3551
Q80UG5_S221___1,145657.5106,119774.6877,141678.0091,175382.2541,125978.6349,127247.4582,172909.673,181594.2184,117642.7411,76963.61632,130824.4577,115325.1487,119301.3695,111137.3592,118370.2354,106665.7435
Q80UG5_S78___1,191055.8866,188228.8617,200558.1703,206909.7878,137821.3952,147135.9994,195074.1992,217250.6564,160266.5266,114816.9798,224051.9329,196920.7613,147019.913,148166.0557,184756.9739,182296.3734
Q80UG5_S23___1,316823.153,308841.6347,327940.0408,320142.0566,316462.1798,293769.1722,452791.2158,278828.2942,262518.9371,229550.3778,313146.0905,312234.1145,362872.2202,264019.7013,285138.7001,295306.8987
Q80UM3_S854___1,209304.8117,205744.6986,206921.2613,193301.1055,382512.5199,371745.9423,218399.6619,190190.9118,331474.9678,392970.4533,218792.6021,227636.656,293701.6201,258730.4399,179375.3002,174791.991
Q80UU1_S696___1,180836.7166,152268.1819,142699.9111,139437.0714,264635.7345,221884.293,169004.5959,185170.4663,182667,202083.3863,158575.7527,185460.6666,228196.1965,190236.1293,197243.5585,187185.9774
Q80UU1_S86___1,174197.2129,163974.3145,138163.3407,147153.2017,217073.6584,215857.1164,143737.9487,139773.7038,146633.2935,92126.50421,137463.4184,138424.2502,132462.3968,139552.5102,117682.4259,115568.5997
Q80UU9_S98___1,569403.546,464656.042,539339.5175,472310.4669,505261.7134,425255.9228,544905.8937,415225.5401,604884.3365,437624.1305,438353.1362,498248.3293,426862.5289,475435.6454,518602.697,772771.7346
Q80VI1_S454___1,459533.6473,434891.5543,282595.6427,350325.1894,532380.2305,514294.5833,367026.2492,289001.203,464643.6978,836318.1244,291834.8511,293017.3497,602728.4336,518346.557,292165.1446,296269.194
Q80VP1_S500___1,32037.16969,35206.03205,42535.48576,36005.09353,43604.50388,44977.42152,33176.38451,41680.43395,31748.85295,45204.60591,38647.5288,50890.91468,33751.41083,39103.92021,25038.17198,20665.66542
Q80VP1_S418___1,295846.4568,258948.1054,290525.3411,357445.344,352263.9279,314119.4079,308455.1404,236929.7772,237819.4995,457664.2339,231446.0158,330857.2384,312239.9863,283905.6336,179276.4996,189179.7214
Q80VP1_S419___1,195638.955,189419.1768,197622.3318,243581.4441,249122.9994,293937.7423,217915.4227,147406.6552,171574.9614,363885.4884,191035.635,223526.3625,205881.4724,289159.7973,129876.2187,150745.786
Q80W47_S395___1,128410.6061,172963.1677,128753.584,128904.3092,131401.9879,148876.937,152014.2018,121213.4966,139878.4977,136794.6072,138685.6869,105006.5579,177758.688,165036.387,96510.5101,105431.4306
Q80WJ7_S297___1,2276759.41,1739975.362,1879824.265,1905933.769,2398725.012,2360451.337,2578048.704,1872071.462,1429499.154,1205127.385,1676662.275,1471029.228,1350401.176,1407049.636,1312601.862,1047347.262
Q80WJ7_S565___1,676195.9594,706311.4732,830921.335,848314.1906,722053.3858,687825.1007,944149.0073,955027.3134,613075.0695,650220.1042,913980.3596,773238.9907,593103.2287,499872.2207,779500.7431,643804.7459
Q80WJ7_S491___1,127731.2873,112938.988,115795.6817,106299.4553,126143.6315,139399.0746,133966.2533,103493.5845,122944.6762,132720.848,128267.6314,120533.6122,124249.48,99152.85364,109528.4805,95330.40554
Q80WT5_S151___1,146232.7811,179018.7114,145136.883,155163.2507,136966.8932,133746.5462,190709.9167,137934.3575,143033.0033,101859.5742,156760.2798,116050.3695,167095.8584,124276.3282,177509.4188,124105.0321
Q80X41_S376___1,178779.4674,157331.9696,154297.424,191290.4371,170142.9191,181962.9214,154185.1261,126461.2026,168725.6911,199892.0139,186975.0523,154004.7638,209443.6973,214918.4767,167442.8321,153628.2874
Q80X50_S879___1,103631.4623,82743.46266,103713.7479,99373.85154,113674.0109,88634.56002,117471.6082,114709.2267,102213.5559,73086.62244,131124.2211,93670.74837,89782.15995,77740.73632,102239.7014,61886.96998
Q80X50_S629___1,1140888.035,1012978.602,1697753.658,1619218.45,947153.9795,921742.2444,1452186.822,1475329.633,1074596.292,744015.3072,2139040.89,1818664.815,938797.144,989235.1003,2006469.599,2133408.75
Q80X50_S487___1,95269.18148,127124.1305,121821.6452,126563.7323,119414.3763,108097.0364,130409.8628,129816.6866,123445.7086,133339.1343,159887.7595,135389.9595,134409.7354,131834.4496,124849.8666,146854.7228
Q80X50_S497___1,18483.46089,23221.81824,23187.90938,21111.7287,23313.07053,24286.68082,26393.11312,25677.70748,22804.82331,21326.50362,26289.08579,25697.08036,23800.13917,23364.1164,18473.61581,23290.58101
Q80X80_S703___1,44631.24279,61059.36709,57563.23903,47799.87953,55201.19566,42539.24093,63571.08465,49683.95109,44676.74779,50913.08608,58570.78975,50376.18523,42876.4154,42392.21566,55587.59853,47262.97345
Q80X80_S662___1,121173.6093,156909.5048,140891.1734,110706.4491,106099.4371,81208.16433,139869.9892,108065.3099,115553.3795,77202.72859,125670.5824,89317.19121,96298.30862,80033.65605,139597.3023,86221.12269
Q80X80_S613___1,216365.3699,172783.2239,169687.5571,154812.2938,128011.2576,240424.269,120809.3355,186905.4387,162369.7914,365955.5439,153089.2337,364603.5887,160650.3117,243217.8057,232377.1477,643225.0046
Q80X80_S411___1,319713.4615,359956.5657,328166.0256,235474.0717,339232.6112,314989.3963,295315.6471,279585.8704,320707.0742,408498.7809,280532.9818,290354.9874,329100.6196,290374.9152,305366.9445,303510.8228
Q80X82_S1260___1,571385.2785,764152.0601,562539.0715,648566.5054,774090.3104,895209.4925,646665.5367,535787.6649,747582.8734,746744.2341,552793.8035,573753.6487,743968.6726,724465.1682,486569.0123,565472.6724
Q80X82_S1276___1,293621.6535,313376.6289,260177.3172,255878.8107,374886.539,428645.4603,282441.7679,275503.0831,366141.8036,438162.6317,265174.4419,295265.5763,372681.0941,441094.6792,301901.2633,301586.1739
Q80X90_S2478___1,29916.70058,38576.23409,31340.01731,28235.37361,43164.96521,31646.73561,30359.83063,26505.89837,28348.48863,65490.98661,22281.2137,26852.60133,37923.1082,44570.97574,27362.35832,30066.06838
Q80XA6_S119___1,456808.4779,463325.7426,537367.212,373142.3844,617649.0259,539154.3363,498366.7358,374368.2693,348782.0225,471129.4969,376489.9876,349219.9863,586667.5679,430601.7851,344587.2401,174483.8591
Q80XC6_S54___1,143942.9167,153187.4634,129006.5061,80295.59201,145058.4112,134237.5292,81542.98282,77685.16492,113865.685,134295.4907,84397.17248,78012.03837,133195.1096,138028.6765,59395.3411,69398.42311
Q80XI3_S1131___1,35959.24054,59867.98194,51152.75055,47215.51596,50165.91964,46120.61828,52451.05604,56102.81687,38733.26022,40511.84282,47099.91472,40237.82606,55939.50045,53512.3169,37874.54564,31085.73302
Q80XI3_S1132___1,88713.71898,135203.7964,99279.56943,106440.311,80691.03733,80731.59062,109633.2651,147940.9621,80025.05925,77176.28048,101589.4749,84761.24162,89750.50657,99904.87595,77481.18954,75250.07882
Q80XI3_S267___1,195713.4085,179383.2101,230917.2074,163155.7326,172726.9692,175124.4948,194540.1606,238898.7252,187683.7868,171928.939,210116.4323,215577.8221,179909.4231,182790.5602,243811.5571,266349.3585
Q80XK6_S885___1,408516.5731,399960.3995,317188.2791,362756.7814,396339.7716,369626.4006,406161.6147,324961.868,372322.4002,348475.9592,359510.0354,330621.386,331331.2296,261824.5857,324099.0866,334965.1964
Q80XK6_S496___1,66087.34797,90440.31204,116136.8491,127765.1003,80257.31938,67284.15847,147474.8008,95728.49345,50747.60525,57357.41127,113286.7206,71751.43762,63723.65262,68423.62749,98271.268,64734.44463
Q80XK6_S1533___1,41393.61704,46443.57666,42880.17912,44405.80846,58018.677,55128.87216,59583.08791,52525.72163,47122.2424,59735.15036,42899.80612,43071.74905,42114.30082,47179.21189,41226.3468,46946.75394
Q80XL6_S7___1,530868.483,496762.9993,383475.3283,449764.3145,616215.5913,584607.263,498572.3221,518743.7058,514248.4416,667022.1294,449907.2927,474496.782,610724.9172,654371.9711,399036.4361,431643.4823
Q80XL6_S212___1,415142.4734,334054.3282,384209.6188,300633.2228,553831.9892,532774.8455,381030.3104,425522.937,461542.3827,651589.1236,334447.3358,378448.4694,521266.0439,506031.5919,344157.7061,321308.8826
Q80Y55_S214___1,164331.5392,159854.5532,244637.2186,268504.0957,237742.9558,215522.7079,269218.8481,250611.4321,162885.063,231295.0798,190738.6279,211407.4789,177803.0694,208028.3547,179230.2905,153865.7362
Q80Y98_S447___1,264047.9593,354995.7737,260598.5982,275357.9526,289174.1547,376914.1971,333178.7543,419669.7341,270449.6319,272595.1735,244790.5261,249913.1468,327623.467,301059.2441,248620.4039,247141.5616
Q80YR5_S95___1,38021.17975,49327.12895,38775.95824,38034.5157,50506.53363,36748.22798,45252.41877,43191.57339,43503.30319,59513.79426,36427.91988,39611.81235,54102.08644,55838.43518,28683.53097,41997.52819
Q80YR9_S667___1,355124.4,324059.5055,385752.2886,453700.9439,411617.5323,454964.3857,411458.8961,389971.3131,301904.2031,468571.734,301952.1398,332292.1858,340804.5706,372403.1342,438287.6958,508815.6891
Q80YV2_S62___1,398426.4683,383716.4807,379237.3548,438705.5792,525261.3858,503421.0047,499396.3404,380948.1511,480864.1377,724634.0027,349005.208,376505.0648,521805.2624,695822.7405,398987.0822,424388.7431
Q80YV2_S394___1,68955.44136,87494.3644,64252.91001,58178.62877,75049.32471,89701.184,86506.51034,53001.57578,70303.06706,59432.17318,57168.54799,49654.90577,72869.75065,99191.50262,56806.64671,69611.5004
Q80YV2_S353___1,244136.2183,249304.4705,285663.5686,265681.8844,334683.0507,362760.2572,262852.7646,202608.847,191420.6102,265423.1865,175585.1629,165931.4993,237583.0564,309217.5579,138923.611,140579.271
Q80YV3_S775___1,263465.6601,219248.752,265623.3597,248435.2346,304903.4756,287739.0097,227132.2458,253670.1708,168463.7119,215228.8145,235087.336,184906.7013,211000.9954,254981.3654,146705.4897,128200.6487
Q810A7_S96___1,138348.9857,154656.3786,120697.3774,140138.8877,180430.3322,164669.899,153844.9706,122667.4613,152714.356,218353.9393,122828.0764,118881.5722,185973.79,159508.2921,123742.7207,117185.1991
Q811D0_S542___1,110923.1778,85528.16028,119419.623,115986.1051,108919.3751,96668.946,122749.1923,118848.0992,88897.40426,84226.74885,130015.7982,109557.4933,109732.7621,127901.0024,98819.55828,92084.10103
Q811D0_S586___1,158962.3097,158661.5967,180024.3206,225892.6906,237296.3312,181312.5684,220965.1059,152175.6481,140307.4757,313090.8936,164283.0577,190003.8883,166960.4338,295795.3178,175815.6728,169125.0516
Q811S7_S393___1,65121.06302,67020.02703,66092.79484,67599.33835,66766.08335,75905.62865,57922.97848,51124.62599,68144.87898,133170.5779,73192.39656,69629.60426,106388.3268,69726.78595,61419.67551,62807.34429
Q812E0_S21___1,227407.4365,208202.1683,252254.7725,161913.7228,292200.3819,282206.5589,196314.3281,159448.2683,253177.8289,301344.1582,142457.3486,237221.7518,248066.091,306910.9859,207540.8365,144329.806
Q8BFU3_S500___1,55413.54965,70665.33438,61654.93931,48728.3087,80049.38635,80088.15486,61083.7626,68919.17386,60685.87464,117871.0573,58072.14914,53454.95466,89216.7644,103761.623,51006.29963,54184.5423
Q8BFW4_S89___1,7522.136263,4620.959831,2082.847545,2397.95379,6426.585965,4991.020425,4231.627798,2245.59556,2090.715218,3872.66263,1294.435345,1648.154307,7163.588746,3359.727955,1863.04271,1356.383278
Q8BFY9_S339___1,43055.82082,31639.5177,71906.37891,56059.43702,31799.9714,33390.10115,55295.28162,55036.62581,31963.45562,22510.5178,55365.53391,44433.87452,27944.64363,27530.37473,47910.77366,35678.37151
Q8BG30_S363___1,153035.3443,175170.8515,189354.56,246851.954,203765.7958,189694.2121,253451.4755,238021.9234,173828.4442,161431.5419,199888.2044,276746.7364,165639.732,163850.3844,122647.1926,152229.8622
Q8BG32_S14___1,414745.4664,493971.9416,611969.1891,558872.818,491286.9743,506251.0235,716804.0889,598099.6997,349532.6272,409377.4412,418399.6854,281571.8819,406471.2783,362397.8545,317242.2484,198734.2993
Q8BG67_S692___1,556012.6363,1015450.878,663101.4537,716256.1157,868275.6297,664204.4099,739917.0073,573020.3916,814536.224,981553.3503,541529.8403,421455.7017,1124471.392,755373.3258,436160.3494,384538.4408
Q8BG73_S103___1,300988.9885,263705.2859,304283.6932,200087.5302,321949.5706,231040.1043,354743.3264,330370.8016,185284.8107,462785.4673,254403.8462,244249.6539,195586.4398,278224.3014,238811.5052,241605.4491
Q8BG81_S127___1,268832.0448,289024.8219,262736.5292,262571.1771,294039.6149,317414.5852,208230.6633,250389.5437,308465.4399,416862.4687,268656.4567,285938.804,297437.3684,377175.9796,222410.7684,278373.2168
Q8BGB2_S690___1,103666.5244,175276.913,134017.9607,140658.0338,124269.6508,95093.97866,133423.2722,132417.5961,127363.3772,178375.0487,124407.0943,105707.1715,165115.4716,120255.7129,119235.0553,118345.186
Q8BGC0_S455___1,64630.21036,86754.4016,32212.30887,33319.14209,59391.27765,83200.43251,45967.74756,37360.72399,106659.9512,120103.555,27380.81712,30842.04346,67877.66898,99007.26185,41134.21619,41821.97256
Q8BGC0_S724___1,990373.4676,1246890.189,687560.949,840466.0484,680745.3421,999770.5606,699029.251,705175.9935,1490384.099,616928.9622,878137.627,830743.8548,640101.3156,878077.5943,995072.6565,1056314.942
Q8BGC0_S388___1,59219.00636,115390.5102,59750.68646,80537.24601,54264.83855,68912.0822,58422.93462,65755.2628,99011.84872,40171.50968,53756.15773,46676.30173,54260.19718,65705.97329,38206.02176,34593.69288
Q8BGC0_S645___1,360641.0639,444432.6356,285735.5595,272364.4937,190028.6731,411906.491,281293.723,158603.2018,585523.0468,286880.2226,299196.6875,262991.7315,263184.5994,235626.07,363441.9846,354278.0415
Q8BGC0_S705___1,461506.5579,688835.5059,316932.676,403818.4028,450358.4892,631517.1734,383410.6234,295874.5772,851958.9626,484944.2288,304296.1173,372237.5317,381354.6138,444969.5112,334198.5059,395589.4958
Q8BGD9_S283___1,50930.47515,29599.09637,59157.6104,34062.41185,38075.66932,44232.80091,36072.03772,42096.29578,40195.77501,38648.3313,54298.11152,33740.69614,60445.56567,41873.93238,37128.73493,32401.27876
Q8BGD9_S207___1,240965.6218,217824.5126,267316.455,190490.7892,233171.9942,181690.1616,215544.5875,184936.1622,156176.5054,130982.5917,241215.2711,146934.8269,192900.3387,146023.0669,169790.3369,105055.7519
Q8BGD9_S498___1,18454.34992,19403.93146,13388.88757,11932.64313,16273.29715,19516.69316,15244.84892,14059.11536,15163.14032,26431.52986,12297.75883,12131.38392,25362.56283,33522.19649,14783.28332,19404.81699
Q8BGE6_S383___1,62339.87759,57978.97054,58762.14894,68129.39496,45180.30294,51996.16508,53875.75576,41193.54386,38322.98626,76165.16492,49767.73207,48693.18857,60967.91572,54089.06708,57868.23106,63337.00747
Q8BGQ1_S119___1,290201.2418,263841.2981,244432.5951,245267.5831,326062.5923,281839.8389,259207.8585,236028.4762,242011.4523,281450.6244,248718.7901,254007.7091,300211.2255,250267.5041,235805.7044,163008.5212
Q8BGU5_S100___1,152316.0802,132551.0913,239831.7346,331254.0046,199685.4424,182571.5631,329618.4014,203811.0983,205491.0036,276286.3043,249844.673,315626.2724,197676.6448,160449.0811,207399.3867,221673.5603
Q8BGU5_S326___1,315025.488,210762.0553,437697.0067,670567.0388,337232.6439,292831.5942,534183.9304,366863.3393,353786.0801,298446.9946,495521.6292,592218.1749,259217.9943,219130.1184,509316.4408,461716.6905
Q8BH57_S335___1,574774.3077,789001.7838,844468.4025,759356.9529,892874.8846,880712.7067,900810.0895,779159.929,817259.6768,808775.6293,778243.0075,710453.7996,876135.6518,978506.5563,784284.5499,771158.9272
Q8BH64_S438___1,2043971.655,3138647.147,1730762.423,1916081.394,2374503.261,2417770.819,1805953.784,2063856.343,2399797.615,2753445.837,1901838.837,1949654.7,2697795.065,2001196.226,2187993.46,2231664.259
Q8BH64_S468___1,839708.4825,1054432.065,731557.5671,808710.6423,812693.6196,941325.3273,575042.8897,508047.8678,913409.418,1125237.417,793671.4681,914363.686,955709.9753,911769.5737,858607.4993,769862.264
Q8BH65_S16___1,18678.10363,23252.78506,14319.90945,13771.09407,22657.53792,19178.40814,16162.79053,18240.7623,17817.57557,26693.21364,16010.44351,15251.07089,37559.4144,21857.09379,14782.95644,17365.79738
Q8BH74_S87___1,482883.3488,555463.3267,474092.5665,418547.8431,568562.002,529949.8294,421616.6144,423701.6923,544800.0607,797012.6559,403769.0318,461788.5022,659111.7768,519222.8945,474054.6558,487926.895
Q8BH74_S11___1,46022.46127,41203.03593,47319.13519,44709.90986,43200.21792,40578.30126,34066.55599,41915.08811,40456.59089,50056.00256,36420.64536,38775.53254,40483.58669,36440.34878,34881.64849,36804.38471
Q8BHD7_S134___1,36439.11023,35854.9209,34521.24263,41141.80195,37597.02653,42330.93822,32754.18671,23956.97114,29803.01829,52757.02601,27418.79648,21011.0737,37264.85414,36762.77725,20890.46934,20533.85841
Q8BHG1_S85___1,531905.1325,537216.7901,444406.9323,413184.0899,569133.2661,537583.5727,487605.1872,574469.3077,436944.4595,759498.5922,464485.2036,556998.0709,664047.8275,688689.5579,649170.368,542456.2266
Q8BHG1_S60___1,10279.80794,13414.58007,13530.47705,11325.14226,11154.79184,9282.396971,9517.668066,11195.37759,11017.29112,6867.257246,10357.74208,10003.25252,10206.7386,11938.27129,10810.95366,9387.346866
Q8BHG1_S74___1,15514.14043,16663.70207,24187.56577,20330.64557,14852.23325,14841.94578,20451.54983,28052.39592,14810.88617,13094.21311,23456.07136,26470.21867,15870.39881,13207.98088,19450.0381,20237.615
Q8BHJ9_S215___1,28637.17206,39217.83707,23244.23013,18437.31471,21852.14669,27749.40329,18149.93867,23346.84399,26568.87928,46166.8122,19425.11156,18737.64282,30835.02466,26975.44257,23713.59998,19177.01699
Q8BHL8_S153___1,539823.1009,487648.4447,577865.2037,628156.9013,467612.4963,492839.3188,594063.2221,621345.4941,614596.5106,632848.7338,807138.1696,723113.9216,522861.9512,709533.0116,682049.4685,822542.5081
Q8BHL8_S189___1,47401.34485,54579.71696,62249.24785,68453.96746,67404.52782,57229.93536,75634.40612,62112.67466,63600.98333,84859.34941,59861.0482,55471.48961,68533.89102,71589.00163,43065.4803,52163.89014
Q8BHN5_S199___1,24700.31994,46286.20431,39243.94063,29635.17501,31053.59592,52541.69583,49483.89716,49176.69715,36228.74509,39627.48102,49270.06831,61682.30275,65879.83325,39207.84341,44220.70109,53072.22034
Q8BHZ4_S1202___1,23937.79312,23781.77771,27856.48421,29157.23152,42718.12387,47513.48362,39741.81985,24310.08108,38080.72668,49812.12766,24098.75792,29682.16443,42533.05683,32026.54582,25624.26757,29717.18968
Q8BI08_S2___1,193376.0173,160599.2181,162369.0812,161162.561,161263.7435,217994.844,179436.8915,217801.7642,156411.4407,288092.3671,180246.6727,147127.7855,169816.925,218931.2495,136171.2013,163011.7524
Q8BI84_S1915___1,3440431.649,3817576.158,3957662.222,3501019.553,2564127.878,2500356.48,3440299.135,4138025.663,2725562.68,3512368.142,4637691.059,4347746.439,3156439.384,3343325.588,4431180.431,5111391.581
Q8BI84_S1733___1,45911.15069,54374.76225,46539.44877,40911.02396,35401.85224,32688.63524,49255.46257,42289.24311,34856.61129,45064.42579,34698.16995,24071.78533,34173.11095,33732.425,23390.87192,21300.12402
Q8BI84_S537___1,52677.04762,55147.93807,62504.16855,59273.38133,41806.39183,48142.90594,61438.59172,64673.31827,45618.10102,46561.69482,63737.42524,61107.58041,51500.88545,40769.66814,51271.39289,47968.26486
Q8BI84_S1705___1,333196.319,373041.3757,356384.568,386335.7625,393346.0531,405444.2309,441424.2103,310852.2619,367173.4114,547154.0506,328049.9997,352298.8767,494209.8868,462671.6672,316323.5053,323870.2098
Q8BI84_S1458___1,1004778.314,998562.9497,1204931.38,1220522.728,1118345.462,1000116.395,1402816.511,1144730.316,1223791.278,1018070.792,1202470.197,1308961.42,1126214.59,1088021.441,1179602.609,1287492.227
Q8BIK4_S936___1,338665.9995,234746.583,239308.4272,247255.3277,259740.8541,249659.6182,256409.8516,256270.7893,341496.6959,262070.7152,221107.7446,230349.2406,247118.1908,312134.0671,219694.5624,215985.7261
Q8BIK4_S178___1,166537.8399,143447.4664,109284.4854,148722.3146,174136.9629,180581.1072,137949.105,169578.5737,185398.6766,230555.8077,173419.4518,150958.5871,176286.8504,198260.2271,154199.4898,158237.2743
Q8BIQ5_S527___1,132026.4674,163020.3537,127112.5758,125360.6207,189774.1355,162646.405,126018.3099,134628.1391,125389.6724,205725.7343,151492.8495,147910.1198,151767.2425,151689.5105,122460.9331,125171.8457
Q8BJ05_S309___1,16458.34602,24742.52157,12268.89042,14066.9258,21478.31737,19076.41799,19309.54782,16690.72261,14165.46799,31098.91015,14972.74444,10386.76992,12617.78403,13376.95015,8679.468828,12866.24228
Q8BJ05_S85___1,113555.8032,156351.9006,110251.1715,106607.4221,150301.0274,138663.0016,132119.7938,92558.9117,135542.1072,282362.2286,101274.5312,81174.41646,133258.8309,149550.7506,83796.57355,106736.8992
Q8BJ34_S1091___1,138509.2278,115978.4881,247352.6652,231453.6726,122400.6903,236645.3969,231233.7549,335459.2856,162613.1288,47949.71616,231365.8827,218769.2278,116722.4529,210043.3147,187868.8541,203928.9668
Q8BK03_S224___1,61385.04681,44261.87501,72854.23355,40055.10079,50183.27164,56988.08044,47182.54185,60775.95931,75206.39591,77153.98589,85495.0174,112874.9136,74056.1861,70017.52773,89242.09983,77567.52715
Q8BK03_S228___1,46862.91929,32476.0016,69726.55513,47276.29246,63525.61088,63732.05451,49581.46895,59571.12137,61462.08565,70802.60204,58937.16086,96269.74191,67892.08056,69759.00908,68819.22508,63474.73688
Q8BK03_S276___1,138080.8014,132948.7808,233900.2845,148942.9505,180297.3996,195724.9223,194191.1208,181014.4793,154101.6413,309746.1375,177325.0249,237045.7079,273304.0258,163098.5445,170072.2967,140508.7038
Q8BK48_S552___1,87750.53175,68988.54249,88679.93824,66968.44831,77235.86831,80126.41446,76402.39878,85818.44484,83396.14964,74545.39957,72490.03545,80633.60875,108209.7609,83753.98147,74138.89066,66072.41717
Q8BKC5_S827___1,55945.32982,62881.57385,57513.06133,57114.76295,64756.39649,68868.47058,59724.67863,76375.08984,55384.82512,69480.56825,56377.12276,58444.98509,66372.02518,61387.24123,49394.43755,60286.98419
Q8BKC8_S413___1,198529.5882,236789.0983,130215.0612,152811.4805,203401.3156,172244.2272,181236.4265,149459.311,209740.4205,172886.375,148289.492,93768.01689,200110.6564,192820.5052,124769.0461,124010.0178
Q8BKI2_S913___1,25218.63497,29219.44634,23416.88946,29509.88904,37361.83836,45267.69155,28010.91253,21417.3876,37440.52965,56091.22565,25788.77716,25228.25969,39797.09268,40347.17809,26398.3738,24303.6854
Q8BKI2_S1793___1,103300.9461,143256.6989,115018.3495,133537.6136,159065.2188,155243.1275,131486.3774,99083.28357,95202.67184,228070.6986,102717.8185,85550.00759,149726.1693,113063.0319,92546.57609,95064.20147
Q8BKX1_S367___1,50837.19913,75254.61171,69568.6752,69559.52746,67034.81738,64941.6186,71192.64778,81517.86594,54116.60411,40866.57805,66908.3571,48269.87238,77867.88185,51877.23004,40782.42455,27409.14181
Q8BL66_S52___1,128048.0541,121568.1594,147798.049,172252.5279,166617.3477,205012.9002,157487.4845,135286.7117,120738.6968,196853.6275,144181.6971,184188.5878,145848.9193,148653.2423,92463.07963,140060.1751
Q8BLK9_S634___1,122442.7968,119586.4428,108496.4845,100702.1632,78933.79354,135766.5235,105958.2405,93077.7891,93529.45674,158262.5655,103065.5873,99433.87117,98836.35191,164161.9426,126248.3263,102412.8231
Q8BLK9_S658___1,780755.6872,663062.2537,757752.0048,881591.1908,473555.5488,897238.5311,817801.3986,736290.7664,683632.5373,823951.041,915024.6232,934497.3912,599584.36,956342.3119,788708.4096,767624.9053
Q8BLK9_S661___1,466934.2099,405264.7799,440137.3993,466136.4367,290529.9564,568070.7093,467527.9355,394664.6109,449669.61,554036.188,524685.9781,469996.2852,396643.8713,558571.528,638199.3486,574841.1213
Q8BLK9_S281___1,499640.7008,500061.4771,403563.7299,448311.2756,313573.6239,534605.2419,470358.3014,411992.0847,409617.1032,527329.6834,439765.3042,420010.3184,379332.6885,475017.7009,453345.5575,437674.6783
Q8BMA6_S625___1,120530.1442,88606.03803,86416.36821,98220.97618,111785.8414,135362.9359,97450.69945,85381.11622,122414.435,130834.4024,91266.42787,100561.7509,108022.516,114310.994,97483.18438,108109.8954
Q8BMI0_S746___1,34724.71517,35467.43286,49954.3591,44875.22475,22889.34716,37808.8592,41072.12416,50726.47291,27102.0703,23990.71599,44949.98577,46880.19959,27708.37396,24668.46902,48485.0031,78118.28447
Q8BML9_S70___1,90285.58772,70926.4151,70538.22327,83403.00656,77812.20052,102767.6079,70567.44392,63858.60238,123299.9671,120052.6017,74915.43515,65143.89238,122546.9424,112939.3489,79829.40982,89362.5448
Q8BMQ2_S17___1,8995.735331,10544.57747,6927.7887,10680.39082,13953.51796,17814.89829,11185.69531,10326.10337,15730.82107,16092.19721,7444.927251,13103.69205,14357.59556,16755.42894,8093.776833,10742.13309
Q8BMQ2_S607___1,823404.9945,965236.4265,891906.6719,1026081.985,1475187.293,2015130.632,1116148.897,913048.1923,1181986.881,2162500.188,875902.0277,998805.4891,1630523.117,1635353.338,751380.1661,1065745.758
Q8BMS1_S643___1,227126.0587,199190.3651,217671.8971,215477.8183,171539.8627,212549.7252,235366.6041,250287.1134,200310.8621,175027.2494,244081.9023,235793.1673,181391.0563,212045.3422,248280.1536,254379.5646
Q8BP27_S67___1,480140.3586,322325.6399,351758.7956,399486.4807,389196.5189,435762.3862,388867.099,431042.3978,404739.5228,400761.9368,441277.1175,490519.4538,343334.2213,417785.4108,359524.675,387410.6485
Q8BPM0_S1026___1,102160.1196,103281.7563,80673.33368,68444.32188,113940.1507,124884.1219,96476.91658,75103.97028,107988.7705,180661.4509,73367.75812,83436.74625,121438.4658,134767.2711,80253.98076,105088.6497
Q8BPM2_S433___1,127187.9463,158502.7427,203787.3426,214358.1829,141707.4046,99579.5882,202041.7286,289350.5896,105363.7463,119079.4718,179755.2073,167673.4263,113356.9736,80020.36673,179753.1695,189296.1845
Q8BPM2_S335___1,138986.3919,250551.6381,226287.6699,244221.2286,256566.1581,145133.8362,228737.1127,307133.8887,148641.4301,323812.189,159405.4864,177100.8648,203746.3507,146834.4744,234737.9344,299598.9942
Q8BQ47_S64___1,148603.1143,164743.0367,300574.9994,166538.5626,162885.3006,168359.2652,269844.2068,283405.8143,130048.2726,166555.3671,240053.9536,276329.1146,198078.7717,164788.4411,249607.7463,189516.7859
Q8BQM4_S144___1,120080.1947,147002.8582,117668.3311,93141.04802,123853.7299,133562.7232,148968.8272,127243.9239,128033.0262,134956.4164,105641.8192,108101.8059,118608.7706,153960.0795,106400.888,108393.9955
Q8BQM4_S15___1,173399.0377,277659.0498,209030.3622,158822.9552,222685.6698,234063.2374,208096.0578,155987.3266,261030.0009,416569.2626,220008.6884,226285.7278,271891.6805,352597.3701,169179.14,162318.052
Q8BRF7_S300___1,222416.8118,234572.6794,241094.098,209330.5482,203283.1497,213947.3638,235089.4767,277846.1717,203340.8014,158108.7777,278103.4088,225286.6134,204487.8952,182217.3537,254107.4672,255338.9682
Q8BRK8_S377___1,290252.2633,139067.9761,182125.4132,205882.8067,125888.5045,193867.5974,211540.1071,187077.5867,245634.6425,177649.0501,312812.9964,280650.731,169698.7218,138949.8237,302534.7127,313156.1267
Q8BRT1_S20___1,72779.41434,73385.51845,94829.71189,91657.09587,88608.71597,84792.57945,96443.69096,84226.77416,78113.17036,73962.50424,96573.57521,94842.09807,74773.81112,77189.47276,104065.9063,94512.02416
Q8BRT1_S376___1,24698.95373,30387.96422,27255.8495,27169.42998,28493.26757,27880.20181,36338.66604,32972.17086,28808.70144,20656.09795,31649.34461,31316.98644,37540.91498,35046.95099,27181.27908,27628.38053
Q8BRT1_S333___1,81278.08806,114392.474,106766.7589,116675.4167,107215.6139,117630.2912,105010.3419,124110.1561,97346.40112,94414.08405,108048.8892,111757.2838,134864.5571,139490.2938,128838.6441,139018.3277
Q8BSE0_S51___1,137612.1318,142486.1658,150606.9612,143992.7691,169353.3184,172105.4,202690.8356,156437.0693,133543.3503,197270.4267,144812.2399,134177.2205,181750.6539,145256.2464,143243.3721,134492.9636
Q8BSE0_S142___1,71497.61793,76740.82521,52989.10115,71200.81954,82838.68336,83748.50935,78864.69013,68562.75455,64758.38386,126205.3273,58901.48502,68015.98605,89833.97003,69250.932,60938.17278,66490.71002
Q8BSM7_S398___1,510327.6669,513097.3623,489515.4703,472867.3149,761524.0908,591326.1728,491404.4677,412361.4813,607462.0467,827346.1298,461578.0423,482340.1273,638663.4805,536617.5261,390347.44,344197.8944
Q8BSM7_S265___1,521828.2297,444454.8785,387137.4607,363378.397,730671.5982,568227.4047,409659.5293,353923.5382,488391.1182,960925.9457,329761.7097,414035.6181,599421.2345,507060.2712,286730.0455,274420.2042
Q8BSM7_S267___1,501445.0948,427153.582,376359.5963,350840.4336,704709.8517,551228.5344,392665.5013,337513.5236,467050.1311,944035.8983,318126.9159,393216.1892,586712.9251,493999.1161,271000.1483,261203.112
Q8BSQ9_S498___1,75332.46541,91366.61691,74828.91168,83371.86684,117272.1362,95752.43414,97233.03976,88791.16737,86111.31083,85083.12736,120569.6646,109779.5007,93309.35912,86347.15541,76396.0847,122937.9361
Q8BSQ9_S39___1,68361.7422,71404.60183,71619.83366,85135.65774,100028.8636,90445.22917,81206.68667,81764.17977,51551.25178,95761.71045,88827.3164,70051.88048,104124.9991,76049.93262,63671.01103,83569.67458
Q8BTI8_S1269___1,744015.8995,740958.7573,620198.7326,745550.5232,863904.3334,1052669.973,910002.3827,641276.5238,945042.5593,1168080.137,672471.1413,687933.3386,1121243.379,901304.9666,646330.4372,748121.4743
Q8BTI8_S1276___1,54386.97147,59311.43773,32359.9909,41370.32987,75391.75241,77477.34717,33311.45888,32003.34666,76923.75139,96008.2374,39064.05703,35174.73684,86828.6239,77752.36741,33186.47151,32821.85028
Q8BTI8_S1278___1,3333337.95,3803554.001,3154035.494,3472867.488,4626472.976,5210005.514,3766094.964,2756097.31,4459521.735,6218284.876,3181667.51,3563771.414,5497700.888,5196257.457,2502167.522,3048668.929
Q8BTI8_S2084___1,1273300.095,1213153.105,1191302.935,1287380.851,1219596.555,1304947.698,1364948.509,1078254.413,1325129.755,1037853.437,1378179.131,1249554.891,1354903.402,1225196.184,1247775.514,1218128.379
Q8BTI8_S1151___1,130933.7892,126524.0034,119824.3673,131989.6637,129470.7956,146711.2304,126420.7356,120271.8687,163032.0273,112903.9967,161793.4347,149915.4827,151414.2033,144877.5648,165610.5782,149731.3469
Q8BTI8_S1038___1,152320.5341,175779.2493,137300.4368,141574.0456,188470.6096,226762.8211,159336.5977,127827.4469,200060.508,263822.7996,147168.0359,154741.1808,219437.7935,191241.4338,138965.1083,139610.4
Q8BTI8_S1048___1,194984.2986,190879.7129,186263.6971,195581.0515,219305.3838,267148.3392,225400.1405,173729.9506,225699.2808,324141.5918,183328.9278,185238.7489,294713.0105,204146.3498,166609.2391,161770.8237
Q8BTI8_S2335___1,130051.6942,129191.9448,118698.7861,110893.6042,139984.6496,168393.4864,124551.5076,107611.1205,143767.7739,158117.0996,115279.2306,123470.5631,168597.2273,144747.6079,98593.2044,112535.8709
Q8BTI8_S2075___1,528768.7814,528739.6751,464118.2614,489768.0691,588725.3587,656017.6053,585576.3136,446426.9678,656520.378,702819.3139,503897.5084,531710.7027,721496.7638,681586.1631,452518.2805,486618.8572
Q8BTI8_S2404___1,2286944.141,2379850.758,2004266.878,2415672.556,2949501.558,3443475.063,2466789.988,1667487.722,3023184.081,3114315.041,1926011.491,2141854.294,2982673.578,3033666.145,1922510.112,1895895.6
Q8BTI8_S1305___1,340970.4292,358257.8931,251966.0607,271942.2178,411137.6858,558744.9752,315267.9681,198564.9079,444519.4948,506183.7583,274484.0865,269632.3128,492306.4666,383640.5903,253340.4878,230724.2264
Q8BTI8_S2535___1,354480.9014,605932.8673,380030.992,512878.6624,313648.9683,479460.9792,446826.2673,419802.2847,480536.8523,485121.7097,398459.3606,377418.1779,748256.9435,723197.3596,318949.7,494490.9645
Q8BTI8_S1216___1,397551.5668,460843.2329,344797.5233,389186.4854,530441.905,609144.3445,430193.5658,335479.1319,529483.621,765623.9948,377544.5673,367851.078,604719.987,534447.9268,318541.4856,352015.365
Q8BTI8_S1179___1,22039.11614,17044.55806,13445.50581,12600.53689,18359.19188,23386.61746,14690.11202,9399.896733,16271.51468,24817.82349,14029.35453,11741.77317,25716.50672,22451.8143,11950.73899,12126.23352
Q8BTI8_S1508___1,32483.20174,39709.54596,34824.30227,28167.44257,28121.27385,43558.91172,34841.03038,35934.85795,39219.11205,44136.92482,30893.42608,31207.18745,61877.52887,63534.85012,31500.41997,41075.80251
Q8BTI8_S984___1,490750.7183,533979.013,561275.2078,582835.5334,439249.7881,538504.4737,584792.228,446900.8532,537685.433,334998.4139,592119.9025,493440.8275,515282.596,406579.5478,467234.3971,516938.7183
Q8BTI8_S375___1,94194.0793,112769.3984,54550.189,70367.60035,132342.4436,143608.5145,87775.66777,56950.07785,134041.5433,158779.3885,66855.47774,71925.824,141909.3814,131823.845,63196.04491,52547.79777
Q8BTI8_S2224___1,138999.8759,134838.6987,152460.549,149475.3853,156309.4457,179989.5449,169250.4619,147199.5142,126870.5163,146640.0126,140920.2417,129522.7393,156348.8517,148245.0567,135116.308,152336.0266
Q8BTI8_S1360___1,371473.3897,440564.9998,360375.2091,399339.4984,426181.8838,511483.5764,403729.9041,312355.0787,474773.8286,429284.3787,406119.4729,367099.5968,574949.6478,478385.8356,331335.6898,362505.534
Q8BTM8_S2152___1,629409.0751,626617.8274,620832.8813,783878.2167,782568.4449,857023.4461,653443.4302,518466.5638,818154.7479,839400.988,661173.5603,659752.0041,685895.9957,758240.2458,543657.6997,593945.9649
Q8BTM8_S20___1,8798.517232,6192.793436,4913.976078,4619.288308,6138.141419,6046.319279,6231.692429,8880.92549,6839.309982,11777.15507,4807.252355,4952.235179,5442.283619,9005.920494,2766.493212,5062.586439
Q8BTM8_S2327___1,153150.252,145167.0521,113405.3524,140457.8511,157148.0378,164046.5527,134163.3893,105547.2249,155737.269,261209.3403,112024.9937,110762.5427,126423.8315,167920.6083,127958.7795,96989.20369
Q8BTM8_S2329___1,85247.86887,66745.67881,69259.54395,71511.03934,76291.98688,85831.67921,64473.86315,35379.95561,91821.43811,134007.7989,61138.26322,59580.30487,49030.66593,71746.95227,54443.88174,59779.52389
Q8BTY2_S960___1,1266698.668,1327798.948,1263993.061,1529380.739,1113521.295,1017725.33,1862073.401,1375504.66,1091608.577,1161039.153,1317502.333,1140851.299,859966.8998,1169860.935,1214057.788,999693.2326
Q8BTY2_S238___1,290592.6744,267951.5092,299764.3624,363406.9778,267603.3518,265331.1461,365636.4261,327630.5359,303446.7543,239002.4018,306079.1374,296304.9002,151172.6065,235667.9021,267915.7434,264711.7785
Q8BU04_S265___1,238315.4333,142927.2309,152744.3768,169729.9733,200754.5355,169108.0297,162622.1852,165735.4463,163021.1017,160239.3127,118840.5037,145583.0843,151445.5449,189036.728,153945.3242,137581.0465
Q8BUR4_S1858___1,24673.24848,22983.5003,22907.49843,20845.32398,22165.21605,23819.75805,19885.83095,22981.02792,26081.3096,19329.08955,22944.25579,24404.35473,24125.77524,23432.79577,19718.39006,18736.99368
Q8BUV8_S537___1,128477.1497,114678.6194,95316.98613,90638.9886,122682.9698,138179.5373,97263.27377,84610.81574,144772.2693,125306.8706,97910.60334,96823.91975,123010.5849,139953.616,123361.8787,118647.5847
Q8BVD5_S409___1,77120.82132,86135.47208,104571.7418,91339.2391,94186.11935,101767.8784,106364.6393,96572.03849,85722.75917,160714.0281,89149.33974,99092.92903,120302.0622,100096.0498,81276.44344,103133.129
Q8BVF2_S65___1,175045.8811,237925.3433,181054.2564,251541.4322,259545.6642,290855.0844,281427.8444,220964.8152,223739.138,432708.1933,233446.9298,223052.1402,311359.7683,291907.3719,196510.7928,198612.3265
Q8BVI4_S56___1,410453.79,457972.1317,410868.0287,470607.1923,548826.2957,515096.5026,499805.9794,436659.3079,493453.5792,639978.6637,394425.7094,401980.3955,541021.1211,590638.7404,377119.616,465266.7475
Q8BVI5_S41___1,277628.3314,323624.0526,245543.8342,199198.9724,304551.2348,332183.2814,289814.3003,249206.4252,265468.3848,202955.8833,200473.755,224345.7964,232538.328,267014.1675,171575.5862,134585.0434
Q8BVR6_S50___1,18436.17568,20959.82176,16787.46492,20870.93901,15430.4005,20472.48785,18487.09313,17654.08348,21989.15445,15074.85376,22899.31183,17149.99987,19369.85241,17676.1565,20417.15836,24798.70145
Q8BVY0_S8___1,741976.6085,1110036.495,868447.9176,802506.9465,1578517.152,1335397.084,924800.5356,786501.4772,1375445.869,2727024.857,800358.8798,822854.0277,1944178.731,2042309.84,788981.1984,715856.737
Q8BVZ1_S292___1,78411.23233,62670.69408,79084.35059,75149.414,100396.0708,81591.72892,88684.48503,103587.2957,85812.16624,132944.2114,95399.91417,101601.5892,65110.84273,56101.68593,87170.08587,69839.95937
Q8BVZ1_S163___1,22301.88153,33445.15124,38866.99966,40225.47632,36832.31905,28756.59861,46057.51745,51947.08069,30957.53098,48068.65691,33924.34189,33568.29659,23624.94388,19779.27969,31845.58765,26753.79629
Q8BWS5_S466___1,44031.53265,43814.30618,40048.1104,36777.26858,55811.51887,63967.15608,47915.37163,40881.45163,49619.64891,104495.9242,31998.68751,34988.18716,64840.431,53180.49792,30229.31196,29869.40712
Q8BWS5_S359___1,3361483.694,3339848.382,3623250.595,3208732.291,5140550.239,4560375.827,3869786.603,3861549.45,3369363.304,6483229.655,3241305.509,3621468.159,3796173.907,3813332.032,2783937.719,2301176.164
Q8BWS5_S327___1,120885.8602,152093.2372,75031.80667,93450.2019,183313.8754,139071.3343,102391.8124,81422.76035,154068.105,319000.7318,100312.5814,93357.00626,239373.8255,199653.4754,98437.15688,93750.10623
Q8BWT1_S28___1,198063.1878,287544.3534,283014.8797,244692.38,273827.922,264512.6452,376787.0208,304319.2298,213761.4847,243940.3343,234240.3807,254723.8959,401844.6519,230944.0662,201202.568,196833.8928
Q8BWW4_S717___1,259144.9844,572989.3712,317290.4156,449439.7999,327595.4547,424967.6021,448594.1589,344852.3083,327034.6172,503464.2091,317282.0038,237328.48,666483.1021,545960.8599,244184.3851,374641.4106
Q8BWW4_S69___1,25687.91466,25804.03926,25713.72501,25920.70117,28233.83455,32991.13416,30507.34199,23449.41409,24190.80171,36893.31541,25249.72597,23609.77702,35302.34969,22097.00327,19335.54534,20112.84547
Q8BWW4_S626___1,166809.2534,215622.4229,162726.6697,176627.0177,262262.2224,338974.0318,213366.7696,152321.082,205474.7754,373638.0625,154130.7222,154671.778,351076.7232,262178.0569,125783.0139,137526.1607
Q8BWW9_S582___1,20224.45274,20347.1127,23424.85534,21286.15805,28727.97351,25870.27719,24176.49826,27501.84407,22788.14983,27266.52124,30822.71533,24434.92756,29783.28189,26717.04944,22095.45533,26018.17811
Q8BWW9_S619___1,105282.182,133323.5198,172238.031,144487.9395,136861.7821,124371.6775,200096.8693,154215.4388,125394.0215,118682.9384,102652.6385,79207.30085,115395.0207,106535.1235,110093.691,64710.73735
Q8BWW9_S305___1,19464.46873,28008.70175,20805.93732,23653.42486,28023.41624,30442.12381,20328.52877,15182.53179,21117.2793,41232.1313,15353.43163,20717.84808,29046.32664,24213.77417,15992.64076,17216.78679
Q8BX02_S83___1,127466.4604,138132.482,132118.0888,161369.6136,142655.8824,129599.4325,137704.5365,121223.5343,115719.8346,169552.0462,129194.4379,124965.5199,139279.6605,115752.0905,132205.1587,137689.263
Q8BX17_S1414___1,10494.91765,7643.87491,8076.583387,7625.539,8619.961322,7132.460113,10311.22238,14460.65737,6167.247261,10655.34114,14295.83009,10968.94792,8899.864314,9873.651854,13984.07754,16084.69692
Q8BX70_S736___1,556607.6661,561174.444,457463.0728,505438.1988,645958.7853,694986.6409,505430.9998,362841.6959,697666.7862,687251.2517,480085.2864,536581.7279,656016.3065,611047.7725,383655.9233,416621.9585
Q8BX90_S213___1,118460.4906,100673.0496,112889.8859,109978.6272,78923.27759,96689.88155,91723.2027,84754.39109,94794.48259,71380.97519,101701.5367,110979.3101,106974.4591,87965.92715,95664.13654,102940.4847
Q8BXA1_S328___1,812573.5813,757934.7012,585948.1784,644724.0037,740145.5714,725426.9357,693950.5968,600811.6735,599255.541,921033.1464,582123.1713,588572.8676,716238.7072,633445.4926,487455.2747,523558.6896
Q8BXA1_S540___1,120789.7251,128707.5195,89888.46891,99770.12171,129889.8548,149840.6704,118129.0986,109446.3554,106657.2329,139520.8283,105401.4316,99347.80125,139516.6791,119984.7843,70798.98957,89254.25646
Q8BXB6_S21___1,105797.6622,130058.9087,73547.05639,125461.5341,82215.79282,111028.221,91945.66109,87053.27195,111587.2048,113737.1982,98067.60692,92880.71727,191776.3507,142735.187,164590.3937,165050.668
Q8BXN7_S248___1,242514.7457,272905.7719,297969.9051,288366.9889,223252.6119,230732.7621,202013.9892,257700.7511,193828.0731,315616.1121,237387.4068,246446.4132,269933.0734,246834.8938,196396.3231,225662.4056
Q8BXN9_S540___1,101015.2619,124202.621,81754.12837,89934.70868,121277.9049,108562.7068,76776.45661,65104.98721,91964.19625,128804.8345,79772.55627,78113.39573,134712.7608,110235.9652,87479.28317,79433.4918
Q8BY87_S945___1,84720.27617,77524.45757,81818.43185,99110.76272,89491.0121,91414.41008,104467.3631,104103.4535,93965.44016,68702.54389,100639.6983,99815.9842,86474.6949,94562.84957,95732.18251,108898.0722
Q8BY87_S918___1,97822.35309,109430.7322,111121.2328,115909.4022,146336.0662,144572.2189,122728.4998,113891.9021,110858.4176,147474.5083,110583.5458,101042.5774,124872.976,141803.5943,94433.5275,101356.2185
Q8BY87_S921___1,17258.68357,13839.50378,11663.89178,15589.87824,19692.1961,21332.18919,16020.15936,13048.25963,18809.93954,24001.20066,10902.82311,12281.52003,19958.81768,18919.98955,10081.08285,9596.1546
Q8BY87_S832___1,43845.95851,53699.13286,52160.14751,64240.19561,57415.47136,67390.52209,66511.55901,61397.07752,54911.26245,90822.5809,60609.68432,52884.9035,64787.9829,63913.24224,49108.2818,50091.42426
Q8BYC6_S324___1,116360.554,98897.76866,96876.98111,101265.2748,129631.0674,105031.1464,113064.4333,114256.0811,109658.6902,113062.232,126924.9732,120355.6541,116139.315,121307.981,133769.5271,106825.191
Q8BZF8_S122___1,1174859.678,1225513.471,1208830.499,1224875.092,1279991.431,1276932.408,889887.5984,841871.4636,1457196.343,2435423.569,1012152.667,1207146.263,1240676.166,1571801.641,799146.0381,1432670.117
Q8BZQ7_S549___1,44445.47724,46255.99118,41143.31672,41901.85886,42270.00125,42924.03096,39570.746,35185.27372,46228.45529,40587.99028,40655.85295,36433.40055,54531.23443,43110.50974,33457.30844,42192.90436
Q8BZQ7_S485___1,140418.3197,169574.812,156966.0983,148480.6384,163768.9862,170068.6743,153615.7821,133373.0678,156586.0044,154821.3495,139855.5069,131083.3831,187452.2629,159307.8277,109452.7413,161856.606
Q8C052_S462___1,95298.3608,61712.72701,74233.06474,70585.17498,55777.3117,40775.48474,64338.81112,78687.95535,94049.27368,74560.49876,89414.54005,76167.80139,68960.64823,65119.78028,110754.9913,89987.07152
Q8C079_S335___1,947760.7686,730575.8532,683485.825,899889.7395,674389.018,818459.4964,734762.4118,843678.4217,842840.8768,491033.0673,853011.1636,811931.8707,663962.6648,853738.9607,924849.4837,906170.7252
Q8C0D4_S213___1,80302.78757,84655.97446,91336.52465,88263.76845,54417.71971,62760.37425,69174.47921,106593.1062,72333.13739,52386.11986,119912.952,98903.89676,56852.22991,69491.35361,84997.9982,174365.3245
Q8C0D4_S101___1,324480.1458,441513.2165,533003.8729,373291.3973,367296.3577,269807.1035,437899.6427,437545.0263,257940.9221,239326.8926,445139.7325,288261.6753,250292.2837,270984.783,263772.6718,391796.6859
Q8C0D4_S199___1,20139.78985,31282.0844,31375.40266,20043.0421,21696.22577,18594.8147,19615.7776,32506.55013,26219.80141,21777.41719,34734.76946,25732.17521,20531.43617,27319.49215,23356.20144,53989.92296
Q8C0D4_S584___1,114935.9798,156836.776,173316.8417,147038.4427,106156.6485,129190.1215,124679.9331,152705.17,130198.1342,146093.1689,182143.321,147607.1063,116040.0463,164999.6598,109220.3939,249861.764
Q8C0D5_S474___1,92773.92941,81286.57489,63337.90085,67697.16793,82949.03129,88337.71524,94730.71436,71322.96594,87317.23524,54661.49211,82151.00758,78048.36606,89464.09865,74217.32858,68821.97888,78532.48721
Q8C0J2_S278___1,25764.31616,40278.37083,42509.70158,51490.505,47320.12785,36712.63793,63021.48428,47515.95279,24551.54882,34130.32832,24173.13357,22580.78269,32660.48497,31930.77712,27470.43396,17296.31998
Q8C0Q2_S941___1,228303.9113,217723.6327,204516.3274,224514.1147,261383.2513,283484.4891,317823.1531,195440.7724,244917.2304,406152.8015,186868.1695,208855.6535,214078.1435,285823.6161,182430.2722,225425.1238
Q8C0Q2_S703___1,184628.7054,197116.178,205712.5923,209498.8864,224429.9642,233292.2797,182370.4644,150790.3629,199273.3823,282814.2216,159909.0972,161078.707,229648.676,240355.0895,177342.5646,196743.4111
Q8C0T5_S255___1,122655.6259,136291.109,135866.7452,158178.2498,131280.8163,103169.8004,113747.0612,154123.7749,101113.1412,106250.6069,105052.2786,94469.55604,91213.89735,106221.8682,107405.3696,101826.9766
Q8C0T5_S1528___1,283018.996,233655.6256,275270.8592,272524.0822,196304.6201,171238.6297,240118.2082,364304.9044,198289.9492,150295.0715,295874.1396,278717.3906,140906.1173,187022.83,361691.6125,421976.0578
Q8C0T5_S318___1,272227.6894,237142.3278,339957.8382,323425.0552,203928.4014,179407.3205,253681.4777,361145.5618,210036.7725,126216.3578,285017.1891,296644.5856,138844.6968,156345.8774,319925.0653,390703.1993
Q8C0T5_S1564___1,45619.49395,38566.19253,43491.3844,45656.62805,31449.52638,28187.12703,44163.62213,57764.27913,35483.74592,24876.46831,47275.64311,46005.99682,26674.23426,28922.55049,61641.03354,65077.22676
Q8C0Y0_S777___1,65044.25853,85903.07822,56365.87188,68245.85705,57430.24982,58169.99344,49151.18612,74517.21786,51730.09355,31198.44712,54435.25646,51201.42611,65518.70143,72710.77042,54169.25293,48009.3996
Q8C0Z1_S21___1,14958.7324,16702.437,13491.27558,12574.69113,15040.6552,17515.26373,15397.93364,13662.03155,17564.93847,14831.54025,15188.83246,12459.21453,17089.88227,14942.96778,12529.6294,12852.11211
Q8C129_S51___1,58509.88429,57160.33146,51613.33968,56608.46138,48059.01383,54541.3624,58760.10052,44608.36605,48138.40948,50129.79476,52455.54936,53038.88391,62376.27362,38922.45165,59352.52685,47318.63535
Q8C142_S14___1,100231.3258,160390.7426,101635.2679,126420.025,100581.6658,79918.26057,123168.4598,109217.6574,76824.14137,35064.24882,103762.1528,55813.40579,91669.77705,95553.40662,84252.86589,44412.80497
Q8C147_S905___1,107238.2143,105253.2888,59392.3945,53466.09316,99525.63934,92479.05297,65892.19299,77263.56516,88721.19926,131213.8588,45340.09185,59466.0935,152223.8352,91906.61766,54571.67523,70880.66783
Q8C196_S1090___1,304482.5835,281018.9619,294302.0268,284984.9949,336565.3663,327226.3073,295022.3889,300081.9619,308853.0419,392836.6675,278262.6761,315604.4896,334393.6481,348887.5545,287393.7524,314897.0886
Q8C196_S1431___1,553935.2241,1105719.104,775712.0191,584581.001,590283.4341,530922.3346,787700.0035,401750.0694,563706.1129,618632.8057,470392.2594,431102.5618,557616.6324,566416.7979,394187.1224,348090.318
Q8C196_S896___1,201079.6589,198153.8915,214661.142,215632.0973,197976.93,176334.6138,220290.9497,222028.8728,206321.3656,163421.548,254203.1592,235636.8727,196139.0396,187996.4901,248005.3051,243605.4987
Q8C196_S898___1,209512.0893,212930.945,225529.3649,216473.6296,175762.8709,194961.5007,237116.9578,235778.2993,185194.7679,147951.1719,248513.692,244653.8211,161721.2417,168137.6302,255107.0588,289157.7496
Q8C196_S1261___1,125544.165,149431.6411,100532.3977,80634.02344,144944.843,143577.1922,104856.4168,88058.309,134186.0804,164214.9498,104129.8993,83567.45746,122094.535,138052.5069,112226.2375,133530.4737
Q8C196_S418___1,295623.1103,328456.3949,335166.5429,332154.4741,358623.2005,407769.318,352733.1582,329788.405,375489.1959,390030.5444,277439.5223,313116.6327,412091.3827,368982.0809,351424.5183,362104.8971
Q8C196_S189___1,418720.5598,438195.5578,490429.6778,493397.3374,485220.5678,497716.3004,466640.9206,462660.5131,480129.976,575231.8889,406976.5029,475076.3476,530144.5867,508807.113,442897.2071,457984.5687
Q8C196_S1303___1,89692.29788,99622.29717,94408.95183,71795.31686,121285.9608,108059.4971,96506.47121,92245.34049,94887.42133,120960.4554,68375.67023,88286.36546,105098.088,100654.7366,111251.2078,70677.1958
Q8C196_S794___1,61848.92096,51997.85393,81539.67093,78128.01929,52204.32611,56991.19295,77180.92,94875.34857,57810.28008,46011.86452,79728.99711,81608.78781,53876.56915,54652.09676,73176.35334,87442.47568
Q8C196_S537___1,118048.9563,125331.1156,104893.4355,125966.732,146995.1592,147511.6815,144984.1474,132308.3936,120343.9949,138474.9662,131574.3508,164042.2514,155371.4965,148671.6403,118764.2249,131332.5092
Q8C196_S1287___1,48359.43046,39595.68172,42301.86822,43723.98138,46845.69485,50239.70738,42209.08251,42357.63923,45764.6697,44677.07809,37996.48107,41158.81299,50181.07978,49333.42399,41879.14813,45519.53644
Q8C1D8_S321___1,98495.56182,117435.3399,89042.21056,83738.46518,76191.82783,101432.4851,118861.9968,138647.2703,98751.79608,99225.65577,101257.5652,90384.8773,120319.2808,140888.5382,100706.0015,116111.6203
Q8C1D8_S209___1,108603.2509,98003.94014,134538.2288,97941.41278,133990.1716,105260.23,130603.8421,136939.9536,92176.18577,64865.803,109019.6797,114926.8744,85252.20197,94425.28713,113456.4184,156749.9137
Q8C1D8_S366___1,30557.33681,28130.49494,31141.96452,26105.4719,28352.2093,39276.93589,40709.94117,50001.51612,35389.50578,36047.54222,31260.02093,27114.59753,36176.47994,43992.99725,36222.76233,44804.44901
Q8C1Y8_S264___1,195943.2034,222491.2514,191457.1647,229682.9784,223699.448,207281.3567,209438.4606,225370.2998,202421.3611,216051.2896,211369.6052,198334.8865,230857.7514,234524.144,181334.1064,197687.5673
Q8C2Q3_S256___1,51565.25173,55112.77226,58381.68404,46728.26568,56493.25006,49889.08023,53220.02969,46982.7197,39809.95666,33333.60317,44962.32922,41236.09477,49805.84256,43327.01162,31246.4602,41728.0732
Q8C2Q3_S618___1,170646.6559,111638.7374,121944.4654,120964.9656,147236.3552,146912.5754,136893.5214,137629.3294,131249.6481,131049.0267,143563.0328,121391.8919,139786.4803,132970.2989,108525.5692,110042.9569
Q8C2Q3_S520___1,28453.58093,33113.14477,24590.59333,26367.58833,40039.56865,37414.87972,31531.39031,21733.72563,34440.70923,44147.23893,25908.19067,23226.83704,48549.93617,38286.15704,24211.39689,23971.12289
Q8C3R1_S743___1,87648.55958,63726.17883,123924.0253,114394.0297,102033.9757,93185.73198,114307.0054,130723.6185,128053.1335,104368.1716,124359.7738,141298.6147,94581.8034,92938.5675,131566.6321,133956.2935
Q8C4X2_S367___1,14216.78721,13132.79005,10402.1922,14705.29759,12462.0017,9182.422145,18212.189,10928.12141,12158.53199,14948.55476,14244.26324,11219.67091,12774.34083,9559.289655,11627.69071,10078.45843
Q8C4Y3_S557___1,222683.4081,250796.7321,192359.4752,184120.1679,330942.1991,337293.9218,195222.3688,152385.7202,261131.2104,432224.1972,166050.7962,173264.8674,356105.0202,398284.8069,187207.3014,178202.3051
Q8C5H8_S48___1,9049.795633,10204.20291,9761.523485,10633.2396,9233.430766,8728.800658,8384.681937,11935.21034,11880.96159,12064.14432,9574.882784,14513.45474,10322.2239,10206.07155,13548.31814,9287.381521
Q8C5H8_S176___1,1951707.069,1667393.179,2024545.082,1931933.096,2392845.229,2244558.512,2138702.185,1933506.707,2021805.871,2878036.147,1914427.383,2079684.097,2187253.849,2101714.767,1893896.626,1887658.792
Q8C5H8_S377___1,276977.5904,305672.6908,349115.5545,340545.4822,361057.3322,366105.9309,401767.8265,346864.8262,329696.7705,483150.4534,286253.9584,370146.3704,367059.0803,355756.8006,284520.244,321873.0843
Q8C5W0_S679___1,114493.7991,123577.0019,128843.3067,112354.8632,129196.3836,146600.7275,157058.3664,111664.4985,90025.45898,117343.2476,103090.273,81647.73402,113059.5722,118953.0126,87555.76606,77334.63038
Q8C5W0_S894___1,232070.5176,307062.9846,226873.3776,185905.8523,332267.0745,251292.7798,223990.3128,223962.586,253829.1235,200945.2747,153506.7195,167372.6054,309823.6477,272488.3656,194195.7474,156466.8698
Q8C5W0_S715___1,136630.2345,255036.8068,258362.9054,207821.8658,218035.9346,162060.8246,256166.2415,191940.5852,195519.7448,164973.5698,183597.3804,134295.4752,182715.6912,150410.1206,154060.7182,92095.52561
Q8C5W0_S165___1,15701.38942,13783.2651,13403.55811,15925.7649,13151.76147,13155.61194,13517.20265,14139.58259,14102.24954,8014.820114,15161.43134,15121.47536,13256.99943,12961.03744,16700.46433,13514.94222
Q8C5W0_S397___1,182014.8497,180730.0343,197512.7569,185640.1541,198510.9755,183689.8446,227240.1616,186110.5045,164634.9726,168903.9081,158858.835,176394.4099,173004.2139,178398.2547,167980.8416,138049.2029
Q8C5W0_S358___1,65272.21594,66065.11719,70475.71006,60756.74583,85558.54061,85492.37797,79175.69074,56870.09592,64215.17278,78171.50473,54712.75565,61004.74449,66602.73019,73029.4364,48592.06435,47618.61306
Q8C5W3_S41___1,92349.29207,79666.42144,72718.84451,84429.27026,87804.7958,83372.1228,86083.17051,85069.6809,121943.7221,77247.27645,146285.2446,122007.4014,104469.538,79130.0017,117652.4,145150.6996
Q8C650_S413___1,242258.4947,215979.0552,227301.5894,400574.0117,238629.4241,250206.6596,308714.5491,159880.7275,265310.7961,458705.3385,191788.2763,188524.563,321712.2144,256289.5421,229724.8081,220000.8778
Q8C650_S414___1,1224622.183,1145545.312,1480984.461,2211473.56,1325719.728,1299484.14,1592156.571,920892.3805,1095758.135,1088302.101,1204816.227,891785.9444,1306527.727,1095600.167,1137520.335,673302.0728
Q8C7E7_S179___1,50863.76555,41863.70978,52846.05046,49510.26483,48031.71384,36299.36797,63909.45395,56249.95778,37607.29597,32123.26905,45473.79386,32612.0379,48120.50907,32521.39706,35644.45208,27142.61122
Q8C7E7_S192___1,77496.72905,74033.6446,98855.89314,80869.66429,63955.49464,68081.94651,102017.6757,119328.6489,51853.83978,46690.82299,59011.774,52184.9581,51253.84629,50450.29386,44959.18231,33726.30039
Q8C7E7_S64___1,297952.3751,253434.868,247947.3799,266780.1243,261370.4773,254412.3296,244098.4183,264041.5417,252258.307,203771.4885,239222.6645,229422.5719,230471.1028,201807.1585,245591.3592,219319.2821
Q8C7E7_S68___1,41717.48558,29256.07602,25723.45141,29208.16576,31416.08139,35150.02369,31197.37689,27892.81961,34332.02264,28024.17838,31303.26641,27068.15084,30312.83001,29983.11945,28834.23797,23249.26902
Q8C7E7_S220___1,261115.3581,245059.0723,253766.7034,237674.7797,275083.2969,242222.3284,285204.3076,287474.0182,191757.4877,138917.9769,213159.9435,171688.9633,197438.2711,172765.208,176854.747,130871.7484
Q8C7E7_S223___1,37989.78304,34175.83399,40394.06939,37910.79745,39250.91222,38469.33585,50430.29044,55489.30195,28842.87546,22442.99886,39943.17813,29447.43234,30032.38906,28144.71194,26274.13576,21643.05868
Q8C7G5_S52___1,3138790.108,3823742.389,3842987.827,4021993.728,2940539.261,3193035.465,4399191.162,3637899.117,3559639.71,4835181.446,3722917.071,3658594.27,3854631.843,3922591.371,2583155.134,3904949.492
Q8C7Q4_S86___1,91940.25652,80962.63267,110809.1249,90426.19165,59212.35893,64687.57447,89918.3353,78384.80347,72306.75178,49289.44616,89945.00351,92663.02578,76383.57586,73338.325,80113.09974,79030.54871
Q8C8U0_S37___1,419343.0351,310578.7907,284070.3575,333754.1968,330197.5344,414562.7632,316516.4107,242046.0229,368065.6252,498184.975,229810.8864,247709.0211,354742.3355,464940.1853,245719.0938,257288.939
Q8C8U0_S595___1,193297.9,200168.4376,170527.7669,190289.2092,185689.6736,197197.3357,199020.1944,155350.3071,163755.285,162015.5092,140936.902,137013.3105,170623.6756,174856.9347,135690.6887,151134.192
Q8C8U0_S538___1,180982.1293,148428.8102,163045.7669,246420.5557,151861.0153,149350.937,192284.946,171836.3418,170727.3614,137002.6373,196677.5066,161005.9136,139747.9356,162052.4368,210627.8999,192642.2537
Q8C8U0_S403___1,115597.1685,106314.5352,129563.9618,164481.4454,120725.77,126669.7267,165239.8103,144320.3419,121701.5407,99427.4952,169928.3411,122640.5773,115420.6312,122897.955,129698.486,133392.1219
Q8C8U0_S500___1,845829.7073,707661.2986,979765.6666,1122010.918,938065.052,1136331.222,1011566.933,881231.2043,756594.5251,808325.5707,1003814.257,955879.7992,730644.4198,778589.7501,723137.1052,625444.9634
Q8C9B9_S1726___1,413592.1319,463857.9292,341344.5362,270602.9011,421467.3893,446563.47,319945.6188,503087.4491,435789.4173,522662.7094,411524.5517,392425.7668,630200.6078,431942.3578,371484.9796,517420.8903
Q8CAS9_S106___1,48945.79331,52660.21521,59591.29869,55036.36343,59035.952,73960.19965,64314.00266,59912.08183,57010.50602,80289.2446,58079.74228,50925.58295,75120.6583,63230.62396,54158.84034,50500.06152
Q8CB62_S686___1,50206.60161,35063.36565,62413.74568,82742.83211,56404.57979,61212.64571,80626.00386,78257.69168,48667.09961,63676.87093,66926.8746,63112.59422,41425.2897,65114.51674,72805.80182,64864.35888
Q8CBQ5_S11___1,41431.64959,42216.86929,43863.38838,39608.24184,51646.57065,45425.81831,49488.5824,46391.21452,41395.07224,34798.9195,47890.7996,48075.78066,40008.23411,43612.92454,45130.06355,40968.71703
Q8CBW3_S183___1,194252.9073,286201.479,276582.5821,240857.9139,207494.3761,211776.1372,240229.6314,290483.0355,244076.6006,249509.6752,305347.2507,261756.0813,267295.1707,300947.7855,213886.4357,319195.0129
Q8CCJ3_S752___1,135523.0343,153552.4866,160482.3128,163572.1259,115034.2764,122843.3317,154305.6778,152475.8828,155880.7447,94438.18472,189599.4388,158855.9625,122099.3288,137255.0638,192345.527,189463.1776
Q8CCJ3_S753___1,135699.1181,120391.388,132276.3259,151230.9158,94990.03859,100130.5874,135960.3328,124899.6677,110132.5859,79133.0733,144203.9367,179394.3649,93704.33742,84892.30546,157466.088,177445.1813
Q8CCN5_S886___1,60538.18446,39270.58636,55672.67418,51146.45898,61673.84445,66738.01059,53064.92221,58901.60261,41034.36296,42561.71967,49844.34948,51813.64999,49061.81209,40768.9411,55355.92354,46014.76661
Q8CCN5_S900___1,28003.90707,20947.77691,22307.06164,27180.50663,22453.58256,25150.63907,23273.10375,25399.82559,24548.1755,18397.7722,27808.39427,30084.35962,28694.03116,16733.70025,30789.8876,22174.2274
Q8CCN5_S869___1,342592.5197,272552.8762,259395.2656,235054.8796,348450.5546,398565.4006,303057.5202,292573.5801,385109.9336,290101.2349,439027.29,452759.4316,430300.5596,332133.7163,386259.7407,341387.2427
Q8CCN5_S503___1,61160.49542,56474.66191,88127.61657,67714.33764,43865.08925,51866.89511,65633.06546,91427.41871,41430.32703,23324.78671,72429.32787,62610.3892,54797.03718,28342.98849,60021.5435,43356.84151
Q8CCS6_S146___1,1982407.858,2097465.544,1998693.957,1761655.15,1841974.082,2110173.154,1914186.684,2095016.031,1591425.343,2255017.486,1779691.148,2032597.844,2242725.92,1953612.401,2228752.411,2423362.96
Q8CD26_S351___1,75308.81035,57405.64676,56745.20464,53456.46703,81133.25358,72841.03888,52034.61467,63205.48197,69693.82898,64241.82923,58871.74914,62525.71068,51600.54147,57246.25646,51012.27244,51623.97886
Q8CDA1_S827___1,50134.82457,43074.87265,45405.99968,42229.576,55048.26882,44694.01709,49781.33808,46891.48633,43361.17028,56918.62413,34175.9863,42882.47372,49056.15532,35627.81309,34750.21795,40072.23234
Q8CDA1_S830___1,19265.31671,21550.718,15721.26527,12485.22471,18874.97184,17271.44444,14680.76153,16482.38491,19231.96711,23324.50121,16087.69038,12451.10784,25082.3737,14857.24608,13708.3402,15227.16871
Q8CDG3_S1196___1,341505.2475,248659.4618,277032.0231,298794.2619,289741.992,316841.8453,304364.8705,308022.6112,301095.4216,236293.1458,258061.4238,266264.5965,237815.7056,270875.9222,287717.4822,318412.73
Q8CDN6_S113___1,177890.4656,185464.3487,147286.5331,173302.6586,191461.1238,165929.409,201887.3735,179988.3284,187911.7045,182921.7976,183509.4131,159452.7424,195183.8964,170895.4019,178602.8785,200151.1342
Q8CDN6_S9___1,254760.6438,208895.7804,254615.3658,299964.3216,329955.75,348647.1997,322555.2767,329726.7732,297372.2386,338256.7271,260500.036,276625.8551,301250.4123,220435.4601,259031.553,281349.6224
Q8CFD4_S450___1,60166.48702,75367.13588,55215.86467,69001.67412,73913.56555,64452.00215,161345.9134,57892.85387,70465.865,97383.46182,55567.52315,63867.34119,65762.41326,75222.72423,64626.23059,58200.39164
Q8CFE3_S254___1,781233.5946,695750.568,813053.396,955183.7659,917957.186,931896.998,887015.5619,1020768.139,980985.5021,998318.6443,908778.5723,888015.0264,1070844.809,853058.4533,940327.9436,847410.83
Q8CG76_S40___1,402844.8069,484066.6344,349350.4808,364053.4613,660677.3826,765520.0548,507062.04,434121.8519,451486.0916,714554.61,374200.2026,400270.0498,529730.573,508778.3974,300353.3798,347213.899
Q8CG79_S697___1,122740.4971,192870.5902,142120.9525,161278.8088,118231.9111,143344.1745,173459.1625,220615.2556,118105.6286,193128.0844,151522.3351,128690.1149,180711.8518,196068.6178,194999.2096,178859.018
Q8CGB6_S941___1,272468.6704,291761.4362,240418.1183,268095.6372,345820.6002,318260.0891,257934.9077,190457.5827,268036.3178,320358.9945,186933.5742,231913.9976,398121.2012,321550.2288,208363.7397,263467.7714
Q8CGB6_S120___1,340806.0952,386326.6556,328499.3735,344827.5964,452017.319,380379.1003,284169.2509,249210.8373,313235.9104,360744.3098,220608.6915,271922.5924,479795.6741,331101.5114,201994.3728,230487.7393
Q8CGB6_S455___1,590012.0746,608816.7964,407408.262,470449.3781,637904.266,662503.2019,429166.3704,375667.5174,538392.65,617373.6012,331873.6764,413418.7226,670796.1166,634033.1413,438097.1721,488085.9374
Q8CGF1_S171___1,465052.0574,549329.2908,461930.9541,591627.1464,458464.786,485324.9128,673427.759,588572.9954,434417.4684,485239.1701,530188.4175,527298.1765,437661.5871,361451.9263,514110.134,412523.1233
Q8CGF1_S179___1,203272.6505,201652.0514,182847.8595,247458.0148,210549.8779,226045.1232,267977.5152,195694.3335,162099.6331,188706.9673,218732.2775,225956.0411,234830.8249,190685.53,222252.4891,182945.9216
Q8CGF1_S521___1,122396.534,131305.8976,137655.9423,195453.0733,117244.88,109673.0615,206074.2521,157040.1361,121402.597,82857.83256,180628.6457,152762.0964,111220.8228,102339.5587,156183.6409,142269.7686
Q8CGF1_S501___1,69345.66956,63414.88017,58592.07199,90636.27457,59860.69414,54650.21585,83076.81486,77991.92064,57727.96993,39304.17075,78713.66179,92032.84132,63394.94639,48167.81675,93602.10577,81411.59202
Q8CGF1_S36___1,78368.10672,112953.7596,92579.35496,119542.705,70660.2551,96090.538,123609.8152,107539.3697,81609.96116,64852.15162,118868.3025,110834.4057,80744.5964,78467.68433,87745.20788,85621.66259
Q8CGY8_S20___1,27835.68249,37137.92742,27718.59085,32369.45901,36331.45042,33300.68055,33206.46637,26286.07132,30353.66294,43305.86314,30384.99559,32502.71692,34965.19679,31876.87157,27880.49153,27265.79606
Q8CH02_S483___1,653008.1304,838334.629,721852.0342,742424.1294,841209.8723,915253.5493,711873.6525,740550.7064,941835.0355,1027249.082,819973.6978,776280.6362,811178.1436,881485.0888,661060.1083,853029.3415
Q8CH25_S289___1,807773.3075,773985.209,750049.8257,660443.6949,1040918.98,951089.6029,789482.2004,716959.0639,726604.5804,1259150.393,699166.667,678646.8361,1004190.179,1020853.933,606573.2028,714160.7401
Q8CH25_S552___1,335742.8322,330321.5932,340627.3393,322508.1747,419530.4177,449525.1572,326585.7669,299310.6363,335599.1215,610858.5368,323577.4057,269496.7154,445709.1043,423748.5387,208083.026,324107.6363
Q8CHC4_S1350___1,279609.6896,255915.4144,275643.5833,293688.0397,262236.5607,304970.5116,250884.7799,285437.8566,227278.4549,197105.1118,275289.0098,263743.7923,264792.6156,262166.7591,281289.9561,289012.2967
Q8CHC4_S1175___1,198888.5526,164693.2781,235661.6939,210903.3155,167612.5022,177666.7474,221250.971,209584.6994,146444.2181,123090.3709,161388.0314,158871.0938,147567.1795,164349.7963,131410.949,184412.7117
Q8CHC4_S1084___1,23769.05628,19557.2547,19579.2674,19284.05439,17351.14073,17789.95513,19992.84598,23167.05783,15749.01171,14656.33679,20886.62777,22104.49737,21681.8058,17083.31753,19388.65073,27854.79111
Q8CHI8_S923___1,128366.5688,122522.309,107579.6278,131417.9285,131131.9654,155929.0058,127426.442,112194.9004,163297.61,207728.2088,119957.3196,133353.1699,152217.7283,167351.417,126339.291,140628.2009
Q8CHP5_S138___1,329194.1651,213967.7691,46701.65823,69185.08585,392850.2924,514652.6149,1170996.672,154645.9656,552535.6184,901145.7189,186659.6382,278305.5094,600448.8393,332676,113751.3132,121850.3098
Q8CHR6_S905___1,21951.89691,26246.73231,23102.81308,21407.5619,24433.19781,23884.3169,24672.8381,28101.2073,24644.20721,26276.98514,27657.17553,24091.82055,29939.80358,34144.28141,17981.04885,26163.30621
Q8CHR6_S587___1,139226.48,171890.6569,128554.9016,174522.7976,181593.6305,190326.3812,192128.2637,187256.7303,144233.6748,211085.5361,150608.9018,121402.8458,172453.7516,184905.2641,123882.3229,113875.2698
Q8CHT1_S63___1,79469.14058,50786.59643,109560.8545,66413.89511,67981.50243,75886.78778,85767.54184,118162.0866,54375.94741,44459.87084,129294.1162,124891.6857,65848.506,70826.10842,89005.80983,60180.82746
Q8CHU3_S173___1,264872.1283,246513.1739,209681.7895,228355.9034,232438.7993,317432.5414,216638.1812,218203.9432,294326.251,227660.9226,220048.0671,221296.8691,231149.2151,225479.0766,214010.3273,246888.2513
Q8CHU3_S443___1,408820.7061,508421.076,367073.5999,361332.8595,513805.4697,553679.6725,401214.5716,330047.9773,487948.3299,475921.5128,350155.9938,330894.9184,505973.1468,421154.0189,281997.8631,305662.6069
Q8CHW4_S540___1,398318.1369,379129.8469,305193.387,353423.1191,350300.262,380233.4597,370298.6168,321526.9997,430489.5961,311590.0075,417985.7463,371320.5947,410027.6068,408617.4315,348059.7797,426436.126
Q8CHW4_S23___1,31977.26225,38888.38462,37175.88896,36378.17759,39404.53319,44726.41127,41698.32213,36331.25694,41326.08279,56695.43884,28122.84361,33271.66673,51862.78676,47965.6027,34177.30945,38109.43156
Q8CI04_S506___1,75055.7361,100322.7641,81781.72864,78450.06363,93381.56351,99911.95431,79300.39671,66806.81363,65210.23568,57002.98418,53568.88564,47924.60339,66694.02224,64745.03344,56062.57309,41007.18091
Q8CI04_S655___1,31215.61829,35673.35166,47376.5461,42300.76059,33383.2493,35769.58173,43578.66481,34014.00683,24437.40444,41576.69087,36600.55452,27339.76638,39770.55357,34121.27212,24883.4537,21856.60483
Q8CI08_S378___1,23511.82504,21446.75985,23547.38792,19336.39048,27488.97178,24711.26628,31181.52881,24331.64586,16622.09406,16403.51953,13498.4595,13726.07608,23046.71107,15217.67065,12237.40919,15502.83848
Q8CI08_S324___1,285754.5476,245944.1219,223674.2204,200338.6058,302142.296,367698.9622,213951.7285,229169.4463,260004.0925,406360.0953,218716.997,181620.7256,395835.2839,331887.3991,180609.3285,249872.1553
Q8CI08_S414___1,73019.22106,74902.80303,99699.81001,79099.01946,71757.18592,52171.22267,89265.88909,101956.5879,52094.60868,43697.21025,64616.44941,43904.07554,76466.75506,45309.47172,55934.2312,49480.0174
Q8CI08_S434___1,41935.23091,34953.13322,48097.07118,42560.98709,40652.38046,36961.17854,48174.41633,47902.21557,28796.47622,25525.09463,33757.39568,30150.34511,34912.02485,24014.37182,29038.87664,32808.71808
Q8CI11_S505___1,284012.8178,284645.2067,243493.0849,264885.8461,267736.4369,275320.5991,244694.0999,174256.5761,300078.4765,442283.0082,241520.4541,220867.1281,401843.5199,402241.2225,274889.3068,205028.6153
Q8CI51_S322___1,70523.64514,71195.86943,57887.19714,64820.55294,72273.74038,77530.34368,58807.88432,61087.96529,83184.99508,60587.1803,72456.79756,70817.05864,65829.08364,63452.8272,59213.5313,79452.8902
Q8CI51_S332___1,193668.712,193314.0843,213392.8841,218793.8441,205966.2997,198874.132,223566.1449,239032.1729,206024.9704,160764.5962,216585.3957,200514.2645,179801.8525,173244.3443,207525.5476,210085.4047
Q8CI59_S58___1,762431.9346,540694.2063,839000.8018,842855.6938,689257.5404,625545.2545,743565.9098,671430.2299,538165.7511,564205.7227,656989.9471,879773.5155,597564.0697,549558.5425,740665.3894,705891.3983
Q8CI71_S559___1,321512.7188,302562.5666,395526.4536,526546.782,342321.2599,380561.7583,577862.0249,625570.7718,306422.7677,392739.8584,470270.8418,443750.3677,355277.4502,342890.5481,518980.4815,626462.6461
Q8CI75_S864___1,286694.1127,502658.8738,323166.3561,335698.9235,413902.7444,499441.3605,396396.9881,448866.8378,409891.0717,709414.825,374294.6429,334277.3174,839749.3484,587546.2831,350500.3052,434293.7507
Q8CI95_S194___1,267020.2203,319417.873,259200.0039,462146.8287,362471.3783,295713.7468,434908.2251,249349.3041,283265.9294,351066.5135,325379.1321,277889.2623,327549.4862,247726.9583,209588.7619,271642.7068
Q8CI95_S179___1,64515.84753,59176.99471,66506.36466,128116.2619,77888.9073,60133.53464,94433.0869,67231.39295,86462.54564,89410.56081,81696.77375,96673.16933,83321.66963,74470.79409,67311.23524,85956.94615
Q8CI95_S186___1,526326.2571,409866.1113,338658.2931,653434.0681,477054.3483,442295.7242,599090.1348,457268.2596,506447.2976,390983.9277,541905.83,570336.4113,464188.7145,388346.3854,455352.7252,625534.7585
Q8CI95_S13___1,88814.93512,80135.14617,104212.8023,174747.1037,132006.165,116232.6607,159001.1933,114738.8845,128519.3588,120631.4606,128882.959,107949.2905,123174.2052,95868.68657,83327.73524,94679.78388
Q8CI95_S15___1,1725537.308,2052624.028,1858197.413,3482157.544,2681748.162,2248864.215,2677085.37,2023690.768,2003679.183,2161989.728,2305001.198,1860112.627,2080633.172,1587571.735,1286455.885,1321896.412
Q8CIB5_S159___1,537078.4506,509405.0014,610984.9634,515564.9772,621673.4091,618824.6873,597098.0429,502405.4536,636358.2508,953180.9985,619905.6917,586396.7124,696203.0028,752784.2768,583429.9627,482107.2915
Q8CIE6_S402___1,32503.46022,21738.7289,36915.20066,38694.12493,32870.64234,40423.16167,30493.11653,33208.49084,30604.09579,54692.75593,30883.58743,41133.5077,38425.6892,41353.90373,27866.95852,24082.29269
Q8CIE6_S173___1,211284.2484,185168.3275,164184.3048,166346.1014,164779.6041,189156.7013,161245.2466,129564.7855,208573.0904,135935.1815,176625.8088,160672.1492,184610.4591,149745.5085,145527.2146,153860.247
Q8CIF6_S425___1,254615.107,227674.4693,210006.2367,472519.023,340352.4799,299385.9618,225706.3616,410715.9946,292519.0602,406385.0354,180311.1914,255540.7272,330109.3794,340399.8239,225239.5352,213862.2996
Q8CIM7_S249___1,46364.03349,34841.81864,40041.76586,49810.08594,53831.82316,52300.10751,43362.16576,50653.61372,57467.63171,66925.46802,54279.77522,49617.42701,80523.19448,64180.73908,50588.63277,44537.41962
Q8CIN4_S162___1,61719.32554,50677.58077,56519.97811,59512.67234,65108.01659,73237.79525,52591.62935,40344.23443,74916.10425,60883.08366,54538.37514,67116.2202,66610.38601,53407.33506,47234.42551,60953.23778
Q8CIN4_S2___1,220509.924,228617.8236,231894.4012,202529.9368,223294.8186,207824.4531,218161.7707,185499.4631,223712.4312,187769.6693,211240.7,209253.0643,241839.5602,216560.8877,188674.7474,226075.6557
Q8CIN4_S197___1,157646.1595,227433.4343,190788.1448,149582.0783,214782.9786,152213.716,205249.5996,129869.9236,196020.4369,221426.454,113419.1677,106031.2504,235828.4796,188093.8815,153276.8506,115474.4252
Q8CIN4_S141___1,1240933.714,1617006.252,1546622.411,1298370.053,1471441.019,1489417.323,1253329.704,1212884.463,1521281.53,2272668.376,1093440.108,1152299.626,1827660.365,1662525.986,1165722.924,1131898.524
Q8CJ19_S1131___1,1216309.481,974824.5103,1345696.57,1755040.249,1265675.264,1523518.906,1497453.594,1334857.773,1444123.22,902085.7691,1879417.468,1607447.422,1210565.385,1325197.947,1310371.464,1476523.303
Q8CJ53_S296___1,241067.2894,181172.0662,159340.8466,208209.3543,204615.8773,298649.4214,257963.765,167511.2664,302440.8816,256808.1947,174039.3593,265405.6937,345683.2658,503539.7202,160916.6442,279107.2885
Q8CJF7_S1507___1,308226.1833,357572.448,322905.9373,328956.7807,383447.2434,437748.3988,401742.1169,334157.647,426908.003,515692.1815,341545.4277,387607.7178,472589.9472,502257.0345,326970.2172,303234.2801
Q8CJF7_S1138___1,33043.32197,44771.77295,31764.82237,28930.09032,46924.29737,47562.75271,46709.69259,28328.7468,51873.59713,70217.45722,38779.72058,44496.40014,61195.09164,60286.0735,32954.99948,28220.80887
Q8CJF7_S1218___1,91654.25799,107235.6421,100915.8562,96860.90587,95851.41233,93529.16605,124850.1664,112868.7743,134450.7535,114657.872,118142.3327,147354.9775,113198.8865,118004.1406,127369.0533,147027.0482
Q8JZK9_S4___1,172363.2657,195754.7256,187412.0547,284579.3646,252534.7542,228943.178,224164.2372,228832.5466,223692.6624,237740.1178,217400.9951,199512.5589,240302.3266,217819.7135,215530.0614,182560.9345
Q8JZQ9_S75___1,316095.9206,323846.7296,318365.0585,300667.042,333813.8313,383088.9897,333209.009,364658.1788,403214.8784,505346.6274,380987.3882,408263.9743,423444.3123,449485.5772,330975.5913,401245.4825
Q8JZQ9_S111___1,8131.749617,6951.516837,7715.611101,6254.506875,10048.05023,10901.68061,9265.40424,13040.60228,7848.043666,11549.75535,6970.231003,6389.169779,8830.500415,12468.28822,5138.323183,5017.472839
Q8JZQ9_S120___1,9611.561126,10337.6948,8016.76687,7130.922223,11404.84216,10708.8573,7323.169541,13772.20656,10023.90834,15353.10097,7615.718776,7596.92358,11733.56775,12585.84719,8134.440684,7269.215823
Q8JZQ9_S28___1,117416.8755,87420.27224,95024.58486,92889.43148,169483.0248,162563.4358,100751.3605,77401.77061,155141.7542,142297.4421,69073.30754,92519.57178,130484.807,105457.6475,56099.76473,79084.75355
Q8JZX4_S222___1,1889341.554,2426029.618,1789587.798,1633647.224,2217788.269,2013778.033,1670631.958,1887956.983,1907890.211,2560009.282,1579904.189,1690106.204,2409546.11,2162335.341,1734095.689,2013223.027
Q8JZX4_S155___1,89196.72958,107984.4055,83788.78178,83239.11037,88194.80509,85775.73051,88482.02961,120436.4543,89502.24722,112310.3689,83893.55141,82240.99949,105866.8059,109931.7819,75257.08977,109419.7328
Q8JZZ7_S1402___1,30854.43944,50943.94067,46348.83658,57546.11945,50478.68689,37846.07947,53675.21421,56854.40953,41609.52376,29140.0004,48328.79678,44289.57854,53673.20946,40720.12849,42385.08788,36665.60238
Q8JZZ7_S1458___1,194522.0186,230800.4317,177866.0112,176354.8257,260707.9858,246824.033,226023.5641,246058.6702,230741.9385,200960.9517,199597.9086,188749.0694,242266.6662,245929.4946,185359.9861,141248.7666
Q8JZZ7_S1437___1,111182.8313,166466.0368,155882.797,158338.0534,163895.8481,133169.7932,170480.8212,168969.0207,122328.5587,118365.1305,149411.8698,123867.0792,162539.3803,135720.4689,107262.9004,89191.00419
Q8JZZ7_S1362___1,68283.39083,83822.48986,90761.87133,116645.1592,93197.35748,91128.31193,92419.93597,126548.417,71788.82009,69643.19805,94995.88433,97850.2072,102629.1703,86248.17926,87523.07675,77981.20954
Q8K010_S419___1,44500.22633,63516.39515,56108.99729,68659.10279,59027.48339,69937.5747,67046.18325,56054.4904,43469.62631,94153.96174,41089.62346,58136.97433,64077.83711,74882.01467,52596.66862,69428.1955
Q8K012_S501___1,4226.162953,5806.853232,7783.928085,7720.997669,6311.558984,4638.000858,10562.12637,8126.89904,5509.822091,3769.748467,7898.082238,8697.102065,3378.54757,3917.682109,7078.40963,6968.31653
Q8K019_S383___1,1297184.571,1721040.892,594180.1608,846124.54,1801159.645,1859653.923,971520.7228,583409.5168,1534001.025,3163696.075,656302.5607,769189.5789,1497534.111,1750825.035,663221.3879,623819.6967
Q8K019_S688___1,64537.74976,94839.04663,40974.22517,47038.03018,73182.04643,84330.85177,53312.15337,45380.71066,64506.41381,133530.7089,38310.32139,45975.99902,74488.88349,81192.25431,41529.211,48381.34517
Q8K019_S510___1,6798037.695,8766434.88,3186967.974,4810041.418,8639030.602,9184675.777,5173198.039,2997533.678,8020090.275,16133377.28,3472777.361,4385612.518,8064288.318,8256803.906,3554063.337,3951605.364
Q8K019_S395___1,1206696.478,1439881.274,568910.606,715266.3764,1086972.712,990519.9522,885405.8083,634255.7162,996185.3322,1760495.369,635189.5812,769107.1773,907183.4616,1185868.506,738785.6803,813586.3757
Q8K019_S656___1,1332626.867,1514435.728,640708.5255,889828.4326,1350271.143,1309146.337,930558.2451,573713.7409,1248186.912,1424008.121,666465.0782,813650.5264,998916.3034,1169723.701,724232.0357,691904.0688
Q8K019_S221___1,96043.24582,136911.7519,47258.87008,65727.8413,118571.8581,132723.9713,77763.06132,44411.36152,98628.45433,217994.3501,47703.62485,71400.60973,113850.8755,115246.3877,50314.0182,60697.63709
Q8K019_S529___1,957845.8747,1064608.186,375148.2189,589407.7092,856832.0843,852214.1341,660052.1883,391055.9048,703218.8417,1170926.216,528076.9337,520827.2439,682125.4601,858576.1569,562865.331,497934.7851
Q8K0G8_S83___1,11419.83152,13903.45924,12466.08823,12045.62237,13987.14146,12006.6835,15945.85202,12847.83884,13957.18562,20518.17337,14791.58509,14436.09076,17857.15403,22348.64579,13806.78776,14485.16261
Q8K0G8_S343___1,61231.40904,53320.74749,38863.49526,46619.84822,94856.04594,89694.85676,55790.92112,52162.75581,50179.77554,74193.48712,49001.70095,35796.89987,62846.83672,61662.6236,34480.1516,47887.43733
Q8K0L9_S207___1,54360.063,88732.52167,52204.83511,56727.41288,88121.40011,99097.16722,74089.94928,61213.19437,63661.03208,147100.5034,65646.62929,60646.35312,91906.52276,83681.18608,54724.71374,47735.53881
Q8K0L9_S353___1,26342.01393,26800.4194,27364.33326,29662.09273,27622.32647,34653.86816,28588.23393,26258.83344,26873.64609,48457.98803,29867.3585,28850.46116,31610.60117,34400.92439,26411.12116,24119.89473
Q8K0Q5_S263___1,286509.6185,288505.2558,309810.144,372206.4242,447884.9052,410386.1876,405481.9239,328681.1621,354133.6811,387221.2773,292888.646,323838.967,431384.2762,378675.5048,310546.1246,358475.1882
Q8K124_S395___1,478672.3775,726891.241,454895.2049,506909.1847,579008.0426,775699.5892,508019.5331,463041.3533,533856.7834,845925.5552,478433.3023,532524.7392,656446.75,612790.1666,497925.1797,684440.0358
Q8K1B8_S8___1,137984.7787,159010.8352,85041.45282,105905.8431,147981.6567,167334.6211,89154.80546,73809.82046,149834.2641,153041.9212,83447.21357,92375.80629,157573.5673,186141.2025,73065.71753,78837.03201
Q8K1L5_S82___1,36658.41271,30927.86234,48437.03921,41385.02365,67093.88942,71289.73659,49515.24169,59060.25804,38764.05944,84486.49307,48095.26249,58131.5762,68566.56716,74977.37245,37501.87591,57290.12965
Q8K1N1_S241___1,564311.4094,501158.5813,539641.3859,560135.2791,397736.7516,411511.0112,533416.0645,515712.3828,437432.2533,300428.7008,590873.6717,558167.2734,376669.6614,420155.2969,619764.7341,690386.9675
Q8K1N2_S510___1,341710.8275,415123.6145,311318.4504,304576.7354,459627.1871,422890.8013,345369.5243,332437.8329,323500.5098,445975.9913,299405.8585,268259.4171,474231.8892,342131.0186,227994.1782,245549.2225
Q8K1N2_S486___1,251989.6375,280265.6304,200195.929,217951.4583,269655.2338,312153.7005,212766.6334,236401.1001,232578.8774,391938.8963,183777.508,207351.6967,347192.5814,289766.6187,228406.6375,269877.1486
Q8K1N2_S389___1,127742.7581,102387.0026,91105.27628,101970.648,137787.635,143952.2646,98029.67259,107491.9612,131208.5999,156335.5723,98021.78405,114872.9099,145245.2435,125631.3928,100375.0505,121365.0391
Q8K1N2_S465___1,168162.8361,259715.1518,177680.7368,168959.7847,215195.6366,244489.9282,219233.2333,260955.6938,171032.6701,184666.009,168996.77,154698.052,249583.0437,265694.3521,166921.3431,213223.6951
Q8K1N2_S203___1,12351.82181,17045.94862,11633.20938,14615.97017,10390.93933,13103.73424,14593.38227,16086.19169,12511.00178,12774.38949,12559.86658,11115.27774,18084.27594,15423.66645,13337.48244,18817.25415
Q8K1N2_S976___1,147303.9921,121845.9271,133385.6957,127837.3576,157042.0771,159540.8441,108120.6635,123092.745,126463.5374,152298.0295,107026.5305,129494.3117,167976.2596,149186.6078,105226.7749,105720.5368
Q8K1N2_S333___1,141886.4879,154415.3024,120445.3871,114773.3363,149245.3431,155102.2486,121516.9205,152029.9065,126343.7347,178492.8667,104502.6246,121398.3909,172707.1839,158476.1609,136766.7461,124503.7494
Q8K1Z0_S81___1,79723.59794,75215.35062,98404.51582,107173.3535,83491.61965,95170.33835,86899.07021,92009.15054,108806.9532,79564.63601,135575.2063,132685.2752,83483.60268,85965.35692,103839.0667,112655.5313
Q8K284_S1890___1,42379.24743,45187.30082,45765.26603,50105.73704,44341.54605,92510.78262,51803.02984,43963.35904,41121.12222,148804.1765,44883.13065,46874.5725,59245.39453,73664.73098,47732.27489,41754.34062
Q8K296_S288___1,49325.84248,79001.63568,63095.02856,45989.7022,67093.8004,60172.26317,67948.31895,53187.73613,91982.53925,74339.23566,48881.6888,41241.63421,88563.78773,78344.71981,50127.43678,49969.80615
Q8K296_S1075___1,93488.76384,108288.2663,70413.48486,64706.09208,125500.2519,139204.4228,81842.66955,71974.36198,111793.9092,145851.9319,75558.95238,66028.14624,141641.0624,103678.8744,69443.04864,71287.27492
Q8K2C9_S114___1,6509438.301,7418180.445,6458277.357,6283616.944,7748823.558,7640045.08,6449008.973,5878904.559,7859625.619,9653683.278,6506502.547,6637313.273,8273027.062,6915140.446,6944511.983,7038033.729
Q8K2F0_S564___1,294938.3497,511305.1152,271439.644,280007.983,425956.2288,578797.3594,291483.581,358136.3652,404592.7502,350535.4111,322128.0588,329626.8231,335179.033,257189.4579,242695.6311,304518.2981
Q8K2F8_S216___1,168747.3368,242856.0431,232008.4771,220850.6,155116.0791,188021.3921,234720.5501,242719.3984,138772.7165,266909.743,226779.4649,231757.0833,215465.0891,149955.1711,275257.6513,462201.9164
Q8K2F8_S373___1,78463.49013,83485.92914,114003.3578,97916.14159,69668.64768,77998.92301,122916.8361,100389.7761,49275.66034,82151.34508,82579.91189,89124.51719,73360.04063,38241.34685,106958.2371,100942.195
Q8K2F8_S183___1,334291.3585,371635.517,458304.1414,408504.517,294138.3442,406069.8182,426829.6391,372394.693,313618.1104,481741.698,494598.8243,428235.8593,433404.0601,235117.1667,525540.0701,764733.8722
Q8K2K6_S181___1,94701.88926,116782.4407,1218982.271,1190506.483,69507.25067,78202.92896,796532.1847,109881.9247,117361.7151,127945.2253,197046.5956,224930.4679,138934.0794,133880.4101,193041.3681,129049.5208
Q8K2L8_S15___1,5097.611954,3197.454523,7006.492526,6268.812048,3808.459018,3957.296603,5557.814844,5689.897837,4344.247113,1983.646383,7456.950422,7628.047681,4969.966267,3744.897894,7915.931426,6545.437539
Q8K2L8_S128___1,450189.3232,360942.1233,357227.1942,520650.3097,484529.1989,611229.1673,352819.2917,344406.4617,368632.6439,457208.9331,345029.496,450059.5851,459726.4406,483553.1158,347065.7054,398879.4958
Q8K2L8_S309___1,280768.779,227892.8414,254640.8954,309038.287,233231.5093,270150.0821,249790.5421,237677.2736,211092.2771,167652.9397,245783.6811,216779.8519,236039.8816,213612.2768,255864.3658,253555.2596
Q8K2Q9_S249___1,128180.0816,237031.8365,233390.5937,248756.4846,166405.4199,138970.4199,290954.4842,237947.7957,161796.1388,193660.2007,239962.583,207707.8307,164778.1625,148655.3247,103502.1866,87259.56748
Q8K2Q9_S506___1,513115.5121,525372.2517,554468.8636,702462.2814,645951.7964,652652.9611,660760.5803,641586.148,539969.851,516153.7241,646399.2105,558284.4978,566682.7539,441694.8693,394660.3728,363308.1109
Q8K2Y9_S393___1,139042.0881,121658.54,97669.8798,84860.21607,137625.8065,122734.9433,101670.8289,110519.9308,128813.7421,124369.6008,103217.4471,94620.3546,158293.3641,122903.5342,102656.2279,83255.52447
Q8K2Y9_S452___1,32595.61428,28152.49914,21285.11375,19097.62059,39942.9935,37716.11084,19987.19176,19523.76956,32874.24421,50534.51875,18924.4144,18099.17644,49119.66418,39688.05729,18078.35159,17423.57517
Q8K310_S188___1,294186.9078,250178.7801,308281.9968,339784.3494,393967.2771,439352.3462,375144.7817,326694.9291,236381.5258,359178.67,268175.579,249111.9922,331763.3614,319356.9856,212531.3733,203390.5304
Q8K310_S206___1,215284.455,250030.4864,190212.622,205778.1753,197439.4444,187028.2133,216573.8853,189269.2436,240988.9325,210842.7196,164168.9783,165125.52,215432.1214,201480.4756,163135.7649,185257.7034
Q8K382_S538___1,664351.5124,412650.0469,319191.341,421378.1274,399167.2354,502605.2486,299582.7262,382359.9272,521733.4002,441424.0221,454196.1043,464587.4896,298200.1308,1012669.114,511789.0093,597211.1704
Q8K382_S546___1,35489.0631,21051.48277,17794.42209,24698.1575,22305.81212,29416.6233,17094.99143,22086.58212,21821.54797,23966.21058,22228.73577,19371.5659,16376.51819,46979.17672,24826.24087,35044.45124
Q8K382_S592___1,191167.5094,183114.1799,75872.67889,107727.6111,143228.6342,197510.2478,105535.9247,141435.465,146159.2799,180535.6008,99293.35873,78650.56989,120845.4482,384198.1844,122505.9375,174412.6453
Q8K382_S473___1,42480.15946,31867.85504,25359.1843,29877.61343,35059.48775,45707.00887,26414.08812,35100.90993,34798.42227,54828.50153,29587.87022,27987.96589,25207.79177,97412.84569,29525.77072,43281.96771
Q8K3G9_S651___1,150628.5509,135811.6663,102602.866,167480.8907,100127.8812,106874.2748,97098.74969,91126.91324,136246.6719,116500.1953,96296.00999,101279.1384,123679.1094,120409.9057,116710.598,139093.309
Q8K3H0_S401___1,112032.8884,82398.48381,86936.28398,90976.73034,111109.3567,85506.20802,98453.84771,82818.34729,115960.9569,110320.3411,95509.23446,82451.99978,125872.4852,96227.27186,68947.4156,82360.09337
Q8K3K8_S517___1,46567.26347,78067.33923,75970.85991,61578.41359,37767.28943,39770.72798,94058.69869,77955.11551,21731.13862,9670.181666,27711.50864,31108.10319,269488.7267,28285.2007,27468.37651,19763.64123
Q8K3X4_S526___1,80040.72932,126455.3909,153992.1881,193035.0904,96930.3689,159012.4826,137821.7527,110379.077,85144.9947,127744.8273,149468.5587,158924.5162,124443.9464,83877.09267,171004.9453,172544.7347
Q8K3X4_S195___1,29003.58318,37609.97771,50529.83464,61671.43561,30646.28961,38194.3094,44827.34077,47710.61156,34226.37978,40465.56625,58249.42528,63969.31411,36728.15329,26365.91682,61483.04954,58506.72989
Q8K441_S461___1,55527.72104,65973.71689,66532.35577,62676.07502,70631.28737,65920.68241,61939.64716,67394.34693,60538.41563,89664.75209,61120.86349,64655.12331,80460.68012,80196.65816,53752.1712,61994.22369
Q8K441_S429___1,112722.8653,149020.9332,139416.7325,141789.7795,161219.6656,158439.7444,153500.5697,153378.1238,129529.9831,216147.4317,148493.1162,155366.9783,179357.8096,159259.2746,147957.9576,151005.3417
Q8K4B0_S449___1,36768.78094,52663.52793,42093.84951,52756.27645,37453.96494,65791.12132,53075.93986,48481.10297,45481.40987,75535.99859,49256.39666,48134.93657,66931.67825,76390.07102,48163.9959,46115.05885
Q8K4G5_S789___1,52251.22098,76812.70606,54303.29487,52101.90174,68992.97843,57983.62452,60381.16258,43301.38379,52137.50458,50343.9784,39584.68262,45968.39641,50730.33371,51830.57823,42894.94387,22644.24766
Q8K4G5_S466___1,53727.62121,50259.58033,25778.50813,31033.33586,58387.41118,60032.09153,30023.87847,39642.30382,43610.37303,86172.85186,20212.26441,27007.78083,57548.5423,68005.082,27288.48312,30201.43316
Q8K4G5_S470___1,197925.3226,249094.6485,135487.7488,151528.1518,271422.656,197691.337,154494.8828,128636.7448,140919.8161,170674.1925,102962.7389,92855.43598,169169.444,192651.3386,115193.8118,94394.05267
Q8K4G5_S475___1,80475.31692,88290.64912,61577.43943,63177.36014,81521.28845,71614.88034,54336.4216,59652.4789,67569.33898,57452.19661,63665.04659,58306.58246,62557.60657,65580.0728,77895.63139,65503.17577
Q8K4G5_S670___1,31868.96382,41875.51849,25255.29554,23442.86076,34196.16692,26340.07706,27244.60239,28624.96912,28605.43958,27167.93362,30052.95797,22091.74813,34563.85799,26015.79145,29016.85446,23208.66812
Q8K4G5_S671___1,18585.17534,24535.40718,13608.77279,19891.59636,20044.67984,20410.50754,30080.11577,27101.68299,19271.30513,17403.00227,15520.06341,14011.74465,19702.93413,17782.44644,20053.56574,12288.78047
Q8K4G5_S496___1,117342.1072,158690.2417,139076.5547,89762.7783,125039.9352,115071.851,98096.1215,129958.6577,100144.6199,75145.51047,132671.6419,103021.3286,94830.48602,97939.86749,125983.9957,118060.2885
Q8K4L3_S666___1,159836.767,239700.5746,177346.7685,197414.7472,189667.1874,195583.8201,251164.7869,230912.3944,150446.8528,142290.1321,188447.6119,147902.7906,229351.9826,184205.345,143744.2361,152462.3361
Q8K4L3_S1011___1,284546.8102,505511.2689,348663.3865,353371.4013,399078.2983,431941.1066,507056.3448,403871.779,283462.7377,436902.2102,274583.3367,250376.4669,439455.4528,334688.1969,256002.2766,232361.8115
Q8K4L3_S857___1,182665.4626,256416.0775,277377.1762,242424.3207,215718.6901,215621.082,329520.86,387054.7604,216536.0915,203666.6982,284256.0179,218197.6209,250068.8266,213887.9835,224409.7668,230871.086
Q8K4L3_S241___1,92467.55164,110999.6446,107647.6849,111709.8011,113775.1669,110568.2587,101648.0475,106212.352,97947.36665,116721.891,88445.91807,83371.71366,118522.7088,105114.1786,105696.7831,110704.7452
Q8K4L3_S960___1,560596.1201,557899.8689,527241.3202,540887.4935,695286.6501,613785.2916,610970.4767,492530.9914,483501.5673,733225.6567,494790.7211,472930.2434,650308.1197,652493.2429,473043.7018,475327.1337
Q8K4L3_S632___1,362717.9487,343165.8475,221530.5864,213095.9169,383921.1346,449862.7617,319909.3714,204659.6477,537577.6779,551056.6128,252790.2711,259394.6894,463365.8391,383462.6286,199142.958,209096.538
Q8K4L3_S634___1,374131.2305,292524.9489,266626.6952,313109.119,504970.5512,585014.8868,411692.0516,312441.4884,548734.9014,575793.127,291866.8639,305445.6781,628873.9002,486593.8022,271515.8379,351761.2706
Q8K4P0_S7___1,48190.64647,56517.44643,32562.42665,38931.55905,58894.72962,56345.04829,48187.9976,51137.90356,68525.24086,85985.38095,51781.44976,43436.47203,85059.08654,53177.35816,49006.81122,34731.00537
Q8K4P0_S999___1,194187.1924,217824.9055,192566.3793,164225.1005,263549.0976,314032.0782,247966.5254,272761.5785,241269.0594,277440.75,186459.5542,173158.593,216684.0744,192444.7927,198615.7552,126196.08
Q8K4Q0_S877___1,30712.57342,26853.19164,25262.20066,28148.01692,30419.4846,28941.49618,34188.29107,27137.2749,29744.54333,26025.86716,40236.99982,32189.96847,28843.57996,30798.45162,31626.8997,38652.84465
Q8K4Q0_S859___1,316205.8376,242766.9709,363339.9812,410406.1307,421113.1395,355831.2686,438315.2061,346979.6921,320768.5492,388560.7163,451395.085,456578.6963,406346.8231,287414.124,333770.6029,419644.3676
Q8K4Q0_S722___1,327846.6586,421884.5543,354986.018,337430.9193,438257.7735,395858.4845,351061.0944,342986.2178,245293.0354,253542.514,386298.0436,350722.7663,412686.615,334086.9648,351521.9533,392402.2813
Q8K4R4_S299___1,530951.4758,543631.2965,591532.1451,629928.425,426117.8756,533326.0295,612000.6542,566305.5216,411218.9149,425423.3167,584273.8687,591442.984,478867.789,483019.835,712293.8067,543014.9476
Q8K4R4_S274___1,215527.9262,340389.2623,216995.1802,224232.608,234604.8014,317632.0195,230199.6997,217622.7221,222367.7165,314007.6762,212658.1204,198563.9425,277665.2799,238902.6456,207596.9596,181526.376
Q8K4Z5_S329___1,478337.5553,505429.5981,559049.7382,565555.1489,493070.9929,605717.9578,587725.417,418742.0283,582426.7489,647179.3147,578344.0663,582565.3319,543128.7581,515045.6828,597445.2246,663082.2123
Q8N7N5_S123___1,419045.9624,417984.1826,532867.656,575104.5941,508951.6149,577756.6603,600047.1508,446314.1113,421743.8916,689185.8517,438381.1282,478352.5922,536707.5168,440479.3498,397335.0067,459547.6259
Q8N7N5_S124___1,344230.3887,341066.2397,395084.2611,387501.3931,425430.9214,511923.6334,472263.8491,360180.3399,316511.6868,514911.7441,319467.6102,322609.6721,403918.0471,334631.4854,325722.6232,380529.6588
Q8N7N5_S48___1,99479.50989,79904.36792,116899.7743,130311.4207,89405.4437,110720.7654,139789.1299,121061.5103,78185.7159,112623.2053,84525.37923,94163.62218,110567.6815,87103.15541,104661.5256,108298.1714
Q8N7N5_S100___1,24107.1907,16884.65758,21030.35805,16838.90826,18560.84831,26453.76022,15125.42753,11908.2284,19050.58527,19515.27731,19903.69399,16944.7699,24542.38753,19085.14166,16944.9054,10722.17537
Q8N7N5_S118___1,11555.53341,13406.93515,9835.313444,7441.699412,10959.04872,13297.14197,9745.030292,8190.812679,9359.506453,18849.30624,5374.606555,5579.464328,12557.22843,7522.758264,8117.044306,7702.994154
Q8N7N5_S28___1,79765.84429,60953.2309,61939.71701,74125.96504,64927.58567,79733.24951,74356.76201,68472.42134,68200.22764,67343.94774,70397.77292,64582.37771,71301.07765,64851.10905,65019.57619,84838.04845
Q8QZR1_S448___1,1485325.355,1358529.434,1216523.58,1986906.496,1713140.151,1108421.402,1909995.399,1994905.347,2322855.002,1542019.504,2388578.204,2187938.398,1987141.862,1643789.112,1959241.124,2103095.11
Q8QZT1_S230___1,24797.93025,27297.24155,21068.15032,25108.12766,32902.77302,30275.83956,24034.40726,19229.27662,26852.18854,39486.57331,19780.08671,21944.11426,37377.73709,28347.92015,17561.59892,24771.50346
Q8QZY2_S16___1,48737.31657,61772.98233,50656.05635,59273.71123,50974.35563,47604.49744,53239.05561,48123.32208,32993.21124,29041.42396,43751.8381,40298.63971,43652.35923,38580.48596,35743.82713,38263.2052
Q8R0F9_S288___1,47398.07682,46470.48753,37880.93756,46976.1573,51273.82763,53034.15575,51051.43142,38728.29823,51501.04268,66678.7957,41251.41603,35473.88376,64325.58014,50180.97297,36039.44705,42581.30068
Q8R0G9_S492___1,87767.57297,98019.59476,102979.1665,107844.1329,116947.6157,129937.5218,112969.3446,96317.77958,94174.31943,114881.6936,113151.5834,112616.3278,138224.1274,118664.9301,124098.0119,105258.5561
Q8R0J8_S84___1,225491.8455,250122.936,280097.8102,284935.4384,289650.1666,366145.2267,344063.9102,297568.7653,256048.0481,408612.7377,350221.9576,284831.3853,408907.222,317500.6515,286506.3227,281373.4759
Q8R0N6_S450___1,345283.4143,317746.4971,387824.2952,372093.6087,335846.9015,348761.1838,330170.648,351162.1481,292174.9481,516058.3607,296388.6195,332299.4904,361348.6732,345523.7232,287985.1582,343351.8002
Q8R0S2_S510___1,397315.617,379520.8952,427993.3031,488999.0885,437199.2252,447876.7766,412057.207,431696.8689,427453.8257,548004.8758,428642.9423,478910.5923,547598.7828,551317.2126,433065.3279,584368.2616
Q8R0S2_S179___1,174123.2157,183917.3693,178602.2434,211181.0406,211480.8058,208818.8539,187878.4093,183604.7177,173494.4838,181312.3163,190278.9541,193520.7866,199011.43,214442.2127,185216.6542,210652.0325
Q8R0S2_S922___1,136099.7998,124296.4461,171383.1848,168502.4881,117583.2923,123157.1109,134419.4045,198741.4209,158720.8583,114796.7984,160771.5134,172310.4814,136832.6248,131947.0441,191044.9391,212536.3616
Q8R0S2_S464___1,5339.101257,3540.51954,4297.495933,4061.278461,3809.398245,2740.779929,3363.671081,4542.315607,3350.290428,2920.936812,4749.860962,3448.620965,3120.844433,4645.022266,4704.056928,5779.448759
Q8R0S2_S251___1,32146.61531,39537.39526,35825.34528,40600.30539,41083.32354,42050.67586,39446.8691,44479.12382,43463.5849,45280.00616,36906.26131,47296.99956,47164.77178,50219.80136,43366.25528,45448.36029
Q8R0S2_S106___1,202129.5348,265155.5247,227211.1589,270123.3097,241419.3014,267906.691,257283.2106,241165.4708,206749.0585,283995.6653,206135.2035,240578.2574,240424.4895,250046.8676,220243.9279,225179.1681
Q8R0W0_S2561___1,37236.33949,44042.72744,30931.18193,29335.25023,45330.67196,47785.90522,33232.17587,40140.56005,34781.6442,53914.41377,31164.68216,45230.80027,48558.48962,48043.58796,33594.11868,42513.15457
Q8R0W0_S2606___1,28768.09781,28336.32478,28856.93515,26978.29685,27697.97183,36929.91933,29297.58048,28297.2637,34194.02481,46039.27672,27935.05551,36854.87601,31176.23909,39607.42854,29520.27207,23029.44294
Q8R0W0_S1537___1,1031240.79,1097895.685,1005000.326,1124118.6,1107257.744,1012309.656,1156567.721,1258743.951,1042966.147,662965.2847,1113425.658,1014524.052,891693.025,806267.2332,998658.6591,780281.2809
Q8R0W0_S2705___1,2102162.4,2328938.473,2312085.651,2451088.102,2641329.275,2326633.201,2575203.774,2277222.115,2214219.847,1663946.953,2303937.482,2236557.74,2461471.816,1831957.092,2050969.601,1622229.794
Q8R0W0_S2707___1,2026752.704,2510477.997,2197876.663,2218659.348,2634099.308,2162359.716,2352428.25,2317682.575,2082951.694,1641147.891,2357023.508,2149797.057,2403440.826,1753836.364,2076221.074,1290032.427
Q8R0Y6_S402___1,99575.54399,97639.29898,101765.2196,104024.7821,96783.69611,95644.42601,109016.3787,97546.58737,110806.6143,114371.9387,93343.28043,106076.7351,109428.224,91742.95523,99743.10222,89233.87339
Q8R0Y6_S311___1,18896.57314,23462.1633,25421.85898,23043.26875,23769.47893,25319.22354,26681.22314,23023.10482,21536.79854,26363.27198,20487.44621,20662.2326,27788.06651,23831.85037,18977.34854,21217.52659
Q8R0Y6_S312___1,47047.47012,64966.42611,53068.2658,53428.38094,56380.52695,59296.73281,56992.94953,51993.41468,61278.13107,76843.15822,40996.77035,48916.43579,63909.39939,59692.51159,45689.38684,54109.3392
Q8R0Y6_S631___1,53003.09402,67750.92992,63861.54403,62824.27029,63478.07937,62126.79929,66789.01592,67739.61348,58656.92184,91061.28659,60332.05107,69890.94219,67863.84774,65377.3963,59341.6662,68462.14247
Q8R0Y6_S9___1,30855.84628,31349.20973,40435.47974,38094.87027,40581.41588,45389.4366,39007.65233,33195.01555,34052.12112,40684.90112,31015.00224,36306.82932,46921.97243,37037.57938,33899.24386,37543.09681
Q8R146_S187___1,440430.3857,454827.3559,455479.8834,501029.3408,430104.9891,372600.3261,532016.8228,492868.1304,408636.1538,254950.6147,539651.599,502752.5292,416451.8622,409008.8159,556438.5451,598744.4206
Q8R1A4_S888___1,89665.15544,107885.9053,93008.3441,103128.3672,86324.23047,86473.6198,125462.1861,93148.31037,78657.07282,78156.41482,107966.0832,85196.31979,107272.4797,97261.51475,79101.35955,70453.49788
Q8R1A4_S900___1,70695.51664,52246.47834,58925.69228,66673.53135,66095.6451,65128.40658,67164.15213,57152.35975,64890.43109,49910.95929,68719.38062,79646.01961,59990.44732,66687.72215,69290.97481,75663.60561
Q8R1A4_S180___1,12186.71077,14927.63695,9679.615395,11247.83362,16237.91288,13352.61956,11690.20693,13583.80455,11565.2924,13133.70234,12971.55485,11096.68167,18138.89254,12304.05253,8819.359833,9885.350536
Q8R1A4_S182___1,24306.08094,34235.66093,27067.99028,33337.74972,32229.73562,28692.03021,37098.04359,36769.22053,23366.76536,22876.63363,30131.23779,27101.15403,31730.99836,30485.10818,26495.87847,26410.79312
Q8R1A4_S1428___1,39718.89567,40681.94063,49469.08471,44909.32133,39563.12404,36874.66073,42375.09451,44617.28219,36482.52694,30378.68247,50359.12444,44198.53619,37876.54094,35319.74533,42617.82394,32431.01926
Q8R1B4_S166___1,21086.71826,25776.59579,25258.5522,22758.90504,27778.90669,50393.04272,23390.04046,21738.41072,26413.00605,46994.97537,21240.97761,24604.2471,39290.01074,29807.84806,22711.7693,25029.07982
Q8R1B4_S39___1,18527304.59,18593763.72,20519934.33,22044289.01,16339798.62,18288941.34,18817287.88,20130140.54,18634258.6,15412213.26,24102130.94,22784140.88,16514807.72,17860055.65,24202381.83,22706977.97
Q8R1B4_S907___1,17012.72507,20896.10729,17331.84618,22327.67386,24794.69171,21414.39297,19657.83658,16648.52136,14817.11865,28442.71521,15493.03003,20458.43668,22854.31798,21553.41123,18420.38095,15359.3909
Q8R1N0_S342___1,902025.785,953990.7962,588803.8567,668026.9872,948186.5259,1265902.577,993997.3068,640897.3215,1055552.741,1522098.72,555155.4701,685932.3029,1085856.041,1110381.161,490920.2776,607728.1507
Q8R1Q8_S207___1,350198.6072,364054.5331,379836.399,419534.3987,439190.3914,451265.5069,453006.7746,356347.8945,442271.4635,502943.4347,383781.8498,390460.7534,379195.5901,351007.0677,373011.7578,406317.8082
Q8R1S4_S276___1,56884.7422,82999.2906,54749.71973,52764.26939,67915.51238,55696.65852,60271.01319,72478.84837,61409.35556,45654.05797,60910.52446,43508.77766,57561.40894,48203.82629,36847.14511,31033.92052
Q8R1S4_S636___1,200696.9376,185636.5994,171379.5041,175847.2547,265197.5009,224078.7152,205368.6479,166415.9463,195160.6972,230813.2922,213585.3625,208381.9702,236688.6783,193560.7065,164704.0041,139905.1605
Q8R1S9_S49___1,1254413.428,1909433.597,1387529.502,1434126.668,2123370.837,1969837.626,1657368.099,1205577.682,1315902.586,1637221.145,1191015.187,1194698.156,2026937.943,1118599.845,1034233.859,887521.0456
Q8R2M2_S173___1,206692.4295,256280.6457,295169.4918,303577.1833,352433.93,325765.6839,268266.3814,274965.7954,282851.9276,251477.1117,295194.802,291504.8697,246045.15,227966.6227,304473.2822,232761.2882
Q8R2M2_S248___1,100010.2318,86636.81706,117259.9791,115051.3314,140558.6698,148986.2059,134763.2522,127335.1284,118181.1039,95825.7735,141228.8877,112470.0886,87662.23646,104205.8258,127501.3715,127540.401
Q8R2M2_S255___1,79156.77256,62011.44697,100620.2573,93768.46395,98405.78398,88327.58052,91019.0776,88148.92678,80136.5973,46163.97259,99508.33366,92763.32771,70274.75919,70492.41331,97084.58415,93633.84301
Q8R2R3_S312___1,391569.3713,351832.9933,293073.6661,385922.1329,526459.4452,458192.6501,264349.2189,304385.1447,516175.3627,990403.9895,282442.4099,325782.9016,547384.0549,370739.2963,289475.0299,272301.5741
Q8R310_S216___1,677203.5485,652091.4213,641495.7535,591447.5936,416973.7481,489429.6661,534607.4697,484164.6598,664295.0668,344339.4274,591862.8362,436109.237,827903.5295,440602.3776,651494.4534,618750.1358
Q8R310_S46___1,189642.7187,183747.3478,201776.2597,196769.2026,208722.6545,213717.1401,180210.3271,141585.7635,196369.1507,174038.9141,166463.5067,165384.2418,280831.2165,168037.9786,142608.3407,179744.2184
Q8R310_S15___1,85825.90003,67536.90308,71704.29579,69235.07553,52094.30882,57138.93331,53950.57468,48757.70323,59029.27152,41237.32304,59168.76433,57690.60498,87641.28676,46645.45042,43220.27207,45340.08766
Q8R3B1_S460___1,468902.4642,459733.0622,569981.2542,594643.9517,779626.442,892974.0243,521216.2025,403602.1586,800785.1245,1315132.389,520510.9247,580882.9819,873634.4079,672016.451,589010.6341,563412.3086
Q8R3F5_S41___1,25968.65866,39771.51083,37834.34193,49860.2277,27707.15077,27678.08272,46868.42275,28447.79753,22135.30425,28372.85412,42792.98526,20745.61335,31186.34273,36208.88008,22997.49073,20342.4268
Q8R3F9_S688___1,1030003.652,857688.0236,2183245.411,2295948.381,867850.9516,1069248.397,1759521.236,2029719.169,925540.6581,1163683.504,1272322.786,1693215.12,1619171.749,1110004.195,1722979.301,2314591.543
Q8R3G1_S199___1,87398.85234,92261.92434,79681.59995,72235.50591,106892.3263,110951.2062,73765.56112,74407.30328,111541.8235,166876.8177,106143.5867,92265.91546,123543.6262,103654.7159,94402.1663,90387.97156
Q8R3N6_S560___1,172732.2718,150716.8543,202825.0679,213056.6987,155758.8549,174564.183,168068.7788,165224.359,206242.2848,160514.4574,209584.066,195034.64,151896.3636,166782.4346,161177.6969,207706.8924
Q8R3S6_S501___1,550229.4231,583658.9352,431508.3131,407494.4514,588443.1238,564819.8861,480438.9717,353220.1425,551676.0787,704067.6528,461798.9874,434173.7714,690222.581,554153.6767,380517.9354,359069.9604
Q8R3Y8_S453___1,6092.989593,6785.974561,6068.790664,6996.144938,4076.126726,9207.97571,6463.537916,9294.412834,5605.993574,4112.588974,7727.122478,8442.267899,6532.517702,9590.709166,10204.91261,8661.220416
Q8R409_S234___1,30154.90668,36416.73033,22966.5205,20127.47112,35584.74407,45086.7248,22371.72221,23821.15928,30759.86524,72687.27601,23946.59882,30398.75095,40327.89751,44325.39233,23995.44635,32577.74913
Q8R4H2_S1280___1,37356.53737,42163.30642,45225.62637,41651.43163,36424.84367,29145.81843,47254.35844,42256.0447,23288.42205,19489.91794,27834.28673,27117.32932,23388.81338,27277.58205,31573.77908,28270.65017
Q8R4H2_S1327___1,25012.96452,24867.63796,20928.40182,22925.45718,31104.05804,27834.07202,27754.82096,24561.84911,22657.97591,34197.81389,23315.11887,26636.56704,34286.7812,35715.71126,23657.54976,29429.55342
Q8R4H7_S109___1,163613.8035,195499.5488,112806.4358,129513.8007,214020.6276,180270.7115,137308.9507,119865.5637,181163.1094,216613.9695,127769.2954,108615.5477,188298.5804,184887.6698,110873.9639,125612.4507
Q8R4H7_S68___1,40232.43118,46399.90527,44882.74369,46971.26551,42679.90755,43730.86774,44541.51095,46071.46232,44520.87686,65569.06472,45251.8835,42257.86069,50788.38096,41343.80609,39828.31428,38626.28886
Q8R4U0_S2503___1,2771295.434,2680603.65,2318565.407,2391231.737,3110345.395,3138573.264,2524913.903,2325027.487,2742478.704,3969861.61,2113788.667,2288145.569,3617763.53,3376452.495,2282871.406,2567301.903
Q8R4U7_S660___1,1545834.661,2344330.91,1811229.718,1459812.488,2439749.699,2122172.613,1861466.755,1471550.714,2029512.863,2967728.449,1523267.885,1558256.037,2753179.361,2273517.923,1430732.426,1968242.474
Q8R4U7_S612___1,75795.23845,115414.0301,64905.24454,51158.89401,116396.4765,106951.4271,68602.05523,45813.09771,93739.33845,109569.6554,58616.38435,54393.35145,115025.342,83142.07856,48188.9556,62551.8272
Q8R516_S251___1,28774.13488,48856.2304,34520.98569,36564.61373,35219.52392,52602.75143,36645.45701,38979.69023,45334.74581,77061.727,29821.6541,35193.08598,70802.7651,55490.37276,28859.73194,34174.34607
Q8R574_S219___1,468488.0574,626850.9804,515554.6338,507162.8631,604292.2199,549942.687,621642.8834,515539.3533,576735.756,758174.4458,557916.0345,515066.7449,566209.1181,539022.801,557494.1923,659906.015
Q8R574_S227___1,573320.6311,663850.9687,699268.9446,628183.6878,666234.8883,610645.2115,748813.9713,675912.7862,663687.9161,772155.358,729266.389,667432.5863,739334.8171,633142.1474,752558.0431,881318.855
Q8R5F7_S289___1,127569.3211,131970.7334,94589.96924,101684.1341,99476.46509,99542.35427,123763.737,140601.2299,110033.5005,124332.2115,104070.4286,104562.0293,149910.6556,129581.3487,94386.0927,106551.3663
Q8R5F7_S1022___1,33800.95078,45455.78389,31214.60119,41896.18953,41540.05498,37168.23204,44765.51282,34623.91209,41966.66661,57911.61633,35472.37854,36800.18577,62592.23489,48991.67204,33796.39556,38576.16614
Q8R5F7_S302___1,904418.239,1046468.727,742044.5902,871577.8939,910664.2331,927318.0453,928958.8839,876223.8107,906297.8789,1273484.254,762229.5212,824276.5686,1263493.075,1177078.066,782526.6,882178.6992
Q8R5H1_S961___1,104615.0999,106609.479,105470.1965,106281.2307,134981.8613,94524.72191,94558.54344,71421.33461,125812.4886,138846.2427,86209.82106,105231.3819,124775.701,118385.807,98848.76176,110420.8999
Q8R5H1_S965___1,118106.7918,116649.1105,116100.6436,118479.4615,152417.5489,111660.1776,103812.8783,81641.30098,135878.8145,151123.139,97386.14904,118814.2502,138981.736,138159.2098,109209.8316,123199.885
Q8R5H1_S229___1,85862.17525,81451.67269,88405.64898,77071.50388,83591.48982,72353.03445,82715.10514,87976.87411,68854.27001,65514.95913,87597.06548,82042.3838,70834.47159,73356.83892,76154.86436,68889.89932
Q8R5K2_S401___1,24685.08451,28915.46763,36726.27695,37606.77976,32914.32741,32752.63385,35117.01232,44581.78782,22856.02194,32086.56396,43324.5062,43335.64024,29269.12264,24894.32017,53617.14268,27057.84471
Q8VBT0_S245___1,1518995.756,1496516.871,1434584.927,1170862.28,1095808.346,1002095.425,1556520.729,1465469.423,1383867.486,1170088.91,1659816.924,1615161.626,1255615.319,1169290.046,1643527.948,1454551.665
Q8VBT9_S193___1,1167596.785,1453429.455,805330.5512,866961.8456,1458765.321,1322853.556,965623.5553,1112349.263,1451869.372,2167332.95,980038.3271,1109592.352,1297306.534,2156955.67,1019805.476,1203646.571
Q8VBX6_S1459___1,94521.63299,128524.5522,150529.5275,131546.6872,134563.6505,126336.4424,162028.1945,134657.1239,112508.8664,109832.6535,107793.3084,87286.11646,103219.5448,86650.98193,83827.55852,73473.48583
Q8VC19_S118___1,123714.1108,123134.3272,112693.009,125780.2304,118515.5924,108429.4149,121852.0474,101017.6072,55211.27436,130986.7215,90331.68467,69720.422,104509.4357,97273.28493,49695.73962,75904.51527
Q8VC19_S122___1,185517.8775,197412.4476,179097.5331,153679.34,172141.5477,174866.7428,151899.7072,127021.0301,88617.2157,212947.9922,96852.12314,84453.13845,172492.8428,156154.1679,78283.81205,95892.61183
Q8VC30_S549___1,46766.28899,40239.34965,29069.78511,32532.68021,49534.15076,45819.06431,48057.78572,41566.5372,45925.07461,79381.66552,31331.63794,33521.48216,54031.27538,50510.81699,37238.78029,49722.42033
Q8VCB3_S627___1,17223973.21,18152577.86,17907200.15,17928243.09,17523985.45,18068739.35,18365284,14092252.21,16503368.06,17399661.38,12443553.36,15838012.78,20196857.05,19731943.45,15321778.58,18532035.5
Q8VCB3_S8___1,236114.2907,247577.9976,202405.0705,251612.2949,242256.1863,246321.3735,241875.3633,189046.691,253513.9501,393123.2112,215025.2401,233108.0368,349079.4149,334872.6324,197468.5117,208044.0799
Q8VCB3_S11___1,215707.8183,200736.2428,179838.1623,261893.3444,255924.9501,305661.3608,282096.7681,225206.893,250606.2329,307974.8542,204450.1603,157603.2644,262033.9626,187221.0378,203528.0915,200485.7991
Q8VCF0_S220___1,142860.1293,180205.2412,147265.8082,162675.8474,216419.3286,206485.4378,220197.984,170197.1942,143704.7617,163597.1052,134482.0314,114487.6243,169887.0484,174418.1608,98562.91155,91000.70825
Q8VCF0_S152___1,2090433.355,2258566.605,1609180.363,1862063.932,2714669.615,2704998.692,2099345.353,1835005.393,1961814.497,2446379.951,1667661.381,1429765.407,2239696.169,2296828.265,1657103.077,1331254.338
Q8VCF0_S186___1,172252.6691,211854.8844,242989.2175,256346.9093,260056.5889,222699.5475,329356.8833,223115.2921,186521.3084,213555.0005,192123.5965,194520.7862,231810.6045,220212.958,195500.1564,198771.3763
Q8VCI5_S35___1,103131.6607,139884.1567,101516.4857,110093.9066,90690.09289,98632.97241,105984.0506,74032.80465,122013.0727,104473.8177,140553.6394,116485.0083,148338.7989,145451.2563,134693.4308,185563.622
Q8VCN5_S376___1,189318.7972,198511.5447,169362.5239,207573.2814,286048.7286,312390.5514,187773.217,143857.0583,257026.6102,355301.5836,152469.9704,167767.6887,294824.184,256461.3063,139408.454,133037.875
Q8VCR2_S33___1,275662.8046,179806.8109,252104.6724,301562.5265,253916.4848,278693.7568,261187.6241,261631.2585,200386.791,206103.2602,276851.84,266466.6762,308729.3797,269391.5871,284209.5282,305528.0942
Q8VCT9_S369___1,49672.61008,64906.40672,45504.21956,72833.99387,36637.25532,37921.75266,34458.49985,51409.41427,40686.08259,23950.38441,88075.64655,43546.96842,32809.94135,45843.11706,61367.41926,41863.73206
Q8VCW8_S385___1,67433.98754,76169.54405,74108.67906,68152.39079,67924.57417,84335.51388,65583.5306,56602.19301,56700.96553,94242.3705,63543.63801,65166.18372,82654.39592,68711.8924,58447.99478,62078.44349
Q8VCX1_S228___1,223187.2478,167688.5502,183230.2011,212259.0546,281398.3665,294707.2137,209608.4914,200054.6306,205749.9966,286034.4751,188302.9552,211122.9923,256917.5726,187570.2467,142180.1772,170018.745
Q8VD04_S657___1,80059.02744,107470.6889,74535.91272,80376.88947,105045.6466,95922.97862,93252.75619,75699.71183,90407.06554,117477.4178,73277.78933,75948.55653,138666.9,127294.0926,93334.89007,84519.93229
Q8VD04_S634___1,22747.08492,24842.49,29629.66444,26046.6634,20903.84705,23515.27446,30325.26592,22961.14339,20669.12167,24725.60401,30370.61124,20845.40345,18062.84165,17905.26799,23670.16137,17210.18927
Q8VDC1_S196___1,64131.43379,87740.07249,97999.33471,85181.98809,96770.23102,82971.21065,91304.16658,76315.63531,73852.39039,94804.79344,74581.17309,73833.90613,92410.22683,84777.21628,80690.21199,61241.29576
Q8VDD5_S1943___1,232600.8422,288024.46,212395.8758,232889.2189,175212.9804,195097.2161,214246.5368,183690.2184,223024.8099,235792.384,217829.5363,195518.7115,276753.5992,344514.8832,204718.3871,224939.2895
Q8VDG3_S573___1,514269.1444,418231.727,428668.6745,510951.1573,570600.4808,643276.6707,423659.646,504107.3729,471576.1038,802265.3707,424766.464,534425.8062,542817.5021,540791.7259,353331.3792,510044.3867
Q8VDJ3_S1252___1,79415.9603,99737.98163,94316.20502,91855.88796,96400.99592,102906.4567,105658.0197,71556.69608,59311.75345,87781.31135,53143.28752,48906.41655,82889.75497,73655.45393,48403.83514,47649.78867
Q8VDJ3_S944___1,56204.64621,43884.73436,45189.89312,42338.44378,48655.13865,53361.55399,43454.64052,45546.61392,43228.76697,65888.48601,34790.7639,36783.07444,61626.78743,46555.60673,39708.82323,38262.92108
Q8VDJ3_S919___1,69622.62616,70703.11384,124025.5543,118693.4486,93221.71663,99335.00771,141693.294,93541.28092,63434.63096,64655.15721,99737.33219,104718.9763,74437.86065,58467.41712,77070.79737,90737.65283
Q8VDJ3_S923___1,59761.14343,58367.61998,75746.19431,78082.31448,66484.92331,76803.76353,107625.9917,63827.4531,59269.11682,53443.24695,65180.87162,63966.00002,64719.69385,52132.8178,48875.97596,53027.76843
Q8VDJ3_S317___1,115852.8288,91779.68678,106673.7097,120294.948,132079.615,153646.5814,122069.1604,101150.1785,121524.7348,145753.191,110359.5491,125917.3841,146262.2595,116051.1103,117171.4292,134287.7559
Q8VDJ3_S31___1,2363923.041,2472522.313,2398590.001,2414494.63,3018860.623,2941768.568,2782821.728,2131355.87,2312210.656,4081178.16,2728447.225,2603968.384,3197568.386,2776748.472,2538188.331,2966010.082
Q8VDK1_S290___1,67355.6865,62604.25496,58233.03471,63645.29334,87903.07206,83064.54651,74845.23248,73730.73423,60983.05294,79712.00473,64078.3736,47976.47409,65872.66337,68776.67038,55547.56136,60337.48778
Q8VDM6_S195___1,2882001.393,4104625.32,3361383.073,3201292.059,3932278.852,4260190.607,3295833.81,2961558.11,3270781.184,5493116.759,3248294.11,3586284.211,4670990.779,4317712.471,3365880.131,3771720.411
Q8VDN2_S47___1,447925.4865,373139.5653,403656.3847,479656.1352,374187.0496,424080.7897,395334.1478,405137.327,409952.7035,400274.5613,423400.5192,408857.8261,322438.4976,365835.2625,449035.756,508642.4036
Q8VDN2_S484___1,257298.8762,219491.2623,246873.7978,257245.2501,304996.4505,292915.6062,249856.0129,244773.9062,257435.7144,354528.1964,233207.5693,261560.0753,276005.0816,243165.253,246752.4135,239246.1951
Q8VDP4_S298___1,67499.18743,62779.28052,58468.09649,61831.02095,59721.79042,67464.20539,66239.94838,70389.87471,66188.58172,40078.29397,71208.41059,73783.10068,64207.21037,60292.0017,82192.4777,84227.80699
Q8VDP4_S807___1,117407.7099,114289.6479,111150.1717,129750.7522,108583.871,138688.7619,104485.3752,115022.4824,137624.6595,143215.6304,100477.2461,133691.8551,123222.3531,123571.5338,106371.1138,111562.0369
Q8VDP4_S626___1,32830.41351,28924.51069,26442.09408,25091.84183,35315.26859,40727.15567,30457.51285,24637.53923,32918.34889,67533.82256,19732.99236,25956.94197,43845.47628,45521.24945,27674.08219,26866.58318
Q8VDP4_S677___1,28625.83395,25676.31599,29292.25645,33050.15694,26045.76546,28694.44638,30176.75864,36900.43956,30718.71273,42674.67886,29219.53919,53493.85045,29397.89278,32272.09433,37153.38605,69706.2489
Q8VDQ8_S25___1,262512.241,256362.2601,243353.4392,307581.5597,337737.8318,381430.2271,322940.7673,243324.5482,259382.0323,514201.64,236003.6334,278583.974,376033.3049,351912.1802,247819.4351,375012.911
Q8VDR9_S882___1,157569.828,128352.6589,86687.179,136243.0103,206434.4598,181113.7659,130056.1493,94893.68491,177764.5436,222040.9445,114784.5267,152021.3229,189842.938,209279.9501,123613.7946,129099.0133
Q8VDS4_S156___1,197736.6937,234602.5992,209744.8488,177900.0297,188239.2652,231481.1016,182552.8314,172563.0082,253510.2483,235436.8168,177410.4732,212017.6745,221995.9204,215494.6238,151965.3347,175087.8449
Q8VDY9_S183___1,1394067.263,1330669.078,1349433.356,1517433.859,1491495.849,1501832.218,1373532.1,1239871.808,1795343.472,2328167.691,1270757.493,1411653.245,1561848.756,1667468.301,1255070.548,1384434.557
Q8VDY9_S307___1,149183.6607,159988.6572,126750.688,148752.84,160629.5915,175081.3611,139651.7412,133140.6797,181464.4584,257251.2263,133253.2965,159739.7847,181182.6272,185230.6735,130868.0233,154740.1506
Q8VDZ4_S529___1,506022.999,398791.6779,616377.4757,397562.7283,475220.8623,535386.4811,634628.8958,505893.8183,484506.6809,414797.8479,446418.2075,571158.821,469183.6413,538360.7842,380457.7824,437284.7453
Q8VDZ4_S380___1,735511.8848,624977.9419,820176.4082,555110.3834,617307.1347,638228.5613,789773.9053,758159.0567,809574.6074,385819.1263,799857.7688,782901.5292,736747.9161,866902.9473,614831.1579,594429.0942
Q8VDZ4_S415___1,73266.70372,34836.09499,88713.50217,71988.38611,74020.58787,88537.23145,66471.65063,87232.2679,66576.16105,41470.87159,78218.96053,94198.88691,67140.39466,55249.48987,57294.63007,56464.57676
Q8VDZ4_S684___1,26959.48121,23045.94102,33696.02797,17997.33984,22552.4571,21806.78039,32695.39871,28332.03178,27063.75874,24324.2507,29277.32437,30098.55723,25286.81376,29347.3291,21968.5409,27696.84818
Q8VDZ4_S274___1,366588.8214,289894.6412,390064.2315,255131.4814,376466.1763,400859.0101,395940.5873,316764.5513,405824.4847,357659.3878,296694.1462,354870.8278,367208.9698,371234.2039,249974.7967,278550.7681
Q8VE99_S100___1,35999.55563,28535.3938,31625.85298,29828.94357,36900.06313,37644.47247,26590.20986,38360.08496,33464.38902,31679.45058,31107.39075,37471.09359,34291.49732,32206.57597,24936.14913,28471.16855
Q8VEK3_S58___1,773370.484,786118.6907,554553.2306,591068.0162,765444.3276,899534.5526,646043.5154,596946.2852,624746.3371,771116.7349,543375.2702,587883.1042,735227.0357,740620.09,487687.1206,495040.7237
Q8VH51_S136___1,4456573.874,3358400.777,2715662.402,2822792.557,1944942.078,1967433.89,2453587.459,2799069.237,4028521.165,2627990.471,3321314.411,3165690.126,1875910.856,2383459.189,3298941.958,3280654.888
Q8VH51_S97___1,114173.2668,215839.38,102671.5205,174344.2631,79144.08202,96742.30589,134686.2935,130129.9451,134848.7659,120252.8708,129599.2355,87842.05425,163840.6306,194671.6721,99435.58259,134925.7003
Q8VHE0_S488___1,111142.1258,91443.26588,85146.52454,97205.19006,111864.7407,119311.3526,104850.4447,104591.1187,106353.4522,154593.207,92647.17323,92030.93758,123887.1575,103982.4862,89707.01006,106801.3065
Q8VHK1_S941___1,80590.01174,88861.0139,124351.0898,123992.9308,82815.41971,87572.37437,93094.30663,108775.5935,96894.25755,158821.0715,116587.7232,107794.0702,75319.12419,67549.76781,85411.67904,113411.3671
Q8VHR5_S136___1,65854.3496,75783.39116,47552.64133,54233.60306,69487.8281,71398.16905,53737.88993,50792.39532,68507.73064,105927.9082,42668.46108,50467.04457,76498.27339,73691.90271,49018.25312,67436.02361
Q8VHR5_S335___1,153694.5799,159014.1412,143716.0255,132318.2405,133118.7028,114922.9825,142347.493,151750.5129,126548.7906,103665.4516,147824.0299,122023.2952,126062.2307,106497.3839,140728.7532,128375.7552
Q8VI36_S272___1,184995.7607,238936.5093,176515.1532,195402.1326,313290.0029,220584.8646,208626.8083,178829.6955,237242.2351,246662.6039,137602.393,156123.7929,251445.4691,220383.8224,133800.6958,107645.0686
Q8VI36_S340___1,1756999.216,1946368.978,1434809.481,1511312.439,2144274.558,1841350.562,1910959.828,1546795.881,1934996.129,1860006.02,1181385.94,1263664.184,1960391.53,1526502.952,1157196.597,943019.5004
Q8VI36_S130___1,362880.2221,306185.2777,196174.8291,305773.2186,366455.8665,339848.7579,263231.8196,221540.008,407873.5205,332213.5155,206551.939,307758.7432,412814.5672,347323.3911,187208.8705,236368.1262
Q8VI36_S137___1,222148.9853,197908.119,124954.58,161157.9359,212169.6717,185863.6896,160495.994,158967.0824,220461.4293,190023.5246,150297.2569,153600.1081,233375.0628,206079.6595,135115.414,136967.307
Q8VI36_S143___1,480988.9238,418933.6004,301484.6559,359626.3021,512601.6559,526789.9614,349303.1284,346926.0877,522838.8586,591529.0567,354772.0968,425159.0848,537193.9984,488827.5826,312356.3525,280938.2111
Q8VI36_S322___1,412289.5022,422527.0245,355325.0883,407643.7486,525012.1793,446705.4489,379741.6848,336022.0345,551426.595,582267.5176,383647.5889,420302.4775,543653.0114,505809.1817,296596.3497,332584.3779
Q8VI36_S83___1,524466.8921,471596.4674,422048.3734,476225.2244,441382.7883,424998.871,447508.8145,455624.3102,528644.223,280737.426,405883.3696,442458.9049,440120.1842,450290.2051,432682.0385,313898.7387
Q8VI47_S279___1,1109055.667,783919.7659,1176858.441,1202535.239,867139.1052,1034017.23,1200712.03,1361165.017,758298.5608,743099.2812,1238386.308,1349551.139,910815.0101,763485.5417,1283412.627,1206121.271
Q8VI47_S281___1,2288005.821,2034754.997,1634631.453,1764889.837,1541452.713,1314146.053,2109164.959,2028075.161,2066550.397,1322489.353,2009702.589,1440231.948,1299879.355,1221423.521,1742467.379,1462211.329
Q91V04_S365___1,100563.8713,99891.14286,125084.4495,98475.93664,130489.4972,119452.0141,115233.1725,67966.55685,97113.91241,164842.1017,102570.4323,139243.5386,121459.3649,95143.39702,86270.52471,106209.4931
Q91V92_S455___1,848729.6997,692523.8665,691654.7439,790133.6549,630927.2704,612361.3899,851836.5416,962005.9074,648244.8849,552944.8226,822390.7355,762408.4398,645469.898,769702.9495,950098.5577,704444.7972
Q91V92_S457___1,3010828.119,2373720.58,2815167.695,2753343.161,2426590.121,2607126.543,2989985.959,4242891.841,2484057.823,2178736.836,3885211.068,3251047.908,2485361.096,3008186.659,3450230.776,3140676.67
Q91VA0_S519___1,41015.73595,43589.37641,31779.24541,38866.79025,49999.22424,46209.91265,45013.41252,37629.40135,41592.93959,48997.5089,30227.54282,32852.55687,42901.4394,44537.17472,38904.15783,45355.69497
Q91VA0_S471___1,21171.4762,18820.15584,19291.55972,21056.13843,17445.39393,17082.20973,22494.05429,25111.89518,18561.60067,16127.01423,22734.64192,21462.77618,18065.06892,18005.22322,20647.24368,25379.44143
Q91VA0_S19___1,23765.22101,29448.96983,19715.47902,22800.88328,37496.52843,32188.33741,27600.52615,25691.04977,28625.25806,34740.93865,22728.75259,22709.72966,33243.5745,31155.23707,21344.27427,22556.02905
Q91VJ4_S281___1,279708.9139,348152.8664,328430.3103,573938.165,317903.5567,343211.6335,341488.5422,334680.2277,353347.6272,426093.8591,274689.0625,327113.6393,444059.7077,403193.6896,256605.7491,340713.0924
Q91VM5_S205___1,762531.3035,734802.306,863498.1684,1014586.453,721015.7921,781232.1909,1111522.976,919981.014,781628.0133,576427.5095,1024408.421,959257.1919,864316.0477,761672.638,1057488.561,826456.5666
Q91VS8_S879___1,18966.95147,17619.47153,13943.9788,18299.00195,17711.28604,23406.62947,20066.91249,15654.24994,17558.31077,15448.73611,22217.20023,20967.33088,17187.29208,14522.91621,14480.54617,24413.38768
Q91VS8_S884___1,66933.09853,73215.07535,64615.5441,60723.81377,74569.8348,63658.64983,69929.42252,63049.01784,62732.80767,47299.10132,71347.46915,52865.65722,70071.41985,54024.34016,49957.44467,43545.82194
Q91VU6_S75___1,77728.23782,69045.74557,66773.08153,63522.34919,96333.54514,101745.5845,89225.35489,57520.51909,83631.98672,160930.7541,54956.1151,65806.91593,116243.2897,106083.0571,59796.74482,73064.58315
Q91VU6_S11___1,15467.81653,14597.25012,14988.99726,13142.49848,13535.1088,15249.18539,13914.63787,10342.35298,16967.36916,11532.19142,17696.92749,17238.19548,17244.21235,13885.51844,12529.33949,13347.66146
Q91VW5_S41___1,40969.1308,52533.68441,50946.04995,47784.23133,67452.02049,65540.26753,63643.10137,46202.1001,45778.23215,31331.16959,46034.80808,38816.1106,57322.50256,44442.80183,42702.18009,31558.37259
Q91VX2_S634___1,17035.40401,20810.10739,12053.9593,10170.15905,16674.56009,15790.50215,14226.41607,12767.88456,16920.66219,17587.70188,12996.44105,15528.28572,17063.35789,15865.5859,10936.30963,8482.742965
Q91W18_S349___1,91621.92736,132116.3962,103157.5702,117116.0494,137289.8435,148972.5889,125676.3704,75615.1899,119750.0917,195354.4858,110297.8617,112958.7043,150102.935,123359.2171,101771.0856,94470.98907
Q91W39_S9___1,26854.54797,24022.35756,7993.628865,6864.630708,25258.33858,32225.39543,8763.088796,20517.84302,27554.02119,34045.90331,10066.76684,10267.38867,19820.93384,24033.27744,8540.865843,12461.14035
Q91W50_S123___1,9324.714278,8926.483352,8055.110141,8333.584589,9298.260252,9581.750659,6290.831243,8056.691798,10293.59887,7882.735632,7913.721728,9498.586991,8698.685209,9700.531345,7620.064598,8274.129127
Q91W67_S230___1,128480.9329,141412.2087,157185.9634,121119.6539,123906.4839,144291.2142,137537.8932,104350.1462,162303.7013,202704.4963,163271.4411,134948.3928,187649.5347,176838.7162,139830.3526,134035.3519
Q91W92_S121___1,1540664.339,1928201.362,1776909.55,1498096.953,1707960.564,1508693.506,1572580.199,1673021.521,1543146.683,2001613.112,1511994.364,1440787.038,1611980.65,1807789.065,1391709.857,1292866.171
Q91W92_S207___1,464089.1636,416808.439,583874.5174,538857.7984,412197.0654,355082.673,422541.8825,502632.5267,372885.3987,302568.1098,631131.4142,548032.1134,346832.2668,414461.5063,457259.1575,444989.1337
Q91WB4_S16___1,151049.7813,254359.8039,160176.5193,188400.2678,243854.2275,244808.0241,205806.8657,164551.181,222240.3684,349648.602,160143.1255,164922.1966,281295.5691,228270.9176,168592.294,187339.6611
Q91WC0_S571___1,123013.406,109345.2452,126801.1968,111267.7735,95246.13453,97164.3125,124081.7986,119470.5375,123675.3736,79867.32943,129859.8448,122811.267,110850.0033,109765.2846,130787.8136,111539.4471
Q91WG5_S143___1,9455.997197,6435.627359,10528.56616,9504.061135,9222.610161,8163.076944,10746.99808,10040.35298,5225.97524,9566.659007,5943.113701,6853.666718,8112.256,8073.953389,7035.191471,8217.369404
Q91WG5_S195___1,17215.60892,17575.90118,15569.55251,21822.11783,18569.77561,20235.5708,19062.45016,13431.08542,22593.45737,22070.86628,25353.87979,19611.14205,23125.36971,26204.16643,17703.12041,22239.17165
Q91WG5_S122___1,138449.457,111751.9132,107133.9767,104993.2864,119429.6862,119917.4134,116508.482,79662.67107,113485.9953,122040.1832,105996.0105,99737.09051,132950.7796,125131.9839,99996.11783,111403.8445
Q91WG5_S113___1,146647.134,125835.2527,123386.0861,135550.1442,183146.138,172235.5266,150246.3932,116518.4873,160133.3957,239453.8649,156973.5854,199599.2675,183988.3613,171967.7323,189740.3515,256682.6009
Q91WG5_S117___1,135291.3373,202863.4388,202261.5069,226237.0602,215751.102,200329.4311,219020.1072,163176.0613,126212.49,166986.6112,105306.5873,93738.05309,172923.5226,154460.7594,107732.127,122072.4171
Q91WG5_S42___1,485626.7882,479371.3198,348304.0132,462871.8429,564245.5185,504691.06,389153.3319,322806.5049,432599.6588,440855.6708,230518.4399,250377.4753,612928.0927,524461.1381,324388.508,267654.8147
Q91WK0_S111___1,278140.2242,358858.5812,253689.736,306108.1541,383315.8225,456881.4856,357964.5313,256130.6426,379826.0002,558841.8761,310660.6375,313430.4177,489160.314,376725.1159,278070.7084,308156.1939
Q91WT9_S196___1,74667.38614,66220.91765,45617.89973,46525.47119,71854.44207,75544.0594,55496.93038,47259.95339,65235.31822,79149.28481,59875.79977,57374.46725,82450.13981,74067.82291,55648.82824,53634.51242
Q91WU5_S328___1,38857.24813,59394.93507,43866.96584,44813.0928,45777.75299,48339.01968,47163.77532,38245.60249,39778.72747,49173.74429,34313.00005,32456.97804,39989.09981,36372.978,31334.43472,28622.56594
Q91X34_S418___1,71839.30561,83810.56496,65543.07803,69233.61747,99501.85055,101144.2578,76374.3222,74178.29656,77581.52432,150070.267,68066.44413,65709.50794,106269.1628,94017.75672,66339.3275,79334.34561
Q91X43_S65___1,100252.3765,119916.8198,108128.3184,111873.0257,112363.2799,130501.326,146982.3861,114199.2167,96669.41905,106839.1169,103591.6716,79332.36233,110956.7771,81339.55368,64601.17116,71925.92536
Q91X51_S376___1,197938.7748,257057.5989,242505.9767,220573.0201,303361.6027,277859.6904,226914.5663,236258.9473,234662.8266,531001.9467,214464.0857,230869.6296,351652.0092,298005.6804,209337.3213,192254.19
Q91X51_S422___1,28657.96818,32805.10408,48390.51587,38069.45953,50574.93763,47322.02933,43156.82238,39650.6989,36645.90832,59662.27455,32444.95786,34827.57388,53636.27618,42407.57376,30758.5433,23838.77247
Q91X83_S115___1,91957.77213,121992.9271,102308.8773,168656.0514,139830.5513,139067.3986,136061.3868,117541.4353,110640.2725,148286.0897,144237.3903,118541.4021,146889.2107,142515.8679,113270.7163,138888.176
Q91XD4_S339___1,53959.02302,64513.45186,59746.08757,72383.83378,70042.79004,78282.26725,73860.59235,59117.67517,75193.40542,88512.74038,64942.10779,69292.6622,90425.43179,85558.51901,60327.46332,51827.88856
Q91XD6_S109___1,249960.1092,269415.4401,236352.473,289578.195,274132.1768,322204.557,310348.624,274547.6725,278871.8297,425977.6534,243642.008,304867.1992,399751.8145,366320.6125,275965.3317,311878.08
Q91XF0_S241___1,221427.6246,194325.6546,190817.6966,209300.937,172769.1111,205327.023,208063.4712,180932.8753,209310.5963,246522.1698,174195.7881,193131.8607,242895.4627,208986.1411,173424.8347,187320.1231
Q91XF0_S175___1,127863.4847,86538.76331,101472.9365,107884.6051,93928.49352,110817.5058,112655.0882,95808.69062,77789.97555,77684.11401,103564.0315,94910.59315,71185.37486,59843.67808,71573.32215,78093.92165
Q91XF0_S176___1,229713.214,155471.2629,166363.686,203899.77,168747.2868,199089.2511,178669.2136,186201.9679,139753.6235,139563.4378,179094.3788,161804.81,127888.1244,107512.1928,139549.5052,148627.3023
Q91XT4_S182___1,907002.0216,855981.9805,603144.944,579397.8701,1152667.673,1089849.555,756145.8153,782167.5784,895508.7428,939498.0553,596524.4693,599634.7774,864691.2414,613390.2492,511770.1917,528560.8977
Q91XT4_S185___1,82217.63334,96190.81294,73095.01234,78295.60504,108323.7022,101688.2342,83416.99418,89355.51709,102354.1782,114844.3328,83212.8299,88549.06541,126736.4506,102383.6867,74552.98517,66698.58106
Q91XT4_S37___1,732146.9078,1412755.735,1093635.502,1214731.442,944556.1007,866227.9807,989125.2043,1172167.643,780482.5617,405604.1554,1207777.925,755392.676,853593.4976,760534.3555,962486.8107,546595.3628
Q91XT4_S137___1,275084.6576,350340.8799,412351.4061,378581.8658,313825.72,230976.7215,354245.651,406917.444,243183.1579,172819.0083,193633.1251,169016.2797,230747.3982,186064.8215,194574.6395,42543.76098
Q91XU0_S75___1,49028.69022,50600.0599,34492.71863,37170.90995,52627.7183,54652.48625,48791.2614,35763.71872,50170.23993,33837.79857,32244.66167,32235.05562,41972.35276,41720.6706,29056.25985,28539.01532
Q91XU0_S153___1,10586.56111,15290.87638,6479.673932,7218.682291,12133.19712,14628.05573,6386.128018,10483.96015,14780.21287,19255.37458,6701.823799,6820.91584,14907.5715,13486.17772,7654.865378,6945.312989
Q91Y97_S132___1,249897.996,216016.3537,265536.508,284058.5337,271285.7049,267744.4798,289577.7164,325159.3134,255245.9106,236921.6342,268551.2429,280875.3406,277138.2074,284733.4884,279851.6934,289926.8903
Q91Y97_S36___1,1422481.118,1104244.182,1447624.865,1476258.712,1366455.537,1210148.075,1650375.29,1662392.216,1285876.309,1034769.654,1397234.592,1493035.353,1345117.4,1310952.683,1668851.849,1741518.358
Q91Y97_S161___1,394588.3884,481303.8762,317140.8284,433001.8093,482203.5739,504209.5222,455318.3265,447683.9136,427049.0734,465662.0262,364497.5349,374698.094,531978.1503,584995.5549,399489.401,434771.4476
Q91Y97_S272___1,1640644.699,1474299.522,1431713.759,1886426.698,1769028.177,1799761.986,1748255.93,1627981.702,1634683.895,2274036.294,1282317.104,1392370.408,2257762.71,2110505.867,1702748.488,1965071.083
Q91YE3_S129___1,22552.61878,25797.87091,27597.77636,41702.25829,21882.80018,22547.96742,29293.30201,38462.33044,18507.0667,24589.58002,45122.96293,32311.92348,21740.7617,17568.57036,48555.5447,44585.34474
Q91YE7_S59___1,193656.5229,208395.309,202268.2837,197154.2013,140400.3955,194212.9097,245709.5059,260673.8918,168996.1286,120337.1196,255698.7956,247567.7322,172795.0667,181364.3963,231999.8797,254761.1174
Q91YE7_S624___1,305478.6233,323327.8433,320370.1242,320419.496,264227.9548,352860.3221,403159.4526,369599.4097,299017.0335,343855.0541,345566.5239,330897.6571,345648.0876,268593.4853,295869.7661,323348.7796
Q91YM2_S1134___1,78647.17849,73132.66582,70659.2044,75615.5978,74491.49549,80644.76336,73588.91235,102873.9353,67110.75099,60574.55744,82559.59091,75913.15604,78941.09757,85100.74649,75634.66354,84075.29406
Q91YM2_S1179___1,323835.2138,346260.9975,247713.6565,336081.7117,381397.7281,386833.7367,317503.4933,351691.4474,413767.1215,455015.9105,360996.1441,272791.2661,559282.6776,440794.4771,363822.8878,378416.0984
Q91YP3_S292___1,94516.94659,90398.71308,80599.61192,92238.45926,107624.3395,112043.7532,90640.45844,82647.13805,103957.4499,125577.1382,93483.7151,93198.00159,116456.4342,102924.8517,85899.16517,87300.5551
Q91YR1_S143___1,110733.9541,109977.6392,72204.8277,93354.26862,143505.8003,192346.1298,99771.93278,82423.95822,94030.41608,148945.8825,78049.03952,75849.07686,114041.2722,111049.99,58480.69892,69600.21895
Q91YU8_S362___1,198001.7956,243309.6933,238462.5004,216241.7285,244579.7104,222827.6661,207353.3919,215671.4609,250967.9486,309547.7316,221009.2703,214806.5754,343855.0122,222056.5722,230609.6938,192648.1047
Q91Z67_S1013___1,229388.8287,205782.5958,193770.7802,213362.9121,284091.8848,260340.5832,197945.9298,194841.3898,222714.4771,287019.5028,147700.4049,161650.2565,263012.2907,331996.9642,164159.6637,155997.0891
Q91Z96_S888___1,153517.7449,131563.0963,211605.6423,183517.9141,146738.4312,185862.6197,180892.5735,145160.769,163683.5283,189938.3008,162197.956,131262.7961,209634.0504,177134.7798,107400.1913,106123.765
Q91Z96_S865___1,150332.4106,177259.0455,221178.2502,179370.4646,185343.3125,179743.0623,219537.363,185594.5681,185069.5582,265824.898,183855.6205,176236.8447,247983.4747,200642.9463,117271.9507,137253.9123
Q91Z96_S13___1,57622.68041,54607.97632,66855.19277,56748.46074,62342.36455,59817.82266,63671.921,62326.75033,63882.92727,68869.18359,53786.13498,57230.72723,69967.76583,74945.22347,51644.53444,66262.513
Q91Z96_S908___1,128387.9673,131474.6682,163400.0372,151553.2235,175122.7896,173635.3182,186600.7406,128487.775,107894.1702,190426.3373,88623.56734,89360.65042,170601.9545,149617.3758,89648.42854,94654.59012
Q91ZA3_S248___1,386898.0329,397075.2505,369498.1762,313583.352,465205.7353,443784.1906,417883.3962,444163.1962,487904.999,597136.5597,383964.573,450347.5889,407230.1337,423106.8706,413727.9501,344594.8251
Q91ZJ5_S13___1,49355.38371,52310.06099,36920.31028,46869.43698,66108.84564,68749.44362,47696.58568,42147.21971,47026.43216,74665.21807,31473.09087,38871.25284,61788.41554,70853.00782,32814.30689,32034.92286
Q91ZM2_S417___1,583067.0626,539988.359,447666.5566,487183.2308,572048.5315,751152.2847,543353.0466,467043.0206,429855.405,521373.5357,412122.0114,348646.545,460974.0921,517072.9518,339474.7704,397481.2253
Q91ZM2_S126___1,936960.3853,597037.2898,665539.8878,703039.2765,630291.8311,917933.7776,731365.3083,643516.2994,481342.7639,381028.2815,598716.042,503002.6544,383603.9602,506968.5514,521829.6412,549390.2272
Q91ZP3_S483___1,345816.4756,277960.6862,258228.2271,159871.1814,261214.6558,423939.302,190418.9772,186869.9467,155650.0021,97131.94727,160768.3822,194260.2817,294613.6863,152861.7374,163013.2707,140867.3079
Q91ZP3_S892___1,1878338.685,1766787.827,1024713.2,735767.8,2191061.905,3218227.516,1033087.264,679807.1828,702417.8331,777742.7566,583276.2433,662679.9629,1764948.773,1141700.532,685830.9815,500027.1657
Q91ZV0_S1131___1,118215.8069,147328.4847,113880.8458,132925.4739,142921.2898,134988.601,146556.7864,119690.7878,111847.0498,130367.8576,116103.1511,99944.58096,182982.5577,96467.21049,115083.6329,94301.86699
Q91ZV0_S1190___1,999854.8681,783781.4339,827554.616,942819.899,874794.5432,1040479.926,854546.9164,1004502.984,988717.2359,1031787.279,1037851.034,1192845.189,940564.2073,989255.9177,1096773.178,1232242.288
Q91ZV0_S1271___1,352723.6892,293747.4319,326357.3973,216970.905,336483.1643,348310.4257,300924.6576,253529.7882,294676.5532,244578.6222,286073.85,227959.1761,306326.1819,255292.3605,255339.6837,243703.9525
Q91ZV0_S1117___1,34460.91242,32930.6111,33666.50333,32162.7073,31696.84066,27552.89754,57545.9609,33151.37965,22839.82483,23163.78069,26074.99833,23348.41645,25824.30997,21589.96265,19934.38164,19927.07055
Q91ZV0_S1228___1,477703.5011,783014.9887,561651.0081,347694.3947,637319.7664,410533.4794,449575.2214,390661.909,505382.845,397068.0224,330565.3814,259672.485,644252.6644,325077.18,426636.2145,294250.7197
Q91ZV0_S1178___1,114733.4979,192369.7397,133678.7177,148935.7767,141824.5886,96066.60409,146584.6729,108540.5173,109007.5722,126073.6836,110813.3819,85428.58344,158207.0364,120393.9263,91642.38104,79336.78852
Q91ZV0_S1154___1,209648.6583,287930.2027,255357.3685,271237.4774,243660.2915,206962.2479,311411.2456,216602.8112,191535.705,196564.7655,213696.3769,170495.1989,215211.2228,161150.4542,193690.4375,173566.7548
Q91ZV0_S1210___1,46777.94856,35546.06759,38921.84077,40070.60695,51701.4406,35523.20211,43654.90653,42086.75133,35279.01946,42800.69614,43006.04875,38450.18748,43497.89074,34961.23438,41034.00178,46731.62058
Q91ZW3_S65___1,598773.5847,591733.3757,527958.2039,600555.5085,703666.9086,759019.2172,656983.097,539248.0895,624657.0772,992338.7067,583601.6898,646691.5366,807183.5435,650482.8578,466810.2457,487241.4845
Q91ZX7_S4521___1,47177.84671,37941.75942,36960.98469,39216.27961,51443.64932,62352.25452,41156.64053,41444.05207,54377.16045,73488.27443,34695.23386,39259.28785,69947.18977,47329.58288,36782.91141,28973.8371
Q920I9_S935___1,43647.34817,40225.114,40561.362,51273.48335,31582.6595,36377.93812,48306.07991,49240.23187,35585.21074,27362.61362,59776.76004,52550.5813,37772.7208,37947.18888,43826.90483,51799.34781
Q920I9_S1151___1,239098.4604,197977.1243,194919.1401,159647.1972,190436.6902,199038.4223,151908.4041,149099.6546,212051.6298,225822.3788,158420.4236,150796.0677,218784.1314,213848.431,135013.4623,119384.3413
Q920N2_S124___1,156669.2824,167495.9683,154744.7768,184290.7571,173617.4519,189054.2023,169420.7746,151844.2162,174248.8685,161262.1743,141370.9198,154274.1189,183254.4788,158852.028,119695.5769,214750.9891
Q920Q8_S246___1,319445.3313,365109.65,381713.1741,369021.6239,587722.3552,581767.2742,465405.6794,378183.9417,422040.7911,639994.1699,372062.4389,395205.1448,556116.7375,522217.7242,314388.5437,327071.1832
Q920Q8_S338___1,53282.5576,76846.29968,38309.83496,44301.21058,95918.30385,102802.4861,52575.67021,40586.29172,63788.05311,108044.6171,43267.76772,42401.21106,78563.46784,80015.99618,28975.52706,33362.43731
Q920R0_S460___1,118857.4214,126150.6111,118127.8083,116806.4474,151420.1681,135933.2626,158734.2171,141324.2448,115356.4512,112180.9461,118356.3914,94205.57774,129890.0344,111669.7655,100705.6887,79697.53264
Q920R0_S477___1,170812.4594,131642.161,100543.2675,122739.7735,212774.2927,230744.3199,149532.7988,147908.6089,127833.0922,215056.2509,112017.4224,111852.6774,152927.4177,154414.727,90309.62404,99336.08647
Q920R0_S486___1,279571.4141,327981.5379,246673.8982,239942.241,323633.7034,280799.3755,307739.2105,240834.501,310529.8701,409096.3309,223848.9781,188165.4671,353436.6784,300287.2989,246424.8353,195325.3909
Q920R0_S1458___1,474681.7522,485573.6459,387937.0644,349455.2505,556099.6924,510278.3356,401420.8014,370956.8532,493786.792,739818.2242,368187.6194,353079.5032,548627.7655,553807.3696,367328.4512,374678.5638
Q921F4_S37___1,62899.31685,62199.96886,75307.69323,73955.75624,52366.82755,67727.37461,85388.33417,75349.27353,73735.38982,56478.73272,75619.71629,69511.29785,71961.84269,66387.48152,72841.70576,63462.31974
Q921G7_S550___1,99991.9004,92214.38968,85871.14682,85051.21997,95829.14857,84850.25947,85699.10392,96366.72184,121751.0076,75515.16288,81305.63852,92089.49191,108313.4708,85503.15993,89453.05206,80378.44114
Q921H8_S34___1,144440.5907,152783.426,122668.0153,172517.5686,156260.4056,152613.488,150328.086,141640.1815,150449.7056,241691.5064,153966.0981,138049.643,187170.3136,150922.5147,132669.5187,155157.1729
Q921I2_S420___1,7005.848993,5963.773133,5088.802873,5331.145598,6324.413493,6298.452334,7750.196713,7375.447916,6637.297246,4011.520344,8172.01252,6419.238335,5527.930489,5931.664204,5907.695301,4274.50081
Q922B9_S90___1,92159.12907,96378.43388,100967.0817,162475.6633,86077.5479,102058.3923,124981.1496,109891.2321,97224.68934,86440.77236,134300.5293,122097.2422,104238.2107,105904.4586,69063.34704,86165.65674
Q922B9_S109___1,320028.3323,429904.8509,334637.1486,390825.497,380585.6301,429601.0047,402036.5791,260369.0242,406305.1268,578636.4192,309867.9752,317411.188,526269.0103,463500.6984,316231.0519,265058.5877
Q922B9_S667___1,219789.0973,217350.7929,201841.667,248578.8182,236059.3758,231909.7737,242352.9749,186441.5755,225895.6116,216624.7015,248083.8687,186254.0064,261651.2456,245432.3973,183514.3648,145943.1747
Q922B9_S1036___1,199576.4579,196739.8577,173766.1792,202227.6531,206741.8567,190034.6858,185360.4106,118086.085,212343.6926,303428.5431,163619.3994,173432.9889,242802.5203,233424.1391,139165.158,126754.5755
Q922D4_S550___1,107009.9679,120802.3381,113561.7276,105873.8595,115168.0121,115210.6314,131012.563,120721.7937,103254.2452,124024.5205,90408.97062,95405.33538,142412.1537,118434.9126,93447.29538,83229.64394
Q922D4_S588___1,1547203.313,2232447.148,1223766.866,1133799.332,1790924.806,1616998.757,1682794.444,1592967.078,1729460.456,2514396.37,1175225.225,1135093.067,2209011.095,1961266.373,1495498.176,1199160.663
Q922H1_S22___1,147923.0929,158398.328,101252.3748,90906.70386,157844.4372,146295.5706,130853.4503,92419.12946,161146.1606,234801.6625,106445.7958,125873.0079,156340.8981,165549.7598,86537.93596,106621.9174
Q922H1_S24___1,147923.0929,158398.328,101252.3748,90906.70386,157844.4372,146295.5706,130853.4503,92419.12946,161146.1606,234801.6625,106445.7958,125873.0079,156340.8981,165549.7598,86537.93596,106621.9174
Q922J3_S347___1,145358.1844,186829.2637,185216.4567,197097.7693,255536.9559,198018.0265,261754.4553,196365.4956,182319.5167,216896.8998,159729.707,138098.1527,184357.0532,200932.9796,152876.8698,107380.4625
Q922J3_S311___1,19470.07295,17468.35798,23717.13992,28267.67502,23154.47345,25185.62145,33857.79125,33562.03428,29188.29879,33369.84367,27672.28705,40758.25746,26145.47092,40043.0905,39374.0951,75401.08532
Q922J3_S194___1,305075.4129,302260.0526,255445.6545,312863.3471,335752.9669,347753.4973,256214.4868,313736.6397,476785.019,368472.8671,319090.3614,385684.9981,467723.8942,591564.6242,464005.3672,573751.192
Q922J3_S203___1,94616.11587,106592.9015,98054.89647,97637.67249,128928.4703,113432.5778,97936.29521,98184.54741,106602.2324,155286.8284,131543.6895,124227.8311,95022.82773,86734.47943,88833.30399,111589.7958
Q922J3_S1317___1,543696.6173,602751.284,564858.1447,626895.5222,751726.5822,681880.2829,621233.6177,566044.7235,648650.8783,950214.5931,564903.2169,624477.2136,672749.4445,777213.7794,505865.0293,543098.1915
Q922R8_S428___1,274447.7381,307642.1803,238021.1541,214843.8183,241272.6506,269190.7775,242275.7588,188562.896,311267.1926,385475.0984,224401.2094,248542.1561,268035.0975,262550.9884,237339.9875,242720.836
Q922U1_S619___1,37919.69161,55698.49034,34242.31475,48426.0128,38204.0138,50495.52025,39740.23567,37644.87733,58551.14631,71352.46987,38174.28921,38228.53502,66247.30052,74145.91388,40193.79935,44408.50623
Q923B1_S505___1,1970196.333,1496856.183,2214654.983,1782273.127,2687968.516,1740711.836,2014102.71,2382564.256,1133352.652,2251537.479,2203181.9,2261661.418,2689109.842,3126670.545,2956114.711,2263993.685
Q923B1_S489___1,106449.239,72047.91798,119555.265,107549.3087,117455.0073,90785.38445,100248.5535,128032.124,73011.34045,98809.86955,124508.9599,139953.1648,111523.449,121605.3263,133885.4028,140113.069
Q923B1_S491___1,318489.8327,205648.0875,390691.2534,358026.0186,351002.5455,295008.9099,365638.0625,366249.8979,208552.0698,234870.0492,348924.4052,432242.427,341843.9885,376637.8635,446300.1275,454734.9604
Q923D5_S181___1,14304.94249,18240.19018,16299.70505,16441.8014,19889.23338,13674.07715,16327.17018,14364.126,13307.1405,15401.33299,12974.81956,11920.94966,18050.5243,14366.23598,11978.86376,11501.1122
Q923D5_S237___1,411615.3468,414612.1642,492009.3798,482526.346,381914.3087,351067.6024,462885.5298,448509.6269,442859.0859,322816.677,488441.2272,413847.852,442715.974,462298.5728,505180.4413,558226.8813
Q923E4_S14___1,25728.79062,30900.41727,37275.84916,25827.58262,38450.76857,38468.50744,34060.6053,24064.71004,27201.78259,37573.39134,42012.29043,47495.98987,36986.48295,41285.00517,24908.74049,24098.11426
Q923Q2_S411___1,109809.9345,107749.8386,91758.41829,89144.36383,172537.3963,155853.9441,132952.0299,107358.0471,159265.8063,333988.3821,89444.5984,96275.22569,161294.2129,151228.1387,89226.48885,88148.34578
Q923Q2_S557___1,18327.15483,16798.65905,26467.16235,22180.31585,19476.85201,19802.75281,23088.70647,27939.30035,21237.5923,26658.18466,21631.81498,17374.98755,19595.66764,18566.87401,27552.20351,19482.30332
Q923Q2_S133___1,152563.4119,138830.4442,124619.6375,133538.6575,167291.3271,178319.1166,147700.0217,142653.0435,163471.0853,284694.0707,137175.1208,121316.2878,172147.3279,170747.9466,148968.4381,126841.7334
Q923U0_S170___1,117868.9143,118133.4052,111985.5272,121164.9411,128139.5056,160327.1405,161151.5315,130127.8201,130544.6843,230302.8959,142219.6414,128955.4191,184302.897,202733.703,145463.0613,162137.1944
Q924W7_S446___1,65795.43084,84180.58776,67977.90995,84988.58483,84731.04274,81927.7769,86816.4534,57334.67413,76697.15771,107771.7668,72223.92102,55284.01679,101998.6831,79254.86037,63181.47116,60191.78963
Q93092_S256___1,48643.28093,44852.57937,39630.17067,41008.81451,70742.55998,82741.14924,48701.56217,37099.2491,44255.58119,116564.3869,35674.78918,36059.21996,75082.65532,63069.96919,30838.30894,35534.04948
Q93092_S237___1,1989235.044,1689969.24,1555843.82,1670145.305,2475918.759,2474491.121,1696557.425,1404253.938,2113333.576,2831579.144,1542004.31,1723235.063,2125386.579,2010557.022,1330053.242,1480663.507
Q99J08_S116___1,222782.1777,202314.3233,185888.2829,238874.8075,265262.3744,255343.4246,260853.4375,206345.3316,217629.8904,430815.6757,203297.9071,191783.571,296994.9355,298960.3819,197508.4566,274370.6613
Q99J27_S42___1,874565.0999,897617.0824,731581.609,849159.3274,1141328.296,1129838.641,962367.8241,854924.7255,943741.2878,723692.421,718429.9875,747669.4246,1045110.743,788760.9094,707212.2168,576106.8576
Q99J36_S8___1,10612.52317,10791.49394,6549.208927,6876.790252,9298.802293,11894.01349,8203.315727,9865.15931,10617.52091,12992.91522,9194.162954,10864.87857,10994.21385,12131.56301,8863.828931,13444.8203
Q99J36_S88___1,464995.1707,383635.7015,544269.2069,501743.1833,398076.7388,441055.6749,487019.5591,525859.8125,392548.9855,404086.6361,556830.1519,674086.2606,425366.3112,416159.4205,609183.4715,682328.6165
Q99JB8_S354___1,5541727.826,5281648.199,6825942.86,5208540.211,4978320.716,5157792.879,6005888.011,6664082.836,5600210.964,3466161.113,6754079.31,6471106.89,5011386.254,4862773.846,7560327.083,7671288.055
Q99JB8_S276___1,295876.724,392666.8505,264092.6679,278568.8947,384355.1325,370279.0577,345370.6967,336518.9498,313586.0272,428022.5746,271208.1738,274000.9764,388233.1387,364847.6416,281179.5921,344357.536
Q99JB8_S319___1,226129.3163,307622.0157,203905.4612,211619.8553,339277.7095,276882.7406,272114.8315,286316.6285,272711.346,365837.1925,238428.3372,238926.6879,294887.5892,277814.1893,276174.4586,288544.5742
Q99JF8_S106___1,17983.6631,22834.59814,16565.33106,20525.45688,17581.21143,20740.76736,17456.56332,16867.86013,24393.3322,20786.13674,21681.67155,20770.24311,22565.33471,26404.4984,22125.52935,21651.60495
Q99JF8_S176___1,1859725.765,2017257.075,1754874.613,1769285.492,2100941.849,1969144.151,1735240.365,1684577.818,1922099.467,1698514.603,1906786.759,2368084.189,1846425.613,2061777.295,1901054.611,2029420.133
Q99JX3_S411___1,90029.92225,94643.83897,101153.4009,93718.50314,83509.94166,80607.57629,133813.5096,118230.5376,67669.68725,63044.95816,98402.66195,93142.54064,83761.44535,63172.85994,98253.66181,109553.6389
Q99JX4_S2___1,56333.14477,57309.70056,59228.04072,45380.04655,38510.55605,65379.56923,51943.50677,43272.42987,50345.33139,85295.32175,64700.99014,72316.42421,67813.5662,49862.02842,51228.99325,58950.32025
Q99JY3_S17___1,121594.7895,106706.9689,101424.7224,91960.80068,86828.37585,113225.052,87245.37151,71957.82475,111868.2171,105271.3294,75209.93914,89886.71775,119631.0158,94994.37884,94141.27248,106625.6686
Q99JZ7_S272___1,26120.26016,32472.74317,34477.15701,30876.34343,38832.44127,41687.63901,35590.76758,28620.33919,33435.00278,53670.72102,27988.10999,22700.55518,45887.56078,37540.50494,26932.75438,19256.49573
Q99JZ7_S214___1,302067.7365,386030.2193,391096.4381,276883.1233,478801.1436,497435.9531,384333.3618,251827.1283,279991.056,488828.6106,265964.1206,318089.648,427358.0734,307140.502,207287.8543,214963.8316
Q99JZ7_S367___1,2897360.448,4224395.163,2940127.456,2772291.402,4228874.796,4029349.836,2977720.173,2107728.313,3411868.911,5098079.74,2396780.128,2039108.952,5290943.241,4002688.312,2055345.585,1113180.733
Q99JZ7_S368___1,1313224.437,1653611.124,1515076.627,1225379.255,2250886.893,2077427.311,1546293.282,1084526.696,1507115.487,2371624.306,1167046.395,1025727.922,2523266.653,1921020.361,1072573.233,605781.0495
Q99JZ7_S301___1,591163.9716,896903.1683,1151092.37,751532.4975,964960.2292,749734.1935,922129.0486,645320.894,867095.9734,950495.9046,716720.1654,673754.5787,1021898.16,914158.8745,550942.9232,426931.5719
Q99JZ7_S310___1,194256.8143,185959.2703,177550.4491,140299.6042,194817.4766,195075.2484,164981.6784,107605.3227,183069.1554,253147.6022,157422.4804,186528.2231,204395.7159,205815.8953,153041.2117,139883.2859
Q99JZ7_S251___1,1641683.909,2479180.291,2245866.123,1794048.579,1905093.113,2098556.395,1932908.958,1755027.937,2124221.535,2480729.939,1941284.166,1863627.865,2911056.919,2638668.012,1875344.302,1509402.445
Q99K28_S432___1,152563.2615,287057.3412,244956.6877,186770.9345,227380.7723,183025.2011,226345.4006,203006.7597,177772.2187,215607.5394,205272.2173,157276.7891,184663.4432,151807.6847,160471.0619,121137.1764
Q99K28_S339___1,417022.2952,1306144.351,890369.5536,628635.0526,713270.925,489241.8587,883326.5414,546668.7909,678318.6723,502586.0164,514673.9448,374590.2785,669810.2966,477522.7798,385168.5186,241414.2295
Q99K28_S239___1,254171.921,381810.4748,285592.0776,254611.9421,359701.1622,228319.3439,312573.7654,316578.5678,248018.5283,75985.62859,278688.1657,180209.6791,177688.7881,113107.6682,193271.9537,113204.8251
Q99K30_S204___1,246712.7136,317636.7034,322613.0622,294567.7791,357407.8487,357288.1085,305584.8011,270979.4548,270940.6279,356409.105,313968.0182,309368.4156,398924.4775,313503.2413,271362.3394,290282.1956
Q99K30_S17___1,10866.63952,8260.644124,15525.82471,10847.66797,9252.238586,8901.559915,18358.22334,32164.83634,7648.926256,2998.520335,19600.42115,15784.06537,6115.246363,5700.735774,15261.18048,14107.52944
Q99K30_S573___1,165539.9165,202066.4956,221766.1873,186333.3438,178629.9242,200429.8094,200764.5054,209121.9889,180997.893,174820.4409,200985.4067,186861.5891,186106.4906,173384.5964,207265.948,196341.6433
Q99K51_S339___1,30252.0923,34881.54073,34478.38692,33074.21317,34111.77194,37036.40973,37893.7955,33908.99457,36020.60221,40781.51361,31571.16285,31392.1026,40646.17366,39250.35515,30900.44183,37562.36309
Q99K70_S94___1,170000.033,191088.6207,164263.3361,185731.7441,227774.2523,228648.2945,217664.4946,169125.4809,164882.6436,249452.8445,160721.641,156751.081,229246.0906,212383.6881,143927.5775,162833.8776
Q99K70_S15___1,324282.7306,322242.7732,220398.1502,299279.5327,395815.5586,336933.4999,268629.695,228237.1725,325742.9718,409803.1637,249928.6209,230697.6237,426123.7197,268939.0546,246765.3594,217026.0782
Q99K74_S871___1,113739.2241,139229.7978,124993.6958,155219.6778,119327.0569,148996.6119,154810.5749,82989.32803,192199.5845,200858.283,152228.9289,156971.3137,206312.6298,206256.1055,199735.0217,182601.7313
Q99KG3_S736___1,52126.32035,67521.08958,63639.57199,56482.94883,62518.89973,61152.00927,71315.67343,74559.36253,57083.20776,52141.91227,63018.09084,69365.60457,62029.34771,63724.9299,64967.36692,67241.73139
Q99KG3_S89___1,25046.4715,41431.43373,23241.71387,26297.51928,27089.05554,35804.25183,24661.1606,25301.48534,27519.73252,34438.06234,19561.83732,23713.39079,36310.39857,28826.98952,24219.55767,31119.58746
Q99KG3_S723___1,43718.75358,67798.76467,60568.40932,63062.13707,50771.17451,59982.38001,60935.10294,66611.85244,50983.94038,55544.67775,53662.15228,59651.09062,80188.39442,73482.45942,55319.36917,77563.19117
Q99KG5_S407___1,941928.7741,1037284.345,912439.7251,1216499.388,775614.4105,890019.0388,1143062.083,1258146.491,835214.9077,775823.0743,961996.2302,941057.8158,828852.2482,835133.6414,872092.2736,638034.8334
Q99KG5_S436___1,115791.3091,154969.8053,162106.9004,151666.0297,137256.9649,143223.6154,190668.9049,191594.6647,128950.9425,93534.47765,156153.7971,119625.1251,140091.839,100433.1648,125735.0615,79953.43541
Q99KG5_S448___1,83302.58524,50768.18221,51964.80924,52513.41295,61067.00229,65840.46122,55041.91283,71302.13642,82067.29374,74568.49503,54333.17861,76079.85959,71854.97025,71989.46819,88933.68588,78226.25849
Q99KG5_S325___1,19541.25418,16668.49268,18420.37344,17151.87801,26459.36945,25985.49187,19203.89627,35378.38836,22007.10224,26600.8836,20800.17201,18618.9224,19575.68739,19118.49502,16055.95673,11871.46005
Q99KG5_S588___1,658052.4713,1395047.206,664164.8918,1045695.219,1105036.024,686128.0433,867899.6986,611434.844,875772.4436,711378.7885,508877.181,489423.4399,1100779.838,804485.7019,623508.1605,417666.5221
Q99KG5_S591___1,110306.0851,228635.9735,224435.5959,166730.3482,251061.0002,141449.902,208315.8734,216694.1252,141804.8779,125879.6788,140345.0097,82545.19136,253505.4887,107772.4484,104175.1274,44135.14292
Q99KG5_S473___1,483599.3093,605077.9183,458792.8406,493695.4681,565350.736,510298.7401,537486.7432,543733.3382,566699.6335,422618.9685,471280.7397,440113.4162,571347.8982,426816.2852,471868.1141,317550.8431
Q99KG5_S454___1,65950.3043,64808.51878,47885.14004,57711.57103,48999.37309,56175.53234,57027.12353,87194.21083,70757.60948,59683.70766,59176.11531,71334.44096,67565.89121,68016.46282,72880.17469,59329.9114
Q99KG5_S455___1,97427.52604,90641.97343,85926.65082,97508.06799,77601.98002,93709.4293,85273.61555,117302.6265,104463.3421,88410.55677,96409.42656,120518.496,86826.27554,111356.872,133368.6814,111845.7294
Q99KK1_S209___1,167603.199,169987.3168,188631.47,241732.7518,239248.6275,282300.2005,163904.3171,164973.737,298363.8501,241968.7185,214915.9813,216342.2764,257421.5271,252283.9855,182745.3751,177009.3994
Q99KP3_S3___1,88853.75811,95534.30005,82975.6104,96089.00035,115131.7379,122764.7422,94349.41843,102517.2248,89021.15293,126403.1758,77383.6171,84918.04012,132979.6381,115874.2633,89478.03736,124466.419
Q99KR3_S235___1,304330.8766,354100.9835,313848.8034,374126.0909,522449.4418,483747.3368,345504.6979,325776.8977,439870.4077,857390.0344,345793.0877,360770.9015,691877.1157,543012.636,318671.7679,348642.9725
Q99KW3_S1591___1,107406.0922,121982.5445,97864.79614,150101.04,118335.0711,122014.2933,142828.0542,128703.5589,111620.4838,132224.5454,110929.1599,108140.3824,147943.588,138083.4302,113412.7912,106757.9924
Q99KW3_S1604___1,476910.6637,523101.2788,458501.1453,624161.8443,609034.0908,629608.8376,589917.4405,518663.5592,518884.9765,664649.878,553432.6255,573795.7327,635933.5766,572996.2013,520108.1811,490666.8222
Q99KY4_S824___1,211572.4922,185573.6453,194247.3467,180089.9191,201020.4703,260350.9383,191892.1274,196391.0464,185533.4866,306786.7084,179794.0095,222553.044,244766.6175,257821.2596,179378.8795,227034.5389
Q99L43_S20___1,553510.6258,728302.0033,765077.1667,954843.6399,493080.7559,626788.327,910367.4572,883055.6617,576727.7069,518628.45,1197159.678,965500.186,614338.8179,758831.7291,868700.2139,1368838.383
Q99L43_S32___1,691491.8647,932126.8765,926915.2589,945734.3028,755399.598,898703.9267,1065175.616,753223.6229,782912.2846,782924.0711,952556.8938,891837.8245,1010119.118,1002454.913,861137.4126,861465.4936
Q99L43_S34___1,285147.1697,281078.063,405833.0894,418275.3306,334614.5002,505923.794,459624.9694,335373.6983,285523.1337,385848.2239,430118.5488,398503.9425,352971.4597,394368.118,381334.0592,432729.4809
Q99L45_S67___1,364340.6129,455964.6384,338666.3585,342423.0164,456205.4686,383404.3259,405134.5849,340692.3036,396933.2245,1002511.009,376494.9853,267026.6955,692264.307,688755.4492,385795.6456,348703.8617
Q99L45_S105___1,537275.1356,726673.2822,628736.2665,633153.0876,708876.9201,609633.5108,602970.2019,485612.9891,592779.195,1170792.676,615512.8771,444731.9333,966703.0642,1008900.706,525041.5434,440295.4826
Q99L45_S2___1,10876704.9,11077647.98,10744749.77,11631362.17,12368002.58,12331066.11,10623615.93,9809574.055,10301840.67,23771538.97,10936710.84,9922392.528,15089178.88,19748991.76,9916183.329,11117983.49
Q99L88_S71___1,12881.65683,14038.47928,8470.711575,7940.754909,9425.375,10426.76308,10638.78878,7981.06734,9635.490647,10444.20074,9924.603985,8579.170553,11632.29312,12156.53479,7323.593521,7567.718524
Q99L88_S86___1,52983.72922,64465.3619,57661.49856,51254.37865,47749.69244,41018.08038,69983.70804,45796.17203,49848.14182,33659.70318,59494.4318,39979.88252,49220.46179,47895.52985,45982.7713,33237.80486
Q99L88_S388___1,1184958.103,1024161.255,1087383.98,1077487.696,1178672.245,1276145.763,1319789.776,1296288.478,1141339.515,1228919.908,999034.7014,1017775.677,1164243.431,1141633.665,882109.1922,920527.6728
Q99L88_S218___1,2323931.149,2408233.552,2395458.291,2172950.668,2694349.08,2914973.45,2435227.711,1794703.047,2565970.894,2907606.464,1980950.838,1922821.113,2855984.694,2519942.125,1708816.281,1689631.993
Q99L88_S233___1,84317.84684,61813.59635,72524.36786,60614.74853,87598.8897,102939.2016,61565.35324,60162.35164,83316.84382,65654.9439,69845.12335,63017.26028,62253.06218,64701.22647,46042.32775,50669.97075
Q99L88_S235___1,137185.4014,102334.5588,120754.4948,107201.0183,158656.2609,166083.0235,75037.43106,80319.20366,121734.7658,147648.8507,103716.6606,131937.7015,124967.5417,132562.7955,81905.68188,106016.9877
Q99LB2_S221___1,155970.8154,155255.9391,152937.51,169386.1788,202088.7724,219841.5931,193575.8209,153113.8113,156782.3467,302298.1251,147599.8468,173303.7302,217242.3236,201738.2871,142756.3247,162533.8029
Q99LB2_S222___1,38133.30638,39883.81199,33131.21698,36694.53127,38852.3798,46108.67895,41934.79102,33169.40955,37203.78379,69968.00017,31974.90627,37543.19974,47940.31471,43582.98955,30925.64254,35210.08475
Q99LB6_S271___1,124367.2852,113170.15,119056.2373,122666.2117,133782.1551,151602.5349,116706.3931,134990.7572,104264.2248,222952.5431,106614.9844,113741.4113,158630.6123,157211.3985,116664.7259,123682.2408
Q99LC5_S182___1,15414.42259,16692.06133,20059.66375,14816.63794,16790.47856,20644.02605,22581.09086,18710.1814,18772.41157,15755.74562,16659.78475,21164.72577,18212.70215,17453.58228,16908.69268,22957.58923
Q99LC5_S140___1,314821.9171,314389.5638,352882.9132,398157.392,368740.1007,373896.8081,414446.0422,395294.1444,328867.0845,456342.002,348016.1951,331822.3925,394545.0849,372968.9811,328802.1734,376252.1631
Q99LD4_S454___1,75041.31596,64984.69067,82663.50125,77101.41625,63765.95735,77826.48699,87734.27307,99622.96418,74840.22161,78343.90589,86636.95652,88848.038,73449.3835,84697.55198,85580.54675,85232.71914
Q99LD4_S463___1,49894.36493,46914.47009,32226.65102,36317.75092,26268.39563,32550.74478,43379.13465,45440.43854,34005.67625,40245.59374,39158.55981,36881.86912,39604.71061,47210.83895,40207.6747,33978.42729
Q99LD4_S448___1,52866.04612,58064.84636,65368.22955,68522.23635,42345.93725,45868.94313,63342.29996,83943.08874,46253.76972,43953.40566,77281.2098,73111.77254,49600.64174,60851.59228,93400.81607,82154.10881
Q99LG2_S354___1,261322.1577,253062.6564,227008.5162,230804.216,283735.6801,287992.3785,217515.738,226082.7224,243982.1822,328930.144,239707.3061,224563.8773,290635.4162,272690.3133,256581.2565,237802.5448
Q99LH1_S504___1,42390.93625,34283.93111,23377.70112,37711.52645,59066.12747,60874.22463,47272.4224,37842.60661,45091.35736,133978.8581,35041.18153,40173.25564,64760.32324,46485.21586,28598.12206,27452.63017
Q99LI7_S691___1,7095250.337,6205612.011,5120149.015,5919084.837,7835641.208,8223604.601,5889084.85,5732624.702,7640663.737,4847695.626,6223867.208,5421340.734,7072591.835,7166926.054,7028968.843,5205919.921
Q99LJ0_S488___1,151882.4788,217075.0338,63325.01587,139319.7054,297754.5289,272373.0217,115298.3421,93216.41736,207817.4821,239849.3013,135795.2742,102875.635,217455.3049,207129.1524,83306.84772,89348.53538
Q99LL5_S49___1,650227.1943,460450.3615,1400294.687,1183636.354,407120.5611,452583.1146,950224.6681,1238128.41,533028.3322,258105.9481,1339984.652,1528175.203,345664.7291,308123.9352,1309248.127,1429152.848
Q99LL5_S493___1,524401.6702,420500.3478,996348.2137,854032.3207,391238.5913,421629.447,721945.7208,806460.7264,436992.7958,232948.2377,1042411.197,1157493.925,326135.6826,278816.977,947947.8828,1039388.012
Q99M51_S85___1,386935.7084,405420.1232,607160.8093,508566.2588,514046.9611,573486.6603,655068.015,600423.2741,462956.1429,400350.6685,507062.6941,506111.4006,476748.1415,481048.2412,547200.0884,444524.0631
Q99M51_S91___1,112647.7674,104976.3608,119433.1463,109064.734,128467.8831,144318.5148,117133.6671,143928.4944,135619.4603,113309.1558,117393.5685,102298.3776,123899.8619,116288.9607,120935.4212,131049.0022
Q99MD6_S6___1,41852.06742,43250.03184,35817.38353,39031.97018,25751.11872,45448.01422,43362.86652,56444.62824,40255.12089,41994.37361,46640.52709,53698.00581,38975.02994,44831.54706,41997.91616,54527.55074
Q99MI1_S824___1,19333.88916,15312.05014,14309.5648,15284.66833,16667.73082,16932.9102,17723.65854,20169.86994,17179.54457,15884.92692,20908.44878,16580.21423,15612.56578,17084.29155,16635.68532,18740.53123
Q99MI1_S17___1,19956.16939,20208.87261,13375.72734,12878.68699,20832.29479,21088.92448,14394.30631,25944.89778,16746.23918,20675.41401,12249.14949,11658.66668,21179.87653,21957.95161,12111.03699,15583.50957
Q99MN1_S594___1,61364.45533,53985.17278,60547.32153,56904.3832,61404.34833,62706.82484,53444.50469,56090.30779,60462.69918,56875.17659,62588.06046,66821.52679,61171.69116,65326.41014,57626.48869,57556.23738
Q99MP8_S116___1,30935.69564,36608.9384,34539.57055,49208.6298,48506.02486,51884.47381,40767.85643,28912.20018,50177.86539,63942.34052,30374.31158,28744.3137,59850.85837,55028.74248,34965.74408,31635.72876
Q99MR1_S343___1,39430.68232,34035.58201,42333.7708,46688.83738,40336.26731,41242.4178,43837.40944,43525.41532,44202.67673,35624.47475,53426.17496,54275.42992,38662.7931,38502.61367,46773.4856,44858.24838
Q99MR1_S413___1,452519.8433,501930.7679,549795.6356,661762.6249,652049.215,590171.9503,740163.6435,609026.0049,499915.9907,699790.775,694679.1062,563598.8683,508294.0897,592936.6719,537695.5075,430535.679
Q99MR6_S67___1,105600.1077,98866.93471,117779.3154,142337.0137,98557.89197,102050.6903,112541.508,112903.8604,112445.7117,106183.5888,97884.42501,119454.8429,114644.4258,103230.3838,101051.7778,121160.6792
Q99MR6_S74___1,72754.40676,66781.51394,58157.22404,78993.67496,61970.26963,73580.58501,63428.2248,48794.04635,86034.31786,71423.89091,63342.21372,71695.7502,76007.36819,70572.50266,54600.055,50596.09678
Q99MS7_S240___1,20995.61794,27403.50067,32520.03361,14443.78092,31275.639,23357.37846,15371.91765,17640.23682,25181.45187,30176.59993,16952.41457,16029.73519,20316.5683,23655.95883,15741.40809,21450.27712
Q99MU3_S238___1,199081.7979,296235.4225,336427.5861,418343.0769,277467.712,278990.306,462272.2862,340139.2709,258028.3891,320845.5536,316386.84,301870.3444,328248.1399,248187.1285,319333.1484,317996.6477
Q99MZ3_S514___1,186966.5012,146164.3924,119809.2317,124665.1662,140405.035,142810.9848,156905.6378,150623.5462,209508.5705,116211.4794,155391.8664,137111.4135,168676.9884,151537.3216,136790.1879,80958.90519
Q99MZ3_S366___1,296761.3094,309662.6734,298873.9097,318290.3382,363969.7869,406171.0513,488777.2829,317820.5043,322773.2195,349656.6986,343177.5556,211999.0787,434938.1264,323648.3341,166383.6163,102001.3221
Q99MZ3_S25___1,107016.7329,79541.0511,57582.44376,71567.23449,87480.98949,100631.2838,81516.65664,86449.06022,90814.8149,69726.42372,82569.6295,76349.59813,94670.23132,104132.1786,88706.87297,80330.89647
Q99NH2_S378___1,116250.2637,125961.7223,122418.752,108277.1516,108250.3175,108979.8617,135991.4448,169745.2437,86591.75099,121192.689,104814.4845,104405.1456,96526.38989,104351.7012,130560.5774,130654.6435
Q99NH2_S383___1,55974.14613,90340.80941,61236.38051,55793.68379,59166.72565,60130.91244,91106.74846,62325.06191,62821.46492,78903.04713,66903.50797,58437.10851,73528.38797,76696.04981,82928.9346,77432.87896
Q99NH2_S963___1,12206.15324,11934.87597,9259.501527,12767.27535,11660.21234,14179.18212,9229.823636,11013.12482,12332.11186,19550.90496,16155.52106,25887.98386,13417.56087,14491.52272,16200.41365,29859.08229
Q99NH2_S1042___1,26614.06037,35032.2165,30866.5285,30860.34739,30335.99558,26092.61774,37649.1398,39706.03933,25978.93536,26506.03057,37800.13321,28073.46268,28415.71369,20184.9622,23500.30979,17744.48367
Q99NH2_S885___1,137276.3817,155882.4979,143157.5695,113257.4732,175142.1378,208102.7831,150773.5688,133806.2621,150453.6296,295582.3556,124562.5006,118108.3877,210706.413,222949.2464,110857.7223,119116.8172
Q99P30_S2___1,19144.38735,17083.56745,19014.81605,13350.74339,22071.68008,20035.89478,15583.84091,22975.68678,16669.34088,19475.91584,23726.269,23732.73552,17863.51208,18140.76234,16138.18771,18566.45775
Q99P31_S349___1,74039.81135,94180.41191,74085.57556,103347.3124,198647.6367,84350.40878,73156.29555,78040.89893,62243.03547,120441.2185,62214.10892,65891.28843,100320.3185,64272.03678,69610.04003,80454.59337
Q99P72_S105___1,518161.6216,401116.7122,431328.3874,443483.2577,405753.2061,402390.6901,378721.4385,240529.3448,454752.6032,498580.2049,326513.9138,343208.6851,393921.3161,390595.8595,372565.6339,417935.8854
Q99P72_S165___1,425277.8317,464371.6709,408118.3802,458422.4398,435207.4653,497260.1138,520056.769,308443.9202,468952.7433,636376.5243,422869.6631,369748.1096,523214.4919,409670.8991,320869.3091,378348.1293
Q99PE8_S21___1,187818.6491,135260.9262,147612.4601,151412.0557,181670.4591,224833.5911,135184.8263,163666.9246,128961.1775,183957.4466,117096.0022,136474.1206,141333.9248,120098.8186,124073.6179,122465.4678
Q99PG2_S403___1,76651.29464,70759.33894,81469.06401,88257.26924,69941.81052,96943.39781,86868.24818,86641.81874,77457.36972,98050.84605,95538.73849,79420.38539,80475.55536,82921.88715,85643.45556,84694.07249
Q99PI5_S243___1,1041375.389,859273.0477,824392.6268,874184.0055,1304211.937,1606852.872,1226203.33,1071883.125,1642955.928,1392884.327,1305125.955,1523007.583,1164073.299,1355985.017,820407.9437,829837.4529
Q99PL5_S191___1,17477.14897,16301.93733,14874.45049,15175.40026,23729.95587,34239.39412,20439.86016,19724.27606,16672.10878,11235.70604,12804.17185,12034.71327,13935.35105,10522.65006,7137.810111,6109.712945
Q99PL5_S1162___1,131164.5175,140342.722,117222.1729,115785.9263,157375.3094,154290.4548,115638.0691,90936.07498,144470.4684,217929.6972,120895.245,128184.0385,174994.7176,164745.1466,130601.4938,125985.1586
Q99PL5_S1472___1,231784.3104,220163.5478,224231.045,228361.0106,222031.8597,229583.9428,237230.4465,188350.4587,217040.1088,176519.8367,235838.4896,230536.9589,228906.3007,209371.9789,241166.3776,242011.1415
Q99PL5_S154___1,64146.28679,64791.51601,60275.88952,66791.87789,69973.29011,87148.48498,74487.7292,67008.43624,49396.79788,75029.76353,49523.09827,44076.71224,57989.88994,41645.07861,34845.01625,30000.68966
Q99PL5_S159___1,218607.7843,188488.8541,137449.9337,125114.858,239117.884,248236.587,181325.7197,141517.1324,174069.8646,243954.6412,111015.8682,146647.1247,219559.5579,188186.0038,128426.7512,128466.6053
Q99PL5_S165___1,111214.7812,96762.29294,112073.0453,110960.8199,119513.8748,148544.6928,116226.0326,107334.1929,77698.5851,105522.5203,78845.58207,73770.43687,103035.5836,80325.98557,67770.40358,52228.84303
Q99PT1_S47___1,787249.1752,454602.4837,387914.6977,630321.7058,751161.1242,770044.7036,723039.836,655467.0909,641966.8362,346693.4042,896242.4302,732134.0519,659096.6164,461939.8121,613174.997,408267.1702
Q99PU7_S395___1,40141.01283,53599.81886,41336.48934,46196.2142,41378.85519,46061.73543,47785.41055,54237.17923,44992.54426,44338.55536,48745.76118,56151.11081,51465.20667,39060.10968,38423.29746,63516.95592
Q9CPQ3_S45___1,277257.8263,278072.2572,272464.1683,264002.2351,320336.5554,339458.5244,322875.5742,305551.0352,322436.2904,360408.6931,253594.2471,277089.3731,280601.4955,355992.8933,256317.2312,271980.4508
Q9CPW2_S51___1,9320.025251,11456.08115,8998.494385,10277.02271,13922.08484,11990.36582,12056.95006,10987.62995,11000.14203,18676.37871,9582.990576,11373.06457,14544.54664,13844.91385,7663.308514,8455.756317
Q9CPY7_S149___1,254337.5726,243832.4256,271995.7871,257600.0224,236304.866,233894.7128,249760.6498,251233.2352,246149.5042,187594.965,262107.8764,235441.2383,208283.0853,230044.7103,291286.0533,287190.2485
Q9CPY7_S207___1,678599.4471,742334.7743,673668.2885,763373.1993,866879.2872,869486.2412,761770.8976,571706.7679,847469.052,1049097.877,643392.4315,738724.1773,909833.0206,881031.9167,639180.843,749984.098
Q9CQ10_S200___1,839374.9136,857250.9004,752540.1627,847202.0436,870707.8608,856166.9076,832667.09,700713.6472,925916.3942,928856.4254,838116.7128,781385.3596,848485.3001,921872.8222,866454.6912,837285.5427
Q9CQ20_S74___1,175806.8041,160573.7151,135895.837,142549.0837,279592.8938,269578.6154,178943.1924,120206.128,212752.5508,222092.2375,148511.684,140439.1251,215344.774,197264.7738,131023.3763,116105.5963
Q9CQ22_S63___1,217011.2122,279146.5321,289841.813,221714.5647,259219.0678,217624.0643,301974.2784,237326.397,207731.2258,165149.6315,224437.2309,194797.5695,249315.0887,194256.9276,227704.4961,193407.3435
Q9CQ56_S165___1,403542.2791,338362.9734,423730.2034,415030.1563,486597.1317,499674.0702,604953.8798,474861.6312,423467.2967,511911.8281,357384.6171,364855.9131,374674.906,335968.0351,450278.9213,376937.2708
Q9CQ60_S49___1,560743.9797,721029.8125,717125.4383,830446.0465,647878.09,725978.2563,840855.7537,724406.0302,632003.4876,921573.9961,789119.6181,891283.9795,782097.6209,665651.0355,861510.1549,875258.8208
Q9CQC6_S411___1,8628.46142,8422.647766,7512.15416,8703.392983,9747.121221,14750.3532,9278.0995,10477.43225,9486.123772,24035.87691,10219.29606,13891.4745,13778.10782,13748.81636,8495.951542,18106.50889
Q9CQC6_S413___1,4982.184448,5295.198805,2064.463112,4438.234681,5808.945314,5540.93227,5024.906649,6419.861499,5434.341455,7939.308202,5945.520164,4755.629378,6886.467891,7810.515109,5687.164517,9801.934566
Q9CQC7_S26___1,217759.1196,237202.8613,198735.3614,201079.7065,275499.9685,299596.8715,227748.7949,191855.7024,231086.357,440824.5104,188343.8723,240168.8747,306711.1822,283973.1196,174157.6248,193494.5433
Q9CQC9_S164___1,1275157.798,1331012.901,1155695.73,1127632.274,1328677.362,1209040.097,974851.7803,1177278.723,845035.1986,2229440.942,939680.0209,1022317.688,1087673.708,1119539.177,901868.9149,1033256.431
Q9CQH7_S153___1,111537.4279,116737.0888,75266.01183,86679.69777,75756.85907,85975.07087,81603.34562,68095.25452,99152.15131,147854.322,80549.18524,79110.00658,90633.73941,94582.95154,58396.40662,69418.32794
Q9CQI6_S141___1,24081.09539,40336.21754,31025.80929,26478.09067,26973.0042,44460.33697,36561.19932,27658.20303,29964.35302,37684.13766,46102.07493,38118.85474,27913.57382,33543.03454,30664.48068,31071.31902
Q9CQN1_S196___1,115098.9931,99728.25265,118873.013,103319.2038,119216.4456,138480.2532,102574.6966,111186.9325,103398.4851,154368.7788,93222.32759,107282.5938,130381.4116,109382.3047,88431.50279,96055.43623
Q9CQS4_S35___1,206267.3842,211409.9537,183336.935,174278.7929,356391.7824,335219.7581,202222.2743,171649.0811,277917.2107,391014.3926,165713.7146,171126.7634,306672.7765,257877.8225,121613.6367,109667.0754
Q9CQS8_S13___1,23496.17383,23461.82347,35301.93228,21009.50851,39334.78288,51539.37321,37153.28816,37673.3936,25793.27787,35014.31726,18508.64596,31829.25482,27063.69211,22877.91664,13184.15252,18106.92235
Q9CQS8_S17___1,149056.1479,358796.9972,311390.7255,222732.3607,240328.9974,280376.2497,338292.13,332308.9516,182621.1369,172572.4337,158692.3418,119277.5975,244795.0175,234780.7892,131179.6266,108309.0663
Q9CQS8_S49___1,23747.67121,17590.81717,23682.37322,21553.34502,24592.40352,27286.06333,26084.85206,14848.9116,28750.47439,28065.47205,22300.5974,30447.34584,27969.48253,22694.31408,24295.01094,26065.05868
Q9CQU3_S95___1,577558.4346,318220.6056,524837.6373,467289.4012,803059.833,683995.5365,534815.4073,525747.7827,479045.1662,832055.6203,500190.3311,550379.8338,484522.9794,436753.346,490488.6144,457894.7189
Q9CQV4_S26___1,390926.2375,457472.5535,369567.5045,394779.6791,295589.3441,365525.3426,348807.4519,369109.6587,397937.2669,340762.0678,398195.9472,358853.1109,326475.8035,334276.7998,299534.9423,361411.6039
Q9CQV4_S435___1,334806.255,303845.3243,248746.2024,266220.3843,268957.4699,287098.2224,251406.0061,261203.5072,241382.7881,318092.7295,226859.1741,242777.429,202052.2886,245763.1196,183389.8853,259051.7316
Q9CQV4_S436___1,85399.40309,84889.6486,90330.99268,98429.7522,74489.03811,107286.8648,90856.4003,99091.79672,82295.20803,121229.711,92163.39473,99722.81479,63610.09027,80177.41423,72248.66021,105500.3063
Q9CQX2_S16___1,92809.89,93188.27237,88026.3155,83421.58597,60120.89519,59810.93357,101763.0156,68810.48682,66386.07565,62202.56092,79317.6777,68199.93007,60643.71352,57033.33648,66201.85805,98613.90584
Q9CQX2_S33___1,486101.8016,489585.5533,363805.7494,439955.397,308878.1536,284410.0226,371203.3173,328678.3876,392638.0848,349327.386,405589.5829,328578.131,391659.2207,409876.7359,274115.3624,538005.7211
Q9CQX8_S60___1,497427.8144,449900.4054,348292.5087,398328.1645,716054.3052,704450.7479,432642.9271,351507.093,609421.6688,1046578.491,342659.9018,495996.7044,668030.4548,633971.8174,266268.9111,279560.09
Q9CQY2_S36___1,1032385.16,566082.345,342937.7055,301790.2777,1014787.931,801139.4711,353709.1151,304556.2168,619042.2304,1123853.879,220076.9074,281716.7264,1202610.266,1170267.746,176796.9813,194671.3604
Q9CR00_S128___1,1091792.021,931410.6429,869227.0715,886293.0165,1202685.059,1353468.191,1120320.899,784047.3607,1153931.452,1158718.344,833213.7988,1024959.55,1240897.836,1121900.093,742744.5605,752860.2022
Q9CR61_S73___1,62891.59768,74951.28872,75480.79107,94080.23818,69808.09595,74136.11971,99697.29513,76505.76462,93540.1973,111447.6298,102632.6991,97772.47001,125476.5075,101792.4372,106799.9785,87217.06336
Q9CR86_S33___1,203516.944,205547.7001,136799.5941,154625.7863,247924.5991,199926.2769,181950.7817,173580.2857,138277.5559,127068.1624,151157.3236,135891.2466,161071.0838,181960.7313,110697.2006,121244.9385
Q9CR86_S42___1,365297.474,402667.0291,300640.2449,352796.9766,404162.2974,324684.7751,366458.2462,360317.8332,277850.0163,139390.8208,393631.0421,271147.5664,259992.1484,269090.9905,283212.9754,246921.0578
Q9CR86_S53___1,100608.4307,246297.7225,121152.1442,139114.5522,152699.6104,96302.26962,201709.742,159669.3488,102508.6936,61760.86731,175551.2507,80157.08708,153907.9609,106181.8753,80042.51238,65725.04292
Q9CRA8_S19___1,69048.01763,90646.88417,78856.86809,83305.55152,64487.16947,70896.53666,98009.63718,94164.45426,67370.70552,81963.1173,105943.7701,112547.6742,66086.48083,65902.40706,83591.65318,91807.11574
Q9CRA8_S23___1,354388.0517,322276.0623,336456.4881,300681.6234,284195.3586,364672.9146,306890.9814,286161.7734,308017.9336,382183.2925,362386.6007,315523.2421,340352.027,390645.9815,261304.7108,326366.6175
Q9CS00_S148___1,158516.2928,186147.3276,127407.8215,126312.6881,185787.6263,150524.5531,125282.0533,99390.68388,159900.5108,130342.5075,139061.0978,136300.3363,128349.7772,156534.2443,146036.0278,142834.0047
Q9CSH3_S215___1,72628.35948,80942.06872,74115.57693,85937.38431,101906.847,99965.65046,80121.66594,81070.4828,88065.53096,130275.7768,81353.64151,72307.65262,109370.8801,94593.72642,78183.4536,89062.98741
Q9CSN1_S224___1,56179.63733,67147.19876,56050.58051,51261.32957,55227.30003,61531.19531,61455.79239,57453.36944,55324.35264,71032.73629,54521.59309,54650.08688,70960.28058,62237.70706,54157.89651,68004.79759
Q9CT10_S463___1,379704.4287,371996.5123,520335.8571,445387.9271,487039.218,471787.2738,574389.8796,425285.8814,431627.0491,356123.7239,363968.1895,461045.1438,570056.5571,337892.6786,355949.4401,316215.8429
Q9CU62_S956___1,9546.306808,8139.410322,7491.624194,6052.9533,7018.062926,7954.253031,8264.45659,10393.52518,6224.040226,8161.170184,10049.99198,9848.811702,7112.733657,4983.19415,9201.41313,9881.227419
Q9CVD2_S263___1,36070.6815,52271.3133,27488.06058,32015.81695,37470.47407,28084.15324,45597.83478,37842.69542,28110.54631,16421.25389,30054.52605,26618.52088,27437.74241,20722.58103,21314.37433,18376.46172
Q9CVD2_S268___1,77147.81085,77472.7855,73414.29572,72055.31288,63969.11107,79884.91918,72745.14395,77032.55946,84895.67288,57124.90619,83261.10466,80591.50824,82725.06807,62410.73787,77219.13698,74249.54764
Q9CVD2_S273___1,177854.666,187401.2433,117855.5222,123206.5551,173067.596,189010.9453,249709.3165,138950.8092,225054.0048,155276.2457,183481.3313,175440.7196,205344.732,175471.0768,168672.0683,158395.5725
Q9CW03_S1067___1,20098.81584,21187.71234,21350.61154,22163.21047,22112.96435,24144.34098,25142.27581,23451.97691,22879.81042,29293.73448,21485.4222,21132.54534,26425.99814,25963.54187,18948.21132,22148.51309
Q9CW42_S220___1,122823.6043,130836.962,104501.2671,123340.0811,126071.475,138648.5906,151470.7773,147947.6222,143928.4047,170698.2018,111738.3582,110426.1742,127500.4982,108634.8364,81457.42759,90856.62076
Q9CW46_S14___1,54851.19409,40749.90092,87107.95684,80197.42182,65686.59567,77748.33847,75522.88263,78599.43584,60799.52508,76983.58812,91864.87993,66959.52572,86732.42016,63357.60727,64545.44567,55759.23822
Q9CW46_S626___1,155448.5547,145313.1996,270257.5299,179516.8264,170811.5458,177946.7585,175533.1286,155596.2157,165166.4761,220536.9352,243182.0083,215280.585,240292.428,187232.1549,203924.6775,206762.0765
Q9CW79_S41___1,18680.05397,13955.67585,13711.84648,7666.336262,17023.75627,18881.25696,19055.79511,14912.09365,18633.27047,23823.47905,16954.14039,23191.13139,16527.22348,16315.02354,16271.03482,19792.75168
Q9CW79_S751___1,20899.15886,28168.94343,25969.58872,25652.59126,27816.0908,24968.60555,36598.13816,19701.93862,22223.66047,28250.42306,26281.3581,16010.59309,30401.48537,19667.45248,21814.06968,12564.65407
Q9CW79_S30___1,344610.897,242398.8862,286689.3479,349543.4012,258854.7177,293987.3854,335544.7611,287737.4292,305483.7491,221154.9781,316591.5539,321959.8834,276725.4652,322946.4871,427799.2413,265872.3368
Q9CWE0_S235___1,1808866.282,2051982.988,1812751.903,2024797.202,1949832.083,2000401.488,1840716.126,1933240.645,1850848.687,2189896.931,1730946.347,1835959.707,2281634.058,2284595.592,1792749.032,1786844.472
Q9CWK8_S277___1,43925.77015,41524.08135,30741.86884,40022.34331,50985.57772,47075.47985,41346.87162,34619.35324,36084.27473,39634.61328,35104.56814,33984.05974,48090.90244,39148.49172,30235.43805,37578.75705
Q9CWK8_S185___1,83123.30326,93834.06403,75827.56899,82840.99548,95579.64419,100203.178,91591.92385,86024.21324,93868.81094,136947.0612,81410.7983,80478.16354,128948.5152,106289.3487,76332.58782,84763.07236
Q9CWK8_S119___1,325419.3325,314863.8042,265447.3877,276832.1591,372889.9606,368711.4732,289250.3515,255181.4151,334026.2157,351126.7999,239803.8365,248485.1203,327867.2386,320226.0187,265118.3021,278991.036
Q9CWS0_S33___1,88769.186,95777.45704,60479.54901,67282.4909,76599.83434,72180.65119,69196.7869,67893.05565,86109.74284,82358.65481,73450.24427,61805.19109,96427.52893,85918.80955,76834.36379,77591.66599
Q9CWX9_S9___1,797867.7173,714581.4126,819977.9168,889575.9688,758497.0034,783390.4471,870365.6975,830756.0375,704741.9091,774951.0449,812355.1705,779891.9053,777362.7475,818675.2521,807884.4882,887127.0382
Q9CWY3_S14___1,46162.71323,50303.61732,42730.42857,38352.09283,36133.63647,40987.50438,41818.17478,55313.67446,44864.89311,34886.40268,61804.18775,59271.66047,38783.50173,48492.20575,54067.90143,52874.62262
Q9CWY4_S3___1,26704.52882,35797.87721,27932.07262,34640.65674,44826.93928,40215.04264,21542.2856,26831.60409,51003.42518,145272.13,23334.98752,29114.16248,69591.409,71712.42529,22870.50216,35616.41392
Q9CWY8_S258___1,877609.7278,1077077.829,675153.9822,800509.4721,901667.5982,1018452.737,941584.6637,839250.5048,935539.7067,1033659.188,798343.8188,880575.4304,1077456.995,925376.9827,754601.8945,1077064.325
Q9CWZ3_S56___1,84210.91744,64855.49546,70384.27914,67271.07466,65163.79637,63310.42799,83049.25711,99248.96012,45446.28389,64180.95774,74111.92311,75235.4034,55393.30941,44649.40585,72270.50215,87144.29343
Q9CXF0_S464___1,51738.91947,67274.95252,56961.207,58933.67763,49788.55321,69555.46952,61922.30699,53397.82343,50134.05465,81541.92124,49870.00598,55669.10667,71964.20389,71345.74164,48876.09027,52361.95685
Q9CXF4_S205___1,554798.8347,693809.1383,548310.6628,574264.5511,926760.663,786436.8223,744299.4279,537276.6538,746575.3389,1090817.334,485806.3264,467838.7548,998676.8644,818145.8203,429695.8978,456633.0164
Q9CXG3_S393___1,609143.3315,653023.6614,429156.5047,410969.4734,583142.0659,613578.2856,529829.5718,485978.9826,543734.418,626734.9992,430986.9668,447725.3685,645342.6198,794237.4667,259681.182,200936.7987
Q9CXG3_S178___1,378925.3607,417428.8605,203994.4971,245943.3854,296354.8359,352931.9067,232757.9358,233847.3009,325787.9505,408273.987,235811.1891,259359.8883,415599.0139,429581.8439,150814.8285,123150.7521
Q9CXK9_S41___1,169748.2873,219375.7223,292284.0029,319276.8517,322779.4531,323460.2046,430939.9463,354189.1582,246784.5927,310689.8986,301987.9936,287181.6156,310737.9172,349475.9813,327250.1577,361962.8891
Q9CXK9_S243___1,282182.0869,270228.9167,260999.2145,287624.837,230916.8785,190399.7884,395838.9999,426142.8739,246631.9306,316503.4664,316113.4259,328831.1821,221622.4704,331688.7764,315513.2755,406269.5498
Q9CXK9_S1002___1,656984.2228,476019.1483,724319.2769,856651.911,696359.6245,665926.3567,1115398.893,920170.7022,573181.069,461586.3771,757928.7692,837158.0887,661984.1661,699843.5255,748155.07,919125.2137
Q9CXS4_S234___1,456478.5307,403202.2919,409466.4403,466295.4701,518958.3933,426266.1144,483913.8769,333074.1736,534572.9076,750667.5359,351592.6223,446533.8659,457718.167,433900.3553,406085.6587,537233.6211
Q9CY16_S72___1,425889.2908,627277.339,717792.0453,726769.2185,589346.1086,628351.8603,600238.3332,518835.8632,447046.0012,552968.945,623423.4776,741948.9496,687639.6208,538892.8962,618380.7552,552544.798
Q9CY27_S49___1,19487.65438,22258.871,19427.06577,15877.35056,15989.99172,20599.95474,23789.59229,24946.92481,20009.94694,21101.88181,22740.91543,26043.0299,21748.97827,23010.89648,25826.94021,29069.32088
Q9CY50_S268___1,8633722.986,9819184.596,8651946.026,8732733.551,11557571.04,12091164.17,8877685.462,8029028.71,8622650.281,14747699.27,7191009.647,6643851.452,10484286.44,9565119.555,5641821.079,5140815.516
Q9CY58_S25___1,890882.8368,984723.0289,928797.6111,847920.0678,1256454.238,1145737.819,802585.6135,720638.1091,1092790.373,1898897.055,977923.0057,1151026.078,1331349.625,1175504.9,822944.2465,813015.6924
Q9CY58_S329___1,2701939.032,2612947.079,2129734.164,2077427.58,2339267.134,2932016.401,2195082.662,2494366.132,2050877.084,1969116.004,2374585.95,2886208.758,2067338.155,1847997.024,2856012.849,3056908.138
Q9CY58_S393___1,41059.76634,42284.65942,33992.88086,29505.22482,57212.31067,49993.07565,36009.38816,26822.85624,48462.33455,74698.75797,37767.19693,47960.44661,60445.79669,55307.23542,28496.84124,32309.28852
Q9CY64_S154___1,85620.27109,107579.7672,89084.73339,84723.78192,105476.9796,110912.8942,90299.11163,85439.39557,96025.47754,193328.4051,71782.9681,93832.49516,135669.0904,120024.6502,88917.80369,93018.61754
Q9CY64_S229___1,56544.92854,144627.518,47121.10193,98874.99727,54273.26472,59352.23732,69289.27833,77629.90346,79518.89032,92424.20141,65068.721,46314.04602,123672.2858,128021.2587,68582.84063,114776.1024
Q9CYI4_S331___1,86470.36262,109986.4472,122150.3936,131608.9342,101709.1685,113942.2764,138995.9546,128852.738,79813.16115,84051.61232,112731.2094,96425.69198,106021.2241,97563.45819,106610.6016,87423.10016
Q9CYI4_S336___1,54450.93907,75596.61079,69555.25866,87693.45026,61975.05773,83328.15241,92640.92756,80763.72448,54905.85367,63606.85864,62311.24451,58169.4036,68694.06324,76699.86362,89780.42959,72965.29257
Q9CYR6_S498___1,91870.75076,78693.63485,86924.39619,93571.23397,73767.56426,84610.60541,70218.81096,77956.24031,70279.18671,59652.17152,84009.81664,84654.13405,71475.48141,61632.45402,100014.3449,77947.37435
Q9CYR6_S64___1,1155285.286,1054316.327,1642885.481,1436645.389,1332754.98,1509054.811,1449802.205,1578728.586,1361655.572,1252633.246,1439601.321,1274264.881,1459367.133,1206675.146,1503900.432,1476538.715
Q9CYX7_S265___1,62343.55607,71947.39802,68338.11759,70248.90738,80541.16957,75849.11022,82363.31309,124629.0071,68202.13411,70840.62041,74523.39592,79605.64683,61367.8152,89234.8894,108241.3156,86131.92905
Q9CYZ2_S206___1,397661.8495,475599.9248,404455.591,462446.324,448469.0819,493969.787,479351.2064,404895.6065,426840.9943,413388.6767,396737.8661,354916.8789,434275.8756,391104.3859,349886.155,375193.4822
Q9CYZ2_S168___1,153962.1466,177906.7006,176680.3939,158357.6804,142851.5363,161408.5311,158037.7518,170209.6824,142937.295,120239.4499,157951.0536,138069.6264,142712.002,126793.6974,145805.544,120635.4917
Q9CYZ2_S180___1,500018.6682,622649.3494,912362.4514,760982.5406,464397.7805,387317.7508,674982.0166,723611.5638,473949.0426,269665.6222,919183.3004,699178.2504,609258.7702,474707.9292,638860.2935,375391.6095
Q9CZ13_S212___1,2470196.287,2046169.47,2124984.999,2054569.467,1893842.376,1891912.859,2498200.954,2371871.615,1833164.891,2437405.333,2080031.341,2339633.258,2105944.065,2314113.475,2278787.629,2716242.525
Q9CZ44_S114___1,1633205.395,2108954.434,1797698.358,1844928.071,2521735.122,2264071.846,2114587.033,1319772.9,2313076.564,3934340.496,1586757.084,1804945.457,2799918.594,2307988.453,1730749.716,1937049.938
Q9CZ44_S176___1,71174.741,61983.61238,55088.23326,44158.07704,56182.64456,56560.70753,44747.47798,83651.66746,69113.31321,80578.65272,72055.61604,49495.91609,69574.78318,66568.53615,35123.81486,54058.7457
Q9CZ44_S74___1,488727.357,955299.5471,757941.8951,604427.7177,979732.8756,653272.8694,844964.5616,581366.434,552491.506,596228.7818,536411.1559,355827.282,731344.1571,474165.3055,370506.9062,187665.2634
Q9CZD3_S690___1,324527.4068,239010.9266,278371.1887,270963.8987,246695.1563,273470.2879,257642.3727,209021.3333,282121.56,217551.1772,287377.4234,331578.8488,299399.5843,242397.5291,296290.6122,289828.3749
Q9CZJ2_S276___1,50446.56575,83346.38583,82987.13658,86463.268,53023.0409,52699.40761,78516.09288,70062.85234,57659.8862,63964.0113,76576.31676,66581.58978,73041.021,73322.78819,81725.83746,60168.26775
Q9CZM2_S100___1,23199.431,23547.79855,25709.58079,22433.07835,24227.02435,26122.62632,31860.06606,33055.37186,22192.84373,29922.40427,27873.44952,25604.71557,25952.61603,20972.0588,21458.00169,19347.8357
Q9CZU6_S226___1,11487.15102,13473.26484,15196.32288,17257.15302,15325.89379,14623.45079,18929.78247,14930.74858,13535.96448,16643.68416,19220.13664,19815.30985,13164.67098,15804.42824,16157.32691,20090.35088
Q9CZW5_S94___1,27413.37061,20478.35334,26667.11109,24838.84541,27673.11059,25534.67444,24094.32236,28240.88214,24443.53375,21589.86086,25207.6602,25883.08187,25067.07699,24136.90199,23284.24534,24322.10086
Q9CZY3_S146___1,144128.0088,133633.0214,104884.1745,104799.3222,152205.002,165284.339,114111.7917,121549.1206,155720.1045,194318.9224,121961.8314,121907.4601,170388.293,141476.0598,116511.4883,92573.30666
Q9D0B0_S212___1,327094.9431,345957.8863,313734.0088,286560.4704,384501.893,396510.6188,297688.5722,377341.3205,369077.8503,501757.1702,367159.4705,327618.3729,390627.1435,366370.2374,355696.5131,375658.1183
Q9D0F3_S333___1,77893.38967,71367.41145,88323.84434,88062.03705,85383.34545,88968.64685,92052.62548,65406.40169,94146.6362,103761.6009,76851.3362,94929.86102,118214.7073,79454.42799,70421.34019,84313.74952
Q9D0F3_S433___1,228000.5564,237731.2479,308361.0512,303333.657,287678.6285,285919.141,294171.5151,215814.1359,293198.379,331153.0685,262209.015,259117.3694,404792.3314,317230.358,202304.1768,298249.8809
Q9D0F9_S117___1,15638308.28,15586629.84,13881677.45,17347793.24,15842370.92,19886405,16888028.61,15372200.64,18521569.54,33161534.84,14134409.69,14083529.88,20280168.41,20879194.97,13399083.92,16553659.49
Q9D0F9_S505___1,340136.026,300916.9812,286716.8268,336230.7287,338015.4187,394535.6401,333295.2447,298960.0475,388253.0964,481814.5799,267461.8165,292021.2596,424846.6662,380608.0513,286975.5308,320961.9418
Q9D0K1_S356___1,456946.2084,455834.9295,458625.3077,580963.5362,311264.6233,474305.4686,683906.4737,459947.0624,352361.5248,294161.3158,524506.6036,447001.2147,509702.0175,256663.7687,508883.4974,307353.6217
Q9D0L7_S43___1,2692159.138,3388240.082,3184647.201,3889374.47,3737028.36,3914329.209,3371277.891,3181412.677,3267807.6,4771733.092,3053162.452,3306233.97,4164905.627,3674534.292,3069629.454,3990724.627
Q9D0L8_S15___1,84365.76558,104237.8773,94569.84667,76231.00662,117622.8669,99966.99845,82079.18312,123097.2298,87165.68438,97038.47693,122700.4716,105092.0958,90682.21359,128311.4193,85664.99905,97519.47495
Q9D0L8_S64___1,948821.0904,985329.0539,802881.9577,787039.0363,1210629.996,1128203.57,980316.2638,855076.0931,1128648.65,1419221.221,848125.3426,801232.0464,1268489.94,1372855.311,808057.8324,895359.2343
Q9D0L8_S100___1,33711.51183,37859.21893,39043.0631,38537.62347,45517.33211,36573.58565,36511.84604,40340.9237,42190.03807,43025.84507,38552.132,31090.05371,54749.8033,52090.23188,32717.34134,31362.38831
Q9D0M1_S215___1,6851207.771,7172709.876,7064019.468,6507618.616,8358567.876,8437006.683,8340649.303,6571541.266,7708928.582,10104196.1,7181868.209,7192744.295,9071041.741,9048969.304,6734556.959,6231243.491
Q9D0T1_S122___1,27327.72365,25895.89821,45879.59209,41510.1196,34156.73704,36096.88824,49358.80037,57849.01713,29123.71192,48105.32922,57142.07944,50820.96207,41238.11718,31273.70904,51465.62767,46498.59234
Q9D0V7_S36___1,5719223.732,5441476.424,4619143.651,6386934.987,7226967.687,6238280.447,5024782.889,5418230.787,6508850.48,8420377.255,5180621.128,5399793.683,7292361.892,6078496.525,4608265.973,6238167.69
Q9D1E6_S110___1,98584.97912,97310.31409,122636.404,132724.6754,115273.0037,95461.07249,141417.5154,129455.035,148402.6148,114982.3275,159221.3943,151061.9183,145993.1392,125615.9343,141402.7491,162035.1314
Q9D1F4_S204___1,68270.16635,89411.2322,78546.61505,107949.2858,64071.10972,95302.00767,66576.31944,83280.2789,66300.41123,76842.51012,84982.07311,90977.62959,80961.64981,74658.11918,100442.7422,177903.2178
Q9D1F4_S213___1,43605.47144,53480.07014,31672.49863,52497.66874,49902.4236,52892.2534,44334.65225,57786.37312,23800.92185,41308.55354,52180.11979,36906.44505,40190.08627,35323.96645,39894.50442,47065.3652
Q9D1M0_S311___1,23343.79657,20365.91512,31353.70931,28129.84756,23379.24899,24473.07125,30198.7803,29361.91772,30179.52711,24057.87772,28290.29556,30048.99743,26912.89609,27425.85083,24120.06632,25172.50861
Q9D2E2_S5___1,1024004.467,1201946.472,1131388.158,1175410.755,698282.8603,1337426.32,1025285.575,1096221.87,924975.3584,4931921.111,1053918.881,1200844.444,546909.6257,2896051.757,1174180.77,1103676.016
Q9D2V7_S456___1,43201.87033,64587.82069,49773.35034,32930.38047,53756.42985,49707.15875,57679.00674,27946.81724,43074.71843,57327.51372,40615.96544,32850.04344,57610.68347,46175.77706,38367.27969,48615.51149
Q9D2V7_S459___1,226171.7929,206597.8084,223816.1505,206833.4031,212487.6451,231264.2009,231739.7846,154271.2793,197660.9725,152145.7876,186261.3137,206547.2807,192562.5134,171708.0553,191772.833,149156.415
Q9D3A8_S367___1,96291.19907,108538.9321,90754.89651,109529.3185,175714.7868,155086.6943,101052.9432,106721.6347,108077.649,336875.7388,77885.50309,97408.94166,156743.2966,198318.9928,92408.29878,82156.32172
Q9D4H1_S432___1,21253.86503,22568.40799,21279.51971,26896.22394,16092.03884,18268.67476,22406.71618,24599.91259,15058.05682,13481.17402,23861.34779,25220.00462,15597.81382,15090.9516,21512.42333,16915.28124
Q9D5T0_S322___1,300123.5733,246816.9668,304867.8211,299251.7056,295683.4232,246142.3055,283189.7158,279967.2182,271174.3415,191268.0812,314439.6313,350702.1321,247934.4345,279801.5647,327657.9598,253803.6684
Q9D5V6_S283___1,481814.9946,544260.3763,370725.238,351791.6322,612122.6043,574914.0896,427360.3699,363242.653,609824.5114,924013.9831,506649.2048,483224.2975,848738.9928,713861.7306,476650.3607,354726.9225
Q9D5V6_S298___1,251812.3719,312572.7623,219576.4726,239778.9597,379947.7292,321734.6744,330282.9272,252974.779,223579.8323,361572.1883,172877.225,161783.7631,339715.1894,296864.5429,163977.9079,117288.3767
Q9D6Z1_S513___1,2514884.437,2700853.739,2454671.584,2387949.112,2549057.988,2668156.801,2886889.775,2176059.717,2796378.011,3894875.489,2392687.469,2513205.325,3029125.772,2689921.212,2442797.807,2516820.342
Q9D6Z1_S536___1,308299.2332,325670.3814,420636.6917,397667.2509,293623.705,312158.0441,457689.5543,392589.7473,328383.093,317874.5272,497929.5285,429893.1255,376669.2612,369227.6772,423019.6673,455313.5563
Q9D6Z1_S554___1,145456.8197,144596.0025,167377.8871,128018.8426,201195.7323,203347.012,199364.4392,112002.8002,180838.9189,179666.9149,170138.6318,195915.7016,233755.5111,231437.9937,174684.7182,186788.6631
Q9D7P6_S15___1,100115.3666,111329.7736,106405.1726,108751.3087,126509.5011,135590.3674,106996.0825,104212.5408,109230.6544,158132.7693,100976.3563,110345.6649,120655.8284,116670.405,105598.0549,96847.18215
Q9D7S7_S118___1,7759269.241,4740578.409,5866778.424,5000606.22,12069121.3,9181440.385,6353889.658,3378078.751,6274695.248,6873354.261,4322822.583,5737823.628,8343290.091,6908106.954,3509767.5,3765345.429
Q9D7S7_S120___1,4842706.477,3004178.083,4600150.776,2569621.521,7504326.196,5780780.861,3355214.192,1538647.607,3943578.86,4406007.554,2726797.716,3471124.545,5222716.128,4323108.041,2384769.212,1972708.988
Q9D824_S479___1,525275.6788,572061.7392,542863.8282,514421.476,387912.4798,458361.2305,540092.3562,478035.4182,461020.5071,531284.4004,580239.5323,693059.4476,443846.4661,515653.3299,648463.5621,668721.4508
Q9D8C4_S36___1,39636.05556,32722.15076,29114.34784,25242.39279,27411.36985,33268.51463,31511.29068,29847.20033,37718.97262,43001.67941,27240.35472,30278.06184,39967.10502,32698.52831,31712.823,30085.20414
Q9D8S3_S464___1,247693.2344,318906.281,292071.052,214792.2917,364167.8821,192560.436,262229.0313,133416.4644,224406.4891,135557.9141,197272.8403,162653.9855,316857.0016,298412.5153,186084.4318,175175.3312
Q9D8S9_S123___1,256948.0208,312026.1406,267298.9089,279055.1035,346277.0365,243508.309,275196.5232,295542.85,280752.0875,202641.0273,287000.6784,268434.4913,331734.0147,308254.826,308274.8144,234037.8273
Q9D8S9_S81___1,178511.0177,225061.4162,248413.6426,232106.8346,265115.2806,218081.0952,252931.116,261971.3631,182366.9061,117831.5423,269710.1724,236645.0313,188737.7034,212139.3453,244888.808,167245.6321
Q9D8T2_S182___1,55453.23771,54988.20403,62615.61502,68661.96262,74535.32032,71094.11257,59681.90112,65566.45961,52532.20961,82026.31997,58183.92194,62389.79887,69087.66317,55942.81433,55192.1177,52166.89881
Q9D8T2_S266___1,317091.3077,443307.3729,519756.5655,446249.9466,649704.1666,436438.1347,510858.7096,580068.0962,314796.3866,320167.8385,388932.2866,405193.7391,416727.3771,245010.3598,286697.8578,220849.2867
Q9D8U8_S22___1,26302.20872,28878.26913,30747.03614,32849.33553,23395.86176,19524.41781,30423.93754,26098.33147,23875.37722,23908.24669,26306.53887,27869.08088,28364.10224,25401.65748,23101.15835,19910.63518
Q9D8X1_S223___1,68091.64948,59113.53555,97249.01314,74739.6525,73881.1158,75844.4186,101385.3627,114505.4758,58701.90521,74708.61396,97624.07916,81702.44179,89553.2222,74044.56014,85305.26985,106840.408
Q9D8Y0_S74___1,170919.4539,170660.4619,185447.0983,175174.5584,189884.4488,192600.0059,261123.0205,226228.7374,147077.1663,144628.8758,192174.3692,154511.219,178983.0901,138758.4909,117409.4121,117184.3439
Q9DAS9_S10___1,14842.54041,14010.44751,10159.64847,8576.593892,14038.86868,18119.29683,13683.35769,17566.65465,14606.60174,15239.30219,8812.801585,10867.3162,17667.19781,15940.17199,11695.79962,12297.04203
Q9DB29_S157___1,40574.3069,39210.88057,35239.32408,39388.40439,32644.90615,47904.74836,58459.20408,40972.42305,35145.87787,50753.71784,36811.1536,31716.45116,51336.31838,39010.79553,40301.00791,43557.62644
Q9DB60_S110___1,49299.23964,51633.12241,71559.22684,111634.8631,72139.13257,78035.18742,64701.08878,69820.62172,58829.67815,72111.34295,72780.1611,77682.52492,71038.51065,53831.00218,62316.74667,54450.83512
Q9DBC7_S83___1,1113072.868,957342.7337,1080903.584,1020442.894,997127.1863,1127944.196,1168528.138,1087615.952,1100042.176,964889.4344,1356116.748,1123418.153,1145744.696,1062375.401,1417001.076,1341884.464
Q9DBE0_S62___1,111681.8078,93974.70508,70711.17186,95886.85416,114368.2357,99157.23915,108309.3592,64478.24105,101805.3875,105999.9561,69106.88093,48632.99549,125579.2837,124075.7269,67790.78011,73861.96333
Q9DBE0_S66___1,110730.7766,94129.74624,78701.5868,101983.1769,124307.8295,120595.5803,126067.3669,89347.79604,123418.4547,140984.2886,86163.71554,78257.49006,137241.9566,135838.8593,87057.93503,98216.48805
Q9DBF1_S492___1,214079.0431,236057.9514,189863.0118,181236.533,242964.2367,304452.869,189903.9904,191681.7615,199764.0014,319924.5914,162570.7149,201039.1912,252876.5268,306321.8082,161428.3898,189994.355
Q9DBG1_S43___1,31970.79431,33679.4741,50455.62602,39474.77081,37415.591,36311.58708,39563.76566,40938.32138,30779.83309,22767.00873,42896.67954,39244.64556,33185.48181,25351.44044,36146.02211,30758.01995
Q9DBJ1_S14___1,27050.19094,26936.17963,26287.43479,29614.89726,26288.76975,24913.77926,29906.11387,30389.18363,25554.88729,22174.02043,28930.00936,27825.29774,24832.7418,24187.56521,30452.37366,29117.87819
Q9DBJ1_S118___1,141594.4986,138387.5627,117475.9732,121969.8893,141603.7077,146238.5872,133574.9495,109944.694,148494.2193,139443.1372,111958.1608,130163.2273,140637.2144,141302.199,114049.709,116789.9224
Q9DBJ3_S261___1,183578.5546,128817.6085,124469.1586,152715.7375,147612.4014,131387.6855,179140.8583,112288.4594,167333.9789,154750.6617,122454.7722,108779.2676,140533.3334,109367.5604,93226.51362,95063.84059
Q9DBJ3_S332___1,491306.4723,307987.8707,330767.2576,471569.8963,537247.2673,490655.8224,529463.6589,375714.6921,427273.727,638192.9444,368983.5118,386019.8104,521900.7113,412039.3683,310630.6346,336342.8393
Q9DBL7_S177___1,83643.42655,98667.57079,62854.14333,91970.73081,136588.3816,135958.8206,91067.21373,65398.18404,167822.8433,147123.6331,57665.91077,68925.62641,150877.9159,142635.849,57703.62236,62335.79129
Q9DBM2_S76___1,17486.44812,16985.41799,16393.80673,15059.54321,19008.44564,20277.62059,20141.17331,14062.22809,17793.42983,26817.36975,14638.13165,14416.74973,23279.00687,21742.41353,15400.66025,15678.19323
Q9DBR0_S336___1,49502.0152,44704.36618,56074.5694,62023.71848,40872.32963,50211.51726,49645.34449,46195.41344,51757.68382,44121.13696,51861.59136,60376.40582,41168.9603,44862.4081,47387.38907,44637.29419
Q9DBR1_S499___1,34578.25709,49971.83902,37702.39427,35909.06032,49182.85907,48811.96054,38802.70511,61629.55042,36047.00247,31663.35341,37760.24989,39971.04727,53883.09867,49997.3493,36086.46266,45205.16663
Q9DBR1_S471___1,851573.8557,1233317.065,947228.1197,863584.3973,1158278.086,1254104.694,794289.2127,814602.4016,1002170.057,1065637.811,900641.4622,846011.1202,1078385.279,977597.2686,800541.7567,967709.7488
Q9DBR7_S911___1,318822.9334,532327.8364,235553.2966,406568.0781,318452.2099,309771.9322,394206.4876,354108.2706,291710.8519,250154.2114,323822.3732,263780.7585,265804.9088,248673.2389,335406.7477,293647.6497
Q9DBR7_S861___1,382585.5741,511929.2673,381895.0442,584084.6751,382607.255,441361.5794,465514.6534,369519.5113,365445.2997,548120.0575,432914.4538,353550.9338,462421.2855,440317.9882,470873.5807,388292.6817
Q9DBR7_S870___1,322363.4517,487175.7969,379347.9769,421634.5407,429309.5414,457523.1515,389976.7037,412738.6088,348781.3289,491323.4839,352888.5664,261211.3535,458584.5717,399921.2767,480371.1241,373579.7852
Q9DBR7_S666___1,31557.31836,51579.88409,48181.99068,63068.96847,31202.49791,33120.35252,41775.54272,33691.90607,29180.00289,32181.64852,52350.31704,35266.5955,35417.15688,32130.63024,40652.49306,39156.88947
Q9DBR7_S902___1,36491.6922,56376.7497,52933.27752,63657.31652,36480.34581,43112.1712,64338.25372,42696.04484,31980.85222,36928.81471,45758.11826,41169.70985,36594.34663,34368.43453,34648.98681,27088.21725
Q9DBS5_S590___1,220678.7382,238052.2649,154545.2588,188875.7022,328297.8909,330024.181,164705.7979,134023.7346,254474.6634,293494.3245,175920.1261,191259.4303,308871.564,255390.6726,148424.3867,165605.855
Q9DBS5_S174___1,284439.8891,287265.1193,253545.4517,286498.4686,387139.5681,418648.8104,315463.6749,232267.7164,356550.8782,526940.0734,247955.797,292756.9344,359348.4991,400249.9573,295469.0278,287494.4208
Q9DBS5_S565___1,56435.90729,84864.8305,82290.50244,82751.19728,77612.23202,71168.89585,82799.21154,70708.32082,58317.29541,50782.09914,68435.62027,56126.56518,78145.64567,55774.63319,43709.79202,49061.99387
Q9DBT5_S109___1,4370595.882,5199928.385,4917605.036,2992209.813,6241091.235,5060294.115,3542338.029,3361641.962,5147879.222,8789065.82,2614587.468,3161611.357,7244775.062,5162327.532,4451057.485,2999346.384
Q9DBT5_S87___1,546895.8444,494142.1547,569115.655,420818.634,876915.9327,785213.659,529168.2195,477957.7367,391754.9968,932320.3673,379842.3486,373882.647,572277.3122,467038.0394,330086.3871,314380.0148
Q9DBT9_S35___1,253094.1605,257647.6028,313239.5055,327310.8926,200862.9608,201160.8802,290602.6352,328617.0738,221624.1105,187547.5486,333507.6249,360409.2436,205440.2163,215922.1997,328991.4708,286251.4985
Q9DBY8_S190___1,374906.7054,323104.8706,374801.8918,363667.8679,282554.1394,289136.6722,407118.9545,345917.0731,360256.6289,322419.3952,333564.1339,348416.1953,315225.7492,309489.6909,321826.5286,397110.6377
Q9DBZ5_S217___1,77271.03872,67450.52464,68186.20982,63249.64942,67919.46427,72107.73994,78001.13876,60194.13687,72950.13161,81859.19085,69624.99666,77111.43238,78351.95843,57021.98334,69539.83294,62025.81107
Q9DC50_S392___1,30976.38129,33001.36494,19630.75867,22061.07502,29392.16595,30477.40502,28289.72403,21299.76226,27574.32119,46301.53696,23566.5928,23434.78072,37189.09089,38202.83588,24682.67581,23322.10489
Q9DCD0_S129___1,102858.1936,120004.3316,116817.0357,116711.1084,149167.4582,132073.9855,119401.6375,95912.06139,125148.8509,164688.2101,97695.32031,99872.70511,141675.2962,142171.8121,83222.73062,105859.5186
Q9DCH4_S262___1,112029.8905,141476.5891,102277.9682,104671.9325,123413.7618,128573.5631,115183.8356,100027.0428,107592.1705,186372.57,102955.3972,103344.0899,138644.0617,137602.6903,97775.97484,93112.25479
Q9DCL8_S123___1,20467.81654,15884.72523,22633.87913,18450.94164,26876.31752,37698.04013,24235.34527,33166.07167,19450.4013,36797.86451,24453.31492,32535.24731,19712.64311,22200.25616,17067.80746,34203.58637
Q9DCM0_S14___1,142058.8638,224764.9563,217340.1206,210916.617,153499.2212,135470.3797,228744.485,248666.3966,91104.78205,95270.27377,179930.3463,192599.2308,152905.1551,128344.0718,199057.3158,176530.0275
Q9DCN2_S30___1,46278.48381,48432.34966,51299.71227,53577.36545,61583.99677,60340.21609,62338.94866,57552.26975,53450.24129,51508.76467,44489.30274,45877.64987,54203.88281,60842.46841,43147.4134,43895.4397
Q9DCP2_S53___1,413715.0942,418086.7339,515590.5221,383546.9037,302743.1533,322489.1806,488000.2927,412481.87,390905.3388,415155.5568,449024.8223,354166.1004,378001.6473,336300.4898,610209.6245,426333.4201
Q9DD18_S197___1,33428.84618,39486.80922,24096.38787,23787.19627,43168.24398,53754.58058,40517.45,44462.25668,36989.54475,52109.69423,32131.96321,22263.20413,44482.08357,47097.2166,30265.02308,33526.52582
Q9DD18_S205___1,34194.81278,37251.75546,18290.72598,22240.07906,41294.65708,53788.49005,32536.50269,35773.88824,44504.44097,52337.65049,33389.17657,29641.96383,55676.5037,47679.08037,29173.19846,26675.07647
Q9EP97_S206___1,194440.2732,169111.9431,149555.6605,139384.1069,202819.7064,169737.7141,182752.3164,160194.5083,199109.9352,275547.7216,126442.6241,236091.1654,182954.1495,146664.827,128505.986,102241.2573
Q9EP97_S163___1,70583.00449,53263.5536,18894.67272,18825.78145,58500.2535,52835.06552,23721.74806,25331.94864,74731.50744,112597.6305,23738.2102,34260.49544,69121.16413,54255.41988,23789.79977,14673.37703
Q9EP97_S226___1,256229.0713,239304.6464,173124.3484,209939.3361,294803.2375,264763.6521,258886.2156,219617.5398,267548.2748,592883.4394,180198.2899,327102.4051,305393.9014,242189.9944,194139.7628,126589.8597
Q9EPB4_S193___1,47676.16323,63785.28634,57391.03098,66901.79136,46127.85514,52673.05394,52263.88286,49974.18028,60021.26539,52861.19896,61667.83134,54896.15853,52822.12813,66591.45744,55211.18549,74603.17266
Q9EPS3_S73___1,85343.42619,130176.6628,132422.7672,123477.7354,114441.8042,131012.0955,160279.5142,165980.6717,128327.886,89515.44846,173287.9064,125013.3069,176179.6433,159622.4183,125505.8328,150778.752
Q9EPT5_S640___1,132559.2889,127251.1269,95472.92029,96394.42783,307405.7359,192393.8573,100152.2419,115209.182,131443.2033,474765.4765,96613.22005,87689.87209,306373.8164,200791.7264,75283.47298,78350.10665
Q9EPU0_S1102___1,99748.26294,75194.95577,78399.39261,85796.72838,87273.19887,103315.2535,94017.22078,85613.89197,78191.59262,77872.34956,94738.2153,82093.63511,84283.33795,80948.15443,85246.80873,79676.15988
Q9EQ32_S642___1,611247.8849,602080.0652,753173.2688,749709.6573,571219.3841,596442.5544,935612.7802,809924.835,613379.1626,521263.4804,727499.4051,747547.4428,592253.2183,579027.2918,721116.8797,544333.2231
Q9EQH3_S7___1,111048.3496,174875.0029,160564.0003,161610.6143,164969.5199,170368.3204,168969.9831,173169.9498,154163.0479,154582.1448,169047.6671,164453.3211,202784.2639,189319.1204,158286.5042,197156.7285
Q9EQJ9_S575___1,40635.54752,48345.40521,33311.04638,32011.33934,48931.77946,61416.70012,32058.74097,31860.63258,43942.54366,96253.50027,36285.91456,48452.22329,56458.2378,60353.78649,34317.29998,51252.171
Q9EQJ9_S833___1,251566.7817,338703.2857,229476.3357,200710.1659,262586.4636,345543.1188,257172.6222,258954.9283,279812.5961,292832.703,236750.9337,222904.5473,351448.505,342282.0775,207093.5849,266077.9567
Q9EQM6_S377___1,229423.1545,209272.9184,304990.7081,208910.8499,292626.9904,259410.4722,224980.9432,283378.1824,229015.4493,220465.6188,253253.3374,203968.1893,270101.31,204070.4563,306091.7713,238434.6771
Q9EQN3_S189___1,110181.781,101184.0419,114336.9924,242590.606,108438.2479,119240.3452,245095.9271,199409.1158,133755.9593,118421.4774,156222.1478,169263.2483,133446.306,230954.8806,142305.1583,190599.8823
Q9EQN3_S165___1,82111.41973,89211.42113,108012.0635,145634.0471,74978.82032,85787.07107,139308.7815,89908.23055,84213.33736,92939.44863,62122.17521,59403.86957,98980.68584,175596.3912,64320.00972,79261.64698
Q9EQQ9_S364___1,669018.8756,892044.8308,831691.2644,978061.4451,938924.3368,1064646.171,794395.7572,781033.8172,893275.838,2358856.362,753080.5343,792180.4816,1378529.782,1195715.412,747495.2673,911897.5133
Q9EQU5_S30___1,70355.77071,75573.85519,67275.52299,66822.03387,81963.0559,85587.68919,88172.45659,77075.91273,108735.3351,100994.8188,63663.93011,67695.86929,114421.615,121958.3629,84856.28544,99211.96392
Q9ER69_S297___1,95492.11327,73764.38811,80923.90088,98598.88118,90308.25831,103179.5686,127535.3087,85505.62941,68844.122,67797.5032,105434.2903,89244.00181,82014.66306,92298.67649,80283.38833,90461.83708
Q9ER72_S388___1,38811.84585,45235.12796,75844.08674,75020.50864,50675.10915,55592.42513,61951.29706,54957.8474,40017.99341,34539.74254,44293.12983,39033.26585,34722.33665,42292.91953,41189.98921,31412.03091
Q9ER72_S390___1,462049.603,522408.4374,606352.6475,603716.8259,638001.5603,539241.4289,555398.5828,611880.5614,459920.0021,387034.566,442689.9633,384430.7404,468287.1156,413046.6233,372665.0403,360517.1842
Q9ERA6_S60___1,8641153.891,9728817.681,8183584.307,8065807.458,10262986.09,9864201.254,8861987.778,6138384.677,7986875.017,9462071.973,6819108.447,6918925.173,11307988.17,9396139.659,6429415.147,7132087.348
Q9ERA6_S2___1,11451.63719,11440.01747,10309.1271,13618.62552,11813.05886,14351.35534,11802.96594,12101.93337,8715.394639,9822.510429,8744.477158,12107.13905,9631.469648,11929.2366,10683.96335,12231.46125
Q9ERA6_S211___1,373363.7343,507040.5057,350158.7411,374666.7552,495929.7071,484071.1787,391135.1351,268654.6943,492380.7625,472554.7831,289474.6644,279644.4815,637782.2634,538923.9165,302307.6214,289900.8468
Q9ERB0_S212___1,244035.8371,278482.2797,173963.4166,207266.5914,382317.4768,297496.8546,247666.7151,214930.3915,219983.7032,331122.8525,177926.3229,115231.9654,275785.936,193984.4986,125658.8284,121641.9872
Q9ERG0_S467___1,86423.95909,82736.11577,90251.19622,90207.71562,119639.7141,111709.3569,100753.4514,89959.63648,92898.26364,117709.4412,79134.94549,86309.70501,96327.02427,80292.66038,94638.67057,97260.68083
Q9ERG0_S735___1,1374106.307,1188503.146,1113207.181,1202072.097,1739616.149,1691514.646,1370972.946,1364825.17,970778.1607,1334545.255,917537.056,798604.1514,1033918.646,1057888.228,705902.3028,579125.0134
Q9ERG0_S615___1,534048.5036,679795.507,515223.6676,514635.6128,733397.0165,593913.3719,567333.0892,498052.8603,416650.7852,554015.2914,405765.5734,389673.8793,547385.6881,464487.2717,346263.762,267221.4682
Q9ERG0_S617___1,75311.20716,76703.53601,66082.74084,69351.14554,106391.0751,88633.87441,78681.81481,70528.03198,56315.77861,68628.56405,51288.55816,51507.20245,71364.87193,61735.06672,42954.02663,38213.71066
Q9ERG0_S539___1,149144.1912,111730.2796,146135.7554,136032.6863,197560.5463,189164.0807,157860.9602,155144.2839,123393.7485,237390.8966,133767.2805,147695.4749,163650.0517,126204.3633,113230.3985,126539.2329
Q9ERG0_S59___1,100976.6003,105434.3973,81383.61102,103591.5026,108498.4397,108209.3869,94101.95995,88573.10135,88665.24281,96078.14042,103285.9229,104559.2719,86806.15021,89287.30711,94832.05735,77032.47473
Q9ERG0_S15___1,404661.2029,362030.8862,532729.4939,410713.838,516156.4476,508147.3585,484291.2604,436450.07,357846.4118,356530.6082,474000.5816,394894.367,392371.8589,338993.7142,264695.9321,182991.4208
Q9ERG0_S485___1,171501.7974,130117.7554,153677.0317,157996.5724,170895.2732,148920.8884,151008.3883,159382.0754,179223.3157,130963.5917,175099.4065,242461.4126,165548.9685,156093.1808,182826.5025,187019.5991
Q9ERG0_S488___1,344359.7278,222502.0742,298895.7527,313749.2221,273622.0255,290883.1037,312497.6985,309246.8125,241221.296,179334.9396,287301.725,292157.3302,187841.2731,204032.8891,300725.1713,293111.3195
Q9ERG0_S360___1,33966.42311,35011.61998,38386.39106,43435.44024,37027.1195,40763.94243,38515.28298,39824.55329,28278.63031,37131.47793,39598.61691,38812.59502,33539.86652,36848.42763,35355.45412,39120.07855
Q9ERG0_S594___1,44996.70522,38598.54831,54476.19149,62810.11219,56860.05607,51562.21717,44518.25057,67964.65451,39303.01935,25004.55944,56953.27841,54934.96592,45218.56252,28268.27392,35879.95111,22346.24982
Q9ERG0_S329___1,58651.03605,58368.77819,74498.08018,65943.83315,81035.32125,71896.07545,70932.25123,57459.27809,42601.26613,64800.4128,39786.47048,51596.04004,54088.95096,52268.56323,49173.60921,31582.2417
Q9ERG2_S229___1,591515.0712,525876.7578,471537.7811,419700.1484,584923.2109,632989.7371,479859.9025,437290.1748,585258.3374,592702.4794,362351.8335,419479.6907,568840.0957,555692.8809,408434.6037,436443.8149
Q9ERG2_S257___1,457938.0024,612786.4327,428193.0012,434083.3004,807438.8224,665631.3025,479484.8549,391173.2583,586567.0072,972072.0223,350161.0214,443888.2686,606693.8202,570361.6552,384907.3519,332762.6312
Q9ERU9_S2729___1,5757835.137,6485348.234,5631698.42,6578684.267,6184331.552,6404208.156,6336030.69,5163097.911,5723646.835,9792695.655,5901845.237,6250362.21,7411043.096,7213676.651,5331907.406,6295742.268
Q9ERU9_S2134___1,73385.90159,87839.10499,62935.88556,71182.13106,68510.64948,76617.95432,75138.78398,59805.2856,74317.21317,89759.03303,65481.93365,70999.50415,81111.33364,77295.01506,82177.27231,72673.1866
Q9ERU9_S2576___1,711503.0015,711652.2482,660617.2942,621227.0088,810532.7885,815538.2564,783581.1349,609416.1402,613627.7374,996458.0645,558119.9984,623427.5504,863384.8894,754604.5968,561713.7615,574675.3186
Q9ERU9_S2505___1,887713.7304,886566.7818,806690.4796,839033.737,958583.0269,977845.9016,824063.3307,790689.5079,942403.7642,1201846.144,754691.4501,820974.1282,1111429.02,997687.7833,788733.0756,819648.2123
Q9ERU9_S1101___1,918778.9292,894415.5765,868788.2603,924755.857,1024640.678,848140.2676,973625.5482,822913.9242,771622.2208,852711.1869,723610.5719,677075.6877,898604.0367,734477.3701,656492.2226,541522.3996
Q9ERU9_S1154___1,784636.2205,771856.6347,970459.9338,1041594.117,1080630.744,1084900.579,938715.4246,1012062.859,722021.6205,1224190.611,947345.8898,960737.9191,1139581.965,919394.3356,890820.2756,936243.8822
Q9ES00_S124___1,60052.47489,81408.70792,52753.50288,53433.88668,94287.40195,88221.03187,64935.57772,59034.05267,65914.03329,88655.30946,70104.3824,52464.90987,88013.73661,80484.61682,51593.88012,53926.21149
Q9ES00_S105___1,86515.9642,95660.05792,124337.5509,131364.0295,112129.4349,92494.59672,126807.9174,111650.1431,86718.95593,76856.54617,163176.7588,117742.9769,113741.8381,79661.14504,107868.6817,100468.8713
Q9ES00_S88___1,53571.79751,57921.0814,48155.04055,56880.74466,60654.94026,53257.53217,51973.85909,54256.75251,76906.14511,75588.90945,87062.50501,99506.8558,83534.44802,65773.32185,87625.3352,88390.13678
Q9ES00_S101___1,33826.31408,47654.01892,58693.59929,69322.07756,50740.99157,59922.12434,67165.7044,58051.97014,32936.33264,34915.51467,41487.64869,40413.40987,34484.8263,38427.76431,33641.9206,32076.81031
Q9ES28_S776___1,171728.593,284946.1841,209162.8459,186676.1026,197728.579,186145.9089,187538.0443,204316.8618,230184.3551,213197.9347,237208.0264,197209.3993,213779.3726,246951.2058,164232.423,146154.195
Q9ES28_S673___1,71117.46752,128896.9457,76289.49179,96377.74732,85107.31238,100282.3216,70188.13022,111001.7131,84094.15872,74253.21508,110288.9383,96110.47956,118950.7622,119368.6521,84409.56992,110311.7566
Q9ES28_S25___1,229563.5218,291176.5977,215620.3469,218035.0424,258091.8361,258813.7421,181269.0033,176862.0965,268473.6361,411975.3664,261535.6499,266523.901,260616.1898,373379.2827,205866.8254,238785.0655
Q9ES28_S497___1,262608.3205,305887.6961,303199.1542,290796.8061,273771.4785,292045.0679,229500.3339,315447.2783,267426.3577,274696.0462,372266.7046,364239.8689,291639.8834,367491.2151,320476.454,334760.6695
Q9ESE1_S1219___1,296491.2267,243767.1976,319382.3775,337108.263,370554.5422,305621.9757,319014.7868,246515.5748,307468.3479,187260.6802,267152.8179,301872.4582,275389.5351,229556.9264,237909.2292,258860.6683
Q9ESE1_S1228___1,106638.0495,77632.34652,98137.81163,103120.2876,124518.9841,106493.9831,117212.2765,94395.60611,100078.215,60861.27204,92444.73309,96758.04395,64960.17529,80216.48193,78152.21207,85477.82529
Q9ESE1_S2057___1,205750.1588,274605.3718,204215.8524,203827.2146,256419.2048,288921.4664,265748.7065,160043.6458,254501.4629,214108.3052,199804.998,176145.0632,230632.6462,192682.5466,158372.4983,195092.8606
Q9ESK9_S623___1,75541.41783,77373.84572,90082.22211,107138.0364,130585.3526,138658.5874,127422.4756,91486.39752,86722.94445,116794.4594,94441.02959,80302.59585,161501.4174,100026.0002,83137.00805,76763.06281
Q9ESK9_S1366___1,138353.5196,146076.7638,307825.9216,282563.0523,267026.7079,322157.2544,370324.0046,310287.8783,174979.3457,147542.1141,210841.5613,203211.1281,317812.8794,175225.3135,204622.2438,198245.8792
Q9ESK9_S222___1,23999.39163,20436.51728,25664.69482,35494.49829,30194.83929,53991.6481,36318.08903,31149.23058,24312.86625,27823.52739,33084.82146,31898.45613,47213.74667,23610.17406,31417.76124,34185.37766
Q9ESK9_S1282___1,161804.3799,105412.0942,164860.1731,199065.3752,188235.2691,324138.0881,225818.3549,178120.1214,111140.7495,139335.9381,148965.3605,161920.7204,263619.6578,179578.6931,147231.891,126107.7641
Q9ESK9_S237___1,86499.83252,65814.14986,69594.28546,72038.32527,116681.7307,132251.3387,82221.12263,93137.2607,88741.64026,84640.09593,95158.66978,91537.87796,154779.5568,90797.83878,79267.53012,92559.4533
Q9ESL4_S650___1,387206.5828,373233.2809,392903.0345,398106.5502,422933.6607,343605.2551,471786.827,321688.4939,321286.2599,196719.6909,399686.1917,299130.531,290893.275,243091.8535,261941.4865,162592.9091
Q9ESL4_S593___1,102657.2903,119837.001,91898.36053,90540.68988,115758.0901,120821.6435,102440.8739,77302.57474,98642.04881,135577.6708,79676.46739,79755.31333,121186.662,154350.3008,66535.76841,74286.03657
Q9EST3_S586___1,75925.01697,85809.1947,74202.43194,61687.53332,101269.1138,106077.8671,105446.318,69278.41519,80083.26297,127061.5498,70196.34748,63390.73849,141800.9344,116022.4828,73663.68176,63784.71091
Q9ESV0_S80___1,93529.2255,79562.73198,59042.13149,62152.2519,81584.66114,75030.75574,68241.00992,75564.02277,88228.6666,85766.35615,64222.05179,54648.75886,88304.17652,69592.20025,74626.92204,69311.1053
Q9ESX5_S481___1,76164.31203,81667.26921,63552.74909,71278.36475,72273.08459,88514.45527,76858.88291,67932.05571,85152.88035,86396.75581,71360.67779,79867.20131,87177.68481,85710.61067,59920.13544,62237.72006
Q9ESZ8_S674___1,94374.28351,94665.58908,77018.95605,67476.15468,117790.5847,107556.7972,83303.70196,85400.93184,80921.68646,221450.4555,69227.8051,73639.94225,114484.2684,139296.0466,96607.77013,72809.45934
Q9ET01_S561___1,143239.0993,136156.4333,158093.9701,189881.4185,178408.7954,195405.7685,191082.7444,164575.405,170799.1483,236737.0288,152844.1283,165064.7815,221724.7435,188163.3731,157654.4782,181187.0417
Q9ET01_S527___1,81854.89299,80437.22194,75341.39108,69504.02457,94004.51787,88154.07056,83959.97966,86008.39005,86659.49474,132590.3683,69210.59822,75391.87402,100604.4395,118320.199,74161.48361,96218.25401
Q9ET01_S639___1,298323.725,316918.0621,343524.5374,349020.1169,328590.4956,308885.9995,346897.0563,415278.9358,315914.8514,418688.697,340993.7208,354113.701,369860.6516,339035.0525,341170.5239,368568.3328
Q9ET54_S16___1,33510.03379,36444.35248,47326.23695,42242.08483,30767.84245,22418.86516,43171.84554,50652.99325,23006.5311,20959.18789,47607.54466,33282.64496,22687.03979,18760.29117,24604.23954,13025.94931
Q9ET54_S264___1,1163892.144,1353319.662,1103623.465,1139173.56,1663308.164,1580437.071,1512173.613,1496526.825,1399959.296,2457450.311,1159206.632,1440229.465,1617497.038,1432025.483,1115910.776,1159199.797
Q9JHE7_S57___1,60613.51374,75782.98427,43678.95798,47154.64299,88352.22951,95520.43652,52110.17311,39968.6652,72520.39756,136473.1906,40137.72659,41947.08836,122376.4995,118452.2579,43775.55678,43843.00038
Q9JHE7_S64___1,65255.47258,69402.51992,67087.04932,71401.60556,93033.44651,100415.1718,91367.17103,65237.4684,80526.90696,157551.8373,70279.70489,83603.77571,96997.68686,83019.04211,55955.65236,88131.02879
Q9JHI2_S169___1,335544.2881,395710.2302,232750.5108,393078.5013,439412.4233,449298.0616,355491.0353,498732.3481,532517.9206,513001.6792,417345.5914,348014.5546,636387.3104,542405.9193,322704.5932,347833.4095
Q9JHK5_S117___1,404888.787,265004.9353,386410.8958,342566.7015,311474.1163,343114.277,319964.5366,297834.0976,308143.285,409758.5608,482068.1103,428087.7269,416170.7823,378883.3359,477058.6135,557267.2321
Q9JHS4_S612___1,140795.0067,154700.135,174551.748,154852.7547,185888.4116,163451.0262,159191.6075,169486.6961,170457.2221,200266.5418,166955.7352,178820.0504,188177.7504,181313.9724,136683.2913,129085.6573
Q9JHS4_S618___1,312875.0568,318548.7001,361850.8455,260461.1068,227478.9471,196346.3502,217365.5468,224615.1511,221980.9556,378869.8637,224428.5479,260227.9932,323008.62,344155.1641,365598.4454,300522.6535
Q9JHU2_S520___1,72437.37668,72871.18031,102019.5685,86923.91,77076.31189,95428.9947,57738.50253,100180.6451,71764.68639,68906.59288,71242.89351,80046.17582,95884.87794,90383.58969,64930.53437,75762.17364
Q9JHU2_S364___1,15853.31233,12150.70978,10006.83777,7407.629585,12875.99304,14404.59929,6247.508088,12055.03443,9809.976389,9019.911577,6500.530809,5630.699532,12548.55605,12184.88223,8479.272548,5882.785926
Q9JHU2_S385___1,51723.93002,58688.83822,52877.21375,39128.94022,55490.23294,56253.03019,33021.11802,60675.74149,51636.4707,42133.25733,38870.16349,29426.13634,58894.18288,56198.06184,31100.48487,32880.00078
Q9JHU4_S4366___1,310379.1727,284758.3777,280514.7018,296418.5459,290110.5356,259847.1866,305455.1414,282083.1939,415494.7816,264245.7184,418983.8799,393573.0804,332840.4178,312289.8102,376446.9512,400236.7913
Q9JHW4_S512___1,37268.68019,42256.17917,41491.08722,46972.35401,51324.40377,53153.22173,50546.79827,42032.27869,45760.8093,72711.07217,45474.57384,40310.72532,51553.39506,47937.43996,39901.84245,37695.1412
Q9JI10_S316___1,1665597.365,1503359.811,1429520.85,1564837.352,1513512.753,1600764.998,1438715.307,1521169.625,1820827.605,1222038.87,1632668.132,1657366.438,1500554.75,1529264.526,1626588.386,1632097.179
Q9JI10_S323___1,153670.8426,148081.3024,73910.54949,82352.15136,132428.2198,132407.9769,69272.46512,62891.88736,150759.1376,98751.3942,96527.99106,66056.15792,125518.8622,139990.8601,95282.29554,83444.10778
Q9JI11_S320___1,340968.7729,291609.9486,394032.8195,319976.849,306744.4888,314711.8916,331247.3786,383752.1548,321971.2595,242812.8709,445765.6435,415478.5737,257232.6119,286997.7257,404017.3044,409922.5406
Q9JI13_S37___1,465913.6259,481165.4501,239548.5779,156568.0632,515550.033,501922.5195,214033.5058,496244.687,540387.3318,532210.817,220972.825,127000.5413,653037.7197,650351.176,592486.4381,169227.0783
Q9JI99_S101___1,2923409.089,2304417.176,3022373.588,3196397.487,3071514.699,2412568.651,1916252.378,2382925.654,2270155.244,2297241.87,3714905.839,4248550.432,2131157.383,2793904.475,4344845.069,3392221.433
Q9JIA7_S364___1,1211189.649,1214767.551,814516.6636,887268.4229,1334765.638,1048114.404,675278.8121,865337.6853,1171142.203,578350.0511,633965.3433,544892.8598,1309113.285,1176066.545,772353.3567,558624.4044
Q9JIA7_S379___1,65710.24444,61203.35907,40280.63626,60273.54812,81839.14941,90148.11459,48005.41469,54910.63585,71567.28369,56446.40952,45091.45293,58827.18679,81974.07302,66975.39996,50123.92719,71009.72252
Q9JIG7_S113___1,157780.107,181775.9951,124932.9288,134391.0045,191428.2769,186951.8696,119159.8893,124729.8121,156917.0482,256889.6066,124264.8976,105065.4145,204014.8641,205637.5198,116549.3883,130733.3724
Q9JIH2_S322___1,7908.34283,6880.776082,8320.782947,6608.456677,10484.94077,11853.3012,7871.683624,8372.722476,12568.89261,16816.17992,8214.947335,6696.65668,15352.40528,12498.47691,7048.418459,7091.942971
Q9JII6_S66___1,42638.72066,48377.05344,28532.70334,36401.82082,51951.10856,59342.01815,38089.34425,30196.51075,55076.12403,73415.43381,30872.53377,29883.53942,57505.68305,54667.1187,30384.93144,27257.67132
Q9JII6_S215___1,39945.10509,45014.53745,28235.02923,36669.66005,43095.0741,41097.39876,35200.64823,34882.96558,37792.21493,42948.58968,32432.62637,25843.81612,43350.55876,41522.24922,29483.33839,35043.44406
Q9JIK5_S118___1,2993168.44,2941133.382,3353079.471,4048312.575,4023192.988,4117437.58,3626095.116,3020612.352,3576728.628,3746713.192,3522361.32,3661201.897,4146190.894,3865855.333,3827488.02,4128999.207
Q9JIK5_S13___1,95433.88802,95262.39899,116411.2423,125238.5224,124710.8314,118034.6596,112086.5417,95883.18529,104263.8993,105068.5466,116542.9767,129056.6959,123718.3589,106992.572,127870.2808,115213.6518
Q9JIL4_S365___1,511956.3167,536003.976,630804.8573,604907.7264,542194.1048,530679.3936,599639.4299,573204.1912,542660.7544,445726.6231,661188.1383,545817.5702,583188.9825,544432.2476,561597.0535,530224.4243
Q9JIL4_S341___1,130252.2396,169744.4649,127720.8038,126169.6447,177834.0443,175544.9352,155637.146,117831.6424,143395.7613,189445.0444,119340.6194,111280.2196,148992.389,156182.7393,102443.804,86695.30318
Q9JIL4_S348___1,161364.0278,162874.9914,201269.6102,186503.0595,230475.4534,183248.2239,208515.0333,160942.3602,171429.302,193840.9137,159625.1877,165722.1699,155474.5839,144474.0586,129547.9644,137773.3788
Q9JIS8_S37___1,25844.50159,16042.13273,37558.36621,55437.51427,27436.78739,43452.04203,37026.39626,32513.70092,49983.52656,58611.72436,32478.77595,57272.3516,79580.97232,134236.3272,58276.39237,55250.21408
Q9JIS8_S967___1,175629.4382,122356.351,214368.1676,368418.7324,174722.2137,230050.6938,238742.5467,279863.9947,240227.8595,301984.3455,218937.214,259967.4718,382488.5216,576020.5653,330880.6743,335357.3817
Q9JIX8_S491___1,214272.1477,210887.0914,204938.8569,248095.2243,254151.1747,245493.9817,211182.2316,206012.8364,258116.7829,300675.3588,241906.3478,248124.6409,255712.4654,274286.8069,270024.9746,390157.4697
Q9JIX8_S428___1,58853.32435,64689.64486,52001.56446,59853.19698,84621.31383,77457.47983,53807.55459,48739.16726,68477.98313,128676.9973,50698.22534,53073.67929,89913.00176,77152.47507,52050.04138,66959.17413
Q9JIX8_S468___1,364053.6556,390264.5721,354276.0152,431824.395,470664.2712,469873.0333,354214.1864,278380.6229,399888.9881,486210.346,323737.0715,283312.9263,393818.8274,371139.4998,252358.4739,302498.6695
Q9JIX8_S710___1,68283.73214,86778.61786,61725.97781,78660.87317,73648.47052,110071.6785,88203.53614,78269.46062,71817.14112,97735.51214,67241.70027,53485.76213,80704.40415,81321.39771,48810.43791,55307.34927
Q9JIX8_S898___1,416750.4306,494083.4927,429192.6889,590461.1706,732784.0096,583752.5399,547038.07,372125.3017,534444.7321,777804.5643,469391.6552,451177.3925,616127.613,663894.2543,447336.7425,534920.8111
Q9JIX8_S526___1,40094.71809,47379.39412,43328.28053,53371.99717,64497.44874,65015.24161,46956.20258,37755.46604,63840.54688,141588.6204,53476.2465,55341.29854,84275.78898,68972.06833,49358.01463,55888.01992
Q9JIX8_S479___1,147676.0047,196786.3085,161622.6544,196465.9179,211432.2638,223702.3065,165467.7491,176363.8031,203161.6786,294685.6117,205306.0189,171788.9714,231770.8333,229604.477,209170.581,198683.8817
Q9JIX8_S391___1,329586.0761,399584.074,335768.3896,452787.1576,452800.9955,420647.8246,388103.483,278437.7452,385284.3815,658977.9041,369593.7181,339027.5972,525420.0168,438656.8974,306365.4236,330309.65
Q9JIX8_S216___1,64112.48172,162162.4535,71287.85856,116228.6749,63764.78713,75654.38123,87850.41018,92381.70383,82715.21055,102281.9526,75546.38503,60642.08223,145244.0664,191205.1941,86152.12398,123744.4849
Q9JIX8_S1003___1,299715.8986,420275.6701,280207.6614,361185.6953,400743.2882,370926.5393,326469.5192,344463.4946,399126.3051,526392.1753,324509.8572,298149.5907,501780.8232,527080.8141,284121.0949,379825.9193
Q9JJL3_S290___1,307465.2217,155221.9788,304103.4604,274844.3424,249593.9803,284251.0241,189217.155,444305.1572,231874.6739,157499.2946,374993.4351,377075.7434,283553.4559,351606.2371,347390.5051,298450.0087
Q9JJZ4_S266___1,415588.3314,537330.901,579879.9493,514563.9427,340625.9621,437412.5211,476736.092,672974.968,289348.4958,303238.6761,467200.7823,383854.4911,412725.6851,363762.4136,437325.7289,400496.5297
Q9JK81_S283___1,189925.8985,173731.9876,198217.5645,196619.7302,181994.3638,223619.6189,279595.0481,185343.8545,176580.6123,161795.9047,214897.372,192580.0068,199820.1932,168479.7858,202474.3537,186036.3335
Q9JK92_S87___1,471789.9071,489577.2898,431244.7605,493677.0934,453049.1412,574653.6752,544568.0248,469696.3712,476671.3802,573841.4869,416414.0536,443177.842,550451.4981,631004.664,454597.7607,366696.6575
Q9JKB1_S130___1,530606.7804,515504.5228,503809.8421,583481.7918,489683.8121,542679.4944,583031.6568,523853.0125,622194.3578,445130.7335,555705.7838,583524.3927,532857.0129,551364.0669,527395.3477,719909.055
Q9JKF6_S421___1,1158591.083,1108992.735,1512306.802,1624413.583,1188811.515,1707996.085,1250772.893,738422.2134,1675596.884,1182624.383,1514632.577,1719072.82,1239457.894,1196219.164,1431427.234,1968776.424
Q9JKF6_S434___1,360736.3501,297854.2187,458286.4246,496862.421,349412.3345,514835.3563,373446.4372,250831.5712,494729.5009,353413.9162,578246.0131,660849.9269,362352.6286,348608.8125,538025.1389,673076.4734
Q9JKF6_S506___1,338971.6222,341785.0454,309701.7415,390778.0325,436703.2192,602593.6809,352035.1381,168712.063,446774.9815,546613.1975,322714.1565,366589.4834,407040.9947,377414.6768,317882.698,348085.9761
Q9JKR6_S567___1,95508.60096,93518.66955,104820.7089,80397.78447,123277.7345,137887.2934,84065.8446,83984.07175,114547.3958,171500.7478,82122.4851,95470.19035,115810.5272,105407.3071,56519.8931,59529.32563
Q9JKS5_S7___1,54132.0122,52824.43158,52052.26965,55823.3962,72178.10839,75709.28545,118375.1715,56045.66994,63910.68688,79698.91987,56722.44827,51545.34533,80375.93852,81051.39003,42731.2945,35394.43022
Q9JKS5_S108___1,74612.28237,66278.92455,66125.91353,66780.8871,79426.31838,75285.32339,121283.2272,73764.91039,70093.56205,67221.92944,91973.30848,75040.7628,63943.75076,83719.03552,63478.90005,47080.94255
Q9JLF6_S94___1,46313.90911,58964.72473,52681.12698,44855.08014,50465.73923,48113.03788,65065.55411,63583.41502,55742.41702,44966.97079,56331.53357,57809.38342,64583.26598,62342.79926,52220.9768,62928.32703
Q9JLM9_S370___1,1322113.221,1387187.835,1075218.849,1106926.761,1508034.255,1521894.021,1585163.219,1192691.19,1333703.165,1201872.787,1193434.519,1178319.841,1629630.219,1392741.677,1230930.204,1007896.159
Q9JLN9_S1418___1,63681.14287,71248.17963,61477.92401,74794.78685,81191.27211,82608.74297,77933.83867,68827.51345,75806.93404,89286.86019,68449.77984,69069.21359,73895.48437,80994.97647,74918.26216,79624.18817
Q9JLN9_S1261___1,150343.7177,193152.573,204675.4612,253811.2664,119268.6056,125560.1369,206667.5224,218352.1315,175743.2222,110566.6344,202336.7894,186035.9488,162293.4615,145496.6094,266038.9644,223818.3723
Q9JLQ0_S224___1,594841.2445,400432.3801,562959.9807,506475.5941,578992.3082,582442.1672,488891.5416,583068.1615,367674.4411,405472.6283,580961.1373,509736.3828,445934.857,396898.5433,411992.733,442646.9122
Q9JLQ0_S458___1,188528.3097,298768.8051,194191.6748,219370.8186,265648.2084,236920.4749,274960.5688,185827.302,194661.6394,172528.6597,209972.6102,160220.8414,229053.5245,192168.6873,151326.6786,138799.5323
Q9JLV1_S270___1,26070.23661,35032.28473,41603.17076,39091.91548,30737.60096,23944.46115,43502.70323,55873.90409,17813.83496,19546.1045,30468.68748,18052.82738,23467.78698,18548.12953,17528.07471,15570.37269
Q9JLV1_S274___1,24754.15104,57903.90915,32630.3541,46340.20265,32307.22003,33060.72817,43310.88132,46745.27353,32044.57467,34762.61705,41696.72115,28231.92841,44036.72285,38716.15793,33671.45295,34523.61002
Q9JLV1_S117___1,226622.1158,336572.4072,303290.1851,316885.2108,357174.1424,271337.7787,354607.4566,359581.3994,176257.3587,150149.7468,264170.2581,193711.3359,178973.2338,126212.2234,146329.1199,106869.662
Q9JLV1_S179___1,15894.66992,20562.7984,15917.06518,17272.41321,19519.02919,18342.10655,19689.81838,24155.60585,15292.56327,20329.20232,19425.68273,18561.29908,19063.48812,21302.02158,14206.67061,17447.58008
Q9JLV1_S138___1,331909.6958,353741.769,315194.8095,376293.7852,406321.7307,381368.6144,440902.1081,458890.2841,309497.3433,332860.6714,398366.4399,380699.3917,352075.2723,380950.9805,335669.994,413323.7745
Q9JLZ8_S382___1,1178727.153,1659974.717,1115569.927,1412711.045,1513892.009,1230118.282,1432094.897,934870.6039,1331858.207,1319602.675,1431960.349,957250.6034,1697980.809,1176624.286,1018326.719,1009542.152
Q9JM13_S132___1,45886.54124,40711.94674,36415.68771,43496.47774,38533.09494,48455.64132,39842.57379,26767.3114,38937.99333,44595.20371,34763.47129,23603.30238,34838.92134,50500.39286,22678.54569,30216.55277
Q9JM52_S783___1,130541.5735,126050.9605,124592.9663,124769.4571,200560.0791,157649.224,162016.6807,116107.7486,162133.2453,244751.4923,146878.1101,141620.4591,199215.599,188212.8624,169413.9933,133541.8685
Q9JM52_S644___1,431648.7877,498868.3749,435632.78,385440.169,774576.6949,659905.3062,484519.5266,366423.1443,518105.1622,874544.6374,374417.1515,406512.5738,814451.8791,690851.7109,469284.6776,415987.4085
Q9JM96_S107___1,97524.71372,201663.3194,122577.3323,99950.62079,141794.839,137263.2329,131299.707,132294.564,131626.9847,165885.0451,92939.49876,95245.53927,142186.5147,105496.6808,148446.4465,65812.95238
Q9JM96_S223___1,54469.11779,84631.53954,54528.8334,64471.99748,53749.18864,56701.38615,47945.03399,50390.23148,74495.11873,44760.8096,66272.32252,50225.2586,71852.58715,53494.741,45147.56299,41441.77513
Q9JM96_S302___1,65975.65145,117402.9668,90121.90092,92819.10659,86390.73271,95374.20006,100058.3325,93180.00278,80789.41164,97081.03218,86774.39587,100329.1542,89071.49061,79425.93942,78750.72547,64245.06642
Q9JM96_S64___1,165466.333,317858.5705,224714.1616,233967.9383,224540.686,221748.2196,268999.7159,262744.8902,195654.4873,232763.2564,226020.2943,224570.8708,219271.8451,204938.4192,241522.2227,161151.9769
Q9JMA1_S143___1,432252.8449,427346.1872,448614.545,503380.0352,447531.1978,470170.7859,595652.0881,480946.6435,501920.1639,515406.5688,447096.5594,474500.4706,569676.2352,482421.6955,419747.1002,455962.9157
Q9JMD3_S284___1,453923.0902,593608.628,386695.5218,361616.3314,500078.7051,508762.5448,439667.492,532749.1062,542021.4787,425057.0238,467576.8055,472206.9542,509365.1633,605883.3463,417503.4804,474452.2336
Q9JMD3_S13___1,53033.48551,46638.73493,52172.32583,54025.86626,44160.9607,39566.69128,54403.9443,62408.00166,44909.02738,26101.22199,58048.22316,48586.41055,38516.79569,36161.71922,51631.51416,50465.44391
Q9JMD3_S21___1,96227.30091,114517.8425,96821.02502,118649.7987,101564.4318,118059.3751,117854.0905,113069.6124,129915.2583,85080.02885,97502.52297,82580.83386,129427.5361,104119.2807,90260.01888,90470.76674
Q9JMH9_S983___1,109258.7461,129158.5035,109169.702,96766.24746,123588.4719,121234.561,150702.5268,119846.6155,116365.7501,176685.0606,95515.54382,96233.92219,140284.8502,140245.6066,98145.83041,93433.22832
Q9JMH9_S2039___1,700366.3858,733126.6462,728544.7443,732250.7133,684160.3186,718778.4267,681180.3388,739940.8123,692847.6525,994573.7133,644830.5069,715942.2365,648921.2669,848200.8555,740901.5804,847480.2392
Q9JMH9_S1966___1,386185.5491,435050.5146,474239.2691,404376.3318,432042.9755,509761.9441,445708.3953,435546.8948,573144.5294,765591.8793,460275.7762,534737.1623,584237.7879,639172.7676,562041.9195,696941.3452
Q9JMH9_S1970___1,724299.9718,564285.9543,610626.8174,658009.3779,815256.4514,851420.208,719273.0623,737501.2622,574642.6974,876612.7711,704937.5102,788736.689,720263.1707,797294.3407,712626.6564,717289.0042
Q9JMH9_S140___1,32654.25478,54407.34833,45240.67926,50493.0625,31164.90328,34439.78883,50437.28918,50315.8505,33931.67414,31677.07339,46605.21047,31934.74542,44948.73847,36119.00191,37933.82759,30505.36352
Q9JMH9_S74___1,66936.66881,61263.79539,81129.49985,70786.64142,55113.74984,58231.64508,73555.16704,82224.42077,56856.46664,56602.07641,78472.00435,65495.26761,52677.38057,58727.94588,92118.22711,78812.54667
Q9QVP9_S375___1,263148.9,296264.9399,242720.5035,434180.0465,387865.0464,376577.1734,321793.624,229123.6554,315418.7615,746114.6212,262658.6024,277104.2389,552564.8025,369416.8921,211423.6041,228776.8793
Q9QWY8_S1059___1,65464.2834,77682.25752,79083.20003,83447.57086,94179.483,96649.80224,95824.14921,82861.32299,81520.93262,110986.7126,71057.23832,70426.81613,100360.3125,119578.0984,70756.80617,70957.58359
Q9QWY8_S732___1,1171810.971,1031346.156,1289973.642,1250353.411,1288126.553,1341167.81,1394780.672,1435317.627,1325699.068,1257219.575,1427703.114,1419077.31,1410987.941,1442911.679,1303922.87,1331991.296
Q9QX47_S1723___1,788199.5737,898879.2764,705928.2105,776507.8421,898073.191,947098.6687,843102.3791,732156.9167,790542.1677,1165925.792,829784.2784,722329.4999,916715.5847,959397.2618,674638.641,811742.6837
Q9QX47_S2147___1,362364.1528,435074.6958,392908.9404,426683.9817,468176.1063,527594.9214,394495.8042,332039.4456,427305.3906,514537.817,397183.7553,342645.7461,519854.1795,467084.1599,309195.545,310665.8094
Q9QX47_S961___1,72916.14122,65436.23814,54280.23823,60204.30266,54742.30733,61333.56843,60091.09363,56218.75626,66274.36781,55817.00253,64134.0279,53623.21333,61254.54183,75402.83906,58058.54161,67133.31655
Q9QX47_S1071___1,10367.26859,8444.15929,6919.675922,8505.572508,7730.671734,9409.346922,9290.844046,7291.1597,7378.059001,5292.968627,7153.722843,9013.500222,8726.956568,8213.322325,8244.527568,11273.89986
Q9QXD6_S144___1,77964.0138,80900.7295,90743.38182,113851.0539,83014.1044,87266.36317,97003.04678,94891.78512,82856.5296,87783.93159,81172.84047,81544.84898,94292.4993,119552.6246,96396.24399,153828.5328
Q9QXD8_S413___1,148989.858,109763.1774,79093.87102,123249.5097,159915.6647,186941.7151,137947.3287,109689.1336,101642.6408,169636.5137,122969.1777,116037.2356,144029.5432,105445.7345,124913.4355,111225.4159
Q9QXE0_S4___1,40978.7654,66118.71631,65317.87623,76630.3779,37615.95477,43991.54669,72705.07147,77857.16512,53943.5656,46059.41119,56414.8299,57446.18717,63950.87363,82619.06079,71389.00327,75305.87077
Q9QXF8_S233___1,1245675.818,1199292.068,1165112.916,1285609.337,1457256.665,1298748.221,1383012.398,1248274.896,1079981.698,1981277.238,1195041.967,1307238.75,1686834.984,1468876.107,1226787.927,1677950.904
Q9QXF8_S10___1,223782.5956,161454.218,213533.3836,234979.8297,214193.1725,206791.6153,260869.4039,212782.6489,374853.679,312111.9822,257433.352,265053.4168,363839.7007,297086.4346,250046.2115,357505.7403
Q9QXG4_S265___1,163306.4941,193568.6248,175496.8848,227136.9114,216742.2452,254814.0722,219183.5879,203216.8955,283924.6064,225130.8262,203065.5095,205364.1902,236018.292,225627.299,224161.7568,215151.0869
Q9QXG4_S267___1,437244.5842,481074.6306,519771.4924,482528.2452,420962.8874,402666.9423,500435.1541,482063.9038,584412.6319,364423.8633,773046.9263,721378.4255,571975.6466,477064.1133,694173.0503,577192.5043
Q9QXG4_S30___1,10766995.22,7997071.77,8578919.056,10621658.72,8848687.966,10975801.43,9158491.881,9262472.675,10058306.74,6496764.753,9872258.398,9784231.764,8621722.961,8031481.316,10360006.9,10492159.69
Q9QXL2_S1660___1,120832.9962,145221.3212,109741.1171,170599.7971,154049.5744,150729.2819,132240.4432,104514.4268,142949.4326,178732.7906,157029.752,139646.4878,157135.4332,150941.1405,119149.5044,149401.617
Q9QXL2_S1671___1,263920.6929,357844.1241,324916.8905,397745.9333,336460.6667,282903.6811,290442.111,267556.1639,281951.0507,309516.8978,385713.8328,346204.516,277732.0669,281647.8102,294513.5691,377689.3553
Q9QXM1_S969___1,430384.1758,535415.4452,707327.2668,651206.7876,864842.54,894510.0243,846295.6079,733939.941,615953.2326,599269.5297,573615.1436,777594.7088,840245.0431,877157.044,586282.8344,611376.8453
Q9QXN0_S663___1,369793.1105,311553.6925,181754.3692,246202.4335,752368.9499,650658.2366,249495.1101,311523.5151,296842.3517,558302.871,208197.1203,147157.9398,534791.2359,301172.2643,207092.5506,182341.7123
Q9QXN0_S439___1,293576.8764,203725.1297,165245.1876,202001.8801,466397.1104,457685.0471,224075.8934,349705.0854,267175.2614,300132.2387,203514.4023,175918.8479,324662.5058,215946.7838,230324.3525,204793.8002
Q9QXN3_S364___1,36141.87351,38796.26869,37805.91371,26368.59563,43079.00002,35629.61501,48096.27439,35543.7275,27648.69535,41896.36923,31786.77939,26482.00453,54744.40355,37292.02515,29929.97275,28565.27136
Q9QXX4_S51___1,65021.52396,77506.97955,55861.42026,57827.08792,75239.37895,89346.47707,65876.02415,55750.38459,72601.72039,118339.7346,52123.77352,56833.07063,79034.4059,72730.52123,55444.24362,58542.88937
Q9QXY1_S343___1,41923.78431,67307.57476,51080.10707,45790.69826,58167.93223,47673.35176,52086.1007,48431.82051,50293.36976,59366.8912,55838.41825,48285.5005,81880.12084,68358.74856,60618.5551,41868.80716
Q9QXY1_S892___1,54451.06874,63324.13026,35126.00886,51531.00192,71481.24314,93239.09516,44294.39333,47011.64092,47422.73119,128187.303,43394.79636,52963.96978,86656.67929,96069.04683,53148.17052,59929.3338
Q9QXY1_S315___1,7291.772488,7713.491141,4715.54373,6462.327623,7778.960531,7673.912427,8424.090497,8595.379936,6286.631806,8479.712889,6838.794841,7544.688598,8501.641843,9289.461078,6867.248942,11186.09321
Q9QXY1_S366___1,87970.09061,131122.587,80410.31636,85077.42133,141755.0078,97877.32056,123292.5647,85977.90838,97297.10488,129434.268,71828.23009,68170.70408,159168.9203,146098.2312,90082.32979,50807.34529
Q9QXY1_S157___1,193990.8207,239675.9933,169858.7555,220013.0993,267520.5131,288009.4041,203963.1521,170962.6245,191502.5747,300345.6804,167357.0382,184013.425,309550.7653,283412.2422,156942.5728,157336.736
Q9QXY1_S797___1,9473.078605,11596.04614,9195.375406,8532.584735,10600.3061,9907.705652,7099.696112,7745.286505,9323.856468,7180.435742,12924.18764,7067.215475,12291.29086,8479.293132,6838.113293,3612.822679
Q9QXY1_S359___1,49428.11993,39634.85662,38482.90284,53318.21652,39983.24472,52321.36477,40619.41453,49561.55651,40122.65914,84882.20211,48254.48293,63380.01304,67252.28317,92660.41956,62174.64364,70319.95754
Q9QXZ0_S4483___1,156032.2396,148562.0237,112063.2703,113382.1755,165920.6029,176525.4836,136158.1374,124553.563,148120.3877,211703.4262,121349.7341,119482.4183,172824.2037,165269.5487,116846.4725,123198.4601
Q9QXZ0_S5551___1,102224.0975,120734.7351,101085.0618,97359.75757,118786.8564,102515.2494,100567.6918,108109.5999,89127.74077,133448.5141,104032.3548,115269.8038,106942.6778,109566.2675,76541.85992,94452.95021
Q9QXZ0_S7296___1,124894.3125,160694.113,129019.8147,134619.4207,168732.8396,134405.8821,141171.3764,128443.4625,155229.9813,155299.9818,111097.8587,108030.053,188111.8156,161569.3026,114934.4237,125775.4069
Q9QXZ0_S7311___1,28108.06835,27825.87187,23599.92931,25957.75739,27182.74081,30777.41729,26819.964,24242.05068,28994.04073,45376.13416,23552.96391,28190.69722,27319.35227,39222.29464,28450.23896,33500.08818
Q9QXZ0_S3889___1,29527.92524,37774.61013,32850.03714,35589.4857,25830.62579,33524.68085,35992.48958,42774.20872,36269.33757,39346.32512,35932.89779,35226.57942,38364.23417,39036.88906,38067.68203,43008.99429
Q9QXZ6_S649___1,111279.0654,107995.8536,101756.1123,75958.40459,127057.2264,133959.885,115898.2487,137659.6813,132345.0978,102556.5675,118904.1692,120764.0686,149969.055,142588.1731,84589.24759,116336.5144
Q9QY06_S1293___1,49987.73435,74247.3479,48954.25999,54263.64292,39554.67994,46684.80651,44140.0915,51028.31425,67964.04968,53594.52899,49093.71543,44261.33928,81491.76125,85569.24392,43436.39094,59670.46576
Q9QY06_S1978___1,159990.8634,182321.514,146885.9605,179249.6768,209743.6325,233324.8636,164660.4842,170845.046,253070.4306,289661.0518,184496.0887,212117.5078,282672.3328,260384.0716,163094.275,196374.6916
Q9QY06_S1247___1,131025.9623,177371.3088,111191.4,112910.2428,155325.4362,128243.8731,101758.3712,84452.96995,147085.5453,108558.6031,104402.1836,82710.42838,186718.3603,139830.826,122246.5929,103396.155
Q9QY06_S1204___1,173045.3845,249425.4098,213921.6266,191120.5297,223283.2382,214738.59,200612.1047,201309.1673,191344.8161,200654.2344,182102.0571,135992.1677,235334.7805,187202.139,179266.6281,142511.107
Q9QY06_S1676___1,579227.6083,1038190.886,598276.1632,652709.4178,851127.7548,618928.7281,700111.1944,623792.1372,866259.3027,767656.4761,614476.857,478665.0483,1099692.877,729225.8153,578003.8874,406039.584
Q9QY30_S22___1,291159.0643,360888.4563,354404.7702,333700.3468,258659.205,243373.0251,305667.5522,337235.458,327636.6696,248604.2728,360550.0109,358944.9653,336706.8327,267914.5128,352652.1978,362130.2485
Q9QY30_S688___1,26287.9446,29606.34518,35987.97055,33517.27689,29142.83884,38711.43245,41448.25745,39791.69405,55575.95325,68488.26399,54291.53498,56515.00045,54447.71028,68990.26651,60401.81863,118915.4912
Q9QY30_S692___1,89215.32272,89095.47195,86412.24741,75983.95136,69178.96382,76632.2894,82693.33356,70911.77849,93229.18054,80482.66006,110915.0509,87482.08055,91875.68834,120126.6111,87801.70875,80501.34743
Q9QY30_S696___1,947013.98,848679.1935,1157657.824,1176793.001,768577.6775,889159.6138,1129041.301,1175917.309,841311.8173,621492.2095,1404574.115,1499217.185,979224.2056,1002194.135,1371789.161,1446373.827
Q9QYB5_S402___1,585675.4274,549309.3791,482654.4207,572801.7529,618615.7065,671689.0427,565169.5471,322819.0482,551091.2752,762475.9695,456056.8528,427843.1432,711435.9849,618539.3404,392676.9633,446842.4918
Q9QYB5_S681___1,70465.39992,113422.0284,80667.75018,80132.05813,66356.09809,75342.02844,99243.20039,89410.76093,95819.77034,78101.71699,88219.37309,73750.436,121155.3498,110578.0533,109287.4645,106088.7525
Q9QYE6_S116___1,397408.2967,529462.9446,408104.2162,404828.3171,619955.131,700551.4694,508977.8013,323365.9032,590208.0836,744719.8328,334366.9667,334162.5342,761983.7095,552374.3903,356952.7849,407929.907
Q9QYG0_S328___1,208023.7089,216545.0839,196881.4998,196139.7281,215978.5859,281173.9031,266308.3781,250565.086,211896.5521,211612.0678,191300.0247,167473.8247,235554.5641,185368.3011,214758.5671,206744.7009
Q9QYG0_S332___1,411932.0623,437831.2072,475612.5584,443455.6568,435981.8872,426743.2898,440521.11,490522.5519,429814.6706,329925.4403,511939.2101,403347.1235,440495.0544,356571.0879,340082.6893,285325.4237
Q9QYG0_S338___1,1374485.342,1315071.241,1605768.037,1341383.245,1646003.853,1333180.495,1364547.011,1633804.863,1327681.652,832068.7217,1542520.353,1148727.152,1537958.76,1067143.173,1067554.164,616727.3138
Q9QYG0_S344___1,103699.6235,70151.44379,66230.79629,87364.33481,71411.58244,92592.24582,95999.65273,114009.0264,84947.24684,107286.5746,133738.2136,126528.7655,95891.29678,93723.35895,99578.9091,179907.8981
Q9QYG0_S350___1,97826.48557,115901.8947,146505.3104,164701.1968,139927.5745,113452.0085,172575.0191,177622.0748,113989.5165,105547.4215,175193.7584,149983.0152,129887.9928,107924.0961,186788.5864,142529.3046
Q9QYG0_S353___1,175489.0256,138985.1508,140738.7642,162304.2626,182655.1279,166971.4566,168855.8668,152427.7209,171249.341,152505.1177,148899.7351,152191.6182,147493.509,135157.3948,152382.0026,170504.4988
Q9QYP6_S214___1,63226.635,91368.45727,42445.79843,85030.97307,104858.9509,153269.0088,144160.2132,20206.06014,51601.09446,93593.13392,38763.03531,47471.61946,114343.1152,88481.47445,30661.81355,23022.28559
Q9QYY0_S420___1,45298.97451,46431.67618,48203.2483,52564.93401,38236.94801,36600.07912,63866.76658,61240.87181,45342.59632,26358.62445,48798.70235,43089.37193,40042.34838,32846.7309,61675.06921,49683.71142
Q9QYY0_S455___1,212717.094,198810.262,174948.3767,182871.2099,222475.7317,218832.6251,205836.5346,221027.1342,263250.244,267146.1998,187503.9092,227445.8338,230362.0941,218280.355,224983.1767,247951.8711
Q9QYY8_S205___1,83767.87147,105591.516,90741.15903,87559.37975,125420.4571,94352.14569,128086.3999,96791.77064,75314.27047,126664.5937,88986.03369,67595.67127,107278.1207,86216.31465,64706.23564,59826.30418
Q9QYY8_S99___1,6072.853884,5459.119492,5144.556512,8721.55814,8163.677714,7401.730747,10119.23777,8540.791728,7584.207812,9823.369176,7098.565625,7793.669182,9414.312124,7543.186219,7160.331948,7770.239681
Q9QZI9_S369___1,494585.8076,499010.8088,1062384.515,692493.7787,756682.7422,846661.5127,741555.6629,642963.8194,796597.5082,1153597.47,614771.7942,622798.0883,600310.0729,668537.7129,553387.9225,698205.4523
Q9QZI9_S371___1,930625.4149,1065874.275,1907851.151,1181906.93,1453887.127,1666329.554,1283852.305,1004561.039,1373484.741,2053927.227,1044814.818,993873.3428,971648.448,1237024.481,896832.0721,1286104.338
Q9QZK2_S284___1,38244.11758,40654.51554,56497.84858,55386.36342,38624.21221,25428.03673,61368.23828,44425.21775,52855.95225,30415.75345,55695.74282,33800.68219,47694.1868,31920.85671,50967.4207,37765.91555
Q9QZN4_S276___1,148021.1594,317605.2091,152040.5689,130226.2759,157723.5934,159540.5361,167524.3475,110747.3843,137527.1458,168386.5503,133935.9499,133717.0057,176621.5478,191116.3479,140772.5271,117167.3631
Q9QZN4_S278___1,479299.5648,919822.0016,605985.1135,604796.4508,504798.9778,556883.2907,703264.5723,513284.0084,563741.9104,698161.7291,594963.6285,586241.6104,620167.7,619695.5629,632808.2871,450601.8882
Q9QZQ1_S1167___1,298961.641,368569.8157,329058.6153,296912.4619,348509.1127,423573.2414,324484.3117,390191.8042,377081.3789,416531.2827,401864.41,331781.1437,453420.6474,480145.444,397688.7367,385915.9008
Q9QZQ1_S1223___1,1113690.315,1749572.6,1705447.516,1250394.332,1530595.554,1138063.048,1843079.781,1440230.143,1082108.49,1193453.376,1290154.304,1002140.668,1223172.664,1030796.845,913873.6951,600068.249
Q9QZQ1_S1092___1,1111618.44,1323302.63,1005871.122,1022888.687,1412469.891,1460068.714,1050964.321,984951.4107,1211151.567,1903897.027,912487.4212,948675.8828,1615989.718,1454351.056,937584.2496,941759.7539
Q9QZQ1_S1755___1,71940.11278,80897.17877,77879.04013,79236.16025,114341.9036,100247.6113,101128.3821,92554.8359,69655.77446,112181.994,69705.60163,72534.48659,99093.56415,81450.94541,66726.93551,71528.88185
Q9QZQ1_S1068___1,115241.9583,128276.4155,145160.8774,126375.0369,108153.4455,125636.0087,134236.7187,129242.0074,130884.0173,128683.0541,130270.1924,147899.9785,123577.375,130620.6356,138430.7043,137694.2123
Q9QZW0_S1105___1,19773.82517,15994.44053,14259.17428,17684.12697,16284.64619,18899.27504,12654.15101,16164.67045,15790.58157,15517.22922,13951.24596,13177.46932,17696.43182,16021.226,11401.01616,12209.72025
Q9QZW0_S201___1,246485.3821,242595.7088,253324.9712,282856.9492,304079.1766,348351.4707,306918.0478,218916.4322,297091.9,367508.9835,203094.6617,227258.8557,297360.9591,298496.0299,198880.6039,220972.2311
Q9QZW0_S542___1,152411.6438,138161.2682,126071.8361,141573.3328,173854.9196,172644.2263,161056.2635,141885.1426,153033.0323,212528.2232,101542.3311,122035.5653,171506.5316,179280.4544,113728.1002,121113.4136
Q9QZW0_S1123___1,479472.6792,513173.4243,543475.9316,490114.8046,564064.4528,475653.769,613970.1128,485433.0373,421361.3366,489281.3622,469041.6639,388745.7614,469927.8452,417356.1753,276393.7118,301455.4534
Q9QZW0_S30___1,236659.0832,231350.7491,244398.3149,252571.0815,294976.5342,302061.1382,276971.4321,258557.0109,264369.6568,227033.7559,201334.3581,239265.3453,318764.7075,259424.999,198802.2809,210963.7693
Q9R049_S548___1,30275.52997,49826.33007,26842.62818,30006.47277,54652.03084,38308.97306,38023.38612,37078.78152,35682.63246,96742.78098,27253.35915,29232.81096,62527.75083,47923.73684,25828.12193,28362.19928
Q9R049_S505___1,1511647.05,2050958.818,1996076.328,1956404.123,2207938.317,2119156.192,2741297.134,1816871.242,1242730.713,2192397.026,1350201.493,1043569.802,1689883.538,1298997.75,794482.1875,573910.4576
Q9R049_S512___1,124972.5737,120881.9695,86729.7404,81927.33468,168329.719,186439.4939,128535.2485,122163.9635,130042.537,222243.3842,77946.5325,90764.09015,156703.2225,112343.3459,74901.95879,66585.5215
Q9R049_S518___1,162320.2641,187058.1185,119553.9035,110858.3256,183709.7421,172098.9873,134437.5569,124437.5688,181428.7831,302354.2432,115398.7736,112195.0834,208878.6537,160625.1647,103659.8744,113288.7758
Q9R049_S538___1,189740.4107,196146.2607,148652.6678,144516.323,196613.3375,234151.6228,169487.5893,143503.0601,166290.2675,251315.2842,163537.4017,120171.796,190320.6786,176719.8165,126352.1926,111645.5379
Q9R078_S182___1,162077.9877,166191.6681,166014.0664,173107.9526,201480.9751,147122.0268,225863.4458,196357.6678,141066.2472,164198.7553,216337.8317,194394.7202,181105.0264,185343.4413,200611.6869,187816.5199
Q9R078_S96___1,377559.1376,305247.2446,248206.5944,345665.3876,386782.9712,292037.2581,295416.1257,290559.2774,334960.9597,452416.7433,340971.1268,339136.4378,423730.6964,402176.3591,354727.4103,319832.6898
Q9R078_S101___1,242941.2049,240260.2867,254082.6494,331367.5847,267825.3068,229259.8432,255044.9486,277642.6139,278236.2894,330160.257,252432.931,274288.4769,385177.8639,383381.308,301011.019,305914.2876
Q9R078_S108___1,6441198.141,6457745.024,4666750.267,6222803.704,6984629.982,6354838.147,6290582.035,5555613.102,5977641.351,7832093.741,6103719.657,5495478.654,7064948.807,7689384.565,5973292.55,6166343.549
Q9R0A0_S15___1,6658.593282,6227.397429,7851.731312,6092.780805,5229.622834,8414.827976,7599.193999,6182.623218,5828.849511,7816.868183,8815.957853,5816.680538,6556.023141,4132.125884,6211.185377,5651.126143
Q9R0A0_S334___1,407272.4363,466570.322,446881.6604,568162.8413,333592.7059,437502.3016,489747.9503,268678.5034,512824.1252,410556.0639,491778.1745,393761.0707,422426.0225,302135.8088,411734.1659,316991.9838
Q9R0H0_S26___1,578106.3397,622336.3891,487179.2608,627767.2836,725636.0933,664831.485,675052.0321,615265.332,742990.9691,872496.1834,624100.7867,610968.5124,801538.9012,806621.397,526184.6954,704809.9486
Q9R0H0_S358___1,138731.0454,138389.6791,188861.8037,199100.472,133981.4198,140599.0147,200269.9082,230238.6776,137466.8409,196996.8909,166913.0253,198958.3306,239825.4006,182436.1053,192701.4686,196797.9766
Q9R0M6_S179___1,55413.85148,51013.07883,40037.78744,49545.2272,57174.07511,54857.43594,47590.85326,41460.17223,52233.51099,67734.75737,54791.34982,46053.7246,46578.82249,53493.83181,49633.63713,55544.60984
Q9R0P4_S17___1,3927611.151,4523738.22,2431561.188,2801913.567,4930669.637,5429727.844,3979243.342,3652698.878,4160655.6,6857660.172,2918036.88,4479636.385,5648965.504,5263140.663,3315910.265,3031623.404
Q9R0P5_S3___1,53904.68515,56183.70506,63691.82149,68844.21334,66234.05493,65338.44636,78560.86798,69190.58852,60496.70053,75278.54501,74724.68783,71483.89541,64076.14237,56458.9951,53883.48534,58931.23945
Q9R0Q7_S113___1,20752415.85,19551859.49,16154868.21,19827763.51,23411564.66,26991033.54,16631814.35,17359375.17,23284635.73,24598342.5,18289124.33,19812366.83,22875248.45,22941647.24,18033935.18,22774071.75
Q9R0Q7_S44___1,67659.03139,46073.71231,42193.95772,46692.65088,68912.00958,76121.75106,48090.3711,58764.13712,60310.88803,77820.09768,45876.97236,46181.21301,73174.67117,64218.29679,56408.54382,59281.38717
Q9R0U0_S106___1,112841.0239,107929.7488,108009.5143,89957.82227,102916.5634,107548.903,99948.42718,85288.8497,70749.47171,62672.23825,60884.99518,77299.40859,80285.56353,88723.58589,69661.41054,51824.19468
Q9R0U0_S133___1,163984.352,119184.4703,134714.5648,132628.2249,127828.4599,142238.3328,125576.384,121950.0699,147742.7114,95354.58863,127851.223,147973.5414,135997.9562,122729.7268,151634.7982,150251.9141
Q9R0Z9_S550___1,216157.0039,276024.6502,186553.482,190171.0871,217258.3241,230866.0373,179101.0631,194012.2062,266263.9852,235133.6674,195054.3037,182003.7946,270295.4108,264692.606,186065.4279,257130.1499
Q9R0Z9_S89___1,55290.0418,59004.89552,34712.56653,36711.83984,46589.13873,54859.01008,38362.65818,45320.40511,59833.06789,59636.45377,42240.52529,43157.76361,58420.23884,60146.88977,45003.44047,50444.31299
Q9R190_S435___1,33839.39985,28227.70045,25795.11152,25245.55681,23230.06689,26216.33042,21543.626,22003.26485,24420.6697,22172.03664,24724.24359,21808.56705,23822.6811,22588.53757,24237.86118,25072.8357
Q9R1R2_S7___1,69416.25274,84282.41638,111896.1774,114923.938,85194.07473,113979.1133,137760.9363,138155.8251,83816.00316,99397.15962,108106.9575,134592.5369,90139.33588,93824.49726,87172.32638,116943.5472
Q9R1S7_S904___1,462864.9629,471497.1243,443245.6838,475608.4542,477317.1612,512732.6871,480074.5941,492729.4053,450330.6797,584000.9586,411321.158,461772.3694,535895.2866,454271.4739,437151.2196,461594.2921
Q9R1T2_S16___1,15612.6191,18054.34054,11851.54401,14074.46389,18196.65501,18297.72611,11083.40135,11672.28462,23983.22179,17837.37533,12440.24233,11060.94195,20175.61289,13668.32897,11203.34072,10397.52741
Q9R1Z7_S27___1,63107.93878,64060.11713,50794.23208,44394.68447,42428.40339,48789.37211,44188.60608,53703.79827,63047.4712,63284.30326,42131.63521,49451.15376,58545.66593,54993.27941,52409.47747,68460.96786
Q9R1Z7_S31___1,21604.62268,29129.69486,22207.74951,21099.01564,18731.44026,18856.97226,19545.45425,24342.04422,26062.93488,26522.10976,23526.24467,23372.81465,23675.7677,21515.55663,23190.51341,31460.02935
Q9R1Z8_S412___1,142371.9288,119864.4502,143381.3383,149903.26,180776.6963,167732.2582,176503.7112,161634.5108,131015.2287,98583.65747,155788.92,138261.1536,124664.596,126097.5988,147208.1479,126587.3597
Q9R257_S111___1,678527.0901,641622.8602,548354.6385,720077.367,729355.7539,668577.1782,540737.8594,596894.4439,645191.2031,669454.9633,569712.0575,654438.785,771951.4181,782216.2866,675426.8031,720128.3249
Q9WTN3_S448___1,72514.86658,103100.4542,75479.51493,81057.43963,51369.5202,56841.05903,59969.81704,75595.31517,63967.32911,56553.22888,74118.69013,82208.35435,31777.31002,52354.98055,54412.6347,96351.84365
Q9WTQ5_S493___1,498673.1134,566857.2533,467776.4541,516919.1396,684118.2188,753924.3258,494371.5293,402439.26,556983.5299,679111.1267,489023.7021,544566.1459,607977.2619,689040.6353,428264.8043,606286.4821
Q9WTQ5_S532___1,46677.59201,32768.97036,46443.96024,50809.56609,51959.59641,48866.94485,44545.39768,25370.84539,64833.39286,64706.62003,38050.12486,44620.73259,41537.19412,55015.32299,39647.68185,40178.96271
Q9WTU0_S677___1,238851.8947,350000.3433,291069.688,224180.0102,378710.6085,402735.6474,277957.6403,231219.2384,399573.7646,604889.9487,276192.0808,236650.9082,408291.2491,477668.3961,198218.9094,207370.7451
Q9WTU0_S876___1,170024.3357,188218.9012,189713.3236,136657.6617,276768.0232,223393.6445,193164.7307,175495.356,191192.1059,394806.8826,152991.7809,163275.0964,277693.8837,287440.7474,138161.0287,114360.767
Q9WTU0_S899___1,13598.10874,22413.99751,13969.6791,12660.9749,25577.78906,18703.31517,21563.25705,19102.40316,14762.40131,21071.87513,19301.66616,13162.93753,24086.52323,21649.76219,13196.9786,13104.62526
Q9WTU0_S701___1,134384.6034,160560.7473,185469.1557,139496.1707,219950.088,184151.0402,216438.8778,187383.9712,123926.838,252520.0904,161712.7917,188813.8497,145256.3087,176452.04,93680.41245,102618.3433
Q9WTX2_S18___1,1250334.163,1200564.362,1172263.675,1125327.756,1469291.606,1324608.59,1414470.681,1175944.796,1324303.898,1716151.844,1135657.28,1079907.636,1463822.964,1226341.711,1104712.947,1188498.665
Q9WTX2_S167___1,183684.5527,160136.8837,167980.8044,203873.6672,227111.3526,216080.1736,244066.9207,212083.7193,126318.7727,196328.9206,129846.3293,106338.7759,192025.6032,122296.5756,124160.1119,119461.4539
Q9WTX2_S130___1,79229.09683,57330.41021,67774.22806,84667.33156,88801.90106,83895.13092,97148.83883,79318.79117,85233.19491,189587.7091,70523.3065,71785.154,130972.3612,91261.82316,62053.02599,80012.53218
Q9WU19_S194___1,148378.7252,167040.0177,145845.243,155161.8404,170309.8073,195613.9463,159272.1319,170683.0716,175804.8394,200745.2933,159057.5533,182198.9736,240979.6491,173393.26,168872.6462,160066.5949
Q9WU40_S140___1,263049.872,300742.713,252258.1041,282058.1299,343987.7067,339548.6366,317522.8133,255334.3235,336512.7066,338516.3691,285573.8226,238084.8758,326156.8028,379046.3676,297004.5958,210010
Q9WU42_S1528___1,69177.20709,68214.67592,66400.99122,92011.76712,73572.99099,145058.8541,93280.12146,66676.14889,96302.5914,110598.4678,78006.77166,67816.3684,94359.08255,104435.2459,57087.83367,75879.91624
Q9WU42_S1449___1,128649.3065,122599.0852,125099.2333,133077.7742,118938.5633,176299.7873,134592.1035,111489.6568,119377.4936,135185.5967,164553.1011,116298.685,145301.6866,126847.6686,127673.9514,149381.8166
Q9WU42_S743___1,16472.12674,15309.5456,25264.72803,18982.68327,12325.27006,22515.8363,22416.95663,21940.30061,18853.39091,20850.81346,28991.60893,21932.64523,15807.48581,11405.26822,25695.55837,28808.82373
Q9WU42_S2411___1,91326.11254,73385.49362,123629.3541,107995.996,84221.56874,130814.9375,104043.4617,85445.15424,92167.00232,87491.56016,123659.5094,93248.53129,95454.13292,109299.0746,99872.82083,132785.5658
Q9WUB0_S227___1,49274.42579,68519.60938,65552.96635,71550.83911,52600.67965,82621.20512,87658.99525,94896.94034,43938.88344,110752.6592,45954.76966,78177.29095,66315.34699,43664.01181,51079.61808,46289.77888
Q9WUK2_S193___1,42096.43256,50256.43575,28583.19164,27290.498,41444.03765,26970.12511,41216.49063,32772.53625,32906.82801,25472.19657,19341.58096,21323.67401,33627.63463,30864.96068,29395.28302,20380.75277
Q9WUK2_S230___1,513561.2152,565896.9069,536084.096,449980.5681,473578.4424,402454.8048,601819.7581,510684.2941,337451.6463,533878.2855,333623.7838,362521.6997,516585.4067,393106.7507,394354.0674,255267.4849
Q9WUL7_S5___1,48724.44955,31017.12893,57152.45787,43095.17705,38490.57788,62532.15192,31277.53216,49836.64964,44500.22118,57047.26498,52281.35772,56819.63316,40038.16181,46277.59939,33088.07199,39539.77777
Q9WUR2_S91___1,173044.1364,146273.3777,176552.2293,202955.1365,144015.7002,208826.8474,207671.4342,188025.1539,134013.0867,233987.7623,186814.5989,175982.6432,229283.2894,199770.6767,175188.9756,189493.9375
Q9WV55_S164___1,579255.3355,505036.7222,755085.0096,658877.3082,366641.865,380713.7302,564840.2175,643826.3323,468532.3429,334504.4691,739120.1629,735100.8934,403648.7261,450357.5864,712129.7508,686163.7622
Q9WV55_S166___1,305938.2152,234395.7524,419352.718,342985.3305,243823.412,303970.3083,308868.7302,455125.0097,320389.0525,258883.3607,592533.1862,461110.8808,233945.9692,245081.5537,449099.2837,412058.3197
Q9WV68_S233___1,142596.975,148729.1861,119020.0976,166313.3246,143484.513,169230.8762,150494.9729,153731.6671,138379.568,181565.7467,142092.5495,130829.9866,187546.5818,160544.9175,158105.7578,205193.4396
Q9WV68_S287___1,507435.023,480798.0252,300340.6742,388125.8731,655001.6302,631985.2828,407067.1582,331812.7732,451731.0145,825408.3806,286713.8413,323104.9863,600876.1453,655270.9867,325638.3389,381890.255
Q9WV92_S96___1,197271.2793,392401.6603,274186.5664,188065.0362,392436.4803,352041.8073,241120.7082,218189.2131,351150.1181,416390.0879,216963.6527,191516.9845,384772.2777,455963.4023,188680.7727,142069.5016
Q9WVA4_S163___1,404193.6542,435037.9992,471216.9142,545090.0643,640396.0417,767960.2378,459863.1294,463525.9288,617736.4129,864620.3881,440029.567,539685.2958,643454.526,631050.0688,593391.8892,685348.1572
Q9WVL0_S181___1,277473.2147,273907.6754,334094.3839,310354.2183,331790.5689,388521.747,327679.5075,329451.8437,337280.7568,459566.5584,331935.8013,387992.6665,389299.9114,379638.4556,343342.5707,311490.4115
Q9WVL0_S137___1,224690.0696,186999.8427,254713.3874,207867.7021,219374.5568,251181.9856,252930.7771,247100.301,236795.5328,209213.7173,238094.2964,252342.5626,243038.6578,250954.4891,256652.047,249667.9202
Q9WVL3_S33___1,12683.99035,12756.67121,9175.707646,10145.03881,12144.47619,7874.404741,9801.45975,12700.10984,10713.21282,5608.422957,10059.01633,7521.898578,10635.59066,6739.563435,11423.52714,7377.091237
Q9WVL3_S62___1,180291.9757,228274.0253,217125.0245,237042.7193,223849.2145,200190.4729,244081.1968,220836.7456,170975.26,198519.5337,173911.4239,137337.8642,227906.5969,181955.9226,144501.8522,117264.2799
Q9WVL3_S108___1,113072.1989,114284.6627,105886.8558,101941.2664,118641.7391,112373.4231,111339.1688,109775.0245,120352.3806,100579.0378,126211.9398,102305.9287,127619.421,96053.39428,112597.0881,76564.4735
Q9WVQ5_S60___1,60500.83402,62457.17591,87736.53874,97189.92075,56774.02218,68162.05433,88372.64799,81779.16642,62839.60317,55241.98655,76384.33229,82781.14139,74878.92414,64519.19389,104692.2055,96934.52973
Q9WVR4_S567___1,29922.62071,26710.42975,35027.38307,38211.28648,37205.99985,38147.57238,34291.26596,52627.13687,44703.8495,43143.07988,32109.83839,39586.52838,38854.43479,42151.48577,37510.70621,42222.2089
Q9WVR4_S602___1,844720.7156,789267.4276,927183.0197,936213.0198,930710.2655,882397.0118,1041245.911,926851.3196,950290.917,745094.7907,784275.4108,696237.4041,865571.6084,806919.7807,633127.0164,583479.6246
Q9WVR4_S455___1,56309.37402,51990.73472,59976.43313,60165.56144,48756.06612,40902.1012,56479.08139,77461.80114,59894.19485,36061.92695,76007.62351,58175.47963,47535.50818,57730.44634,55056.3139,66431.40852
Q9WVT6_S325___1,274516.1659,152821.4919,207047.5624,128875.8841,194911.3119,368160.4946,165170.6572,248217.1196,205716.198,157570.4829,186527.6901,235867.4493,196994.4494,215998.8362,167773.3008,265683.2215
Q9Z0F8_S794___1,100302.8857,181625.5272,133693.726,189634.4435,152038.4711,119194.6505,172154.6711,93481.86888,86593.54232,134700.7075,189319.2096,125566.4589,149427.1385,97655.72787,119334.1779,45562.59767
Q9Z0N1_S16___1,119403.7546,132517.6731,120139.8375,140866.9246,172179.2744,170144.5174,137131.4086,106175.1598,118710.9449,232941.6518,112119.9256,125952.6861,176719.7517,150231.6802,99053.44017,91241.51034
Q9Z0R4_S334___1,96311.15494,116326.2322,100306.0825,104168.3685,102758.2375,105099.2017,115943.6144,118626.4255,103648.5439,145066.0762,99272.18672,105103.404,119475.8596,114960.1174,102522.6032,123050.8545
Q9Z0R4_S335___1,206004.9454,251262.823,238865.7171,268633.8301,205042.0465,245218.2979,271628.4357,234528.0697,238893.2769,312149.3906,253111.0398,288627.4789,266765.8085,259827.3933,224120.1548,268770.4684
Q9Z0R4_S315___1,168710.9727,221301.0169,210852.1916,224252.4054,165441.2249,190008.6383,231561.3416,212769.4111,178066.5269,179463.8969,219541.2618,221334.6501,175752.7618,169520.4603,220082.8582,241522.2981
Q9Z0R6_S211___1,101284.6406,118731.2659,68406.37631,77987.38072,162300.4521,132789.2341,116317.2816,84102.56645,90493.7348,150578.1534,91154.86104,92960.69551,146783.9629,114937.5257,73453.3517,63408.78568
Q9Z0R6_S843___1,217461.8958,231858.3223,226416.61,233361.7271,236643.6105,216802.3877,303722.9116,256350.8872,155633.5045,220685.3089,225762.6906,228706.1463,195385.7918,191912.6695,205310.3365,191184.1585
Q9Z0U1_S968___1,1219582.252,1295365.712,1246215.59,1040334.762,1099542.925,1052117.039,1055284.696,1034079.491,1234525.944,1219773.083,1288791.528,1139784.282,1313997.814,1165562.399,1340269.233,1115568.323
Q9Z0U1_S127___1,172864.8499,257273.7451,186815.0162,187465.4218,252881.079,225684.494,238590.4708,173851.2157,155548.7177,219220.9943,188113.6567,127713.8918,235363.6122,165339.5791,107611.1671,96845.37946
Q9Z0U1_S1136___1,264959.1736,312557.202,272944.4235,233888.7285,297357.7077,265378.1455,269452.7185,229268.3308,310951.5618,290725.0734,277099.4129,186131.5456,385908.6602,282550.2282,269846.869,165982.7334
Q9Z0U1_S107___1,994869.5875,1444392.186,1221085.844,1023753.278,1301688.152,1207521.025,1474130.606,1041392.487,1261254.428,1392821.867,1232443.489,934649.7031,1443057.556,1045042.603,1054616.582,722903.0564
Q9Z0U1_S441___1,334952.7375,683674.523,438840.9616,446891.3928,482601.4758,376614.3806,563595.3355,305418.0339,359918.6027,481120.0801,342325.8647,247405.1316,517348.0885,377042.6026,243310.3924,188529.6003
Q9Z0U1_S1044___1,782482.3728,974764.7246,849471.7095,914373.0025,1170365.22,1115829.354,975670.1543,825069.0791,1024080.195,1496935.824,765365.1526,807524.1443,1398833.738,1213905.011,719846.7989,706531.6192
Q9Z0U1_S378___1,113639.7498,128905.0364,60429.44417,65389.94332,106288.4676,103226.2082,62828.07367,51895.99533,125655.3631,292884.8762,58359.65981,67365.4399,144190.2677,177295.4708,65472.03103,87189.55047
Q9Z0U1_S213___1,55740.36887,77192.55328,50202.29166,62180.54653,57983.73155,62046.25421,64967.2695,57265.76874,59463.20942,73956.05796,55659.88143,38849.32001,77996.69006,66020.07684,43803.45973,37738.17374
Q9Z0U1_S684___1,234586.9852,331764.002,343984.8981,234518.8966,301746.8321,217680.2619,296438.1971,207791.8834,205635.9775,292744.4644,267485.8076,193513.7913,281539.4259,205770.6238,198946.8529,175912.1081
Q9Z0X4_S310___1,157202.3348,131665.0739,129540.4243,175183.5893,96490.20349,114466.2049,143925.8982,145827.6345,142832.3075,86866.32308,164490.6488,170301.1949,151692.7794,120243.8144,225402.4348,172752.4145
Q9Z103_S959___1,142860.4211,155666.1244,145260.1042,111857.6635,141883.0899,159567.6945,154566.7679,141448.7074,127770.369,187548.8013,157154.3631,160038.7815,213052.0563,198960.4966,123061.6107,231801.425
Q9Z160_S959___1,99730.26968,98882.31886,142726.163,146372.5649,129814.0019,130683.7151,162217.6152,148891.2058,111805.097,120548.3975,134706.4359,121176.4392,99764.81773,93000.07821,121045.2255,114154.1246
Q9Z1D1_S42___1,2643705.89,3411924.955,2387028.038,2426725.855,3481728.587,3487760.013,2622191.584,2122936.058,2949065.07,6010745.881,1788657.808,2084074.083,3962112.206,4014056.219,1735055.186,2430974.16
Q9Z1E4_S711___1,80059.85122,91998.8081,85668.17887,93525.9043,113342.0877,88448.11284,345766.797,127475.278,87747.40969,98253.46842,79506.7199,96080.61864,133291.3548,135586.005,94239.9619,112553.566
Q9Z1F9_S207___1,159317.5406,151528.0787,132625.0206,147300.1817,143420.7406,177991.7451,113237.2724,107299.5711,153704.2265,225830.7543,125842.3618,150975.036,192003.6654,153284.3767,145028.542,145108.8139
Q9Z1R2_S995___1,298779.1007,249106.7912,301432.576,265589.9544,221756.7587,240508.8606,277535.8964,308959.2887,259673.7382,197633.1101,324052.7491,303978.1464,226126.1539,232624.2769,312152.0942,317492.0911
Q9Z1R2_S986___1,413140.1849,364902.9388,383123.1048,400868.4737,444462.2882,539781.182,383927.9962,324731.8815,623422.7009,456203.8408,433384.8913,427820.0474,519714.5623,457395.1469,377351.9947,386631.594
Q9Z1T1_S276___1,1208078.005,1306271.77,1877242.536,2316972.648,1677369.949,2009869.903,1909823.728,1660733.352,1543457.216,1156090.669,2301601.556,2080391.305,2038511.628,1747500.731,2316102.123,2039071.893
Q9Z1T6_S475___1,124273.3009,98100.77659,122387.6753,146528.629,247238.5074,187288.323,129813.4538,116372.7163,123815.8903,191776.9957,124388.6592,132628.5987,163716.8515,130523.5032,94066.02104,119207.1597
Q9Z1W9_S397___1,677955.9186,841351.5734,722843.1373,679816.3706,717752.7801,740454.8187,859889.1737,660152.5308,754690.7055,953832.5666,629458.6194,694494.7498,1065135.752,811630.2232,668983.2035,998872.8114
Q9Z1Z0_S940___1,1859659.317,1745007.644,1757471.459,1688492.896,2226702.386,2164643.163,1636724.989,1400344.887,2253452.311,2365305.342,1555459.55,1576001.106,2520969.208,2580685.774,1573347.798,1758395.384
Q9Z204_S293___1,136124.8469,138153.3656,113058.1494,141267.2628,163608.854,188829.3502,157786.0555,113099.5487,179772.4128,180843.4511,135225.2365,133471.3267,211965.7529,173285.7509,112605.633,130805.5554
Q9Z204_S255___1,1469249.98,1575696.502,1448038.231,1366497.526,1627067.755,1832465.621,1331707.418,1132167.693,1876853.616,1932621.411,1545009.938,1452556.311,2130701.418,1509535.619,1221817.4,1436112.963
Q9Z204_S228___1,188538.1462,178616.6905,137396.6153,144561.5821,214274.1894,215700.2977,162977.2135,142052.43,214388.5116,240643.0326,106270.3721,135795.4296,246442.0768,268968.6615,169342.3543,153342.9967
Q9Z204_S219___1,728707.4497,622088.5164,750376.5673,638508.5693,656350.1432,643359.4009,741300.08,713286.9695,647410.0435,581174.4824,748723.4251,760532.8502,654148.1414,629268.8048,752462.4855,772550.881
Q9Z266_S133___1,99494.82009,90558.70446,106620.7166,111621.3675,88020.99691,89848.18792,105232.3794,113770.2134,88585.78009,93445.34753,114352.1033,109078.601,92496.69211,82006.26313,106479.9886,95798.99792
Q9Z277_S1464___1,5123.752705,6221.059978,4554.490218,5859.728683,7380.734158,7088.750889,6106.726097,6986.228591,6816.637652,7369.713613,5546.732265,5333.798119,6646.774896,7941.987978,6781.564805,4928.899498
Q9Z2A0_S244___1,318518.6997,360992.2652,263702.6978,300720.9427,357251.2136,367321.4982,328249.881,331319.9354,320817.2336,432640.9312,253269.7845,275123.979,399717.8742,387146.856,278369.7885,340301.8226
Q9Z2A0_S50___1,17230.50035,32938.74561,23282.81333,18162.14286,28831.86696,17790.3373,29270.91278,31919.4569,17565.99671,12351.19944,14246.19154,8799.884735,24875.1986,16416.18961,13007.61179,4759.025617
Q9Z2A5_S174___1,134484.3052,111086.4242,156133.9878,141756.8307,137755.2181,102603.1414,161988.112,97406.72313,109236.7075,82363.81186,201965.395,231497.522,139651.978,120546.5904,149690.6466,169878.1551
Q9Z2A5_S166___1,401043.8686,400269.9171,472567.1477,394814.6327,402503.8587,259960.417,448677.5923,387567.1563,363493.881,249191.9717,388474.0085,461135.2656,329146.4951,338185.0025,432131.0668,467573.091
Q9Z2A7_S40___1,136156.2206,134107.0116,203260.9137,206322.0508,139686.4302,134970.9638,250834.4277,269080.5888,123971.1672,124741.4128,214581.2149,168905.6992,125221.3275,115821.6329,276289.3356,279478.1534
Q9Z2D6_S97___1,155150.6461,181909.1744,102754.0035,115246.8004,111570.9534,70905.43309,113555.7759,77309.6722,125665.9327,135942.7421,101700.6609,112567.1663,139076.0867,120469.4614,98825.10338,118711.4073
Q9Z2E1_S410___1,423644.7436,566653.8834,347278.2198,365243.9,576960.3325,574583.7395,387731.4176,376498.7091,466504.8343,407941.8095,329683.3784,462018.5036,955667.7414,562753.515,363069.2129,370097.5873
Q9Z2I8_S162___1,58322.36914,66401.13702,59563.99827,63310.15876,71544.41549,84854.39721,60369.27803,51286.9918,60257.70672,99361.15591,60300.62444,54659.97002,90517.74935,68507.65962,45371.64003,58132.84753
Q9Z2Q2_S57___1,199166.1027,243191.6724,269243.8973,254799.3375,291364.0655,460552.7452,291721.7122,289743.9063,322866.3379,587325.3993,257517.93,332706.4608,430387.0469,336396.4796,195249.9348,263327.9265
Q9Z2V4_S19___1,181074.1229,184351.5623,190807.0719,177330.8382,181669.8246,187959.3033,191771.1252,201316.5073,141657.9248,140706.3582,139176.9142,145895.4805,155246.6068,115500.1108,139711.9378,157266.4868
Q9Z2V4_S286___1,151739.0246,111204.5221,114982.9789,111730.9306,120047.5886,137289.5482,91500.36772,230347.4756,71909.64528,78892.31985,57714.75995,70720.68159,127847.3529,89337.09428,79186.05078,103226.2215
Q9Z2V5_S21___1,16641.34333,19244.91543,34911.10624,20774.83964,16391.19556,18400.40172,31627.03612,22340.85101,19775.45498,14355.26958,23934.22725,21625.63689,17763.82428,16850.76517,22469.1728,28233.18513
Q9Z315_S604___1,278624.2195,317849.405,321288.4163,399413.3041,337590.2849,390247.565,364947.3634,313863.0553,327964.5189,406990.1202,299705.3147,356741.9935,378807.8203,360892.4105,284801.702,311959.1319
Q9Z329_S1709___1,553367.5272,432244.4427,460412.0149,526381.2018,373392.8492,461076.1211,471389.4576,428490.1281,627094.2056,486338.9382,502842.6138,406490.1378,539770.1246,488214.4426,580520.0782,638372.9994
A2AN08_T2721___1,170912.8391,156677.0785,167459.1206,171312.2514,180873.6093,184731.6719,165673.3653,163390.1985,198611.6634,128777.7383,160221.5921,164925.9547,165929.5023,179370.9188,168573.1883,169795.5715
A2APT9_T771___1,67787.3995,63845.98035,57669.45214,61851.35306,61195.47255,63646.19079,61231.47384,48353.95104,38819.06821,90355.4168,52152.77029,40761.73222,71991.56152,77477.48919,49734.64829,47920.31945
A2RSQ0_T820___1,22569.65994,18339.55832,24839.79514,22864.64742,23330.09614,23381.88651,20533.49839,21421.6753,19917.88934,23382.2258,27785.45551,23334.08128,34541.58807,22816.13049,22178.6,15026.67923
B9EJ86_T54___1,76656.10243,44131.70431,63699.06922,65111.46472,82945.87046,91815.43086,114648.8246,76075.0206,39034.78768,76343.15448,47798.98942,49612.73747,53891.53456,55214.87161,53357.29237,40046.40399
E9Q394_T2409___1,37071.65123,36533.00752,36396.9064,41507.98771,35585.01542,43716.67113,51393.22291,38809.08369,35856.5929,37416.8603,36441.7114,38557.39433,40087.93163,42099.68669,37362.54262,42404.46505
E9Q3C1_T430___1,71662.32281,51236.04007,61446.76696,65570.52714,64569.58311,59176.41599,79305.64052,71333.62887,49354.74968,42013.21772,70632.11216,56531.73155,74314.0542,51973.86418,55935.31591,57178.49462
E9Q3L2_T1437___1,103109.5921,95351.83744,73231.87485,89300.61954,101289.2562,116329.1347,101198.2965,84645.77463,77401.92554,110770.942,60785.1696,70623.92064,113875.7977,90456.05171,61595.64149,62898.41652
E9Q4Z2_T1341___1,265833.4372,337449.702,291285.2109,331105.1595,358137.6563,256716.2481,454212.2602,388658.0288,302927.9553,292400.3835,258134.0649,246082.8805,353006.0466,299602.8414,369553.5952,236048.8035
E9Q7G0_T1997___1,32458.36528,32287.184,35929.51967,40341.09727,34781.09798,33867.68868,36014.74382,36729.04466,38598.19848,32665.30076,39901.98742,39541.11026,31900.19309,33603.71395,35634.24326,40791.71783
F6ZDS4_T2184___1,180083.3602,213639.4813,156178.8745,184279.167,205785.7259,251753.1477,197581.0446,169075.9552,184357.9696,218717.5376,178391.0488,147626.4775,210577.8604,189283.5513,123252.4043,131069.8644
F6ZDS4_T2205___1,78301.24767,95497.05916,71149.97984,71280.46486,84354.31704,77223.64355,75376.78631,68270.82933,79450.84654,49598.64987,68609.71406,54815.91765,60049.27471,76744.81461,67959.05938,52833.9058
F8VPU2_T24___1,461991.3965,364485.0743,393204.0023,532471.1416,372439.2234,338321.4616,526411.1259,569347.6706,498462.7367,351855.9856,629667.5134,469286.0951,373195.442,349042.0476,598769.7014,523397.5812
F8VPU2_T527___1,170036.0747,188555.782,127054.9628,163055.633,193627.7401,195605.7599,168598.1517,145968.6931,163822.8448,215783.4958,147144.3495,133656.957,160554.9071,142841.2443,105678.0292,114388.7548
G5E829_T1165___1,1434059.9,1312246.308,1349452.339,1427913.214,1755547.466,1827780.033,1379597.664,1292911.556,1821710.569,2494805.646,1262860.797,1257106.275,2033814.821,2042419.392,1376043.869,1439132.246
G5E870_T1410___1,108741.333,86917.34375,88275.61468,94026.39322,99062.32379,85347.42163,108544.4346,93344.09597,108148.2651,79998.95649,93640.69594,98044.26988,96015.30651,93081.7992,100550.6806,103923.0185
O08705_T330___1,33021.69938,29504.41171,40598.65143,29832.15826,51610.98899,46215.84776,26445.18535,36020.6231,31230.11433,46336.74928,27194.28975,31732.77054,32792.58922,28680.16679,19229.71558,20816.40979
O08709_T44___1,165075.277,149640.2409,156554.4558,201226.5252,187394.3724,165134.3487,189351.2548,166918.4865,166796.9111,152378.116,167665.649,175496.0673,167011.134,182710.0892,171508.158,222436.0789
O35381_T15___1,592814.5201,630907.4233,684613.1317,492046.8917,653656.8419,692803.2586,589644.8667,708017.0717,747668.921,965152.9061,539359.7329,678147.4894,629348.5521,752821.6644,814067.6512,735103.4797
O35711_T523___1,74705.07007,87460.03708,91731.31925,89696.41923,94080.79469,102129.7305,105119.2628,106870.6688,89005.46244,76279.86767,97954.07573,87742.30084,99445.27192,78514.34536,82063.2855,61447.38668
O55022_T74___1,167072.0362,118423.1179,146202.3432,234922.5999,141301.4366,151122.5782,140329.2844,183898.9844,230506.1887,171162.2794,314366.937,263310.9206,179818.592,125838.8334,237863.4717,267695.16
O55131_T425___1,49836.16777,86617.23795,65010.66872,64206.97521,44141.00761,47424.3356,79864.56977,53497.70532,56969.81898,46798.71399,53949.57159,48682.19656,76830.91503,59773.58532,64811.50045,51367.2081
O70475_T474___1,13593234.54,10403146.46,15812023.59,18345479.35,13207010.78,14380867.71,17525175.51,16373236.44,8587989.626,5307915.348,13547799.25,12384965.08,7727286.485,8335097.106,9885438.853,10420749.47
O70551_T448___1,111207.3251,135495.6002,124729.4633,133487.297,134172.4744,149206.9182,124619.9926,137344.9464,106957.1259,146351.0294,115991.1687,123976.1545,138544.9543,120080.7801,162021.2925,116240.1817
O88908_T34___1,42314.57738,50868.94531,30529.26758,41812.31726,49652.91984,39986.61098,42399.68712,29968.5638,50038.6559,40409.50024,34429.18788,26717.20086,41638.76842,69378.74301,32005.75348,42138.90547
O89053_T418___1,43746.62393,58515.90246,37265.1871,43435.26755,54283.00641,57223.06973,47194.04926,42154.62729,62400.4728,63949.16512,39959.64914,32349.44363,61682.63747,52517.75672,30486.38598,44702.41382
P01942_T135___1,295198.0341,466683.3197,245298.8508,265244.9496,345556.3381,374405.5916,286507.5509,269369.9918,319657.1477,507741.1875,308923.6842,283031.2273,364165.633,401276.4636,264410.548,310436.8392
P01942_T138___1,149201.9365,270111.8567,151244.7612,174002.8977,235321.3513,201613.3027,171401.0663,236845.8793,277147.6276,300185.0083,197526.9131,189194.7854,218198.8753,245977.934,164435.4762,203219.9863
P84244_T81___1,232419.0821,158500.5407,195689.8123,213718.1494,162307.9688,154842.1398,179914.0917,244920.3157,197328.1203,124428.4803,251259.2766,246054.5216,167083.087,146530.4937,180810.3923,244794.8724
P04627_T181___1,48412.10389,74172.02328,45153.48775,50696.60866,74978.69138,65441.08362,69932.75282,49624.23768,63512.43856,75003.56943,39695.46665,35131.88608,79218.73087,61241.81109,42557.5972,31737.61293
P05132_T198___1,1056666.767,907350.8333,766682.6035,755316.5084,963627.4296,1731230.603,765050.7971,809454.9753,1116552.218,1581471.522,750018.0297,865282.2319,1475455.424,994102.96,677118.2249,823375.4335
P05213_T225___1,56521.9808,60115.32311,53136.87688,56039.76786,65923.23486,60431.72856,59976.44616,62558.80611,54508.76525,57924.0064,58099.68984,62591.12583,58309.89435,71828.6453,52312.69734,60977.68089
P06537_T159___1,82105.98514,97315.13019,97485.39704,121478.5074,74787.98723,95772.05648,104429.2805,121750.151,81039.68809,86193.46295,111224.8783,101894.0266,87430.28404,87375.25438,113610.7267,92941.1114
P07310_T322___1,5262424.474,6350243.018,4483838.714,2820992.494,3032162.188,5129617.954,117213.7807,809108.3173,5396850.481,1535830.251,3230647.601,849322.1683,372155.4405,2363829.936,4801140.114,1390487.837
P10126_T239___1,35831.9167,25812.88314,64316.55588,52705.96799,57535.71132,51306.65035,64965.31815,42518.19039,45542.6275,87727.80787,40606.29792,49297.72124,68261.95508,58761.25829,48761.3305,45293.61167
P10649_T34___1,728630.2435,666355.69,609284.6012,758717.4317,736034.4542,731128.3673,769234.7532,699251.7994,750273.8087,835880.8112,663145.7384,634317.2292,877427.0593,817052.4431,649775.125,766604.6947
P10649_T206___1,37268.03915,34215.40503,30996.74992,40297.28199,46726.82404,49515.97137,46561.14074,41883.75202,37853.39631,40864.88026,41450.96754,39417.02583,41197.75476,43279.45325,40734.26391,46588.99568
P11352_T143___1,131727.6945,145527.6786,143583.2489,121768.0643,148392.8653,153318.5663,137685.9652,123853.0065,146649.9573,199028.3544,102240.1376,109627.7276,181063.6061,143054.8525,122245.9579,125154.9313
P11862_T282___1,123539.3143,177749.6467,136711.3407,147312.4794,211852.2123,237054.2713,222940.536,109690.9906,158162.4557,249470.2428,113613.9334,104672.0461,211248.0487,226442.0922,125183.2012,106548.8243
P14733_T21___1,9252.168617,8326.365413,7679.56118,7538.725898,10713.84628,12709.13203,9579.637337,9920.957343,9728.173598,13527.93023,9016.26453,9321.714128,11895.2054,11698.79995,7371.624589,11693.0522
P15508_T2072___1,110730.3529,151386.7366,114495.7291,121772.1465,103131.6796,85339.01132,119902.3194,171153.2704,113224.0281,76093.60833,135077.5661,129385.9101,86550.63265,90764.40211,145591.2697,160802.7118
P15508_T2104___1,857950.8541,978634.0306,803977.4242,838874.0384,826040.2066,783720.9424,887323.1553,900867.5273,965114.1512,706837.0738,957808.2765,881220.3754,831973.7967,742010.572,934826.5934,982178.2997
P15532_T94___1,368402.4786,357670.6164,387986.8292,329951.7503,368092.5779,410067.2403,411506.5739,329485.4782,398879.1944,317767.2765,349549.9741,404058.1913,434208.8503,359777.8723,361369.6662,350832.5354
P16858_T209___1,78110.09175,51576.43048,89796.66906,107853.8,53983.72374,57271.17747,98394.13475,100699.4753,53675.9418,50364.69312,91091.91945,85854.23316,55831.86589,57734.18315,90832.70982,95192.09114
P16858_T81___1,260750.4579,230940.6435,280152.8441,327712.0241,298831.3645,286961.7818,317736.2699,278433.9788,266357.8326,355697.5931,237267.647,256382.7465,321472.8933,307162.9569,260120.8178,276178.7533
P16858_T175___1,4905130.123,4218849.267,6054387.091,5279975.988,5670644.431,5901859.303,5806481.774,5968840.39,4046790.124,6314468.97,3338605.816,5706173.866,6248118.841,5219114.936,5371043.794,4943893.552
P16858_T180___1,20305861.09,15693095.36,24925491.46,29512952.34,20854986.1,27106526.21,24091273.94,23663460.72,16617874.13,27682102.27,17182957.98,19537441.64,26496906.07,21621411.64,19455606.75,20943179
P16858_T182___1,1315495.272,974016.0598,1362762.639,1525525.679,1341785.762,1437145.189,1379356.611,1412028.962,1088703.321,1678548.309,1111254.764,1321735.818,1496541.411,1397810.535,1229156.941,1334343.094
P24549_T337___1,111540.5477,102541.4573,128666.8415,163038.6679,151523.7686,171045.9835,191437.4942,143299.2329,86122.1581,115551.0709,104891.8931,98695.43682,112208.533,119727.1852,86798.83867,101209.978
P25688_T180___1,138987.9644,111826.8849,116334.4641,122340.7893,140780.8035,144405.7155,157428.3742,126704.0068,131932.1309,146376.0799,141406.5571,139825.785,153403.1608,134570.0798,115183.7739,123031.5395
P26231_T658___1,50733.45952,32594.15733,32658.77058,37583.94979,40380.06055,47633.50885,36157.74558,38926.93986,35057.6134,22567.23613,37196.46461,36403.12064,31371.54386,33885.92368,33517.78567,34259.75805
P26645_T143___1,29434.05443,46658.29949,34374.99455,39523.49753,42916.28894,40646.69709,57914.17637,58300.92163,29235.10104,48875.91512,49150.57236,55051.33692,47613.7227,47230.1234,31524.29604,58317.60508
P28656_T62___1,104912.8912,112414.4027,101792.0706,122701.9013,120452.0738,133353.7422,124956.7106,90655.68018,121928.115,137929.4204,101146.8673,95837.66294,113755.5122,109850.1758,98181.12988,94515.09485
P28667_T170___1,16919.24168,10903.18477,15488.91585,15906.54822,22524.86809,16886.17065,17236.55849,15337.84189,13842.39643,15481.16685,15012.10624,19089.36047,13101.42986,14715.42099,20424.85574,21534.5292
P28667_T85___1,56065.10676,46857.01961,54033.00445,48937.35316,74602.11117,62395.83768,59565.79943,47753.37246,46542.25988,102551.1153,39307.14454,48061.7682,59804.13176,59683.95536,59720.70485,46364.85653
P28867_T505___1,225130.1196,283061.0674,282798.8991,292562.8682,288263.8436,321000.5527,288391.3278,305886.001,321791.1685,468104.7856,242008.3395,289682.9833,420580.1632,368935.0953,256120.5305,297848.2353
P30999_T916___1,36626.67432,59671.38961,60310.50183,38463.48172,56524.99575,39603.45054,76414.4167,71888.99274,33187.76891,41501.37012,68073.26597,29363.0849,51413.53627,38863.70049,52502.76017,26822.10509
P30999_T59___1,71092.18217,87478.95126,92254.95349,80234.41853,90845.40082,90636.28293,87151.30434,87454.52397,71753.37919,81499.52941,70283.80932,55381.0559,81977.94656,87086.022,73402.33409,64656.54455
P31649_T587___1,590448.0679,560352.311,690405.8544,690900.739,1115979.278,733367.5449,802381.5629,692682.4321,712263.0018,1498876.813,488129.5137,527903.4919,961165.5908,698262.031,428934.3127,397009.4259
P31938_T286___1,81071.00554,63172.46714,83831.44053,81725.3604,99879.53102,96119.88676,98952.82189,87357.86779,88333.70987,110932.9376,77767.07076,90676.17691,94927.17543,84525.76324,68570.79534,79586.53194
P34927_T2___1,68157.63216,49092.01762,89849.45035,68030.32637,62768.73233,88181.04215,62125.53831,96659.91955,57910.25904,50233.64835,97414.6742,103677.3733,61760.18231,53807.75613,62640.89217,48343.05998
P35492_T650___1,617556.6501,427597.3973,444646.7537,452956.9527,330136.0422,552477.3757,392178.0979,367142.7673,692895.7379,492453.7513,651927.99,507057.408,778039.1627,587011.2251,831088.9247,837351.406
P35492_T637___1,6944113.038,7640616.112,5942091.477,6496672.985,8594578.531,8137566.734,6183009.128,6064894.725,6813356.332,12115521.2,5701503.842,5814604.053,8599059.201,9205983.724,5464222.879,5758422.132
P35505_T313___1,22788.11314,20586.74982,20150.6776,25448.93211,18520.78582,19944.83858,24513.9856,21461.08675,18555.56064,19175.3855,15602.09743,20280.11818,23793.62795,27044.12585,19082.1935,24296.11935
P42227_T714___1,116355.6948,86589.66112,95221.51315,99575.26881,134237.811,128466.947,110946.3839,105686.7208,101843.4889,136248.6747,85799.03645,96134.45994,130818.8633,104255.7553,98080.70673,82043.1136
P46935_T287___1,581850.1943,637660.667,715149.9625,649072.9619,622101.913,627357.593,712073.4397,649745.5449,796033.6787,531955.9582,871597.5049,874566.5837,634644.1874,734089.2047,851681.0526,859923.209
P46938_T48___1,1000858.154,1315325.475,1014344.677,1215189.977,1402721.543,1179467.204,1084229.931,1074585.677,1245591.212,1796115.365,914810.2456,1160474.505,1412721.556,1363667.648,1055025.479,1458796.901
P46938_T95___1,9527.848507,18352.22068,11248.01538,9493.457479,15280.37819,11695.50802,9511.968236,11963.36591,12302.41761,14292.26165,9184.11289,9678.154373,12764.75559,12385.15173,11650.31207,14153.31384
P47811_T180___1,56761.63358,68245.07685,68138.86513,70974.23794,61345.43169,68953.91584,78744.19357,83578.33706,60142.51634,58948.5246,60974.1251,79335.97237,69260.7867,67923.84905,76894.65559,81762.22798
P47856_T260___1,2978922.01,3627313.844,4009975.839,4437076.701,5519507.178,5263147.741,3907131.967,3962181.375,3581037.143,4442476.808,5259524.929,3555598.776,6372838.078,4812022.012,5056441.613,4203976.764
P48962_T84___1,842319.767,1186070.517,1298414.424,1519569.701,612899.6898,917591.1423,120498.572,360125.3734,727673.1659,817658.1437,827891.0426,799311.5316,330130.3647,1024414.229,981358.3744,1061404.185
P49586_T342___1,43866.36672,54060.90399,44513.11771,38494.3425,44880.83605,37205.04602,35797.89231,36894.49957,48750.74436,59186.80486,37256.01396,38806.70857,61541.84995,35663.16133,43050.24016,33914.10807
P51125_T479___1,64147.91238,97374.23175,54676.72342,55140.85459,63067.93434,85828.69816,66524.85243,64107.35275,86272.15187,83740.79989,62851.63037,42208.60188,93470.50649,96757.17772,44711.40236,64323.8674
P54726_T132___1,25632.56719,26065.52159,40660.5273,48124.45144,25924.07124,32902.18845,35999.29882,33284.90792,20158.21369,23556.27381,52676.19555,44498.40184,30249.63954,30133.94667,33969.11738,31712.07344
P56395_T70___1,14749.63165,17293.11193,16498.70617,15890.03952,17399.65598,16725.21091,16253.82835,15318.16769,17018.28709,21851.33965,18250.27719,17492.08673,17532.94751,16234.44253,14106.68543,16916.52472
P57080_T61___1,64750.58058,69906.7956,69502.8677,61654.2383,67107.05174,66029.47024,72823.45735,65112.14823,54818.7779,90256.09304,58193.83121,67901.32837,73707.86822,68832.90856,59769.41726,66219.09195
P58252_T57___1,143247.5853,188576.5765,93140.43532,112279.8123,113351.4134,144800.8832,114009.3848,93228.07734,156961.192,178224.0235,102874.1008,95997.15988,158684.0948,207822.1754,100659.9823,105238.1228
P58735_T13___1,101513.7945,74003.44935,117739.2873,130280.9117,99670.73509,120070.3187,137470.8183,116829.0472,221146.9375,144821.6034,243131.4418,185358.4147,134160.4933,112032.922,129297.5294,123477.1878
P58771_T282___1,10416085.38,9590396.076,11636741.43,7448911.029,10899812.73,8971987.203,2938727.713,4303614.15,9106116.333,8709241.585,8623542.858,4732790.583,4250662.393,7588188.743,9430158.011,9026570.585
P58871_T533___1,75652.92025,107432.7119,122236.1586,114049.3463,57513.85446,59104.06124,112796.264,124053.9478,69548.17222,50605.96879,144415.237,133540.8678,55927.12086,73023.51698,124102.2162,124901.9138
P62137_T320___1,337920.7034,303654.5467,335924.452,349015.2146,357160.7521,396545.2012,373859.128,332925.8354,285631.6783,387129.906,339969.9852,341158.6644,336895.4475,309218.2003,324521.1817,304638.5169
P62141_T316___1,81999.73095,85083.81889,84857.21987,103950.7545,88475.21713,87526.10385,95335.68927,84409.26979,85787.30428,72018.84297,90500.29743,75704.53826,78505.77701,72061.07567,74401.61565,84894.66618
P62774_T31___1,50788.47932,66568.45086,65362.54299,60098.72437,67821.36726,64199.5016,73739.84645,53210.93412,60021.23003,134648.9076,40962.86373,49711.78515,89746.64563,102138.3252,64124.91341,76314.71595
P62897_T29___1,96706.70006,98631.12005,98536.42437,114855.0089,89087.22831,98359.64479,137006.2548,95953.92396,101826.9647,92669.4486,116147.8714,114216.0459,99321.89361,91240.37903,118958.5843,98483.98244
P62908_T221___1,1085953.404,901443.8057,1288460.907,1238294.219,1137190.429,1124395.445,1283906.741,760392.976,1105779.086,897097.358,1219486.679,1200011.567,1070983.648,1028493.496,1252580.193,1362537.437
P62996_T201___1,2171653.719,1811952.276,1787337.919,2094737.418,1818203.453,1738801.365,1973035.687,1980203.512,1941337.904,1750988.642,2304368.828,2317699.536,1542299.933,1596295.975,2137077.93,2415756.967
P70268_T778___1,99452.37333,181044.9859,79789.0946,105967.9295,149819.1778,145618.4296,110369.6649,97081.4016,151069.1259,190925.4475,82032.88985,70009.16351,194204.0392,145917.547,78246.19119,62296.45042
P70290_T407___1,133463.2076,105883.7475,153994.8183,182011.4005,133792.5281,161399.1069,196226.5009,146665.0949,105982.7504,205237.7373,98575.69726,100634.3377,162151.9315,162796.7047,120462.8438,132907.6698
P70295_T367___1,57660.90073,64079.18987,57279.22484,69165.43027,75949.13286,82104.95318,80091.97589,68428.98092,63521.31307,65532.37104,53874.88373,46153.44501,65537.38183,57760.82078,54486.8468,36994.95911
P70441_T288___1,39483.20367,27437.76486,32815.15646,30375.56567,44259.84097,52418.13297,39663.33146,55673.63131,33058.01215,61123.61241,31668.11667,36598.2634,40544.82464,37617.19063,27095.47693,29226.36889
P70445_T70___1,540578.1892,479091.8097,305541.1328,391403.7866,642883.8952,1064703.683,670752.681,417919.2214,654585.9445,1144783.802,914222.4718,1213482.322,923852.6494,799546.7269,720010.3962,1242852.023
P70445_T46___1,65211.88267,74155.86134,69798.66882,89447.78897,75273.85495,91382.87334,104238.7262,74614.48641,59167.09746,109335.209,74171.85153,92384.45407,89269.73253,70820.08614,83213.14119,117838.3513
P84091_T156___1,354622.4804,304365.5318,375824.5182,468916.2443,367484.0171,378971.7615,365505.8771,348231.045,338676.3156,326169.3397,334545.6618,363558.5512,359946.8497,358089.1523,302451.4594,293630.2262
P97868_T985___1,673807.2873,667279.6448,618189.7383,745811.56,694063.4437,602859.1715,553047.678,551034.023,899627.1282,741299.9908,546464.081,637959.3641,580263.8155,672574.8856,616907.8819,656292.0405
P98203_T643___1,342740.592,337796.4121,534833.3116,489606.5889,436202.9169,444796.0731,513825.6096,529978.8141,395418.5803,401411.273,374119.7205,406341.8173,422833.0451,486926.0761,502326.4918,412126.0925
Q00PI9_T163___1,8623.780517,8405.175065,8359.157825,8570.747475,12070.96195,10936.45062,9258.300575,9374.58532,10578.25982,16238.6141,7075.63226,8187.627309,13704.17665,12222.66262,6858.347433,8177.378833
Q01279_T695___1,54017.36546,55033.5111,69404.34943,74875.21596,68690.99032,69681.15416,70186.29312,89163.60399,57626.95289,47204.37329,57054.02412,70939.92343,49400.13616,50781.03168,58342.51606,56043.07422
Q02248_T551___1,39093.00196,43010.64984,47628.04376,47798.90706,42378.93105,46811.38344,52754.27115,45297.09476,48682.33083,29049.47387,44759.17552,45543.46544,39594.97603,35778.39228,43192.26522,41660.74825
Q02357_T957___1,161356.5908,237490.6459,219369.3049,240063.4654,225342.9019,204262.5329,191956.9191,293548.8534,225499.9368,201858.0974,257292.9728,252363.7041,192209.2859,194968.2451,198410.4303,225141.0235
Q02357_T1374___1,169739.9758,248622.226,154952.6189,224023.1926,140289.019,182895.249,158967.699,260958.7535,186120.9692,149702.8745,185542.9429,237407.3333,159218.9376,176354.7089,209019.1692,236900.3617
Q02819_T147___1,52430.35261,53682.59597,53322.35931,45075.97097,48872.86586,51475.76647,52911.82739,57316.85501,58024.0699,54391.71718,62008.62153,63135.69825,43392.65634,49713.80378,53197.00885,44018.34278
Q03141_T211___1,246571.0306,243882.8816,365830.4213,425866.7613,314953.2632,349913.776,385834.0477,320190.2294,289766.2442,530850.4781,269453.7967,290315.5833,387129.1061,382845.9688,303417.1895,270086.8932
Q0VBL3_T567___1,198041.002,200054.1769,218482.1646,205559.1945,170032.5252,200816.2161,217512.9472,204882.5875,196196.1708,163860.3586,285782.5961,225146.9346,213608.3142,208540.4212,217028.9507,249432.1183
Q14AX6_T889___1,69163.94118,84789.30043,76845.88229,121338.0437,158707.6376,185544.1269,121258.4034,123421.3915,131458.4312,486833.2499,78198.33741,80689.98492,235635.3983,197161.4822,122010.7598,141886.543
Q3THE2_T19___1,515223.0457,577251.2624,424896.7383,531290.0563,604199.1615,612404.3785,560189.8814,533379.6348,558884.2685,646537.9084,434814.3072,496947.2788,617969.485,553722.3671,409955.0162,354490.3563
Q3THK3_T437___1,43122.74333,82801.45669,32846.14925,47541.90916,33855.81233,27543.43153,41743.17317,37184.55093,38344.73992,14368.39539,44833.40797,36964.01945,21042.72979,17575.83052,31366.76707,75436.32995
Q3TLH4_T2625___1,144692.9753,146727.7487,92259.43223,120281.4785,141746.135,148000.8195,127578.013,94197.7459,166502.6428,244157.1156,117350.6471,138417.5284,172112.6351,141505.1054,110357.2945,111268.8903
Q3TXS7_T273___1,92065.67959,85964.52106,91805.80148,113907.6817,89404.02626,112326.7113,103615.1461,90738.2381,108958.3552,97118.93447,99469.13638,101834.5442,120024.9962,100891.7927,98903.09114,89396.48137
Q3U0V1_T101___1,89774.65875,102248.1153,104985.933,95571.744,120442.5134,138244.0316,99199.83525,94385.54188,91306.824,139687.0581,90755.72422,86472.72385,105589.921,119355.307,81704.07363,81068.99119
Q3UHJ0_T604___1,44161.52904,59477.62582,58591.11728,53543.68571,65721.87885,66603.96369,76242.52015,54048.11132,47503.45112,69802.81716,59664.3413,64472.55351,54339.97729,64296.47034,64343.58019,61909.52295
Q3UI43_T10___1,10504.30033,8452.6245,21245.13247,14304.46364,12603.93896,7856.806301,18189.25657,13510.59188,11664.44348,7954.287059,20564.08536,22436.49932,8572.234876,9681.558008,12743.52744,3766.268031
Q3UMF0_T304___1,29871.91083,42483.52917,37470.88175,39136.857,39696.76763,27505.93516,53960.48834,41547.45984,34579.54569,22655.72411,31326.1844,27238.8333,37001.14347,35755.76176,28581.36772,23329.89996
Q3UPF5_T349___1,146129.5116,102607.0854,95325.14856,110001.7445,135125.8703,150248.3537,128661.0131,100231.9905,118643.7709,90541.83114,126936.1268,100155.8925,137464.5747,113341.5937,104742.5517,94082.14836
Q3UYV9_T21___1,281672.5811,264062.3133,293913.7203,307016.0534,408798.4576,417191.856,343339.1811,232018.5369,216106.1465,253313.0013,238811.0662,229058.9442,310542.8319,326583.3646,210031.4099,205570.633
Q52KI8_T913___1,184348.1657,118755.4753,186746.5342,165756.1641,128641.2185,129284.5958,162616.6635,134002.4748,137780.4276,115108.7241,191942.5582,205165.0856,140978.1491,161653.6232,169582.6641,256961.6493
Q569Z6_T870___1,311090.8706,277037.0696,291232.8249,316596.4149,428564.8155,484981.5974,336356.5027,281083.3742,338661.6215,638822.9182,303029.3629,345591.4264,427520.5399,329859.2748,246452.8773,271761.8599
Q570Y9_T241___1,291768.8688,323901.7856,285507.2302,248610.9788,469031.6804,385214.7152,322158.2007,236372.2186,293527.2178,350473.396,213673.02,179890.1807,384483.3445,320685.0403,211267.6039,150589.281
Q58A65_T217___1,170672.1607,174562.9182,95894.01594,156222.7413,193916.6255,176862.5829,148585.8479,109512.93,170484.6889,129246.7984,115561.7273,95728.93103,160995.8765,124487.6513,85249.59008,49518.5518
Q5BLK4_T865___1,136282.2208,247237.1777,132464.7059,143049.759,187803.4403,153414.4893,148021.6582,136307.1831,209573.6177,236337.8189,139587.3644,137747.8384,277507.1992,208129.2997,150827.0666,112962.8781
Q5EG47_T183___1,184321.4864,228168.6826,300759.8142,375187.9504,298964.6269,251314.8606,309833.9288,283508.4905,230376.118,294494.6,172518.4923,220596.5126,348568.2286,278354.9006,266941.2452,197907.8651
Q5F2F2_T142___1,139521.9058,126961.751,112352.6809,105091.1346,139241.4905,161249.278,144021.7902,97447.16904,123511.6913,256371.7632,133931.0991,137720.5501,201108.4594,218223.8771,107617.7331,78402.16702
Q5HZI1_T1144___1,1248040.352,1454310.132,1428633.95,1496260.6,1490291.82,1088667.625,1572280.844,1072533.152,1033164.635,1208498.988,1083848.598,792071.3104,1373046.069,1057102.115,869921.9834,509385.9556
Q5U3K5_T597___1,238243.5083,276270.7866,229127.3325,276139.3649,294379.1785,343730.9396,261692.5709,296248.9969,283515.0011,341534.4052,220965.448,280411.5933,335913.6972,312600.8725,231380.3954,307731.8671
Q5U3K5_T601___1,78828.87355,78154.52565,74525.52313,105533.9605,92179.79039,117102.8676,91957.2884,93350.80569,83887.61096,88558.34469,93399.40729,122693.0291,121195.4708,99353.47274,87570.56764,139519.6533
Q5XJE5_T189___1,28563.14804,59058.73259,29727.08267,45954.68597,35467.69534,62765.37702,31178.53158,33940.04398,56370.13038,45434.23927,30527.90518,29491.86823,69873.26222,49982.19793,24268.65006,40749.89498
Q60823_T451___1,102851.921,87595.15821,80678.21414,90156.84993,105020.5604,128152.3743,85465.09669,70692.16949,116361.7306,167931.3656,71701.84056,84188.27865,153805.8709,122435.4692,73253.85275,82322.65416
Q60876_T45___1,736250.4093,766994.8688,529327.8733,530329.9164,832527.0375,1013129.492,524718.7529,326371.3843,650922.1647,1040565.384,439390.4388,563612.002,923728.8864,732038.6791,463457.394,402899.4176
Q61029_T159___1,66490.84321,59144.45256,61733.07787,58128.16074,73658.57324,69982.50804,64315.74591,50269.75217,64569.84348,67112.67297,76304.09663,90732.51755,69061.81188,55074.42623,47532.78931,41981.90592
Q61029_T74___1,633616.7957,480465.5007,533685.4136,543308.4916,737105.566,730688.4243,537754.8128,427222.4977,754723.3023,872494.703,558646.706,757384.0438,740766.0153,604788.2147,599994.4424,411453.7894
Q61029_T278___1,69697.53602,69160.57899,74607.40957,66660.85664,92737.39817,90123.49212,75694.47718,53140.93847,70601.75102,86782.08949,61405.764,85866.15851,86391.00019,67172.16539,53384.54256,41874.98787
Q61112_T192___1,403593.3776,409296.9425,569984.4701,563488.6661,424864.588,342206.2855,532059.7133,567413.2682,293717.298,483778.7756,561471.8872,760770.4665,480981.3935,448233.9259,438820.6288,502795.6222
Q61146_T303___1,34717.17369,69676.00506,37002.13858,31302.56262,36947.31079,40766.679,28949.44246,35371.31328,30357.82966,92028.9103,38885.24637,34394.58804,40044.99589,41908.7139,45480.37196,59128.18086
Q61160_T204___1,13707.5623,10540.20508,14080.02915,13381.18119,19212.52049,15298.76617,12827.11475,21679.61795,16946.70834,12407.58965,15648.29017,15533.39192,15024.13202,15972.10727,9065.259766,16818.48505
Q61176_T281___1,776865.1181,854883.5503,753792.176,836431.0523,824071.9688,955761.0846,843135.3321,791173.5684,699275.6664,1378426.224,639069.8929,773709.3121,1061271.933,805550.5335,668913.6803,647730.5337
Q61316_T540___1,19492.58288,15458.29525,17420.58465,18187.71354,20860.19506,26392.27358,30493.82072,23321.66427,20422.27029,14509.62485,18244.55206,16674.26686,16333.42443,17199.09494,15778.1293,16690.53211
Q61458_T315___1,66070.59627,87418.90719,90946.59287,106700.9858,87000.65023,91510.33641,75467.69731,75585.62196,94189.40359,108514.3149,86715.58778,71295.94031,65879.14918,92451.48755,93334.79328,92919.26497
Q61792_T104___1,173268.4363,143949.6802,184648.7188,131666.5006,369133.1107,204257.5296,178564.0803,158427.0818,181856.279,121058.193,168363.2445,177510.1148,136192.6627,98289.2791,149982.7234,99032.48509
Q61823_T93___1,44728.094,61017.1377,57720.33289,60199.25186,48481.0436,62409.10675,66685.53112,71800.40434,56641.94929,60709.01045,59709.07466,59210.64913,79556.35551,65145.42554,56919.47665,87100.63624
Q62018_T925___1,4037992.212,4997551.133,3835969.587,4689000.193,5496049.272,5326255.577,5367692.564,3982573.309,5223103.053,9417252.847,4407492.927,4026321.475,6901358.98,6052440.003,3668286.486,4163979.415
Q62165_T788___1,386350.435,245815.134,338496.2209,322285.6053,350239.3556,660187.5759,277981.1344,322906.4344,310434.0879,557431.7811,338742.8389,512424.3614,484228.8128,442650.4152,291418.9691,295755.4652
Q62172_T27___1,411085.167,387631.1476,408839.7971,400893.1913,501129.7334,517195.9095,448416.5747,437205.1483,604105.2854,466564.1066,379156.9669,372809.7194,850195.791,600628.5362,476845.7031,436033.4021
Q62383_T1523___1,24429.7041,26192.41172,23988.07219,23551.48304,28174.66754,26226.06238,28275.97846,24521.46023,27550.481,27055.40361,21426.66092,21330.716,25076.27707,24101.06718,20002.46956,21397.03742
Q62418_T299___1,42009.30791,97516.22777,41521.66789,40152.32376,72932.19328,58472.38385,56203.11841,54540.50031,48129.23371,46725.88418,40020.16317,33360.11415,81999.95212,75888.4292,53024.36996,46535.5473
Q62448_T507___1,253668.2684,301145.1996,245080.5722,251639.5875,352229.891,379306.2706,261274.9466,242283.4346,288820.7076,306139.1842,206535.8075,267676.0984,332029.6649,314986.0324,240473.4556,268415.727
Q64012_T304___1,446012.7838,363106.3029,391041.1389,424252.5663,682648.9184,605800.2806,456034.3455,382795.7831,545039.246,721504.3679,378758.5443,365970.4228,554843.4441,478049.9222,321380.2344,395769.3975
Q64012_T274___1,15446.14532,9836.599318,11702.87419,13254.49096,15299.23592,14699.56355,12943.85967,9488.968334,16837.59374,23110.85838,15083.64766,13558.18421,11643.52865,12280.03705,12078.51169,16661.47777
Q64442_T122___1,35727.46378,31112.95317,42101.57336,42507.57431,47002.03147,51972.7027,49410.55203,38975.98643,41809.05702,51516.8931,42487.57832,41497.85628,45588.61087,42638.53535,37090.11793,45558.05619
Q68FD5_T394___1,57211.6239,61159.66536,67149.26263,58748.56482,56148.67844,59563.89847,59510.87713,70038.91213,64087.72828,47832.40225,73538.16091,69614.10707,61557.4107,62888.25745,76581.48362,79205.64912
Q69Z38_T1141___1,63823.6368,86467.13194,95639.79247,110872.8508,90741.32496,67519.38859,88295.72373,90797.85385,64923.81256,56901.19506,76831.23092,68389.6813,46014.38192,65896.03642,67453.01006,69505.82995
Q69ZA1_T1245___1,92636.45504,71507.36882,127210.9023,136183.8324,61542.96419,68271.04117,148391.9218,79021.35767,96078.75159,125949.094,162005.1225,146222.2591,60531.21355,59283.73246,110727.9172,175380.2752
Q69ZA1_T871___1,185108.5108,177248.1678,330490.4607,360337.0154,191715.1604,232746.924,456796.2311,307903.9569,198961.6301,444071.4203,332201.4242,322496.1609,269294.0437,272578.6235,252372.9318,463944.8076
Q6NXI6_T742___1,59096.3773,53472.81864,94420.03065,72668.07747,46008.46172,45190.68794,75520.73757,54723.53976,54245.87017,42689.42233,115458.2962,104247.4288,62352.99725,56501.9132,71055.58295,123304.8491
Q6NZJ6_T212___1,32011.2446,32930.77901,21012.87228,27560.63784,37003.47861,28617.70143,32820.90403,22146.83481,32700.12387,41785.67776,21833.21665,22413.31205,34481.3532,27634.82228,16933.65386,17040.4841
Q6P4S6_T163___1,66600.87695,56061.36141,78499.05821,81534.84243,67551.83937,82044.12328,81715.25407,76513.12062,70460.13176,81372.20987,64049.29765,80281.4571,76231.39985,74887.58027,66630.17294,74063.66353
Q6P8I4_T139___1,357659.2627,267123.0767,273331.8395,249095.6828,393674.3701,352158.2813,338806.6215,251020.2952,251241.8466,228169.1164,253468.3649,219856.9151,169401.796,163183.4783,189632.7784,83638.78477
Q6P8X1_T406___1,16594.26325,15227.43272,16692.32276,17735.42117,19351.02257,26131.20899,16741.5215,16011.26535,19802.09658,32371.58448,16877.18841,19625.78429,23381.77247,22598.32958,18310.85864,18814.26396
Q6PFD9_T670___1,256879.3839,220748.8981,190051.7271,217754.1603,264626.5168,326347.5798,267793.4788,211767.6176,185601.2962,227085.959,178369.7978,190510.2962,197988.8843,236178.2839,162053.3367,169935.8283
Q6PFR5_T200___1,117649.3254,183835.3643,154181.6741,102682.0907,192027.8905,221543.7506,151584.2235,86055.7248,116457.9786,123724.8262,122417.8752,122940.034,174084.8138,132169.7094,91965.58159,103882.7786
Q6PGL7_T322___1,109455.9003,156250.5808,94972.52569,105318.8015,199949.5947,196008.4658,153196.849,107987.4763,148458.3384,320783.8747,79536.23191,91846.98405,236472.4596,204063.3456,73153.23628,92348.05027
Q6Y7W8_T383___1,95789.50443,90405.19278,78475.854,56294.43092,82131.85859,101585.8725,71114.01626,49075.21255,65720.14932,95457.05551,61963.51078,63698.84529,87816.21939,98717.80616,61886.5416,62831.09354
Q6ZQ58_T1048___1,11879.6767,13186.67309,12235.10583,11490.36192,13916.47561,12989.87923,15062.03883,10327.57289,10411.35198,10561.40301,11376.16298,13453.41953,13072.49172,14319.04646,10677.96345,10498.97442
Q6ZQ58_T626___1,280174.1572,335459.1396,298338.9139,299382.1233,326977.1692,368216.4243,308645.4486,221230.9206,280592.9842,363745.6364,241953.3335,246408.0728,305145.6489,297316.3272,301558.7622,256129.0241
Q6ZQ89_T901___1,4734.271332,4285.94221,5482.778792,3828.201834,5586.020335,4427.743275,5016.22839,4452.789142,3165.987522,4089.950407,4182.188769,3143.385032,4340.762413,5095.469092,3151.226775,2919.09754
Q78PY7_T235___1,80292.08366,72622.58823,107103.205,103089.3013,82330.11424,83616.33615,109916.2657,103436.4835,72722.78729,63566.82923,90342.08683,105115.9074,97807.72519,72778.93913,87233.0131,87404.05703
Q7TQE6_T306___1,214773.5934,279571.3641,212121.8563,182773.7078,393288.6487,287086.63,228112.6384,224318.1297,218272.0345,346426.8762,181967.7268,174375.4372,355602.9435,249797.8964,156711.8692,151008.9357
Q7TSC1_T608___1,163522.3967,151320.0737,222672.4389,215900.3792,232031.7828,204557.5885,200393.7794,208476.4498,201840.1798,224355.1788,202686.7924,200794.1528,213307.7947,198586.2606,166163.6091,156126.0383
Q80UG5_T136___1,41473.05151,67886.3108,63726.55922,66627.66679,41464.60622,47216.7338,86156.33931,77369.89165,45012.97903,39644.30539,44381.66379,33326.23704,47245.38648,37166.7754,32642.45883,32307.90323
Q80VP1_T469___1,275449.0406,212264.9886,412391.9464,431531.2693,322296.2149,329520.7551,405527.0133,338013.7934,236006.9035,412463.8932,252861.8594,261275.0763,305906.2252,411020.1687,151888.3497,190007.7176
Q80VP1_T493___1,45650.45469,51302.34119,55853.35413,56875.06615,67498.92029,73356.11046,54081.8125,38914.02482,53816.71443,93721.5215,48697.6603,64031.78155,63643.52739,73825.36253,38012.26195,48198.62393
Q80WJ7_T456___1,198663.1043,164227.7918,170015.4446,149827.4368,184654.4263,191707.4604,167719.4411,155763.554,220489.2307,198813.9511,145354.7737,151744.7166,212159.8506,230182.0831,215654.7075,232658.2924
Q80WJ7_T96___1,603015.8544,440830.2511,747638.2539,761209.78,746686.4481,724802.0817,823961.7471,648370.5783,506161.2933,469635.125,632710.1339,654269.1321,498970.4049,473546.8159,647178.813,644063.6813
Q80X50_T864___1,57305.05249,83719.31233,79066.31903,111142.2582,116412.8893,99826.17404,112256.0808,85792.23344,65515.64721,33787.27859,76427.76318,55940.15637,64105.77267,46601.46214,39173.08848,27737.29567
Q80XI4_T322___1,119174.3264,129522.5354,80648.8725,90963.50948,158644.7786,159558.3068,117812.3764,92498.08028,145883.6293,211387.6353,91792.09806,107447.2427,213282.4989,193228.5565,80456.26199,119256.5933
Q80XN0_T245___1,50339.57611,60008.64098,43468.08964,49286.00094,65757.71781,68757.12922,53404.20323,43797.67681,53559.46238,90188.7658,44144.69305,47389.23881,59748.87577,64273.52773,37908.38908,39030.67591
Q80Y55_T323___1,87783.44828,88963.27361,88309.7082,75919.01496,118340.2416,115601.4062,81828.26777,84372.71549,96541.82146,155521.0446,59881.27705,78338.71376,116732.7608,119932.8188,69868.55886,56535.35094
Q8BG73_T104___1,154047.1094,136055.3693,118970.5013,96043.931,167397.021,126812.8641,146324.9706,113125.9296,100739.5462,247936.8827,119349.492,109299.0243,105743.6253,150109.3444,101664.4074,102137.764
Q8BGD9_T610___1,212795.264,166230.0176,155678.2919,125252.2218,259527.3551,238388.1577,152844.462,113548.3415,193158.3047,164813.3882,137347.7176,138684.4592,212682.2313,162660.9271,115455.2202,167367.7357
Q8BGS1_T387___1,138025.0163,154409.2114,196590.7227,177126.7326,174453.5953,131420.7715,233982.1817,161772.1362,126818.7419,100887.9998,185904.8742,154838.635,109748.4979,124336.298,196692.257,132175.5256
Q8BJM3_T362___1,163657.0205,235150.3516,118736.5209,140056.775,246148.4308,317689.5532,121764.1261,125174.3575,210205.6463,275095.1733,128892.0534,109477.031,299365.0624,268297.8499,99824.49678,125662.8587
Q8BJU0_T82___1,34878.1062,26850.26715,23217.04143,24056.31956,33775.60812,38009.36062,30735.42644,45359.56754,30827.84073,42017.75889,30533.15718,30370.49147,41063.95219,38256.51396,23811.64823,31239.65413
Q8BK03_T206___1,293609.7027,290999.4273,340088.169,208279.2706,334242.4642,334865.3218,260124.1523,251662.9342,265564.5289,310763.3003,262241.8986,346488.9915,311181.9517,318549.495,267265.0093,230513.2914
Q8BKT7_T328___1,91704.03968,71638.16573,112935.5683,85692.58617,111786.5497,106080.6886,82678.73588,106914.8491,80760.3505,111768.3872,85288.27522,91251.73086,93966.66433,89146.66782,64238.45479,53573.39043
Q8BQM4_T31___1,456803.6923,682946.2108,446185.0314,469930.4528,647648.4177,621510.4249,465100.9375,320808.6912,409211.7509,663468.8518,303095.9583,255448.5337,493790.119,583907.5393,290716.7747,238204.0761
Q8BSE0_T53___1,684457.0348,641714.7431,758841.8917,707853.6777,635051.8723,737270.7918,776205.5276,765457.5131,592676.1014,1027923.046,656847.3563,661835.0773,723235.8837,684435.9036,731174.2855,640156.7868
Q8BTI8_T1153___1,1152021.55,1227673.664,1358519.091,1390086.364,1026263.55,1160564.555,1192121.837,1164909.184,1290390.897,952480.0116,1673061.967,1501151.402,1252205.268,1253438.076,1544762.239,1338258.038
Q8BTI8_T955___1,33878.20382,37035.41375,33066.51803,34252.86836,34158.56278,38626.05817,34599.70119,25431.25358,41984.0695,33049.96331,37721.89183,32048.16358,43052.31168,33343.82146,27868.32286,35387.43597
Q8BTI8_T973___1,154564.6984,138900.3476,143989.1233,143811.3041,142567.0802,167977.1048,152839.9714,118255.525,165088.6478,184786.6816,156288.7144,143783.4244,209127.1627,155757.6818,144933.7788,165087.7948
Q8BTI8_T2268___1,44077.75463,47120.75546,40622.84836,47296.9343,58491.77032,68380.90462,51443.85387,36718.87121,50588.16612,78738.54881,32910.79966,41204.94854,63546.91169,58857.63593,28913.96936,40770.80352
Q8BTI8_T1370___1,88545.68474,84653.88227,72554.7082,66754.63939,96041.81621,122376.1193,75127.29679,67611.11949,98826.6001,99770.03307,67198.63797,65726.63716,132879.6301,81605.70969,56632.27414,67406.39987
Q8BTM8_T1750___1,129534.3613,119886.3663,94582.45718,114662.912,150900.8789,160969.2228,108270.2276,63670.49546,122236.5494,310399.4522,81380.0873,100790.5987,127158.3391,157059.6934,94757.21466,100487.2138
Q8BTV2_T203___1,93279.4529,67704.65229,90282.91446,84701.3709,274436.8628,76652.58959,116562.1309,131582.0335,94722.52187,479607.5811,99336.3099,97971.14573,109232.2368,384869.5778,111310.3176,115351.4614
Q8BU14_T375___1,649476.2075,550763.4944,866811.5594,949347.4934,890131.8842,811497.463,1098801.385,667038.6497,786674.7124,1011268.829,1082793.105,945474.794,811464.8854,765605.3412,718477.9425,782967.1745
Q8BWG8_T373___1,75417.45794,72022.928,61995.79855,60996.96899,102164.808,99591.29761,62283.33944,51891.74681,72376.73884,100279.7636,45735.07077,40142.41857,98463.79858,86507.16503,61200.96634,50297.61134
Q8BWS5_T646___1,169039.6703,198711.2853,181842.7264,181193.0494,274756.7513,185389.0219,254029.6614,202224.81,193586.2975,290531.8436,155234.6169,147910.9906,216545.0534,202247.5841,154943.7046,135485.0954
Q8BWW9_T957___1,347984.9692,370006.2954,350058.1566,310336.5028,451803.3337,452998.8717,345960.3816,346171.4038,342818.656,554530.9495,291082.5474,305821.0446,494617.8389,441521.2903,311560.8969,297574.4939
Q8BWW9_T815___1,81762.80955,96587.77263,98685.1076,77521.14901,130033.7072,122461.162,98551.27777,94768.26426,108985.0285,117277.0262,64694.49666,80063.96703,115394.2659,123060.557,71033.6819,76969.20266
Q8C196_T900___1,16577.39134,15204.4014,19718.12055,16521.8335,15420.09536,14570.24141,17591.47605,21357.60087,15913.52498,13007.78296,20120.02199,19795.42776,15402.66,14978.85381,18735.86021,16173.26063
Q8C196_T407___1,283430.5596,299076.0857,296837.0849,297739.7184,375547.963,385461.0118,374885.4405,350032.8617,315267.2246,450905.4604,270229.0662,322429.0016,379638.9938,346610.2181,328464.1936,335584.4075
Q8C196_T1078___1,87578.14035,75626.95153,101441.1808,104685.0061,86183.57582,80271.7871,116913.3466,98904.55565,88371.7269,64970.43223,109568.8838,103974.785,78618.3987,80993.06293,100297.6806,114935.2232
Q8C2Q3_T206___1,944564.3203,926784.3214,745896.6953,735342.2869,1214425.164,1193790.838,844001.409,712305.2034,1121213.142,1176873.492,847859.5029,812304.4799,1202767.355,1123720.516,718760.9561,843860.411
Q8C3Q9_T140___1,82381.93452,119720.0936,55656.18233,64052.41987,120918.7894,119092.5658,72692.39974,47266.95723,89116.10772,159068.4507,55829.87244,54982.78693,125669.4605,114438.6591,41219.63969,30563.92194
Q8C4X2_T374___1,20538.53285,14943.02426,7614.257944,14961.5352,17067.88881,11761.98477,18407.49865,9344.298493,14270.78859,19042.34563,15330.76807,14054.27854,11405.19711,13210.62005,11565.8357,11178.59358
Q8CHH9_T4___1,5745.355599,7337.41059,5639.706867,6869.367898,7016.896806,6294.1143,5889.77229,4241.462411,6971.930695,6733.92269,7071.400878,5552.269316,7823.065932,6375.19564,6024.904486,6923.623509
Q8CIE4_T959___1,115204.2716,110275.5681,125757.6667,126304.3672,107092.7197,131011.9096,154577.1919,126002.6972,118688.1407,107216.9423,114080.6887,115519.0764,105408.1585,112836.7009,128874.7965,147923.1742
Q8CIN4_T169___1,143647.3389,157714.744,167976.2973,179857.7617,166789.2856,153351.3588,175387.1882,143504.4363,190377.198,141887.7437,169307.2971,143985.3221,175514.2803,186396.0206,170672.4164,163278.5851
Q8K019_T839___1,476272.0284,522335.4379,220597.1013,299421.5815,599245.6397,702815.2598,352524.9188,200175.5191,498273.7389,800446.6916,243606.8799,326419.3808,435661.2617,466009.9517,236696.6542,249894.8714
Q8K0L9_T211___1,56375.57057,61399.73884,46107.43444,50585.85051,67206.71151,84594.99449,56529.4934,48040.59843,59914.67597,98104.51498,43673.68513,45522.78339,78631.65225,58730.82915,35885.187,49826.23633
Q8K0L9_T360___1,15188.07742,15778.48755,12033.54639,13691.49195,20534.38213,23399.76106,18158.57379,20295.30385,19514.10147,27811.55314,16008.39471,18307.19082,23761.78293,17280.50275,12801.35243,12315.06632
Q8K284_T1196___1,319653.4814,346616.3089,193791.7571,160747.9367,261903.9319,465578.2653,185795.1399,173977.7147,375252.0197,1453304.723,247437.8148,242645.175,307596.1922,356904.7454,241778.6008,213921.1387
Q8K2K6_T177___1,106426.529,75682.9149,878191.4413,1009092.154,125394.9944,114312.2963,714064.7827,135083.2001,96925.15726,110571.4984,149710.7245,163936.9109,106873.9743,71450.47427,99788.22615,48251.60866
Q8K2Q9_T537___1,44769.98796,49960.75795,39963.6495,47235.24205,65637.48431,63780.26464,45198.5545,51754.86946,50823.20606,69621.33376,35336.07948,41012.0682,66394.09198,63929.11369,40688.66533,37550.74905
Q8K394_T585___1,1067842.816,1040436.237,1024841.842,1442866.645,914198.5981,833461.4262,1343664.013,668436.642,985996.3043,915610.8055,1411727.91,1589251.747,762976.8067,797465.3147,1401609.164,1883758.824
Q8K4G5_T395___1,33340.70401,41254.53424,25013.08284,30470.24359,42183.04811,42750.24851,27477.70115,25890.50312,46219.73781,44888.43227,25269.66111,22047.93985,42816.94498,41822.27818,25506.39052,30510.95317
Q8K4L3_T811___1,110803.446,139149.7099,134012.6558,119003.134,155186.8702,142643.0934,173470.2946,133657.4843,134064.0937,155052.6378,102279.48,90667.92004,173857.881,130732.6005,89825.49136,104789.1566
Q8R0Y6_T544___1,35590.68599,41102.6335,49880.25646,51271.53141,35397.46919,41144.24682,48106.24868,52588.3729,38245.51439,31515.41913,46592.77597,45226.41331,43563.30108,40151.11803,50536.51072,53308.58428
Q8R1S4_T262___1,97846.56574,74968.87385,86157.22763,67553.03637,100982.4874,86938.85502,91013.25488,79504.1517,91098.42858,83505.77739,82549.08332,61965.0535,96945.10613,76526.16412,78616.24071,73832.08145
Q8R310_T48___1,140880.0574,153198.8799,142954.327,147982.3286,163572.4272,178189.3103,117309.7913,110148.0388,184733.9194,144824.7151,99384.76395,111027.9379,236861.9588,115364.1589,95733.44432,118466.0919
Q8VCB3_T626___1,1961001.568,1924953.347,1852123.756,2241846.753,1859191.226,1959316.737,2287817.637,1745298.929,1627625.638,2032831.172,1405066.965,1629934.482,2320754.759,2110508.019,1664105.549,1886931.334
Q8VCH8_T487___1,63089.69769,72296.85323,99786.63714,83984.23943,73461.0522,48327.9104,97051.72876,109176.0255,55553.33165,38114.30842,92876.7668,63105.69054,49423.59471,32750.20822,74024.4142,44645.91188
Q8VCI5_T236___1,40436.60622,44725.32034,43946.39709,45970.71462,38883.63619,33714.29321,46964.73644,36680.57394,34578.77234,33706.87119,53822.67947,50918.01762,40875.65635,38167.33914,60605.30121,69646.0681
Q8VDC1_T372___1,306300.8187,373272.7983,303618.9536,339932.7677,407289.7872,386338.1535,279248.7495,209101.5375,360265.5537,472987.643,323996.3988,302229.6645,454463.9884,451402.4171,255312.7958,293655.1837
Q8VIJ6_T679___1,20302.29265,22847.43303,25231.94735,22489.5697,24353.77059,28685.74557,23146.75355,25583.42229,18853.69884,18766.59089,23208.42743,20606.06717,20345.12877,21004.52367,18662.70971,20383.67472
Q91V92_T447___1,189659.7893,248172.0015,227699.2626,260951.4479,224229.9511,202342.97,229142.5455,202938.3912,192509.4312,163604.2553,110922.5916,125188.0179,171254.5187,201942.0234,147723.9131,92930.99198
Q91VA6_T292___1,65882.16174,76329.13349,59945.5264,59170.77133,77829.05524,91215.64141,75301.90822,66667.44355,65287.58832,106874.7608,57877.55953,60423.24849,91066.63243,70820.87449,57905.97246,51484.03704
Q91VJ4_T282___1,319657.1105,358256.6905,352315.6631,608054.8084,341840.6529,378249.1811,325318.4234,343138.9365,363965.803,459023.7228,257221.424,280353.4493,457467.6361,440428.8938,256342.6794,344195.4808
Q91WM6_T110___1,346022.2326,417636.0959,556621.6684,541660.8492,472601.6094,528756.0803,220647.5307,1005203.802,282086.484,383467.2631,609695.5842,494698.6262,357961.5062,346893.124,418402.0105,623432.5274
Q91X91_T291___1,123803.5539,90027.34551,111776.9131,121825.6503,106989.1233,106004.0037,119927.724,123749.4554,87806.36587,69910.83923,123486.8775,118087.6312,77075.49105,84947.25529,114822.68,98811.46623
Q91XD4_T132___1,168040.0048,189453.6363,204163.267,202994.2302,224840.5571,222444.3115,241519.9654,209175.4486,236987.5189,280085.6729,166329.78,185853.7925,252645.5418,241616.2858,162796.5085,191747.4131
Q91XU0_T116___1,78928.31304,84007.57405,68283.18239,71754.44799,68344.33431,63027.34133,81439.2078,78953.96668,70653.2261,51864.49457,69016.17679,53768.69656,83958.74656,67968.03067,70580.63012,52427.79472
Q91Y97_T39___1,2297294.145,1557854.349,2405630.64,2631242.591,2038684.219,2031193.049,2342483.214,2435824.74,1773861.149,1488514.456,2018981.591,2076868.982,2094711.334,2077112.419,2288287.897,2448689.318
Q91YR1_T349___1,26265.52341,15207.16681,16050.0719,13130.56339,19356.3123,22741.38657,19871.51453,28524.35238,17455.77223,27082.98769,17175.72554,14430.07863,25992.33117,21961.98489,15591.40041,13420.3152
Q91Z96_T644___1,26563.69446,34886.58673,27074.35795,29627.96834,33284.19608,31903.80409,30989.69863,27536.7399,29386.41838,39660.03247,23004.00787,22949.96894,43628.30768,34755.54644,19530.03272,23593.88458
Q922B9_T741___1,215309.3262,291440.4271,267755.7036,272892.6776,282108.8838,283677.0285,299302.1905,214665.0861,298743.2137,437385.0394,234641.6265,254667.3784,383456.5654,344659.7024,226587.515,219884.1597
Q922E4_T360___1,168441.2872,154560.9691,157666.0651,186973.6207,147603.2446,200189.9896,183206.8902,161563.8498,162339.7927,347917.0191,132610.6101,157674.1486,350646.1912,184716.8052,131093.4421,132828.1676
Q922J3_T349___1,399009.9159,498194.6292,513205.9845,448700.4266,611629.429,493974.7939,692963.9344,413700.9244,343215.0429,606079.1765,429639.3492,413094.6658,440738.1331,547712.9372,396204.4789,343994.9711
Q922K7_T169___1,240481.6603,204944.6784,247918.7892,185846.4706,268165.1231,349569.1662,226143.6507,243375.7497,224411.4987,362785.7007,249098.489,204383.6443,306248.4078,360999.0623,203642.2688,232795.9889
Q99J09_T5___1,180705.5646,193844.0989,198065.0524,233204.0538,182844.2604,180767.174,196685.8308,292847.4255,162617.342,123929.3289,206027.3564,227663.9899,177602.5418,181092.2606,189190.7499,236351.5839
Q99J95_T186___1,22166.30934,20636.78666,15144.85089,10804.46465,22320.22156,19877.24527,16567.67476,20458.71285,15873.04474,56555.09972,9481.169543,11868.47624,22990.11735,30637.32316,23921.53062,19655.38432
Q99JF8_T122___1,17290.78204,20948.19153,17364.84026,25771.0621,24132.39909,27971.54349,26471.16116,17998.82882,25022.13802,17496.78274,21408.4169,26820.98468,29766.4271,27513.47192,20972.02179,26190.2711
Q99JR8_T217___1,33075.16761,37736.70492,26329.10935,26697.91924,35238.49908,38325.18348,23419.73738,24668.03427,32507.75861,39326.5856,21076.59384,24268.83221,42616.69823,43686.37934,23174.78047,18833.01035
Q99JZ7_T126___1,196504.5844,266184.3471,227934.8238,175384.2516,281544.7517,337972.5498,234711.0137,170167.3239,203160.513,382676.3905,159865.975,157468.6175,295455.4411,269201.8545,122712.221,112007.9837
Q99K48_T452___1,478968.3733,533384.9997,423802.8233,426512.2582,503612.7058,556480.2081,455910.0766,356005.911,471291.006,680211.1402,384007.6301,438363.9336,636890.0402,611465.866,385904.5646,419628.5356
Q99KH8_T172___1,146296.0664,307801.856,329635.3819,267454.2611,307420.7423,182913.928,306691.3126,192032.91,188283.6543,243497.4047,190868.6372,116264.3729,352611.5838,240630.7721,134346.4212,124310.5107
Q99KN9_T302___1,188231.0691,164188.8733,229565.6257,233361.0802,200414.3823,206854.7191,264148.7693,218228.0715,180306.5865,184639.4656,241574.0543,205493.3845,160431.4436,164207.2243,171731.7224,161169.003
Q99KW3_T1650___1,24255.9972,20546.63191,14001.21837,31911.64618,30201.74548,22398.83065,37114.44584,34526.16345,19938.53276,8172.80223,13906.27911,15662.60442,19512.59699,12551.55583,12271.96743,6650.872238
Q99L43_T30___1,1076092.911,1341319.011,1274245.545,1317309.025,1471887.773,1406595.786,1879511.724,1627986.855,1138421.414,1032601.927,1546366.348,1274737.355,1633148.709,2088915.424,1683591.931,1913333.264
Q99L48_T470___1,33262.16051,31734.96834,26621.26437,21913.26609,30162.05451,24233.45229,21494.22499,25399.45399,28503.57146,21962.83052,23396.22764,18339.35593,21416.38853,30022.45775,26885.13802,24686.98215
Q99L48_T433___1,17281.70933,24606.30922,14553.98592,10077.61554,30923.34328,28771.67329,15663.7866,12645.5584,22564.11884,34342.96145,16569.65887,11690.87949,32938.17779,29738.90692,13593.72092,10744.2879
Q99L88_T213___1,515116.3192,421049.9399,473682.2615,492758.5105,469782.2886,505506.9581,474449.161,372080.4801,473810.1845,526260.0287,409040.4218,446994.1681,464805.2707,457239.0834,372126.7188,414788.7871
Q99MR6_T543___1,510336.2535,526267.8656,504357.8703,556294.4758,726613.8069,768683.7498,548734.608,440035.9297,627871.2914,824547.2181,454139.0236,533214.0568,667242.9857,657874.9728,371881.2221,397205.4628
Q99MZ3_T555___1,535909.3388,474048.7156,404839.4551,472634.4718,753259.7595,947495.2365,601067.6731,502636.477,524148.2748,672549.4966,503299.7073,447572.6177,668973.5669,567654.1871,325149.8981,273466.3698
Q99MZ3_T559___1,1069536.407,980338.0319,712650.3408,928332.0788,1425612.761,1878589.213,1195931.435,995619.2431,977209.3812,1205119.702,885677.6872,713953.0604,1025657.167,1045839.38,598493.0192,514634.2777
Q99N42_T6___1,6951.868357,5237.404867,3476.830935,3570.562188,2391.873173,3631.822564,2705.428377,3110.50447,4276.725496,2961.67659,1510.235396,3283.694857,4685.894214,6550.330511,3286.128663,3606.313412
Q99NH2_T943___1,44667.74559,65379.71726,49698.80671,45041.39863,56028.13325,63716.58436,50121.02062,42273.5308,41660.82402,106894.2811,36896.73741,32860.73868,66023.15057,67043.21065,44105.63003,34022.92128
Q99PG2_T613___1,217851.4424,173236.3983,247382.579,243198.267,223496.3609,264768.9517,267979.5122,239629.9268,272458.6061,169492.171,295316.1785,255913.5852,202701.5031,217573.4128,255293.1824,308658.2181
Q9CQ22_T28___1,98353.5953,92711.94822,100790.3747,92016.46723,92303.21748,103146.4594,118823.4198,103936.6645,86008.70517,90109.2895,99110.50589,102004.1887,86933.4796,97187.9055,113477.2454,119472.5908
Q9CQV4_T440___1,189714.2409,207113.6963,183966.7749,193393.8022,171860.7015,173372.5222,190343.8949,197639.2886,202172.2274,235208.9672,167995.8549,147902.7757,241223.9026,229187.7751,208746.0188,160568.1402
Q9CQX2_T3___1,75556.81277,75385.67165,58747.19653,61632.83778,56847.92315,49779.07398,59985.54709,58798.96648,61311.27948,45350.06763,62403.96174,60553.30237,48084.4185,50673.00449,41363.41467,64240.92727
Q9CXN7_T29___1,196592.8041,245096.2903,218117.7386,198303.7733,229793.1284,229421.1617,213503.8311,212785.5331,230706.9047,340532.068,180284.7831,212858.6054,298648.2034,303253.9157,193773.4571,228677.8071
Q9CZ13_T214___1,160813.6853,144783.5055,126204.425,129636.2707,130779.0524,132359.0022,142892.5344,154694.8712,130382.2224,198329.8912,126864.8578,133771.8937,143739.7456,174031.5925,136116.0357,163880.3031
Q9CZJ2_T42___1,115444.6618,132465.9192,112782.1649,116179.6655,96371.82417,119674.0806,104239.3867,89025.9931,118814.3957,117031.2916,108258.7324,106210.4465,107441.7973,109329.6438,136373.3125,133424.8836
Q9D0F9_T357___1,33214.97373,33556.43809,35502.22309,42258.12582,30715.0327,32746.59669,38860.74327,30046.45122,27816.05388,41110.15457,26343.70854,26891.97639,37068.65499,30083.5991,27798.69524,32904.63252
Q9D0F9_T507___1,26617.58246,20191.70498,21727.82579,26769.99644,26832.0661,26675.43508,29874.98501,25684.07976,25732.55896,24402.68363,24109.79315,24866.64004,28395.94858,29295.37042,21912.72076,25273.29482
Q9D0F9_T19___1,135083.0167,255856.3181,159796.9742,173382.4024,127473.2255,167079.693,202452.9861,169355.6501,185046.9466,204378.108,148150.987,156130.2276,241738.3541,210543.6279,134804.6498,261268.4729
Q9D0M1_T205___1,111611.2294,112036.0706,122872.9729,115256.1737,142538.3993,144303.1325,140854.1513,142005.9871,127978.9843,181226.9253,122041.1431,141624.2869,137880.3277,140993.0487,119544.4547,124088.647
Q9D281_T197___1,60344.15697,58383.65935,39492.39734,52498.71524,79505.1919,85354.26694,52073.15591,51991.84169,75719.20859,79718.24495,44983.82566,43437.71153,77649.59897,68481.59002,39165.6802,41905.16737
Q9D281_T186___1,5377.633529,4765.834127,4852.436493,4605.535031,4789.190687,5266.096091,4945.028721,4751.130555,4699.233775,5762.034694,4812.384061,5910.483502,4313.981874,3629.270806,3463.145331,4423.553772
Q9DB30_T397___1,110034.6812,148442.2977,212983.8669,275987.5252,148688.5978,158717.9807,328229.85,205335.4269,125814.4836,208214.6558,177578.6496,161375.8014,147893.5244,160747.0475,142687.2205,232073.6435
Q9DBD5_T751___1,595181.8379,579926.4248,416003.2903,441251.3164,614710.9427,591607.4865,400143.7403,382270.2052,483430.2998,575143.8687,314314.9366,339461.9724,683182.8672,709754.5714,317924.5415,305998.401
Q9DBG5_T220___1,24526.42056,36617.41975,27678.57328,33257.57257,35891.49436,32306.71031,36281.72014,23953.6466,31857.18297,65726.86177,25874.9796,36477.06872,45569.38742,37629.77547,36061.16665,39637.39736
Q9DBJ3_T335___1,71927.26752,38342.98071,54010.63715,71464.01293,84748.62236,70501.31219,78268.49609,64771.64162,57272.50235,111633.6045,56135.68611,63646.31694,73100.68679,58446.4465,52580.30942,55331.73754
Q9DBM2_T305___1,59569.59206,57709.45212,58403.89589,66541.26304,60097.97533,72902.1348,78527.43406,68291.36045,55667.92942,57631.7406,72345.78697,59071.89853,64091.70889,65076.657,63949.46908,73449.97427
Q9DCP2_T30___1,427164.8894,504716.0975,396218.0745,444299.4455,654348.445,569639.7731,459954.0328,496021.7451,351623.2504,514660.1143,286071.4989,329998.5549,469439.5692,413379.2314,272960.6242,241792.4027
Q9DCP2_T32___1,538094.7993,559874.8677,493094.4143,546777.2395,685537.5701,809177.8644,535868.3003,648856.3852,536265.6558,747750.8301,471540.5756,408713.732,665872.8365,495054.8773,360230.5295,308827.0352
Q9EQ32_T152___1,881980.255,987566.6396,924984.4891,852620.6652,1193782.875,1064284.783,1128993.001,843151.1758,1020090.357,1295330.218,969335.449,898219.8141,1327744.661,1251147.718,875940.7077,795075.0001
Q9EQN3_T223___1,18240.49311,19605.84386,21521.5743,40497.62407,17374.03586,16794.55103,33762.2744,36606.21761,18463.08214,16016.55517,26655.2243,27870.67707,19246.42008,37222.79661,24486.05629,38289.67101
Q9ER69_T298___1,40900.89052,29323.38774,30044.15422,34267.40784,36050.88665,41748.80099,43762.86842,35302.06541,29081.04708,29858.83426,48375.43403,44309.21929,32358.42729,39418.57273,40682.76567,41928.9603
Q9ERU9_T2130___1,34653.26748,31726.4177,43990.38789,36962.61399,47920.83225,37441.78178,52267.17313,47765.46855,34501.67197,43575.59933,32776.26126,42787.24182,33935.21339,44326.69332,46073.96875,50233.65685
Q9ERU9_T2578___1,394553.9264,445545.3402,340858.3026,323649.3774,451540.5015,467722.3013,427177.0997,366126.2406,419813.5434,680071.1576,323251.3791,365382.4021,557742.3557,496450.7161,372641.9093,335269.3564
Q9ES00_T234___1,128232.4828,207271.1231,112443.1844,107693.3931,217918.7878,202611.0635,157020.6204,142645.6888,153635.5568,284388.6474,132812.5212,146141.3367,258713.1939,201988.4595,129240.9354,153605.7155
Q9ESN6_T371___1,119856.7711,127533.4179,120057.1545,144467.862,144025.8354,148622.2866,152874.6597,138059.8477,170204.2171,213807.4177,146703.5873,145672.8755,156051.8231,172372.4603,141173.9611,143739.7017
Q9JI99_T103___1,208789.8964,144851.0432,235038.3115,248171.0896,232178.65,187286.345,159781.6215,163385.2118,162587.7423,130449.9903,282462.9442,318765.154,147810.2173,165659.4612,277103.0666,231367.6191
Q9JIX8_T253___1,81372.51802,80673.21204,70331.43153,69441.6823,77908.03233,60241.69111,55883.70447,61654.41085,82386.97806,76891.73516,84204.46303,70765.74165,62885.20182,70066.38789,80579.19879,71282.21285
Q9JJL3_T662___1,625744.3948,462371.2425,551044.769,574778.5265,502480.576,479611.9341,497529.815,538016.34,597527.3613,420461.4453,614103.0944,564564.4807,496353.7797,434727.6248,671589.7703,586669.0309
Q9JLN9_T1262___1,205547.3966,279321.0271,244335.9319,274856.5088,154905.0529,153119.862,229983.2351,234956.1419,223969.8096,160031.3586,259547.3271,240482.6295,207355.6414,203520.2108,242441.6888,237355.936
Q9JLV6_T122___1,348365.9914,438327.7097,331475.3197,374519.6702,521286.6627,549938.9204,355243.6746,334837.5512,429609.8249,489779.0126,390126.4254,342654.4536,483026.8973,463520.3166,316376.4152,288885.1808
Q9JMH9_T228___1,43219.09424,43039.56795,35615.59312,34318.11362,42705.64578,36673.02984,34553.99423,33126.57872,46524.7054,46294.48791,34233.0318,33050.63601,51966.44863,44041.342,35878.235,35781.76769
Q9QX47_T97___1,102442.987,101554.5028,122942.9381,105078.9433,101565.7674,107023.4259,114926.834,127811.3913,91445.9181,82205.7428,114336.4394,96134.44111,99663.67704,79933.70568,81749.32557,107537.1936
Q9QX47_T954___1,125661.5348,142854.7607,119733.7226,128191.6295,130411.5941,144658.6988,139342.8944,112601.5275,117374.6053,124578.1586,123163.9333,115064.2747,124940.1315,120231.114,109954.9515,145760.2231
Q9QXD6_T28___1,121870.7279,119985.6378,100180.1133,129212.9945,125873.1808,147918.3468,128857.2032,106648.6024,127864.4681,188679.0118,99678.45583,102103.0765,118421.5932,111635.6996,106140.1371,131146.2207
Q9QXF8_T228___1,920528.9301,1033878.301,915412.8418,1104945.325,1139204.223,1201526.635,1340619.926,1104240.953,938735.1246,1199865.128,968194.2161,910813.2715,1378829.851,1053002.769,1061757.13,1296335.241
Q9QY06_T1346___1,14495.52161,17414.61007,15733.2147,14941.7511,16516.82782,17975.1667,17026.79574,16903.52698,16438.2985,16525.70429,17034.87498,11956.47311,20056.8527,19562.65256,11716.87045,10016.92951
Q9QYG0_T330___1,79477.41415,88877.70294,68880.80018,69297.82253,86083.86115,86402.98324,64883.85747,86313.02493,74449.58374,62322.47041,64490.17943,46241.28802,74406.87714,66572.78784,71860.95234,58532.06098
Q9QYG0_T334___1,334231.4603,333450.3494,301986.6912,269614.5202,373439.2268,291788.2164,337269.1785,303157.9362,296129.3584,180687.4596,301830.7429,273824.465,318850.1304,220341.1077,243285.6003,218164.5082
Q9QZQ8_T178___1,349998.8367,295370.8212,238442.6825,256118.742,365121.9027,365516.342,271966.3037,245947.8069,361369.0458,372854.5262,247328.4279,247336.303,386726.2774,349965.5791,237548.3004,259282.3003
Q9QZW0_T32___1,141045.2691,154926.5476,143593.5212,158846.6393,162429.4941,167789.5387,184564.1547,158533.5179,150069.357,179888.9439,127303.9904,151359.333,161744.0816,147714.8863,118689.6569,133174.3176
Q9WTU0_T538___1,226799.971,281243.4003,219147.0838,162390.3559,392265.2461,326117.8924,240585.619,227174.1722,274457.8208,608554.6697,187541.6495,230552.4069,384853.368,392047.0027,184226.7194,204165.542
Q9WV70_T512___1,99130.7553,61043.93661,82528.1597,60064.10552,103762.626,91140.42699,80528.29882,75433.80294,61658.71984,42870.59344,77809.48664,54074.18491,58530.99488,76428.77163,48644.56316,51213.97495
Q9WVB0_T12___1,25187.5252,28355.68734,22031.4878,22899.16819,27318.27641,23516.74145,19846.10104,27491.87272,29995.96904,36303.06944,30794.84934,29142.77887,32378.58092,36091.44603,30080.64827,24511.08556
Q9WVB0_T118___1,290464.5524,317131.1356,189859.5324,221696.5343,408979.9428,354009.6455,214862.8577,245038.7142,234152.2576,469908.9782,190596.9867,214535.3459,319518.9115,259741.0446,146739.5396,129058.8795
Q9Z120_T262___1,19936.66098,23977.37535,16913.44124,17533.40022,35708.91985,29952.77466,16217.26646,14045.24345,23738.33451,33015.5041,16865.90411,16688.55121,30339.52752,27209.04071,23312.52139,19154.80186
Q9Z1R2_T985___1,258154.5937,247236.5358,279362.6282,242884.6323,263764.4311,293588.8925,242942.0477,212690.5131,297291.2096,271920.789,264260.5282,225216.4376,299838.6708,296159.0591,245705.1641,223946.8948
Q9Z1X4_T67___1,120127.7673,149650.6212,135612.0697,176628.6566,150026.31,148253.2741,141113.6494,118544.5857,143222.7652,134684.8777,168506.074,157744.0801,177491.9383,143102.6706,159385.2446,154528.8339
O35945_Y484___1,777017.0479,671499.5395,607825.4013,715475.3463,885526.6643,874341.1504,721935.0573,581782.9409,736345.8434,1044509.952,517829.9996,659764.8342,1115109.084,960064.2335,644703.3714,775549.6885
P01942_Y25___1,43058.09116,49312.81949,46945.34507,43842.49509,40962.95964,33089.76702,41355.9492,47389.46901,57726.46932,39437.09823,57402.20801,52029.46863,43553.48844,42033.22629,52914.63456,55751.72183
P05202_Y96___1,334877.5613,329218.1175,294633.395,401139.709,372831.2745,387831.6584,402196.8418,347677.2959,315153.267,514499.5181,355523.4319,411114.9234,442040.0209,449846.4517,325913.9549,355720.893
P10126_Y141___1,237587.8683,239775.6088,238739.5817,252074.5764,278943.0748,327359.9739,251029.8807,237175.1949,303232.9291,386926.0056,227796.9597,283658.1506,328643.7309,284060.7177,248671.8745,213639.8715
P11352_Y96___1,73143.16029,70366.94961,69143.71069,75827.25323,89589.91914,92747.27152,73177.41687,63071.97644,83369.19538,115767.1183,62851.52745,67636.52504,108135.9104,95196.56567,51927.2606,83041.71391
P17182_Y25___1,86034.56264,86007.3613,53005.6264,60186.94298,93288.54081,88115.68645,61275.48285,66320.79693,66532.76029,104313.7309,52243.08762,65984.76537,87342.93583,80475.48276,51316.33759,60777.8586
P19157_Y109___1,98640.7178,96083.20309,94366.01613,102302.3858,104742.3569,94941.99815,96299.20602,122694.0907,78018.93413,160364.67,121066.7988,110098.9599,118246.2215,100150.584,122821.8717,119031.8083
P24549_Y426___1,30900.98367,33083.08437,29166.42566,36945.76565,31301.98856,38372.06086,34925.15184,32720.06455,33903.92758,44350.3492,28037.71455,32715.97814,45544.36175,36460.13755,27285.13915,31375.77833
P25688_Y288___1,1574960.494,1393819.5,1346171.317,1428636.993,1750659.489,1852550.12,1689362.65,1268121.139,1679315.775,2644479.182,1467256.727,1478918.475,2135545.855,1934374.787,1286827.95,1295776.144
P26039_Y1116___1,47322.76478,61634.28787,64258.10356,58021.10794,70305.02063,61124.82236,71612.01212,52516.79892,63326.04209,105582.4976,59090.11015,59927.55639,60090.45092,63039.49328,67392.23524,49574.68687
P31786_Y29___1,17295833.84,13380674.51,1570729.648,1628057.816,18721556.55,18628761.21,2930344.872,997519.066,25855503.01,46900318.73,3025528.527,2636335.353,21371949.94,17127316.75,1821033.239,1230692.746
P47811_Y182___1,166084.5327,271922.9995,167265.8662,133548.8754,205422.7633,182334.937,197547.5352,197420.8433,203889.5602,125267.7417,235799.3884,190243.1072,200695.6419,179581.3676,152799.473,106119.3913
P63325_Y12___1,110140.1732,101890.2139,80454.77015,100481.1088,118151.715,113183.1845,94530.11621,70135.34227,107772.6244,142307.1791,80214.79125,91349.43148,128134.2793,113835.0434,83065.24971,99405.0455
P67778_Y249___1,32030.91572,30067.97785,36352.37125,34066.41078,40300.70552,39451.90876,37339.00844,29791.6346,30705.23664,40164.13584,31249.39188,36126.40067,39692.06068,37013.08443,32663.79778,27231.06432
P98083_Y423___1,134670.6212,243085.9016,160148.9137,205825.2946,203857.8545,205491.6924,221134.5742,162299.8535,139935.0073,202635.267,173736.4208,124930.2357,295718.6888,232578.2077,91348.68388,81743.35045
Q01279_Y1197___1,17261.4172,18255.79214,23184.16771,37653.6892,21108.94747,18865.1216,26334.6239,29013.21436,15438.27851,15878.29142,22118.57775,19317.37942,19175.82307,16657.02683,15846.32484,17043.78223
Q01279_Y1172___1,439942.501,362654.6318,528810.3485,865859.6762,521151.7456,588643.0982,443546.8563,662557.9926,356483.9224,489227.4568,497445.8069,451811.9832,428621.3246,436645.0372,322502.5869,302835.4949
Q2NL51_Y216___1,188704.7401,163533.9771,224448.4879,216460.304,170578.1095,188653.1003,199078.1962,204016.5647,157424.136,124091.2728,210862.2843,206626.7427,146527.9198,201578.9252,224777.4991,201234.6009
Q3U7R1_Y997___1,45721.5783,47632.03583,54202.73118,53396.55712,49987.213,58276.80452,48568.33562,46499.18983,49412.6705,61880.56219,57855.71204,52242.42051,55714.85513,59880.43176,47249.19044,51938.88816
Q4ACU6_Y930___1,504440.9732,714193.9978,406830.0947,548691.5731,491719.8487,431596.9644,629620.6545,495728.8925,562617.7644,716424.8005,450879.1464,361084.3776,779639.2702,708743.991,526046.1925,522700.7076
Q61136_Y849___1,313057.1114,328960.3886,374883.326,356423.9772,324078.069,328864.1332,335549.7833,310334.6075,286513.6431,356392.5941,360112.296,334470.4741,350973.289,352688.4598,323896.6339,347546.847
Q64459_Y431___1,55186.28551,58642.21995,51980.343,64478.70058,65286.58877,51874.45194,54580.37788,52045.98062,56697.86596,92879.98365,56116.32992,63901.86122,63982.07212,64071.83988,54709.60484,59454.23749
Q64727_Y822___1,72263.56027,62476.52471,66385.22007,75179.03681,64553.71526,65589.71302,70362.93454,61325.06201,71636.63179,52230.24068,75333.83017,72136.04163,65681.14363,64157.25083,74497.31788,90744.04108
Q8CGB6_Y483___1,16433.76616,19920.99073,21361.35663,17127.05213,19659.84076,16252.67361,20944.10251,22833.77506,15200.86347,15875.48136,21818.27019,16601.16397,18580.97846,13350.64039,12963.87483,13303.22762
Q8VCN5_Y113___1,111599.9846,145940.3519,121337.624,123861.1556,170420.8281,164484.6181,140700.6554,131890.3309,142181.2002,175091.2411,119451.5651,139057.3622,178480.0003,152427.0473,112505.7301,109065.6855
Q8VDJ3_Y437___1,266511.5208,278392.0844,323811.4489,301723.8795,325003.2908,355386.0808,298136.2183,190225.6356,296663.2724,291425.6542,290523.7965,299097.1523,370889.3462,285066.2306,304311.2017,300562.5073
Q8VHK1_Y253___1,79807.63522,117515.0906,98368.54275,102163.598,104048.1808,107002.0609,75293.36702,108754.4301,104357.2287,156263.2363,69361.3548,70304.75552,76038.16966,65334.94831,91886.34718,80108.82858
Q91V64_Y159___1,83504.89307,94011.85492,83378.36583,97697.48301,94823.98238,104435.9582,97693.57625,82854.24533,95351.99786,134013.5021,79382.81789,100779.1812,120260.8288,133972.2617,87068.21119,95733.4904
Q9ERU9_Y2514___1,717793.1204,744346.427,795229.4829,755898.2239,745127.3525,740026.1528,729855.5809,724089.0823,787615.2332,1083013.725,678990.1422,803580.9211,865596.2925,781014.9412,722364.8085,758162.9816
Q9QXD6_Y216___1,322906.9749,288466.2879,282411.9446,501622.26,279854.3935,281873.9331,385665.3013,393393.9393,308598.0718,313455.0689,326915.5545,323194.9973,333347.8713,442288.9904,397418.897,517041.9251
Q9QXD6_Y259___1,160285.4377,144548.8896,121133.7963,183283.9346,188242.3854,169951.2984,190318.4912,160791.1211,164919.7533,205273.6004,141774.2262,143976.6578,206020.562,218552.7958,181970.9452,178990.2084
Q9QXD6_Y265___1,224312.0468,190261.9761,206114.6015,305013.0217,227983.429,226843.2449,302261.8118,237498.4196,237287.0723,298975.1916,199908.5955,169308.9674,280032.9866,325487.5137,258054.3133,314827.5844
Q9QXF8_Y221___1,612337.113,637488.8609,562127.6195,708420.341,644120.6886,601105.7586,760664.8822,666250.6592,587781.197,581643.1314,601649.6824,613482.2808,766563.3482,597691.424,548039.3151,818092.8182
Q9WTU6_Y185___1,46849.46427,43912.78333,50672.96277,41216.64863,45331.81844,47627.28897,58124.44103,47098.01904,40596.83788,40331.7422,36607.57654,44983.23078,50200.35531,41991.5313,34801.17566,40006.47906
A2A5R2_S218___2,1005212.389,981191.6278,1219119.624,1319942.361,807595.9651,880865.12,1045241.756,1151309.189,734625.3345,522717.4479,1348474.998,1058022.973,758249.821,911766.0782,1338274.824,1237770.402
A2A5R2_S227___2,116313.7875,113534.3294,152580.8786,160294.7357,93447.46099,101925.4832,139545.7263,147328.8549,85003.98126,60483.98014,170321.4229,151998.507,87737.58615,105501.0534,158281.8555,149217.9984
A2A5R2_S1518___2,172325.698,281309.7732,190168.0734,278431.6523,283062.7272,175001.8591,258431.8171,224385.4982,197888.9131,122309.7684,212091.747,162829.5834,243938.0998,164535.9078,154813.5941,119727.5835
A2A5R2_S1521___2,152314.8477,274326.6072,173371.6608,253839.4437,274776.492,139450.5179,235606.0748,204566.8643,175510.8383,105418.1046,193358.9469,148447.8167,225924.8015,140695.6419,141139.832,109152.7596
A2A5R2_S621___2,199783.9505,250851.744,237006.1782,245933.6256,261270.1765,239651.5223,262172.5456,224214.9741,274120.729,274352.1427,207908.5667,158419.1113,242400.5504,226382.3572,183133.9811,77079.60569
A2A6A1_S1179___2,34150.37611,36683.73353,39796.8252,40542.43764,39699.74136,36408.81961,37800.38399,56363.02805,40417.69148,59134.30699,58052.44124,49125.04045,43258.52471,38950.06395,45018.03111,37308.04374
A2A6A1_S1185___2,34150.37611,36683.73353,39796.8252,40542.43764,39699.74136,36408.81961,37800.38399,56363.02805,40417.69148,59134.30699,58052.44124,49125.04045,43258.52471,38950.06395,45018.03111,37308.04374
A2AAE1_S1320___2,410904.0334,583125.5809,330222.8718,405655.6115,497620.7058,525402.0844,452571.8068,268874.6764,376706.7456,430779.7172,242560.305,295182.0852,702528.3334,460988.3117,236414.0153,279754.19
A2AJ88_S1280___2,63439.45244,63604.82598,64353.85697,89673.21549,76928.92517,109227.927,89615.41372,72775.87799,77028.08085,75094.48488,75556.93,68565.46461,85714.39708,72270.27834,80167.26504,62590.22242
A2AJI0_S95___2,68513.43318,101575.136,52908.58567,65787.49499,95243.94545,79146.73547,76904.03991,57108.7394,85630.20085,106456.1927,49426.27677,39934.87411,81055.67756,88029.87817,47232.35163,40809.99961
A2ALK8_S372___2,125635.9374,180856.3707,92366.90569,121004.3151,208473.5572,136238.2381,152376.8549,98388.23251,141605.5262,526237.1298,82235.8915,110447.2118,173699.5266,158595.7999,78722.06754,119463.9931
A2ALU4_S1043___2,97856.62626,81709.78888,77365.51205,85403.76624,75691.82046,69814.76418,91887.55031,82475.04825,85369.91759,67750.09038,83009.13827,82242.49451,66882.04165,71148.94839,73539.22451,87045.23128
A2AR02_S354___2,132160.8295,182483.4264,165487.5083,190674.9665,167318.9693,141461.6645,157995.1044,235122.714,164424.684,150516.7924,192486.3187,188221.1946,194802.6324,159450.2666,234406.9685,211355.19
A2ASQ1_S569___2,18589.75446,15131.6547,18932.37456,17124.20932,22404.60026,14216.40006,16539.38767,15860.55,13352.9882,10229.5241,20647.3403,21982.56754,18178.15641,13326.76246,18544.45686,19627.95514
A2ASQ1_S571___2,18589.75446,15131.6547,18932.37456,17124.20932,22404.60026,14216.40006,16539.38767,15860.55,13352.9882,10229.5241,20647.3403,21982.56754,18178.15641,13326.76246,18544.45686,19627.95514
A2ASS6_S33875___2,1058510.979,1303347.582,969286.8485,1026398.857,1438653.473,1432082.178,227312.027,561378.7903,1163792.867,994525.6058,952548.5622,513623.332,718437.9992,1363842.864,744334.4272,1195464.657
A2ASS6_S33880___2,1058510.979,1303347.582,969286.8485,1026398.857,1438653.473,1432082.178,227312.027,561378.7903,1163792.867,994525.6058,952548.5622,513623.332,718437.9992,1363842.864,744334.4272,1195464.657
A2ASS6_S34063___2,8213398.627,10610247.21,9301705.278,8549218.061,11915295.62,13602219.51,3962194.429,5012853.593,10189768.08,12603455.92,6862596.018,5795642.687,7272806.164,14266392.79,7208770.609,7429486.157
A2ASS6_S34065___2,8213398.627,10610247.21,9301705.278,8549218.061,11915295.62,13602219.51,3962194.429,5012853.593,10189768.08,12603455.92,6862596.018,5795642.687,7272806.164,14266392.79,7208770.609,7429486.157
A2BH40_S697___2,180659.9794,185303.8958,135952.9236,137038.7238,146694.4174,157844.7565,142854.3669,110046.7329,175692.5681,102741.0117,154449.907,158533.324,218664.8216,141808.886,126156.0677,133460.3888
A2BH40_S699___2,9473.455349,10605.30494,9978.693359,10553.10642,9637.889613,13663.50081,12178.12056,10374.65877,10659.85273,6220.131418,9737.802012,11953.33355,11847.52734,9196.441412,9938.721202,12184.61741
A2BH40_S703___2,172497.6905,175627.0308,126177.5337,126832.7145,137222.7798,142821.5851,131357.2228,100476.4752,165632.0624,96877.18578,144500.527,146899.9203,208224.1012,132820.9741,116587.8681,122140.6071
A2BH40_S1756___2,73539.39267,67757.95923,63195.41248,73290.01749,53036.19861,70715.56084,67942.66545,52871.97567,77748.73803,48642.31531,59666.37252,75876.35627,63818.33234,53004.49396,71024.17464,68722.39754
A3KGS3_S373___2,40482.45117,49729.37082,50904.56957,58407.6976,43270.30189,46787.1325,49126.82671,42216.02871,46202.40988,91851.51538,63923.99196,56410.76705,64775.68776,50510.19524,51336.31178,57801.74518
A3KGS3_S376___2,40482.45117,49729.37082,50904.56957,58407.6976,43270.30189,46787.1325,49126.82671,42216.02871,46202.40988,91851.51538,63923.99196,56410.76705,64775.68776,50510.19524,51336.31178,57801.74518
A3KGS3_S820___2,326401.8438,452320.0152,421540.6982,391156.28,396233.5835,419305.6914,341667.4943,282445.8826,418570.1741,624989.1392,394294.7535,315928.1911,528545.0583,420202.3981,369881.7767,337728.0736
A6X8Z5_S343___2,182217.3229,113005.1467,133202.0683,111065.1323,130493.5341,162684.5589,132766.1587,128058.4228,154796.8648,152666.7044,97125.85493,110432.539,128974.472,175570.2661,120672.7507,121055.9429
A6X8Z5_S765___2,48715.95802,46123.32232,38631.896,40792.00024,36116.18409,49431.89925,48048.43961,34351.32746,39435.32064,55086.64381,33327.95239,38029.11358,55818.83631,60532.21823,36225.59055,40382.083
A6X919_S22___2,101519.5251,95063.83498,108541.3538,90085.56698,93712.28206,98275.88503,108145.3698,123905.8278,79649.97812,75867.79678,112612.7571,121460.3441,84351.63579,72775.926,91057.6161,110395.6634
B1AY13_S2078___2,65007.66851,47807.13744,52382.98001,52019.31917,51333.57909,68130.90842,56832.58022,52060.50664,59265.12397,66475.66079,50395.08557,41802.90637,58863.79439,51926.36881,42907.42998,37661.57938
B2RQE8_S665___2,31287.17743,38084.10038,46943.61478,41046.05725,44686.799,59548.61322,40676.96225,50378.16618,46325.83723,37226.57782,44001.6353,45710.4721,57683.56659,43184.98418,41113.53774,34991.9955
B2RQE8_S680___2,31287.17743,38084.10038,46943.61478,41046.05725,44686.799,59548.61322,40676.96225,50378.16618,46325.83723,37226.57782,44001.6353,45710.4721,57683.56659,43184.98418,41113.53774,34991.9955
B2RQE8_S707___2,38706.91167,58758.08261,44042.08403,50568.74112,53691.08253,41906.31423,50908.64403,62775.27291,57185.56121,39878.59912,43075.16988,36677.95919,46700.11878,37759.39202,31441.80312,33202.17177
B2RQE8_S720___2,351192.1025,427485.2787,377433.5795,342318.5547,472134.6576,409977.1413,381456.8677,443623.8176,333447.5627,450176.9445,311075.1861,307952.6463,393046.1894,294437.6862,308012.3779,270000.9203
B2RQE8_S723___2,351192.1025,427485.2787,377433.5795,342318.5547,472134.6576,409977.1413,381456.8677,443623.8176,333447.5627,450176.9445,311075.1861,307952.6463,393046.1894,294437.6862,308012.3779,270000.9203
B2RX12_S903___2,28153.64567,51412.54444,48521.18138,54282.09151,40130.961,25940.25856,67756.80747,54244.12298,30398.55112,23307.56202,55767.87198,43376.47489,32875.52467,30793.12775,36817.41371,28965.54745
B2RX12_S906___2,13855.89585,27837.13384,26820.74106,29106.62648,20443.64817,13006.02805,33011.1849,37971.57334,15921.36461,10804.55902,29033.07385,24817.38016,16027.40347,15992.93992,24539.66905,24006.09925
D3YXK2_S623___2,108850.358,219744.1682,142662.5472,136267.6312,162072.1372,136988.1394,191333.8387,163902.0173,77486.46596,105050.4656,86261.01563,74324.71835,112188.2682,92961.57327,60850.30662,64129.47302
D3YXK2_S626___2,108850.358,219744.1682,142662.5472,136267.6312,162072.1372,136988.1394,191333.8387,163902.0173,77486.46596,105050.4656,86261.01563,74324.71835,112188.2682,92961.57327,60850.30662,64129.47302
D3YZP9_S233___2,107950.0419,151911.9169,100521.6879,102961.5104,149564.7581,120549.4642,101323.7992,130464.1415,140043.1568,121602.4491,126252.3918,109563.4479,141407.1149,135645.3511,108139.6182,122718.1653
D3YZP9_S237___2,107950.0419,151911.9169,100521.6879,102961.5104,149564.7581,120549.4642,101323.7992,130464.1415,140043.1568,121602.4491,126252.3918,109563.4479,141407.1149,135645.3511,108139.6182,122718.1653
E9Q1P8_S440___2,33262.802,19913.03356,12753.53586,10501.31725,37215.51732,23706.36702,23439.88666,19648.59984,36840.56098,24775.02977,16141.18595,10892.72125,30851.529,27728.45953,17965.14974,29191.36278
E9Q1P8_S443___2,69363.10579,41524.7595,25895.17979,19674.94495,77605.72501,49435.01884,39164.62265,36623.31222,76823.82647,51663.50721,31501.0161,27983.58752,64334.86481,57822.31069,31322.76888,50468.18059
E9Q394_S1870___2,91176.6693,102722.4269,82611.39438,98548.19396,94690.64145,75526.37148,122967.2058,91693.26301,79559.83812,68699.62262,87059.27533,72341.13243,86020.89761,59152.1288,63049.68786,60062.64679
E9Q394_S1873___2,91176.6693,102722.4269,82611.39438,98548.19396,94690.64145,75526.37148,122967.2058,91693.26301,79559.83812,68699.62262,87059.27533,72341.13243,86020.89761,59152.1288,63049.68786,60062.64679
E9Q394_S1586___2,318220.3417,397935.5172,258982.2562,302403.5013,324046.3703,311650.5028,367382.4674,194033.0123,284437.8598,260504.5491,251659.1819,205034.7117,367618.7913,301550.5357,246907.1332,148251.3413
E9Q394_S1591___2,318220.3417,397935.5172,258982.2562,302403.5013,324046.3703,311650.5028,367382.4674,194033.0123,284437.8598,260504.5491,251659.1819,205034.7117,367618.7913,301550.5357,246907.1332,148251.3413
E9Q557_S2832___2,296941.3684,352438.5623,326798.6296,356468.6548,425282.2675,464203.9108,307411.2091,330058.1114,333586.9601,254248.233,307502.3333,290867.7297,362528.8361,309225.6003,251391.2904,348655.2697
E9Q557_S2836___2,752637.1833,889189.7882,879695.4896,895675.6042,1035403.746,1087634.779,837729.2396,952161.9103,855266.3299,651585.4514,776165.4929,696830.6961,909595.7373,802521.4712,554044.6711,701844.4612
E9Q557_S2618___2,79921.4104,100513.8747,101706.0592,79795.17796,206690.3479,294610.6914,146483.6065,118049.3778,71857.39336,88255.52396,63402.31848,46054.353,88373.98845,104822.7655,45429.96585,45498.91744
E9Q634_S1001___2,727273.297,968372.7135,768972.5786,660684.8396,1025271.962,896719.8443,909939.5837,878983.8588,415531.0858,503866.3397,575775.1098,421673.6258,590226.1442,524678.6393,288165.2449,201769.789
E9Q634_S1004___2,577139.2362,724618.072,671497.9332,528660.0666,800878.6025,706363.5084,731700.6306,761365.0454,359304.2906,432863.1214,468372.0576,329556.1861,484457.5638,435653.5773,230208.2783,159048.7677
E9Q6P5_S677___2,216536.1108,200603.9229,190474.4083,181635.7523,233857.7759,251452.6009,219217.2771,177988.6327,217327.8996,240539.2433,226583.1347,184906.0294,230002.5365,203889.4489,176016.4528,165676.1571
E9Q6P5_S678___2,235581.1981,218247.7201,212613.9869,202287.8394,254426.3625,273568.7122,235264.1418,196352.706,236442.6274,261695.4877,244356.5833,203993.271,250232.0417,221822.2192,193665.5912,179830.1626
E9QAT4_S2053___2,699376.0843,862708.1563,601973.3524,530326.2944,988282.1382,1044045.705,610544.2515,503532.5746,907897.8832,1528783.138,610781.8164,604105.5863,1052225.069,828493.6796,562007.6618,540343.599
E9QAT4_S2058___2,165781.9564,196233.3186,178033.634,138437.2225,239241.2032,242050.472,153474.4033,166747.519,211630.4926,307775.9729,139051.5486,165567.9703,248816.2281,217365.7219,152300.201,149240.1218
E9QAT4_S2063___2,118261.2023,135499.4198,129421.4268,98584.91358,166267.0848,159634.2249,107176.3123,114292.0901,129384.8003,186368.4594,101904.4343,118679.2275,158777.2943,141035.2218,105939.8715,110331.8151
E9QAT4_S2070___2,529979.032,676082.5682,443420.7895,403388.0289,739217.1219,811336.6752,465749.6057,372172.2768,704611.0914,1264564.558,464602.5583,452920.7934,808492.091,617163.1624,423773.1953,395263.0185
E9QAT4_S1028___2,12050.3107,10860.5907,11661.96409,10715.4604,11348.22791,14749.57273,12021.37706,13843.28664,11438.16186,7968.649299,12166.36689,12301.48204,13561.97971,10717.18123,10882.12591,11765.40257
E9QAT4_S1030___2,23978.48113,23089.64495,19269.964,17705.98285,25578.28912,28197.25585,19863.84982,22874.33174,22816.64854,26264.56691,20103.42771,20326.68892,27591.29173,20689.30836,17981.37714,19440.88339
E9QAT4_S1032___2,22728.29457,21595.15155,18671.03213,14661.38291,23655.12479,26954.37127,19735.1724,26009.84157,21615.71176,22846.78499,21115.53414,19294.75571,26033.59187,19736.01335,17161.39982,15991.12038
F8VPU2_S892___2,54917.84323,36121.57468,55913.79125,63092.171,43236.59484,47149.36283,58853.0347,63544.86297,44113.64051,42930.62406,58665.33063,59921.93216,31770.6185,30770.99751,63562.8542,60716.03755
F8VPU2_S899___2,10434.0525,7724.9877,9200.203872,11477.6358,8644.038784,10258.05175,11449.06971,12050.59112,9538.105898,9471.32129,10218.55842,10459.9567,6736.536689,7289.887349,11078.87436,11581.18458
F8VPU2_S902___2,12465.28404,11057.0324,13841.01167,18745.81284,8947.730083,10975.42801,20222.33568,17057.30315,10096.35858,6913.517146,17318.53182,15453.15946,12206.65014,11136.26868,15454.86852,18625.39877
G5E829_S1155___2,705734.109,805074.7712,789194.0182,730938.6479,881374.1913,842604.2743,906292.9435,778359.405,685865.9993,886475.534,446135.3735,454148.0828,885606.3318,837138.4288,620886.9869,478503.504
G5E829_S1177___2,58593.38614,64078.05238,39634.71266,40269.50373,80090.38324,98780.39654,48515.97617,50686.0079,92838.87071,124622.4477,35800.65102,42440.06645,90929.08274,97916.40337,45240.91994,56621.54689
G5E829_S1178___2,73840.04468,72058.7459,45243.86855,45968.49607,91904.33243,110167.9027,55382.01998,57859.15741,103274.9328,137076.0945,40867.20554,48446.23965,105930.0921,107568.9792,51643.47355,64634.70157
G5E870_S310___2,143115.768,110608.2627,125062.7575,127995.5412,111381.9752,111224.0626,126546.0175,146751.7914,113616.3479,85338.00722,141209.3666,134737.7543,103979.1336,100265.1431,133800.9472,146958.6985
G5E870_S312___2,143115.768,110608.2627,125062.7575,127995.5412,111381.9752,111224.0626,126546.0175,146751.7914,113616.3479,85338.00722,141209.3666,134737.7543,103979.1336,100265.1431,133800.9472,146958.6985
G5E870_S1350___2,116958.1215,125362.2662,115477.5311,124825.5575,128095.5899,120706.099,126236.9915,152991.4068,120655.6956,148397.0789,118005.09,140151.6199,140613.9985,144543.383,134121.2435,163970.6959
G5E870_S1355___2,116958.1215,125362.2662,115477.5311,124825.5575,128095.5899,120706.099,126236.9915,152991.4068,120655.6956,148397.0789,118005.09,140151.6199,140613.9985,144543.383,134121.2435,163970.6959
G5E8K5_S917___2,23503.52166,32968.87951,21240.5582,18448.28728,36872.94639,26378.94512,21446.52831,19802.90534,27129.76977,18910.02585,20012.42648,13426.94234,29842.08096,26992.69583,15640.544,14419.06055
O08539_S296___2,327890.8993,374650.1924,399834.4921,542274.3697,290274.3404,289194.1782,326575.6086,506938.7736,285391.3723,260242.9005,452214.9947,357581.1659,304683.9756,381563.5284,487164.961,585523.3181
O08539_S298___2,217893.0056,230335.782,308001.4212,349704.1463,180999.2626,171986.0468,208593.4047,372817.7708,158053.4165,138401.99,311597.4655,245907.9094,174320.2136,224963.4107,328830.2049,406453.9418
O08539_S304___2,258064.7689,316087.3618,331896.8866,463528.8587,242007.4139,250569.4066,297092.7978,366403.694,260582.3093,244135.9709,393946.97,302818.4376,271839.2162,332840.0004,381267.2502,472825.9414
O08582_S44___2,525177.984,671345.8994,505129.0964,556367.9061,671508.2603,727286.3056,616843.7293,507167.4655,662530.9456,823414.615,503857.805,496253.8023,932560.3935,620198.8573,564078.4129,540143.789
O08582_S47___2,525177.984,671345.8994,505129.0964,556367.9061,671508.2603,727286.3056,616843.7293,507167.4655,662530.9456,823414.615,503857.805,496253.8023,932560.3935,620198.8573,564078.4129,540143.789
O08582_S8___2,714032.8453,809449.4578,639125.7028,630602.7364,729256.2149,727603.9211,711992.3405,696712.5818,684103.4014,832249.3371,583170.5982,572922.1845,863977.027,789076.5731,685926.0429,687055.812
O08582_S25___2,760837.2677,862508.3817,697993.6041,695926.818,777058.5201,775297.9194,782973.561,745771.8285,728945.9669,886802.7794,641714.9842,636320.504,920610.2002,840800.0667,750755.9012,749086.7094
O08609_S45___2,143816.2752,128049.71,77273.20668,80413.56946,128185.2297,137654.054,92746.67392,77160.21039,111408.7786,98882.24629,93234.15168,78147.41821,140676.7048,75181.52464,70442.93211,56855.24619
O08609_S48___2,143816.2752,128049.71,77273.20668,80413.56946,128185.2297,137654.054,92746.67392,77160.21039,111408.7786,98882.24629,93234.15168,78147.41821,140676.7048,75181.52464,70442.93211,56855.24619
O08715_S101___2,14342.80592,19234.95421,11764.20942,12177.44962,15685.60637,15451.60176,15398.35343,17117.57556,10486.40939,11477.80083,12569.57775,8533.593419,12765.00801,12629.02081,10582.77085,12581.74678
O08715_S103___2,14342.80592,19234.95421,11764.20942,12177.44962,15685.60637,15451.60176,15398.35343,17117.57556,10486.40939,11477.80083,12569.57775,8533.593419,12765.00801,12629.02081,10582.77085,12581.74678
O08784_S169___2,1207550.996,1020987.773,1511766.112,1386919.23,1699541.315,1409462.104,1803975.922,929206.2365,1494041.159,2294678.937,1036274.927,1363918.424,1467295.527,1249788.151,1086601.645,706728.4268
O08796_S440___2,57824.8827,74787.42764,76636.5588,77935.5993,56912.56675,49928.93888,61190.85046,57996.83886,52969.65981,34121.28805,48321.0998,48852.64031,44653.06824,32751.47876,56459.08315,58513.42564
O08796_S444___2,125667.5992,126942.802,154182.1987,160181.677,110714.6992,111953.859,119221.8389,117471.745,118646.6027,69291.19851,114462.353,111305.512,97177.62977,69789.28054,119724.1381,150976.9377
O08796_S448___2,66935.99436,62261.22922,74209.69465,80166.22048,57020.79924,60149.73056,53865.22863,57265.30979,63726.05031,36175.9706,70737.27582,65383.48021,51782.2012,36963.81345,63194.26341,102842.7403
O09106_S421___2,701439.0162,440749.7884,412819.7002,475219.205,587731.7559,535538.5741,540890.9,460784.291,687224.8652,578807.4141,712394.807,446614.8991,597827.6118,525764.3466,427971.0696,353044.1512
O09106_S423___2,701439.0162,440749.7884,412819.7002,475219.205,587731.7559,535538.5741,540890.9,460784.291,687224.8652,578807.4141,712394.807,446614.8991,597827.6118,525764.3466,427971.0696,353044.1512
O35099_S1036___2,535408.371,745461.8986,487027.6469,630708.9104,1010746.247,1076291.107,663819.2521,591167.3358,735117.7387,542004.0794,521269.7475,446295.9646,625173.1655,583934.207,480656.2149,464614.4117
O35099_S1040___2,535408.371,745461.8986,487027.6469,630708.9104,1010746.247,1076291.107,663819.2521,591167.3358,735117.7387,542004.0794,521269.7475,446295.9646,625173.1655,583934.207,480656.2149,464614.4117
O35099_S973___2,84696.42773,167091.8896,97691.56352,98863.53424,156156.1559,122175.5821,122866.3003,89187.2638,140240.8006,93591.7402,87025.97688,67435.13253,114988.9305,90861.85468,85379.04585,69767.03079
O35099_S993___2,65792.42662,129797.4564,74157.70535,82129.12152,121302.5473,94906.34064,92080.36286,67060.08368,108939.4539,72702.33072,71617.37018,44757.03168,89323.72913,70581.74786,62644.74678,53014.72376
O35295_S6___2,23780.84873,32102.10273,26331.72628,32968.28215,20134.44207,28393.71842,33325.91675,36569.31627,23217.37932,24289.16399,30752.6523,45117.2526,20552.76818,17472.57838,36993.34137,34981.52238
O35295_S8___2,23780.84873,32102.10273,26331.72628,32968.28215,20134.44207,28393.71842,33325.91675,36569.31627,23217.37932,24289.16399,30752.6523,45117.2526,20552.76818,17472.57838,36993.34137,34981.52238
O35295_S310___2,17873.56939,26320.98414,22353.16536,25810.08798,18286.52735,20507.3134,26170.54466,22284.93906,22512.64718,23711.98135,23184.27737,26745.9801,20521.09418,19565.04826,23175.12406,29913.06949
O35295_S316___2,17873.56939,26320.98414,22353.16536,25810.08798,18286.52735,20507.3134,26170.54466,22284.93906,22512.64718,23711.98135,23184.27737,26745.9801,20521.09418,19565.04826,23175.12406,29913.06949
O35344_S56___2,185174.4647,196470.9204,231525.1039,321521.0893,250141.6553,264865.4725,329304.8403,229896.4461,236651.9537,228793.5882,275724.8162,265500.826,249346.7505,245849.8245,260485.2937,242677.8854
O35344_S60___2,185174.4647,196470.9204,231525.1039,321521.0893,250141.6553,264865.4725,329304.8403,229896.4461,236651.9537,228793.5882,275724.8162,265500.826,249346.7505,245849.8245,260485.2937,242677.8854
O35930_S711___2,232807.2761,209536.4088,176655.4627,171188.1696,362981.0316,333196.2843,177057.45,201787.9555,274836.6133,410191.9599,268252.5698,181049.3779,332746.9283,262255.0736,155256.4439,214598.5885
O35930_S714___2,232807.2761,209536.4088,176655.4627,171188.1696,362981.0316,333196.2843,177057.45,201787.9555,274836.6133,410191.9599,268252.5698,181049.3779,332746.9283,262255.0736,155256.4439,214598.5885
O54724_S38___2,313674.5478,336507.4292,348116.2625,400101.6486,348974.284,316870.1408,235090.0234,164567.4671,313336.9838,304982.1666,334532.9324,309447.5137,423120.6637,386679.7905,321744.1408,318859.4519
O54724_S42___2,263358.4285,287990.1516,318801.7916,366409.5481,310092.7251,323439.7139,215293.3623,150709.4296,304219.3536,321426.5912,306362.2982,283389.2937,322264.6109,288140.4528,294650.436,292008.6634
O54774_S755___2,62377.38411,66570.79009,97990.36304,76266.11281,65348.616,69604.44354,87391.57989,85977.91423,60162.41751,53458.51495,101753.4991,88601.22009,65222.95065,61784.73254,85582.01726,81292.27375
O54774_S760___2,55265.49031,61644.32957,87345.1589,68061.19414,58876.28123,59403.39759,79649.79555,74425.17002,51933.04156,47366.13266,87566.64457,73930.48758,55028.21266,52897.31635,71420.7081,65589.95705
O54774_S685___2,132558.6289,150965.5905,129837.0508,152146.848,154433.629,144921.6849,124516.6882,100418.4529,249494.7377,200880.7086,235577.4335,284578.6795,232237.6487,237376.6927,231202.1967,241377.7436
O54774_S686___2,215234.2096,244128.4835,223460.4189,261857.4449,256234.135,241466.4936,214303.63,172828.5524,418745.324,296668.3243,405448.4574,489783.6982,412563.6742,409118.5876,397918.309,415431.276
O54988_S647___2,193013.5408,232850.8988,217751.4301,209840.683,235863.1954,284274.9367,226146.3364,196011.3641,220801.7321,247259.8973,211810.1508,224290.3729,252395.361,268882.6176,176546.4531,221135.1981
O55033_S94___2,6541.370927,5026.780542,5832.425775,4355.694876,4761.925294,5185.286084,7328.092498,6172.068922,5412.677243,4209.565538,5637.933556,4688.38657,4609.194887,6779.732795,6031.557871,8118.122939
O55201_S664___2,52237.43425,50228.82655,43251.28538,52737.97376,64747.08333,73304.40395,47368.8881,40940.91141,67517.85652,67521.06772,57027.50189,48219.88066,75571.94351,70260.42746,37570.13923,42014.67588
O70194_S529___2,1005750.724,1223878.639,772045.2832,875810.4124,1092664.966,1197257.696,748050.3613,715663.9891,1177916.223,1552679.236,706694.1634,853994.4773,1357908.538,1233171.332,788784.143,829765.4931
O70305_S832___2,1059423.904,875805.8833,943040.051,1212675.425,978254.3406,1036205.584,1044984.694,1093273.502,1093700.489,681145.6139,1260206.509,1278366.718,898587.3829,850464.29,1096361.046,1282735.026
O70305_S834___2,826836.9594,688541.784,744249.2519,740932.284,630833.2557,809551.1475,655893.1508,713979.2459,796097.0946,648024.9334,867731.8937,917326.7829,658189.3952,656407.4303,672937.2432,800185.7159
O70305_S836___2,1654156.324,1377115.294,1595340.242,1605401.195,1533709.796,1655537.531,1419346.589,1542146.833,1708973.462,1070745.992,1870100.469,1973585.522,1424055.468,1354755.719,1457842.009,1732086.419
O70551_S450___2,1320113.182,1629536.806,1627983.401,1465274.109,1543647.757,1697787.894,1714611.081,1626486.142,1460545.892,1757704.391,1344841.638,1382775.375,1904932.308,1509553.884,2117169.955,1603168.899
O70570_S680___2,106890.1136,116873.642,80681.61702,97219.90818,114782.3694,110034.3715,133690.3053,89507.74463,131834.6446,153909.6652,105701.7992,103888.3277,202239.8201,159110.2699,94519.16635,117653.3682
O70585_S524___2,2303.663624,2816.312313,2394.039416,3228.857013,1410.166304,2296.120921,3873.909765,2823.855971,1914.574794,1677.097564,2533.966302,1739.359404,1970.381602,3377.497009,2330.173445,1403.176649
O88286_S1045___2,402961.4341,723960.8996,252427.4441,244292.4719,360507.8183,230671.875,347788.365,232096.4633,255944.0332,280188.1824,241470.9468,258263.2284,571717.5323,377587.7734,361993.349,105092.4011
O88286_S1050___2,402961.4341,723960.8996,252427.4441,244292.4719,360507.8183,230671.875,347788.365,232096.4633,255944.0332,280188.1824,241470.9468,258263.2284,571717.5323,377587.7734,361993.349,105092.4011
O88343_S1029___2,54971.83244,81008.95267,61419.77857,64886.30648,74379.35595,56458.72297,75123.59422,59634.12386,65041.16729,60186.03006,52856.7485,71794.98261,52192.95798,66470.48652,60303.88102,52478.94795
O88343_S1034___2,54971.83244,81008.95267,61419.77857,64886.30648,74379.35595,56458.72297,75123.59422,59634.12386,65041.16729,60186.03006,52856.7485,71794.98261,52192.95798,66470.48652,60303.88102,52478.94795
O88343_S65___2,738640.481,1078374.343,1081119.744,1140499.329,1209573.322,1163038.877,1213027.05,1043791.68,1094716.803,1229237.78,1028901.831,1187540.317,1290318.449,1272254.244,1139292.143,1103505.128
O88343_S68___2,738640.481,1078374.343,1081119.744,1140499.329,1209573.322,1163038.877,1213027.05,1043791.68,1094716.803,1229237.78,1028901.831,1187540.317,1290318.449,1272254.244,1139292.143,1103505.128
O88343_S262___2,558221.7433,519505.8648,679859.3351,641317.0985,469931.2169,376918.3661,759730.6858,654115.2501,495289.7947,207450.8179,810073.1933,684735.972,368449.5823,380408.8537,512911.1088,349862.3794
O88622_S311___2,7159.430905,6684.558404,8468.193062,9401.279508,9057.772965,9611.506643,11319.42342,10179.84608,8645.471896,4430.202493,11903.92109,10415.44167,10947.96217,5780.751173,9765.488322,10309.16184
O88792_S285___2,3268546.315,2238206.646,3458041.24,2333805.541,3355856.209,3099164.843,2136898.68,2314324.688,3192853.805,2581241.43,2925211.071,2505707.396,3674421.47,2742688.133,1812594.737,1497878.992
O88792_S288___2,2551343.793,1747086.956,2653025.587,1832761.931,2619495.667,2419128.941,1737012.909,1843940.778,2492260.152,2014851.15,2322261.637,1996420.342,2868159.575,2140872.323,1487366.042,1219438.165
O88874_S325___2,104359.9988,211249.7667,86826.88404,88763.60571,87805.11292,124862.1893,110940.0024,101098.4341,137462.5259,159569.3347,109315.3128,101227.7206,185433.1115,156402.7204,91184.71026,110990.3692
O88874_S329___2,104359.9988,211249.7667,86826.88404,88763.60571,87805.11292,124862.1893,110940.0024,101098.4341,137462.5259,159569.3347,109315.3128,101227.7206,185433.1115,156402.7204,91184.71026,110990.3692
P01901_S351___2,403604.345,539293.515,523992.2449,425913.572,602589.4362,493194.3311,578967.8727,527714.1008,461137.3105,506884.3457,483226.5095,397018.6976,557949.0918,504794.0696,409783.2131,320361.6537
P01901_S354___2,374510.7865,412903.0417,446856.1573,384892.5545,482792.2126,411697.3462,506451.3875,459694.7826,380449.1414,451582.6455,424377.7155,350496.1569,489448.5994,449952.6007,362989.7867,291247.3945
P08775_S1913___2,122082.6636,166503.9108,188965.1961,120835.7099,136067.7498,176490.2378,166252.9675,158733.3603,131009.3418,86092.04889,177070.1462,136681.2924,165046.5936,101391.3576,124678.6591,122068.6479
P11679_S21___2,91048.03688,84289.44173,79334.54996,70952.42976,97747.2594,78359.41236,86252.49622,88257.82514,63874.50478,50907.89939,70610.31352,60689.00516,64530.23861,55552.551,61694.40176,56391.3147
P11679_S22___2,75971.7119,76781.27461,71317.86412,63689.04886,85124.58002,77040.36721,82690.51154,81338.91304,55799.58695,43699.6747,65448.21903,55063.82603,57193.12116,44306.89023,61980.9628,49124.46028
P11679_S24___2,83600.84279,88772.96127,94078.35533,84138.47311,96039.30144,92513.25985,102281.9565,104659.9626,63064.59353,48897.18459,83732.77682,71967.65842,65159.713,47400.13632,73159.90138,66871.27039
P11679_S43___2,70413.38656,69658.09706,88123.29521,72268.91552,89628.81938,105813.7778,115985.226,100476.6267,56013.9474,57070.08273,55588.52035,45738.16803,62658.39517,47498.41898,38442.63024,28248.16057
P11679_S47___2,30196.10892,29872.21022,27016.10423,31729.4856,38436.46392,45377.2289,33642.58345,28581.23447,24021.04684,24473.96039,20710.14112,20187.78009,26870.45486,20369.24373,17960.7701,16883.57951
P11862_S184___2,285124.0244,277632.3175,394672.9191,374331.008,331241.0246,333008.7673,460276.6473,413256.8069,280400.0484,205967.4216,362722.1618,333389.1875,297710.8091,276920.7704,318396.3799,314605.8626
P11862_S188___2,285124.0244,277632.3175,394672.9191,374331.008,331241.0246,333008.7673,460276.6473,413256.8069,280400.0484,205967.4216,362722.1618,333389.1875,297710.8091,276920.7704,318396.3799,314605.8626
P14869_S304___2,20550269.47,20681212.17,17051660.76,18270862.19,23663064.1,22918157.03,19853525.02,16813457.33,22260108.71,26365925.6,18482282.98,18333751.29,25091401.44,22508486.99,17022635.42,18689592.11
P14869_S307___2,20550269.47,20681212.17,17051660.76,18270862.19,23663064.1,22918157.03,19853525.02,16813457.33,22260108.71,26365925.6,18482282.98,18333751.29,25091401.44,22508486.99,17022635.42,18689592.11
P15508_S2116___2,76307.1968,130386.4554,91204.4629,109629.5376,98122.12375,83884.76383,68160.21575,100833.959,113118.0578,103545.6505,86696.96003,85400.16923,88344.75847,80855.54581,79746.44253,96008.42018
P15508_S2119___2,89442.05078,152830.0403,100580.4171,119226.0332,115012.0086,98323.95397,79489.83705,107916.5508,132589.2116,121369.0938,98197.57743,98639.94304,103551.6531,94773.31284,81246.88807,90599.22961
P15920_S695___2,310419.6545,281570.0186,343743.6389,356386.0679,246454.849,230721.8271,345511.3808,223636.9181,217020.8297,203511.1824,195886.4802,165951.4439,163697.584,185075.6935,249395.2822,108046.2134
P15920_S700___2,310419.6545,281570.0186,343743.6389,356386.0679,246454.849,230721.8271,345511.3808,223636.9181,217020.8297,203511.1824,195886.4802,165951.4439,163697.584,185075.6935,249395.2822,108046.2134
P17095_S102___2,429971.2734,425844.8937,648395.8194,410251.6935,574056.0095,447421.7981,395125.4797,473412.6331,360822.2262,652384.9774,750544.6458,604848.7629,501285.3475,498486.3787,517327.468,470934.8063
P17095_S103___2,429971.2734,425844.8937,648395.8194,410251.6935,574056.0095,447421.7981,395125.4797,473412.6331,360822.2262,652384.9774,750544.6458,604848.7629,501285.3475,498486.3787,517327.468,470934.8063
P19973_S168___2,402648.4524,416308.7426,366858.6229,457669.0392,530432.8572,719003.4131,548331.0184,351435.2764,506563.7711,1286831.291,380910.7835,417157.3469,850108.3895,579558.6232,328296.5804,400081.9782
P19973_S180___2,333773.8897,303983.3321,215336.8411,404089.516,382727.8912,555910.6567,404533.7028,151161.962,453066.2183,910991.3953,383980.3635,387900.4463,665921.224,453765.9555,309123.1582,281938.9105
P19973_S184___2,333773.8897,303983.3321,215336.8411,404089.516,382727.8912,555910.6567,404533.7028,151161.962,453066.2183,910991.3953,383980.3635,387900.4463,665921.224,453765.9555,309123.1582,281938.9105
P23188_S772___2,37042.63885,33993.58479,62500.25714,37298.02268,52866.37889,47608.1439,37392.61973,37108.5779,38758.52985,36460.36293,49851.57527,42501.14937,43675.49663,32128.61372,30068.30265,39754.58519
P23188_S774___2,37042.63885,33993.58479,62500.25714,37298.02268,52866.37889,47608.1439,37392.61973,37108.5779,38758.52985,36460.36293,49851.57527,42501.14937,43675.49663,32128.61372,30068.30265,39754.58519
P24788_S578___2,89745.09867,119545.0355,167236.7883,138147.2776,130374.1606,99297.88683,129409.7705,119336.1462,103794.1185,167741.1412,114428.1309,160152.3247,132827.2407,168408.763,103759.8325,116390.7086
P24788_S741___2,87242.56838,117656.2637,151757.7485,147329.1285,122767.6292,125058.0742,131242.5169,100062.4506,146483.5081,129929.949,130102.2941,180208.4532,135857.4871,158957.2629,104775.4259,108414.7076
P26231_S641___2,567952.4195,590159.0487,644791.606,626005.0529,666707.6752,728742.8176,722664.5397,594688.045,578372.4255,843793.8519,525506.6786,532778.5398,669762.7587,648473.5813,520409.9655,488458.1301
P26231_S652___2,451321.8215,384612.9383,446384.7262,417484.8363,408543.8634,416838.3451,508342.9302,407346.2544,406137.904,383497.4813,358142.406,347096.8212,370431.2867,391930.8936,356672.8022,319716.0366
P26231_S655___2,47145.83287,47356.53786,40544.79001,46320.59589,46397.73496,44637.62487,47433.42162,45403.15486,52565.817,34557.83766,45440.64656,40948.21174,45406.66972,41817.46316,46164.35253,39215.6891
P29699_S309___2,1130137.392,898405.4577,912270.762,1049453.864,1064866.071,1033914.515,917888.4595,955870.8144,1031563.639,734473.5146,1029120.343,860233.089,787283.4344,1007641.96,981559.4023,1003344.588
P29699_S312___2,1991243.842,1596057.653,1277917.969,1575221.367,1891897.777,1893391.665,1871940.159,1491546.814,1952549.19,1389522.718,1988708.684,1802919.662,1485191.071,1807440.339,1340202.521,1553930.248
P29699_S314___2,1984905.105,1688157.431,1294189.197,1547806.331,1779200.704,1808113.319,1780876.423,1490833.205,2026330.07,1274974.933,1870854.756,1720753.822,1708960.049,1705420.925,1344117.316,1563592.242
P30204_S22___2,132932.4404,136971.9944,148504.7394,135494.9201,161907.7519,152781.6222,96808.21594,117361.2445,134399.5251,119593.4907,148623.9031,168277.6801,153073.1612,147587.7352,199390.7411,127926.7451
P30204_S25___2,132932.4404,136971.9944,148504.7394,135494.9201,161907.7519,152781.6222,96808.21594,117361.2445,134399.5251,119593.4907,148623.9031,168277.6801,153073.1612,147587.7352,199390.7411,127926.7451
P30999_S920___2,72058.0887,124301.3067,105259.5741,98544.97112,165177.5441,99362.78462,160963.8949,140087.2431,110001.3892,83003.82681,190843.4092,85402.48607,149569.975,79378.27393,116081.9736,79698.70562
P30999_S346___2,1888796.187,1137330.569,1246712.288,1508130.45,1741296.202,2183670.622,1548777.265,1363725.929,2149204.804,2107858.362,1591542.036,1816645.766,1935564.27,1862175.357,1969879.746,2055325.612
P30999_S349___2,3130772.955,1942436.247,2872559.717,2796004.361,2597348.442,3194011.242,2522356.749,2022622.728,3472192.824,3274149.092,2956026.257,2614398.28,2912570.125,2821808.959,2930500.781,2643015.547
P30999_S352___2,2020919.602,1452079.133,1494650.066,1439025.074,1004792.955,1020184.586,1313177.178,1078448.256,2103802.177,1804019.773,1517225.235,1363005.398,1100046.157,1285748.766,1574928.139,1403692.633
P31001_S28___2,643821.7225,671269.0873,574225.7518,599111.441,854980.4838,974020.0651,442627.3815,327706.8665,734470.8003,1293158.64,505628.7216,673772.3848,508638.1092,853446.4466,560815.2229,492970.8041
P31001_S32___2,757169.7011,789449.3092,647684.8334,698975.6062,1005504,1145501.085,561515.9192,397704.0918,863777.9945,1520825.574,562440.0644,757271.5945,598186.3482,1003699.888,617432.8497,583055.1129
P31324_S83___2,1008600.057,1025005.548,918818.5458,1175501.92,1168553.595,1406272.589,1067438.941,677630.2839,1100808.817,1242748.734,1733438.505,1285517.864,1129184.165,1375175.373,1017948.551,1182473.405
P31324_S85___2,1008600.057,1025005.548,918818.5458,1175501.92,1168553.595,1406272.589,1067438.941,677630.2839,1100808.817,1242748.734,1733438.505,1285517.864,1129184.165,1375175.373,1017948.551,1182473.405
P31750_S129___2,503216.833,495788.204,447710.2665,497648.9711,429616.6501,434214.1431,466601.5107,399619.6785,444626.9824,347648.1744,460535.7971,561619.6481,390104.0013,460508.2597,460457.5558,544835.5911
P35486_S293___2,405683.5516,528405.4566,579078.0465,533592.0694,461297.642,326187.845,416492.2027,555160.8853,324484.0504,340348.4831,356449.2925,273439.2946,387002.8736,351791.4859,334330.7243,209916.1496
P35486_S300___2,414255.4884,539570.4599,592615.7314,547644.8247,471044.6831,333080.0682,427657.0836,568442.4742,331340.2731,347539.9152,365927.7296,280168.1406,395180.0949,359224.7041,342052.5053,215128.5591
P35492_S631___2,215228.5608,326551.8052,253961.3632,230256.489,267110.3618,316975.5286,290683.5492,220883.9832,376353.6013,417176.9748,288819.6154,261709.883,527460.7786,376525.6993,298595.0507,304616.3288
P35492_S635___2,139606.188,221458.0828,180209.6986,149163.448,179052.4244,205494.4285,183035.66,153676.6969,239001.2826,272852.5248,188524.3229,162604.8978,342084.9903,246304.3144,188938.6997,194555.5322
P35564_S553___2,72937.93612,92157.50323,98311.88309,91388.43529,79969.34713,102738.9001,91081.72049,56995.67577,105433.1077,78455.97624,113743.4896,90457.46071,125192.6246,98947.80744,92361.20162,100274.0129
P35564_S563___2,72937.93612,92157.50323,98311.88309,91388.43529,79969.34713,102738.9001,91081.72049,56995.67577,105433.1077,78455.97624,113743.4896,90457.46071,125192.6246,98947.80744,92361.20162,100274.0129
P35831_S603___2,134342.6996,110809.6449,100115.8628,117547.2245,188171.407,192012.3616,122709.5165,116154.598,163316.9171,312739.8331,108146.3944,114009.1845,170104.7264,186057.0815,89322.84776,152944.164
P35831_S606___2,59942.84273,49442.54608,48473.18625,64141.71498,83960.86346,85674.67254,50727.3323,49515.42817,72870.95098,139542.4886,50110.06196,56093.40215,75899.62755,83017.46512,42059.66298,70271.31896
P35918_S1233___2,703731.3177,608367.873,263072.1933,268373.8821,661136.9358,684657.0253,285782.6511,299110.1746,671919.3971,677541.9302,363664.1318,190427.7548,636564.0161,569176.8992,365007.7828,205250.6445
P38532_S303___2,83210.47046,65427.25788,38707.29763,35210.81789,63994.62404,68633.27377,45358.63855,54477.17581,95498.48901,163176.8047,41028.82689,45073.93562,77361.59432,99516.53687,47923.65984,36473.92055
P38532_S307___2,83210.47046,65427.25788,38707.29763,35210.81789,63994.62404,68633.27377,45358.63855,54477.17581,95498.48901,163176.8047,41028.82689,45073.93562,77361.59432,99516.53687,47923.65984,36473.92055
P39447_S125___2,1526040.098,1978943.247,2028469.932,2169025.457,1729393.321,1899086.019,2094566.249,1845099.828,1639315.58,1847380.492,1885738.95,1881302.6,1865042.897,1823463.186,1823958.433,1904304.124
P39447_S131___2,1462833.577,1896316.644,1953852.023,2089237.169,1642144.454,1798010.739,2017516.966,1777227.246,1579864.759,1757101.187,1816371.446,1812098.289,1766365.528,1728218.776,1756863.544,1834253.694
P42128_S402___2,20966.63512,19319.91121,19187.86325,19735.72249,14875.10631,18092.66376,21571.36889,26315.61963,16017.00695,13860.55836,19520.38807,19662.47597,18436.79718,16564.12659,21821.25251,18592.0157
P42128_S406___2,46183.02827,34166.1405,33312.93511,36147.1504,27238.63512,33182.14875,40366.3155,38301.15818,36564.33208,32304.53734,72465.91622,56418.87252,37487.82412,30929.44865,61237.13672,44517.62424
P42128_S414___2,93024.35665,59540.89539,58871.56615,63472.04845,41388.14947,48109.43455,66903.23201,68097.58318,77437.14341,56493.70765,110608.6535,87559.60984,79780.20648,49552.75448,93942.94483,71021.81595
P42128_S229___2,213541.8533,153965.6713,92432.86533,114422.8932,121272.8856,181887.873,109700.3844,140552.0818,165531.3188,251666.0202,188040.8826,269980.3829,197743.9982,151675.697,148661.9878,193582.075
P42859_S398___2,116936.4046,153161.0448,172802.9806,143040.1717,165040.3166,137348.4287,150855.1039,129853.244,129571.4326,147947.3395,130847.7102,155415.5188,196418.6563,128300.9886,154553.5896,122202.898
P42859_S411___2,116936.4046,153161.0448,172802.9806,143040.1717,165040.3166,137348.4287,150855.1039,129853.244,129571.4326,147947.3395,130847.7102,155415.5188,196418.6563,128300.9886,154553.5896,122202.898
P48437_S291___2,200482.8443,208128.0989,241660.3082,278654.0718,187846.2389,222116.9442,225644.2425,219128.8273,190444.344,209934.6699,203083.131,212248.9942,217302.5393,220434.4116,191763.9292,279717.513
P48437_S295___2,200482.8443,208128.0989,241660.3082,278654.0718,187846.2389,222116.9442,225644.2425,219128.8273,190444.344,209934.6699,203083.131,212248.9942,217302.5393,220434.4116,191763.9292,279717.513
P48437_S177___2,16207.9421,12721.48318,14030.76544,19319.64239,13472.06081,14797.71554,16284.57513,19340.30839,11531.67891,10206.82153,13508.1168,12600.34097,10933.26371,13937.66429,9878.0895,18091.2762
P48437_S179___2,16207.9421,12721.48318,14030.76544,19319.64239,13472.06081,14797.71554,16284.57513,19340.30839,11531.67891,10206.82153,13508.1168,12600.34097,10933.26371,13937.66429,9878.0895,18091.2762
P48678_S390___2,43723.81865,41700.91417,28942.30462,31690.56889,46696.43006,44518.14829,50594.35425,37253.16113,46250.09498,62065.36586,35929.86969,34631.45243,61267.07228,54197.65279,39834.45311,52015.71014
P48678_S392___2,67113.66588,77863.79591,55434.65307,60698.54199,74455.41828,70244.72867,96905.91376,71352.85493,96282.80843,118704.8084,68818.28822,66331.36429,119042.2847,105429.2675,76296.93342,99628.30825
P49138_S3___2,124838.2087,121219.7725,68738.32449,97500.9018,170059.2153,159355.0912,83195.22685,87278.47869,137788.5067,699428.9652,100485.824,133489.0808,236904.662,279320.7117,90447.79361,132331.2881
P49138_S5___2,124838.2087,121219.7725,68738.32449,97500.9018,170059.2153,159355.0912,83195.22685,87278.47869,137788.5067,699428.9652,100485.824,133489.0808,236904.662,279320.7117,90447.79361,132331.2881
P49138_S16___2,219145.613,212793.6762,133167.2626,173566.3554,298528.2421,279737.8264,168370.7565,155594.7958,241879.0455,1227803.498,163288.9064,220408.1803,415871.2139,490329.9176,140793.6738,210738.4216
P49586_S319___2,16299.22722,15347.65003,16487.72852,12682.99276,13928.20567,11245.63177,16099.92515,13255.12336,14574.60647,20502.92538,14278.66488,12917.35149,21559.94651,19882.44775,18870.91241,17957.73422
P49586_S343___2,102695.7472,133628.8809,132207.04,117434.2808,122735.7818,107046.9197,120442.9978,114595.3224,107727.2833,158204.0123,93816.64966,105318.0755,174053.8623,127328.0564,132511.6742,97436.69575
P49586_S347___2,102695.7472,133628.8809,132207.04,117434.2808,122735.7818,107046.9197,120442.9978,114595.3224,107727.2833,158204.0123,93816.64966,105318.0755,174053.8623,127328.0564,132511.6742,97436.69575
P49698_S436___2,242641.9052,270614.0798,279377.3803,263997.7349,257712.5111,285112.0299,257789.7098,256305.9704,184853.8352,139607.7274,255756.6695,242407.3087,175302.239,174401.5793,247817.0754,238338.8282
P51612_S875___2,48154.7935,47224.51947,36645.41199,39573.9257,33212.44031,30705.2807,37036.48411,40996.76027,44695.98692,29958.35601,62731.44527,43357.27851,37039.49842,31660.4439,47564.26288,43694.49606
P51612_S876___2,48154.7935,47224.51947,36645.41199,39573.9257,33212.44031,30705.2807,37036.48411,40996.76027,44695.98692,29958.35601,62731.44527,43357.27851,37039.49842,31660.4439,47564.26288,43694.49606
P51859_S132___2,2194230.953,2284058.518,1905352.904,2404051.507,2214673.231,2526419.177,2282845.758,1931211.175,2714472.462,2189524.613,2356210.105,2661659.083,2522551.931,2295832.924,1778181.969,2209943.945
P51859_S133___2,2194230.953,2284058.518,1905352.904,2404051.507,2214673.231,2526419.177,2282845.758,1931211.175,2714472.462,2189524.613,2356210.105,2661659.083,2522551.931,2295832.924,1778181.969,2209943.945
P52479_S208___2,391219.2326,404376.8739,379122.1162,404471.1318,475506.0592,519516.0969,443820.5615,410476.5293,340756.1136,503456.1175,309151.5367,333745.2341,445861.9164,348135.7965,268512.1579,302465.208
P52479_S217___2,101126.7469,109003.4061,87659.3173,107612.8803,125390.3112,135640.6597,117628.4194,110149.5818,101360.4863,127997.0767,77454.87884,97459.98211,129713.9873,79096.35222,83609.27576,89180.0267
P52479_S223___2,291192.5644,295457.1482,289206.1608,296589.8143,350884.3685,385020.4484,325826.7886,300194.0459,237260.251,377371.1441,230757.2851,237370.1656,314011.8602,272563.1382,186563.9141,214397.9751
P53986_S220___2,102375.7106,101559.4243,83497.93689,99686.18874,85895.96941,84402.34326,113904.4503,104442.2066,90496.9033,64314.91078,116083.7793,88251.9121,103360.9376,72427.0187,107246.4771,115443.5886
P54103_S60___2,56080.20787,52564.83406,41647.75596,47665.81213,59971.19157,63538.2732,39548.94075,30002.54448,64377.54241,66351.60188,32449.0864,47446.45093,65891.01136,71143.47796,36119.67561,36211.92256
P54103_S63___2,56080.20787,52564.83406,41647.75596,47665.81213,59971.19157,63538.2732,39548.94075,30002.54448,64377.54241,66351.60188,32449.0864,47446.45093,65891.01136,71143.47796,36119.67561,36211.92256
P58468_S76___2,126850.9422,91278.51449,170074.5234,103095.3764,124174.0226,122797.9213,143742.5838,129911.7239,106363.9463,86079.64226,144539.6582,93358.42383,146176.9769,78108.85608,103471.8125,79886.33081
P58468_S79___2,126850.9422,91278.51449,170074.5234,103095.3764,124174.0226,122797.9213,143742.5838,129911.7239,106363.9463,86079.64226,144539.6582,93358.42383,146176.9769,78108.85608,103471.8125,79886.33081
P58501_S559___2,751200.3957,782935.2455,672360.4478,667873.0458,846959.0829,914597.6006,859475.9254,784608.3113,857916.2888,817352.2433,611701.594,757750.7615,879463.41,916725.667,831579.1495,857192.5943
P58501_S560___2,751200.3957,782935.2455,672360.4478,667873.0458,846959.0829,914597.6006,859475.9254,784608.3113,857916.2888,817352.2433,611701.594,757750.7615,879463.41,916725.667,831579.1495,857192.5943
P58735_S587___2,529450.9216,797338.9172,865199.2797,604503.8894,520738.1668,304422.9696,905148.0206,514194.8092,617613.7723,331837.3445,1104866.899,360178.5186,757304.3111,506800.2539,598420.5266,353592.0829
P58735_S590___2,529450.9216,797338.9172,865199.2797,604503.8894,520738.1668,304422.9696,905148.0206,514194.8092,617613.7723,331837.3445,1104866.899,360178.5186,757304.3111,506800.2539,598420.5266,353592.0829
P58871_S1611___2,319904.1177,473951.9677,456504.1807,383064.5069,299866.5096,272522.6771,471277.4317,369939.6819,388765.3935,242830.2004,497732.5182,421170.8109,277568.3834,230598.0773,448967.855,349510.0926
P58871_S1612___2,319904.1177,473951.9677,456504.1807,383064.5069,299866.5096,272522.6771,471277.4317,369939.6819,388765.3935,242830.2004,497732.5182,421170.8109,277568.3834,230598.0773,448967.855,349510.0926
P58871_S539___2,302969.4081,501400.8077,367386.5998,421573.4997,323250.7987,360671.8173,463074.3289,301869.6804,334426.284,433595.6761,291797.8928,275830.7422,316751.838,307362.3413,349289.9141,361469.2962
P58871_S496___2,103938.702,222044.1649,132327.3386,150361.2837,127353.2819,143772.4431,158939.8229,130706.1615,128329.4233,196887.8048,110586.1959,138786.8334,128789.0351,121137.414,135354.33,142847.0193
P58871_S500___2,103938.702,222044.1649,132327.3386,150361.2837,127353.2819,143772.4431,158939.8229,130706.1615,128329.4233,196887.8048,110586.1959,138786.8334,128789.0351,121137.414,135354.33,142847.0193
P58871_S887___2,10020.43218,28277.36234,18854.33573,16004.4955,14064.74334,9246.014495,20933.76651,20895.46532,11342.04992,7052.965207,13438.90185,13239.29329,11649.65911,7954.65347,16217.58356,15586.05796
P58871_S1373___2,149336.1576,262828.7361,137666.8433,166388.5476,171527.3923,206049.8027,175761.7588,134486.4619,169033.4588,200249.5353,106188.9749,150654.8745,179170.4228,173495.7932,144469.7388,148760.2145
P58871_S1375___2,149336.1576,262828.7361,137666.8433,166388.5476,171527.3923,206049.8027,175761.7588,134486.4619,169033.4588,200249.5353,106188.9749,150654.8745,179170.4228,173495.7932,144469.7388,148760.2145
P59017_S343___2,1809486.033,2302470.068,2155380.944,2537931.962,3149844.255,2366011.925,2764667.593,2768401.366,1591772.461,1302072.544,1426339.84,1382153.531,2241210.888,2043935.563,1680898.268,1055794.46
P59017_S347___2,2141876.741,2694022.321,2837759.234,3317692.814,2910558.264,2379585.413,3131916.928,3586801.665,2328611.238,1509483.707,1790916.408,1591213.052,2194491.775,1828803.469,1844665.802,959992.6156
P59325_S387___2,3754885.358,4040415.885,3793241.361,4630938.2,4080284.708,3865785.552,4385440.197,3600261.547,4427003.746,3908849.793,3705313.755,3810538.997,4487972.999,4390688.603,3653818.831,3835862.952
P59325_S388___2,3754885.358,4040415.885,3793241.361,4630938.2,4080284.708,3865785.552,4385440.197,3600261.547,4427003.746,3908849.793,3705313.755,3810538.997,4487972.999,4390688.603,3653818.831,3835862.952
P62046_S518___2,177552.4919,189144.8281,80661.68234,142838.4728,224845.5836,235769.0259,150099.5918,89918.40088,193248.901,220814.4601,105688.7747,212855.3732,220123.6454,235359.2718,108390.3073,235410.4895
P62046_S522___2,222598.5801,237131.9587,141578.6956,210520.8086,281890.2012,295584.9836,208107.9674,125647.8181,242277.2585,276836.3584,146079.4724,292902.7226,275970.28,295071.2726,143874.9473,327612.0594
P62754_S236___2,236016.0167,151918.7222,103071.5481,141579.6248,211252.9745,184649.8672,160508.5431,160679.8171,133681.5801,163992.9681,131198.3678,102634.6243,151940.3327,186630.8345,244269.1185,160509.5326
P62960_S172___2,48400.40099,48945.0347,55061.66538,50032.24735,56554.79339,46810.1445,60864.46057,50923.88798,45387.63314,53670.29922,58736.64106,49190.70257,46163.30994,44489.06758,40256.69106,72405.13543
P62960_S163___2,48400.40099,48945.0347,55061.66538,50032.24735,56554.79339,46810.1445,60864.46057,50923.88798,45387.63314,53670.29922,58736.64106,49190.70257,46163.30994,44489.06758,40256.69106,72405.13543
P70255_S324___2,2041021.957,1812288.769,2141218.104,2357262.377,1445711.439,1523969.663,1932781.91,1933859.606,1829131.941,1542074.015,2889308.525,2634949.273,1482452.915,1535869.517,2584464.567,2370083.265
P70255_S328___2,670610.2206,557599.7056,752339.4087,852115.5988,447336.0079,502937.5974,655429.5386,673897.0524,563822.6835,514647.4651,864976.5856,863137.2048,459075.0273,469396.1814,776348.1234,737587.6907
P70255_S330___2,1361847.248,1325703.173,1494064.8,1624682.466,1052587.93,1024346.602,1381034.108,1370664.77,1294732.916,1002014.286,1946382.449,1807002.711,1068722.21,1107344.701,1830748.254,1643190.462
P70255_S334___2,253940.0432,229895.8479,255687.1971,283654.2432,206434.6879,210520.7764,252214.5034,246063.8603,181461.3571,174194.0834,253051.1608,271853.4644,174691.5987,166235.272,264145.0412,230641.1385
P70255_S275___2,38423.88585,26865.97262,26735.97616,34877.10409,29013.3674,35573.36537,27082.80474,26801.29218,31095.26461,33955.22727,34843.76464,30389.90967,31236.17859,27457.50225,21137.55248,22909.60909
P70255_S285___2,120379.5714,116072.0745,110317.2886,142589.0019,114329.0622,102722.9524,112992.8491,104924.4075,125700.5246,129147.6184,150520.6578,147341.4541,133170.281,105003.3848,121311.1424,126549.7708
P70255_S296___2,148498.4813,135105.3634,131302.8734,169978.9606,134815.3963,128983.7431,134246.5367,126020.2903,149020.1311,153223.3847,177815.8029,170984.9583,154090.2997,124265.9172,137577.7032,144227.2759
P70302_S567___2,136967.9527,164340.4753,141066.6231,123291.1324,158129.5466,168948.66,194218.1302,148532.4222,94999.91325,142428.999,113841.2173,93296.0482,168961.5865,126805.9474,64251.60567,64397.57383
P70302_S575___2,136967.9527,164340.4753,141066.6231,123291.1324,158129.5466,168948.66,194218.1302,148532.4222,94999.91325,142428.999,113841.2173,93296.0482,168961.5865,126805.9474,64251.60567,64397.57383
P70302_S512___2,178946.6658,228307.6361,135573.5563,102839.9766,210405.7185,203704.5233,152146.9184,143946.8404,177169.8058,178306.3338,98155.25577,96013.08469,244280.8585,185331.7343,118852.2063,113521.7749
P70335_S1102___2,353745.8599,428578.2702,245691.9851,272642.3055,434316.7841,384957.2101,293861.6167,282271.5579,402386.2648,565227.7902,252439.9232,221154.4985,541081.7452,423901.7684,224968.787,246503.0873
P70335_S1105___2,412013.8752,499172.4679,287550.0077,292801.6333,505856.2136,448366.2705,328981.7458,287248.7367,468666.1896,658330.5095,253401.8785,264824.4527,630207.1964,493725.666,250699.3869,277885.967
P70398_S1593___2,209268.0342,232471.5702,199853.0432,221516.6148,264599.5237,271171.2767,197931.2298,189132.2613,241046.9271,304183.1289,181803.5583,191411.8766,276138.3074,267166.4873,185057.3406,190685.2533
P70398_S1600___2,209268.0342,232471.5702,199853.0432,221516.6148,264599.5237,271171.2767,197931.2298,189132.2613,241046.9271,304183.1289,181803.5583,191411.8766,276138.3074,267166.4873,185057.3406,190685.2533
P70441_S275___2,310230.8938,278367.141,370127.7505,396207.1852,378354.4726,349056.2677,485851.2154,339981.4932,369934.5438,376364.8921,385458.9489,387638.5408,308373.9024,264293.1153,257965.7846,238359.3475
P70441_S285___2,52204.18993,52868.67244,56337.64909,48439.46576,71341.69286,68873.55818,65357.95739,60023.4093,51664.00668,90082.26419,53838.49145,52441.6642,64965.00141,62667.97559,40703.75466,41201.09271
P70441_S286___2,91065.54608,111585.2821,103250.6818,86070.08502,140257.094,119494.0658,108469.1851,125846.0859,89548.32031,189351.8502,99045.02154,113255.4916,135623.5687,116423.465,89711.18443,111544.3204
P70441_S297___2,173040.8228,199131.141,207138.0578,176922.0317,255978.6643,227490.8806,239101.9674,246204.2879,170542.6057,338325.0709,197651.0894,213326.4155,242844.914,216488.0657,159901.298,183464.8949
P70445_S65___2,412896.0634,215106.1777,173404.3539,225594.5996,320293.5131,357373.6895,317270.9249,189195.6481,319219.3605,354681.6678,765828.9487,678872.3775,478404.5574,188325.6214,353849.1736,371338.5065
P70459_S433___2,26614.35308,24845.43461,41844.89618,42140.30638,47896.10536,28574.26819,40967.39646,40194.0089,29813.22108,60924.28703,28738.57068,46924.34231,33640.92898,82846.06436,36266.4021,37028.51473
P70459_S446___2,26614.35308,24845.43461,41844.89618,42140.30638,47896.10536,28574.26819,40967.39646,40194.0089,29813.22108,60924.28703,28738.57068,46924.34231,33640.92898,82846.06436,36266.4021,37028.51473
P97366_S776___2,173174.7124,196264.7055,182666.7232,142039.3757,254269.7372,247331.8344,184636.5646,160643.9809,219071.3048,399866.3725,153968.8582,197854.1337,301164.2651,272425.5669,190623.6595,148898.6233
P97366_S778___2,173174.7124,196264.7055,182666.7232,142039.3757,254269.7372,247331.8344,184636.5646,160643.9809,219071.3048,399866.3725,153968.8582,197854.1337,301164.2651,272425.5669,190623.6595,148898.6233
P97434_S221___2,243465.2295,249192.6227,216167.4121,206944.8546,208805.1374,196614.2222,193640.0589,235081.755,191891.8417,234811.9685,228888.1732,229019.1208,235629.2862,201086.5718,219756.5933,189226.3569
P97434_S225___2,250827.1462,256727.7247,229013.6269,217762.5124,215119.0001,202559.4552,202612.665,244530.6784,197694.2792,241912.2274,243097.4568,240388.2444,242754.2592,207167.0401,230742.1107,197964.0338
P97452_S113___2,293436.3722,233914.1593,142588.919,149883.9704,256001.9564,255636.4753,141952.7246,137845.7249,223196.9305,308307.2839,153797.2613,187361.9718,327984.5657,309860.697,149057.5838,123170.895
P97863_S264___2,82075.2457,93157.82775,106255.0299,104434.6958,80988.70781,68310.25458,102121.5193,107274.5862,73416.85671,67277.8815,92872.98183,91191.74743,82817.62519,74194.81465,95281.7783,87935.6767
P97863_S265___2,82075.2457,93157.82775,106255.0299,104434.6958,80988.70781,68310.25458,102121.5193,107274.5862,73416.85671,67277.8815,92872.98183,91191.74743,82817.62519,74194.81465,95281.7783,87935.6767
P97863_S284___2,808383.7875,892618.659,691210.6886,824901.671,883874.938,778748.4819,820362.3787,910819.437,845169.5234,1226784.96,656045.6989,708352.9505,1063652.48,955542.906,797079.6571,679220.0182
P97863_S292___2,230558.7537,256447.7727,229273.2284,264481.5411,249263.1348,208155.8646,275554.122,270272.7484,250287.0246,372430.2974,191718.1436,207355.5867,302185.292,282893.7962,243074.6017,187381.9916
P97863_S295___2,432455.2765,461002.4182,315660.4682,403278.8093,473320.595,432527.5009,403796.5179,435520.3281,456228.4453,641277.1754,360740.3289,343146.6693,602787.1649,509237.1432,355461.0036,324120.1705
P98203_S334___2,552865.5704,479148.8155,472990.873,508055.7764,658905.1806,706574.7005,526832.8648,546051.2567,612232.9531,678062.8957,457375.5432,445439.399,568060.7007,723291.6656,540074.4898,555475.1337
P98203_S337___2,942229.0045,816596.1775,937891.7798,969836.4199,1122948.517,1204189.974,955211.8805,842180.9589,1043406.71,1155598.325,838837.4037,943882.1631,968125.5213,1232680.099,775462.843,1013012.815
P99027_S102___2,59257082.03,86233035.66,62134104.15,79329060.69,65784452.1,79379593.25,63581395.57,50129690.15,74858352.6,121643526.4,57316767.77,60379911.62,81623760.85,72576829.98,56011384.49,69598233.76
P99027_S105___2,59257082.03,86233035.66,62134104.15,79329060.69,65784452.1,79379593.25,63581395.57,50129690.15,74858352.6,121643526.4,57316767.77,60379911.62,81623760.85,72576829.98,56011384.49,69598233.76
Q00PI9_S159___2,16790.35337,26213.13,24744.92561,24731.93718,23460.27963,33410.2787,19944.43528,23130.86406,23581.76082,32528.48621,22475.08538,26913.53801,36032.58914,26349.72319,21854.70054,25004.15239
Q00PI9_S166___2,52218.42257,55855.1773,50924.34059,50897.61079,54025.39524,56981.90414,41045.07045,47602.64865,55532.66895,59952.98612,46253.07511,55387.28213,60476.04253,54537.2006,44976.34107,51457.8218
Q01279_S1041___2,294158.503,294741.7908,311934.0129,271827.249,341612.0848,317112.1728,299525.3962,322716.7436,263279.7237,414142.4923,258118.2805,263874.9441,268186.1805,311451.194,224640.4875,192353.0734
Q01279_S1044___2,74011.96739,78948.29877,90367.21917,79529.42356,94032.11456,93302.73763,82836.41993,82201.11317,72101.23651,93588.7577,62713.28559,77582.29611,82464.85659,80109.54842,61320.9804,55490.37911
Q01279_S1047___2,200527.6009,201837.637,252630.2278,219666.376,216455.8488,262363.3847,228279.034,244163.7251,184046.5066,312692.1035,198409.3942,219609.7565,253109.999,204565.0741,166845.6727,182241.6252
Q02257_S665___2,81233.22551,116264.3231,110458.3046,114482.0556,137403.6299,160981.7153,104936.001,97101.91781,117132.1256,221807.3695,113007.6837,111333.9985,150241.8966,148889.4866,93755.52946,80034.12105
Q02257_S671___2,81233.22551,116264.3231,110458.3046,114482.0556,137403.6299,160981.7153,104936.001,97101.91781,117132.1256,221807.3695,113007.6837,111333.9985,150241.8966,148889.4866,93755.52946,80034.12105
Q02780_S272___2,1250725.831,1330540.328,1891121.791,2403487.518,1901751.217,2088506.509,2376579.801,1710758.445,1324838.45,1297704.926,2157048.422,1389133.356,1363756.339,1405187.511,1249063.787,1061356.308
Q02780_S279___2,1250725.831,1330540.328,1891121.791,2403487.518,1901751.217,2088506.509,2376579.801,1710758.445,1324838.45,1297704.926,2157048.422,1389133.356,1363756.339,1405187.511,1249063.787,1061356.308
Q03141_S543___2,10071.50789,14882.30974,15305.71986,12994.42611,13991.07021,12569.97568,16238.26383,14536.10888,12264.24053,14441.3601,11321.96643,10800.87955,18178.6101,14145.43995,11810.60672,10509.59777
Q05D44_S137___2,192778.7564,264870.209,189563.659,193860.6374,232766.4766,273900.2095,227373.574,226100.6736,272969.798,329296.0916,211185.6064,198895.8009,334923.8666,289615.5452,201584.1865,245464.5094
Q05D44_S139___2,192778.7564,264870.209,189563.659,193860.6374,232766.4766,273900.2095,227373.574,226100.6736,272969.798,329296.0916,211185.6064,198895.8009,334923.8666,289615.5452,201584.1865,245464.5094
Q05D44_S114___2,211216.2456,215232.2969,201511.0324,239350.3178,192602.5834,189053.2031,217293.4952,215518.4506,269454.9557,202084.8242,287616.2062,229748.9092,243210.6412,218348.8619,262820.7486,302311.813
Q07113_S2471___2,176658.4483,251374.1797,143946.1352,130414.0744,273618.6881,282031.6351,180024.4983,127628.1131,179372.5347,329120.3496,119155.4101,100568.9894,270557.6078,215856.482,103881.247,106159.9904
Q07113_S2476___2,176658.4483,251374.1797,143946.1352,130414.0744,273618.6881,282031.6351,180024.4983,127628.1131,179372.5347,329120.3496,119155.4101,100568.9894,270557.6078,215856.482,103881.247,106159.9904
Q0P678_S45___2,70582.27131,50341.71421,79381.4317,82866.28295,97107.00613,121003.938,87304.37338,82992.09197,64648.14028,77124.54541,71896.09366,92651.66784,89901.01839,77780.88293,53875.24914,87649.65233
Q0P678_S114___2,214965.7651,247164.8158,272108.3174,257864.4345,421281.3472,361928.4046,306769.4643,233496.2082,252345.428,341846.484,261631.6962,248815.8822,504998.7173,313467.4982,187600.7052,189526.1476
Q0P678_S33___2,70582.27131,50341.71421,79381.4317,82866.28295,97107.00613,121003.938,87304.37338,82992.09197,64648.14028,77124.54541,71896.09366,92651.66784,89901.01839,77780.88293,53875.24914,87649.65233
Q0P678_S92___2,704381.494,774494.8867,797856.243,726661.8068,1201456.33,1052758.199,906274.8009,673722.0413,778800.6961,1221707.535,740144.9487,678191.0219,1516262.303,934716.7496,533481.3988,552439.4407
Q0P678_S106___2,79071.59756,78898.46007,68867.09651,66800.98224,97536.18922,108058.986,79376.87815,63553.92517,74291.04782,151684.7618,60607.69332,67967.97303,170284.1126,111546.0288,57843.22145,60389.90441
Q148V7_S22___2,24306.94441,20229.64101,16727.90697,16852.24737,21389.869,18958.31903,16208.35755,16650.41505,25802.98487,32399.58803,14728.2029,17889.66027,25404.73611,26460.60478,15100.4583,18215.90382
Q148V7_S193___2,877542.4887,431032.7704,470308.1901,599559.5036,596950.6441,948724.3568,432645.7881,620538.1883,886723.4719,902987.9556,690419.5044,876603.4769,873369.4983,1152085.487,795655.1069,768259.7321
Q148V8_S1041___2,266158.6069,342570.2227,189605.7962,202317.4853,296080.2018,332417.0424,281378.6825,220527.4759,198320.8272,234765.2079,198310.3314,146553.4132,233565.7069,220706.7982,114533.059,145770.7872
Q148V8_S1035___2,266158.6069,342570.2227,189605.7962,202317.4853,296080.2018,332417.0424,281378.6825,220527.4759,198320.8272,234765.2079,198310.3314,146553.4132,233565.7069,220706.7982,114533.059,145770.7872
Q148V8_S937___2,196019.2066,163151.5649,121931.1025,129172.088,116030.2647,138590.1832,146353.9793,123643.4671,134894.9514,123430.3523,155454.4228,149578.2767,138433.3599,137006.9795,139252.5379,163960.4076
Q148V8_S926___2,291357.5124,239747.6734,183415.6904,176253.87,175257.8489,203663.6172,200244.7736,179374.2038,201022.6383,184335.4466,219656.1924,227580.9624,204354.8149,202154.2365,202386.232,235741.1175
Q148V8_S835___2,2076850.196,1996014.589,1531348.572,1381988.201,1835485.802,2084764,1902499.481,1409423.927,1798550.516,2118884.1,1565083.694,1736680.073,1835320.895,1969552.707,1290385.357,1670381.992
Q148V8_S841___2,2076850.196,1996014.589,1531348.572,1381988.201,1835485.802,2084764,1902499.481,1409423.927,1798550.516,2118884.1,1565083.694,1736680.073,1835320.895,1969552.707,1290385.357,1670381.992
Q14AX6_S677___2,469901.8341,607761.6042,552581.5219,684076.8882,1116883.389,1209839.543,830981.5212,643495.217,826664.3271,3551124.701,548271.8201,660965.5086,1448304.993,970058.6097,751127.7426,783968.3518
Q14AX6_S681___2,469901.8341,607761.6042,552581.5219,684076.8882,1116883.389,1209839.543,830981.5212,643495.217,826664.3271,3551124.701,548271.8201,660965.5086,1448304.993,970058.6097,751127.7426,783968.3518
Q14AX6_S384___2,160915.3377,200608.8591,156956.408,192034.207,314575.5144,470795.6101,267474.5915,167667.7727,259395.5939,943836.4479,158333.9911,180983.4978,426896.4018,327602.0205,225121.5047,219096.4725
Q91VK1_S412___2,45727.29513,52876.82422,52966.49951,50545.29414,68573.71666,49240.57074,62755.66705,45849.78565,47996.11697,71665.31525,47590.42391,52734.60179,53590.10951,57804.17599,44848.86408,45408.37979
Q3B7Z2_S188___2,4592279.256,5707630.161,4337292.989,4607151.811,5556501.626,5438039.105,4746135.331,4527525.745,5399886.839,7283009.787,4643860.051,4612406.575,6503625.174,5709053.062,4496079.23,4372778.241
Q3B7Z2_S191___2,4730568.133,5866746.447,4443768.749,4715227.504,5684705.447,5557835.808,4861625.187,4630190.956,5555462.256,7486304.516,4745807.183,4725833.784,6645125.275,5850734.486,4603631.188,4480192.433
Q3B7Z2_S196___2,207099.062,243564.6195,193500.7993,199290.3268,208202.7259,197657.1781,206870.8915,180457.2311,235759.5387,311136.0238,178806.8501,192279.3332,234208.0061,224561.2678,179687.0527,182077.4719
Q3B7Z2_S380___2,160403.6073,196046.2875,183554.1544,184938.7985,179290.0309,204017.468,156743.3246,123682.6921,183208.1384,283936.9895,211140.2495,207435.5265,178696.9718,207433.6789,148200.6525,180777.5622
Q3T9X0_S510___2,95034.20867,83064.51134,75456.14065,86477.64233,82129.73902,91268.72705,80805.44485,102804.2931,85871.05538,76222.34949,90478.70122,120710.9301,78777.00087,68001.02523,69884.43321,114575.3852
Q3T9X0_S511___2,51971.8724,38124.49285,42320.66859,48502.23733,43117.13108,44440.69404,45320.90328,57659.27572,43281.30708,33873.2004,50746.28912,67702.47223,39984.52412,40644.13933,39195.69583,64261.26308
Q3TDQ1_S495___2,263109.0705,287562.3523,271736.8222,258625.2709,224644.9963,206607.4956,239020.7528,288006.7509,246250.7683,201664.813,318951.0673,306764.2134,210437.7993,199826.0807,337656.5292,409466.1958
Q3TDQ1_S496___2,263109.0705,287562.3523,271736.8222,258625.2709,224644.9963,206607.4956,239020.7528,288006.7509,246250.7683,201664.813,318951.0673,306764.2134,210437.7993,199826.0807,337656.5292,409466.1958
Q3THE2_S20___2,2161020.914,3441505.983,2545575.738,3373437.237,3130477.588,2435166.349,2971352.63,2960547.753,2534248.238,2585427.109,2069408.855,2090504.306,3199106.625,2185780.09,1879075.022,1503969.542
Q3TLH4_S610___2,190426.9948,167186.9625,178215.2371,179802.9415,180157.3581,187167.6089,192631.4815,161356.579,124258.1805,134659.5304,194330.1437,152327.3394,136295.1692,139647.266,153442.6369,134691.8819
Q3TLH4_S613___2,138985.1898,116987.8289,127346.9883,140621.491,141618.2415,137704.0675,155666.9456,127459.7838,99582.69045,111634.0027,140766.8597,116425.3074,104024.4988,92751.19001,105751.2929,108442.5092
Q3TLH4_S1219___2,101253.4541,78429.10557,93660.54137,102184.5679,87875.43489,92961.57309,106016.6831,94851.7533,70227.45722,84659.00066,99787.82432,102955.2441,70883.81701,86756.6729,102521.4396,111286.794
Q3TLH4_S1221___2,132014.9848,102256.4343,118869.4018,125990.4121,114572.6267,121203.9704,132032.7526,129233.7159,91563.06593,110379.0165,141979.3795,159016.4714,92418.83257,113113.9767,142456.8195,184371.2251
Q3TLH4_S1222___2,69805.05279,51229.55677,60057.62587,65523.45799,56500.2663,57442.55385,67980.71201,60821.46259,38611.22843,63682.30136,63986.60238,66017.63604,48920.94655,51777.19678,65739.46908,71360.04705
Q3TWW8_S314___2,86413.44743,97776.76269,101322.7351,107503.551,96155.9721,109564.6484,111463.5573,132402.7908,85617.63561,106610.1599,105218.6017,99783.16956,101721.542,103063.7601,103817.7517,111541.4882
Q3TWW8_S316___2,86413.44743,97776.76269,101322.7351,107503.551,96155.9721,109564.6484,111463.5573,132402.7908,85617.63561,106610.1599,105218.6017,99783.16956,101721.542,103063.7601,103817.7517,111541.4882
Q3TXS7_S315___2,123870.4359,157223.1674,131018.8941,129861.4361,182933.3339,197663.6387,203037.5458,193682.7726,162311.8189,191911.5784,140431.6895,140871.0853,218704.5566,206844.7185,147955.4965,180037.5373
Q3TYA6_S136___2,63705.50708,89778.17117,50444.76059,63207.56128,78746.60758,57556.56795,52345.14486,50437.0547,75594.79486,120305.1683,61377.40135,70004.29236,74414.89907,78631.8439,54165.60853,50612.10383
Q3TYA6_S138___2,56517.56264,79648.42674,42218.52901,53545.3622,69861.56348,51062.41334,37016.52278,44123.56989,67065.37236,106731.0378,48158.20938,58202.70011,66018.60518,69759.74868,38966.52244,35829.34606
Q3TZZ7_S679___2,158874.03,191597.377,184227.8163,226270.4916,209395.623,220774.3809,233047.5502,175878.9525,219703.9763,289465.6107,184099.2192,196732.7452,249229.1055,203324.0235,183834.1634,224166.0632
Q3TZZ7_S682___2,168249.7101,202904.1697,184503.1628,257745.5,221752.7489,233803.0047,247123.3464,213246.3879,232669.4321,306547.9304,195821.9914,225508.483,263936.9364,215322.8443,164881.1384,253053.924
Q3TZZ7_S685___2,418905.2063,360120.9144,362569.4633,471570.8658,611968.66,514488.6499,480802.9143,383670.4586,460093.8968,435499.2958,375421.2709,411381.1231,552958.0336,441789.414,349068.6654,470408.1322
Q3U0S6_S41___2,144734.0307,132804.2203,93059.93779,139091.8865,125384.7225,145019.1693,131111.8848,112194.5581,138925.6335,114201.734,98630.79532,123235.7689,134099.0921,131078.8386,133850.702,160547.9788
Q3U0S6_S44___2,144734.0307,132804.2203,93059.93779,139091.8865,125384.7225,145019.1693,131111.8848,112194.5581,138925.6335,114201.734,98630.79532,123235.7689,134099.0921,131078.8386,133850.702,160547.9788
Q3U0S6_S325___2,235714.5672,206893.2414,286673.2647,335324.8793,185209.7242,206468.8062,293455.9199,248765.524,205949.9599,125566.146,309194.9714,272523.1378,185544.0554,171985.8152,217216.7809,265482.2024
Q3U1J4_S766___2,132719.5627,122737.2463,133507.0813,133368.4647,236218.1442,207254.3475,165216.5845,170531.0967,152786.9545,95786.93418,160633.3974,153863.11,155039.7738,132477.2903,137221.2952,128835.3813
Q3UBG2_S214___2,44562.82135,36769.59651,51032.83324,38303.67853,50332.08056,40814.66226,54720.24424,55659.7487,31825.48785,42600.78178,57830.90683,51082.77092,28481.91668,35609.71244,31967.5821,35363.15504
Q3UGC7_S14___2,65792.99277,78407.75061,66937.4434,51510.00862,86729.87411,82363.99232,65358.58221,59646.42639,74645.94705,117023.0268,55595.2078,56820.78552,97321.37556,88779.36383,60233.45425,64753.13211
Q3UGC7_S16___2,65792.99277,78407.75061,66937.4434,51510.00862,86729.87411,82363.99232,65358.58221,59646.42639,74645.94705,117023.0268,55595.2078,56820.78552,97321.37556,88779.36383,60233.45425,64753.13211
Q3UHJ0_S676___2,13898.21353,15590.18194,21227.02472,22076.84533,20506.06907,21183.70591,31953.61968,16316.6586,11923.08294,14295.34013,16131.02646,13066.84982,17410.26543,15944.72781,13439.42411,9309.640845
Q3UHJ0_S622___2,465152.3398,465528.1102,500282.7521,491647.57,513940.2086,476091.3058,613544.1625,463498.6216,462812.6462,483035.3611,500568.4622,538789.6169,455394.839,537911.4972,554544.5367,496919.7
Q3UHX0_S783___2,524054.107,486633.9103,632002.2064,634304.6231,501734.589,457583.3585,692635.49,544157.5976,422902.7295,552480.5284,616597.5338,584753.5134,528015.6554,548592.2782,539393.9761,474710.621
Q3UHX0_S787___2,490886.0046,476487.0714,615904.5995,618148.3717,487124.2582,435339.5856,674993.5044,530297.4638,416258.3389,531689.41,600892.2963,569859.3689,501774.3126,519232.9483,525655.1756,462619.3579
Q3UHX0_S300___2,74141.78185,66146.8651,56752.5507,65634.64597,63573.11349,52285.36058,67874.61624,60517.54398,60784.92865,66498.39818,66792.22884,56681.00755,66005.63315,62270.59533,60748.05253,49104.54193
Q3UHX0_S306___2,74141.78185,66146.8651,56752.5507,65634.64597,63573.11349,52285.36058,67874.61624,60517.54398,60784.92865,66498.39818,66792.22884,56681.00755,66005.63315,62270.59533,60748.05253,49104.54193
Q3UHX2_S60___2,375070.7617,271249.114,319110.0201,384617.0737,341709.8245,380317.0271,353541.0528,353428.4867,310182.2504,452931.4745,350244.711,359960.9923,308306.831,315322.2227,336638.9853,319136.6206
Q3UHX2_S63___2,431310.3099,300222.4346,350055.5313,421915.0938,389402.5915,416029.3079,387825.4936,387702.0114,355336.3322,492738.3104,384209.491,394868.0031,337956.163,341070.8412,369284.3578,350084.7113
Q3UHX9_S361___2,114261.6435,195512.1704,126359.256,138095.3418,256416.9949,284100.3201,128078.6361,159519.2477,159627.8949,65077.02462,96083.3783,112255.8127,213446.6554,195436.1574,107203.4521,114805.3318
Q3UHX9_S374___2,105951.0877,146944.8244,95040.84558,81561.94701,171812.8709,162030.4266,72553.21188,60752.98146,111398.1845,177439.9368,61490.15002,75838.13602,185589.0805,161285.0473,82505.17033,126557.2278
Q3UHX9_S378___2,168727.7348,316557.8972,198510.271,191997.3396,387067.7545,466539.9421,168208.3071,177078.286,233933.9705,51145.13889,135153.0554,164729.4042,349344.7745,314189.7706,171372.8666,235621.5723
Q3UIL6_S533___2,39754.43091,49344.46488,29941.61161,24977.34913,46934.091,38881.12744,30169.84803,28119.15961,50287.10218,37906.05984,26152.7105,22472.07559,51845.40254,46199.73009,26045.2772,21601.70311
Q3UIL6_S542___2,47882.55379,60066.07027,38755.57463,32329.97379,53799.79586,46633.48858,39050.99739,36396.64435,54167.99376,41644.4424,33851.32827,29087.21861,56448.8517,53912.57833,33712.26965,27960.63311
Q3UIL6_S900___2,54748.52235,75803.27268,75831.55895,72470.82566,76262.68305,67351.54873,60581.76475,77775.99902,63293.64986,53875.37688,79361.28411,69433.50133,76433.4646,82588.44458,67515.57487,57884.20156
Q3UIL6_S904___2,54748.52235,75803.27268,75831.55895,72470.82566,76262.68305,67351.54873,60581.76475,77775.99902,63293.64986,53875.37688,79361.28411,69433.50133,76433.4646,82588.44458,67515.57487,57884.20156
Q3UIR3_S9___2,105304.9868,118341.892,90816.47399,119531.1776,108863.2066,123581.1644,127616.0787,146993.6394,94922.80799,121891.3018,121224.521,129029.7229,112402.1225,108516.2552,122378.271,101534.235
Q3UJB9_S727___2,60253.40358,56298.10585,60723.5601,61318.30418,90177.83945,84993.23108,65947.49734,58119.66449,63982.45884,83778.40997,69530.79037,55636.54202,84026.87023,74726.87176,53268.42949,72345.91924
Q3UJU9_S46___2,178226.4107,140989.2342,184491.1467,152693.7125,159979.8189,165275.2776,169288.1142,156715.4793,159645.6418,158706.2927,161443.9549,164324.5385,162758.9986,149507.2529,160502.3767,157898.3245
Q3UJU9_S50___2,166147.5224,123344.2801,158965.6198,137946.3278,144412.115,150693.6118,148510.8861,138668.1149,148254.8964,147909.4486,137306.6632,146876.016,147607.8284,135600.5612,151633.7421,148633.078
Q3UJU9_S57___2,31849.40627,35064.90233,44857.17891,36509.87076,34355.42072,33662.18615,40392.12027,41387.47833,29221.94411,28409.51955,42297.26318,38813.68663,34112.17716,31321.5043,31574.12235,34552.93279
Q3UM45_S45___2,4577950.632,3311649.242,5395563.246,5369260.563,3517978.996,3888930.86,4222303.327,4519593.635,3496476.353,2815020.544,3752541.809,4434571.972,2951027.024,3180773.56,3388386.433,3048274.585
Q3UM45_S48___2,4577950.632,3311649.242,5395563.246,5369260.563,3517978.996,3888930.86,4222303.327,4519593.635,3496476.353,2815020.544,3752541.809,4434571.972,2951027.024,3180773.56,3388386.433,3048274.585
Q3UM45_S24___2,271082.2107,273035.7402,189599.3301,226716.8514,357129.1445,375508.3653,275850.8871,290324.8605,396436.8069,351665.9418,167135.5559,183148.95,391554.062,379099.8455,291126.2408,269950.4711
Q3UM45_S27___2,271082.2107,273035.7402,189599.3301,226716.8514,357129.1445,375508.3653,275850.8871,290324.8605,396436.8069,351665.9418,167135.5559,183148.95,391554.062,379099.8455,291126.2408,269950.4711
Q3UMF0_S546___2,1363856.312,1366377.46,1035909.175,1210680.567,1490487.949,1253670.66,1633164.826,1350858.224,1550144.913,1114406.638,1095044.937,1113436.452,1504194.765,1446552.91,1310825.04,1425444.468
Q3UMF0_S551___2,1025581.324,1027477.155,742601.8927,962789.2808,1120804.728,942724.8333,1234595.08,945129.1233,1165665.076,838002.2323,857091.9976,854375.3006,1131111.866,1087766.823,893234.7546,989981.0906
Q3UMF0_S300___2,82505.22781,114622.4138,139213.2962,111801.2648,103430.3275,86140.11766,183290.6267,144903.1377,79430.83037,69652.25559,99885.47485,61737.13819,102988.6141,78083.2655,62256.56101,37928.98524
Q3UMF0_S366___2,23204.71253,31517.40044,31553.79252,31394.40854,23595.50829,17206.9723,34755.5865,27624.76666,17415.54026,10876.59485,29958.5508,20960.66284,19325.44947,15017.14883,18885.72822,10478.14164
Q3UMF0_S384___2,2206858.119,1944555.09,3419531.373,2500029.636,2684533.298,2221750.585,2825694.096,3634500.888,1832305.094,1265085.448,4071874.295,2174892,1951178.925,1333624.913,1400325.792,365817.2942
Q3UMF0_S396___2,2201486.033,1867556.305,3331320.608,2435538.482,2613331.52,2163154.341,2752802.05,3540744.736,1777843.467,1115068.54,3966835.59,2118788.147,1846929.333,1248414.7,1364202.769,356380.6142
Q3UMU9_S366___2,1193653.083,3412941.722,1189875.255,1143795.329,876468.7401,1264155.832,1846944.583,1040790.358,1162964.537,998906.1778,1191481.299,1134005.705,1670736.58,1384508.838,814910.3083,1149278.937
Q3UMU9_S367___2,1193653.083,3412941.722,1189875.255,1143795.329,876468.7401,1264155.832,1846944.583,1040790.358,1162964.537,998906.1778,1191481.299,1134005.705,1670736.58,1384508.838,814910.3083,1149278.937
Q3UMU9_S669___2,10898.34665,29865.23327,7243.189729,9150.483309,7838.880152,13897.8145,12403.34455,7323.245829,12449.86104,9656.657355,12003.49693,11503.00869,17346.12373,12136.93732,7762.771525,8243.321379
Q3UMY5_S144___2,153005.4035,167703.2795,148333.8867,142164.5958,146755.9271,167950.7607,146662.4608,134701.8366,134175.9229,111234.7018,113676.8436,133388.9541,179659.871,135021.0019,147059.4394,135830.2201
Q3UMY5_S146___2,153005.4035,167703.2795,148333.8867,142164.5958,146755.9271,167950.7607,146662.4608,134701.8366,134175.9229,111234.7018,113676.8436,133388.9541,179659.871,135021.0019,147059.4394,135830.2201
Q3UPL0_S526___2,545413.8631,681729.7726,786346.9999,713573.3478,792705.8412,924994.4009,798649.9539,745514.7162,684018.9804,1168580.532,674751.7823,714975.2659,1072360.176,831287.1104,662244.3046,616791.4606
Q3UPL0_S531___2,545413.8631,681729.7726,786346.9999,713573.3478,792705.8412,924994.4009,798649.9539,745514.7162,684018.9804,1168580.532,674751.7823,714975.2659,1072360.176,831287.1104,662244.3046,616791.4606
Q3UQN2_S510___2,82192.28547,83709.77397,64948.04083,70280.66775,96218.23506,88814.8046,67322.44099,72263.28412,87813.49968,78200.22425,64978.7513,72519.36983,93415.57451,99762.11036,72913.31705,74758.66701
Q3UQN2_S487___2,223344.9603,269070.06,208101.9334,232653.156,311833.6332,306656.658,254230.4861,182181.1865,279850.3977,329693.2262,167443.211,166004.0336,265380.138,285721.8105,161055.6074,166985.5799
Q3UQN2_S467___2,79327.33015,80477.41237,92579.53669,130329.1578,133966.3465,118302.2365,102291.1096,94150.07132,107908.6177,91199.20244,83074.86699,88433.5324,87587.77643,84899.42526,62179.97856,51052.34343
Q3UW53_S581___2,129059.2204,161485.7713,100464.5104,124573.1407,221365.0126,207979.6791,150884.7762,145137.5846,147681.4293,202822.6764,113290.2165,120868.6366,228133.7781,191823.5286,106089.2578,122628.9365
Q3UYI5_S568___2,129712.1683,147250.233,179100.4878,151824.7935,149739.4167,153487.7165,182966.7109,160819.0019,121924.4826,78165.58673,164251.7896,139947.1354,91393.31934,123197.0352,127909.4579,161883.2487
Q3UYI5_S572___2,126927.156,144088.6661,176228.1727,148656.3457,146524.4052,150192.2263,178463.8504,158123.9846,119306.6775,76487.31612,160861.8585,136955.3005,89431.03992,120551.9075,126102.247,159003.9342
Q3UYI5_S544___2,7824.787664,5201.277021,8786.7601,9045.826037,5279.014507,5134.384041,8307.899822,6949.047266,7031.214538,4057.683006,10255.68231,9338.184796,5279.172659,6721.484424,8866.5586,9954.526969
Q3UYI5_S553___2,14888.9201,9896.932841,17590.44762,15798.23878,10044.85088,9769.649611,17575.21294,13565.86649,13378.91787,7720.914697,17740.03075,17410.15534,10045.15181,12789.56681,16025.63246,13782.46689
Q3UYI5_S506___2,32237.96915,32865.13106,38596.67153,35688.86564,35072.28663,32947.5368,37005.90415,44979.79694,40497.64113,20340.03106,49417.30979,31397.36729,25409.32083,23062.80271,22214.83033,26732.61915
Q3UYI5_S510___2,32237.96915,32865.13106,38596.67153,35688.86564,35072.28663,32947.5368,37005.90415,44979.79694,40497.64113,20340.03106,49417.30979,31397.36729,25409.32083,23062.80271,22214.83033,26732.61915
Q3V1V3_S651___2,705666.4863,831709.0337,617768.0427,783897.8897,1076140.335,899915.1706,738985.6232,758292.4495,924007.5493,1644663.554,575166.6753,650578.2227,1170670.682,920381.8558,769000.207,831528.6388
Q3V1V3_S657___2,705666.4863,831709.0337,617768.0427,783897.8897,1076140.335,899915.1706,738985.6232,758292.4495,924007.5493,1644663.554,575166.6753,650578.2227,1170670.682,920381.8558,769000.207,831528.6388
Q4ACU6_S387___2,219201.762,227826.0057,194345.1833,179599.9561,190624.141,176236.8613,184082.6079,196042.4285,186675.9882,141696.8805,210052.5352,156029.8559,205909.5344,187706.0867,223765.249,257450.703
Q4ACU6_S1253___2,309096.9538,313827.4182,260139.579,324577.2168,275304.1049,278301.7356,321093.5613,308327.7899,290365.543,300800.7266,316795.3965,261541.4157,350115.4146,323418.4929,262885.3617,274241.9619
Q4ACU6_S375___2,219201.762,227826.0057,194345.1833,179599.9561,190624.141,176236.8613,184082.6079,196042.4285,186675.9882,141696.8805,210052.5352,156029.8559,205909.5344,187706.0867,223765.249,257450.703
Q4ACU6_S1134___2,214498.3005,172359.1034,150178.4808,222194.323,136551.5633,169068.61,144303.0586,163729.2384,131150.96,162338.2028,193795.3825,151345.9588,176564.273,180563.3384,196382.2814,181266.125
Q4ACU6_S1636___2,67116.90504,55127.07506,64185.1567,72170.1057,46465.67341,42788.00203,62058.01956,70070.32571,58976.12387,40634.12854,79553.60251,63118.4309,75684.27998,56934.36001,71149.92842,63623.11566
Q4ACU6_S1638___2,43288.4075,35555.32378,44025.57701,51454.48506,29968.97733,27596.98868,40036.36647,47388.63779,38037.84578,26207.80433,54168.88239,43652.6964,48814.10952,36720.96882,48456.28851,38047.87713
Q4FK66_S193___2,533605.5582,764526.3924,472408.3378,708526.5849,745774.9993,780485.9359,708572.776,556803.6991,681549.1735,1068535.377,595827.7795,847971.8601,823710.1923,689822.9923,602965.5632,568188.7482
Q4FK66_S194___2,533605.5582,764526.3924,472408.3378,708526.5849,745774.9993,780485.9359,708572.776,556803.6991,681549.1735,1068535.377,595827.7795,847971.8601,823710.1923,689822.9923,602965.5632,568188.7482
Q4KL35_S261___2,97212.75481,127465.8664,102034.6707,123317.7269,115615.7525,156927.876,163205.2876,119852.5444,100738.649,89248.7185,95720.56021,113235.8561,176730.0146,88046.25868,121467.9202,132786.9226
Q4VA53_S1418___2,61068.14275,70181.99186,63669.97913,71153.25841,79748.0967,80370.59128,70817.08448,51583.51026,66588.46379,99418.68138,58822.24084,68681.88923,81564.876,81605.06768,60993.80436,52119.60867
Q4VA53_S1166___2,10872.2701,12867.52772,9474.035336,6979.16155,11399.37879,15080.00901,8119.600714,8679.368011,10519.18949,10700.17569,7526.950006,7000.474544,11217.50402,10305.29516,8239.347127,6472.265274
Q4VAC9_S759___2,128190.1442,141025.9561,168065.6841,176449.2522,166976.7484,173532.8615,172690.3355,134740.6645,164109.6745,121173.9878,124136.2263,95705.30222,154832.779,169235.582,141725.1262,112018.2869
Q4VAC9_S766___2,166473.4282,183142.5849,199436.7551,224806.4176,216843.4392,225357.4995,214736.7381,180986.1307,213120.1294,157361.9351,153969.9047,134100.4154,201072.7398,219776.861,200684.9735,175832.8523
Q501J7_S264___2,410277.7249,465242.4528,474892.3863,453447.4691,593424.9778,618948.6213,511635.7168,424516.5983,437912.0939,765097.354,390598.3768,422044.9803,630029.4398,503086.4556,355006.9543,347491.1947
Q501J7_S285___2,292034.7922,331333.0136,364444.6797,349816.6768,431567.8599,444389.9318,395819.8641,333707.4593,310882.0188,572846.4428,302940.4302,323380.8239,453203.8199,343557.2856,275161.9123,266026.9404
Q52KI8_S779___2,40850.28179,64920.56298,46137.16613,41356.57947,40320.39777,57272.00979,65876.90388,47455.84488,50791.8519,45244.90143,45409.10267,47148.59368,69609.68696,63010.08987,38708.10948,52111.51334
Q52KI8_S781___2,25216.19948,40074.3837,30356.66303,32907.05877,24889.11089,35353.05904,38631.10116,34031.75273,31352.96536,27928.92509,35264.54966,41949.47669,42968.90194,38895.08043,25969.96389,38605.96587
Q52KI8_S915___2,20543761.53,16273767.29,23733514.74,21581184.15,18519700.24,13962682.55,22004240.94,17222365.16,18750475.21,13316384.9,20221767.1,19976140.69,18667746.93,18264864.22,21739042.72,28748797.55
Q52KI8_S810___2,1375494.748,1227191.845,1487260.908,1315993.13,1396825.576,1464524.159,1832521.766,1012593.453,1415809.612,1397963.972,1244101.728,1447022.251,1925301.398,1737868.354,1324458.962,1954862.601
Q52KI8_S816___2,923388.7597,875946.5177,945339.667,837959.6519,963809.575,982599.3048,1056532.349,638057.6514,971129.3664,944921.5399,791997.1955,917124.7598,1060177.723,1081379.904,841034.5644,1241055.831
Q52KI8_S387___2,136157.8229,112432.8862,109494.3428,86567.0771,102344.0898,94982.40962,137381.5486,101667.8487,91520.02887,75718.18433,86176.22828,90929.48767,110045.4704,132668.4198,98204.03271,123859.5985
Q52KI8_S389___2,112400.5739,97699.12068,75942.96526,69580.60323,84723.31902,83709.34622,105608.4118,83008.30006,78722.75555,68944.44053,77410.95557,75503.40175,97069.42084,113880.263,84473.77444,90949.29816
Q52KI8_S391___2,80125.40257,83219.12906,68896.06033,54469.75995,61046.57232,74404.09096,86443.25562,63971.47162,64931.09661,67044.77474,54223.82995,57214.67713,86499.89085,93291.72124,61791.96835,77934.97046
Q52KI8_S572___2,2139545.626,2191097.937,2326423.115,2019253.117,1851061.78,1829664.896,2379837.128,1944624.246,1913082.373,1693145.027,2164838.562,2172217.452,2318079.069,2125693.715,2173285.643,2778069.297
Q52KI8_S574___2,2139545.626,2191097.937,2326423.115,2019253.117,1851061.78,1829664.896,2379837.128,1944624.246,1913082.373,1693145.027,2164838.562,2172217.452,2318079.069,2125693.715,2173285.643,2778069.297
Q52KI8_S561___2,51560.73175,40290.92031,36062.59609,35613.08712,40738.22805,39024.91239,38414.95933,33676.14924,48757.7364,44245.72436,36732.7163,34067.97454,57468.64477,43607.58665,28958.8923,45469.62584
Q52KI8_S563___2,51560.73175,40290.92031,36062.59609,35613.08712,40738.22805,39024.91239,38414.95933,33676.14924,48757.7364,44245.72436,36732.7163,34067.97454,57468.64477,43607.58665,28958.8923,45469.62584
Q52KI8_S624___2,282825.0868,294327.7367,318684.3662,287253.3829,273124.6987,285823.4085,336478.9997,305123.7705,307014.0415,341292.9485,283510.9123,276363.8458,437349.1739,430864.2215,285918.7892,469514.9254
Q52KI8_S626___2,282825.0868,294327.7367,318684.3662,287253.3829,273124.6987,285823.4085,336478.9997,305123.7705,307014.0415,341292.9485,283510.9123,276363.8458,437349.1739,430864.2215,285918.7892,469514.9254
Q52KI8_S635___2,44057.94144,42889.60188,44100.25192,26849.54428,38352.85659,39405.69479,36713.13993,31149.77145,37049.59639,40117.3543,26851.65752,35806.89434,46542.9625,49212.7293,30874.9803,46049.6059
Q569Z6_S243___2,301282.4448,354057.191,409017.6334,309871.2564,460107.7053,424443.7035,386588.8581,385385.9168,254788.978,853226.943,350521.085,374473.5577,450636.7167,352472.3394,306931.5754,301025.3407
Q569Z6_S248___2,6402128.263,5853907.313,7212229.428,6701156.106,7313576.259,7419364.146,6957513.473,6502821.762,6609608.337,10248457.29,7328405.162,6559891.047,6996070.648,6299867.181,5986028.107,5761535.649
Q569Z6_S253___2,6402128.263,5853907.313,7212229.428,6701156.106,7313576.259,7419364.146,6957513.473,6502821.762,6609608.337,10248457.29,7328405.162,6559891.047,6996070.648,6299867.181,5986028.107,5761535.649
Q569Z6_S924___2,1960766.984,1979726.602,2268952.422,2467100.532,1960660.598,2297961.065,1968929.417,1467092.838,2371074.539,3715242.566,2141312.36,2201242.84,2169256.439,1859165.236,1379359.974,1443033.871
Q569Z6_S935___2,1960766.984,1979726.602,2268952.422,2467100.532,1960660.598,2297961.065,1968929.417,1467092.838,2371074.539,3715242.566,2141312.36,2201242.84,2169256.439,1859165.236,1379359.974,1443033.871
Q569Z6_S315___2,32851.47908,40858.73445,52448.02182,51989.81362,44375.10208,59730.87495,53892.61282,32103.48418,55107.02479,91831.63132,51332.56614,50514.19904,70071.03269,49467.01062,50727.56699,57905.73787
Q569Z6_S320___2,32851.47908,40858.73445,52448.02182,51989.81362,44375.10208,59730.87495,53892.61282,32103.48418,55107.02479,91831.63132,51332.56614,50514.19904,70071.03269,49467.01062,50727.56699,57905.73787
Q58A65_S718___2,626359.287,509632.6662,430769.7001,595297.5091,623239.279,628785.8294,528152.5748,497757.0423,695302.3444,661006.6328,467209.5092,489234.7903,646856.7743,512765.6493,463930.1119,448680.9458
Q58A65_S719___2,366562.1175,298250.5937,249054.2792,357475.341,364736.2058,367982.1946,299183.9792,274564.1649,406909.4287,386838.6659,265332.2217,287846.9749,378557.7923,300084.0988,266803.7844,245627.4892
Q5EG47_S486___2,91985.93566,100295.215,107636.3938,113646.127,121680.4939,114909.0132,164982.404,176756.5802,106010.4874,87664.76371,129018.0396,111259.9578,89410.58038,103926.6204,168321.0999,170517.7719
Q5F2E7_S213___2,116693.185,110006.4744,126488.9587,126872.6432,193659.3762,174172.5939,123182.2961,136010.0725,104916.0731,182974.1114,122026.4166,130690.4,147247.5277,140267.3751,94646.86659,103759.4443
Q5F2E7_S215___2,116693.185,110006.4744,126488.9587,126872.6432,193659.3762,174172.5939,123182.2961,136010.0725,104916.0731,182974.1114,122026.4166,130690.4,147247.5277,140267.3751,94646.86659,103759.4443
Q5HZI1_S1203___2,37788.56059,24981.04376,30393.67448,25664.27915,30981.27238,30420.72356,32448.54034,35756.95919,31650.99999,14974.56669,29003.54347,29484.57688,29417.53202,19061.95885,27044.67223,27989.27775
Q5HZI1_S1204___2,31022.88586,28424.90485,40355.29365,40090.59049,32977.624,26498.39124,48229.86117,43305.88731,31671.61411,32401.89911,47788.95045,37422.45005,28085.60303,28878.4195,36087.02399,28071.41534
Q5HZI1_S1208___2,111619.6996,77860.71137,100628.5778,94154.79692,95391.95475,90642.51687,113325.1114,101899.2415,96416.75741,54574.25157,121737.6202,94496.34514,88916.75905,63111.28316,91459.62842,68419.70527
Q5HZI1_S380___2,412841.3798,388795.8161,445870.9278,446689.5217,466387.2618,463112.9187,451193.8116,389023.2967,428656.6334,549533.7364,389209.8488,412617.6176,403911.0055,442055.8473,368931.2123,381867.919
Q5HZI1_S384___2,359318.1371,330575.9546,376088.4119,376778.889,413446.2051,397679.6595,380578.22,328137.9088,350663.0449,450193.6756,328295.264,348039.5219,328673.3582,362991.2747,311190.4031,322102.4073
Q5SSI6_S114___2,41191.27276,59632.18041,36245.98591,40178.8671,50185.93692,70120.71618,71965.89688,39717.65267,72103.57358,224949.3169,35240.26176,31444.81263,135910.5664,82899.20124,31013.12069,63108.64878
Q5SSI6_S115___2,41191.27276,59632.18041,36245.98591,40178.8671,50185.93692,70120.71618,71965.89688,39717.65267,72103.57358,224949.3169,35240.26176,31444.81263,135910.5664,82899.20124,31013.12069,63108.64878
Q5SSI6_S202___2,43654.65116,78725.99843,37058.5075,41988.48109,65022.25879,78092.95475,87507.38819,41169.60443,89761.56868,237726.8349,39659.20111,34664.48386,178327.6538,74382.03819,35218.80114,57654.57161
Q5SSI6_S206___2,60544.65381,112148.0779,62847.16445,64780.33467,87955.14294,108591.6295,146511.3635,47127.90599,118922.7121,294683.2754,56847.39424,45064.97388,226716.9484,102272.4798,45266.72032,67467.95059
Q5SSZ5_S686___2,30025.35403,43606.32437,26443.57245,32212.63506,53552.65302,44485.44977,34378.29295,28944.24005,48015.45868,75087.50179,35152.0621,34351.76815,42481.18312,47580.85091,34431.61426,34040.17341
Q5SSZ5_S690___2,49453.38242,71821.97528,41738.92881,47257.16221,88204.11665,73269.94238,51208.99824,36689.73954,79084.05801,123673.1776,46979.72944,50259.69448,69968.80677,78368.2355,49445.22426,46087.52426
Q5SUF2_S425___2,137773.7071,166160.4837,109329.1281,95517.30922,121161.2833,134464.0515,125973.9862,147711.0723,150909.5099,151575.755,99141.73182,105841.1896,154874.4434,155477.0509,98652.87565,108043.935
Q5SUF2_S431___2,137773.7071,166160.4837,109329.1281,95517.30922,121161.2833,134464.0515,125973.9862,147711.0723,150909.5099,151575.755,99141.73182,105841.1896,154874.4434,155477.0509,98652.87565,108043.935
Q5SWU9_S23___2,99575.12087,141967.133,164248.7965,121278.3227,184437.4123,129116.5623,206836.8848,119387.4965,90592.10751,122322.5449,102975.7359,83579.67037,113221.5182,120856.4115,91585.64094,72283.66262
Q5SWU9_S25___2,496356.2513,731382.4928,685853.3156,704766.3692,749857.5239,654815.93,697117.2526,541071.8107,631661.946,838881.2511,554788.416,577662.0098,760507.8363,769815.3825,537386.4747,504295.5003
Q5SWU9_S29___2,680460.0175,951312.8395,905720.6156,900561.2145,1030593.218,850030.4038,940512.3672,704348.0627,768971.6321,969100.623,714158.3355,731395.3565,968780.5066,937931.3091,688833.4873,635608.5864
Q5SWU9_S34___2,62383.67561,72716.96727,82513.9352,71403.43951,68281.59661,62746.18253,76909.36587,49552.38848,64768.65886,61059.72125,60043.96815,65402.60769,93904.8599,70952.91211,63477.11031,48379.67933
Q5SX79_S49___2,113855.4332,158262.1739,198729.8841,271114.5799,211637.1839,214899.4437,245826.6808,200261.3489,121868.1301,107075.0544,145493.2774,153291.6089,129570.8522,139668.1452,130106.5535,111701.6795
Q5SX79_S385___2,67077.95424,112644.371,91994.67306,103165.8773,107570.1355,96502.9982,92379.83143,86271.61977,87145.39314,72763.11182,79821.9683,48560.47259,87182.7214,81308.92316,71805.42661,80471.53803
Q5U3K5_S594___2,490426.9919,648339.5226,623671.0372,777101.6813,797218.8259,757318.3373,738691.6261,693221.6709,567496.9397,560732.0124,595420.9034,585398.0303,753308.7031,618352.5226,688635.0419,593852.3957
Q5U3K5_S436___2,184510.0032,225661.4443,203847.9856,266117.7288,227088.3237,264777.8716,270182.7508,237074.0305,202495.1398,278405.5733,236225.032,228275.5403,257443.0085,237184.7842,223360.602,237435.6708
Q5U3K5_S438___2,184510.0032,225661.4443,203847.9856,266117.7288,227088.3237,264777.8716,270182.7508,237074.0305,202495.1398,278405.5733,236225.032,228275.5403,257443.0085,237184.7842,223360.602,237435.6708
Q5U3K5_S482___2,510191.4651,559509.6346,537922.8651,592879.0559,539491.9017,606909.5546,608472.1295,505808.6713,552392.9235,494140.9338,583539.8948,521531.7056,603118.2517,507649.3933,487850.1104,517525.4448
Q5U3K5_S483___2,413969.4911,510491.4274,457753.6461,504519.4528,440213.1063,466988.9355,517788.616,430425.5843,460504.7374,423851.4411,496572.1515,443805.3396,485267.7029,443997.8618,415143.4737,440396.1509
Q5UAK0_S487___2,307094.1423,219369.1014,314853.3097,276100.788,449981.2159,369651.1559,368794.263,251149.6804,284128.894,383918.0317,300022.443,306516.6224,340563.9507,286796.6703,181929.0279,174136.9975
Q5UAK0_S482___2,296675.7224,226306.229,437849.708,363803.5522,490487.658,410052.6489,483817.9017,383702.0187,266597.0368,371108.0619,391616.1231,405096.4836,427252.232,305577.5801,258452.4395,244834.2832
Q5XG73_S151___2,155963.2499,143576.7501,132513.287,165321.5481,159938.3122,156923.593,172241.1707,147755.6963,163381.1264,152829.2071,182079.1872,129844.6033,140377.328,117883.445,134693.4899,146803.1185
Q5XG73_S155___2,155963.2499,143576.7501,132513.287,165321.5481,159938.3122,156923.593,172241.1707,147755.6963,163381.1264,152829.2071,182079.1872,129844.6033,140377.328,117883.445,134693.4899,146803.1185
Q60575_S1655___2,37998.10415,59938.79275,36275.62721,36804.14165,41285.20461,35072.89207,47697.17039,33263.80962,37232.56623,46748.94625,27388.50416,29345.32956,59626.16145,50746.54421,32475.67209,27237.61503
Q60596_S446___2,370052.8722,414088.1333,408850.6063,429665.2917,330093.2761,319162.9966,392147.0108,419024.8848,478746.0528,459862.9038,582175.1301,475436.259,311280.9615,303470.8141,541320.2842,583469.8093
Q60598_S405___2,159103.832,171115.5632,147760.2381,146929.0933,227927.3803,235339.5784,145282.7477,114392.0259,182837.2784,269899.3004,143194.9728,191317.6739,248478.6903,209903.189,128761.0413,162101.1999
Q60598_S407___2,2133905.319,2280445.966,2222199.659,2291559.741,2831815.005,2822433.536,2367795.945,1788288.376,2813869.142,3940807.886,2172613.823,2807111.787,3025225.167,2763814.867,1929267.375,2343141.053
Q60668_S80___2,21423.1582,27212.98925,21887.19809,16796.32074,31189.05017,36525.55083,26698.58252,33763.04686,21762.29709,37803.50289,18139.56075,20048.45041,36079.23276,35274.52545,24812.29569,30257.5636
Q60749_S58___2,53297.09509,69729.40451,48715.51334,49668.4577,87532.68082,73446.20179,55092.96408,45379.54044,54338.80614,73164.63448,50659.9296,35730.08637,73493.89041,70694.4037,39516.47085,38915.59861
Q60953_S528___2,117484.4818,113852.7519,138554.0754,133719.6151,95897.94841,106163.547,124941.1986,126294.6416,100417.6693,66296.57924,108610.6589,120261.739,113485.1608,105840.2596,112731.5363,128619.5173
Q60953_S514___2,713025.7231,996813.7535,918237.6253,753673.1794,960571.9624,1052756.3,881665.687,807343.5327,962169.6452,1193747.054,836658.7326,944427.6739,1276666.704,1263230.448,893055.65,808802.1018
Q60953_S515___2,836439.1142,1200114.002,1133108.299,960484.662,1143482.589,1236393.136,1111318.015,1000543.122,1144677.503,1423264.497,1026043.397,1174097.761,1503866.664,1515686.237,1078598.538,1018499.68
Q60953_S519___2,534777.6766,732022.7321,713941.6265,590336.0194,695590.1762,713901.8215,683608.064,637521.9703,625090.3949,798402.0696,645864.3779,727270.2629,929468.6376,878130.7841,681331.5172,648083.5138
Q60953_S503___2,129527.912,157678.5004,162632.5493,156191.3322,156862.8469,167428.7415,188473.9258,141550.9158,135821.3577,173564.5359,130258.7332,165798.228,219648.2258,187925.7806,131684.3846,127025.5826
Q61026_S487___2,28288.32888,22317.8469,27279.33241,25397.41163,23330.42284,27466.21813,28434.63658,29548.4878,29144.33021,41634.36818,27569.2892,24273.79441,34552.21131,25989.20191,23568.86241,27284.08699
Q61026_S493___2,26561.06467,23828.9081,24756.15174,18325.15561,25201.33691,35898.6339,21692.25894,17693.48977,33429.36584,47926.39523,21677.91545,19529.7329,34549.68241,33702.5679,17788.29896,20997.31802
Q61026_S499___2,26561.06467,23828.9081,24756.15174,18325.15561,25201.33691,35898.6339,21692.25894,17693.48977,33429.36584,47926.39523,21677.91545,19529.7329,34549.68241,33702.5679,17788.29896,20997.31802
Q61029_S155___2,141829.199,178802.2187,203233.8613,143971.1414,207627.8325,162387.2179,201309.3918,173117.3732,162141.5761,153197.666,145355.3609,160297.8794,185384.1287,153862.6234,129431.6022,96394.02901
Q61029_S157___2,66668.83577,69529.80499,81849.39758,48959.59071,87732.54233,69654.84528,70369.90844,69740.6947,73555.38365,70142.32102,68077.18043,85378.64514,82014.0267,67561.63637,70040.60957,53185.89049
Q61029_S158___2,81127.27302,62490.7435,91799.25543,68272.68062,73628.12842,74992.06195,93740.62281,77336.80163,59172.5936,70532.04385,68270.48316,80193.10953,82596.97831,57865.52531,53048.41776,41999.23642
Q61029_S66___2,3415908.62,3726890.451,3851830.998,3293811.544,3976399.057,3926955.282,3333077.243,2128123.54,4018353.509,4660827.641,3068634.953,4237053.508,5351717.638,3751749.291,3223527.218,2382156.741
Q61029_S67___2,3384319.429,3704082.034,3807351.956,3271379.721,3930206.727,3894410.609,3311796.851,2112678.512,3959186.757,4644061.036,3037536.162,4182105.52,5307224.138,3726284.299,3196537.836,2349929.286
Q61029_S179___2,1920872.237,1738365.645,2117578.935,1875420.711,1910338.894,1749473.305,1680092.444,1380234.828,1900484.966,1566320.74,2367980.815,2727190.243,2025145.486,1738549.783,1983023.975,1539185.012
Q61029_S189___2,1156430.206,905922.6448,1204651.823,1066892.45,1009567.229,1144787.737,955773.7814,785190.2825,1129671.899,1027299.863,1347100.861,1551448.517,1237192.9,966068.5018,1128105.974,875614.1273
Q61037_S1318___2,10615.18908,5446.246608,6203.890991,7550.357444,12485.0707,17266.59883,7700.704358,5630.828952,10153.84865,14497.14654,4171.019851,4593.272432,9476.334578,16655.64159,5127.275612,5408.726731
Q61037_S1321___2,10615.18908,5446.246608,6203.890991,7550.357444,12485.0707,17266.59883,7700.704358,5630.828952,10153.84865,14497.14654,4171.019851,4593.272432,9476.334578,16655.64159,5127.275612,5408.726731
Q61136_S431___2,36574.35447,36243.94314,71331.29794,76315.27904,34088.96857,39341.7535,51751.29226,56368.80552,36548.75332,30735.86873,74160.60725,51272.78367,36392.00901,34924.25533,73656.82824,77001.17414
Q61136_S88___2,237410.9343,288588.3816,499693.4446,385709.9782,268249.7064,249881.7537,331905.8518,378318.4471,272018.5513,230234.0044,484318.9618,446833.7099,256678.0723,263505.4675,364304.9017,390765.5949
Q61136_S94___2,237410.9343,288588.3816,499693.4446,385709.9782,268249.7064,249881.7537,331905.8518,378318.4471,272018.5513,230234.0044,484318.9618,446833.7099,256678.0723,263505.4675,364304.9017,390765.5949
Q61136_S427___2,134132.2624,151592.6918,175053.8487,176927.4629,109953.1163,107474.9503,152834.9281,193620.9784,124339.1193,91334.36689,242166.2738,162022.0892,137737.4033,138460.0658,210085.5076,220893.9878
Q61136_S143___2,794670.0401,906482.9443,1052276.924,988932.6537,954039.0188,973873.9559,949876.656,981892.2396,854955.3241,998577.8318,973595.6945,947363.934,1031414.763,1002633.48,970807.2067,1092848.265
Q61136_S145___2,884382.1492,1005394.035,1135522.454,1095785.444,1053994.887,1067321.718,1018423.098,1057720.873,938013.6512,1093828.118,1066163.826,1031807.658,1141730.275,1107243.141,1049934.617,1187308.857
Q61165_S603___2,64343.17834,74920.57153,76758.55221,76171.22874,76373.20946,101677.2838,89346.90256,91068.29388,64498.88674,70148.85503,89879.40348,90007.53095,86349.93427,77246.2089,75366.11709,58729.32073
Q61165_S606___2,101521.5096,118210.6592,134226.0261,136650.3318,120502.6503,160427.7503,181999.6855,150469.09,101767.1884,110681.7824,144176.4559,153269.9848,136244.0574,121880.0803,124687.9323,121355.0267
Q61165_S609___2,170593.3338,155797.4853,190187.486,192043.0693,176961.8884,208760.4614,246080.7374,217232.6377,145056.1638,127259.2212,210240.2912,219061.0721,175879.1982,150878.8948,179929.712,163416.9433
Q61214_S748___2,2550.015847,3138.369264,3708.245777,3471.991858,3634.084279,3915.076891,3915.896749,3310.099829,3676.209397,5243.219723,5097.565001,3900.155834,2056.96444,2605.963116,3102.160629,4594.284898
Q61214_S758___2,2550.015847,3138.369264,3708.245777,3471.991858,3634.084279,3915.076891,3915.896749,3310.099829,3676.209397,5243.219723,5097.565001,3900.155834,2056.96444,2605.963116,3102.160629,4594.284898
Q61464_S1569___2,129182.5924,152549.5366,190272.9349,176446.2785,208863.1906,205921.4973,156842.6172,153166.8743,133967.9446,150501.8016,142543.5566,132817.8859,210189.9444,153177.6471,122081.734,164885.4777
Q61464_S1571___2,129182.5924,152549.5366,190272.9349,176446.2785,208863.1906,205921.4973,156842.6172,153166.8743,133967.9446,150501.8016,142543.5566,132817.8859,210189.9444,153177.6471,122081.734,164885.4777
Q61584_S449___2,376474.4224,388435.0685,498992.7057,492368.2823,537878.236,568103.0481,519344.8167,404145.8728,512339.6852,464076.1465,361740.9995,343202.9807,418107.7314,480480.1848,410995.1804,356876.6819
Q61584_S452___2,376474.4224,388435.0685,498992.7057,492368.2823,537878.236,568103.0481,519344.8167,404145.8728,512339.6852,464076.1465,361740.9995,343202.9807,418107.7314,480480.1848,410995.1804,356876.6819
Q61584_S435___2,11078.28814,13101.06746,8511.772949,9371.823008,14299.41774,12840.6479,8479.07574,7471.659203,13090.95777,9243.851812,9206.440144,6879.370435,9847.584773,10376.80513,7934.393702,8981.343213
Q61584_S438___2,11078.28814,13101.06746,8511.772949,9371.823008,14299.41774,12840.6479,8479.07574,7471.659203,13090.95777,9243.851812,9206.440144,6879.370435,9847.584773,10376.80513,7934.393702,8981.343213
Q61586_S687___2,7659897.256,9203407.692,8814262.531,8189790.252,10006343.45,10777981.96,7980317.347,6739358.947,9831856.764,11297343.1,8714973.875,8441906.115,11149731.25,10818558.13,8127240.467,6919327.083
Q61586_S694___2,7659897.256,9203407.692,8814262.531,8189790.252,10006343.45,10777981.96,7980317.347,6739358.947,9831856.764,11297343.1,8714973.875,8441906.115,11149731.25,10818558.13,8127240.467,6919327.083
Q61687_S717___2,1372846.781,1559155.511,998627.1123,1086321.617,1795912.643,1700485.009,1078952.85,961608.7823,1554048.622,2611739.894,1039085.667,1028927.285,1767979.103,1901402.087,940629.1064,1163487.153
Q61687_S719___2,1372846.781,1559155.511,998627.1123,1086321.617,1795912.643,1700485.009,1078952.85,961608.7823,1554048.622,2611739.894,1039085.667,1028927.285,1767979.103,1901402.087,940629.1064,1163487.153
Q61687_S1223___2,209621.2134,224101.9368,169713.9513,172953.6963,280628.441,310753.9129,177573.2733,145978.2586,215728.717,380508.7352,192290.652,172152.6393,428616.6396,279887.0564,147087.6883,174398.446
Q61687_S1224___2,209621.2134,224101.9368,169713.9513,172953.6963,280628.441,310753.9129,177573.2733,145978.2586,215728.717,380508.7352,192290.652,172152.6393,428616.6396,279887.0564,147087.6883,174398.446
Q61712_S477___2,918685.5494,803712.3685,953964.4382,895627.3832,851322.3273,841835.7711,843961.2931,1010003.497,883164.1005,721535.7492,1259130.471,1138528.269,730024.144,684961.5722,1082627.654,1034135.263
Q61712_S478___2,918685.5494,803712.3685,953964.4382,895627.3832,851322.3273,841835.7711,843961.2931,1010003.497,883164.1005,721535.7492,1259130.471,1138528.269,730024.144,684961.5722,1082627.654,1034135.263
Q61879_S1952___2,654654.7268,697601.357,639908.4055,700755.2908,798999.7774,863527.7208,774963.0407,596277.4617,663512.219,782720.1019,682471.4485,672127.0444,872129.8011,674721.1665,584800.4248,557389.7053
Q61879_S1956___2,654654.7268,697601.357,639908.4055,700755.2908,798999.7774,863527.7208,774963.0407,596277.4617,663512.219,782720.1019,682471.4485,672127.0444,872129.8011,674721.1665,584800.4248,557389.7053
Q62172_S92___2,605036.8875,402827.4371,505743.22,481177.1352,535503.4017,511919.2612,465878.3737,474460.5445,591667.9739,406480.525,530055.7856,470590.3439,637548.2469,511044.0149,551889.8515,546269.4158
Q62172_S93___2,605036.8875,402827.4371,505743.22,481177.1352,535503.4017,511919.2612,465878.3737,474460.5445,591667.9739,406480.525,530055.7856,470590.3439,637548.2469,511044.0149,551889.8515,546269.4158
Q62261_S2163___2,194456.0404,175648.5179,165057.0653,181588.6886,180014.8192,188935.0287,152877.0526,217563.1768,219295.614,224218.0197,223457.4948,192462.1498,207143.9766,195391.6092,217768.2138,301359.3853
Q62261_S2164___2,240145.4402,256129.1822,289833.2348,299977.1219,271252.0296,294743.2371,253922.1389,261998.3338,303656.2504,395549.0525,386680.5192,332530.2824,345610.5847,369449.1884,254283.2553,274011.4099
Q62261_S2168___2,411520.3264,367651.6706,437989.953,431947.2433,388664.6584,376820.6899,367977.3727,445248.2782,430754.3067,375885.6592,558788.4878,497341.7963,437596.455,407012.2401,491297.4505,487148.8885
Q62261_S2137___2,31839.56483,44023.1578,45823.14586,45166.13185,56110.61004,44017.44002,57322.35475,55201.04537,35304.64599,41937.09157,40096.75032,37301.31761,49123.39568,50205.47075,39103.73123,40133.21223
Q62261_S2160___2,678338.2472,673136.7055,747589.3293,768486.9396,709781.2352,772394.45,619760.5109,795597.6875,800385.5744,995631.6492,967590.4376,866348.1328,866876.1464,929485.5132,863134.9178,945607.967
Q62318_S26___2,266130.1453,268322.9443,207738.4381,249251.6285,291322.9794,305596.2841,254315.132,247644.2863,297181.3119,388817.0049,233314.0436,252763.5201,274546.0378,329480.429,266375.5664,250979.5188
Q62383_S1535___2,90290.88705,101630.6722,88796.78026,72302.1516,124848.9903,109055.7422,94796.29729,94061.28288,88395.76733,112999.8243,77004.97983,81605.02907,121139.5558,98661.72132,70500.30309,62317.65784
Q62433_S330___2,13119.63002,12787.22127,11097.85716,9380.64131,15003.46989,11053.33409,11738.68197,7541.50771,13757.58137,14614.56114,10315.09205,14934.28933,17882.38432,15450.86621,9373.741859,14225.35604
Q63918_S287___2,1478517.561,1476134.759,1268925.477,1086972.53,1965060.31,2140089.336,1167399.968,1055529.982,1475196.957,2177241.213,1272714.003,1193898.292,1955502.398,1685740.202,1069638.248,1044920.3
Q63918_S288___2,1865590.737,2190897.493,1798515.119,1395759.99,2494473.341,2820548.746,1550897.3,1500345.482,2014130.126,2973962.949,1717743.247,1602454.697,2361272.388,2231099.986,1485758.797,1444638.607
Q63918_S293___2,2188019.95,2573271.352,1936181.917,1519714.128,2833556.115,3066930.093,1764894.089,1781348.007,2205881.932,3104081.208,1819147.01,1656318.212,2675521.887,2614175.503,1828858.76,1582987.028
Q63918_S296___2,488292.9566,573605.2937,392340.2166,335478.6017,574787.6799,544821.3008,440755.2497,356435.8332,402196.1481,499408.3338,383887.4445,318763.3331,526572.0288,559607.5748,391930.2397,260580.0485
Q63918_S218___2,510013.5634,410417.8022,273873.9505,328806.9109,369020.0576,568907.5377,269168.2945,206994.3194,426466.0596,516899.4013,299100.8562,332985.1864,435221.4059,376756.0256,231232.0349,313468.5291
Q63918_S359___2,687394.2135,707870.7405,468258.0396,421236.6788,738052.8912,713330.2892,459982.8367,356128.7484,669004.1261,682231.5463,422487.4141,411991.4394,829073.0449,682371.9399,472035.1418,423214.5343
Q63918_S363___2,564070.3571,626172.3695,387507.1112,348594.5669,597799.4248,584580.2901,380658.964,294714.4755,474524.3244,670179.1044,349629.6134,340943.6657,665777.5402,610698.8044,390632.8535,350231.342
Q63918_S203___2,504461.7643,427993.509,295823.0999,355158.5665,403068.0653,587585.1863,290740.3173,223583.5176,463214.0364,528868.0266,323071.7719,359671.7026,474412.0925,400401.5831,249763.7225,338590.9169
Q63918_S204___2,504461.7643,427993.509,295823.0999,355158.5665,403068.0653,587585.1863,290740.3173,223583.5176,463214.0364,528868.0266,323071.7719,359671.7026,474412.0925,400401.5831,249763.7225,338590.9169
Q64012_S294___2,1207932.622,844892.1815,1064060.974,1013166.623,1605445.356,1391868.707,1047849.076,874327.2105,1363019.286,2024976.407,933895.1846,737950.2768,1409794.239,1076629.265,822844.5447,792617.5601
Q64012_S301___2,97570.62423,74207.21843,79574.70349,101575.1133,132947.432,131021.8587,100628.9691,93147.08431,123513.5975,157742.6148,96555.2907,86897.33513,104156.2309,96034.74429,83910.99446,86606.64821
Q64012_S270___2,257050.1631,176909.1904,256314.3613,301766.0903,320387.9882,253833.8353,281898.4317,223539.9537,238922.7783,224887.5819,371244.6068,262723.8448,193584.0595,166600.9985,213285.9217,196294.3474
Q640L3_S187___2,470457.2254,526126.478,429484.8851,513163.0179,455291.6988,403112.7101,520492.8707,512735.6602,513870.7453,396778.8545,554763.9912,502321.2785,478492.7033,437392.8495,588141.1418,501944.1195
Q640L3_S189___2,495752.2627,554414.6798,447517.8076,534220.3929,479771.3325,424786.8401,559561.7666,542485.8136,541499.9941,418112.4325,582680.6522,516197.9991,504219.7835,460910.1171,629184.2055,521390.5613
Q640L3_S191___2,346050.6255,379099.7624,284418.9799,338284.6465,326033.8477,292224.241,403276.5507,367624.7932,372363.1605,280553.4117,383187.4507,308133.4028,334603.2055,308219.8128,445156.4768,326923.4122
Q640M1_S341___2,150793.3212,192775.125,172352.0041,268717.6922,222371.0682,199111.3947,217455.4914,165721.5981,144261.1893,265374.5554,173440.9585,169728.7096,253482.581,225358.6768,154631.673,223329.8386
Q640M1_S343___2,150793.3212,192775.125,172352.0041,268717.6922,222371.0682,199111.3947,217455.4914,165721.5981,144261.1893,265374.5554,173440.9585,169728.7096,253482.581,225358.6768,154631.673,223329.8386
Q64213_S80___2,39989212.67,36458554.74,29045468.34,30351868.09,42320794.48,47712339.8,30692724.76,30589666.29,42156234.99,46663422.8,30669053.9,29554578.91,43461560.96,41279586.16,30645963.77,32990503.51
Q64213_S82___2,39776463.19,36233410.13,28860363.46,30190350.8,42075905.96,47445634.77,30522656.11,30392678.72,41926357.83,46388708.4,30510956.75,29388177.29,43210501.33,41041805.23,30455074.29,32788118.7
Q64337_S357___2,209323.2386,268733.58,236052.9773,214497.6806,299175.3971,296754.4756,225758.1664,218868.1546,168544.1853,278946.2764,151813.1258,117939.9051,217572.7602,223558.2277,165300.5923,114609.6447
Q64446_S1395___2,202661.736,202147.5204,177444.6861,209371.2826,266672.0261,216107.7617,202286.0228,189845.6734,209027.5798,410043.4401,214771.3779,218842.567,307465.6294,283374.3445,206951.1289,230160.2472
Q64446_S1398___2,202661.736,202147.5204,177444.6861,209371.2826,266672.0261,216107.7617,202286.0228,189845.6734,209027.5798,410043.4401,214771.3779,218842.567,307465.6294,283374.3445,206951.1289,230160.2472
Q64511_S1537___2,20732.76186,25796.16354,20111.70956,19686.52444,23969.39424,27008.54952,23605.68733,29059.49843,25969.89795,23367.83648,32406.30666,36088.71484,41136.13295,34028.8128,30714.51777,25414.65764
Q64511_S1539___2,20732.76186,25796.16354,20111.70956,19686.52444,23969.39424,27008.54952,23605.68733,29059.49843,25969.89795,23367.83648,32406.30666,36088.71484,41136.13295,34028.8128,30714.51777,25414.65764
Q64511_S1400___2,41127.97144,46197.69357,45027.18515,40499.76562,49116.58975,48580.98943,36893.39416,28723.36856,46833.06775,68729.1564,42268.02357,41750.44879,59013.65303,51971.52156,49670.54292,48958.90198
Q64511_S1509___2,2909051.96,3178899.28,2649838.355,2850523.72,3224495.962,3168269.927,2942913.441,2780252.7,3119660.29,3997433.141,2757990.998,2818368.43,3794329.679,3666879.234,3037426.152,3011795.198
Q64511_S1511___2,2970791.733,3230925.424,2707034.481,2912051.591,3293613.216,3251198.523,3006435.522,2840263.787,3173819.309,4076979.551,2817521.572,2879202.236,3879701.693,3737851.057,3102988.267,3076804.075
Q64511_S1513___2,1892956.297,2000121.249,1723339.685,1852006.632,2082968.238,2056920.702,1943653.021,1927291.924,1962523.053,2557970.281,1855692.23,2088364.835,2422614.403,2340792.487,1912306.416,2255418.856
Q64511_S1448___2,230913.6541,263209.2025,188157.0589,223283.3,267474.6552,272061.6421,237738.1496,186071.5422,229604.3607,338109.5406,196583.66,215570.6117,335161.4963,323166.4367,232344.5663,249473.2319
Q64511_S1453___2,283561.1794,299469.7116,197969.4928,231479.574,370845.7531,347739.173,240523.3895,195064.2924,239950.2446,296453.5645,214235.4699,230863.1714,362029.2073,200053.4064,241109.0052,256853.615
Q65Z40_S468___2,128174.5201,159796.5768,109953.6705,102478.0864,136172.8478,120308.4111,148417.1831,100696.6397,134585.7524,154755.031,84882.16648,96555.81672,173034.2183,139151.8301,85268.36306,100457.2107
Q65Z40_S470___2,128174.5201,159796.5768,109953.6705,102478.0864,136172.8478,120308.4111,148417.1831,100696.6397,134585.7524,154755.031,84882.16648,96555.81672,173034.2183,139151.8301,85268.36306,100457.2107
Q68FF6_S601___2,953687.0685,1359893.127,516381.6169,392789.4369,1587561.413,865691.0393,318127.6581,402588.0233,830592.6476,1333375.929,384048.136,304316.9456,1059363.083,1207015.479,342114.9002,329093.1082
Q68FF6_S397___2,150096.8673,165976.8931,64855.97884,52330.03842,229869.2643,145703.8235,36033.06947,52908.61437,126103.517,177372.647,59785.33161,54477.23379,131446.4786,164310.8567,50417.56002,56982.62178
Q68FH0_S272___2,10491.86853,41251.17038,21834.22683,19389.56061,21500.02549,15239.93232,25276.06465,19389.89316,12532.55791,15364.53924,20017.47232,10722.40536,18398.11063,8768.423327,16032.72826,10503.20922
Q69ZA1_S1054___2,201596.682,453487.5397,661126.4494,590963.4722,466980.4563,347535.1704,729541.6511,420322.339,251798.6676,451218.7271,466185.2018,441174.5384,260312.1962,217741.9085,314787.7408,446704.2817
Q69ZA1_S438___2,87538.17625,62221.02416,223695.6764,193303.9569,84969.00432,89444.1776,193095.2302,125618.7748,78544.70554,89752.14283,221197.588,191041.1921,74648.03759,79048.77132,160556.6553,232869.1703
Q69ZR9_S628___2,143120.0925,219461.836,116252.6846,144818.6149,190601.7576,124459.3833,118162.097,86740.21446,130404.0043,220529.6058,112577.4715,128256.88,154221.3576,173034.1699,113098.463,167988.8898
Q69ZX8_S502___2,81075.93197,73830.44816,109310.9483,105400.9934,90206.83114,83546.30207,137786.8863,103282.4469,71462.57199,59094.82574,113060.7389,110526.6987,78867.1317,51793.64545,107820.2675,100992.9807
Q69ZX8_S503___2,81075.93197,73830.44816,109310.9483,105400.9934,90206.83114,83546.30207,137786.8863,103282.4469,71462.57199,59094.82574,113060.7389,110526.6987,78867.1317,51793.64545,107820.2675,100992.9807
Q69ZX8_S277___2,34223.95118,42343.18034,41715.24599,38483.78025,46068.41159,41136.53476,56341.75389,53353.9612,35878.76451,29126.82473,43345.75208,42379.57135,40106.40605,36446.37869,35613.29538,38652.32359
Q69ZX8_S282___2,60937.63645,75394.37268,82832.32082,81556.14339,82027.3528,73245.87354,84258.20044,84856.682,63884.12303,51861.92112,75757.09166,77116.31567,71411.67243,64894.79145,85641.67578,84901.49339
Q6A0A2_S601___2,319878.6339,381394.0127,302375.9189,298371.8248,360183.3288,447232.1307,341376.5322,244793.1286,363542.5706,456582.1068,263895.8666,351298.5818,401880.3075,387647.0461,245892.7446,312977.5029
Q6A0A2_S603___2,305778.4306,364582.2205,288021.6049,287374.5551,344306.5005,427518.2039,310551.0137,224345.0006,347517.6674,436456.0345,257676.858,321165.4006,384165.4825,370559.6211,222341.1414,300618.4788
Q6A0A2_S739___2,19345.18222,19290.5433,17764.72194,17960.81882,16234.37368,20997.19195,17971.29392,20926.41131,22243.39029,19794.9796,17240.35248,19213.36806,13708.69656,17357.1666,13112.34836,21704.40281
Q6AW69_S199___2,140733.7921,151256.3044,151461.5696,143544.9532,136782.4045,119044.6448,136922.3313,138551.9644,120844.4144,87843.07813,137877.4891,115663.1554,123403.1871,119338.0286,128084.9842,122883.6864
Q6AW69_S203___2,140733.7921,151256.3044,151461.5696,143544.9532,136782.4045,119044.6448,136922.3313,138551.9644,120844.4144,87843.07813,137877.4891,115663.1554,123403.1871,119338.0286,128084.9842,122883.6864
Q6DFV3_S1655___2,37123.49141,33777.67346,27094.81022,35375.01172,44409.19669,41323.98267,35020.55255,35325.16726,32210.63775,63041.25643,27992.18298,28823.87936,35618.7574,36500.19735,40394.70352,41925.39297
Q6DFW4_S509___2,2325717.383,1958114.42,2470707.656,2207876.229,2167307.803,2293390.266,2465150.385,2474913.197,2204985.175,1397180.591,2856336.864,3187760.656,1907686.3,2186211.813,2642836.25,2357928.358
Q6DFW4_S521___2,2325717.383,1958114.42,2470707.656,2207876.229,2167307.803,2293390.266,2465150.385,2474913.197,2204985.175,1397180.591,2856336.864,3187760.656,1907686.3,2186211.813,2642836.25,2357928.358
Q6NZF1_S740___2,877619.3771,767090.9934,991337.7221,800254.6045,1162764.23,1346577.925,1125439.221,844246.2035,525765.155,509457.021,588850.3365,340311.1731,595073.138,496190.9816,335572.0576,275739.3175
Q6NZF1_S743___2,765107.642,668327.747,866337.1752,705127.6263,1019554.51,1162466.85,947921.2522,736890.5428,457169.6971,430580.4517,546505.8171,289719.7228,517609.9919,434219.8779,296534.0245,226117.4855
Q6P2K6_S127___2,86280.86188,126321.7708,92925.07479,90880.39327,93501.78008,94671.98078,103236.1184,96306.4513,103200.2268,110497.3582,99372.71158,64135.16387,121626.9454,95686.10122,102011.6028,96232.72421
Q6P4S6_S533___2,292342.3025,223920.7214,311026.3868,311441.1019,254339.1786,303686.4045,321147.8601,305972.3874,254810.0936,342908.9595,331683.9633,337426.1907,275525.8441,322525.0856,319513.6797,310573.4263
Q6P4S6_S534___2,292342.3025,223920.7214,311026.3868,311441.1019,254339.1786,303686.4045,321147.8601,305972.3874,254810.0936,342908.9595,331683.9633,337426.1907,275525.8441,322525.0856,319513.6797,310573.4263
Q6P4S8_S1320___2,28467.76883,39316.21799,20909.49373,28607.77005,45635.42262,44516.26189,31743.97862,25066.98176,47505.78452,74237.48094,20083.12358,26554.99846,40737.73981,50576.91453,23064.82603,24502.39901
Q6P4S8_S1329___2,28467.76883,39316.21799,20909.49373,28607.77005,45635.42262,44516.26189,31743.97862,25066.98176,47505.78452,74237.48094,20083.12358,26554.99846,40737.73981,50576.91453,23064.82603,24502.39901
Q6P4T0_S875___2,48102.74836,60187.65322,50074.35747,63945.15615,63980.57463,52241.29793,51519.48847,55226.75435,59804.6077,93431.04655,57929.1243,61406.06901,56095.94597,66627.6963,60543.52053,55682.37128
Q6P4T0_S877___2,48102.74836,60187.65322,50074.35747,63945.15615,63980.57463,52241.29793,51519.48847,55226.75435,59804.6077,93431.04655,57929.1243,61406.06901,56095.94597,66627.6963,60543.52053,55682.37128
Q6P542_S103___2,1691729.99,2393856.694,2301844.142,2043470.53,2543922.007,2154888.464,2541400.781,1895392.174,1569548.895,1604744.254,1674256.146,1257319.82,2165405.81,1653755.789,1373887.037,864665.7941
Q6P542_S107___2,1691729.99,2393856.694,2301844.142,2043470.53,2543922.007,2154888.464,2541400.781,1895392.174,1569548.895,1604744.254,1674256.146,1257319.82,2165405.81,1653755.789,1373887.037,864665.7941
Q6P5G6_S258___2,452246.3412,320787.5091,598715.814,703845.4957,1960582.448,518424.4464,612704.746,610376.5895,317190.3344,766611.2227,565743.4695,473508.5141,1434049.06,265559.0935,292851.5527,269881.4889
Q6P5G6_S266___2,506270.8069,353616.2249,656184.1132,771404.766,2259124.038,545491.2337,671515.7859,668964.1592,336703.0365,792146.0129,620046.8873,518958.6731,1511599.121,273762.1476,320961.1837,295786.3168
Q6P9Q6_S306___2,55209.75182,57457.64754,52678.00981,65829.3072,56318.50547,59773.30297,69061.61419,52535.11571,52718.8941,60054.0903,56510.44956,51340.6158,66322.98487,55071.93907,50168.89068,50341.69198
Q6P9Q6_S310___2,139936.4803,145634.0718,130451.5263,164715.6206,142746.7643,151503.4094,180756.8788,138465.9233,133623.0691,152215.1023,144889.8728,128918.5884,168104.4518,139587.1755,120993.7582,126335.109
Q6PAR5_S758___2,920278.366,1047796.948,923637.3702,969763.4303,990465.9557,1071977.942,964818.4404,879418.2771,1056009.76,1029627.104,997499.7786,638737.4201,1015910.561,1006430.115,579816.939,472841.2797
Q6PDG5_S302___2,35970.1205,47435.82508,37181.05786,41922.69103,31787.1979,43705.93164,46386.56362,46465.65059,34562.23289,30909.61664,42789.53233,39800.40974,54209.28161,58690.95431,36356.01259,47587.90261
Q6PDG5_S304___2,26832.96256,35386.13995,26288.61853,26424.25272,23712.58921,32603.71695,32697.00795,35514.85293,25782.70765,23057.93181,30110.94158,28785.07527,40438.9978,43782.23252,26392.0209,36889.57482
Q6PDG5_S283___2,25103.19278,24368.36883,26218.9641,22691.25382,20792.45538,26597.99873,31192.67363,32973.09741,20586.55689,26251.97797,26430.22782,22828.30085,30274.44128,28873.78457,27307.48353,30035.93333
Q6PDG5_S286___2,25103.19278,24368.36883,26218.9641,22691.25382,20792.45538,26597.99873,31192.67363,32973.09741,20586.55689,26251.97797,26430.22782,22828.30085,30274.44128,28873.78457,27307.48353,30035.93333
Q6PDM2_S234___2,27001.3659,32484.76081,21109.60022,26117.44877,23645.59626,25776.77535,25731.63757,24115.48335,28335.36217,34079.8117,19647.6605,19124.12417,35005.79873,32877.71769,21188.92682,30846.42718
Q6PDM2_S238___2,36673.12749,44120.64853,28548.23729,32971.5713,32115.33703,35009.89439,35965.51413,31537.73543,38484.95492,46287.03911,26861.77086,26072.50702,47544.71031,44654.36071,27946.07875,40132.89912
Q6PDM2_S199___2,240899.6289,322266.5214,301310.6998,335791.4696,223696.3612,269983.9721,328668.2323,301915.2768,316349.1534,300485.5083,295039.3225,320110.094,348295.3408,286876.6412,302468.5672,406073.763
Q6PDM2_S201___2,188994.1236,262822.0421,198766.1762,255014.1337,177389.8136,217406.9451,237319.8077,218063.3334,258531.5032,244907.7275,234718.5308,241891.3905,285366.6685,232019.3322,177915.0886,315730.375
Q6PDM2_S205___2,62733.43993,48408.42381,73961.83803,71233.12587,51547.77774,50427.64566,73825.10648,67797.84863,45631.51968,45628.51238,59025.10983,68313.73038,47606.52099,49983.20148,81473.29609,83690.41857
Q6PGL7_S157___2,1885916.405,2290211.254,1553521.09,1778185.276,3189028.143,3332157.203,2378137.532,1875207.259,2510160.696,3766395.576,1555605.978,1819971.509,3167746.365,2952496.091,1580651.695,1714092.267
Q6PGL7_S159___2,1885916.405,2290211.254,1553521.09,1778185.276,3189028.143,3332157.203,2378137.532,1875207.259,2510160.696,3766395.576,1555605.978,1819971.509,3167746.365,2952496.091,1580651.695,1714092.267
Q6URW6_S1973___2,304019.2263,302188.1668,246932.3223,240427.6273,347999.7457,354561.2144,247741.3705,216904.7339,232615.8475,272674.7121,219366.1079,233767.9554,281533.9795,243453.8389,231685.315,203660.7353
Q6VN19_S361___2,16292.15898,13169.42484,18310.33311,20451.38874,13208.83575,15829.59782,16761.53059,20584.38283,14477.98695,8695.834613,20794.22792,18264.20988,9373.751338,15971.47665,16290.0792,18073.79873
Q6WVG3_S178___2,73330.07705,73898.93485,62697.3531,68229.61738,72022.67095,87023.33328,68899.93506,62550.25189,95073.78177,99970.58956,61123.7918,60961.54939,109791.6826,91554.80965,65233.77993,57597.63562
Q6Y7W8_S26___2,314611.5887,366101.8812,294347.2182,280800.2088,491589.6741,575674.0953,445130.0487,267792.3702,257443.309,383966.5111,245264.9903,218298.1718,353752.1875,317616.2796,189472.1001,204341.069
Q6Y7W8_S30___2,303904.6314,335569.206,327500.4051,313314.1722,467786.5935,563897.4604,453482.6557,282881.6568,247296.4978,375683.9895,217677.5448,220513.4417,336893.3603,305651.108,175352.3173,184646.2109
Q6ZPJ0_S791___2,51003.33287,72822.03024,80553.59891,71931.69544,69904.74605,88176.61841,91354.28102,103023.0682,70147.04515,84491.40863,81738.74182,75344.90635,89064.48811,89163.55129,66356.93884,100178.0214
Q6ZPJ0_S795___2,51003.33287,72822.03024,80553.59891,71931.69544,69904.74605,88176.61841,91354.28102,103023.0682,70147.04515,84491.40863,81738.74182,75344.90635,89064.48811,89163.55129,66356.93884,100178.0214
Q6ZPJ0_S203___2,30654.5893,55201.87278,58443.68038,48045.07678,44281.03041,24226.55546,58855.43769,64772.28578,20867.70174,20133.85097,47677.82332,26932.67021,31063.95791,23597.7192,31631.39579,25156.11495
Q6ZPZ3_S1104___2,3148246.296,2633106.219,1923402.3,1819608.625,2493911.879,2117286.965,3959511.472,314521.8265,2943131.199,1347717.699,2079093.532,2118015.346,2277292.9,2206402.965,1999993.957,1629459.153
Q6ZPZ3_S1270___2,4908501.808,5623919.497,4164127.852,4247275.644,4804100.192,4610833.84,9059165.187,689689.1253,5010193.891,5208156.075,3506450.74,3662452.853,4495050.491,4257169.806,3823177.42,3002623.009
Q6ZPZ3_S1276___2,5050790.251,5788645.979,4277015.372,4337314.748,4981140.097,4790615.393,9329606.109,709829.5939,5181498.319,5373222.991,3611747.195,3760286.485,4675557.513,4426543.585,3942064.679,3107523.344
Q6ZQ58_S68___2,24256.44906,26476.02974,18174.68312,24262.38129,25479.65738,23146.73932,23249.01966,25486.86796,21955.02626,19035.92284,18852.53896,22204.55649,20705.44114,17116.29034,18458.4035,16971.13872
Q6ZQ58_S81___2,24256.44906,26476.02974,18174.68312,24262.38129,25479.65738,23146.73932,23249.01966,25486.86796,21955.02626,19035.92284,18852.53896,22204.55649,20705.44114,17116.29034,18458.4035,16971.13872
Q6ZQ58_S494___2,61085.51438,62932.79762,57113.73809,59667.37299,60922.65997,52669.73166,68322.24007,65158.19166,53137.42078,38757.68543,57128.9032,58226.24558,55250.18444,67756.90382,49839.4417,41004.2598
Q6ZQ58_S498___2,61085.51438,62932.79762,57113.73809,59667.37299,60922.65997,52669.73166,68322.24007,65158.19166,53137.42078,38757.68543,57128.9032,58226.24558,55250.18444,67756.90382,49839.4417,41004.2598
Q6ZQ58_S604___2,6877882.341,7679096.446,6622108.391,6391403.166,7939658.879,7762183.938,6418919.24,6300269.725,7122684.615,8872495.64,5394322.859,5758339.528,8458153.783,7961796.515,5873400.678,5642869.466
Q6ZQ58_S608___2,6877882.341,7679096.446,6622108.391,6391403.166,7939658.879,7762183.938,6418919.24,6300269.725,7122684.615,8872495.64,5394322.859,5758339.528,8458153.783,7961796.515,5873400.678,5642869.466
Q6ZQ58_S743___2,704630.4397,446330.7484,243693.6115,317673.9282,681117.557,625336.9811,557749.411,349066.6464,684323.6678,516123.3881,926846.1571,905471.739,676577.0745,515927.514,548052.0448,405520.7605
Q6ZQ58_S751___2,704630.4397,446330.7484,243693.6115,317673.9282,681117.557,625336.9811,557749.411,349066.6464,684323.6678,516123.3881,926846.1571,905471.739,676577.0745,515927.514,548052.0448,405520.7605
Q6ZQ58_S826___2,324973.3524,358246.6866,344942.9357,419928.9834,471370.1474,378405.0667,505582.8445,333906.0888,341118.0214,255135.7791,364797.7726,372554.6651,395592.7181,329766.6181,338602.4192,280073.9862
Q6ZQ58_S828___2,365631.8376,403068.108,330088.057,339135.9392,530344.8172,425748.5695,466229.2131,338526.7642,383796.4193,287056.6557,354453.0598,394487.2212,445086.6244,371024.8045,324658.4781,264139.0505
Q6ZQ58_S302___2,363089.648,406433.7626,378820.5183,430047.3853,341891.537,308209.5152,367812.9169,344023.2845,284692.9636,179699.6623,388979.5699,356225.8969,244769.803,241767.3543,335609.3425,285758.0544
Q6ZQ88_S132___2,130826.5198,123344.5592,102390.6775,103909.7297,125139.6785,128529.6724,116337.6335,103665.1962,128824.6637,125854.577,95475.48996,104530.4529,138078.6354,161965.2197,86012.94449,121184.973
Q6ZQ88_S138___2,130826.5198,123344.5592,102390.6775,103909.7297,125139.6785,128529.6724,116337.6335,103665.1962,128824.6637,125854.577,95475.48996,104530.4529,138078.6354,161965.2197,86012.94449,121184.973
Q6ZQB6_S499___2,137830.723,143362.819,142712.2106,165745.1536,160897.9462,179680.1262,140196.575,130401.3875,166569.3616,185728.2158,155411.2115,141130.5803,191906.9733,169939.5719,126598.7661,147769.5665
Q7SIG6_S704___2,266073.4821,283464.9161,343492.3696,292256.7573,308560.7992,271836.576,375542.0916,325798.2876,279936.9805,321857.1096,360532.7835,384337.3626,284712.4805,295557.8412,288447.3762,355388.6305
Q7SIG6_S715___2,266073.4821,283464.9161,343492.3696,292256.7573,308560.7992,271836.576,375542.0916,325798.2876,279936.9805,321857.1096,360532.7835,384337.3626,284712.4805,295557.8412,288447.3762,355388.6305
Q7TN98_S97___2,102761.8705,103529.2603,104707.0498,100886.3167,123883.2775,98171.2695,93330.34543,117458.333,97000.005,115443.1431,97884.67218,121081.099,141655.8277,137014.5245,104931.7584,110826.3878
Q7TN98_S99___2,102761.8705,103529.2603,104707.0498,100886.3167,123883.2775,98171.2695,93330.34543,117458.333,97000.005,115443.1431,97884.67218,121081.099,141655.8277,137014.5245,104931.7584,110826.3878
Q7TPE5_S299___2,326209.3172,380196.6661,339659.0436,261510.5725,548170.6799,400434.5937,351141.8175,327256.1149,532486.7629,1335470.079,326926.9031,305546.0841,663749.0909,449867.3153,262805.0745,279190.6605
Q7TPE5_S305___2,326209.3172,380196.6661,339659.0436,261510.5725,548170.6799,400434.5937,351141.8175,327256.1149,532486.7629,1335470.079,326926.9031,305546.0841,663749.0909,449867.3153,262805.0745,279190.6605
Q7TQG1_S1142___2,243250.5057,340184.3857,260812.7855,272520.3332,339012.7468,333503.7299,264981.1868,237316.1719,244909.5185,472610.6192,249638.3472,266062.8123,382837.0333,309984.8305,229424.784,210671.6861
Q7TQG1_S967___2,120971.439,171695.9765,163561.3842,153621.9696,175341.0764,179714.1543,163442.0787,134353.8974,119239.4932,115117.8508,137011.4944,135662.5032,157458.9791,109728.6999,108215.1254,97125.50415
Q7TQG1_S973___2,120971.439,171695.9765,163561.3842,153621.9696,175341.0764,179714.1543,163442.0787,134353.8974,119239.4932,115117.8508,137011.4944,135662.5032,157458.9791,109728.6999,108215.1254,97125.50415
Q7TQH0_S337___2,13304.28273,13934.29304,11639.08442,17523.19784,19012.89568,20899.70735,22561.58355,24036.31062,10354.15418,8672.690881,13780.96317,12140.42642,11887.58107,9978.005756,8146.669325,9844.002353
Q7TSC1_S759___2,14269.03628,11932.85436,20041.91055,19768.78058,18904.22341,21117.22371,23125.42974,42998.20788,16784.12778,23743.79202,22535.19337,27337.59728,25014.76816,15680.10872,18486.09255,21678.70648
Q7TSC1_S761___2,14269.03628,11932.85436,20041.91055,19768.78058,18904.22341,21117.22371,23125.42974,42998.20788,16784.12778,23743.79202,22535.19337,27337.59728,25014.76816,15680.10872,18486.09255,21678.70648
Q7TSC1_S808___2,128136.9937,149163.7616,154534.8114,187322.3423,258324.5608,260559.7726,214044.6452,177267.5144,117877.8449,212726.5655,108946.7836,126057.5278,159392.8777,174830.409,72200.72811,76295.27544
Q7TSC1_S1087___2,54267.87553,65109.13809,80769.87195,79166.98182,61810.84437,66679.90349,78910.88518,76938.62821,63249.98689,79302.98708,78836.11981,77803.78182,76407.26919,81906.29964,76826.87023,79238.53285
Q7TSC1_S1090___2,50711.94683,60708.74153,78658.07932,85191.50722,58711.29145,65549.33601,77802.63751,86129.86178,63077.88883,70795.82014,78447.5639,79061.47848,76080.91588,79510.15547,72136.42589,80558.94208
Q7TSH6_S1161___2,214646.204,238405.3548,118382.4705,159533.1349,352008.536,357051.8179,166305.144,169168.8776,378002.5872,464909.1407,191869.2155,205873.6149,298311.8639,302186.4779,125563.8302,99948.5932
Q7TSH6_S1167___2,214646.204,238405.3548,118382.4705,159533.1349,352008.536,357051.8179,166305.144,169168.8776,378002.5872,464909.1407,191869.2155,205873.6149,298311.8639,302186.4779,125563.8302,99948.5932
Q7TSI3_S668___2,47947.52085,38692.93315,33264.69598,34641.06829,46053.36018,42450.25844,38515.24705,32114.21065,44261.1633,26439.00962,33754.16652,35000.50205,45821.73008,42193.13848,30612.08437,32119.99409
Q80TH2_S599___2,206280.2281,216655.4341,206572.5647,209978.2613,204754.9547,230792.1513,255137.4214,232061.6413,228695.115,218419.7356,218760.6585,234590.8702,230419.3982,236189.1483,201444.3777,220123.3441
Q80TH2_S600___2,206280.2281,216655.4341,206572.5647,209978.2613,204754.9547,230792.1513,255137.4214,232061.6413,228695.115,218419.7356,218760.6585,234590.8702,230419.3982,236189.1483,201444.3777,220123.3441
Q80TJ7_S790___2,171726.7676,297471.4981,301463.1171,319761.4874,379226.5617,641833.0807,290093.0194,233881.9222,265101.2977,883814.9862,220653.746,149691.1174,436211.025,296331.0969,226748.221,224578.4115
Q80TJ7_S797___2,171726.7676,297471.4981,301463.1171,319761.4874,379226.5617,641833.0807,290093.0194,233881.9222,265101.2977,883814.9862,220653.746,149691.1174,436211.025,296331.0969,226748.221,224578.4115
Q80TQ2_S543___2,203525.5088,92995.20864,291723.0678,333918.6886,193912.8777,256069.9534,316550.8737,338343.3306,76971.26819,206336.7269,241084.2883,210218.9285,303490.5448,226092.5735,276183.0348,174888.1687
Q80TQ2_S548___2,203525.5088,92995.20864,291723.0678,333918.6886,193912.8777,256069.9534,316550.8737,338343.3306,76971.26819,206336.7269,241084.2883,210218.9285,303490.5448,226092.5735,276183.0348,174888.1687
Q80TQ2_S414___2,59236.39037,37491.55474,78058.27321,90787.77581,58564.80335,69302.60002,92845.76693,82294.83532,27421.69138,51877.94682,81575.97406,50338.21821,99181.39624,73241.63506,87733.60337,39053.66693
Q80TQ2_S418___2,59236.39037,37491.55474,78058.27321,90787.77581,58564.80335,69302.60002,92845.76693,82294.83532,27421.69138,51877.94682,81575.97406,50338.21821,99181.39624,73241.63506,87733.60337,39053.66693
Q80VI1_S454___2,301667.0888,452608.0151,363455.1365,368044.0682,493174.21,337735.5957,420107.9283,322792.7108,462065.6802,406093.917,238136.8639,239536.17,471573.74,382593.5636,197670.225,155646.1629
Q80VI1_S450___2,301667.0888,452608.0151,363455.1365,368044.0682,493174.21,337735.5957,420107.9283,322792.7108,462065.6802,406093.917,238136.8639,239536.17,471573.74,382593.5636,197670.225,155646.1629
Q80VP1_S453___2,53837.04494,53744.28421,60997.10551,54561.1096,99111.69344,84126.68983,55881.10053,50652.39431,61490.60773,104226.9435,54094.71678,65704.36902,85517.91373,97911.73965,45462.9678,48207.27159
Q80X80_S613___2,269915.8218,161560.6011,267630.829,251468.509,174917.9146,276430.7496,231495.1729,277364.6817,208145.8051,337563.061,253853.9902,320122.3157,179527.495,278505.0587,289259.1442,401787.1612
Q80YV2_S353___2,99498.57642,104123.0583,68955.00077,83216.12079,118208.7472,139236.288,81469.09968,51207.59801,99717.05553,91757.14886,44909.13973,40950.64095,133841.6615,113709.8933,44237.64255,39596.04559
Q80YV2_S369___2,107163.2485,105287.0742,83207.13764,100415.8529,152964.1181,134616.6674,98307.74439,61791.56853,83182.52122,104174.4041,54191.29764,49414.62664,107988.4387,154625.1257,53381.01038,47780.05335
Q810A7_S109___2,707165.6125,784965.5202,727094.8318,767137.4721,829185.2392,826904.0414,814129.0628,633955.4564,711878.7135,1101618.416,664684.7718,619903.3249,901266.4767,962890.6705,650497.3097,700240.9713
Q810A7_S111___2,707165.6125,784965.5202,727094.8318,767137.4721,829185.2392,826904.0414,814129.0628,633955.4564,711878.7135,1101618.416,664684.7718,619903.3249,901266.4767,962890.6705,650497.3097,700240.9713
Q812E0_S21___2,111074.9996,101244.0413,114650.4962,83729.07729,123137.0911,113005.9541,91582.91804,70947.08075,99616.40716,105558.3678,60180.79963,95946.55904,132631.4911,126937.6004,101752.1798,66093.61983
Q812E0_S24___2,111074.9996,101244.0413,114650.4962,83729.07729,123137.0911,113005.9541,91582.91804,70947.08075,99616.40716,105558.3678,60180.79963,95946.55904,132631.4911,126937.6004,101752.1798,66093.61983
Q8BGB2_S690___2,152095.5729,238831.6068,154759.7164,151396.7365,205846.9659,174753.6146,176998.9292,147292.0368,209093.625,253742.5376,119168.6996,97395.70871,229875.9081,160245.4493,107238.3164,99268.78499
Q8BGC0_S441___2,33472.84812,44933.78692,23404.18569,30805.56106,21507.71761,30242.25454,15821.94195,16742.49273,55738.68715,42571.25536,27122.53585,26041.95598,24166.65534,31881.65932,17125.89407,14580.68244
Q8BGC0_S446___2,33472.84812,44933.78692,23404.18569,30805.56106,21507.71761,30242.25454,15821.94195,16742.49273,55738.68715,42571.25536,27122.53585,26041.95598,24166.65534,31881.65932,17125.89407,14580.68244
Q8BGD9_S406___2,39804.40441,52216.44404,33790.75478,33197.8013,45721.59042,57161.88608,46323.0705,32901.31826,54031.38938,67370.57755,45020.70298,32283.47485,66065.41337,58087.02904,26283.04436,29748.62123
Q8BGD9_S409___2,39804.40441,52216.44404,33790.75478,33197.8013,45721.59042,57161.88608,46323.0705,32901.31826,54031.38938,67370.57755,45020.70298,32283.47485,66065.41337,58087.02904,26283.04436,29748.62123
Q8BGD9_S498___2,33073.24922,22189.53338,18585.77159,14650.12194,24059.69213,32057.41642,18208.51138,14365.24061,24526.91919,33782.2599,22946.83161,17499.88343,31879.49137,37830.7596,19007.88522,23390.76433
Q8BGD9_S504___2,12727.87675,8539.398236,10469.99072,7600.085409,9259.108293,12336.94465,8810.257453,7743.976305,9438.915496,13000.73173,8934.165995,9777.836412,12268.47215,14558.75237,7971.931224,11103.49268
Q8BGD9_S425___2,46550.34611,20615.88715,17257.88561,17890.44245,39379.3015,49457.56159,28030.2466,27067.31963,59110.79071,44346.06989,67433.19018,56206.19537,63754.84457,52883.11013,29083.30054,39157.70567
Q8BGQ1_S106___2,130318.8945,157598.5218,192160.9643,164897.3867,186249.0885,124534.0489,143188.8158,122307.5132,107895.3298,105395.7692,117455.4583,88471.50726,125187.4771,87250.66354,77430.59457,42237.48483
Q8BGQ1_S119___2,420742.8582,525470.8362,545830.8791,468888.5336,602364.9696,354919.9511,554080.9622,395457.3615,293497.4196,290160.513,420368.7723,327361.458,381034.5655,248077.412,279619.0068,189710.7194
Q8BGQ1_S124___2,171086.5719,220891.3599,257565.1889,215804.0827,270078.9741,178512.5136,248628.0189,182553.0841,133265.682,124210.3467,194252.4043,163093.1683,186622.3981,112440.2419,131642.5703,87313.63748
Q8BGS0_S197___2,71126.29648,77329.61728,68317.58246,73608.563,55019.80619,52603.75823,71072.23867,75120.94945,64637.26135,38395.30045,102795.479,93970.77693,42448.1917,49279.36967,70676.38667,77986.914
Q8BGS0_S199___2,71126.29648,77329.61728,68317.58246,73608.563,55019.80619,52603.75823,71072.23867,75120.94945,64637.26135,38395.30045,102795.479,93970.77693,42448.1917,49279.36967,70676.38667,77986.914
Q8BI84_S1915___2,103525.4449,106638.8282,71825.38582,90539.94891,78694.58907,67230.24163,108704.3919,82400.33228,77228.93401,57766.56817,68618.95619,66747.01441,72888.14783,65129.33081,59516.20606,65196.07955
Q8BI84_S1917___2,88524.43456,92613.6663,66608.6236,83963.92597,78404.29117,61654.22794,100809.0641,76415.49926,59091.12751,55774.85433,63635.08072,61899.10027,77147.49648,66347.62724,55193.47404,60460.81164
Q8BI84_S1918___2,43000.92117,47901.66288,46809.12061,52866.35104,36803.4303,31482.75884,49745.43663,47816.97967,34205.37182,22477.00888,44751.76983,42049.96222,33643.01252,30401.17522,31049.14044,35230.10032
Q8BI84_S1754___2,10193.69417,11498.05026,12239.62318,13189.57744,12357.47766,12563.03966,14216.63051,16842.13504,12092.18166,14101.95172,10141.24753,11433.14304,13605.64393,12903.96,10984.44149,11720.80271
Q8BJ34_S1686___2,281387.9031,243534.5104,437923.6003,466828.7338,338322.6784,511450.9581,481160.9604,609571.9642,333487.864,152482.991,420799.1791,465485.9399,302650.7476,492889.8465,409072.8209,372769.8229
Q8BK03_S220___2,57939.02186,44095.87113,86109.94589,59905.05848,72489.13222,81275.55315,78853.39766,83602.37547,60266.58994,69620.16507,65370.66728,91529.644,66023.15366,78403.4526,72998.77634,71347.72609
Q8BK03_S224___2,350452.7531,303667.1516,434616.5122,260971.5109,375618.8562,397100.9537,506884.0334,365478.3622,377283.0502,354716.9874,406812.9332,480324.3079,413915.0761,359851.6485,361523.8324,324895.9437
Q8BKI2_S1793___2,16833.30808,19735.48139,11452.07239,11793.17479,27698.36544,25208.29491,14409.8402,11975.47917,16867.95436,42379.01408,10252.62318,8328.359031,22963.91976,19661.13502,10247.92793,9437.299849
Q8BKI2_S1809___2,16833.30808,19735.48139,11452.07239,11793.17479,27698.36544,25208.29491,14409.8402,11975.47917,16867.95436,42379.01408,10252.62318,8328.359031,22963.91976,19661.13502,10247.92793,9437.299849
Q8BKX6_S3567___2,156840.0344,151542.2118,157468.3487,161294.5223,169455.3131,202267.8093,169861.7491,176623.1193,146551.3678,108240.9347,126138.53,158638.9964,158563.4251,151389.8911,126413.1535,143487.0014
Q8BL97_S210___2,167069.5205,162546.9779,167719.4262,169493.423,230833.8593,335514.5023,193444.9674,174220.8491,226965.6446,227658.2518,224300.4253,209237.4706,231993.546,237084.7742,159937.1392,212779.8478
Q8BL97_S212___2,167069.5205,162546.9779,167719.4262,169493.423,230833.8593,335514.5023,193444.9674,174220.8491,226965.6446,227658.2518,224300.4253,209237.4706,231993.546,237084.7742,159937.1392,212779.8478
Q8BLK9_S634___2,156644.4804,148617.7572,205766.0874,191186.6204,114204.3116,160224.4166,197017.7473,145513.5511,100524.6445,102451.681,162524.6469,139380.5967,89855.87822,136515.5713,177669.0147,112655.7545
Q8BLK9_S638___2,234084.5272,222089.6475,283152.1686,313908.4644,170663.2893,239434.27,294517.9905,224430.3805,150220.8302,153100.5322,227194.3103,221076.7564,134277.7653,204004.526,200314.2264,122506.0654
Q8BLK9_S655___2,518864.1559,467156.477,440979.9189,462295.3858,326474.1842,572081.4106,490635.1975,410872.0488,437738.1038,479553.6359,470107.7004,395820.7589,380527.0759,521015.8188,462654.191,391173.1502
Q8BLK9_S661___2,518864.1559,467156.477,440979.9189,462295.3858,326474.1842,572081.4106,490635.1975,410872.0488,437738.1038,479553.6359,470107.7004,395820.7589,380527.0759,521015.8188,462654.191,391173.1502
Q8BLK9_S423___2,332625.0404,226820.7839,310738.2797,316079.8638,166688.992,274457.211,376704.0347,284571.3635,251957.7735,203197.6987,331419.9975,283458.1182,193012.1288,292178.7585,381732.444,336411.1482
Q8BLK9_S426___2,332625.0404,226820.7839,310738.2797,316079.8638,166688.992,274457.211,376704.0347,284571.3635,251957.7735,203197.6987,331419.9975,283458.1182,193012.1288,292178.7585,381732.444,336411.1482
Q8BLK9_S599___2,312722.9332,540587.1821,362177.4694,348468.4713,238650.7856,302544.6815,403706.4877,258546.7694,243573.4133,216737.1531,280011.5322,201903.0389,253903.7759,285356.5159,228871.2641,154154.3789
Q8BLK9_S602___2,312722.9332,540587.1821,362177.4694,348468.4713,238650.7856,302544.6815,403706.4877,258546.7694,243573.4133,216737.1531,280011.5322,201903.0389,253903.7759,285356.5159,228871.2641,154154.3789
Q8BP27_S67___2,1003083.426,842283.227,769453.1566,804074.6071,861740.8412,958334.9275,816278.701,835235.3281,843025.0912,1083911.635,903422.5588,828542.3043,916209.5037,871047.4729,676048.3385,716525.6921
Q8BP27_S71___2,45417.65874,40817.51609,40997.9805,41182.70378,44278.64211,47583.8131,45087.65392,40166.69291,41737.98814,53002.42662,37799.29191,35494.77358,46810.60204,46826.73421,30933.9862,33841.22902
Q8BPN8_S1141___2,48350.01314,68881.49034,57236.49829,62439.98494,50287.40522,44289.52609,67406.96481,57162.27129,50549.69399,53369.05362,50251.04736,57864.76195,58286.90513,41470.82354,46913.10085,49569.75532
Q8BPN8_S1144___2,48350.01314,68881.49034,57236.49829,62439.98494,50287.40522,44289.52609,67406.96481,57162.27129,50549.69399,53369.05362,50251.04736,57864.76195,58286.90513,41470.82354,46913.10085,49569.75532
Q8BSE0_S142___2,233808.8034,206142.2198,210963.2012,301534.7307,259330.4131,311819.9986,303913.3783,232164.4579,228805.9166,394284.473,233579.2435,283186.1317,350315.3084,306901.7009,229549.8772,359952.9898
Q8BSE0_S148___2,233808.8034,206142.2198,210963.2012,301534.7307,259330.4131,311819.9986,303913.3783,232164.4579,228805.9166,394284.473,233579.2435,283186.1317,350315.3084,306901.7009,229549.8772,359952.9898
Q8BSM7_S267___2,445110.67,481745.4133,353054.5118,327960.9956,687461.7514,488108.535,399504.075,325905.0464,466918.1943,931199.6431,278473.048,366550.231,579368.5849,461659.7396,241652.1554,248470.3978
Q8BSM7_S277___2,343154.2844,374204.977,271106.3359,236467.788,542402.9436,376163.5781,297972.5334,242375.551,365245.406,752712.9864,200699.614,264878.0507,457812.4339,359681.4042,179845.955,196873.0983
Q8BTI8_S1276___2,330842.712,320990.0024,278414.9961,259774.3795,379727.5172,401096.8866,269611.5861,224683.2996,360696.4119,470468.5611,295518.9963,285217.9989,403755.211,414388.9458,286056.5336,267667.0998
Q8BTI8_S1229___2,2063067.768,2258613.528,1999383.149,2244080.119,2579146.278,2908520.488,2357298.474,1906039.262,2553344.154,3818855.674,2051672.558,2162735.944,3270468.369,2943731.848,1763130.883,2043003.577
Q8BTI8_S1230___2,2063067.768,2258613.528,1999383.149,2244080.119,2579146.278,2908520.488,2357298.474,1906039.262,2553344.154,3818855.674,2051672.558,2162735.944,3270468.369,2943731.848,1763130.883,2043003.577
Q8BTI8_S1048___2,386239.4507,427534.0659,353578.972,379596.8794,462432.643,539385.2723,380404.917,341200.1096,528070.0319,711672.6426,364102.8051,396240.8278,611159.1906,509446.8564,339044.9809,346615.1445
Q8BTI8_S1068___2,2482432.617,2853318.143,2472557.519,2534621.808,2433203.465,2593128.937,3064020.673,2948358.633,2893427.05,3105486.227,3342452.534,2959825.805,3369668.064,2865048.528,2951607.41,3447194.255
Q8BTI8_S2073___2,968526.716,1161538.012,930806.0781,918605.439,1212262.778,1386213.143,1040281.886,799741.7154,1092419.205,1208436.101,853031.0536,865522.4275,1339185.566,1228134.833,788994.7686,814248.1679
Q8BTI8_S2075___2,783737.3685,936440.6858,760499.1059,705515.6846,980360.7514,1125635.399,724526.4178,669405.9663,890598.9219,980460.2126,691307.1108,700643.1779,1087302.419,996034.103,606359.3051,592939.9272
Q8BTI8_S850___2,28091.00593,27235.80302,21014.40133,26252.1928,28666.41304,38115.3298,29747.88507,24840.62372,28456.44488,44458.46536,22748.67927,25950.31956,39583.57431,31466.10265,22567.35239,26154.36897
Q8BTI8_S851___2,28091.00593,27235.80302,21014.40133,26252.1928,28666.41304,38115.3298,29747.88507,24840.62372,28456.44488,44458.46536,22748.67927,25950.31956,39583.57431,31466.10265,22567.35239,26154.36897
Q8BTI8_S2656___2,35077.50194,42567.25033,28403.81488,33451.66915,32168.90109,45386.37795,31136.05799,23628.05839,32761.09417,85167.77798,26785.75493,20170.05472,47651.62978,56218.78204,22600.69966,25704.96939
Q8BTI8_S2660___2,35077.50194,42567.25033,28403.81488,33451.66915,32168.90109,45386.37795,31136.05799,23628.05839,32761.09417,85167.77798,26785.75493,20170.05472,47651.62978,56218.78204,22600.69966,25704.96939
Q8BTI8_S1339___2,235105.9736,225362.9591,184613.5004,187474.5108,263954.6003,335892.4205,291860.799,245742.4102,262292.8623,289934.6453,266946.7628,215720.2476,312672.2547,269632.6964,196707.2445,264051.5615
Q8BTI8_S1343___2,251861.1664,247583.5133,219366.5686,229225.1261,290743.4259,369721.8361,314472.7911,266375.0914,284348.2277,314733.3508,308192.1781,261315.3064,340844.2802,301390.9896,220966.0473,285204.2696
Q8BTI8_S349___2,162071.9774,207889.6688,129160.2125,141055.8384,181699.7748,204406.6812,162609.2648,126517.0346,174165.5298,326496.4946,122257.4797,130974.6548,264864.1249,260706.8906,139224.2214,152419.4297
Q8BTI8_S351___2,162071.9774,207889.6688,129160.2125,141055.8384,181699.7748,204406.6812,162609.2648,126517.0346,174165.5298,326496.4946,122257.4797,130974.6548,264864.1249,260706.8906,139224.2214,152419.4297
Q8BTI8_S829___2,274713.6765,246798.8764,231968.8266,210478.7973,257706.5672,268741.3332,252293.2139,223515.8309,241887.2867,222988.4746,230978.6752,220869.6553,257924.1936,238893.1285,196889.0276,227196.7613
Q8BTI8_S2648___2,553680.8806,556607.3429,535916.4594,564525.5432,576871.2422,596847.9084,665194.3109,449986.4226,702722.9314,658308.9704,708052.0788,687660.9966,687354.3134,690240.5534,598376.3176,552840.4066
Q8BTI8_S982___2,387737.4991,320133.6798,275700.8354,304627.5438,338263.5783,321534.1678,319991.4777,266888.2236,340854.3832,245371.2058,362662.8616,304743.7097,336520.0494,292381.0295,292571.2397,255558.6322
Q8BTI8_S1878___2,34054.0971,38112.07529,24148.78092,28307.78033,27263.66191,33509.47716,29829.47597,19631.49816,29409.97178,30429.4646,24707.44431,18542.25101,39776.29565,48522.4498,18312.60832,21883.66857
Q8BTI8_S1077___2,2146579.3,2536776.6,2106449.406,2172809.863,2117554.741,2257362.489,2649482.978,2666395.899,2425506.355,2801269.954,2895859.034,2472399.514,3032952.078,2526870.809,2702559.199,3086859.154
Q8BTI8_S882___2,28026.58973,21600.87004,18194.99805,17950.18009,25944.25366,28608.24426,20755.09859,14815.85205,23101.12366,30077.03388,17500.86164,15775.09188,29043.99271,35547.78963,14009.43744,15031.42485
Q8BTI8_S1360___2,156090.6018,182570.6168,132366.5061,143752.7827,178255.7485,203575.1788,140298.8983,131016.3062,185418.6902,191954.4897,168935.7243,158707.5603,197956.9322,230164.5738,134678.6775,190196.9462
Q8BTY2_S238___2,104260.4046,116703.8016,79371.75668,95473.00224,81591.12427,73884.6116,108747.5976,99403.63671,77817.16423,79993.7571,84510.34369,76167.48277,55036.33076,73461.5592,79316.69827,76140.11185
Q8BTY2_S250___2,104260.4046,116703.8016,79371.75668,95473.00224,81591.12427,73884.6116,108747.5976,99403.63671,77817.16423,79993.7571,84510.34369,76167.48277,55036.33076,73461.5592,79316.69827,76140.11185
Q8BU03_S895___2,72775.087,70908.72757,76900.00615,99582.94184,84813.78526,90629.68212,74071.59874,107687.8029,90216.06065,88210.73375,87211.57588,81399.34136,103371.6196,84094.20666,77271.58381,91983.14714
Q8BU03_S898___2,72775.087,70908.72757,76900.00615,99582.94184,84813.78526,90629.68212,74071.59874,107687.8029,90216.06065,88210.73375,87211.57588,81399.34136,103371.6196,84094.20666,77271.58381,91983.14714
Q8BUV3_S188___2,111509.2538,102865.7069,83545.42623,70889.26497,106773.0173,122817.4964,82598.46804,85925.9306,92386.89173,113542.7061,71062.20456,79724.20407,113790.5785,122278.6726,87230.31365,59665.16716
Q8BUV3_S194___2,111509.2538,102865.7069,83545.42623,70889.26497,106773.0173,122817.4964,82598.46804,85925.9306,92386.89173,113542.7061,71062.20456,79724.20407,113790.5785,122278.6726,87230.31365,59665.16716
Q8BWS5_S323___2,125075.7529,157133.685,146272.4029,155282.4275,188974.6848,173923.5135,172936.1235,136669.91,143079.824,328430.6042,128274.3404,136313.7428,209349.915,192782.9628,142702.4128,116719.2298
Q8BX17_S1410___2,107424.9592,92211.43301,105020.7585,114392.3461,97566.90579,88544.95378,140953.2463,92960.85626,96264.21239,83459.08173,164741.1069,105686.4112,86873.68753,82074.96486,111057.1219,123978.4413
Q8BX17_S1414___2,86855.04462,76565.60302,90054.84159,93313.37456,79402.1421,72158.31878,112322.9715,78204.04599,78512.65413,67910.47806,142567.5385,91522.41165,70951.45273,66834.73475,90385.12359,107359.2255
Q8BXB6_S21___2,15966.81186,17258.35613,8515.917439,14735.63292,16417.28964,17179.24172,15519.46132,19441.01672,20639.95008,19603.47639,17181.91981,14373.32682,36866.07799,24254.87988,21302.11785,24357.34301
Q8BXB6_S27___2,15966.81186,17258.35613,8515.917439,14735.63292,16417.28964,17179.24172,15519.46132,19441.01672,20639.95008,19603.47639,17181.91981,14373.32682,36866.07799,24254.87988,21302.11785,24357.34301
Q8C0D4_S238___2,844549.472,1103039.669,1112264.061,954689.0378,838225.5555,637254.0295,780509.713,1026948.583,811557.1595,662138.7536,1199781.831,920063.708,648992.2521,879977.4716,736824.9134,1735251.912
Q8C0T5_S1687___2,167420.0152,209958.3817,167904.0925,133880.7996,141090.5791,134385.1849,138931.5479,129096.7782,138703.2337,172260.4905,107273.4461,118326.9688,133807.6895,126768.2922,114383.6252,173866.346
Q8C1D8_S343___2,70070.69895,71574.755,81176.89588,62097.6205,72992.71482,69759.07648,106405.586,91289.08548,89575.61554,69846.74692,84537.05573,75685.80719,88030.39102,79616.53318,86810.82654,85584.62913
Q8C1D8_S345___2,70070.69895,71574.755,81176.89588,62097.6205,72992.71482,69759.07648,106405.586,91289.08548,89575.61554,69846.74692,84537.05573,75685.80719,88030.39102,79616.53318,86810.82654,85584.62913
Q8C1D8_S209___2,34918.45032,24886.80202,56239.52529,38587.39274,26288.04281,31255.47349,58131.49938,55066.77635,30287.65668,20162.51395,51280.32743,46611.92548,27206.0197,30521.99517,46941.47719,59381.27628
Q8C1D8_S211___2,34918.45032,24886.80202,56239.52529,38587.39274,26288.04281,31255.47349,58131.49938,55066.77635,30287.65668,20162.51395,51280.32743,46611.92548,27206.0197,30521.99517,46941.47719,59381.27628
Q8C1D8_S366___2,140135.2865,132283.7987,145432.0638,133573.6324,152077.3507,178071.6678,180759.6435,173937.8381,149837.4644,174901.933,158755.5429,158612.252,175834.6741,156631.9571,153003.2059,172676.9697
Q8C1D8_S368___2,140135.2865,132283.7987,145432.0638,133573.6324,152077.3507,178071.6678,180759.6435,173937.8381,149837.4644,174901.933,158755.5429,158612.252,175834.6741,156631.9571,153003.2059,172676.9697
Q8C5W3_S41___2,20299.93207,20752.10228,31789.20484,24084.44472,26041.21098,21903.38298,30906.55827,30582.33795,29441.7655,14132.9719,37192.06506,32407.10672,27729.91323,17819.70396,25715.37177,29341.06259
Q8C7E7_S220___2,148565.9396,119530.9374,108106.5807,120106.1546,136787.5786,137043.4353,137649.8337,162360.3602,101407.4957,110273.3004,108445.649,91899.35695,109027.2966,104526.3048,82827.06984,76514.13972
Q8C7E7_S223___2,148565.9396,119530.9374,108106.5807,120106.1546,136787.5786,137043.4353,137649.8337,162360.3602,101407.4957,110273.3004,108445.649,91899.35695,109027.2966,104526.3048,82827.06984,76514.13972
Q8C9B9_S802___2,565145.905,587937.5565,538918.7625,399373.0915,631033.8609,648001.3173,481255.0494,723489.699,582556.3964,799860.0695,529558.7073,539917.5096,896911.2578,697339.7355,441929.4608,649567.1859
Q8C9B9_S806___2,565145.905,587937.5565,538918.7625,399373.0915,631033.8609,648001.3173,481255.0494,723489.699,582556.3964,799860.0695,529558.7073,539917.5096,896911.2578,697339.7355,441929.4608,649567.1859
Q8CCF0_S450___2,74788.49303,115737.007,106778.5247,114732.4575,114725.2009,122427.2056,121414.3198,102402.5128,112745.278,125831.8897,99655.55541,107298.7459,131079.3613,106304.8246,87237.08693,79265.49973
Q8CGB6_S830___2,209950.6123,163976.7923,185566.051,164651.5583,205348.5341,196409.6089,169204.7651,146541.1897,192011.3416,191189.5848,145003.662,151400.2143,200874.4284,173616.1248,159684.1088,182111.018
Q8CGB6_S832___2,92696.21786,61263.69956,80185.69916,71148.25289,70813.512,72878.25231,73115.75754,63322.508,83282.32789,78142.94756,62658.12066,65422.16086,87448.20782,68283.76952,69001.74811,78692.73085
Q8CGB6_S820___2,20316.5691,26321.72495,22124.82753,20997.75458,29593.51982,28361.84769,22270.09716,21104.42482,20963.86752,37129.90311,16304.67706,22098.61063,38127.21174,30457.40989,17675.28242,23466.70173
Q8CGB6_S825___2,20316.5691,26321.72495,22124.82753,20997.75458,29593.51982,28361.84769,22270.09716,21104.42482,20963.86752,37129.90311,16304.67706,22098.61063,38127.21174,30457.40989,17675.28242,23466.70173
Q8CGB6_S455___2,231415.1742,240784.85,203341.899,218494.0723,276859.9851,247810.882,189810.9653,176858.6532,219063.985,297763.8144,156768.2366,194609.5749,275052.8572,261638.8145,165094.6152,172269.2795
Q8CGB6_S466___2,231415.1742,240784.85,203341.899,218494.0723,276859.9851,247810.882,189810.9653,176858.6532,219063.985,297763.8144,156768.2366,194609.5749,275052.8572,261638.8145,165094.6152,172269.2795
Q8CGF1_S171___2,86852.81611,97512.26774,80142.97913,115514.5283,100503.1877,100273.1882,142344.2095,116902.8333,55231.79303,78386.8045,96670.90002,90230.31636,94269.15589,89334.61335,96022.40615,97277.96753
Q8CGF1_S176___2,288642.042,335542.2134,260437.9311,387067.8936,301004.9247,308770.5747,407509.7126,300648.9195,225079.3727,241489.8881,295722.9816,282575.4781,290727.7785,240577.2954,244501.7923,296858.2058
Q8CGF1_S179___2,368318.5656,419605.4123,342160.0258,507126.2899,408741.5691,412275.2129,541983.9053,404491.6769,256221.7865,322367.3779,390727.9124,372523.6245,387824.8505,349042.0049,329319.4728,392314.1833
Q8CGZ0_S826___2,89048.84965,58159.2525,58944.16312,65672.20736,53374.95666,65747.88178,73897.88415,65094.58214,61865.26891,72910.5901,61991.7685,70285.5758,65460.96618,45374.06449,53724.06322,65581.01765
Q8CH25_S549___2,268448.7366,326607.793,395942.9341,278975.8148,441737.3601,271600.6348,314187.1835,293137.575,230449.8979,403052.8466,267620.513,228126.8351,389660.2181,229591.3499,232817.7959,210081.9362
Q8CH25_S550___2,268448.7366,326607.793,395942.9341,278975.8148,441737.3601,271600.6348,314187.1835,293137.575,230449.8979,403052.8466,267620.513,228126.8351,389660.2181,229591.3499,232817.7959,210081.9362
Q8CH25_S552___2,268448.7366,326607.793,395942.9341,278975.8148,441737.3601,271600.6348,314187.1835,293137.575,230449.8979,403052.8466,267620.513,228126.8351,389660.2181,229591.3499,232817.7959,210081.9362
Q8CHY6_S96___2,544009.6824,541875.0494,503086.8701,409723.4925,471586.0419,660588.1121,450403.9403,522269.2656,482111.9607,801298.8463,538211.7507,636674.962,692682.6531,602868.5723,463369.6724,494524.1099
Q8CHY6_S110___2,78284.40168,76341.2567,72171.66173,58715.8574,69605.66694,105508.9834,75687.84663,70599.78004,77283.16947,140688.2262,65761.40365,82616.12014,103325.7747,89592.13798,68459.53666,80228.16366
Q8CI08_S316___2,62179.85357,67433.2966,71328.7439,59247.69997,75475.33758,61330.96332,68369.73691,66246.06178,58005.95983,72602.9377,54409.11569,38271.00701,96136.13289,64313.35117,46903.20023,46617.25534
Q8CI08_S324___2,62179.85357,67433.2966,71328.7439,59247.69997,75475.33758,61330.96332,68369.73691,66246.06178,58005.95983,72602.9377,54409.11569,38271.00701,96136.13289,64313.35117,46903.20023,46617.25534
Q8CI59_S55___2,299233.5928,293435.3478,297420.8351,287270.4095,346074.7704,200141.3726,289177.0049,239375.8123,218117.5105,215691.3331,272068.2559,305046.4348,352985.8957,242519.87,234339.9608,212829.2072
Q8CI59_S58___2,299233.5928,293435.3478,297420.8351,287270.4095,346074.7704,200141.3726,289177.0049,239375.8123,218117.5105,215691.3331,272068.2559,305046.4348,352985.8957,242519.87,234339.9608,212829.2072
Q8CIN4_S152___2,1350613.817,1978525.635,1501009.786,1602776.467,1671937.882,1621461.024,1562127.119,1236490.045,1761828.57,2557359.909,1370271.038,1310371.659,1990864.069,1776974.399,1199312.432,1407985.736
Q8CIN4_S141___2,1350613.817,1978525.635,1501009.786,1602776.467,1671937.882,1621461.024,1562127.119,1236490.045,1761828.57,2557359.909,1370271.038,1310371.659,1990864.069,1776974.399,1199312.432,1407985.736
Q8CJ53_S296___2,207804.894,311141.0184,210427.912,306414.3923,293380.3094,466295.6005,352319.4811,224977.4431,334022.1108,325224.1479,241464.4018,354328.2523,518239.6141,738688.9007,218997.5919,314586.7276
Q8JZQ9_S68___2,85477.92251,73902.092,92039.63158,73074.00657,68823.19431,79179.56213,69942.09125,76490.47207,103700.2608,145330.5693,110976.9565,119475.6368,97503.93235,107103.541,83734.5403,124901.8841
Q8JZQ9_S75___2,244623.5724,233420.2629,217826.8549,177981.9672,215017.7977,227157.5121,182462.3189,196973.3872,271728.9553,312702.7292,261181.6292,276638.6469,242560.3374,259532.2975,199484.0714,282856.1907
Q8JZQ9_S79___2,2303148.16,2511869.043,2399187.891,2097304.197,2223668.273,2403462.579,2493065.813,2484374.085,2336951.871,2888567.385,2225533.565,2130836.628,2118873.17,2660938.696,1855700.2,1891469.503
Q8JZQ9_S143___2,203224.5396,229590.986,141826.7086,150736.5482,216667.5326,210431.3341,125467.2937,108357.0364,166779.6065,305418.6457,141227.7089,140554.3098,188212.2854,184806.3731,124742.3069,133584.6739
Q8JZQ9_S153___2,203224.5396,229590.986,141826.7086,150736.5482,216667.5326,210431.3341,125467.2937,108357.0364,166779.6065,305418.6457,141227.7089,140554.3098,188212.2854,184806.3731,124742.3069,133584.6739
Q8JZQ9_S120___2,28353.97394,24049.4017,16818.13524,14175.84121,24862.55055,33841.77986,15963.73768,20312.47348,29747.49556,41529.25602,15447.74446,16125.3627,33757.80903,31654.32832,11448.2719,12447.96566
Q8JZQ9_S123___2,28353.97394,24049.4017,16818.13524,14175.84121,24862.55055,33841.77986,15963.73768,20312.47348,29747.49556,41529.25602,15447.74446,16125.3627,33757.80903,31654.32832,11448.2719,12447.96566
Q8JZQ9_S37___2,664484.4892,798899.2881,639851.1946,572692.9234,900781.0859,935534.1012,640940.8138,661768.5164,812788.0943,715541.4346,851061.9631,763338.617,811504.5966,936079.3521,616581.5763,783413.0561
Q8JZQ9_S40___2,657001.9585,796011.1799,634550.6875,567948.7533,896395.82,928485.3425,635631.2804,656286.4469,803149.3939,703970.6138,844011.7927,757015.144,802439.4847,932527.7033,611473.834,776923.2871
Q8K019_S383___2,1013576.572,1560400.175,565295.4508,733934.7277,1367423.207,1321155.667,785661.773,474654.4631,1141113.461,2335350.065,477411.3963,626039.9278,1092615.213,1272452.335,470873.8742,509733.5296
Q8K019_S387___2,1013576.572,1560400.175,565295.4508,733934.7277,1367423.207,1321155.667,785661.773,474654.4631,1141113.461,2335350.065,477411.3963,626039.9278,1092615.213,1272452.335,470873.8742,509733.5296
Q8K019_S395___2,8858.18055,9237.496968,6941.508596,9352.37358,8564.402303,8057.691545,9115.667791,6880.559826,7049.588243,10237.15728,8048.291367,10275.75535,6786.177263,9213.55499,6938.897646,9209.788296
Q8K0B2_S525___2,93056.44345,90921.28234,152627.4135,130399.8349,120965.8312,99016.74599,106919.2375,145619.667,110130.6846,148935.3275,125068.9352,98494.08971,108344.5292,84174.62957,134810.1067,132443.6342
Q8K1N2_S510___2,253487.5165,394750.5535,286902.5387,254031.4833,388443.955,342868.8381,299384.0512,327756.8567,263887.2508,383628.759,210271.1868,215721.0923,375722.7408,239234.9321,154731.1489,214306.7973
Q8K1N2_S486___2,32947.54369,44989.52681,53290.55735,50020.08057,35243.09646,51757.94442,48129.15947,57994.42836,43103.57922,54091.50678,38167.97747,45974.68871,51937.10824,44612.72644,46207.86779,62500.28842
Q8K1N2_S490___2,32947.54369,44989.52681,53290.55735,50020.08057,35243.09646,51757.94442,48129.15947,57994.42836,43103.57922,54091.50678,38167.97747,45974.68871,51937.10824,44612.72644,46207.86779,62500.28842
Q8K2K6_S181___2,2112483.702,2330739.905,20604943.77,19464245.57,3388207.817,2175839.292,16727877.25,2610077.69,2115430.439,1770564.559,2500261.431,2622808.302,2338316.396,1587995.701,1858719.929,789177.7757
Q8K2K6_S167___2,1892967.495,2111565.786,19141921.82,17669860.75,3075829.073,1956804.459,15314604.52,2408358.418,1895937.74,1520223.352,2288600.221,2314880.992,2084661.831,1383536.84,1688035.711,672939.0412
Q8K2L8_S125___2,523840.9428,410796.0155,374253.8729,557584.3792,581564.7101,772493.3428,373384.6003,432384.6813,429603.0452,632014.2037,356893.9818,454684.5719,538551.4094,556326.1088,397894.2765,544037.8235
Q8K2L8_S128___2,416549.5138,459670.6604,464291.7205,550793.6438,484490.158,371435.9322,384532.8625,367426.7787,446887.2017,370290.6674,536041.9152,419325.8583,609829.0713,437253.2018,450700.7507,363253.9586
Q8K3K8_S218___2,39367.31357,60595.60313,79092.87379,75724.74128,25070.98776,25842.51513,93653.02412,74213.12892,15476.37613,6778.271631,46321.28508,38093.73274,142533.0757,20536.59407,44188.92616,30514.84894
Q8K3X4_S636___2,17595.42648,27501.24415,35042.92207,32963.6616,19997.4493,25998.57413,25913.0335,37124.14443,17956.02401,28632.67517,21809.83019,26575.63227,25691.92062,16963.97626,24515.55711,22668.66824
Q8K3X4_S638___2,19238.47478,30069.29061,36762.49983,35896.93099,21864.79678,28426.30234,27489.38981,39387.70378,19632.74466,31306.37384,25850.67503,31975.33069,28091.01375,18548.0602,29348.44348,26542.33298
Q8K3X4_S641___2,3650.217974,3831.535817,5865.199991,6949.686635,3158.765951,3943.249697,4667.17782,6695.368607,3690.175885,6822.60461,6886.901714,8910.176177,5278.211934,3283.896723,8057.103312,6803.185185
Q8K4G5_S466___2,288694.9105,288412.6444,129992.406,189638.807,380616.3905,391603.755,170966.1271,143561.1761,240263.0793,367140.9801,106674.6982,148285.0331,279484.9661,299059.6742,135652.9954,147898.9675
Q8K4G5_S470___2,482995.2667,550623.4862,285110.7856,342436.2978,592615.4867,559454.1801,330971.7174,292939.2218,374876.0847,506577.432,232685.1094,277868.1541,427183.5675,434348.844,298403.9975,287297.2213
Q8K4G5_S494___2,102199.9724,127975.7927,84345.66922,98183.11162,125222.9707,88830.85134,94741.43725,92703.35327,80196.93086,60824.74473,84706.80151,59167.08829,82468.17044,71028.21786,65565.03327,46068.03704
Q8K4G5_S499___2,95323.14419,118547.996,75538.80645,87931.42713,114293.077,76629.09486,84849.1115,83023.83188,70963.32341,52167.85552,75862.2315,52989.2201,76244.34599,64318.70843,58719.13051,41257.89227
Q8K4G5_S502___2,13026.34156,16814.9633,9012.262061,8033.19249,17503.99722,15158.5096,13236.56452,14141.25891,12586.8019,10567.48361,11337.6678,9391.179942,10926.26228,10241.66819,6381.589717,6821.847833
Q8K4L3_S234___2,163917.3448,212755.4914,188710.3498,189306.9376,192918.7598,221902.1992,221169.7625,160440.9291,163760.6465,211647.9906,151479.7264,132107.8959,160215.2552,166926.6042,148183.2352,150554.0285
Q8K4L3_S241___2,243368.4093,299754.0427,277753.7403,269256.268,289312.6966,321362.1593,321048.807,221062.6584,235028.1492,300704.3765,219796.7573,198250.3157,244007.5037,253565.6591,215078.303,219250.0275
Q8K4L3_S248___2,80729.5865,82643.9064,88431.08408,83135.75181,98960.678,98174.43071,100978.2171,66201.04367,69517.10407,85660.52495,69103.76623,64177.96014,87318.33085,90062.67341,67642.33118,69156.12592
Q8K4L3_S227___2,522047.9667,664732.5175,654889.1255,686623.8216,750013.6985,705274.1976,983080.9316,532967.6578,414226.7549,472995.673,442764.7439,328910.8959,513178.4997,498617.251,327450.6768,297688.2167
Q8K4Q0_S859___2,136694.6477,139177.1942,189670.6305,158851.5241,188270.6931,156749.0255,224552.6236,147460.0857,110986.6497,157958.0496,228564.6305,169933.1292,187319.7321,131237.7459,148170.2,199183.1945
Q8K4Q0_S863___2,136694.6477,139177.1942,189670.6305,158851.5241,188270.6931,156749.0255,224552.6236,147460.0857,110986.6497,157958.0496,228564.6305,169933.1292,187319.7321,131237.7459,148170.2,199183.1945
Q8K4R4_S270___2,59238.79395,96049.72578,62037.01191,69228.229,64987.46825,58905.78404,73436.94921,70256.73856,62974.10954,76964.85177,69584.37996,64474.3507,75643.4467,61102.77188,57386.3848,59491.1119
Q8N7N5_S123___2,688553.846,844824.3274,802675.2053,843365.392,850623.1486,934115.5545,916202.3253,720835.727,867500.2732,1278883.456,814349.2479,858412.0556,1082665.835,751311.16,813845.8007,942974.7734
Q8N7N5_S124___2,603121.7909,739398.1502,698019.4249,756562.4756,744727.7718,815944.3938,789411.3347,627609.5251,760060.0921,1117441.741,725992.9563,774736.337,947991.2676,658419.4998,697727.5853,823518.4166
Q8N7N5_S118___2,6283.111428,8361.502653,6874.649046,6865.89084,8152.10772,11023.83502,6447.952468,6863.955051,7703.600613,14706.39373,6078.372039,5320.19811,10249.36753,6497.406267,7662.35919,7627.579958
Q8R1A4_S896___2,96853.04262,97604.38275,116540.2309,117014.2045,97913.91519,75988.19665,103522.6862,98814.03752,81073.05997,58037.14483,123788.6854,109100.4928,89707.59329,70578.54363,91458.44213,92236.2885
Q8R1A4_S900___2,96853.04262,97604.38275,116540.2309,117014.2045,97913.91519,75988.19665,103522.6862,98814.03752,81073.05997,58037.14483,123788.6854,109100.4928,89707.59329,70578.54363,91458.44213,92236.2885
Q8R1A4_S180___2,10507.69822,17508.73807,13554.66684,17203.3463,18018.34467,13475.7199,19242.35877,13890.86916,9736.389044,11079.78368,16670.16755,12105.95219,16225.79605,11860.93385,11915.32756,11258.57985
Q8R1A4_S182___2,10507.69822,17508.73807,13554.66684,17203.3463,18018.34467,13475.7199,19242.35877,13890.86916,9736.389044,11079.78368,16670.16755,12105.95219,16225.79605,11860.93385,11915.32756,11258.57985
Q8R1Q8_S516___2,36661.75644,35691.64665,39121.58436,39906.65409,49127.45014,54113.12171,49961.73502,41955.08938,35158.40979,28814.61162,40141.22901,36790.06338,30992.81677,34357.18065,29660.44687,29112.83139
Q8R2R3_S311___2,255642.5003,250391.8726,269113.1714,298745.219,370317.3575,300138.3136,247744.5001,252812.9726,337611.4268,588388.4131,294188.5415,243766.1354,469635.7123,300134.1294,229078.6839,189831.6235
Q8R2R3_S312___2,255642.5003,250391.8726,269113.1714,298745.219,370317.3575,300138.3136,247744.5001,252812.9726,337611.4268,588388.4131,294188.5415,243766.1354,469635.7123,300134.1294,229078.6839,189831.6235
Q8R3S6_S472___2,209587.2097,231024.2971,164611.1867,131112.9389,196364.8286,130950.7823,172127.1419,156259.3456,146595.6286,150197.7962,165444.8433,123607.9707,186393.0933,117317.8687,131515.2371,104771.9406
Q8R3S6_S473___2,190334.3646,204795.5217,128601.4627,131018.8524,175386.827,119481.884,147507.7056,123135.2007,134675.311,145834.3749,147870.9276,107222.4414,171623.3989,108418.4501,110394.7424,102965.9847
Q8R4X3_S422___2,273055.8765,401589.1241,281601.0828,332365.4777,414854.8053,525129.5795,395340.1504,372405.9236,373595.7386,743832.1834,288606.0117,270425.1546,445343.6231,574275.7937,327231.3304,336276.848
Q8R5F7_S289___2,189176.2447,153534.5488,139515.7818,158465.7416,144518.9152,146317.3243,159206.1136,175273.4324,148787.4236,197628.5671,172223.2683,178936.7119,195773.1222,198936.7896,168342.314,180722.6825
Q8R5F7_S291___2,189176.2447,153534.5488,139515.7818,158465.7416,144518.9152,146317.3243,159206.1136,175273.4324,148787.4236,197628.5671,172223.2683,178936.7119,195773.1222,198936.7896,168342.314,180722.6825
Q8R5F7_S645___2,773054.8387,744033.2288,561487.0101,676133.7789,693526.2717,638944.766,630458.4084,601892.9523,829859.9971,771992.008,646670.5205,625850.9012,729554.4454,712062.1674,559368.7078,612062.2635
Q8R5F7_S648___2,773054.8387,744033.2288,561487.0101,676133.7789,693526.2717,638944.766,630458.4084,601892.9523,829859.9971,771992.008,646670.5205,625850.9012,729554.4454,712062.1674,559368.7078,612062.2635
Q8VCB3_S6___2,4069525.848,5193393.35,3862557.896,4688626.95,6922382.879,8019540.003,5189224.101,4463471.665,4333438.785,4844318.955,2635454.073,1982668.715,2585032.615,1385350.265,1676315.964,2012142.697
Q8VCB3_S8___2,1380925.937,2072949.47,2391044.118,3277876.38,3186396.368,3670291.833,3548522.973,3177932.436,1525133.818,2187000.15,1406670.448,731345.7675,1424932.972,816071.822,613463.4894,966503.326
Q8VCB3_S11___2,5518049.944,7198011.8,6764153.726,8838288.193,9818426.862,11377450.06,9768737.58,8725094.309,5901031.177,6792168.97,3696019.376,1855811.209,3746898.699,1997869.376,1521285.75,2414409.477
Q8VCB3_S652___2,35896.89175,24673.849,21378.90186,25288.62572,26396.21852,22955.67362,25562.67277,26440.27145,29101.82795,26192.26283,33559.96695,54585.86262,35964.53996,43836.86565,52930.81422,54103.99367
Q8VCB3_S653___2,43791.4783,24464.16935,31909.72547,37760.04894,28262.39413,28148.49758,38294.07515,39347.79782,44419.08253,26327.24053,49245.18143,72065.28348,47968.98668,69101.53019,70344.21699,73204.53659
Q8VCB3_S657___2,21907.49473,10083.13758,16979.43594,20940.3114,12631.65181,14136.51567,24523.38135,21581.94029,25630.88974,11019.25464,29274.41977,34996.32346,25562.62185,40542.50987,35296.83138,34578.40414
Q8VD04_S653___2,46625.24869,96301.48311,62903.39768,63792.73506,74932.39174,60394.06292,70440.71953,52055.14341,94888.4901,86799.94616,65360.50442,54339.36556,116596.26,74723.49139,60375.93196,58937.10171
Q8VD04_S634___2,32685.8258,35543.37183,38258.2554,38511.9899,37851.01262,24150.66693,41935.12049,36136.11244,27328.72493,18767.79272,37992.69091,26280.5702,33103.90844,22889.87857,28862.51087,22861.07718
Q8VDG3_S569___2,198130.561,205907.1073,192238.6508,175323.9196,206526.786,213438.7992,207761.7568,189580.8777,221049.8678,312959.846,173371.9042,181090.2294,277812.1657,253455.5727,148590.4793,173206.5642
Q8VDG3_S573___2,190333.6377,184884.2124,122723.3606,107502.1997,209000.2318,156378.1487,137496.9054,135493.4885,157057.9362,211949.5062,104045.6286,111489.5052,204349.1322,192046.7697,107047.3754,126353.1033
Q8VDG3_S575___2,191108.5129,197404.5864,164716.9373,135015.8347,200191.6267,201344.1608,194720.8531,212101.1287,208068.2248,293609.7088,125758.4898,141019.9331,262144.9948,239672.9543,169151.574,202567.0377
Q8VDJ3_S919___2,80930.50849,98467.75906,93330.80382,97690.21572,130600.9056,143551.9692,112245.8095,68994.79404,84269.21017,80216.07785,75577.81678,84507.22425,94208.3411,87217.93616,67570.74606,57613.99554
Q8VDJ3_S923___2,80930.50849,98467.75906,93330.80382,97690.21572,130600.9056,143551.9692,112245.8095,68994.79404,84269.21017,80216.07785,75577.81678,84507.22425,94208.3411,87217.93616,67570.74606,57613.99554
Q8VDP4_S677___2,313517.9966,254852.7151,270858.4666,275824.7987,332175.4908,454573.2371,302186.9352,254722.8471,341155.9577,411223.0569,266358.8189,293425.0501,347864.511,343826.5477,306603.155,321205.2787
Q8VDP4_S680___2,215490.1262,175090.633,216883.3353,192202.6783,229584.2701,312494.7087,261218.0553,189666.5002,236242.2291,282413.3454,180563.2193,250708.5934,238623.2226,235661.5683,208914.4632,286048.5069
Q8VDQ8_S23___2,380386.8803,369795.5768,405941.7051,477487.4655,489076.2741,574044.4623,482987.279,457799.6983,417696.8237,685503.7886,416059.8655,430330.1684,449295.625,463592.9997,440234.1249,486815.8368
Q8VDQ8_S25___2,1105648.529,1069477.944,1045241.787,1158732.037,1372088.488,1529951.859,1163994.365,1142400.164,1184639.473,1758663.866,1045848.548,1126417.136,1431067.445,1338454.365,988809.4381,1181739.707
Q8VDR9_S882___2,435859.8797,468492.3101,274842.3869,348472.6155,490771.3942,557131.3117,356049.0161,295897.5606,380790.839,569447.5689,322989.6962,343022.6678,443702.7805,470240.583,307853.5466,335210.8086
Q8VDZ4_S432___2,243584.537,265924.8456,363976.7837,210259.1514,287108.1445,248227.2143,368868.5599,273681.2558,268207.6247,214701.4701,255857.5538,282689.3355,292318.2532,253618.4444,183830.2183,136584.6146
Q8VDZ4_S636___2,338212.5866,252818.6465,418351.7744,211132.5579,316909.3055,302470.0882,313370.8679,265483.694,271564.739,215887.8371,345441.6873,269670.0624,315431.5919,251176.7423,142206.7593,100533.4124
Q8VDZ4_S639___2,338212.5866,252818.6465,418351.7744,211132.5579,316909.3055,302470.0882,313370.8679,265483.694,271564.739,215887.8371,345441.6873,269670.0624,315431.5919,251176.7423,142206.7593,100533.4124
Q8VDZ4_S296___2,601542.6378,568090.1526,619833.5623,416900.9724,751614.7235,760811.2302,693016.713,629460.6828,665331.2667,331004.1083,448470.544,456078.7134,797747.2669,877216.3877,508246.3805,453685.8357
Q8VHR5_S123___2,91219.32387,94106.78226,60572.59304,55029.38504,76323.24915,83150.49914,63106.8736,60539.70976,87270.68882,109825.8206,52780.40037,54085.61539,87718.35708,76469.2596,69208.64823,78245.17289
Q8VHR5_S130___2,378892.415,409771.2652,367226.5033,392470.4467,426505.7688,420139.3209,397399.6375,375061.215,403080.1401,587643.4203,291184.5654,318291.6104,492509.1807,415695.9784,420470.3684,436028.2974
Q8VHR5_S136___2,159868.1645,161268.7592,154250.5123,191996.9155,174041.0857,178235.3684,170260.2861,166756.3095,162646.5567,263609.8653,144960.806,147555.7786,205113.2489,190749.9117,164202.6254,190804.2855
Q8VI36_S126___2,602203.5666,700829.1638,455640.9125,549517.349,679802.033,518944.8515,562728.5081,474860.672,690226.3876,559549.7054,432303.4627,429443.5428,667350.0613,628336.3462,405396.4486,314471.1925
Q8VI36_S130___2,296768.2072,347478.3072,210667.1176,255967.4993,338107.0598,259151.2282,266085.8723,231541.2442,344193.9037,271759.2829,237306.5587,242498.1007,329617.5632,308403.7237,201567.4299,177498.5614
Q91VN6_S21___2,300577.6297,351674.2401,264347.4832,241172.662,457243.8273,421889.2888,231541.0752,232046.2881,365373.2757,627197.264,226776.2161,255799.1232,445458.0796,340691.7262,218707.7798,213418.3938
Q91VN6_S23___2,300577.6297,351674.2401,264347.4832,241172.662,457243.8273,421889.2888,231541.0752,232046.2881,365373.2757,627197.264,226776.2161,255799.1232,445458.0796,340691.7262,218707.7798,213418.3938
Q91VU6_S73___2,142955.9215,141919.7135,115584.253,117704.5178,144012.2556,155987.8444,128859.2936,101544.6355,162602.2034,239577.9751,121393.8662,110951.7041,202519.5371,171323.6315,111221.8731,109365.8837
Q91VU6_S75___2,142955.9215,141919.7135,115584.253,117704.5178,144012.2556,155987.8444,128859.2936,101544.6355,162602.2034,239577.9751,121393.8662,110951.7041,202519.5371,171323.6315,111221.8731,109365.8837
Q91WG5_S65___2,176606.9924,156272.7933,130732.0213,145758.0554,177419.1417,149047.9817,149786.6008,123232.07,143410.2645,87121.80454,153374.6921,112940.8344,147012.6604,139360.5868,113071.4263,88798.3192
Q91WG5_S71___2,176606.9924,156272.7933,130732.0213,145758.0554,177419.1417,149047.9817,149786.6008,123232.07,143410.2645,87121.80454,153374.6921,112940.8344,147012.6604,139360.5868,113071.4263,88798.3192
Q91WG5_S87___2,80411.60462,104963.2432,89265.86986,103200.7927,94562.72224,103400.9461,120585.1514,88210.97639,101916.0933,85257.07328,98251.08731,87538.96041,120717.3671,117707.4993,83275.30508,95475.02118
Q91WG5_S90___2,80411.60462,104963.2432,89265.86986,103200.7927,94562.72224,103400.9461,120585.1514,88210.97639,101916.0933,85257.07328,98251.08731,87538.96041,120717.3671,117707.4993,83275.30508,95475.02118
Q91WG5_S113___2,1384382.113,1086638.019,881441.3213,1068249.924,1471211.268,1405352.317,915740.3882,670339.4532,1384758.271,1508908.112,1055047.173,887892.4179,1579815.948,1462734.473,993008.8461,878350.9716
Q91WG5_S117___2,1384382.113,1086638.019,881441.3213,1068249.924,1471211.268,1405352.317,915740.3882,670339.4532,1384758.271,1508908.112,1055047.173,887892.4179,1579815.948,1462734.473,993008.8461,878350.9716
Q91WK0_S111___2,121472.4137,182023.6702,145919.3311,153646.9337,183320.9452,163927.3574,156083.7944,129786.058,142509.6632,164595.0167,131864.291,134562.972,166025.7584,134151.3066,100416.7067,142192.7951
Q91X51_S367___2,91694.90261,112767.5238,83787.22477,68574.43477,139863.0153,134764.6708,79000.57768,88498.43632,107297.8209,200723.0983,74874.47995,79729.6203,153454.6718,149980.3382,65235.51675,61426.17684
Q91X51_S372___2,91694.90261,112767.5238,83787.22477,68574.43477,139863.0153,134764.6708,79000.57768,88498.43632,107297.8209,200723.0983,74874.47995,79729.6203,153454.6718,149980.3382,65235.51675,61426.17684
Q91XT4_S182___2,1934652.454,2471445.163,1695175.453,1380646.799,2533424.842,1624670.214,1742635.014,1453604.644,2081170.055,1112813.24,1245896.335,1051418.106,2470450.603,1301250.617,1629007.668,741663.0551
Q91XT4_S185___2,1934652.454,2471445.163,1695175.453,1380646.799,2533424.842,1624670.214,1742635.014,1453604.644,2081170.055,1112813.24,1245896.335,1051418.106,2470450.603,1301250.617,1629007.668,741663.0551
Q91XU0_S91___2,98849.45507,90689.8855,70752.09862,93221.59874,83110.08875,108740.4894,97117.32947,101217.0548,115305.7646,91902.52654,97699.96118,111538.8598,132081.0044,122753.504,151294.0822,170131.971
Q91XU0_S92___2,95841.97078,88898.97811,69215.82164,90280.6096,80932.87138,105575.3666,94145.73211,94452.35634,112295.0878,89750.0968,91474.4183,111332.2923,129386.2295,119791.8487,156887.4862,178975.7328
Q91YD9_S480___2,147683.5021,140884.4569,114803.1093,117368.8671,143091.0303,159898.2905,140825.1329,142691.4306,140921.3139,175982.5847,122646.8927,115813.3702,144578.5361,162692.6672,130767.1709,127519.1046
Q91YD9_S481___2,147683.5021,140884.4569,114803.1093,117368.8671,143091.0303,159898.2905,140825.1329,142691.4306,140921.3139,175982.5847,122646.8927,115813.3702,144578.5361,162692.6672,130767.1709,127519.1046
Q91YM2_S773___2,355860.7986,449526.8758,408643.8537,480775.3101,426089.7981,344131.162,453943.2536,504257.7831,326097.7715,399729.0377,339908.148,259416.2898,438984.699,327139.3888,253356.5943,179666.2741
Q91YT8_S734___2,114598.733,249311.1301,91087.44709,105787.694,155755.5745,254511.6072,190130.6483,79116.61709,141142.3713,276343.4344,92162.81311,130202.372,196185.4114,264807.1929,96391.6937,223676.0305
Q91YT8_S738___2,114598.733,249311.1301,91087.44709,105787.694,155755.5745,254511.6072,190130.6483,79116.61709,141142.3713,276343.4344,92162.81311,130202.372,196185.4114,264807.1929,96391.6937,223676.0305
Q91Z96_S1010___2,191852.3777,157041.142,191669.4326,187307.7419,246278.1383,278947.5103,233038.3344,189046.0147,260642.2417,234543.0385,187124.1366,194736.4136,257099.3644,203727.4879,165794.6247,220051.5097
Q91ZU6_S7333___2,187245.9124,295349.1295,274587.7298,262836.4831,291284.2187,234000.7355,249645.2598,259329.5467,204210.1955,235522.0932,222417.3128,192079.888,270469.6584,199072.9325,198267.3031,229493.6835
Q91ZU6_S7336___2,179544.3738,288948.5023,263315.248,252046.418,282831.3844,222552.8927,239396.726,248683.4497,197497.4684,227825.7687,213286.5512,184194.5501,261855.4005,193048.6214,190127.957,220072.4199
Q91ZV0_S1131___2,116189.5167,252983.1411,163684.6809,135556.2136,205387.4818,127731.1521,154142.1438,119912.3719,108670.031,112169.4796,118587.4369,79459.54975,160229.8049,55164.94514,68885.26178,42685.79571
Q91ZV0_S1143___2,116189.5167,252983.1411,163684.6809,135556.2136,205387.4818,127731.1521,154142.1438,119912.3719,108670.031,112169.4796,118587.4369,79459.54975,160229.8049,55164.94514,68885.26178,42685.79571
Q91ZV0_S1185___2,152030.7367,168343.8128,129069.8394,134956.5975,164434.5498,141832.8386,135866.5598,122200.9152,141752.9567,119954.571,126622.7294,109938.2274,186847.3058,133078.4621,124904.3206,115806.4543
Q91ZV0_S1188___2,919253.6355,1086280.23,1080344.223,1057194.588,834707.5638,879684.5726,1154015.222,941172.0025,797926.2677,686715.341,1008780.126,813637.3605,827751.8957,770822.4292,941069.9719,910977.2507
Q91ZV0_S1190___2,1030160.551,1211016.246,1178549.844,1154958.142,972884.8523,996834.1679,1251671.561,1029170.99,911396.0629,779788.045,1098946.272,893249.1089,1003952.571,876146.5133,1028913.205,996875.8812
Q91ZV0_S1117___2,57479.21423,102018.0365,88981.10953,71079.17188,56639.03028,33696.51541,68818.08394,50451.04486,45496.50659,37866.44127,48334.33971,29709.21397,49586.63622,25865.0027,41842.31851,25458.1477
Q91ZV0_S1124___2,25876.9269,39968.04264,44784.96785,35774.76663,23263.55667,22579.00946,34636.74136,25392.45053,22930.95819,22193.28127,24327.09439,14952.90629,28388.06688,21327.35328,21059.60354,12813.30759
Q91ZV0_S1178___2,57053.33741,71570.1928,54933.80625,61847.83873,58703.08235,43320.72678,68544.82647,56594.50518,50964.00226,43516.09662,57379.72722,44476.29523,52566.97571,44215.5876,52789.32657,45016.63248
Q91ZX7_S4521___2,41168.77198,41989.74318,44547.70239,46575.44929,38092.67771,54440.9514,43817.25851,39212.32226,47676.9224,57354.53169,40502.14511,42958.56926,53983.88852,47048.09577,41919.00115,39769.50959
Q91ZX7_S4524___2,41168.77198,41989.74318,44547.70239,46575.44929,38092.67771,54440.9514,43817.25851,39212.32226,47676.9224,57354.53169,40502.14511,42958.56926,53983.88852,47048.09577,41919.00115,39769.50959
Q920R0_S477___2,508369.9722,801926.2572,518699.062,498106.0268,756347.0004,606763.6516,686740.297,506430.7977,583142.2204,789336.2149,502574.5495,402485.3415,774650.4822,614722.5566,435800.6431,364975.818
Q920R0_S486___2,508369.9722,801926.2572,518699.062,498106.0268,756347.0004,606763.6516,686740.297,506430.7977,583142.2204,789336.2149,502574.5495,402485.3415,774650.4822,614722.5566,435800.6431,364975.818
Q921N6_S23___2,521520.4753,487557.5641,541228.0475,583585.1613,647599.2879,690191.4663,571120.3087,424742.3946,574241.9912,1116183.622,509759.413,420805.7236,672508.6201,637293.5981,421634.0494,560313.1344
Q921N6_S25___2,521520.4753,487557.5641,541228.0475,583585.1613,647599.2879,690191.4663,571120.3087,424742.3946,574241.9912,1116183.622,509759.413,420805.7236,672508.6201,637293.5981,421634.0494,560313.1344
Q922B9_S90___2,47960.15372,52799.66789,52171.36032,68669.38238,40093.39453,42181.07368,76347.51243,54963.22787,51901.61984,34286.67932,56220.26604,48058.42446,54399.47384,45062.94338,38283.37411,34988.93453
Q922B9_S736___2,159839.1233,139806.5089,130491.2644,210088.2497,166880.2904,177452.8973,126324.9201,109489.1366,145293.2216,211696.5926,138726.4679,149192.9505,185110.3118,180572.7432,115060.2151,107574.927
Q922B9_S738___2,129627.7448,114017.0374,106113.0061,170839.7556,139514.5222,146540.5131,102725.0144,89034.4765,119828.2147,177229.1313,112809.7164,121320.8603,150239.1343,149288.365,93564.77124,87477.87779
Q922B9_S1051___2,101751.6245,131584.9832,105373.145,132181.6733,116900.1574,130725.6278,113120.0916,85302.40396,107479.991,176269.6134,90383.82675,104608.6707,162360.0495,130994.0752,86145.18481,91394.67202
Q922B9_S1056___2,139039.8151,164042.4607,146367.9264,159221.5143,164137.6513,190668.5869,174479.2604,131285.966,152513.7354,266129.2253,140883.0069,140315.4311,212673.3984,186417.5475,101234.7262,114729.6797
Q922B9_S1059___2,241766.4212,302786.2581,251640.711,283547.6486,280494.8593,318137.3729,292996.3198,220576.1627,258902.1061,434622.8727,236047.6476,243243.5656,380046.2576,315883.516,181448.1264,202160.1711
Q922H1_S22___2,205463.9981,283611.8874,302145.4001,288174.9832,210020.4445,250119.6089,332058.343,232292.5963,265282.5396,371384.4218,264959.7937,367124.1639,250491.0445,220610.8335,265471.9227,344515.8908
Q922H1_S24___2,205463.9981,283611.8874,302145.4001,288174.9832,210020.4445,250119.6089,332058.343,232292.5963,265282.5396,371384.4218,264959.7937,367124.1639,250491.0445,220610.8335,265471.9227,344515.8908
Q922J3_S194___2,391391.3044,414213.4727,369690.2022,413500.0719,396555.0387,303357.736,349558.8859,333484.2123,452367.6075,301956.3573,502237.3204,444601.8278,432157.999,485832.7724,432714.3678,345208.5469
Q922J3_S199___2,602783.2984,661889.8379,665627.8657,702005.7132,686872.0259,570418.0271,651702.0091,647361.9831,661038.112,581347.8583,771369.9069,620635.0314,609012.8888,751735.227,548655.4362,451780.0061
Q922J3_S203___2,433007.0336,480021.6331,491958.8648,494627.7894,590581.9477,518491.8879,521675.9134,488366.9039,454307.7874,514807.0563,592182.629,507995.5022,381530.0296,506405.5499,408600.1227,371957.4568
Q922K7_S179___2,62389.42932,61062.6157,51610.93681,53862.84982,79448.70955,77172.50179,51636.13112,43544.06559,74327.62744,102713.318,60188.14583,52534.58417,79392.33807,61246.74047,56152.01195,51993.79108
Q922Y1_S199___2,137059.0906,75974.29671,123235.0326,133872.2686,92171.89442,100035.1872,118265.6549,166080.2851,100016.0716,96511.6529,175594.627,120056.6063,96461.6949,68202.6562,121982.227,126001.5607
Q923B1_S489___2,191052.5278,195864.155,273770.8038,257828.0107,381714.0795,198815.4882,277820.6011,302315.5713,138685.1626,210033.3082,254010.9536,255706.1269,268358.2317,215852.6221,249758.2797,225861.6207
Q923B1_S491___2,549342.0482,576762.3187,775872.2423,721248.6171,1083346.362,574761.9428,782542.8612,879003.8241,399665.3455,616097.5133,759085.8239,682842.6116,772736.5732,652244.5354,697916.2381,618675.3242
Q923T9_S315___2,596708.1021,691843.5722,647068.5789,639502.6144,566320.7204,506490.1014,535039.9557,531070.5038,553106.563,276106.591,590515.0573,524919.8006,462234.663,358328.0757,488006.0296,369289.1684
Q923T9_S319___2,596708.1021,691843.5722,647068.5789,639502.6144,566320.7204,506490.1014,535039.9557,531070.5038,553106.563,276106.591,590515.0573,524919.8006,462234.663,358328.0757,488006.0296,369289.1684
Q924Z6_S208___2,439255.5224,431268.6698,225492.4237,435054.7251,436265.2858,588521.3893,390189.0734,387909.3063,316671.366,490916.8011,255137.1307,229164.4696,465166.4401,425988.4785,214069.6154,301026.2882
Q99JZ7_S272___2,168910.2255,199149.2762,217139.6973,139064.2303,193456.5076,229818.0241,176657.4521,142945.56,186159.5869,275306.5247,136824.6672,164999.9655,285284.9008,246195.2383,121716.7125,120990.734
Q99JZ7_S275___2,188920.0172,215778.1479,237254.3145,151946.3693,215639.2214,254792.5179,193022.0186,156187.2438,201959.3069,293373.8581,149499.3455,180284.6472,309178.2857,270865.205,132991.8736,132198.6445
Q99JZ7_S249___2,111739.2594,77555.63628,151315.1431,107458.5451,90004.61444,144741.0072,94980.24853,116871.3147,80334.77715,112535.3196,162773.1262,155220.1639,127243.9579,94624.34114,81135.58932,54107.3565
Q99JZ7_S256___2,111739.2594,77555.63628,151315.1431,107458.5451,90004.61444,144741.0072,94980.24853,116871.3147,80334.77715,112535.3196,162773.1262,155220.1639,127243.9579,94624.34114,81135.58932,54107.3565
Q99K74_S860___2,150182.7972,246878.3724,210049.0617,246286.5413,195450.7967,198125.0763,243443.7492,123712.3784,211833.8723,222089.117,179119.4752,205819.2402,306070.8595,290593.6668,229434.3102,161825.808
Q99KG3_S733___2,64453.48318,69428.93248,69595.41683,68940.23769,65391.1332,71192.41514,81993.33162,76095.42133,71646.40608,44328.23157,64762.97148,77696.27075,53741.63203,78484.71737,78835.74397,96101.69625
Q99KG3_S736___2,146141.2334,173475.8469,181967.5559,153373.4815,131558.4287,130310.057,178834.6866,183622.9029,137597.783,101353.0656,155584.4839,176897.2555,127375.0905,127957.1526,178589.1934,202356.3169
Q99KG3_S738___2,164203.4437,187874.7274,215491.9899,175541.5881,155134.326,160046.8331,206545.1115,214840.168,165485.7798,113506.3898,181294.7404,203343.6483,140693.9382,165680.1493,206857.4793,230216.6477
Q99KG5_S436___2,70786.0282,138653.8735,116898.2186,100854.2976,91369.95343,77741.9193,138679.1512,132791.8606,75772.09018,47506.86199,109987.9713,70218.55453,79477.18475,56062.04254,77177.87574,37851.04798
Q99KG5_S448___2,159025.5102,103864.9584,100817.5109,131446.9409,119198.2959,144027.5522,105100.9977,149604.5236,191142.4293,134229.3091,163471.1832,198213.824,138156.7809,149899.8255,193767.3596,201378.2846
Q99KG5_S325___2,20584.23074,24786.35684,17120.41311,15949.30568,23109.83746,18567.82611,19705.80796,27217.95605,20516.69905,18537.19998,16197.26188,14525.8629,26771.09633,19242.60507,15085.27561,8629.872265
Q99KG5_S328___2,20584.23074,24786.35684,17120.41311,15949.30568,23109.83746,18567.82611,19705.80796,27217.95605,20516.69905,18537.19998,16197.26188,14525.8629,26771.09633,19242.60507,15085.27561,8629.872265
Q99KK1_S209___2,74029.93944,97499.66466,102864.4861,122046.1818,132572.2136,128450.979,108668.8911,82355.61618,131599.0539,114630.0578,94213.63852,93466.84477,148547.8744,101592.912,104891.2526,76782.94267
Q99KY4_S824___2,374112.6482,185485.7263,128832.6063,133920.8434,178741.7345,177284.6052,116803.9436,133670.6037,246543.5397,616725.3873,132865.3636,127725.806,185642.0777,457552.5759,126583.7246,133513.8208
Q99KY4_S827___2,374112.6482,185485.7263,128832.6063,133920.8434,178741.7345,177284.6052,116803.9436,133670.6037,246543.5397,616725.3873,132865.3636,127725.806,185642.0777,457552.5759,126583.7246,133513.8208
Q99L43_S34___2,211732.2171,276455.257,326688.2873,352451.2321,269822.633,359799.1169,380889.0891,310417.2706,289669.794,272193.2573,349559.4347,328582.6694,358891.6325,348237.5683,326465.5158,405182.2571
Q99L88_S86___2,17020.07345,11912.61746,15954.58854,13772.45414,13198.78549,13844.35215,16246.36983,11488.21538,12214.33831,10791.93386,14773.34575,12750.89216,15126.9077,12666.47236,10635.69831,9490.152182
Q99L88_S204___2,707192.7983,669955.3948,510232.931,544890.7895,779762.3471,713475.882,752734.8914,611955.1405,670085.4195,767323.7217,569250.9142,563033.6343,757498.1177,813903.0698,449725.3807,404675.2324
Q99L88_S218___2,1138745.135,1155335.685,850235.413,913204.6622,1214180.406,1269940.151,1155136.72,943223.5526,1099014.943,1262537.615,909387.7121,918015.0798,1120538.917,1327768.709,712419.4396,647156.7947
Q99LD4_S463___2,52332.45461,59182.14298,92799.2148,66849.38511,54974.24402,64216.83925,94310.16568,128452.725,51221.08657,35988.09667,63057.39654,67397.05422,41662.61997,55597.00033,54712.21616,40512.2783
Q99LD4_S448___2,12593.45865,17636.49324,22839.71917,14750.29242,14007.10069,15218.77474,27054.78577,34502.40011,13885.26564,11088.80596,15153.67734,18911.94845,11509.78683,16383.75381,15080.72166,13853.81067
Q99LL5_S49___2,117019.5678,78830.43859,221908.6149,230330.3174,82749.02177,101355.8601,172087.3303,191751.3663,101837.625,52978.50781,237424.7796,257634.1568,80950.26698,54892.41797,214297.3859,227495.4796
Q99LL5_S58___2,117019.5678,78830.43859,221908.6149,230330.3174,82749.02177,101355.8601,172087.3303,191751.3663,101837.625,52978.50781,237424.7796,257634.1568,80950.26698,54892.41797,214297.3859,227495.4796
Q99MI1_S17___2,12856.17068,21483.85057,16135.46676,17735.95198,14776.12271,12027.189,16263.11881,16598.99678,14969.93885,13355.02077,12899.29542,10696.74428,17760.47031,19350.23843,12101.19052,13820.25317
Q99MI1_S21___2,12856.17068,21483.85057,16135.46676,17735.95198,14776.12271,12027.189,16263.11881,16598.99678,14969.93885,13355.02077,12899.29542,10696.74428,17760.47031,19350.23843,12101.19052,13820.25317
Q99MR6_S67___2,6832934.389,6271757.78,6420027.625,6555344.845,5829852.463,5615554.512,4908318.194,5733749.059,6205421.425,4323714.177,6746788.887,7625062.023,6562233.527,5177053.281,6631132.81,5976210.146
Q99MR6_S74___2,6832934.389,6271757.78,6420027.625,6555344.845,5829852.463,5615554.512,4908318.194,5733749.059,6205421.425,4323714.177,6746788.887,7625062.023,6562233.527,5177053.281,6631132.81,5976210.146
Q99MS7_S284___2,18097.87419,22764.75941,29003.21183,17550.02833,25135.60935,30351.63717,15901.92473,14886.00972,21374.70484,25618.30973,20930.77187,18688.27338,22547.44913,23369.6425,19653.13692,25936.15711
Q99MU3_S231___2,18492.62268,24335.2744,32184.99301,43180.45824,25855.64302,31373.20435,46135.15716,38678.83672,25464.71291,30438.19564,30354.49405,28689.733,34097.32879,22201.09287,23960.1416,29030.26583
Q99MU3_S238___2,18492.62268,24335.2744,32184.99301,43180.45824,25855.64302,31373.20435,46135.15716,38678.83672,25464.71291,30438.19564,30354.49405,28689.733,34097.32879,22201.09287,23960.1416,29030.26583
Q99MZ3_S23___2,349291.2664,243286.6551,234599.6204,260158.1225,317423.0767,426371.3361,315100.3772,323156.1452,332843.6078,249699.8541,296936.5739,286621.2559,412651.3833,354655.5719,273336.3382,238121.327
Q99MZ3_S25___2,349291.2664,243286.6551,234599.6204,260158.1225,317423.0767,426371.3361,315100.3772,323156.1452,332843.6078,249699.8541,296936.5739,286621.2559,412651.3833,354655.5719,273336.3382,238121.327
Q99NB9_S129___2,385228.8076,916209.9197,607962.6017,591069.2611,638254.8765,452250.51,775519.9077,523208.7068,551299.7172,676245.9821,512707.6256,456577.0452,866682.8575,472810.3018,465220.5392,301240.3351
Q99NH0_S2038___2,9695.007845,7448.614271,6258.231175,3368.492683,7808.822686,6675.501027,6746.885244,4760.748014,9201.151761,6021.685784,4489.232312,3167.445944,9021.546422,8764.76656,6454.035572,3704.524135
Q99NH0_S2041___2,56321.88875,44377.55381,42314.66646,41748.4151,51162.43051,47292.97325,35560.72012,44262.38243,56242.4016,41384.73296,43998.7274,47651.00844,59089.38983,47394.15604,51886.22042,36082.42167
Q99NH0_S2043___2,59472.91425,42105.98115,44275.31348,41785.04051,48585.00744,43366.02678,38366.2678,43060.68926,57664.93833,42331.19826,45175.4347,48854.61347,63931.53051,51022.52782,52282.54624,39601.97672
Q99NH2_S378___2,70675.70045,126073.5383,93011.37286,74180.00657,77480.55227,61898.50631,109517.6048,100565.2981,74790.59668,75046.96678,110159.3615,70563.06762,86907.49811,72865.34541,101806.5984,86706.52412
Q99NH2_S888___2,25673.10164,36962.58452,25389.91397,25156.67304,39519.74265,35751.14148,26594.41246,20105.3247,31166.85863,56023.6877,20432.36074,18602.43916,41160.88833,40497.26643,21522.71545,20064.36669
Q99PG2_S359___2,91563.0762,99220.4853,71278.4494,64408.65158,132779.2903,169040.5181,88466.72806,69894.85767,119098.4334,158825.3869,66116.92546,62232.47693,145024.1509,137284.8311,76257.08947,59534.30763
Q99PG2_S361___2,91563.0762,99220.4853,71278.4494,64408.65158,132779.2903,169040.5181,88466.72806,69894.85767,119098.4334,158825.3869,66116.92546,62232.47693,145024.1509,137284.8311,76257.08947,59534.30763
Q99PL5_S191___2,1223640.449,1336119.408,1526482.695,1222892.795,1546051.822,1927889.235,1574308.42,1927342.696,1056492.272,1467244.924,1250402.19,1319205.107,1347484.86,998338.3451,939880.3226,807590.8781
Q99PL5_S187___2,2456235.961,2501807.444,2873545.297,2321535.302,3147801.669,3897654.704,2948326.153,3568270.174,2062115.308,2570777.961,2353363.685,2454452.457,2261690.745,1896056.1,1787680.742,1520865.485
Q9CQ20_S71___2,643977.1786,637593.806,606809.801,534906.8419,1208035.579,1144094.433,735424.8917,425819.8756,791196.2354,762765.9136,545567.7788,605597.5681,863917.8619,815458.1761,475790.2017,357117.2166
Q9CQS5_S433___2,65432.85721,79307.26131,85511.42823,91749.53745,69704.79702,88958.98934,109481.629,101682.7631,73020.58975,66103.12616,91205.49932,80643.87469,89447.55645,71542.66076,103757.471,71227.51682
Q9CQS5_S437___2,65432.85721,79307.26131,85511.42823,91749.53745,69704.79702,88958.98934,109481.629,101682.7631,73020.58975,66103.12616,91205.49932,80643.87469,89447.55645,71542.66076,103757.471,71227.51682
Q9CQV4_S435___2,129176.0202,147111.4944,154103.8869,165773.8419,125612.452,170123.4261,163403.0889,129905.4818,131918.9624,250350.5668,149262.9804,140163.0564,128616.6067,141715.4242,116205.7794,187198.7143
Q9CQV4_S436___2,77940.49321,98106.33821,69370.65835,74009.01362,75222.87022,76479.23929,77607.83527,72301.8245,67003.57896,89132.62771,69261.78802,58786.63199,76982.82189,60999.46833,59412.36766,63213.95983
Q9CQV4_S258___2,367682.0787,361646.6157,377918.3134,393165.4464,346754.6021,391486.3059,417670.0038,366405.8023,303856.26,481113.1665,365663.2852,341997.3793,316793.7364,300635.8725,312807.2465,363881.8423
Q9CQV4_S260___2,367682.0787,361646.6157,377918.3134,393165.4464,346754.6021,391486.3059,417670.0038,366405.8023,303856.26,481113.1665,365663.2852,341997.3793,316793.7364,300635.8725,312807.2465,363881.8423
Q9CQV4_S285___2,81111.11289,76027.06705,59232.5545,65413.97505,67624.45275,93294.77138,61114.17589,66961.12781,77885.25335,126872.4671,70581.75354,76321.14025,64133.81131,83153.62523,58875.81305,82892.95085
Q9CQV4_S288___2,81111.11289,76027.06705,59232.5545,65413.97505,67624.45275,93294.77138,61114.17589,66961.12781,77885.25335,126872.4671,70581.75354,76321.14025,64133.81131,83153.62523,58875.81305,82892.95085
Q9CQV4_S313___2,719941.5923,616420.803,562372.8871,712791.8784,587285.3149,741265.7032,635629.2179,742224.7412,672458.4915,811078.8811,708641.2814,661356.0366,601987.6449,662173.4598,541981.437,734178.8233
Q9CQV4_S320___2,806104.998,695931.48,704080.2591,817887.3419,656125.9277,826018.9769,716313.9591,824205.979,756510.6939,916471.3113,843843.0241,806733.9245,662285.1595,730160.3503,677409.4135,858321.9276
Q9CR86_S31___2,1543659.01,1579929.512,1247769.37,1512739.402,1762808.857,1895725.35,1650750.012,1537828.236,1184237.948,827691.3192,1421673.617,1367428.039,1188477.819,1287337.836,1003351.303,1343646.904
Q9CR86_S33___2,1543659.01,1579929.512,1247769.37,1512739.402,1762808.857,1895725.35,1650750.012,1537828.236,1184237.948,827691.3192,1421673.617,1367428.039,1188477.819,1287337.836,1003351.303,1343646.904
Q9CSN1_S224___2,642718.9773,736921.1534,669349.9456,644284.754,607589.0586,644929.1052,710277.7677,723879.8429,658403.6754,556715.8647,770420.6156,653934.2131,692250.4914,617924.7305,604618.4969,680009.1283
Q9CSN1_S232___2,642718.9773,736921.1534,669349.9456,644284.754,607589.0586,644929.1052,710277.7677,723879.8429,658403.6754,556715.8647,770420.6156,653934.2131,692250.4914,617924.7305,604618.4969,680009.1283
Q9CT10_S33___2,64325.14058,49120.65345,70271.53206,61386.87153,65983.09116,58217.06579,75805.30409,69071.60651,71455.64858,51990.16394,61634.60729,70561.82617,64724.85762,51671.53595,52798.18695,49881.88162
Q9CT10_S40___2,81897.5002,62836.63734,88355.16143,77184.12825,82625.63835,72655.39511,95312.99067,86846.44783,87761.6284,65718.28412,77495.61617,88720.15962,86228.59002,63321.56335,66385.23729,62718.45188
Q9CW79_S36___2,148912.2779,152752.9412,154674.8374,160079.8129,172956.91,107941.0206,178270.1711,120857.1705,135161.6927,86923.2102,181523.911,135057.1658,148220.5112,106353.3617,142693.1614,72471.04785
Q9CW79_S41___2,87086.13243,58711.38002,55188.60624,60750.85511,72099.54179,74736.8756,61885.15318,66923.02807,86425.73156,59686.51317,82277.26128,62658.75182,71079.07711,74100.20731,67913.71089,43550.09233
Q9CW79_S30___2,189037.8786,162643.6155,255568.7388,227240.2737,189904.8174,148876.4855,313267.3608,158874.501,179112.1279,119379.5571,199558.5296,119625.2261,172230.4659,147157.342,173719.5903,72454.92843
Q9CWE0_S100___2,31923.58179,32725.36695,39669.50444,48641.34358,32214.62969,32485.94985,49281.16497,59633.647,30949.28959,27709.85282,43123.82241,38942.64723,35040.32938,39970.66404,39548.52831,47092.27421
Q9CWE0_S107___2,31923.58179,32725.36695,39669.50444,48641.34358,32214.62969,32485.94985,49281.16497,59633.647,30949.28959,27709.85282,43123.82241,38942.64723,35040.32938,39970.66404,39548.52831,47092.27421
Q9CWK8_S97___2,90245.16379,106472.6867,57362.36386,76440.99995,119080.6167,110665.8988,74674.98702,70937.13257,92071.59995,136793.6857,58320.26042,83929.77162,118665.636,104338.0354,55610.93349,72053.38589
Q9CWY3_S14___2,40613.78195,40855.75361,37264.19765,35525.44591,38240.02721,50295.60677,37225.74147,32425.22489,41863.91081,38658.67227,39020.05778,36445.48629,34665.09081,41663.25938,35306.31778,27395.76336
Q9CWY3_S22___2,40613.78195,40855.75361,37264.19765,35525.44591,38240.02721,50295.60677,37225.74147,32425.22489,41863.91081,38658.67227,39020.05778,36445.48629,34665.09081,41663.25938,35306.31778,27395.76336
Q9CZJ2_S46___2,63752.3917,79647.09351,77612.02616,72083.13679,71953.75622,62625.53953,70236.37733,66860.67776,77292.29147,58247.18585,77442.46684,54744.63945,61407.22204,52032.38414,97286.64719,74793.29346
Q9CZV8_S421___2,505026.0333,350721.3704,558864.8795,782253.2321,597463.54,706726.1434,559785.7724,461141.8689,419442.7998,498283.2555,624420.5098,739995.1361,433946.8837,471078.9728,693271.6275,574925.2576
Q9D0B0_S212___2,194472.0932,232210.4111,172963.5433,169885.4841,224343.5245,227629.1125,167315.5642,181940.0966,208057.9907,270800.7637,189458.9389,187006.8426,261719.3146,191859.5514,191272.4227,180678.8525
Q9D0B0_S217___2,194472.0932,232210.4111,172963.5433,169885.4841,224343.5245,227629.1125,167315.5642,181940.0966,208057.9907,270800.7637,189458.9389,187006.8426,261719.3146,191859.5514,191272.4227,180678.8525
Q9D0F9_S117___2,185308.9851,239525.9198,161723.1794,176475.8326,161189.7603,159630.2321,161208.973,139872.5952,175791.6981,213304.8465,104434.5447,119873.1289,228515.622,184310.0421,138105.4612,152729.4174
Q9D0J8_S2___2,920932.4815,1169125.358,1047282.52,1227946.698,940997.7076,972884.8633,1138852.693,1213076.125,751314.4038,812593.088,786248.2526,781614.491,661031.0493,475340.7137,1029699.98,673195.7581
Q9D0J8_S5___2,920932.4815,1169125.358,1047282.52,1227946.698,940997.7076,972884.8633,1138852.693,1213076.125,751314.4038,812593.088,786248.2526,781614.491,661031.0493,475340.7137,1029699.98,673195.7581
Q9D0L8_S11___2,35654.50754,36951.59469,36713.12549,30736.18057,51690.415,40490.17565,37249.76205,45350.70431,48651.42723,30102.67249,41237.3229,31863.52325,43711.45443,45088.03574,32116.64228,34010.81136
Q9D0L8_S15___2,35654.50754,36951.59469,36713.12549,30736.18057,51690.415,40490.17565,37249.76205,45350.70431,48651.42723,30102.67249,41237.3229,31863.52325,43711.45443,45088.03574,32116.64228,34010.81136
Q9D1F4_S88___2,1659570.606,2094050.116,1696917.097,2544671.02,1928977.361,2295606.412,1916789.096,1673418.392,1651302.555,1386239.79,2205943.099,1622353.182,1971641.093,1282258.568,2118636.581,1972069.222
Q9D1F4_S92___2,1659570.606,2094050.116,1696917.097,2544671.02,1928977.361,2295606.412,1916789.096,1673418.392,1651302.555,1386239.79,2205943.099,1622353.182,1971641.093,1282258.568,2118636.581,1972069.222
Q9D1F4_S203___2,27018.3708,33512.37729,30093.9771,35077.37097,23360.98933,27035.3898,33278.53417,40421.42454,20537.61928,26086.78753,40798.06016,28254.13746,27743.88642,24516.35678,42229.3346,40858.75834
Q9D1F4_S204___2,75860.30061,76282.2268,89040.23916,104177.7853,71300.7711,77524.49935,105022.8428,112585.6887,50304.21773,68433.35835,117113.1646,84895.14273,68455.13825,54060.35241,117895.0171,120828.5829
Q9D1F4_S213___2,78151.75361,68902.88171,84968.68918,105715.3867,70455.50194,77704.546,108623.5547,109458.893,49242.40153,65915.19265,115886.1677,85368.90188,64817.15837,51036.82725,108900.817,110207.293
Q9D1M0_S309___2,4904.181785,4029.914353,7187.450653,6797.992775,4073.553948,4272.414351,5985.083563,5450.238242,4016.807301,4556.080876,6237.652104,6718.545691,3033.119683,3011.573956,4465.151466,5194.018016
Q9D1M0_S313___2,4904.181785,4029.914353,7187.450653,6797.992775,4073.553948,4272.414351,5985.083563,5450.238242,4016.807301,4556.080876,6237.652104,6718.545691,3033.119683,3011.573956,4465.151466,5194.018016
Q9D1P2_S37___2,165413.3345,124515.3887,128399.2401,185304.1,167849.8463,165497.426,117098.5868,145869.0662,152512.4161,214770.9307,137356.4031,220752.0285,160157.3415,188881.7781,111166.542,112977.0092
Q9D1P2_S42___2,172470.4928,130247.8083,124635.1251,188401.1175,172615.2616,171513.8964,124568.3489,125180.1209,156915.7305,218189.2265,140910.4901,169574.7422,164279.5522,196551.7711,103732.1353,135811.9063
Q9D3A8_S367___2,252635.5205,270713.8902,212134.0904,212268.8398,431138.2196,328357.859,217993.619,222217.7748,254620.2254,583312.2559,160712.2578,191886.8604,401567.0083,459170.427,180868.4683,166200.1708
Q9D3A8_S370___2,252635.5205,270713.8902,212134.0904,212268.8398,431138.2196,328357.859,217993.619,222217.7748,254620.2254,583312.2559,160712.2578,191886.8604,401567.0083,459170.427,180868.4683,166200.1708
Q9D6Z1_S536___2,294058.4524,332990.2787,377232.2643,344589.2433,306715.2207,296653.2703,423743.2102,344404.6304,340677.8677,296083.4052,434952.0662,393618.3954,332758.7986,337369.6449,393481.6608,449309.1973
Q9D6Z1_S543___2,187989.464,223613.0784,250068.9475,217773.7103,192061.2125,194627.3096,268645.138,214529.7806,237886.5831,203551.9688,284837.9601,269971.4311,225924.2374,227022.3623,262473.0735,289325.5286
Q9D7S7_S118___2,1437263.37,1184754.568,1260570.064,1031142.408,2139081.406,1886717.59,1128965.481,669559.3287,1233029.145,1933420.59,768912.8283,1146194.091,1565330.939,1331214.765,743713.0551,720976.0595
Q9D7S7_S120___2,1437263.37,1184754.568,1260570.064,1031142.408,2139081.406,1886717.59,1128965.481,669559.3287,1233029.145,1933420.59,768912.8283,1146194.091,1565330.939,1331214.765,743713.0551,720976.0595
Q9D824_S479___2,740964.6926,697197.1856,788386.1995,615037.9708,622164.944,682693.885,719695.6587,642184.437,679084.8976,842479.227,763484.9682,979319.3505,640462.3286,819368.0574,856484.6704,1010091.406
Q9D824_S483___2,54237.82758,68870.08162,66140.51189,55190.16137,56232.76212,61073.48584,65537.63072,55601.30918,52180.59168,50611.79848,67077.8789,79189.46045,58334.88811,52537.73538,57331.27994,62167.86568
Q9D824_S487___2,493753.418,411956.9023,411276.4364,338174.7925,397113.2879,428934.2884,415807.5821,371647.9317,456557.4266,612814.0122,454838.356,696389.4867,416320.911,586678.1641,651325.4775,853044.2843
Q9DBC7_S83___2,496035.8397,354401.0232,538817.9575,483734.4991,424002.7857,424132.8434,631765.0853,513872.8805,423402.0376,341134.5424,518444.2206,495615.3147,486962.7863,373122.4018,559390.4364,589222.662
Q9DBC7_S77___2,386228.6859,275947.4831,428455.5656,403077.2264,330141.5455,330242.8125,519367.7333,367153.1249,329673.7847,265617.7951,434097.0251,401681.194,379164.1289,290524.5214,439647.4118,470983.928
Q9DBJ3_S261___2,284045.6215,192058.697,265829.0575,312742.782,347831.6946,303045.4165,364409.3784,244685.9538,235087.9366,300983.7691,250587.0816,209260.474,261041.295,215681.7881,162052.2213,160960.1336
Q9DBR0_S320___2,212455.7229,155565.8755,173078.9257,182895.8232,190132.6076,223978.6042,161707.8608,140050.0557,214338.5411,235115.6388,208900.7677,233325.4907,184664.1393,213536.4173,199488.8173,198619.313
Q9DBR0_S325___2,291184.9234,194755.945,238448.1716,262335.8639,244989.0335,272846.8231,220291.9399,232472.2598,285279.1418,259227.3391,237223.3702,316379.0707,236475.021,246738.8017,242031.2198,283236.5462
Q9DBR0_S336___2,217540.9058,169417.5386,181052.2007,204036.8444,212336.3272,270396.349,166101.4745,195000.986,225756.7688,305504.2199,156467.6,237844.6534,210039.7079,260985.2402,168431.404,219550.525
Q9DBR1_S499___2,214328.6813,279112.559,268973.2064,212814.8466,227226.4674,248574.6573,244857.698,357708.0973,243748.5244,232243.4611,270232.7964,253740.5155,290451.6077,275626.8777,256928.6589,304854.2841
Q9DBR1_S501___2,214328.6813,279112.559,268973.2064,212814.8466,227226.4674,248574.6573,244857.698,357708.0973,243748.5244,232243.4611,270232.7964,253740.5155,290451.6077,275626.8777,256928.6589,304854.2841
Q9DBR1_S475___2,277962.7734,485574.1015,344519.9486,283877.1334,416560.4531,354729.7507,290826.6362,301438.6051,306104.2162,358450.6917,276805.9688,258613.8686,448267.8084,326951.5595,288980.0068,295320.368
Q9DCL8_S122___2,47900.50841,45399.8277,36192.87393,38999.20423,66270.46638,63063.10863,45772.5357,50572.46604,42581.31842,65226.31627,51590.62503,49262.09402,46969.32065,46563.48923,31540.68528,43780.32911
Q9DCL8_S123___2,47900.50841,45399.8277,36192.87393,38999.20423,66270.46638,63063.10863,45772.5357,50572.46604,42581.31842,65226.31627,51590.62503,49262.09402,46969.32065,46563.48923,31540.68528,43780.32911
Q9DD18_S205___2,10267.66437,13049.51294,4678.800565,4857.973363,14084.04735,15532.62147,8572.410163,11172.37579,12574.63471,13174.7261,7301.084406,6392.955681,11742.09395,12248.78865,5369.100602,5987.479627
Q9EP97_S71___2,103118.2398,107897.7273,93981.95918,104541.8539,125822.706,105530.0209,101497.8781,99716.0686,111772.9078,240233.1711,79760.77584,172362.3829,132306.4844,101697.0153,100522.5167,74779.14866
Q9EP97_S73___2,103118.2398,107897.7273,93981.95918,104541.8539,125822.706,105530.0209,101497.8781,99716.0686,111772.9078,240233.1711,79760.77584,172362.3829,132306.4844,101697.0153,100522.5167,74779.14866
Q9EP97_S163___2,119657.2379,84291.05313,79884.49794,73774.96002,107700.3116,86091.96036,99100.83699,94453.02637,111247.2379,116785.7632,81438.08121,145668.3177,89108.65637,75541.22308,93140.02744,58728.74623
Q9EP97_S175___2,103456.3688,66264.69275,68847.68787,64164.92419,89633.03981,69088.66901,84600.02199,81385.00776,92135.82974,89373.34631,70159.1867,126813.4443,72013.97912,63766.94149,80584.39668,50216.47376
Q9EPC1_S14___2,135681.801,201009.284,163522.4706,154630.8702,134401.8001,112320.6245,163939.6012,135272.6587,125593.2409,110180.1503,194837.9922,122075.5513,120136.3094,145109.2326,140132.1918,145837.686
Q9EPU0_S1102___2,194163.7354,169796.1278,185855.6811,193877.8666,245481.4055,239932.38,189021.9765,153474.2823,168030.3147,230772.3986,160914.1479,133451.5679,318832.6852,252732.2518,146165.4872,119167.0922
Q9EPU0_S1105___2,202619.6152,178038.8674,197514.0941,206039.4977,254737.1382,246013.3526,200879.0058,163101.4648,177504.3734,227418.5733,171008.0206,141822.7593,320242.6048,252437.7096,155334.2013,126642.2426
Q9EQ32_S150___2,119014.5727,140062.6934,105128.4456,117351.2318,183789.1196,141463.7246,136177.6968,106001.63,139418.3913,179123.3875,104387.8137,106143.0052,192170.13,169898.9263,113363.3471,104623.8495
Q9EQG9_S123___2,68237.35158,65800.81482,62573.08679,85862.02115,83485.5515,106579.0081,84704.30046,78082.42861,63335.53555,98788.41263,74504.93616,66683.19449,61748.97903,79038.93122,54785.45539,57383.00986
Q9EQG9_S126___2,22095.9462,27702.71044,26135.789,35863.20866,38629.68722,56713.15655,35379.64703,32613.79586,35263.00043,41493.16201,31119.53383,27852.516,29314.73875,34230.31267,22883.01849,23967.97593
Q9EQG9_S377___2,149101.4247,158941.5916,181570.6611,197265.4524,142254.3216,171027.1711,198643.5921,206486.4013,146797.9882,122761.1422,193192.6775,175259.0755,163144.5471,140130.5873,185663.3666,181151.7662
Q9EQG9_S380___2,66277.25123,139715.1294,104804.1119,109049.6495,80725.96219,83734.35177,115543.0999,111677.5963,81923.30066,80549.86511,101598.6903,89428.58342,81984.25152,69098.73716,102341.5763,91412.47595
Q9EQJ9_S572___2,281482.6061,268891.964,272241.7099,230029.0379,338337.182,390304.3801,284283.49,245539.7386,323877.9807,649860.7892,235632.0625,309936.7078,405507.298,374333.538,236845.5315,308494.7274
Q9EQJ9_S575___2,281482.6061,268891.964,272241.7099,230029.0379,338337.182,390304.3801,284283.49,245539.7386,323877.9807,649860.7892,235632.0625,309936.7078,405507.298,374333.538,236845.5315,308494.7274
Q9EQN3_S258___2,92256.52953,97496.61208,95940.54728,154732.9565,105289.0404,114625.8746,205466.8114,151871.6271,112973.3119,100910.6939,111511.7784,121247.224,120230.955,168912.0468,91392.96576,112175.6502
Q9ERR1_S194___2,76156.98962,68983.2569,54970.22252,43476.72696,60487.90784,72908.61331,51094.02965,43392.98618,63382.74235,55956.6847,59080.77416,59946.78074,82216.20687,69743.29903,40525.89621,37162.6855
Q9ES00_S79___2,53091.97108,58531.16064,45898.87942,59237.24695,68749.19036,59796.31523,59544.25348,57743.41607,54731.86852,74222.75957,76315.13113,73349.85944,73328.57375,57642.90494,63314.92006,55012.26682
Q9ES00_S84___2,70902.14418,91566.4918,102708.9447,112849.4291,101202.1527,112802.14,113029.5739,115633.3034,79095.68463,71353.38247,114439.5542,126752.7464,117522.6795,87238.868,103960.8144,103531.2843
Q9ES00_S88___2,137030.1189,162524.4389,162861.3003,182409.1601,185463.8805,182505.9111,209835.456,185358.9912,146395.8292,167821.3267,202915.3674,206250.2454,206013.4975,157545.5149,167862.4091,157469.419
Q9ES00_S101___2,58662.2135,68871.58551,63759.7224,70452.17323,70514.17831,71977.93302,98820.17092,65976.22438,69621.33738,61793.08865,85232.1781,82703.60122,75729.7712,68012.2793,65831.04181,61549.70458
Q9ESE1_S1003___2,13660.48638,12478.73469,13461.02276,15792.90006,13446.12534,11587.72361,15475.37256,13052.06009,14433.3998,12630.75487,16214.98392,20318.69152,11748.01223,13299.61851,16545.46851,20170.56449
Q9ESE1_S1219___2,343747.2834,347002.6692,325280.5365,355210.9104,405181.4169,396348.9465,372983.5782,311808.7613,354934.099,347782.0721,325353.015,378514.998,318220.1746,331452.8269,308457.3923,363404.0673
Q9ESE1_S1221___2,256557.6011,258987.2755,223634.1767,251604.3889,302409.2913,295817.1303,269984.6471,214934.3065,264906.9401,259568.987,217194.6713,268871.1359,237505.3086,247381.5686,218078.0873,293780.3287
Q9ESE1_S1245___2,75570.53494,142712.8988,47522.66788,69013.86064,112498.733,75195.82521,137078.6842,40608.99632,118471.5977,133956.604,57363.24466,38469.86328,113985.0916,107643.4812,38144.89049,50061.89123
Q9ESE1_S1248___2,75570.53494,142712.8988,47522.66788,69013.86064,112498.733,75195.82521,137078.6842,40608.99632,118471.5977,133956.604,57363.24466,38469.86328,113985.0916,107643.4812,38144.89049,50061.89123
Q9ESK9_S261___2,122475.0594,102613.3042,172527.2362,179186.2989,168132.1377,201408.2157,193055.2044,191436.812,128884.632,95448.24151,151676.1203,141677.8257,211181.572,134318.3515,143331.9423,97357.44486
Q9ESK9_S257___2,122475.0594,102613.3042,172527.2362,179186.2989,168132.1377,201408.2157,193055.2044,191436.812,128884.632,95448.24151,151676.1203,141677.8257,211181.572,134318.3515,143331.9423,97357.44486
Q9ESN6_S375___2,98551.20546,98553.56883,95349.2416,118891.2057,116688.4978,139913.3115,113857.3476,106565.6831,121340.1304,187148.5261,103876.3461,111207.3877,121067.6076,120322.4943,102453.8932,103222.5192
Q9ESX5_S451___2,863141.8269,814198.4756,656941.0527,626935.6207,629406.247,793818.6334,702316.922,584157.2983,797643.9661,611452.9498,666983.1668,714258.0135,653284.726,664706.1037,727719.5368,700794.6572
Q9ESX5_S453___2,685321.4454,646461.171,501916.6334,478245.4378,499738.96,630279.8871,547508.9796,476536.4391,633317.1429,485484.3159,524632.5884,548130.2874,518698.1081,527766.5079,589104.6403,540000.5042
Q9ESX5_S481___2,42974.25915,51135.83882,41055.32182,42206.06559,44269.09594,58542.96927,53494.57164,34691.31616,52452.17736,45564.27076,41393.70517,42683.37022,46513.68195,55504.34492,54485.35955,40885.61502
Q9ET54_S259___2,121533.4209,165475.1353,117319.2474,107794.5852,172161.6532,180203.3264,154400.2681,178980.2519,137830.9616,289828.2301,107956.466,148977.8411,183426.492,152056.7983,125433.4028,112084.8716
Q9ET54_S264___2,121533.4209,165475.1353,117319.2474,107794.5852,172161.6532,180203.3264,154400.2681,178980.2519,137830.9616,289828.2301,107956.466,148977.8411,183426.492,152056.7983,125433.4028,112084.8716
Q9ET54_S35___2,77708.33848,102216.8676,98812.50128,105048.7535,129460.8618,129019.5364,131987.4385,140993.5532,105571.3135,185856.1368,94419.26962,106557.0593,117293.2643,87862.26778,78307.05913,79063.35326
Q9JHE7_S57___2,248925.8019,336342.7322,210890.0863,263561.0008,383785.013,411031.8762,294952.524,274693.503,348796.0847,692886.809,258094.8012,270217.643,395677.0818,436140.0635,227226.1247,248663.7128
Q9JHE7_S64___2,248925.8019,336342.7322,210890.0863,263561.0008,383785.013,411031.8762,294952.524,274693.503,348796.0847,692886.809,258094.8012,270217.643,395677.0818,436140.0635,227226.1247,248663.7128
Q9JIA7_S364___2,404373.7912,368750.3943,244737.9163,349273.954,463750.8387,376289.1314,313195.7178,282647.9996,487041.7818,191539.4593,461299.6184,324134.5816,447446.9421,334912.9089,299916.4795,228144.2575
Q9JIA7_S379___2,404373.7912,368750.3943,244737.9163,349273.954,463750.8387,376289.1314,313195.7178,282647.9996,487041.7818,191539.4593,461299.6184,324134.5816,447446.9421,334912.9089,299916.4795,228144.2575
Q9JIK5_S243___2,193193.0637,177701.1778,171674.685,179753.0978,257412.2905,246518.3092,225734.6059,206776.6402,183785.3967,217388.9431,203230.3761,196942.9136,260941.7892,232621.1676,284975.8931,304313.0367
Q9JIL4_S489___2,7381.871462,7131.980542,6964.913967,10896.53584,6954.820017,7566.834923,9207.525851,5825.01895,12502.94945,11298.87534,6945.821799,7489.948835,8433.493989,8190.972535,6365.777263,8032.210368
Q9JIL4_S492___2,7381.871462,7131.980542,6964.913967,10896.53584,6954.820017,7566.834923,9207.525851,5825.01895,12502.94945,11298.87534,6945.821799,7489.948835,8433.493989,8190.972535,6365.777263,8032.210368
Q9JIX8_S413___2,208773.1605,303222.4387,283620.2016,322348.2919,354592.4462,358232.1349,353599.099,266860.4141,339510.4276,555704.0525,294399.1857,281924.295,394611.1696,402802.44,267322.3328,305210.9794
Q9JIX8_S428___2,566541.7372,636100.8478,530728.8888,695756.909,845078.6519,765819.6942,599332.5539,505668.2572,716811.7303,1362463.978,583154.1662,619610.8831,855910.0924,800119.3287,549162.0142,597354.8895
Q9JIX8_S454___2,606280.7168,684479.3832,571290.0251,748930.368,907546.794,820016.4819,645136.7487,544314.1261,759295.9156,1414250.913,627721.9222,666964.8561,923039.3163,862412.6953,591131.9083,643007.9406
Q9JIX8_S479___2,262430.6389,280846.1176,285138.7129,273004.1949,283279.8451,257780.2967,261184.0294,271156.7965,248506.3351,304351.2185,302583.6376,281561.7083,263603.9901,278940.2439,303419.4788,332604.6707
Q9JIX8_S389___2,2746160.683,2349163.221,2290852.382,3233980.082,3701563.082,3178613.611,2696913.726,2025394.448,3110133.181,3554797.574,2500001.503,2614415.11,3349608.963,2964120.479,2413534.338,2824200.081
Q9JIX8_S391___2,2746160.683,2349163.221,2290852.382,3233980.082,3701563.082,3178613.611,2696913.726,2025394.448,3110133.181,3554797.574,2500001.503,2614415.11,3349608.963,2964120.479,2413534.338,2824200.081
Q9JKF6_S433___2,370878.0127,506213.2171,510812.1429,503670.6579,519861.3593,472323.0802,497360.404,244055.6413,647693.9147,412179.931,589815.5992,502725.9293,509100.3558,422785.4211,613498.3648,535068.4916
Q9JKF6_S434___2,370878.0127,506213.2171,510812.1429,503670.6579,519861.3593,472323.0802,497360.404,244055.6413,647693.9147,412179.931,589815.5992,502725.9293,509100.3558,422785.4211,613498.3648,535068.4916
Q9JLM9_S370___2,399290.925,561147.5237,390197.233,376926.3941,580467.7927,453596.5167,507138.4491,354304.3715,421230.7633,370943.934,400402.81,368312.6378,619123.1044,385013.9463,363270.7638,310492.5755
Q9JLM9_S373___2,379787.5753,544684.9673,371031.8718,358412.8582,562152.0209,423899.3986,482229.2731,336901.964,401257.3227,343427.607,380736.1803,350222.1847,605865.9162,354309.5377,345427.953,295242.0769
Q9JLV1_S382___2,171252.5749,200064.2075,211559.4683,225054.4786,233238.4218,226794.37,201226.9919,208450.8366,207574.0723,170087.8438,199673.3364,205959.4136,203516.5138,173138.5041,139665.5165,167277.9786
Q9JLV1_S390___2,46042.64172,53788.88249,46180.46564,61112.10819,62708.03867,60975.50315,52570.29318,51794.6138,55807.97046,45729.49433,43624.88587,45494.2242,54717.06301,46549.68905,29955.6262,45994.93203
Q9JMD3_S284___2,89850.98909,78139.01658,77388.48683,67873.21587,84173.00533,87221.77656,92933.83254,89406.91831,77567.43136,62267.44216,70598.9018,78498.38171,81248.55126,81143.19413,69800.65717,83431.73037
Q9JMD3_S289___2,74596.40987,64824.53058,65666.60701,55643.43514,70247.41364,71348.43451,72627.18216,73797.75312,64406.03639,48502.65745,60880.33968,67690.26712,65924.83686,66804.88827,57822.98795,67016.35592
Q9JMH9_S2037___2,1348007.623,1603035.74,1405564.912,1394577.901,1518583.604,1445700.701,1528955.211,1486791.093,1682982.442,1966374.217,1437605.075,1430098.718,1764234.289,1697828.353,1667397.087,1711464.202
Q9JMH9_S2039___2,729251.4665,867217.7691,815774.2577,844868.3027,821530.458,782101.9241,825896.4508,743878.2896,910467.7102,1063778.317,857822.6306,795638.348,954423.7139,918499.1204,879200.461,859695.2705
Q9JMH9_S1966___2,3794861.43,3987889.275,3980812.346,3625058.558,4343748.206,4399845.632,4622614.854,4130406.757,3741841.093,4112584.852,3964216.819,3238666.888,4483701.934,4085535.434,3141560.904,2762772.319
Q9JMH9_S1970___2,3794861.43,3987889.275,3980812.346,3625058.558,4343748.206,4399845.632,4622614.854,4130406.757,3741841.093,4112584.852,3964216.819,3238666.888,4483701.934,4085535.434,3141560.904,2762772.319
Q9QWY8_S854___2,94845.88394,105335.6782,113731.7581,115583.8412,137650.2283,113407.3546,120779.2984,116446.4263,105076.1353,110998.6572,112578.9189,112110.2078,142399.1312,96180.08612,103110.7115,108321.5148
Q9QWY8_S858___2,94845.88394,105335.6782,113731.7581,115583.8412,137650.2283,113407.3546,120779.2984,116446.4263,105076.1353,110998.6572,112578.9189,112110.2078,142399.1312,96180.08612,103110.7115,108321.5148
Q9QXG4_S263___2,347444.6089,329846.9142,405962.9268,423495.7897,327239.0527,335514.452,403956.1183,382896.6771,414792.3392,249801.0162,434307.0297,456660.8135,383604.3654,334045.5065,503679.9194,471495.354
Q9QXG4_S265___2,367975.3095,357669.6667,445938.3904,484319.6945,330003.1961,329937.794,442326.2388,426946.2709,424850.81,262959.122,481707.4709,505642.189,396221.0793,354630.4846,562227.0238,529686.9989
Q9QXG4_S267___2,103341.9785,105848.2245,161510.9982,146512.7774,81913.38266,76173.69249,162305.2624,145045.3049,109931.0918,72804.31224,167461.8973,177054.6905,104745.2787,100134.8931,190087.0181,174071.042
Q9QXL2_S1660___2,178433.8701,210593.362,129485.7024,121725.0844,171428.5039,176721.5488,164660.8751,121862.5109,212246.5728,231767.2069,138791.6558,131655.9583,191081.3328,205560.4,136867.3151,154344.1836
Q9QXL2_S1671___2,178433.8701,210593.362,129485.7024,121725.0844,171428.5039,176721.5488,164660.8751,121862.5109,212246.5728,231767.2069,138791.6558,131655.9583,191081.3328,205560.4,136867.3151,154344.1836
Q9QXN0_S912___2,232802.1799,189498.5575,102181.7296,140377.8467,443103.1614,485689.0867,140529.6339,169633.9576,212612.1914,479542.6825,112729.1321,88085.92712,317435.5909,225600.6565,119224.582,121245.2616
Q9QXY1_S319___2,6263.476436,4153.55766,4297.788407,5460.977791,4829.842092,5872.711309,2986.486585,6679.224853,5002.35526,9125.949826,5748.639399,8214.253245,5671.522286,4667.097163,5600.574692,6986.567431
Q9QXY1_S156___2,470268.8816,776600.7346,512623.4359,530998.8999,737367.9789,645949.6362,618884.6173,610962.6066,543393.7093,556417.6874,518096.0757,404932.975,674296.2342,466793.8059,482570.1373,411289.3598
Q9QXY1_S161___2,542040.9064,900373.8564,585171.5514,613015.5118,864999.2504,736926.686,725149.0053,707091.6981,612589.4989,615776.7239,600306.6035,470010.9633,768878.3599,531331.6954,551612.4703,470195.7242
Q9QXY1_S356___2,570500.9486,829511.5719,631942.7224,697557.518,807372.9104,722931.1001,724778.1793,645447.0076,570512.5103,789616.0591,655812.8487,501732.155,879260.0816,724425.178,534012.1588,405090.428
Q9QXY1_S359___2,570500.9486,829511.5719,631942.7224,697557.518,807372.9104,722931.1001,724778.1793,645447.0076,570512.5103,789616.0591,655812.8487,501732.155,879260.0816,724425.178,534012.1588,405090.428
Q9QY06_S1978___2,59853.53679,57227.74977,62648.56533,72581.96427,71890.02094,95873.03848,64590.94369,63585.60338,82779.74676,121001.285,70752.69364,83381.42667,86251.69748,85109.34735,61488.13776,69234.99822
Q9QY30_S688___2,68919.21769,56130.63639,55430.03603,51492.24967,65333.82448,62897.25246,75378.94362,75716.7036,71157.36334,41931.37155,77660.29453,69195.40456,70049.26831,66953.79544,56163.30426,51842.7711
Q9QY30_S692___2,404078.8341,362574.249,428017.1247,415124.6519,425851.2954,346733.7988,478529.5963,508921.38,378692.1442,288732.1273,549241.7776,425246.8489,447128.3869,373792.8142,351193.8941,240705.7877
Q9QY30_S696___2,342436.2984,272255.8813,337028.6229,325638.6278,372512.032,280879.9265,375444.1608,399255.2668,303099.5889,184426.3421,424219.0319,327710.4067,319906.0556,273986.2385,265367.5747,166434.1457
Q9QYG0_S328___2,179502.1167,202990.1599,193434.4258,187427.188,204189.2635,165626.5728,207488.5094,216776.3774,171656.8347,132346.1247,187103.8524,146994.9515,177531.4674,133205.6988,126090.8181,103664.5464
Q9QYG0_S332___2,529306.5363,545993.3058,596192.8915,522000.952,590056.7732,492209.5474,617990.6896,597858.1216,492852.0381,424145.2146,629444.3364,423907.4926,543282.1263,390976.5968,372416.0426,278481.8977
Q9QYG0_S338___2,556946.8571,505504.1486,738013.7089,506793.8333,625520.1123,488151.8038,635768.2022,637616.9676,530412.5306,377625.9676,679229.9443,413097.3689,552915.9399,380287.726,363231.5803,191125.2505
Q9QYG0_S342___2,131100.2259,111453.8248,128379.2602,129306.203,149445.5744,119893.1131,139556.6312,151219.5906,130418.5776,116326.807,155168.2966,126832.573,151276.6986,123911.9505,106874.9291,121804.5767
Q9QYG0_S344___2,195073.0786,128552.9861,135588.9913,152261.1926,159731.5514,166746.758,168000.1885,150196.3348,185201.4104,148953.7084,210456.7031,144687.3794,197817.1286,131311.8581,132663.4386,139438.2707
Q9QYG0_S350___2,13946.00128,11019.39001,9451.226025,8374.806465,13399.14699,10994.04609,12048.31392,6660.701846,13124.16279,8839.716081,10209.16045,6826.929225,14746.35477,7221.020678,8056.016673,8784.235944
Q9QZI9_S369___2,58688.02881,61243.72006,145015.0738,69094.03586,82260.43403,101246.6083,67174.71739,69419.34092,74838.85467,126243.1037,59423.8289,54062.15339,52819.87388,76249.15975,45630.85039,81820.80935
Q9QZI9_S371___2,90552.17869,95049.18738,224500.9586,106965.9648,132794.9255,148361.1224,103994.6266,107469.5766,113928.2253,194386.0898,91995.30917,83694.78385,91277.11601,114751.3686,70642.10211,126668.5569
Q9QZQ1_S1157___2,57223.34986,100455.4432,85778.31082,77845.5896,78204.21843,77231.41759,102504.7931,97580.50521,67672.80815,76407.35811,81242.4444,72406.81448,80960.13242,69275.62249,67563.73008,59679.19144
Q9QZQ1_S1158___2,249550.0989,279331.046,332098.8502,260525.4567,213758.7094,277534.9491,324732.7794,300691.9319,211980.4729,216213.3038,308226.0828,238195.0454,203426.8039,217029.9201,258084.8044,234375.7419
Q9QZQ1_S1167___2,231255.9665,377128.9472,413224.4635,322763.8268,292907.5227,301325.4982,409043.2021,370890.1873,258378.213,287517.401,382724.9132,295525.4572,299986.2,264494.3242,318660.1653,293030.7085
Q9QZQ8_S170___2,365296.4559,452601.0036,382992.8185,400857.2393,456069.7877,539801.4145,407891.8199,363460.2692,426400.1813,627898.7905,443808.2777,380478.7426,520241.2723,372622.6034,342265.5399,380352.0678
Q9QZQ8_S173___2,474782.5949,356466.9714,368982.065,363509.0577,523336.1111,523654.8068,459271.7741,328130.9762,463166.9427,539618.209,341817.0894,361970.6716,556110.6654,425733.1282,349797.7436,332548.9562
Q9QZW0_S1123___2,214709.7136,301244.1569,223301.6258,222941.6332,266772.5846,242252.3006,330909.7472,213344.1331,193643.0133,285322.1545,182878.3241,170075.0461,276975.3502,218327.0866,159620.8153,124068.6643
Q9QZW0_S1126___2,214709.7136,301244.1569,223301.6258,222941.6332,266772.5846,242252.3006,330909.7472,213344.1331,193643.0133,285322.1545,182878.3241,170075.0461,276975.3502,218327.0866,159620.8153,124068.6643
Q9R078_S96___2,235823.1616,215751.9454,203109.3888,295323.8292,251422.796,214123.3,231951.6785,206141.6814,331306.9167,406984.2053,222748.4817,219640.207,503726.0877,303978.3583,264520.8164,254390.5559
Q9R078_S101___2,235823.1616,215751.9454,203109.3888,295323.8292,251422.796,214123.3,231951.6785,206141.6814,331306.9167,406984.2053,222748.4817,219640.207,503726.0877,303978.3583,264520.8164,254390.5559
Q9R0P4_S15___2,159545.1904,203504.2371,92207.84342,110035.7486,190467.628,205429.6037,141605.1927,127001.6597,165164.28,250729.8787,101859.5535,152315.0425,215992.8308,184779.3718,118499.8353,102358.5914
Q9R0P4_S17___2,159545.1904,203504.2371,92207.84342,110035.7486,190467.628,205429.6037,141605.1927,127001.6597,165164.28,250729.8787,101859.5535,152315.0425,215992.8308,184779.3718,118499.8353,102358.5914
Q9R0U0_S131___2,219596.1355,181919.024,219351.9802,206444.4941,163758.8487,189657.1391,212452.2123,168662.1287,182923.3798,129359.7571,206524.0575,191912.186,192757.2053,169320.7378,189860.9847,191014.1374
Q9R1C7_S934___2,168665.4611,138115.8783,190002.54,222956.7322,165247.2871,168154.0891,215672.3266,261974.5023,150421.4136,247615.9467,199027.551,287034.6524,142552.3216,162479.0673,215137.0907,322471.2926
Q9WTN3_S446___2,135871.5689,200305.3708,108274.1763,120418.0438,117445.8808,95380.45217,134036.1638,112734.6869,165175.5086,126837.7443,139027.569,107882.6263,76959.03354,114503.0956,130897.6529,117228.8707
Q9WTN3_S448___2,135871.5689,200305.3708,108274.1763,120418.0438,117445.8808,95380.45217,134036.1638,112734.6869,165175.5086,126837.7443,139027.569,107882.6263,76959.03354,114503.0956,130897.6529,117228.8707
Q9WU42_S149___2,118458.7785,88067.38696,132648.7537,133130.9422,123511.7579,190499.233,135873.305,136896.4754,108410.5964,125623.8451,157222.5284,121519.5473,105442.1528,131000.4817,110902.7771,156398.5624
Q9WU42_S152___2,118458.7785,88067.38696,132648.7537,133130.9422,123511.7579,190499.233,135873.305,136896.4754,108410.5964,125623.8451,157222.5284,121519.5473,105442.1528,131000.4817,110902.7771,156398.5624
Q9WV70_S673___2,175831.9277,193261.432,183879.5209,121652.6711,214453.9582,174056.1552,165679.0884,136262.915,193998.4806,214452.6227,161862.9845,133392.6891,227026.3667,249341.1191,137859.8036,165020.3034
Q9WV70_S674___2,110715.8189,151162.1516,118148.3662,78165.66123,159244.4438,115190.6281,106454.0168,87553.20168,129588.5501,147165.6618,104002.0502,85708.9914,154601.8703,166667.795,88579.25279,106030.7268
Q9WVR4_S602___2,524439.8317,438285.5384,470999.2581,498997.9294,520374.3649,526356.7603,455628.465,472450.7464,489634.7248,414062.5452,318860.3954,304206.2073,414860.145,574272.3593,318125.4848,359932.0956
Q9WVR4_S604___2,969656.4801,880453.9748,919367.2883,970447.7433,1029999.089,1078387.374,877354.7809,917137.9291,819762.1076,825365.5997,614589.4596,588320.574,712697.736,1011058.038,620040.6362,696264.1107
Q9Z0R4_S315___2,23949.01755,19583.26073,19781.90923,31574.30122,20429.68173,18531.34204,19819.91127,26893.11499,22342.77497,9731.338943,22847.76137,19762.10349,20023.53729,15125.78653,25002.4179,15239.24219
Q9Z0R4_S318___2,9383.360873,6476.59243,6941.28559,11079.12485,7305.922854,7054.88449,6954.620151,9436.5407,7716.45177,3746.073933,8017.064225,6934.335944,7735.239228,5724.681836,8773.112904,5347.306521
Q9Z0U1_S1044___2,178952.9586,221590.6716,173080.5077,139020.7793,243706.3524,242118.8799,202753.2476,144941.131,200245.0954,282464.0478,132203.5798,112927.3805,234038.2728,204156.5335,106102.522,67674.99659
Q9Z0U1_S378___2,156954.5445,188123.9247,115775.4204,135172.2922,188404.2384,200074.2592,127686.7226,106241.1047,160685.6356,341089.1355,113879.7234,155606.4108,249724.35,231649.6012,116652.672,173536.1452
Q9Z0U1_S380___2,122767.3111,147147.4972,95506.36027,108048.8656,147366.7541,156494.856,102034.0628,79524.93166,125685.7104,266794.416,97766.66814,120453.1705,195330.3555,181192.5788,95359.21584,123305.6126
Q9Z103_S959___2,348717.8401,445783.8734,299957.97,352475.1787,366177.5678,359926.359,388565.8074,308491.3361,337502.2484,480202.134,400183.8566,341844.9707,539306.8555,468917.5535,349085.9361,456070.7084
Q9Z103_S961___2,348717.8401,445783.8734,299957.97,352475.1787,366177.5678,359926.359,388565.8074,308491.3361,337502.2484,480202.134,400183.8566,341844.9707,539306.8555,468917.5535,349085.9361,456070.7084
Q9Z1D1_S42___2,833938.3353,948106.6423,671107.5617,875114.1062,1053717.964,1069173.058,913238.955,571330.5811,1099056.414,1938579.54,628680.5204,755611.6702,1369279.265,1094098.098,569807.9075,963668.8688
Q9Z1E4_S652___2,32815.0393,16831.733,22268.46842,27688.34016,17883.70995,10317.91727,39156.38053,22585.04734,53711.72434,39462.37139,42164.33462,48873.90979,55794.29853,46411.46039,57321.85868,62541.17101
Q9Z1E4_S653___2,132849.7301,109684.3339,123055.2017,135793.1632,63121.28546,65735.69134,153489.7769,109529.4796,221676.8473,164181.4188,215683.3016,256866.187,212077.6592,235061.5786,275138.1217,285981.7208
Q9Z1E4_S657___2,154389.6046,127468.2375,138757.8911,158173.0752,73355.58981,76393.88797,188003.935,128359.632,257618.8961,190801.3236,247081.7809,293410.0694,246463.3231,273173.7894,321777.7117,336347.4306
Q9Z1P7_S279___2,88410.78385,96538.03885,116897.7118,88422.94335,98966.65634,84617.05596,114607.2896,118672.6414,85404.92042,93810.5549,102620.6121,114109.98,65317.44629,78288.50296,73628.21199,67118.54562
Q9Z1R2_S995___2,83754.38593,70269.08684,102951.8029,96639.67083,86710.79818,93140.92243,96382.72836,96579.46912,101540.9186,68665.30079,111964.8612,103271.6592,76178.80498,76205.81785,92342.65939,100582.5817
Q9Z1R2_S986___2,68732.77628,55882.2519,86819.57163,82452.1881,67700.31059,74766.43952,81822.2403,83203.86207,77241.68217,60588.11249,95424.14286,86908.80487,63564.7285,63949.3336,79359.95459,83466.01963
Q9Z277_S1464___2,8996.540131,12683.5677,10499.71939,9294.478128,13080.26606,12621.16204,8631.795068,8295.938653,13365.11234,13953.39309,10215.96546,9535.779685,14381.75559,15545.28173,8145.074388,6551.210302
Q9Z2B9_S343___2,81804.51021,67008.08969,129930.0964,149993.4009,72613.94068,76804.70954,84210.17303,98185.14874,68600.18717,54168.99351,98208.26522,111679.8929,90648.72667,70884.39454,107363.7948,136365.4039
Q9Z2B9_S347___2,81804.51021,67008.08969,129930.0964,149993.4009,72613.94068,76804.70954,84210.17303,98185.14874,68600.18717,54168.99351,98208.26522,111679.8929,90648.72667,70884.39454,107363.7948,136365.4039
Q9Z2F7_S117___2,257614.056,199964.217,220322.0192,176344.346,283927.9905,280963.0017,355487.2569,308394.4515,205284.124,354209.4386,207828.8714,190625.6694,384042.8215,220011.7119,232137.1508,244679.4587
Q9Z2F7_S119___2,436319.8942,338678.5928,308560.477,283843.2368,480887.6996,475865.91,497750.6905,588002.7194,347688.8982,599923.1066,406397.3628,418825.8077,650451.7876,372632.9547,412295.01,477190.0962
Q9Z2F7_S64___2,179206.7451,119873.1892,182820.6957,166473.0442,143222.4173,131550.9952,255042.6473,299024.7785,118484.0021,95667.41958,220701.9321,178783.4547,141508.1422,96279.43956,253941.8188,213350.443
Q9Z315_S480___2,182288.7841,216242.4934,205738.9878,211092.5315,212751.3032,251189.5107,197069.382,189202.2846,228853.6109,286918.1456,163579.4299,223592.0895,243875.8995,253943.0462,197473.1967,227240.9967
Q9Z315_S492___2,182288.7841,216242.4934,205738.9878,211092.5315,212751.3032,251189.5107,197069.382,189202.2846,228853.6109,286918.1456,163579.4299,223592.0895,243875.8995,253943.0462,197473.1967,227240.9967
A2A5R2_T623___2,211030.931,278185.1861,252146.6844,264360.8621,285691.2236,248708.9141,245941.1981,277145.6096,283551.8302,289949.5885,269015.1522,199178.0847,270025.6408,245327.9565,229219.7127,162936.092
A2AJ88_T1284___2,63439.45244,63604.82598,64353.85697,89673.21549,76928.92517,109227.927,89615.41372,72775.87799,77028.08085,75094.48488,75556.93,68565.46461,85714.39708,72270.27834,80167.26504,62590.22242
A2AJI0_T99___2,68513.43318,101575.136,52908.58567,65787.49499,95243.94545,79146.73547,76904.03991,57108.7394,85630.20085,106456.1927,49426.27677,39934.87411,81055.67756,88029.87817,47232.35163,40809.99961
A2ALK8_T376___2,93645.52936,134805.3027,68769.5241,82417.04737,155390.3846,101548.1891,131152.4946,70653.58577,105548.8162,392242.5034,58179.97438,76523.57567,129470.7904,118212.8932,54225.09135,81660.78284
A2AR02_T356___2,132160.8295,182483.4264,165487.5083,190674.9665,167318.9693,141461.6645,157995.1044,235122.714,164424.684,150516.7924,192486.3187,188221.1946,194802.6324,159450.2666,234406.9685,211355.19
A2BH40_T1760___2,73539.39267,67757.95923,63195.41248,73290.01749,53036.19861,70715.56084,67942.66545,52871.97567,77748.73803,48642.31531,59666.37252,75876.35627,63818.33234,53004.49396,71024.17464,68722.39754
A6X8Z5_T776___2,48715.95802,46123.32232,38631.896,40792.00024,36116.18409,49431.89925,48048.43961,34351.32746,39435.32064,55086.64381,33327.95239,38029.11358,55818.83631,60532.21823,36225.59055,40382.083
A6X919_T43___2,53805.19861,37149.44114,51879.19773,45472.72554,44222.73219,56702.62326,54935.6404,58635.61178,49747.92071,69436.49566,58269.33291,54698.05527,46514.87127,62674.85776,42546.18283,50672.8303
E9Q634_T1002___2,165718.2475,208064.9339,135785.5207,133089.2133,229962.1827,202823.3663,161836.1066,145760.2335,103169.6922,124291.1821,125460.3009,96589.36081,139105.875,125092.4263,74946.6786,64222.82009
G5E829_T1165___2,705734.109,805074.7712,789194.0182,730938.6479,881374.1913,842604.2743,906292.9435,778359.405,685865.9993,886475.534,446135.3735,454148.0828,885606.3318,837138.4288,620886.9869,478503.504
O08784_T171___2,1207550.996,1020987.773,1511766.112,1386919.23,1699541.315,1409462.104,1803975.922,929206.2365,1494041.159,2294678.937,1036274.927,1363918.424,1467295.527,1249788.151,1086601.645,706728.4268
O54774_T758___2,9867.009393,7869.718486,11381.00693,9947.309356,9359.856406,13272.88164,10402.59646,13359.63325,10886.21678,8452.746359,15618.02082,16868.05637,13072.02917,11614.91543,16264.93194,17740.67548
O70194_T548___2,1005750.724,1223878.639,772045.2832,875810.4124,1092664.966,1197257.696,748050.3613,715663.9891,1177916.223,1552679.236,706694.1634,853994.4773,1357908.538,1233171.332,788784.143,829765.4931
O70551_T448___2,1320113.182,1629536.806,1627983.401,1465274.109,1543647.757,1697787.894,1714611.081,1626486.142,1460545.892,1757704.391,1344841.638,1382775.375,1904932.308,1509553.884,2117169.955,1603168.899
O88792_T286___2,1019391.998,694132.0132,1074580.092,699972.4301,1128460.954,1022335.346,611934.2522,687110.3481,1115900.061,883082.0503,852074.5324,727202.0316,1124202.771,834571.2458,499981.4309,430665.4498
P19973_T166___2,402648.4524,416308.7426,366858.6229,457669.0392,530432.8572,719003.4131,548331.0184,351435.2764,506563.7711,1286831.291,380910.7835,417157.3469,850108.3895,579558.6232,328296.5804,400081.9782
P24788_T584___2,89745.09867,119545.0355,167236.7883,138147.2776,130374.1606,99297.88683,129409.7705,119336.1462,103794.1185,167741.1412,114428.1309,160152.3247,132827.2407,168408.763,103759.8325,116390.7086
P24788_T740___2,87242.56838,117656.2637,151757.7485,147329.1285,122767.6292,125058.0742,131242.5169,100062.4506,146483.5081,129929.949,130102.2941,180208.4532,135857.4871,158957.2629,104775.4259,108414.7076
P26231_T645___2,115000.9767,130221.8855,121455.1205,129525.6524,141193.28,174908.914,131463.2871,116374.8812,132209.0024,221510.1684,104780.9216,116176.191,164648.0017,151717.9997,103556.767,106433.3864
P26231_T658___2,313696.9194,215183.6127,251717.9087,262820.6706,236722.1285,253777.7945,294876.4184,265433.4444,247133.4809,169621.7482,249579.1879,220570.9338,192831.7214,205968.3296,246729.2866,254156.7
P30999_T916___2,72058.0887,124301.3067,105259.5741,98544.97112,165177.5441,99362.78462,160963.8949,140087.2431,110001.3892,83003.82681,190843.4092,85402.48607,149569.975,79378.27393,116081.9736,79698.70562
P35918_T1236___2,703731.3177,608367.873,263072.1933,268373.8821,661136.9358,684657.0253,285782.6511,299110.1746,671919.3971,677541.9302,363664.1318,190427.7548,636564.0161,569176.8992,365007.7828,205250.6445
P42128_T408___2,64552.91024,45301.87065,44434.21335,46958.03464,29932.10844,34370.18492,47894.45961,54769.79186,53581.46528,36337.03987,61317.46091,52671.76629,58327.79539,35757.46143,56383.42656,45943.26794
P47811_T180___2,87966.31337,96599.58448,121345.3341,111352.2272,125823.6553,90548.51102,111581.6523,149589.6657,96145.07419,47826.61235,89336.48781,83436.82007,126619.2726,84870.03731,80483.7814,43364.9845
P49138_T9___2,219145.613,212793.6762,133167.2626,173566.3554,298528.2421,279737.8264,168370.7565,155594.7958,241879.0455,1227803.498,163288.9064,220408.1803,415871.2139,490329.9176,140793.6738,210738.4216
P49586_T342___2,29666.50029,51161.13272,35632.9567,26229.00145,43482.64692,31164.26772,33392.18694,26626.20809,43687.47187,40857.31643,28451.38907,29123.10799,67608.54232,41341.76261,33143.1784,23298.53261
P49698_T432___2,242641.9052,270614.0798,279377.3803,263997.7349,257712.5111,285112.0299,257789.7098,256305.9704,184853.8352,139607.7274,255756.6695,242407.3087,175302.239,174401.5793,247817.0754,238338.8282
P58252_T57___2,28999.6264,32995.74703,34078.28911,36223.24062,49038.66863,49573.93837,41961.37587,37562.82309,40362.94802,24752.26627,24519.5267,24171.57438,47911.59013,31444.2517,29420.03541,17445.52967
P58252_T59___2,28999.6264,32995.74703,34078.28911,36223.24062,49038.66863,49573.93837,41961.37587,37562.82309,40362.94802,24752.26627,24519.5267,24171.57438,47911.59013,31444.2517,29420.03541,17445.52967
P58871_T533___2,302969.4081,501400.8077,367386.5998,421573.4997,323250.7987,360671.8173,463074.3289,301869.6804,334426.284,433595.6761,291797.8928,275830.7422,316751.838,307362.3413,349289.9141,361469.2962
P59017_T345___2,1194911.346,1555071.218,1529536.453,1978144.036,2157338.158,1624344.028,1898996.84,1450358.609,1041974.483,863909.8851,1207457.763,1057081.393,1558109.061,1400419.147,1321644.636,1177762.604
P59114_T150___2,285150.0609,197855.0779,233951.2812,320595.7614,299183.2325,249369.2379,287795.647,246839.7817,300348.407,358495.6715,272947.2249,263459.8505,270667.622,212159.7316,200114.737,250978.4104
P70302_T504___2,178946.6658,228307.6361,135573.5563,102839.9766,210405.7185,203704.5233,152146.9184,143946.8404,177169.8058,178306.3338,98155.25577,96013.08469,244280.8585,185331.7343,118852.2063,113521.7749
P70445_T70___2,412896.0634,215106.1777,173404.3539,225594.5996,320293.5131,357373.6895,317270.9249,189195.6481,319219.3605,354681.6678,765828.9487,678872.3775,478404.5574,188325.6214,353849.1736,371338.5065
P70445_T46___2,246748.5154,262728.666,200662.9909,185247.3988,278836.5721,337757.8946,356656.5299,209804.7434,186857.3171,393093.1341,353967.4405,376847.3963,300855.975,327577.7824,240201.2117,280387.0586
P70459_T3___2,52707.71503,63664.03861,108261.6078,91704.24184,139185.9559,91812.57574,167616.6448,95354.56316,44381.00909,83902.42428,55395.69506,52785.55827,74646.06222,153949.9284,49659.3618,43287.27569
P97864_T2___2,58910.83685,53225.33338,44145.64631,52202.68216,72175.99802,78261.6449,53449.83322,42495.18738,75149.54403,60489.27818,50547.95832,52493.51235,66396.40387,62367.60456,46541.54939,43244.72403
Q01279_T1043___2,462211.8259,458218.2675,518789.6415,451714.4208,503044.2768,546272.1637,487112.7607,523446.5036,412589.2125,707536.444,421076.2608,443426.6744,501654.8636,476132.2099,361962.5571,340333.1902
Q0P678_T105___2,102166.2881,116402.3773,100705.3431,94360.50162,159901.862,153590.5339,106762.216,81453.06734,104871.9843,185800.2543,85457.59112,118228.8336,245334.3622,147603.7691,85055.61937,86661.22254
Q3THE2_T19___2,2161020.914,3441505.983,2545575.738,3373437.237,3130477.588,2435166.349,2971352.63,2960547.753,2534248.238,2585427.109,2069408.855,2090504.306,3199106.625,2185780.09,1879075.022,1503969.542
Q3THK3_T389___2,23015.80364,50468.79219,13542.55056,20553.93169,20817.35312,20295.72606,23677.26345,15098.01071,32046.57899,15486.02575,32653.38434,25884.70552,27063.9812,14715.26396,14159.5251,33849.4397
Q3TXS7_T311___2,123870.4359,157223.1674,131018.8941,129861.4361,182933.3339,197663.6387,203037.5458,193682.7726,162311.8189,191911.5784,140431.6895,140871.0853,218704.5566,206844.7185,147955.4965,180037.5373
Q3UHJ0_T618___2,465152.3398,465528.1102,500282.7521,491647.57,513940.2086,476091.3058,613544.1625,463498.6216,462812.6462,483035.3611,500568.4622,538789.6169,455394.839,537911.4972,554544.5367,496919.7
Q3UIA2_T730___2,221640.2694,236580.9139,225631.9422,263292.3239,253849.7,300742.9946,248502.0764,248998.2046,257676.4238,268751.4945,245367.4231,240723.7456,269651.2377,311927.7313,249107.9864,334083.36
Q3UIA2_T734___2,124997.2907,105668.2438,96039.01202,115537.0133,125599.1878,156882.5538,86767.8641,97704.61876,111952.3124,112337.5641,124827.1296,105484.0878,133996.4366,163814.1467,104554.9973,142030.3007
Q3UIA2_T736___2,740753.7042,768953.1981,697484.7732,839882.6931,820813.3017,964131.6607,768538.4988,709628.1138,842244.176,843560.0503,968584.4807,775863.2576,889701.541,1042537.669,729536.6283,1035278.402
Q3UIA2_T740___2,1026129.712,1102301.3,863177.1287,1043107.864,1005056.755,938688.0626,979742.0428,869998.946,1304952.959,1044364.178,1240167.386,966521.4352,1173816.794,1221549.274,891135.2614,1282353.626
Q3UIA2_T691___2,4090.431253,4479.99769,4447.758475,3875.682554,6222.147334,3747.863808,6356.691825,5732.480748,3853.812469,1909.699066,5311.775889,3630.272121,1734.26917,1818.065916,4297.717106,4368.138478
Q3UMF0_T550___2,288475.5558,243801.093,119533.9731,165336.0249,225219.4561,220694.6746,242528.056,179045.3618,191466.312,181310.8948,136816.9769,127439.8368,230957.6505,173183.9304,155307.8843,206792.5231
Q3UMF0_T304___2,82505.22781,114622.4138,139213.2962,111801.2648,103430.3275,86140.11766,183290.6267,144903.1377,79430.83037,69652.25559,99885.47485,61737.13819,102988.6141,78083.2655,62256.56101,37928.98524
Q3UMF0_T328___2,207396.6452,289430.9684,385422.9372,395937.7897,348517.4478,256626.7719,517635.0096,330829.5736,211022.6775,150289.4274,248568.3335,222761.4034,262362.6658,192909.3499,184876.8606,158033.1558
Q3UQN2_T452___2,79327.33015,80477.41237,92579.53669,130329.1578,133966.3465,118302.2365,102291.1096,94150.07132,107908.6177,91199.20244,83074.86699,88433.5324,87587.77643,84899.42526,62179.97856,51052.34343
Q4ACU6_T1234___2,309096.9538,313827.4182,260139.579,324577.2168,275304.1049,278301.7356,321093.5613,308327.7899,290365.543,300800.7266,316795.3965,261541.4157,350115.4146,323418.4929,262885.3617,274241.9619
Q52KI8_T913___2,20543761.53,16273767.29,23733514.74,21581184.15,18519700.24,13962682.55,22004240.94,17222365.16,18750475.21,13316384.9,20221767.1,19976140.69,18667746.93,18264864.22,21739042.72,28748797.55
Q52KI8_T633___2,44057.94144,42889.60188,44100.25192,26849.54428,38352.85659,39405.69479,36713.13993,31149.77145,37049.59639,40117.3543,26851.65752,35806.89434,46542.9625,49212.7293,30874.9803,46049.6059
Q52KI8_T409___2,4198.743026,1565.924396,2964.955254,1949.774237,2698.206057,2342.521579,4592.951732,2674.449045,1900.738958,2957.142404,2906.364916,2906.476982,2716.968337,2745.164461,3337.387236,4907.336718
Q52KI8_T414___2,4198.743026,1565.924396,2964.955254,1949.774237,2698.206057,2342.521579,4592.951732,2674.449045,1900.738958,2957.142404,2906.364916,2906.476982,2716.968337,2745.164461,3337.387236,4907.336718
Q570Y9_T234___2,84611.02886,94517.35063,68135.83754,73073.59806,126596.4913,91020.03102,75362.35409,56404.89823,94724.75577,111820.3279,64953.17672,64993.68793,133575.6642,92392.65336,66759.90463,52513.30957
Q570Y9_T241___2,87794.90597,94514.44855,71029.76857,76177.25043,130376.4043,99663.80999,78563.2167,58800.58149,110644.5637,109513.7242,67711.93071,67754.16255,167540.7311,93244.54921,69595.39571,54743.70552
Q5EG47_T490___2,91985.93566,100295.215,107636.3938,113646.127,121680.4939,114909.0132,164982.404,176756.5802,106010.4874,87664.76371,129018.0396,111259.9578,89410.58038,103926.6204,168321.0999,170517.7719
Q5SSH7_T1519___2,97530.43442,102043.1178,90130.01328,92435.67962,143531.5665,157310.6139,119743.3745,103892.1769,117184.7776,162399.6043,74041.35192,78687.08821,143635.5394,152130.3738,61221.10449,68805.36304
Q5SX79_T383___2,67077.95424,112644.371,91994.67306,103165.8773,107570.1355,96502.9982,92379.83143,86271.61977,87145.39314,72763.11182,79821.9683,48560.47259,87182.7214,81308.92316,71805.42661,80471.53803
Q5U3K5_T597___2,213915.7705,354955.2684,225205.8134,343544.7522,316543.4078,354550.4643,285366.9153,226022.4806,297205.1565,250695.2732,230653.8412,232870.1025,335161.216,334780.6401,248335.2724,209038.8241
Q5U3K5_T601___2,361743.7745,493374.7569,496145.8775,441689.8864,581494.6994,563694.5398,535425.1308,619637.6617,429022.7198,414879.1987,429796.8375,405441.5108,557036.8555,469760.3376,548748.6986,487568.4309
Q60596_T452___2,384961.0111,430770.2992,419189.1766,439314.4221,343391.5823,332020.96,409222.2745,437356.5038,498033.0607,478389.1755,598325.3069,492439.9046,323821.3852,315696.5942,556004.1678,606008.7076
Q60598_T401___2,2106428.496,2246591.37,2312317.068,2471013.918,2819333.507,2814921.466,2420668.843,1827868.515,2927521.159,4047860.866,2132066.907,2250907.157,3031472.243,2753177.582,2095886.593,1869004.834
Q60876_T45___2,4614964.305,3211556.627,2755622.767,2745392.138,3541366.633,4338640.291,2700299.759,1598123.982,3563132.41,3859770.023,2584733.056,2948513.743,4853709.12,2881220.03,2226072.612,1794673.1
Q60953_T535___2,153551.222,148804.5817,205156.1957,182742.8846,125337.8057,138754.8561,185799.8791,219904.6767,131245.0427,86649.06714,180598.7346,227099.4433,148324.1433,138332.3222,180862.5934,198106.1263
Q61029_T159___2,70975.54525,51301.33063,66336.26872,57804.63096,64826.08579,63412.83752,75607.20629,67102.46275,52926.15382,65570.87058,65287.3937,72980.73656,66808.25574,51770.2922,54170.81143,41107.65759
Q61029_T74___2,191975.6759,186334.814,157511.9296,164789.3265,243026.9363,217501.638,169877.8913,123035.5374,244353.3417,239961.9502,179711.6917,262747.9587,295866.0142,196070.9041,147183.8045,131400.3432
Q61136_T439___2,160125.6823,179616.267,228021.1957,234007.2883,135334.0171,136033.8411,190226.0808,233246.7071,151094.6209,113777.2144,294818.0904,198636.3547,162652.9288,166238.1978,263601.362,276793.9795
Q62433_T328___2,15312.03196,15204.33271,13383.94467,11312.99336,16250.36253,12001.14764,14156.7753,9095.010011,15504.18769,16591.28292,12439.93497,18010.65732,18284.34078,16742.99152,11304.67266,17155.6883
Q63844_T203___2,82105.53096,93073.63091,98000.59445,91523.10168,84721.25469,116286.8825,101047.0394,83516.55923,76418.46911,98028.31765,59163.288,59894.27585,92457.73326,80083.86012,56572.01146,58827.44014
Q63918_T368___2,186885.2003,196569.3258,145228.338,121187.2283,215885.3161,205311.2254,144491.2417,110388.9192,192499.5755,178640.5658,120457.5458,138300.4787,221671.5768,185838.5619,158041.299,112598.3625
Q64012_T304___2,1172275.167,816088.8923,1031435.769,978707.5236,1555945.391,1338787.753,1011065.357,838014.515,1314122.487,1968974.98,900133.8537,709046.5905,1374458.787,1038997.934,789778.783,758855.5389
Q64012_T268___2,240229.2822,164490.0681,229955.115,272396.2787,293088.5233,223904.019,257706.2411,207766.2754,231260.8227,183428.45,330485.7651,235284.4918,152745.9497,144959.7785,192178.956,180211.701
Q64012_T274___2,70708.70912,55303.12268,66484.85459,86497.82655,94313.48592,76563.93336,96781.8566,93597.73552,72002.47278,74623.61567,83562.23669,66077.21493,64174.4379,51003.9319,59430.71232,71156.992
Q64213_T67___2,280645.745,298676.0727,210277.5689,194145.0707,297307.1981,324612.5315,201443.3381,222978.8249,250233.1309,302198.6793,191942.7734,196753.6275,303472.6269,302710.447,217584.9016,232806.747
Q68FF6_T401___2,228427.9146,217231.3133,97602.93746,78752.42281,313161.2678,206714.0483,54226.81901,79623.13223,183346.8159,255621.8168,89972.02859,81983.77601,189274.3125,232460.2373,75874.29942,85754.17978
Q69ZX8_T276___2,34765.12462,23486.41928,27241.90636,27857.44417,26748.52425,27150.58703,30037.59038,27829.42115,31314.80665,21040.62245,27968.9976,28938.45137,24602.67593,26712.59533,38305.37079,37493.80064
Q6A0A2_T735___2,19345.18222,19290.5433,17764.72194,17960.81882,16234.37368,20997.19195,17971.29392,20926.41131,22243.39029,19794.9796,17240.35248,19213.36806,13708.69656,17357.1666,13112.34836,21704.40281
Q6IQX8_T699___2,98027.78269,73142.70765,76065.08511,86026.9361,85155.7458,89366.96263,43971.93183,120828.1515,54663.70211,95749.19737,37691.55495,63905.29906,80116.42782,65906.42837,64993.2389,45102.0267
Q6NZJ6_T212___2,684954.5782,885473.9615,780470.6529,831467.5794,882974.7855,764347.2793,895740.8075,611475.2949,760387.8925,1073497.86,693976.2713,767493.0097,932500.5113,797426.5948,595840.2046,717357.5968
Q6NZJ6_T214___2,688499.3524,888898.4791,786116.2539,837482.071,887886.7966,770669.4762,902220.2249,615898.4536,763136.7872,1081315.924,698996.2078,773044.7357,936344.7971,802273.953,600150.2655,722546.6641
Q6P4S6_T527___2,163924.1406,123840.5854,227574.9262,260443.0584,140716.4906,167799.5515,259370.4992,246377.6634,140884.9272,191607.9986,221824.7398,204034.6233,151421.5566,180538.1475,176816.4343,181090.3043
Q6PAR5_T762___2,743110.09,975600.2051,880286.9059,924248.0621,1082227.199,1138534.887,919535.1628,838143.214,960228.7519,971999.5536,950682.6185,608758.5944,954582.4064,942995.7958,552603.5169,450648.7075
Q6URW6_T1998___2,304019.2263,302188.1668,246932.3223,240427.6273,347999.7457,354561.2144,247741.3705,216904.7339,232615.8475,272674.7121,219366.1079,233767.9554,281533.9795,243453.8389,231685.315,203660.7353
Q6WVG3_T198___2,125051.9841,76552.60007,107896.396,160021.5397,114467.6016,144540.8123,148083.2936,131927.3137,110979.1863,75821.66994,143417.1692,157068.6678,92850.46958,110515.4844,137794.7306,124785.5209
Q6ZPZ3_T1266___2,134503.6564,156464.2086,136981.0628,128669.8283,176407.4092,180926.9544,308660.6332,23320.34294,168312.0305,159467.2879,119760.1342,119873.4703,182931.0677,171351.248,132352.0855,108985.0863
Q6ZQ93_T3401___2,157436.3954,167714.0819,176716.7761,152618.9014,149738.3613,164644.8574,184729.4543,122104.6621,176111.6679,155457.1521,168784.5532,180953.2703,163339.2975,142555.1034,168054.2164,142904.7315
Q7TQG1_T1140___2,216276.7176,295079.9052,274680.1595,277542.6469,305196.0519,315533.544,254499.1237,211536.4385,233211.9062,443458.6826,247465.8424,280977.8046,355548.2196,287917.1297,232836.6962,205778.9977
Q7TSI3_T666___2,47947.52085,38692.93315,33264.69598,34641.06829,46053.36018,42450.25844,38515.24705,32114.21065,44261.1633,26439.00962,33754.16652,35000.50205,45821.73008,42193.13848,30612.08437,32119.99409
Q80VP1_T469___2,301823.0537,302498.3991,404713.423,487872.2718,405462.0739,436309.0164,402360.844,340260.9031,258541.1942,436098.1006,213939.2533,292036.8733,374926.2638,348703.6142,157054.2508,189622.1511
Q80VP1_T459___2,63330.60471,61302.28434,80412.06175,77854.4182,86863.72208,83015.80583,73564.77214,72747.579,58015.33427,116875.2065,70254.40985,77423.52631,72255.22529,80792.19613,56781.41362,54067.65491
Q80XI3_T259___2,371637.5545,412513.0604,385825.6879,407867.506,403829.8931,398070.8737,437486.3195,401396.8345,305431.1262,272411.8619,344381.5098,297851.3382,327477.211,307887.7733,264493.4916,188711.944
Q8BGB2_T693___2,99704.10444,117615.4671,91289.08468,96292.57816,125144.7076,116023.6076,110428.6382,96623.50788,119951.4049,151768.9056,73638.78637,67659.81079,135603.9091,106953.0517,67343.76494,71494.10938
Q8BGB2_T695___2,49094.19688,77717.49661,61496.01147,52026.75319,65051.85623,54224.57063,63325.26643,47185.03272,65014.9785,80707.94486,43461.62387,26813.36968,73019.66922,51841.18763,37858.83786,24375.48644
Q8BGD9_T420___2,46550.34611,20615.88715,17257.88561,17890.44245,39379.3015,49457.56159,28030.2466,27067.31963,59110.79071,44346.06989,67433.19018,56206.19537,63754.84457,52883.11013,29083.30054,39157.70567
Q8BK03_T206___2,322987.9279,281895.9309,473282.7331,271934.4395,362869.0723,400108.8187,397903.9664,388217.3364,313186.202,319952.9123,434125.0788,503760.6007,360166.5405,353577.4286,392480.5721,348146.1577
Q8BK03_T208___2,70235.6099,62860.78405,86456.94858,69220.49812,70160.59169,71399.30213,71139.08789,68864.31587,81700.28239,141679.5138,68572.13153,91878.31189,99367.43841,102690.8287,60362.30713,55110.31055
Q8BK03_T218___2,98303.74512,89738.97651,105575.3781,83076.68942,117069.7151,120403.8525,172843.9317,93582.29836,134613.3461,145000.4707,91118.96776,122713.7852,150162.4308,116009.5897,80872.26174,76857.06103
Q8BKX6_T3570___2,156840.0344,151542.2118,157468.3487,161294.5223,169455.3131,202267.8093,169861.7491,176623.1193,146551.3678,108240.9347,126138.53,158638.9964,158563.4251,151389.8911,126413.1535,143487.0014
Q8BP27_T70___2,956892.2631,801172.5549,727922.0689,762790.4454,817526.7326,910583.5812,770155.7374,795733.0697,801130.8631,1030604.105,867964.2491,794948.3125,869428.1882,824571.9797,646095.2858,683422.0612
Q8BTI8_T823___2,398241.5702,329659.338,331956.3061,323488.1726,354886.8354,374162.4737,359397.2041,309616.1367,358834.2274,283873.4106,351439.7151,330931.3823,347213.238,310623.7646,302878.4859,334916.0049
Q8BTI8_T831___2,126175.1319,106679.0301,106176.2646,109446.1204,111038.2981,123858.5769,112925.2858,107089.6478,117684.4439,89293.92704,105670.5927,103890.7356,111826.213,99709.74692,93520.05009,112715.9397
Q8BTI8_T841___2,113733.8858,112696.176,97081.87224,110354.4675,104294.235,131090.9897,101450.0765,84759.85184,108550.2741,115079.4672,111552.495,106503.5893,121287.5567,109361.983,95935.13942,101200.8008
Q8BTI8_T973___2,1544071.583,1272729.243,1299715.003,1315715.023,1477073.938,1453947.458,1519907.058,1162494.709,1457354.163,1116899.788,1542533.31,1390718.634,1458214.676,1157772.964,1329169.405,1306751.802
Q8BTI8_T877___2,23739.69874,18296.84425,15577.6912,15112.06535,21975.87262,24232.38455,17853.12444,11864.69271,19567.62209,25476.51106,14249.71679,12841.00058,24601.4818,30110.47098,12181.46122,13638.27649
Q8BWS5_T326___2,98639.84528,123922.0394,107521.4794,119008.3286,149033.1518,137163.1836,128824.4501,97964.72431,112838.5908,259013.7835,92061.49076,101916.0132,165101.8903,152036.5153,107324.5611,86437.21044
Q8BX17_T1416___2,90529.16919,75137.1386,85964.45564,92582.64848,81309.61681,74001.71055,113081.615,73034.07881,78488.77184,68390.94804,137171.9411,87338.85147,65689.13726,64691.03536,91489.37588,102464.0963
Q8C0D4_T229___2,844549.472,1103039.669,1112264.061,954689.0378,838225.5555,637254.0295,780509.713,1026948.583,811557.1595,662138.7536,1199781.831,920063.708,648992.2521,879977.4716,736824.9134,1735251.912
Q8C5W3_T37___2,20299.93207,20752.10228,31789.20484,24084.44472,26041.21098,21903.38298,30906.55827,30582.33795,29441.7655,14132.9719,37192.06506,32407.10672,27729.91323,17819.70396,25715.37177,29341.06259
Q8CCF0_T455___2,183839.1825,280948.7337,265484.6829,273486.9248,273199.4389,271186.8466,274593.0816,280718.2632,232101.0465,290058.8404,242298.3009,236969.6725,272184.5878,239647.052,209974.1924,189039.6775
Q8CGZ0_T828___2,90178.78904,60654.9421,63149.50241,70357.55531,59047.84321,70179.72119,79170.08854,69738.71974,66477.76938,74110.88303,66414.53754,75300.06202,66912.03812,51374.12558,57556.97733,70259.85973
Q8CHP6_T607___2,311623.539,286154.6868,222412.2481,230260.9908,239966.7349,257631.0301,245577.3407,232675.1932,219624.1263,198730.8165,240685.38,246170.1796,193769.8296,265466.3737,245631.1043,207977.8632
Q8CHP6_T612___2,311623.539,286154.6868,222412.2481,230260.9908,239966.7349,257631.0301,245577.3407,232675.1932,219624.1263,198730.8165,240685.38,246170.1796,193769.8296,265466.3737,245631.1043,207977.8632
Q8JZQ9_T74___2,2322059.429,2513414.565,2396854.46,2092784.763,2195377.064,2391191.387,2482645.859,2472006.45,2351741.655,2904087.649,2213368.008,2118608.286,2113861.988,2658091.573,1846533.477,1880391.272
Q8K019_T400___2,8858.18055,9237.496968,6941.508596,9352.37358,8564.402303,8057.691545,9115.667791,6880.559826,7049.588243,10237.15728,8048.291367,10275.75535,6786.177263,9213.55499,6938.897646,9209.788296
Q8K0L9_T695___2,22128.80387,26063.25182,23606.5805,22631.0304,23003.6547,29715.46258,29326.94594,27618.05429,19995.80322,26392.46043,23710.61008,27698.70067,28457.82128,22812.47985,21551.88224,25025.06303
Q8K2K6_T177___2,220103.7248,218883.8469,1583958.861,1815327.025,311744.1494,219394.6218,1460424.709,213316.46,220174.8868,253734.0502,218575.6262,295731.925,254747.6557,206623.7147,172802.6873,107233.2068
Q8K2L8_T123___2,316736.6388,349525.1708,295996.5882,506588.1251,368397.4633,282433.0957,280537.7501,328166.5502,339804.8623,281562.2573,321626.7038,404191.7526,463702.8826,332479.3449,313413.5887,373198.7985
Q8K2L8_T130___2,534762.5672,390538.9926,374332.2886,636088.428,588094.8072,824630.3877,363198.6202,453923.4927,427435.5074,656769.1066,362274.6656,516050.2248,532436.2749,560574.9947,392515.4996,573100.0936
Q8K3A9_T188___2,260201.8997,684828.5891,576587.059,494068.2292,493574.5902,454199.8508,508132.1816,615903.1711,293649.9834,770661.5494,425521.0098,431673.4979,497613.9126,514622.9031,283541.3954,417802.8493
Q8K4G5_T473___2,57904.58148,68998.69407,48508.8048,42225.18378,64017.71638,65729.74013,50667.4058,48153.5343,50635.72986,28098.97798,43385.48595,42488.44961,45186.3104,44323.33852,57389.0618,47364.07041
Q8R1Q8_T513___2,27103.40051,23792.51333,30166.17027,30771.52784,38892.07847,42894.51518,38524.87649,32351.05097,24379.31702,20537.52256,30952.40566,28368.36326,21318.48746,24587.09136,22870.80406,22448.54454
Q8VDQ8_T27___2,924256.5931,894020.129,824867.8661,899078.8651,1146984.596,1278949.011,896393.5763,895241.1536,990288.3373,1470138.683,819048.963,916900.0459,1196287.506,1118868.464,730431.3761,919221.7325
Q8VHR5_T121___2,528907.9133,573583.1865,453923.3373,515165.5219,587110.376,579432.3989,492767.0071,476855.7011,561092.0716,803966.0769,414972.8919,421828.6514,676642.2275,567047.4544,495337.256,556165.0829
Q8VI36_T132___2,100424.7668,114256.1851,62528.76602,89951.64525,109531.3909,82321.95903,85247.49954,73171.28765,110089.3033,98261.46629,71858.29306,77281.28042,110368.4477,106342.1578,58677.13607,61657.33176
Q91VS8_T876___2,8162.717997,8092.215097,9873.450636,8911.24292,9941.655241,9704.295619,9507.731465,7412.823874,6656.929027,6535.396802,7260.779268,6551.28407,8883.152281,7654.836971,6342.352837,6314.84184
Q91XU0_T87___2,2679.51507,1140.462225,1758.176655,2510.862551,2453.873482,2804.56956,2595.200489,3483.532638,1663.486974,1844.653135,3298.431663,2300.387057,3114.061781,2863.336971,1874.378948,1566.677852
Q91ZV0_T1126___2,42935.7804,78197.63624,40958.10751,37864.80892,43056.18443,22691.24115,46736.85555,39295.6148,33165.00811,26561.75144,36429.70306,31197.31458,35010.11129,16079.76402,35333.80052,36408.00614
Q922B9_T85___2,47960.15372,52799.66789,52171.36032,68669.38238,40093.39453,42181.07368,76347.51243,54963.22787,51901.61984,34286.67932,56220.26604,48058.42446,54399.47384,45062.94338,38283.37411,34988.93453
Q922K7_T169___2,62389.42932,61062.6157,51610.93681,53862.84982,79448.70955,77172.50179,51636.13112,43544.06559,74327.62744,102713.318,60188.14583,52534.58417,79392.33807,61246.74047,56152.01195,51993.79108
Q924Z6_T204___2,439255.5224,431268.6698,225492.4237,435054.7251,436265.2858,588521.3893,390189.0734,387909.3063,316671.366,490916.8011,255137.1307,229164.4696,465166.4401,425988.4785,214069.6154,301026.2882
Q99JZ7_T126___2,3879330.083,5486965.685,5012843.319,5027415.361,7937849.947,6499220.815,6643696.211,4195565.396,2837937.441,2863991.682,3461884.136,2814247.055,4014901.85,2878229.005,1775012.033,896506.3062
Q99JZ7_T130___2,3980603.876,5632713.652,5184259.017,5121960.014,8192943.684,6683842.934,6756101.724,4279666.939,2921750.13,2950198.739,3512516.469,2905167.296,4137707.639,2965114.624,1833581.737,973901.5393
Q99KK1_T200___2,74029.93944,97499.66466,102864.4861,122046.1818,132572.2136,128450.979,108668.8911,82355.61618,131599.0539,114630.0578,94213.63852,93466.84477,148547.8744,101592.912,104891.2526,76782.94267
Q99L43_T30___2,200893.7015,262303.5862,312118.3568,331529.3662,256010.4845,341381.0962,359113.2018,291424.3437,274841.6746,258259.7572,331796.914,311004.8244,340520.0656,330411.3802,308492.3884,379919.9857
Q99L88_T213___2,390540.7014,413965.6375,338797.597,371065.8673,410653.4243,444086.2003,323843.2608,270555.7641,383316.778,436510.3774,308484.4031,338036.4804,370302.0831,463927.2903,232995.2187,220482.186
Q99LD4_T459___2,39604.91577,38888.88744,70261.03252,51701.66672,40251.45539,49004.43423,68949.15982,95407.91681,36055.69258,23016.0936,47977.15452,49544.62621,28951.43537,36855.21984,40392.77711,28192.94042
Q99MS7_T278___2,18097.87419,22764.75941,29003.21183,17550.02833,25135.60935,30351.63717,15901.92473,14886.00972,21374.70484,25618.30973,20930.77187,18688.27338,22547.44913,23369.6425,19653.13692,25936.15711
Q99NB9_T142___2,385228.8076,916209.9197,607962.6017,591069.2611,638254.8765,452250.51,775519.9077,523208.7068,551299.7172,676245.9821,512707.6256,456577.0452,866682.8575,472810.3018,465220.5392,301240.3351
Q9CQV4_T440___2,207604.8379,246096.7715,223712.4751,240063.3736,201293.6733,246322.6636,241123.9576,201939.5497,198974.1725,338227.244,218687.4269,199312.1866,206067.9675,202382.8605,175564.1094,251406.3364
Q9CQV4_T307___2,138361.5186,124875.0694,131645.3453,123680.1427,111287.1314,138081.0555,132626.456,135301.7381,133252.4212,165187.048,140668.2854,136754.0273,102582.1195,114693.1937,112798.8448,156232.4685
Q9CWK8_T101___2,90245.16379,106472.6867,57362.36386,76440.99995,119080.6167,110665.8988,74674.98702,70937.13257,92071.59995,136793.6857,58320.26042,83929.77162,118665.636,104338.0354,55610.93349,72053.38589
Q9CZJ2_T42___2,63752.3917,79647.09351,77612.02616,72083.13679,71953.75622,62625.53953,70236.37733,66860.67776,77292.29147,58247.18585,77442.46684,54744.63945,61407.22204,52032.38414,97286.64719,74793.29346
Q9D0F9_T115___2,185308.9851,239525.9198,161723.1794,176475.8326,161189.7603,159630.2321,161208.973,139872.5952,175791.6981,213304.8465,104434.5447,119873.1289,228515.622,184310.0421,138105.4612,152729.4174
Q9D824_T481___2,224909.2325,272527.3745,293941.5289,218200.3891,204925.6252,229303.612,242795.8099,216554.6775,195264.4504,183346.7483,249317.4777,250551.3889,196541.6584,188135.4018,194186.2404,177021.1243
Q9DBJ3_T257___2,186997.4054,126439.1186,203526.6252,255121.192,228990.0618,199505.6509,263032.4883,161723.2144,154766.8081,198148.3946,184246.2256,123970.3289,171852.8334,141991.0455,99743.05773,62141.93546
Q9EP97_T170___2,16255.42698,15868.39819,11070.14783,9467.521713,16958.74151,15268.25782,14783.92904,13113.48699,17819.29723,23614.728,11320.00563,18538.29556,15464.70838,11296.44345,12502.06373,8655.401179
Q9EQ32_T154___2,146527.2436,178963.3263,141103.0625,157508.447,220623.7223,179818.6085,182777.2679,142275.0479,175624.7129,223212.9294,140108.9887,142464.8012,234641.747,204968.5143,152155.921,140425.7953
Q9ESN6_T371___2,98551.20546,98553.56883,95349.2416,118891.2057,116688.4978,139913.3115,113857.3476,106565.6831,121340.1304,187148.5261,103876.3461,111207.3877,121067.6076,120322.4943,102453.8932,103222.5192
Q9ESX5_T485___2,42974.25915,51135.83882,41055.32182,42206.06559,44269.09594,58542.96927,53494.57164,34691.31616,52452.17736,45564.27076,41393.70517,42683.37022,46513.68195,55504.34492,54485.35955,40885.61502
Q9JIX8_T417___2,208773.1605,303222.4387,283620.2016,322348.2919,354592.4462,358232.1349,353599.099,266860.4141,339510.4276,555704.0525,294399.1857,281924.295,394611.1696,402802.44,267322.3328,305210.9794
Q9QYC0_T610___2,284409.4465,390429.0203,369260.1192,432922.7453,417550.3454,345604.9441,507824.5577,343665.3441,350804.6873,412926.5683,357791.832,413445.8202,400247.5523,337699.9505,359298.0523,385518.5009
Q9QYC0_T614___2,284409.4465,390429.0203,369260.1192,432922.7453,417550.3454,345604.9441,507824.5577,343665.3441,350804.6873,412926.5683,357791.832,413445.8202,400247.5523,337699.9505,359298.0523,385518.5009
Q9QYG0_T330___2,973884.0469,1057049.008,1241872.859,909008.5492,1164642.079,780325.1082,1080249.461,1088651.979,914559.507,588506.2893,1336182.215,827936.0751,924038.5163,587593.9226,762259.7581,521086.556
Q9QYG0_T334___2,327742.0331,330885.8705,407235.775,260793.1776,403087.6231,312465.6791,328105.1242,323433.1309,315963.532,221417.2362,468120.5369,265843.8016,353351.7174,240359.6623,250788.4645,161000.3337
Q9QZQ8_T174___2,414703.744,513816.457,477687.6861,470054.2348,517754.4031,612810.9484,464746.8916,438083.0765,484071.9059,712823.7218,536534.0802,436751.3447,590605.2465,423020.7718,410462.1719,432890.9677
Q9QZQ8_T178___2,778576.7833,584555.7754,685694.0788,641541.748,858197.7315,858720.3478,683050.9163,595885.2086,759528.7448,884898.0856,652651.2577,611194.427,911943.3981,698142.5456,561278.4967,568764.5828
Q9Z1D1_T41___2,833938.3353,948106.6423,671107.5617,875114.1062,1053717.964,1069173.058,913238.955,571330.5811,1099056.414,1938579.54,628680.5204,755611.6702,1369279.265,1094098.098,569807.9075,963668.8688
Q9Z1R2_T985___2,25216.14871,21682.63187,25404.33495,22969.55168,27021.49661,28548.72943,23283.45416,22222.10887,31896.43743,19467.81554,26708.75265,25643.91632,23413.3706,21513.01479,21425.1595,26052.3554
Q9Z2B9_T687___2,120811.586,118129.4366,131483.4004,170952.651,117568.4892,122616.0519,99067.3731,87965.70418,137943.7566,113076.6398,115502.9849,110309.6688,138169.3098,141347.5375,136709.8032,169982.2835
P47811_Y182___2,87966.31337,96599.58448,121345.3341,111352.2272,125823.6553,90548.51102,111581.6523,149589.6657,96145.07419,47826.61235,89336.48781,83436.82007,126619.2726,84870.03731,80483.7814,43364.9845
P97452_Y108___2,293436.3722,233914.1593,142588.919,149883.9704,256001.9564,255636.4753,141952.7246,137845.7249,223196.9305,308307.2839,153797.2613,187361.9718,327984.5657,309860.697,149057.5838,123170.895
Q60876_Y33___2,3265000.418,2176352.56,1878799.16,1838132.216,2424885.137,2992354.486,1698169.717,1071379.447,2493681.553,2606591.419,1810476.316,2047836.348,3410297.97,1953889.171,1500668.194,1201212.35
Q61136_Y141___2,286697.4736,331334.3274,358053.8869,373431.1634,342110.9633,358183.8365,326585.7681,324760.6928,317882.8638,370744.2307,356958.4702,341253.6035,371514.6429,398460.4521,334031.3403,381705.5606
Q63844_Y205___2,153792.098,191063.0793,197394.5015,184347.4229,173113.5456,216222.4253,203530.7039,168220.5059,139897.1039,183153.8114,119167.7235,120640.0919,172809.6069,140804.8433,113948.3292,118491.2529
Q6WVG3_Y163___2,52403.01651,52809.53272,41319.50224,49424.19809,51468.72016,62188.46828,48481.907,43220.2148,67941.46627,71440.81482,44615.43546,35930.96134,78459.14784,65426.74432,49861.27263,44356.62079
Q9CZV8_Y412___2,260964.405,181229.853,318839.3436,379002.5754,308730.0594,365189.8226,264143.6428,267502.1937,216740.5906,257480.1787,307580.2337,364481.2522,224235.352,243422.7857,362202.3607,348013.6284
Q9R0U0_Y136___2,105589.135,87472.72503,149992.8875,110537.8417,78740.70797,91193.46845,101992.7185,86406.69864,87955.65276,62200.47917,142111.3907,154222.1435,92684.08353,81415.04946,95305.59249,85098.70891
A2ALK8_S367___3,176451.8372,195773.6542,106199.1142,154814.226,211992.1592,161274.5214,138852.6638,121117.8593,212844.4084,781579.2724,132972.3915,145475.7734,193299.6368,194091.6549,95051.00996,125566.4038
A2ALK8_S372___3,176451.8372,195773.6542,106199.1142,154814.226,211992.1592,161274.5214,138852.6638,121117.8593,212844.4084,781579.2724,132972.3915,145475.7734,193299.6368,194091.6549,95051.00996,125566.4038
A6X919_S28___3,43772.45771,39290.39675,57158.30257,36068.43671,43944.94722,44746.69017,54865.54289,58533.27599,41136.68667,39847.79986,55143.28876,50803.08809,38069.9018,32478.04611,33738.52302,35674.56425
E9QAT4_S1242___3,40285.09696,54260.03027,39542.71579,26541.42433,49048.33606,39360.41453,35187.74006,28961.69387,40544.89342,30294.63909,22299.06372,18298.51515,56143.18473,27740.43362,28818.80791,23350.86033
E9QAT4_S1245___3,78973.46837,110219.5632,79408.98067,49649.78814,100424.7524,76699.42864,69126.50925,62411.28614,78778.77318,53086.34663,48499.10323,40265.01423,113664.9716,57058.97415,75723.50606,36822.78166
E9QAT4_S1238___3,72200.2151,100766.4515,72415.75527,44515.69311,91811.70429,70121.21109,62717.22089,57800.25126,72022.21817,48533.33308,45002.16554,37451.42033,103916.3604,52165.24349,72774.82149,31478.39188
E9QAT4_S1239___3,78973.46837,110219.5632,79408.98067,49649.78814,100424.7524,76699.42864,69126.50925,62411.28614,78778.77318,53086.34663,48499.10323,40265.01423,113664.9716,57058.97415,75723.50606,36822.78166
F8VPU2_S892___3,139851.7637,135480.5085,179939.8898,199922.5399,141235.8417,107552.3548,188208.8782,181494.5092,115694.8871,59134.78012,164826.4879,121644.3069,93922.40622,73292.49861,109415.9541,86157.53077
F8VPU2_S897___3,184634.1945,172834.0037,231685.7805,249226.0597,172777.7821,132863.6875,233591.1549,225159.1601,150850.7988,83656.58114,212663.8471,155097.872,119325.3181,93396.07547,143865.8607,119532.8908
F8VPU2_S899___3,184634.1945,172834.0037,231685.7805,249226.0597,172777.7821,132863.6875,233591.1549,225159.1601,150850.7988,83656.58114,212663.8471,155097.872,119325.3181,93396.07547,143865.8607,119532.8908
O54774_S755___3,17598.5721,15824.07999,17306.53751,16562.42479,15968.59043,15916.52011,16333.27143,16007.08599,17955.78994,14249.28062,18451.19323,18187.42927,16035.91465,17006.33789,17031.26889,15961.54855
O54774_S760___3,17598.5721,15824.07999,17306.53751,16562.42479,15968.59043,15916.52011,16333.27143,16007.08599,17955.78994,14249.28062,18451.19323,18187.42927,16035.91465,17006.33789,17031.26889,15961.54855
P10637_S688___3,144404.6587,168457.4384,181403.7297,206793.601,178327.2952,187043.524,206804.6674,141894.4356,172979.1422,205569.1572,159013.8095,161799.9932,224861.0978,150904.4175,160315.6156,135816.6469
P10637_S692___3,144404.6587,168457.4384,181403.7297,206793.601,178327.2952,187043.524,206804.6674,141894.4356,172979.1422,205569.1572,159013.8095,161799.9932,224861.0978,150904.4175,160315.6156,135816.6469
P19973_S168___3,731387.3223,771911.7905,567880.589,674438.5534,914167.2846,1107774.868,754703.3109,308134.855,1021773.014,2007234.449,620510.777,636635.2501,1267736.989,949732.5034,493067.6236,595871.558
P19973_S179___3,562065.5328,655937.4962,470052.2186,558253.5211,739346.9632,738686.8562,624691.1279,255052.6907,675546.7569,1565233.884,513615.8429,526962.5649,996475.1748,663666.5126,408127.2276,493221.204
P26231_S652___3,96614.82045,100754.1646,126705.3641,115734.8488,99253.44166,94570.23586,134245.4411,124813.5533,104052.3299,68649.14641,116255.3454,95131.3594,97281.26552,75760.62916,105117.8053,94575.58446
P26231_S655___3,96614.82045,100754.1646,126705.3641,115734.8488,99253.44166,94570.23586,134245.4411,124813.5533,104052.3299,68649.14641,116255.3454,95131.3594,97281.26552,75760.62916,105117.8053,94575.58446
P29699_S309___3,2479657.812,2702772.285,1667835.874,1886140.036,2565404.129,2127508.068,1955068.194,1889348.268,2448458.444,1561451.865,1940836.333,1616141.545,1944190.531,2068699.677,1672712.204,1837933.706
P29699_S312___3,2479657.812,2702772.285,1667835.874,1886140.036,2565404.129,2127508.068,1955068.194,1889348.268,2448458.444,1561451.865,1940836.333,1616141.545,1944190.531,2068699.677,1672712.204,1837933.706
P29699_S314___3,2432431.522,2653704.222,1621536.254,1833780.228,2498122.521,2061096.156,1900794.919,1836899.398,2400845.102,1526714.874,1886958.138,1571276.975,1902287.045,2017023.578,1626277.216,1786912.119
P30999_S346___3,767890.6655,867578.0116,872391.3068,919328.7053,1092709.891,924849.977,1091904.906,662742.638,853797.0702,773786.5644,943399.678,778826.3014,990996.167,794029.1918,677690.9977,501808.0054
P30999_S349___3,767890.6655,867578.0116,872391.3068,919328.7053,1092709.891,924849.977,1091904.906,662742.638,853797.0702,773786.5644,943399.678,778826.3014,990996.167,794029.1918,677690.9977,501808.0054
P30999_S352___3,767890.6655,867578.0116,872391.3068,919328.7053,1092709.891,924849.977,1091904.906,662742.638,853797.0702,773786.5644,943399.678,778826.3014,990996.167,794029.1918,677690.9977,501808.0054
P42128_S431___3,302058.3515,383724.2148,413990.6028,419624.9232,389298.3482,383906.0233,458114.1484,445576.7019,332532.4647,296954.9486,301664.2892,240630.3811,363722.2773,364330.6643,290331.9947,206404.1773
P42128_S402___3,47498.83138,65331.7366,91241.65695,83865.93403,54862.57612,71089.71667,105806.8276,106422.3662,55996.32976,55027.93101,77893.12075,74751.61016,74561.06196,66525.37241,81697.13209,73029.39009
P42128_S406___3,47498.83138,65331.7366,91241.65695,83865.93403,54862.57612,71089.71667,105806.8276,106422.3662,55996.32976,55027.93101,77893.12075,74751.61016,74561.06196,66525.37241,81697.13209,73029.39009
P42128_S414___3,47498.83138,65331.7366,91241.65695,83865.93403,54862.57612,71089.71667,105806.8276,106422.3662,55996.32976,55027.93101,77893.12075,74751.61016,74561.06196,66525.37241,81697.13209,73029.39009
P42128_S225___3,294490.3882,217113.9385,189928.4782,237178.3721,196437.3576,239241.6993,272481.7939,232694.3094,250686.2769,351481.4143,327599.9262,281015.8236,353062.8524,263744.1869,212310.4756,222847.8806
P42128_S229___3,239101.3662,177983.208,176659.6405,185380.4925,167187.9835,201873.6683,198437.5447,190907.7968,204304.9127,284645.1715,222363.5192,247435.3966,288878.1567,222326.6169,173929.1295,182404.5764
P42128_S243___3,333701.2825,248401.8628,221797.5269,269867.9447,233335.5321,281744.5298,307106.5713,266592.4986,285137.6906,397264.3915,365964.6565,325349.3308,403172.1478,310289.6414,243185.8047,255231.2461
P42128_S427___3,302058.3515,383724.2148,413990.6028,419624.9232,389298.3482,383906.0233,458114.1484,445576.7019,332532.4647,296954.9486,301664.2892,240630.3811,363722.2773,364330.6643,290331.9947,206404.1773
P49138_S3___3,26822.02981,32343.6341,30235.94834,32384.73929,33442.78092,37102.81696,27888.4143,31407.55991,32593.89528,87716.21056,29635.68284,33036.60795,49078.74221,42985.17148,24490.68736,28252.37897
P49138_S5___3,26822.02981,32343.6341,30235.94834,32384.73929,33442.78092,37102.81696,27888.4143,31407.55991,32593.89528,87716.21056,29635.68284,33036.60795,49078.74221,42985.17148,24490.68736,28252.37897
P49138_S16___3,26822.02981,32343.6341,30235.94834,32384.73929,33442.78092,37102.81696,27888.4143,31407.55991,32593.89528,87716.21056,29635.68284,33036.60795,49078.74221,42985.17148,24490.68736,28252.37897
P49698_S436___3,44976.16159,42720.08958,44932.54015,41758.98162,41239.35265,51850.86617,34721.00341,41792.18151,37231.88755,28787.07137,55333.93188,49781.2095,35391.32668,42560.126,46268.91112,45493.07733
P51859_S202___3,156998.7456,155399.8559,106645.1094,144213.0747,180658.6778,199882.3798,148642.585,124679.5641,179412.121,188345.9043,108058.1866,146103.4489,185065.6741,179724.9869,98462.90667,116615.0503
P51859_S206___3,156998.7456,155399.8559,106645.1094,144213.0747,180658.6778,199882.3798,148642.585,124679.5641,179412.121,188345.9043,108058.1866,146103.4489,185065.6741,179724.9869,98462.90667,116615.0503
P62754_S236___3,72356.3452,34022.5547,17394.90397,15217.88547,52852.52557,43816.23514,21304.74429,35349.17758,40588.1967,42343.68046,59395.64373,56557.16258,43610.75841,36454.24191,65870.32575,77771.20565
Q0P678_S114___3,267025.3263,328852.274,305974.7658,275348.9241,446015.1206,378761.0273,302695.5344,217330.4263,279261.5075,381368.2578,250459.9129,253089.5692,567647.1238,351239.9799,211738.7731,196944.6778
Q0P678_S92___3,254560.3871,313501.2072,295781.1528,266857.8963,425194.8057,361080.1831,290501.0435,207351.0612,266225.3743,363565.7062,243068.362,243966.9897,541148.9372,334843.8385,203960.5307,190545.7161
Q0P678_S106___3,182363.7989,241568.3382,221098.8566,198968.4741,328000.1583,277563.0737,218729.268,157044.0249,190471.0603,267016.0357,180983.5534,182883.7558,410027.1174,253865.3756,153003.4691,142313.1837
Q0VBL3_S670___3,43017.31169,46458.69034,45133.17606,42816.0714,64714.25951,65072.37236,57965.85173,63281.258,43790.54881,95621.00708,52329.71054,44169.87993,114512.7044,76910.3876,37819.65029,53866.68389
Q0VBL3_S674___3,43017.31169,46458.69034,45133.17606,42816.0714,64714.25951,65072.37236,57965.85173,63281.258,43790.54881,95621.00708,52329.71054,44169.87993,114512.7044,76910.3876,37819.65029,53866.68389
Q148V7_S186___3,88628.16116,69651.59552,81293.27633,90255.54864,84781.73694,76512.65017,77492.1606,89834.00096,84130.37197,62503.80001,84404.61582,69856.801,92554.41597,71515.30964,71147.41,51833.33511
Q148V7_S193___3,88628.16116,69651.59552,81293.27633,90255.54864,84781.73694,76512.65017,77492.1606,89834.00096,84130.37197,62503.80001,84404.61582,69856.801,92554.41597,71515.30964,71147.41,51833.33511
Q148V8_S5___3,394825.5474,396763.5254,250581.4872,241284.1968,394899.1043,479311.1233,294662.956,218561.946,408028.9907,537646.5498,248940.0689,281794.7771,542291.1913,453850.645,215314.6182,245903.2944
Q148V8_S7___3,424213.9555,426296.1847,275769.4925,274976.4197,424292.9875,514988.1229,318705.8996,248468.2568,438400.1826,577665.6831,283301.25,313466.1703,582656.0433,487632.5216,237613.5274,272554.5372
Q148V8_S8___3,424213.9555,426296.1847,275769.4925,274976.4197,424292.9875,514988.1229,318705.8996,248468.2568,438400.1826,577665.6831,283301.25,313466.1703,582656.0433,487632.5216,237613.5274,272554.5372
Q148V8_S9___3,424213.9555,426296.1847,275769.4925,274976.4197,424292.9875,514988.1229,318705.8996,248468.2568,438400.1826,577665.6831,283301.25,313466.1703,582656.0433,487632.5216,237613.5274,272554.5372
Q3B7Z2_S377___3,409855.5534,533134.2205,518529.453,543709.5813,530523.6402,390194.67,588120.6568,400768.1958,444426.5811,369032.1526,471089.2123,440090.7136,529675.5274,403834.3862,452908.6808,371064.2418
Q3B7Z2_S380___3,235428.6437,318885.1614,330343.461,330219.8759,323544.2015,246148.1331,329101.9789,235577.9829,255067.7636,257380.7378,309962.6758,279700.6261,306487.4441,228474.495,282071.479,237623.5585
Q3B7Z2_S383___3,315838.6315,410838.358,345274.8812,389644.1652,408826.6197,300687.7656,469392.3306,300559.0727,342479.3979,284379.7261,296917.2139,294210.3461,408173.0558,311198.6621,312632.3671,245025.5363
Q3B7Z2_S384___3,315838.6315,410838.358,345274.8812,389644.1652,408826.6197,300687.7656,469392.3306,300559.0727,342479.3979,284379.7261,296917.2139,294210.3461,408173.0558,311198.6621,312632.3671,245025.5363
Q3TKT4_S1536___3,22474.41306,22563.48322,32610.61147,25870.05015,28064.35067,29394.76221,39047.19868,39046.70556,19731.93553,23771.10226,40075.53791,35237.23849,25688.49961,26718.07065,41289.57857,32791.73505
Q3TKT4_S1541___3,22474.41306,22563.48322,32610.61147,25870.05015,28064.35067,29394.76221,39047.19868,39046.70556,19731.93553,23771.10226,40075.53791,35237.23849,25688.49961,26718.07065,41289.57857,32791.73505
Q3TKT4_S1552___3,22474.41306,22563.48322,32610.61147,25870.05015,28064.35067,29394.76221,39047.19868,39046.70556,19731.93553,23771.10226,40075.53791,35237.23849,25688.49961,26718.07065,41289.57857,32791.73505
Q3TLH4_S1219___3,150832.1977,128401.2468,98315.90509,105365.5108,116260.4167,121306.6802,115174.8073,113620.1215,131645.6937,122643.8195,124023.4909,136543.8882,103048.0512,108461.3318,124472.4677,127427.4444
Q3TLH4_S1221___3,150832.1977,128401.2468,98315.90509,105365.5108,116260.4167,121306.6802,115174.8073,113620.1215,131645.6937,122643.8195,124023.4909,136543.8882,103048.0512,108461.3318,124472.4677,127427.4444
Q3TLH4_S1222___3,106827.3862,90940.59354,67179.09404,66961.94946,82341.81176,85915.84403,73026.48771,74970.99452,93238.48338,86862.8772,82359.4056,91011.48156,72984.11165,76818.08496,80956.25375,90094.9213
Q52KI8_S810___3,5632296.368,5364969.732,5471531.733,6375625.1,5828505.299,5447246.566,5772791.871,4199811.112,6082467.862,4909682.701,5030870.78,5630307.565,7044228.724,7042643.657,5075758.082,7831999.23
Q5SSI6_S201___3,14585.19189,22395.67562,14992.41068,17917.35117,17035.62813,25465.49398,32457.78125,14116.94536,25121.02285,41625.34343,13219.28426,10196.26564,52399.23371,23784.0766,12996.86116,13677.00351
Q5SSI6_S202___3,14585.19189,22395.67562,14992.41068,17917.35117,17035.62813,25465.49398,32457.78125,14116.94536,25121.02285,41625.34343,13219.28426,10196.26564,52399.23371,23784.0766,12996.86116,13677.00351
Q5SSI6_S206___3,14585.19189,22395.67562,14992.41068,17917.35117,17035.62813,25465.49398,32457.78125,14116.94536,25121.02285,41625.34343,13219.28426,10196.26564,52399.23371,23784.0766,12996.86116,13677.00351
Q60598_S407___3,633960.0012,662188.4608,714998.9897,872457.3927,1066831.44,1146993.903,725322.7416,480648.6727,634760.8305,811626.2674,543376.8426,566608.0018,664091.2899,680610.8313,369628.069,445033.833
Q61029_S66___3,216675.9679,237271.2495,213444.6391,194526.9055,255287.5554,247821.1326,245133.0651,128913.191,310370.5752,308381.6252,199217.3057,276093.9705,323897.6364,234410.5141,218268.2493,185776.9845
Q61029_S67___3,216675.9679,237271.2495,213444.6391,194526.9055,255287.5554,247821.1326,245133.0651,128913.191,310370.5752,308381.6252,199217.3057,276093.9705,323897.6364,234410.5141,218268.2493,185776.9845
Q62261_S2168___3,367695.2947,444845.4374,504580.6048,403783.8672,349637.2385,296519.6887,472839.6083,481391.5123,430420.4178,354592.7642,547763.2185,452572.8157,416269.5667,399400.028,385877.211,353957.6851
Q62261_S2160___3,396996.5058,474994.2251,522401.4463,423074.2156,384646.8537,354970.7666,490758.5057,500090.1198,468828.8727,420716.0467,567754.0252,471397.9414,466660.6925,451369.2491,402009.545,374300.1557
Q64012_S270___3,233993.8425,148696.1192,198728.5776,196849.452,249339.7495,196660.2656,249497.1224,203673.1078,225805.7442,198292.5778,240731.5226,183676.3128,163268.0881,161373.0141,206533.371,210941.1568
Q6ZPZ3_S1104___3,530800.0928,426099.8756,356041.7865,378007.1046,426797.3189,493961.678,845855.6882,60733.74729,526207.4391,361040.0737,485700.1079,492626.8068,434838.4874,360687.682,460730.8062,415981.0513
Q6ZPZ3_S1109___3,434754.4947,348557.8183,292170.3484,310195.2402,353741.7814,406490.2004,694115.0183,49838.53238,427616.2044,298353.395,398568.8622,404252.9592,351573.7274,293285.8791,378078.8809,341356.923
Q6ZPZ3_S1111___3,530800.0928,426099.8756,356041.7865,378007.1046,426797.3189,493961.678,845855.6882,60733.74729,526207.4391,361040.0737,485700.1079,492626.8068,434838.4874,360687.682,460730.8062,415981.0513
Q6ZQ58_S494___3,40163.42888,53124.11404,51333.24525,41916.78309,42498.78008,31044.20247,53907.56859,45369.2637,26132.95722,27513.53298,40214.61386,41452.36801,31404.8083,35500.23041,40637.46274,36421.29203
Q6ZQ58_S498___3,40163.42888,53124.11404,51333.24525,41916.78309,42498.78008,31044.20247,53907.56859,45369.2637,26132.95722,27513.53298,40214.61386,41452.36801,31404.8083,35500.23041,40637.46274,36421.29203
Q80U49_S534___3,163499.9876,247439.0182,236783.9037,208872.8938,211805.52,298766.1478,188275.2745,184739.1921,177361.916,127144.3968,192152.734,228308.226,169979.925,168153.8305,188906.921,187535.4511
Q80U49_S539___3,163499.9876,247439.0182,236783.9037,208872.8938,211805.52,298766.1478,188275.2745,184739.1921,177361.916,127144.3968,192152.734,228308.226,169979.925,168153.8305,188906.921,187535.4511
Q80X80_S613___3,140690.9519,132613.521,166631.0493,130953.1815,118317.4571,136397.7377,130378.3263,120982.3162,122888.1446,113096.2485,126269.1224,122083.1374,109591.2616,116237.5743,169010.1447,151818.4732
Q80Y81_S191___3,18205.27311,24376.32603,13682.76355,10904.30604,23950.04052,24874.56919,14326.92273,21515.38731,20791.80539,27447.31578,15136.22283,14015.43961,28554.20223,28504.07818,17326.898,15032.3202
Q80Y81_S195___3,18205.27311,24376.32603,13682.76355,10904.30604,23950.04052,24874.56919,14326.92273,21515.38731,20791.80539,27447.31578,15136.22283,14015.43961,28554.20223,28504.07818,17326.898,15032.3202
Q80Y81_S200___3,10626.94742,13963.67908,9548.368342,7609.451859,17116.68859,17092.44536,9997.887848,15014.27999,12305.7153,16737.0484,10562.64916,9780.522726,19729.99708,19906.3078,12091.3881,10490.14183
Q8BK03_S224___3,131744.9819,154700.4791,233435.7361,139167.7891,205365.114,198846.5205,178076.567,182907.1654,183872.8804,147568.5649,153999.6567,204637.4067,192883.1346,150223.0668,148879.984,129045.0599
Q8BTI8_S1338___3,212560.7802,221572.7261,181343.0304,204719.7878,238972.6368,256264.1409,228330.9415,197461.5935,235245.0878,258118.3452,221252.5093,226387.633,324012.5042,273584.5713,186350.4808,209036.1196
Q8BTI8_S1339___3,115984.1579,120901.5418,114419.4146,127478.1273,130395.8332,139830.9723,124478.4504,105798.819,128361.8896,140842.7221,138106.9396,150342.9934,176797.9841,149281.8952,95591.07819,111565.1155
Q8BTI8_S1340___3,203436.6045,195908.6268,172848.3317,195130.0455,225090.0716,255444.6103,217635.1758,188211.8487,221688.8816,227670.0022,210888.3204,215782.8982,292561.0551,260606.371,177621.2167,199244.1863
Q8BTI8_S1343___3,198653.0403,224737.1063,174964.7684,197519.3101,227295.9206,231302.085,220300.0038,190516.4036,238401.7424,252381.9177,213470.5368,218425.0461,315881.9609,262317.5143,179796.0949,201683.8263
Q8BTI8_S829___3,258604.753,292143.8226,307048.0812,270234.2775,286870.8219,313744.0414,325284.2683,293548.5642,311033.1015,266982.5954,331611.6162,282873.9649,290818.1583,270643.3567,264369.275,261041.832
Q8BUV3_S188___3,70780.10633,60774.46018,67940.58546,46945.01743,75697.34743,87206.37944,59677.8243,64256.0977,89363.94619,81791.44192,51571.72479,65190.67077,81271.17848,64052.01156,50782.40018,48391.35441
Q8BUV3_S194___3,70780.10633,60774.46018,67940.58546,46945.01743,75697.34743,87206.37944,59677.8243,64256.0977,89363.94619,81791.44192,51571.72479,65190.67077,81271.17848,64052.01156,50782.40018,48391.35441
Q8CGZ0_S824___3,351893.8739,290439.0413,276801.2565,306220.7267,329281.2917,320497.1549,314728.0561,232859.4781,316439.3213,336102.4658,264825.0467,275841.9245,309901.8193,234202.5281,211533.2433,279375.6264
Q8CGZ0_S826___3,351893.8739,290439.0413,276801.2565,306220.7267,329281.2917,320497.1549,314728.0561,232859.4781,316439.3213,336102.4658,264825.0467,275841.9245,309901.8193,234202.5281,211533.2433,279375.6264
Q8CHY6_S96___3,985778.98,1352791.767,1127465.811,913277.1019,943616.6373,1142746.722,965445.8771,1099928.43,1085798.829,1186234.833,930094.7501,936637.4485,1396819.792,1241635.494,971022.3908,831865.3632
Q8CHY6_S103___3,945242.977,1297163.911,1104159.682,882961.3653,904814.3829,1095756.082,935784.5953,1083365.126,1041149.931,1137455.929,909260.4712,922468.0308,1339381.469,1190578.471,947116.4517,806994.1127
Q8JZQ9_S28___3,64375.10236,55918.66747,60128.16024,55214.38753,67426.20777,64135.33016,60782.39133,59496.26134,73925.61097,84757.7543,59520.2288,60122.01972,78920.51554,66247.50945,55619.31841,53501.36304
Q8JZQ9_S37___3,64375.10236,55918.66747,60128.16024,55214.38753,67426.20777,64135.33016,60782.39133,59496.26134,73925.61097,84757.7543,59520.2288,60122.01972,78920.51554,66247.50945,55619.31841,53501.36304
Q8JZQ9_S40___3,64375.10236,55918.66747,60128.16024,55214.38753,67426.20777,64135.33016,60782.39133,59496.26134,73925.61097,84757.7543,59520.2288,60122.01972,78920.51554,66247.50945,55619.31841,53501.36304
Q8K2K6_S181___3,104982.27,144394.0803,1391507.921,1101849.082,169047.8439,99498.9402,994444.83,168034.5158,140491.8101,168256.3588,166487.8407,178981.6319,140377.371,110817.6412,120946.6182,72544.96088
Q8K2K6_S167___3,104982.27,144394.0803,1391507.921,1101849.082,169047.8439,99498.9402,994444.83,168034.5158,140491.8101,168256.3588,166487.8407,178981.6319,140377.371,110817.6412,120946.6182,72544.96088
Q8K2Q9_S467___3,119082.6551,119657.9709,107230.8286,115805.915,110621.7314,95908.56471,145930.7633,141445.0668,107322.0513,80097.10667,105944.2196,77207.28319,91333.49646,81008.87855,90835.1432,72227.06841
Q8K2Q9_S464___3,144626.0092,155629.8171,176666.6331,177527.2375,136551.734,127121.9532,168809.0074,187238.4165,142063.8856,105055.363,196496.3278,146653.9468,121975.8838,105036.165,138655.1506,116235.7659
Q8K2Q9_S461___3,164387.21,146478.6143,176035.3108,179613.4252,148719.5578,113100.8355,182884.4524,195956.927,126906.8065,96464.52248,191297.0409,142141.1383,106038.4972,99769.53267,140413.9309,116385.166
Q8VCB3_S647___3,36194.81044,16314.93149,37117.43336,43222.66238,27048.87606,25721.97652,39866.7219,32221.96854,37360.97977,26343.66094,49054.48438,55475.99622,43415.41195,47536.96563,62085.65221,61863.89051
Q8VCB3_S652___3,36194.81044,16314.93149,37117.43336,43222.66238,27048.87606,25721.97652,39866.7219,32221.96854,37360.97977,26343.66094,49054.48438,55475.99622,43415.41195,47536.96563,62085.65221,61863.89051
Q8VCB3_S657___3,20644.17764,9305.431905,19440.93139,22912.8602,15427.67584,14670.86155,25323.07005,18319.46571,21309.31738,15025.44729,28580.63974,31562.80594,24762.54098,27113.32235,32984.46655,33284.98711
Q8VHR5_S123___3,309375.3286,347506.2123,345437.3611,348189.0418,384147.7912,411735.8571,366089.8917,316495.7972,319565.8513,555360.9238,282725.991,319083.8374,376476.3852,380932.4081,349748.5737,426571.5147
Q8VHR5_S136___3,164077.8681,181531.2774,173274.096,203947.9812,214259.6079,226242.7383,195546.9667,178459.285,160719.7818,295404.4245,162270.9457,185270.5837,201388.9818,196620.8695,192511.7127,275018.7191
Q922J3_S199___3,86339.74158,93473.79822,100452.4322,116473.3131,107748.0135,91705.44313,113026.2894,91421.12265,93898.42489,137861.7306,109239.7065,103715.7137,73600.57558,126526.2567,80892.56309,78763.25708
Q922J3_S203___3,86339.74158,93473.79822,100452.4322,116473.3131,107748.0135,91705.44313,113026.2894,91421.12265,93898.42489,137861.7306,109239.7065,103715.7137,73600.57558,126526.2567,80892.56309,78763.25708
Q924Z4_S341___3,741573.5888,651363.751,667836.6753,624367.9614,707680.683,697169.148,598463.4715,625893.2065,871558.9935,615751.7742,703607.1992,727665.9833,788753.0218,570404.6067,760117.6299,680547.2096
Q924Z4_S348___3,714212.3413,638321.6507,643051.9531,601196.448,693096.3809,672268.6252,576253.3243,602665.0883,842148.2052,582725.2229,677494.963,700660.8787,763047.4758,548703.6152,731908.1814,655290.7747
Q924Z4_S349___3,714212.3413,638321.6507,643051.9531,601196.448,693096.3809,672268.6252,576253.3243,602665.0883,842148.2052,582725.2229,677494.963,700660.8787,763047.4758,548703.6152,731908.1814,655290.7747
Q99KG5_S451___3,112629.4555,112788.8599,115870.7534,125835.2085,96501.64282,94959.64177,102436.932,120019.3109,150793.778,105115.4279,151306.7907,148105.3448,155018.938,118720.3153,158292.668,100366.009
Q99KG5_S454___3,112629.4555,112788.8599,115870.7534,125835.2085,96501.64282,94959.64177,102436.932,120019.3109,150793.778,105115.4279,151306.7907,148105.3448,155018.938,118720.3153,158292.668,100366.009
Q9CQV4_S256___3,506008.1466,602648.4334,481312.7822,492434.9436,487628.972,587984.0628,475602.6533,467831.7923,477544.9153,713665.8138,496157.9129,462201.9247,500152.9776,528425.3593,400249.3057,460470.8718
Q9CQV4_S258___3,506008.1466,602648.4334,481312.7822,492434.9436,487628.972,587984.0628,475602.6533,467831.7923,477544.9153,713665.8138,496157.9129,462201.9247,500152.9776,528425.3593,400249.3057,460470.8718
Q9CQV4_S260___3,506008.1466,602648.4334,481312.7822,492434.9436,487628.972,587984.0628,475602.6533,467831.7923,477544.9153,713665.8138,496157.9129,462201.9247,500152.9776,528425.3593,400249.3057,460470.8718
Q9CQV4_S313___3,512585.2536,545592.2034,470151.8927,483138.8821,448690.7726,552024.93,516410.4809,531013.6001,454353.2657,545359.6133,506967.6641,416512.4216,484820.5378,459815.6097,363174.5576,461220.6846
Q9CQV4_S320___3,512585.2536,545592.2034,470151.8927,483138.8821,448690.7726,552024.93,516410.4809,531013.6001,454353.2657,545359.6133,506967.6641,416512.4216,484820.5378,459815.6097,363174.5576,461220.6846
Q9CR86_S31___3,322539.5961,292772.0785,353703.9303,457449.7393,415455.8759,391421.7502,547370.9436,466506.7637,261269.0929,126476.2513,366016.8408,219943.4644,250071.8652,227875.2937,232252.6716,203068.0451
Q9CR86_S33___3,322539.5961,292772.0785,353703.9303,457449.7393,415455.8759,391421.7502,547370.9436,466506.7637,261269.0929,126476.2513,366016.8408,219943.4644,250071.8652,227875.2937,232252.6716,203068.0451
Q9CR86_S42___3,322539.5961,292772.0785,353703.9303,457449.7393,415455.8759,391421.7502,547370.9436,466506.7637,261269.0929,126476.2513,366016.8408,219943.4644,250071.8652,227875.2937,232252.6716,203068.0451
Q9D1F4_S203___3,54043.90662,66626.2835,51408.28706,61373.92315,48734.92017,47218.00529,59712.61655,62748.14491,43046.90472,39363.82362,81274.20726,51135.35664,51969.8702,36638.71348,71802.40786,62687.72594
Q9D1F4_S212___3,23947.56888,29522.98627,27084.65586,30036.59883,21595.08686,20922.92184,25823.92536,23977.57631,19074.65208,17442.63019,43154.40112,27735.1954,23028.53595,16235.0979,34493.37951,33839.23621
Q9D1F4_S213___3,60825.29639,74986.50069,61181.08394,71650.64889,54850.14221,53142.88596,69164.46583,71520.15152,48448.39876,44303.16734,93983.65343,58992.88488,58491.0114,41236.11238,81820.52725,70773.1992
Q9D6Z1_S536___3,236150.1893,214077.68,244276.8931,232176.5805,222624.5044,219814.3729,264236.4422,251744.2759,249623.6261,210256.2304,306279.078,290861.5302,255488.2908,238228.1158,260371.849,285675.2041
Q9D6Z1_S543___3,236150.1893,214077.68,244276.8931,232176.5805,222624.5044,219814.3729,264236.4422,251744.2759,249623.6261,210256.2304,306279.078,290861.5302,255488.2908,238228.1158,260371.849,285675.2041
Q9D824_S479___3,115599.7992,126863.6805,108350.7889,98613.67103,115427.3104,123471.7143,104026.3205,83408.12896,104468.3033,108596.2328,111600.8523,112292.5295,111029.9206,116559.9024,82974.22825,75403.83817
Q9D824_S487___3,149061.2037,163585.5171,160522.7911,142266.3133,148838.7865,159211.7157,144597.0862,118391.2565,134707.596,140030.3919,155919.1016,170386.108,143168.5326,150299.2175,127703.3911,124034.7664
Q9DBG7_S295___3,115557.9482,121273.8508,124332.812,118551.0563,124632.3447,102139.9242,118386.4556,105202.1479,110278.6557,125280.8213,124447.6514,117346.3913,84802.26844,87681.91888,116686.4586,107763.3028
Q9DBG7_S296___3,115557.9482,121273.8508,124332.812,118551.0563,124632.3447,102139.9242,118386.4556,105202.1479,110278.6557,125280.8213,124447.6514,117346.3913,84802.26844,87681.91888,116686.4586,107763.3028
Q9DBG7_S297___3,115557.9482,121273.8508,124332.812,118551.0563,124632.3447,102139.9242,118386.4556,105202.1479,110278.6557,125280.8213,124447.6514,117346.3913,84802.26844,87681.91888,116686.4586,107763.3028
Q9ET54_S398___3,13474.25588,18745.7095,18575.33567,15210.43805,12683.03785,13410.03953,24934.75353,24415.19657,12351.51169,14253.73023,15409.31768,9650.33396,23342.46283,13673.07455,10620.43373,6390.186855
Q9ET54_S401___3,13474.25588,18745.7095,18575.33567,15210.43805,12683.03785,13410.03953,24934.75353,24415.19657,12351.51169,14253.73023,15409.31768,9650.33396,23342.46283,13673.07455,10620.43373,6390.186855
Q9ET54_S396___3,13474.25588,18745.7095,18575.33567,15210.43805,12683.03785,13410.03953,24934.75353,24415.19657,12351.51169,14253.73023,15409.31768,9650.33396,23342.46283,13673.07455,10620.43373,6390.186855
Q9JIL4_S511___3,3812.426183,1732.745881,4463.227995,2116.810681,2999.472015,3381.592381,2594.779461,3704.57109,3675.953002,3534.983667,3960.118149,3169.66755,2698.52327,2036.066687,2412.126349,3886.929643
Q9QY06_S1978___3,40470.07682,55317.72834,35209.08326,40231.16038,43211.72379,60736.99388,38374.63238,37107.00598,53235.36962,62399.87839,36653.97408,34859.71433,65127.48045,64987.27127,33591.25799,37802.36635
Q9QY06_S1985___3,40470.07682,55317.72834,35209.08326,40231.16038,43211.72379,60736.99388,38374.63238,37107.00598,53235.36962,62399.87839,36653.97408,34859.71433,65127.48045,64987.27127,33591.25799,37802.36635
Q9QY06_S1988___3,40470.07682,55317.72834,35209.08326,40231.16038,43211.72379,60736.99388,38374.63238,37107.00598,53235.36962,62399.87839,36653.97408,34859.71433,65127.48045,64987.27127,33591.25799,37802.36635
Q9QYG0_S328___3,170945.3335,197674.5954,188388.2404,146848.5219,194915.6342,170894.7481,184290.3854,194952.6379,152762.5078,135043.3267,211001.0287,119190.9394,186455.0635,126335.6941,129736.8548,94378.87533
Q9QYG0_S332___3,183643.7742,209660.7149,183667.4911,146151.7598,209428.8321,177037.3682,180859.5066,192447.0594,159578.1155,141932.6994,230686.2391,132316.235,195355.1188,133511.6227,141188.4447,111687.2266
Q9QYG0_S338___3,67746.95021,73162.02686,71150.55324,55165.67601,77647.69345,54778.33491,71550.55674,69082.5419,66136.04936,46984.57242,82368.7489,48256.37461,78751.91284,44315.69715,48618.34213,29024.3075
Q9QYG0_S342___3,16628.90083,20466.29343,19145.55068,19208.20768,24239.559,15404.21628,23174.63023,18305.21618,13277.5742,8992.524117,36168.30224,21752.30472,21106.62145,14212.57523,14087.17874,13170.84249
A2ALK8_T376___3,176451.8372,195773.6542,106199.1142,154814.226,211992.1592,161274.5214,138852.6638,121117.8593,212844.4084,781579.2724,132972.3915,145475.7734,193299.6368,194091.6549,95051.00996,125566.4038
O54774_T758___3,17598.5721,15824.07999,17306.53751,16562.42479,15968.59043,15916.52011,16333.27143,16007.08599,17955.78994,14249.28062,18451.19323,18187.42927,16035.91465,17006.33789,17031.26889,15961.54855
P19973_T166___3,679301.4579,672964.7912,503875.0529,598422.9227,823219.5905,1107917.106,669641.0796,273405.1302,1025977.761,1848397.576,550573.3189,564880.4107,1161901.553,928534.5556,437494.2193,528711.1738
P26231_T658___3,96614.82045,100754.1646,126705.3641,115734.8488,99253.44166,94570.23586,134245.4411,124813.5533,104052.3299,68649.14641,116255.3454,95131.3594,97281.26552,75760.62916,105117.8053,94575.58446
P29699_T317___3,166315.6125,174543.1405,126310.1698,130520.8219,184136.8301,172947.6553,122593.8827,136470.3494,164251.6585,116612.1422,154566.2496,127643.8353,139437.62,153255.582,131751.3318,117998.931
P42128_T422___3,302058.3515,383724.2148,413990.6028,419624.9232,389298.3482,383906.0233,458114.1484,445576.7019,332532.4647,296954.9486,301664.2892,240630.3811,363722.2773,364330.6643,290331.9947,206404.1773
P49138_T9___3,26822.02981,32343.6341,30235.94834,32384.73929,33442.78092,37102.81696,27888.4143,31407.55991,32593.89528,87716.21056,29635.68284,33036.60795,49078.74221,42985.17148,24490.68736,28252.37897
P49698_T429___3,44976.16159,42720.08958,44932.54015,41758.98162,41239.35265,51850.86617,34721.00341,41792.18151,37231.88755,28787.07137,55333.93188,49781.2095,35391.32668,42560.126,46268.91112,45493.07733
P49698_T432___3,44976.16159,42720.08958,44932.54015,41758.98162,41239.35265,51850.86617,34721.00341,41792.18151,37231.88755,28787.07137,55333.93188,49781.2095,35391.32668,42560.126,46268.91112,45493.07733
P51859_T200___3,156998.7456,155399.8559,106645.1094,144213.0747,180658.6778,199882.3798,148642.585,124679.5641,179412.121,188345.9043,108058.1866,146103.4489,185065.6741,179724.9869,98462.90667,116615.0503
Q0P678_T105___3,267025.3263,328852.274,305974.7658,275348.9241,446015.1206,378761.0273,302695.5344,217330.4263,279261.5075,381368.2578,250459.9129,253089.5692,567647.1238,351239.9799,211738.7731,196944.6778
Q0VBL3_T668___3,43017.31169,46458.69034,45133.17606,42816.0714,64714.25951,65072.37236,57965.85173,63281.258,43790.54881,95621.00708,52329.71054,44169.87993,114512.7044,76910.3876,37819.65029,53866.68389
Q3UIA2_T730___3,1803726.632,1828831.978,1772669.29,1917125.472,1986828.529,2322264.54,1919603.421,1588678.966,1868127.79,1591058.49,2039694.155,1740124.891,1989042.762,2028820.421,1768325.858,1849642.953
Q3UIA2_T734___3,1761643.2,1728979.383,1719619.334,1948892.117,1917202.337,2250442.448,1977051.146,1590512.709,1825686.248,1569567.704,1964300.102,1671868.246,1922480.513,1990227.066,1782564.571,1806882.869
Q3UIA2_T736___3,1761643.2,1728979.383,1719619.334,1948892.117,1917202.337,2250442.448,1977051.146,1590512.709,1825686.248,1569567.704,1964300.102,1671868.246,1922480.513,1990227.066,1782564.571,1806882.869
Q3UIA2_T740___3,1059348.225,1083829.957,1039657.02,1042450.547,1195924.262,1343923.451,1044119.836,887378.4897,1198141.822,1047057.342,1220877.738,998964.4905,1192691.341,1313997.104,952724.4936,1062927.008
Q60598_T401___3,800221.4324,835853.047,852246.4068,1002903.836,1346617.108,1447802.862,932587.8558,629697.0554,801232.2861,1024482.196,712713.2123,703336.4179,838254.9092,859106.8416,532670.5603,540788.1608
Q61029_T74___3,216675.9679,237271.2495,213444.6391,194526.9055,255287.5554,247821.1326,245133.0651,128913.191,310370.5752,308381.6252,199217.3057,276093.9705,323897.6364,234410.5141,218268.2493,185776.9845
Q64012_T268___3,233993.8425,148696.1192,198728.5776,196849.452,249339.7495,196660.2656,249497.1224,203673.1078,225805.7442,198292.5778,240731.5226,183676.3128,163268.0881,161373.0141,206533.371,210941.1568
Q64012_T274___3,233993.8425,148696.1192,198728.5776,196849.452,249339.7495,196660.2656,249497.1224,203673.1078,225805.7442,198292.5778,240731.5226,183676.3128,163268.0881,161373.0141,206533.371,210941.1568
Q6ZQ58_T503___3,40163.42888,53124.11404,51333.24525,41916.78309,42498.78008,31044.20247,53907.56859,45369.2637,26132.95722,27513.53298,40214.61386,41452.36801,31404.8083,35500.23041,40637.46274,36421.29203
Q80Y81_T194___3,18205.27311,24376.32603,13682.76355,10904.30604,23950.04052,24874.56919,14326.92273,21515.38731,20791.80539,27447.31578,15136.22283,14015.43961,28554.20223,28504.07818,17326.898,15032.3202
Q8BK03_T206___3,225325.3303,231138.1335,385523.516,219849.6647,301000.5043,288249.2672,290974.0715,307665.5385,262087.5652,204781.04,254171.7365,333876.7528,267307.9583,238746.5942,243004.1078,209721.9866
Q8BK03_T218___3,57684.63024,67399.4833,100608.3649,71151.01206,85810.99701,83811.05271,80229.30431,72561.76526,74162.46029,59459.62668,66551.85659,92762.79959,84318.7392,66247.34203,67371.50046,59401.53349
Q8BTI8_T823___3,142340.4257,158713.1221,184496.6814,149705.82,155693.0399,171021.3546,197996.7539,158845.8255,166735.1773,140483.8491,180873.0629,161474.6714,155797.9605,145169.1507,137202.4179,152913.9987
Q8BTI8_T831___3,217938.6313,187161.2507,222635.5235,199061.2085,184223.3696,195683.1954,236308.3447,217891.0593,199321.1217,162413.7303,244995.3871,207655.7521,182356.8015,165571.1208,197332.0595,189967.6238
Q8BTI8_T841___3,275163.7492,306847.4933,309919.5202,272761.4426,285507.4508,307804.153,328326.2475,296293.759,306507.9446,280153.7582,334712.7674,285519.3334,301399.3789,275081.5467,266841.5921,263483.0317
Q8CGZ0_T828___3,351893.8739,290439.0413,276801.2565,306220.7267,329281.2917,320497.1549,314728.0561,232859.4781,316439.3213,336102.4658,264825.0467,275841.9245,309901.8193,234202.5281,211533.2433,279375.6264
Q8K2K6_T177___3,104982.27,144394.0803,1391507.921,1101849.082,169047.8439,99498.9402,994444.83,168034.5158,140491.8101,168256.3588,166487.8407,178981.6319,140377.371,110817.6412,120946.6182,72544.96088
Q8VHR5_T121___3,309375.3286,347506.2123,345437.3611,348189.0418,384147.7912,411735.8571,366089.8917,316495.7972,319565.8513,555360.9238,282725.991,319083.8374,376476.3852,380932.4081,349748.5737,426571.5147
Q924Z4_T346___3,706558.7472,619628.7172,602901.4804,563659.323,665929.9445,650898.0656,540273.5823,565036.2652,821210.4652,565937.2381,635193.9594,656913.4563,719774.1059,516223.6398,686209.7596,614376.1422
Q9CQV4_T307___3,124070.083,128346.8531,113769.6728,122145.3489,102839.2241,164224.4333,119909.8935,118087.9348,118546.7957,135683.7612,123013.6892,124841.6804,105038.7829,124389.1357,104685.0402,152588.0924
Q9CQV4_T310___3,512585.2536,545592.2034,470151.8927,483138.8821,448690.7726,552024.93,516410.4809,531013.6001,454353.2657,545359.6133,506967.6641,416512.4216,484820.5378,459815.6097,363174.5576,461220.6846
Q9D824_T481___3,149061.2037,163585.5171,160522.7911,142266.3133,148838.7865,159211.7157,144597.0862,118391.2565,134707.596,140030.3919,155919.1016,170386.108,143168.5326,150299.2175,127703.3911,124034.7664
Q9QYG0_T330___3,195707.7724,223548.3323,199768.5952,155345.8942,224679.2531,190902.1584,192916.9829,210019.0414,172330.807,152844.6422,247224.2596,144813.2121,210636.0341,143493.0494,149706.4214,115883.8858
Q9QYG0_T334___3,53641.45916,59801.16252,58066.20452,58256.23583,60872.31095,40174.6616,70285.92915,55517.56876,54871.01764,32077.19268,109694.2089,65972.18309,67334.19676,33530.74615,42724.75706,39945.61695
P70261_Y781___3,203660.6563,224077.6738,178754.4235,188695.7024,240136.2597,251959.6604,203410.935,171945.092,252927.8724,184201.8071,162773.2908,196052.0335,255175.3422,250172.281,158246.0583,151304.8948
P70261_Y783___3,203660.6563,224077.6738,178754.4235,188695.7024,240136.2597,251959.6604,203410.935,171945.092,252927.8724,184201.8071,162773.2908,196052.0335,255175.3422,250172.281,158246.0583,151304.8948
P70261_Y790___3,203660.6563,224077.6738,178754.4235,188695.7024,240136.2597,251959.6604,203410.935,171945.092,252927.8724,184201.8071,162773.2908,196052.0335,255175.3422,250172.281,158246.0583,151304.8948
O35226-2_S259___1,1090144.832,1378373.967,1116167.137,1264568.374,1602133.873,1774898.574,1189615.434,1125457.844,1630818.769,2810328.691,1061809.239,1318866.266,2161574.133,1993612.938,1221657.06,1274889.899
O70133-2_S132___1,103281.2824,68214.13282,182920.1004,193922.3737,96362.53421,121719.4798,160966.0686,129678.4414,157530.089,92287.65417,185098.9275,231956.2799,130687.5561,137056.0867,156457.0528,156418.091
O70133-2_S137___1,141304.8957,149495.5657,122330.6737,138526.9582,125624.8902,118168.8241,148469.5863,110602.9136,142345.5706,125260.3695,127173.8397,131145.5923,157304.2258,109718.3475,120547.2523,134430.8764
O70589-3_S571___1,138456.2436,178273.2468,189622.1861,195541.8973,189409.0707,204172.5322,168177.0536,202838.4023,177739.2814,206175.8124,209804.0782,196940.6108,229893.1433,227010.4739,147769.8794,160978.02
P16546-2_S1055___1,53038.41626,64356.12654,63384.83612,63310.01007,60605.63083,64505.0285,64928.78107,58507.69185,60506.4281,80586.40897,58963.94037,51411.46551,85779.94302,57343.403,49310.663,50531.57802
Q80U72-4_S1299___1,77340.07819,83562.04691,75546.40085,84114.35231,83138.09359,86203.54335,82780.75096,83910.47781,75511.17044,68971.87549,76094.83466,71707.64703,76207.46876,75766.68639,81722.48956,74637.97925
Q8CC35-2_S892___1,41148.9709,41475.44731,30491.82317,58613.78881,30571.91641,33811.27385,23675.03018,41109.60868,32172.2318,43504.67559,49558.61952,46914.89372,42648.21941,33997.42604,44493.97253,46463.6834
Q8CC35-2_S838___1,91116.53322,71315.9381,98770.98436,173275.9682,66064.89401,70491.49271,54342.14198,97182.71117,73898.45101,63176.86311,143951.439,111438.0519,79626.14646,59158.20829,136544.5781,158205.4983
Q9D394-2_S53___1,1596988.855,2116717.388,1610191.199,2738630.011,1957811.936,1854471.819,1475927.121,1582275.804,1945992.249,3747168.614,1623170.943,1538414.038,2246330.812,2108968.373,1152396.214,1741016.119
O35226-2_T250___1,339388.9782,398614.0465,469955.4218,444359.567,557836.889,615238.9714,447872.7777,440915.2193,486232.2671,717250.6417,294641.3581,300303.9611,672360.4423,633083.1963,314133.3789,361002.4758
P97379-2_T227___1,2252720.942,2112116.238,2449374.488,2723887.78,2185261.047,2167877.92,2636699.772,2326029.618,1990900.066,2233788.302,2568565.606,2763337.043,2155160.419,1864325.818,2515845.351,2643696.491
Q9D394-2_S89___2,84222.23567,129796.5454,70461.87173,116878.8128,153338.4764,148214.806,82992.56413,74022.22895,77358.64693,134783.5352,81626.14144,70311.03057,98837.49679,88101.48499,35245.02691,57001.69022
O35226-2_T250___2,180031.0724,248470.7663,198411.7867,178860.5506,269284.2465,275478.8001,170128.134,184334.3658,230932.1841,392453.0399,152596.5902,166337.579,284096.6963,312595.1847,170124.5362,198712.6029