Experiment ID,26213.0,
Experiment name,Brain phosphoproteomics,
Job,f26296f3-0164-451c-a35f-2091a4d3dddd,
Method,BD2 eJTK,
Submitted,2023-09-12T17:33:11.725455851,Finished,2023-09-12T17:33:12.684830097,
NULL_SIZE,100000,
DW_END,0.0,
PERIOD_MIN,24.0,
DATA_SET_ID,26213_NO_DTR,
PERIOD_MAX,24.0,
DW_START,0.0,
PRESET,EJTK_CLASSIC,
METHOD,BD2EJTK,
DATA_SET_TYPE_NAME,no dtr,
PARAMS_SUMMARY,no dtr min-max p(24.0),
DATA_SET_TYPE,NO_DTR,


Individual Results,

Data Id,Data Label,,tau,emp p,emp p BH Corrected,Pattern Shape,Pattern Period,Pattern Peak,P. Trough,P. Circ. Peak,P. Circ. Trough,P. Width,P. Asym,,JTK p from tau,JTK p BH Corrected,bf corrected JTK p,BH bf corrected p,
1,A1IGU4_S15___1,,0.20497289793748086,0.7500124998750013,0.9836522870292533,ACOS,24.0,16.0,8.0,16.0,8.0,24.0,0.33,,0.13405890065957154,0.18041889221405025,10.45659425144658,1.0,
2,A2A5R2_S227___1,,0.29814239699997214,0.43751562484375156,0.8852189547537208,COS,24.0,20.0,8.0,20.0,8.0,24.0,0.5,,0.05361444160464873,0.10847731432202215,4.181926445162601,1.0,
3,A2A5R2_S1535___1,,0.7453559924999303,2.599974000259997E-4,0.06212637873621263,COS,24.0,20.0,8.0,20.0,8.0,24.0,0.5,,2.825417584497489E-5,0.005835764267952787,0.0022038257159080416,0.45518961290031734,
4,A2A5R2_S1518___1,,0.46584749531245645,0.0937690623093769,0.5471579350140564,COS,24.0,8.0,20.0,8.0,20.0,24.0,0.5,,0.005920711107451196,0.03454832525336907,0.4618154663811933,1.0,
5,A2A5R2_S1521___1,,0.14907119849998607,0.8750112498875011,0.9836522870292533,ACOS,24.0,14.0,16.0,14.0,16.0,24.0,0.92,,0.21029812498078254,0.23917533062426458,16.403253748501037,1.0,
6,A2A5R2_S356___1,,0.5217491947499513,0.04689953100468995,0.4127676955274646,COS,24.0,20.0,8.0,20.0,8.0,24.0,0.5,,0.0024097615294134673,0.021208564178760516,0.18796139929425046,1.0,
7,A2A6A1_S648___1,,0.3540440964374669,0.3125168748312517,0.8386535601185869,ACOS,24.0,20.0,0.0,20.0,0.0,24.0,0.83,,0.027887169552556004,0.07848809381134579,2.175199225099368,1.0,
8,A2A6A1_S735___1,,0.48448139512495475,0.07814921850781492,0.5245437011922015,ACOS,24.0,14.0,4.0,14.0,4.0,24.0,0.42,,0.004428713520216645,0.029725873473476612,0.3454396545768983,1.0,
9,A2AAE1_S4666___1,,0.3540440964374669,0.3125168748312517,0.8386535601185869,ACOS,24.0,22.0,20.0,22.0,20.0,24.0,0.08,,0.027887169552556004,0.07848809381134579,2.175199225099368,1.0,
10,A2AAE1_S2755___1,,0.3913118960624634,0.21876781232187678,0.7543227814475101,COS,24.0,2.0,14.0,2.0,14.0,24.0,0.5,,0.017251591034782986,0.059484382074478995,1.345624100713073,1.0,
11,A2ADY9_S121___1,,0.3540440964374669,0.3125168748312517,0.8386535601185869,ACOS,24.0,22.0,16.0,22.0,16.0,24.0,0.25,,0.027887169552556004,0.07848809381134579,2.175199225099368,1.0,
12,A2AIV2_S1578___1,,0.2795084971874739,0.5000149998500015,0.9204821588147755,ACOS,24.0,8.0,8.0,8.0,8.0,24.0,0.0,,0.06550881647134288,0.1205957757767903,5.1096876847647446,1.0,
13,A2AIV2_S138___1,,0.3354101966249687,0.34376656233437664,0.8386535601185869,ACOS,24.0,8.0,16.0,8.0,16.0,24.0,0.67,,0.03498372787327912,0.08730403942892999,2.7287307741157716,1.0,
14,A2AJ15_S102___1,,0.6894542930624356,0.001969980300196998,0.11768169818301817,COS,24.0,8.0,20.0,8.0,20.0,24.0,0.5,,9.769013212726992E-5,0.005835764267952787,0.007619830305927054,0.45518961290031734,
15,A2AJ88_S1256___1,,0.3540440964374669,0.3125168748312517,0.8386535601185869,ACOS,24.0,8.0,8.0,8.0,8.0,24.0,0.0,,0.027887169552556004,0.07848809381134579,2.175199225099368,1.0,
16,A2AJ88_S341___1,,0.2236067977499791,0.6875131248687513,0.9836522870292533,ACOS,24.0,14.0,16.0,14.0,16.0,24.0,0.92,,0.11350807917025535,0.16368591139247143,8.853630175279918,1.0,
17,A2AJ88_S384___1,,0.3354101966249687,0.34376656233437664,0.8386535601185869,ACOS,24.0,14.0,16.0,14.0,16.0,24.0,0.92,,0.03498372787327912,0.08730403942892999,2.7287307741157716,1.0,
18,A2AJI0_S78___1,,0.11180339887498955,0.937510624893751,0.9899167645530791,ACOS,24.0,8.0,10.0,8.0,10.0,24.0,0.92,,0.2729083801775865,0.2881637536165899,21.286853653851747,1.0,
19,A2ALU4_S236___1,,0.5962847939999443,0.011739882601173987,0.2093466378769048,ACOS,24.0,8.0,16.0,8.0,16.0,24.0,0.67,,6.374983385533969E-4,0.011367927462487626,0.04972487040716496,0.8866983420740349,
20,A2ALU4_S1165___1,,0.37267799624996517,0.25001749982500177,0.783497463386022,ACOS,24.0,2.0,2.0,2.0,2.0,24.0,0.0,,0.02203270318362918,0.06904543509151728,1.718550848323076,1.0,
21,A2ALU4_S394___1,,0.5590169943749478,0.023459765402345976,0.28673713262867373,ACOS,24.0,4.0,0.0,4.0,0.0,24.0,0.17,,0.0012630300532244254,0.015437392901175266,0.09851634415150518,1.0,
22,A2ALU4_S318___1,,0.2795084971874739,0.5000149998500015,0.9204821588147755,ACOS,24.0,10.0,20.0,10.0,20.0,24.0,0.58,,0.06550881647134288,0.1205957757767903,5.1096876847647446,1.0,
23,A2ALU4_S935___1,,0.46584749531245645,0.0937690623093769,0.5471579350140564,ACOS,24.0,14.0,16.0,14.0,16.0,24.0,0.92,,0.005920711107451196,0.03454832525336907,0.4618154663811933,1.0,
24,A2AN08_S178___1,,0.3540440964374669,0.3125168748312517,0.8386535601185869,ACOS,24.0,14.0,14.0,14.0,14.0,24.0,0.0,,0.027887169552556004,0.07848809381134579,2.175199225099368,1.0,
25,A2APT9_S350___1,,0.14907119849998607,0.8750112498875011,0.9836522870292533,ACOS,24.0,10.0,10.0,10.0,10.0,24.0,0.0,,0.21029812498078254,0.23917533062426458,16.403253748501037,1.0,
26,A2APT9_S361___1,,0.16770509831248434,0.8437615623843762,0.9836522870292533,ACOS,24.0,14.0,16.0,14.0,16.0,24.0,0.92,,0.1824518756760124,0.21722409413444527,14.231246302728968,1.0,
27,A2AQ07_S435___1,,0.11180339887498955,0.937510624893751,0.9899167645530791,ACOS,24.0,20.0,4.0,20.0,4.0,24.0,0.67,,0.2729083801775865,0.2881637536165899,21.286853653851747,1.0,
28,A2AR02_S395___1,,0.2795084971874739,0.5000149998500015,0.9204821588147755,ACOS,24.0,2.0,2.0,2.0,2.0,24.0,0.0,,0.06550881647134288,0.1205957757767903,5.1096876847647446,1.0,
29,A2ASS6_S10281___1,,0.07453559924999303,0.984390156098439,0.9974177898103224,ACOS,24.0,10.0,10.0,10.0,10.0,24.0,0.0,,0.34358681309626693,0.3483244335568646,26.799771421508822,1.0,
30,A2ASS6_S2080___1,,0.26087459737497565,0.5625143748562514,0.9536205028159013,ACOS,24.0,8.0,8.0,8.0,8.0,24.0,0.0,,0.07935437224874475,0.1345280400768894,6.189641035402091,1.0,
31,A2ASS6_S9144___1,,0.3167762968124704,0.37501624983750165,0.8386535601185869,ACOS,24.0,20.0,14.0,20.0,14.0,24.0,0.25,,0.04349923101882863,0.097277877884409,3.392940019468633,1.0,
32,A2ASS6_S33875___1,,0.37267799624996517,0.25001749982500177,0.783497463386022,ACOS,24.0,2.0,10.0,2.0,10.0,24.0,0.67,,0.02203270318362918,0.06904543509151728,1.718550848323076,1.0,
33,A2AWA9_S496___1,,0.20497289793748086,0.7500124998750013,0.9836522870292533,ACOS,24.0,16.0,22.0,16.0,22.0,24.0,0.75,,0.13405890065957154,0.18041889221405025,10.45659425144658,1.0,
34,A2AWA9_S42___1,,0.2236067977499791,0.6875131248687513,0.9836522870292533,ACOS,24.0,20.0,4.0,20.0,4.0,24.0,0.67,,0.11350807917025535,0.16368591139247143,8.853630175279918,1.0,
35,A2AWP8_S138___1,,0.6708203932499374,0.002949970500294997,0.1270081893775657,ACOS,24.0,4.0,20.0,4.0,20.0,24.0,0.33,,1.449047398848948E-4,0.006238736503692902,0.011302569711021794,0.4866214472880464,
36,A2BH40_S697___1,,0.20497289793748086,0.7500124998750013,0.9836522870292533,ACOS,24.0,20.0,10.0,20.0,10.0,24.0,0.42,,0.13405890065957154,0.18041889221405025,10.45659425144658,1.0,
37,A2BH40_S1756___1,,0.07453559924999303,0.984390156098439,0.9974177898103224,ACOS,24.0,16.0,16.0,16.0,16.0,24.0,0.0,,0.34358681309626693,0.3483244335568646,26.799771421508822,1.0,
38,A2CG49_S1771___1,,0.20497289793748086,0.7500124998750013,0.9836522870292533,ACOS,24.0,4.0,0.0,4.0,0.0,24.0,0.17,,0.13405890065957154,0.18041889221405025,10.45659425144658,1.0,
39,A2RSJ4_S754___1,,0.5962847939999443,0.011739882601173987,0.2093466378769048,ACOS,24.0,8.0,16.0,8.0,16.0,24.0,0.67,,6.374983385533969E-4,0.011367927462487626,0.04972487040716496,0.8866983420740349,
40,A2RSQ0_S178___1,,0.577650894187446,0.015639843601563983,0.22997788483653625,COS,24.0,8.0,20.0,8.0,20.0,24.0,0.5,,9.015710203196908E-4,0.013257255095716316,0.07032253958493588,1.0,
41,A3KGS3_S486___1,,0.3167762968124704,0.37501624983750165,0.8386535601185869,ACOS,24.0,14.0,4.0,14.0,4.0,24.0,0.42,,0.04349923101882863,0.097277877884409,3.392940019468633,1.0,
42,A6H8H2_S971___1,,0.42857969568745996,0.15626843731562684,0.6959989393582299,ACOS,24.0,4.0,20.0,4.0,20.0,24.0,0.33,,0.010293111274975088,0.04584415543625904,0.8028626794480569,1.0,
43,A6H8H2_S1342___1,,0.4472135954999582,0.12501874981250188,0.6403693519334903,ACOS,24.0,4.0,20.0,4.0,20.0,24.0,0.33,,0.007842546279573382,0.04017098464103022,0.6117186098067239,1.0,
44,A6H8H2_S1274___1,,0.5403830945624495,0.031269687303126965,0.31931161457616186,ACOS,24.0,4.0,20.0,4.0,20.0,24.0,0.33,,0.0017528052122483628,0.01789883784045924,0.1367188065553723,1.0,
45,A6H8H2_S1321___1,,0.503115294937453,0.06251937480625194,0.49060770476039084,ACOS,24.0,4.0,20.0,4.0,20.0,24.0,0.33,,0.0032820864904672107,0.025755486597607225,0.2560027462564424,1.0,
46,A6H8H2_S1096___1,,0.20497289793748086,0.7500124998750013,0.9836522870292533,ACOS,24.0,2.0,2.0,2.0,2.0,24.0,0.0,,0.13405890065957154,0.18041889221405025,10.45659425144658,1.0,
47,A6H8H2_S987___1,,0.577650894187446,0.015639843601563983,0.22997788483653625,ACOS,24.0,4.0,20.0,4.0,20.0,24.0,0.33,,9.015710203196908E-4,0.013257255095716316,0.07032253958493588,1.0,
48,A6X8Z5_S272___1,,0.2236067977499791,0.6875131248687513,0.9836522870292533,ACOS,24.0,22.0,22.0,22.0,22.0,24.0,0.0,,0.11350807917025535,0.16368591139247143,8.853630175279918,1.0,
49,A6X8Z5_S464___1,,0.055901699437494776,0.99220007799922,0.9974177898103224,ACOS,24.0,14.0,6.0,14.0,6.0,24.0,0.33,,0.3813183256938952,0.38332357561866326,29.742829404123825,1.0,
50,A6X919_S22___1,,0.3540440964374669,0.3125168748312517,0.8386535601185869,ACOS,24.0,10.0,20.0,10.0,20.0,24.0,0.58,,0.027887169552556004,0.07848809381134579,2.175199225099368,1.0,
51,B1AY13_S2601___1,,0.24224069756247738,0.6250137498625014,0.9735791103627425,ACOS,24.0,8.0,16.0,8.0,16.0,24.0,0.67,,0.0953088004769263,0.14846178535828905,7.434086437200252,1.0,
52,B1AY13_S2074___1,,0.14907119849998607,0.8750112498875011,0.9836522870292533,ACOS,24.0,2.0,2.0,2.0,2.0,24.0,0.0,,0.21029812498078254,0.23917533062426458,16.403253748501037,1.0,
53,B1AY13_S2558___1,,0.2236067977499791,0.6875131248687513,0.9836522870292533,ACOS,24.0,10.0,20.0,10.0,20.0,24.0,0.58,,0.11350807917025535,0.16368591139247143,8.853630175279918,1.0,
54,B1AY13_S2044___1,,0.37267799624996517,0.25001749982500177,0.783497463386022,ACOS,24.0,10.0,2.0,10.0,2.0,24.0,0.33,,0.02203270318362918,0.06904543509151728,1.718550848323076,1.0,
55,B1AZP2_S973___1,,0.2236067977499791,0.6875131248687513,0.9836522870292533,ACOS,24.0,14.0,14.0,14.0,14.0,24.0,0.0,,0.11350807917025535,0.16368591139247143,8.853630175279918,1.0,
56,B2RQC6_S1859___1,,0.6521864934374391,0.003919960800391996,0.13674082237279817,ACOS,24.0,20.0,4.0,20.0,4.0,24.0,0.67,,2.1288795232688796E-4,0.007426215504891954,0.01660526028149726,0.5792448093815723,
57,B2RQE8_S553___1,,0.18633899812498259,0.8125118748812512,0.9836522870292533,ACOS,24.0,16.0,22.0,16.0,22.0,24.0,0.75,,0.15703129585716225,0.19764355093531163,12.248441076858654,1.0,
58,B2RR83_S1105___1,,0.2236067977499791,0.6875131248687513,0.9836522870292533,ACOS,24.0,8.0,8.0,8.0,8.0,24.0,0.0,,0.11350807917025535,0.16368591139247143,8.853630175279918,1.0,
59,B2RX12_S903___1,,0.42857969568745996,0.15626843731562684,0.6959989393582299,ACOS,24.0,8.0,16.0,8.0,16.0,24.0,0.67,,0.010293111274975088,0.04584415543625904,0.8028626794480569,1.0,
60,B2RXS4_S1248___1,,0.3167762968124704,0.37501624983750165,0.8386535601185869,COS,24.0,14.0,2.0,14.0,2.0,24.0,0.5,,0.04349923101882863,0.097277877884409,3.392940019468633,1.0,
61,B2RXS4_S1574___1,,0.18633899812498259,0.8125118748812512,0.9836522870292533,COS,24.0,14.0,2.0,14.0,2.0,24.0,0.5,,0.15703129585716225,0.19764355093531163,12.248441076858654,1.0,
62,B2RY56_S698___1,,0.16770509831248434,0.8437615623843762,0.9836522870292533,ACOS,24.0,16.0,16.0,16.0,16.0,24.0,0.0,,0.1824518756760124,0.21722409413444527,14.231246302728968,1.0,
63,B2RY56_S672___1,,0.37267799624996517,0.25001749982500177,0.783497463386022,ACOS,24.0,22.0,16.0,22.0,16.0,24.0,0.25,,0.02203270318362918,0.06904543509151728,1.718550848323076,1.0,
64,B2RY56_S578___1,,0.24224069756247738,0.6250137498625014,0.9735791103627425,ACOS,24.0,8.0,8.0,8.0,8.0,24.0,0.0,,0.0953088004769263,0.14846178535828905,7.434086437200252,1.0,
65,B9EJ80_S532___1,,0.37267799624996517,0.25001749982500177,0.783497463386022,ACOS,24.0,4.0,20.0,4.0,20.0,24.0,0.33,,0.02203270318362918,0.06904543509151728,1.718550848323076,1.0,
66,B9EJ86_S305___1,,0.20497289793748086,0.7500124998750013,0.9836522870292533,ACOS,24.0,8.0,16.0,8.0,16.0,24.0,0.67,,0.13405890065957154,0.18041889221405025,10.45659425144658,1.0,
67,B9EJ86_S314___1,,0.26087459737497565,0.5625143748562514,0.9536205028159013,ACOS,24.0,14.0,14.0,14.0,14.0,24.0,0.0,,0.07935437224874475,0.1345280400768894,6.189641035402091,1.0,
68,D3YXK2_S24___1,,0.20497289793748086,0.7500124998750013,0.9836522870292533,ACOS,24.0,14.0,16.0,14.0,16.0,24.0,0.92,,0.13405890065957154,0.18041889221405025,10.45659425144658,1.0,
69,D3YXK2_S366___1,,0.14907119849998607,0.8750112498875011,0.9836522870292533,ACOS,24.0,14.0,14.0,14.0,14.0,24.0,0.0,,0.21029812498078254,0.23917533062426458,16.403253748501037,1.0,
70,D3YXK2_S235___1,,0.20497289793748086,0.7500124998750013,0.9836522870292533,ACOS,24.0,14.0,16.0,14.0,16.0,24.0,0.92,,0.13405890065957154,0.18041889221405025,10.45659425144658,1.0,
71,D3YXK2_S247___1,,0.3167762968124704,0.37501624983750165,0.8386535601185869,ACOS,24.0,4.0,20.0,4.0,20.0,24.0,0.33,,0.04349923101882863,0.097277877884409,3.392940019468633,1.0,
72,D3YXK2_S298___1,,0.16770509831248434,0.8437615623843762,0.9836522870292533,ACOS,24.0,16.0,16.0,16.0,16.0,24.0,0.0,,0.1824518756760124,0.21722409413444527,14.231246302728968,1.0,
73,D3YZP9_S316___1,,0.14907119849998607,0.8750112498875011,0.9836522870292533,ACOS,24.0,4.0,14.0,4.0,14.0,24.0,0.58,,0.21029812498078254,0.23917533062426458,16.403253748501037,1.0,
74,D3YZP9_S318___1,,0.3354101966249687,0.34376656233437664,0.8386535601185869,ACOS,24.0,8.0,16.0,8.0,16.0,24.0,0.67,,0.03498372787327912,0.08730403942892999,2.7287307741157716,1.0,
75,D3YZP9_S412___1,,0.11180339887498955,0.937510624893751,0.9899167645530791,ACOS,24.0,20.0,4.0,20.0,4.0,24.0,0.67,,0.2729083801775865,0.2881637536165899,21.286853653851747,1.0,
76,D3Z6Q9_S430___1,,0.37267799624996517,0.25001749982500177,0.783497463386022,COS,24.0,14.0,2.0,14.0,2.0,24.0,0.5,,0.02203270318362918,0.06904543509151728,1.718550848323076,1.0,
77,E9Q1P8_S71___1,,0.20497289793748086,0.7500124998750013,0.9836522870292533,ACOS,24.0,2.0,2.0,2.0,2.0,24.0,0.0,,0.13405890065957154,0.18041889221405025,10.45659425144658,1.0,
78,E9Q1P8_S169___1,,0.13043729868748782,0.9062609373906261,0.9836522870292533,ACOS,24.0,8.0,12.0,8.0,12.0,24.0,0.83,,0.24049416858204564,0.26103148572645835,18.75854514939956,1.0,
79,E9Q1P8_S343___1,,0.18633899812498259,0.8125118748812512,0.9836522870292533,ACOS,24.0,20.0,4.0,20.0,4.0,24.0,0.67,,0.15703129585716225,0.19764355093531163,12.248441076858654,1.0,
80,E9Q394_S1218___1,,0.3167762968124704,0.37501624983750165,0.8386535601185869,ACOS,24.0,16.0,16.0,16.0,16.0,24.0,0.0,,0.04349923101882863,0.097277877884409,3.392940019468633,1.0,
81,E9Q394_S1591___1,,0.3913118960624634,0.21876781232187678,0.7543227814475101,ACOS,24.0,4.0,20.0,4.0,20.0,24.0,0.33,,0.017251591034782986,0.059484382074478995,1.345624100713073,1.0,
82,E9Q394_S1817___1,,0.3354101966249687,0.34376656233437664,0.8386535601185869,COS,24.0,8.0,20.0,8.0,20.0,24.0,0.5,,0.03498372787327912,0.08730403942892999,2.7287307741157716,1.0,
83,E9Q394_S1547___1,,0.09316949906249129,0.968760312396876,0.9974177898103224,ACOS,24.0,16.0,22.0,16.0,22.0,24.0,0.75,,0.30735312441432305,0.3173127201503672,23.973543704317198,1.0,
84,E9Q394_S2670___1,,0.6335525936249408,0.005879941200587994,0.1643288830269592,ACOS,24.0,14.0,4.0,14.0,4.0,24.0,0.42,,3.0978912629739484E-4,0.008657790845469297,0.0241635518511968,0.6753076859466053,
85,E9Q394_S1847___1,,0.2236067977499791,0.6875131248687513,0.9836522870292533,ACOS,24.0,4.0,14.0,4.0,14.0,24.0,0.58,,0.11350807917025535,0.16368591139247143,8.853630175279918,1.0,
86,E9Q3C1_S436___1,,0.29814239699997214,0.43751562484375156,0.8852189547537208,ACOS,24.0,22.0,8.0,22.0,8.0,24.0,0.58,,0.05361444160464873,0.10847731432202215,4.181926445162601,1.0,
87,E9Q3C1_S649___1,,0.503115294937453,0.06251937480625194,0.49060770476039084,ACOS,24.0,4.0,20.0,4.0,20.0,24.0,0.33,,0.0032820864904672107,0.025755486597607225,0.2560027462564424,1.0,
88,E9Q3C1_S581___1,,0.18633899812498259,0.8125118748812512,0.9836522870292533,ACOS,24.0,16.0,22.0,16.0,22.0,24.0,0.75,,0.15703129585716225,0.19764355093531163,12.248441076858654,1.0,
89,E9Q3C1_S470___1,,0.16770509831248434,0.8437615623843762,0.9836522870292533,ACOS,24.0,16.0,16.0,16.0,16.0,24.0,0.0,,0.1824518756760124,0.21722409413444527,14.231246302728968,1.0,
90,E9Q3L2_S1427___1,,0.14907119849998607,0.8750112498875011,0.9836522870292533,ACOS,24.0,8.0,10.0,8.0,10.0,24.0,0.92,,0.21029812498078254,0.23917533062426458,16.403253748501037,1.0,
91,E9Q4Z2_S1332___1,,0.3167762968124704,0.37501624983750165,0.8386535601185869,ACOS,24.0,10.0,4.0,10.0,4.0,24.0,0.25,,0.04349923101882863,0.097277877884409,3.392940019468633,1.0,
92,E9Q4Z2_S81___1,,0.6335525936249408,0.005879941200587994,0.1643288830269592,ACOS,24.0,8.0,16.0,8.0,16.0,24.0,0.67,,3.0978912629739484E-4,0.008657790845469297,0.0241635518511968,0.6753076859466053,
93,E9Q557_S22___1,,0.503115294937453,0.06251937480625194,0.49060770476039084,ACOS,24.0,22.0,16.0,22.0,16.0,24.0,0.25,,0.0032820864904672107,0.025755486597607225,0.2560027462564424,1.0,
94,E9Q557_S65___1,,0.01863389981249826,0.999530004699953,0.9997391989244612,ACOS,24.0,20.0,20.0,20.0,20.0,24.0,0.0,,0.4599048616735564,0.460001116353689,35.872579210537396,1.0,
95,E9Q557_S2836___1,,0.37267799624996517,0.25001749982500177,0.783497463386022,ACOS,24.0,20.0,4.0,20.0,4.0,24.0,0.67,,0.02203270318362918,0.06904543509151728,1.718550848323076,1.0,
96,E9Q557_S2620___1,,0.6521864934374391,0.003919960800391996,0.13674082237279817,COS,24.0,8.0,20.0,8.0,20.0,24.0,0.5,,2.1288795232688796E-4,0.007426215504891954,0.01660526028149726,0.5792448093815723,
97,E9Q5C9_S563___1,,0.2795084971874739,0.5000149998500015,0.9204821588147755,ACOS,24.0,16.0,8.0,16.0,8.0,24.0,0.33,,0.06550881647134288,0.1205957757767903,5.1096876847647446,1.0,
98,E9Q5C9_S701___1,,0.18633899812498259,0.8125118748812512,0.9836522870292533,ACOS,24.0,16.0,22.0,16.0,22.0,24.0,0.75,,0.15703129585716225,0.19764355093531163,12.248441076858654,1.0,
99,E9Q5K4_S131___1,,0.09316949906249129,0.968760312396876,0.9974177898103224,ACOS,24.0,22.0,22.0,22.0,22.0,24.0,0.0,,0.30735312441432305,0.3173127201503672,23.973543704317198,1.0,
100,E9Q634_S1004___1,,0.29814239699997214,0.43751562484375156,0.8852189547537208,ACOS,24.0,12.0,20.0,12.0,20.0,24.0,0.67,,0.05361444160464873,0.10847731432202215,4.181926445162601,1.0,
101,E9Q6P5_S160___1,,0.3167762968124704,0.37501624983750165,0.8386535601185869,ACOS,24.0,4.0,20.0,4.0,20.0,24.0,0.33,,0.04349923101882863,0.097277877884409,3.392940019468633,1.0,
102,E9Q6P5_S202___1,,0.2236067977499791,0.6875131248687513,0.9836522870292533,ACOS,24.0,12.0,20.0,12.0,20.0,24.0,0.67,,0.11350807917025535,0.16368591139247143,8.853630175279918,1.0,
103,E9Q6P5_S678___1,,0.3540440964374669,0.3125168748312517,0.8386535601185869,ACOS,24.0,10.0,6.0,10.0,6.0,24.0,0.17,,0.027887169552556004,0.07848809381134579,2.175199225099368,1.0,
104,E9Q735_S21___1,,0.42857969568745996,0.15626843731562684,0.6959989393582299,ACOS,24.0,14.0,16.0,14.0,16.0,24.0,0.92,,0.010293111274975088,0.04584415543625904,0.8028626794480569,1.0,
105,E9Q7D5_S953___1,,0.37267799624996517,0.25001749982500177,0.783497463386022,ACOS,24.0,4.0,20.0,4.0,20.0,24.0,0.33,,0.02203270318362918,0.06904543509151728,1.718550848323076,1.0,
106,E9Q7D5_S319___1,,0.42857969568745996,0.15626843731562684,0.6959989393582299,ACOS,24.0,12.0,18.0,12.0,18.0,24.0,0.75,,0.010293111274975088,0.04584415543625904,0.8028626794480569,1.0,
107,E9Q7G0_S398___1,,0.20497289793748086,0.7500124998750013,0.9836522870292533,ACOS,24.0,14.0,6.0,14.0,6.0,24.0,0.33,,0.13405890065957154,0.18041889221405025,10.45659425144658,1.0,
108,E9Q7G0_S1739___1,,0.5403830945624495,0.031269687303126965,0.31931161457616186,COS,24.0,8.0,20.0,8.0,20.0,24.0,0.5,,0.0017528052122483628,0.01789883784045924,0.1367188065553723,1.0,
109,E9Q8D0_S283___1,,0.24224069756247738,0.6250137498625014,0.9735791103627425,ACOS,24.0,20.0,12.0,20.0,12.0,24.0,0.33,,0.0953088004769263,0.14846178535828905,7.434086437200252,1.0,
110,E9Q8D0_S370___1,,0.24224069756247738,0.6250137498625014,0.9735791103627425,ACOS,24.0,20.0,4.0,20.0,4.0,24.0,0.67,,0.0953088004769263,0.14846178535828905,7.434086437200252,1.0,
111,E9QAT4_S130___1,,0.26087459737497565,0.5625143748562514,0.9536205028159013,ACOS,24.0,14.0,16.0,14.0,16.0,24.0,0.92,,0.07935437224874475,0.1345280400768894,6.189641035402091,1.0,
112,E9QAT4_S1245___1,,0.24224069756247738,0.6250137498625014,0.9735791103627425,ACOS,24.0,22.0,16.0,22.0,16.0,24.0,0.25,,0.0953088004769263,0.14846178535828905,7.434086437200252,1.0,
113,E9QAT4_S467___1,,0.3540440964374669,0.3125168748312517,0.8386535601185869,ACOS,24.0,10.0,4.0,10.0,4.0,24.0,0.25,,0.027887169552556004,0.07848809381134579,2.175199225099368,1.0,
114,E9QAT4_S1342___1,,0.26087459737497565,0.5625143748562514,0.9536205028159013,ACOS,24.0,10.0,20.0,10.0,20.0,24.0,0.58,,0.07935437224874475,0.1345280400768894,6.189641035402091,1.0,
115,E9QAT4_S1995___1,,0.18633899812498259,0.8125118748812512,0.9836522870292533,ACOS,24.0,14.0,4.0,14.0,4.0,24.0,0.42,,0.15703129585716225,0.19764355093531163,12.248441076858654,1.0,
116,E9QAT4_S422___1,,0.3354101966249687,0.34376656233437664,0.8386535601185869,ACOS,24.0,10.0,4.0,10.0,4.0,24.0,0.25,,0.03498372787327912,0.08730403942892999,2.7287307741157716,1.0,
117,E9QAT4_S2053___1,,0.3167762968124704,0.37501624983750165,0.8386535601185869,ACOS,24.0,22.0,22.0,22.0,22.0,24.0,0.0,,0.04349923101882863,0.097277877884409,3.392940019468633,1.0,
118,E9QAT4_S2070___1,,0.3354101966249687,0.34376656233437664,0.8386535601185869,ACOS,24.0,14.0,16.0,14.0,16.0,24.0,0.92,,0.03498372787327912,0.08730403942892999,2.7287307741157716,1.0,
119,E9QAT4_S397___1,,0.6149186938124426,0.007829921700782993,0.17567697562460996,COS,24.0,8.0,20.0,8.0,20.0,24.0,0.5,,4.465174392780171E-4,0.010018341982674385,0.03482836026368533,0.7814306746486018,
120,E9QAT4_S1030___1,,0.3540440964374669,0.3125168748312517,0.8386535601185869,ACOS,24.0,10.0,2.0,10.0,2.0,24.0,0.33,,0.027887169552556004,0.07848809381134579,2.175199225099368,1.0,
121,E9QAT4_S554___1,,0.18633899812498259,0.8125118748812512,0.9836522870292533,ACOS,24.0,14.0,6.0,14.0,6.0,24.0,0.33,,0.15703129585716225,0.19764355093531163,12.248441076858654,1.0,
122,E9QAT4_S1238___1,,0.20497289793748086,0.7500124998750013,0.9836522870292533,COS,24.0,2.0,14.0,2.0,14.0,24.0,0.5,,0.13405890065957154,0.18041889221405025,10.45659425144658,1.0,
123,F6ZDS4_S2141___1,,0.48448139512495475,0.07814921850781492,0.5245437011922015,ACOS,24.0,20.0,10.0,20.0,10.0,24.0,0.42,,0.004428713520216645,0.029725873473476612,0.3454396545768983,1.0,
124,F6ZDS4_S453___1,,0.20497289793748086,0.7500124998750013,0.9836522870292533,ACOS,24.0,20.0,4.0,20.0,4.0,24.0,0.67,,0.13405890065957154,0.18041889221405025,10.45659425144658,1.0,
125,F6ZDS4_S2223___1,,0.3354101966249687,0.34376656233437664,0.8386535601185869,ACOS,24.0,4.0,0.0,4.0,0.0,24.0,0.17,,0.03498372787327912,0.08730403942892999,2.7287307741157716,1.0,
126,F8VPU2_S427___1,,0.14907119849998607,0.8750112498875011,0.9836522870292533,ACOS,24.0,16.0,16.0,16.0,16.0,24.0,0.0,,0.21029812498078254,0.23917533062426458,16.403253748501037,1.0,
127,F8VPU2_S373___1,,0.24224069756247738,0.6250137498625014,0.9735791103627425,ACOS,24.0,22.0,22.0,22.0,22.0,24.0,0.0,,0.0953088004769263,0.14846178535828905,7.434086437200252,1.0,
128,F8VPU2_S892___1,,0.577650894187446,0.015639843601563983,0.22997788483653625,ACOS,24.0,14.0,4.0,14.0,4.0,24.0,0.42,,9.015710203196908E-4,0.013257255095716316,0.07032253958493588,1.0,
129,G3X9K3_S394___1,,0.24224069756247738,0.6250137498625014,0.9735791103627425,ACOS,24.0,20.0,10.0,20.0,10.0,24.0,0.42,,0.0953088004769263,0.14846178535828905,7.434086437200252,1.0,
130,G5E829_S1155___1,,0.14907119849998607,0.8750112498875011,0.9836522870292533,ACOS,24.0,14.0,14.0,14.0,14.0,24.0,0.0,,0.21029812498078254,0.23917533062426458,16.403253748501037,1.0,
131,G5E829_S17___1,,0.3540440964374669,0.3125168748312517,0.8386535601185869,ACOS,24.0,14.0,4.0,14.0,4.0,24.0,0.42,,0.027887169552556004,0.07848809381134579,2.175199225099368,1.0,
132,G5E829_S1177___1,,0.3540440964374669,0.3125168748312517,0.8386535601185869,ACOS,24.0,14.0,6.0,14.0,6.0,24.0,0.33,,0.027887169552556004,0.07848809381134579,2.175199225099368,1.0,
133,G5E829_S1178___1,,0.29814239699997214,0.43751562484375156,0.8852189547537208,ACOS,24.0,16.0,8.0,16.0,8.0,24.0,0.33,,0.05361444160464873,0.10847731432202215,4.181926445162601,1.0,
134,G5E829_S1140___1,,0.14907119849998607,0.8750112498875011,0.9836522870292533,ACOS,24.0,8.0,10.0,8.0,10.0,24.0,0.92,,0.21029812498078254,0.23917533062426458,16.403253748501037,1.0,
135,G5E870_S1409___1,,0.29814239699997214,0.43751562484375156,0.8852189547537208,ACOS,24.0,8.0,16.0,8.0,16.0,24.0,0.67,,0.05361444160464873,0.10847731432202215,4.181926445162601,1.0,
136,G5E870_S312___1,,0.4099457958749617,0.18751812481875182,0.7309536040039274,ACOS,24.0,4.0,14.0,4.0,14.0,24.0,0.58,,0.013386385243419103,0.05218069745375196,1.04413804898669,1.0,
137,G5E8K5_S1451___1,,0.48448139512495475,0.07814921850781492,0.5245437011922015,ACOS,24.0,8.0,16.0,8.0,16.0,24.0,0.67,,0.004428713520216645,0.029725873473476612,0.3454396545768983,1.0,
138,G5E8K5_S1462___1,,0.2795084971874739,0.5000149998500015,0.9204821588147755,ACOS,24.0,8.0,10.0,8.0,10.0,24.0,0.92,,0.06550881647134288,0.1205957757767903,5.1096876847647446,1.0,
139,G5E8Q8_S1309___1,,0.3167762968124704,0.37501624983750165,0.8386535601185869,ACOS,24.0,8.0,10.0,8.0,10.0,24.0,0.92,,0.04349923101882863,0.097277877884409,3.392940019468633,1.0,
140,O08539_S296___1,,0.5590169943749478,0.023459765402345976,0.28673713262867373,ACOS,24.0,2.0,4.0,2.0,4.0,24.0,0.92,,0.0012630300532244254,0.015437392901175266,0.09851634415150518,1.0,
141,O08539_S298___1,,0.37267799624996517,0.25001749982500177,0.783497463386022,ACOS,24.0,20.0,12.0,20.0,12.0,24.0,0.33,,0.02203270318362918,0.06904543509151728,1.718550848323076,1.0,
142,O08539_S304___1,,0.2795084971874739,0.5000149998500015,0.9204821588147755,ACOS,24.0,2.0,10.0,2.0,10.0,24.0,0.67,,0.06550881647134288,0.1205957757767903,5.1096876847647446,1.0,
143,O08539_S324___1,,0.20497289793748086,0.7500124998750013,0.9836522870292533,ACOS,24.0,20.0,4.0,20.0,4.0,24.0,0.67,,0.13405890065957154,0.18041889221405025,10.45659425144658,1.0,
144,O08573_S253___1,,0.4472135954999582,0.12501874981250188,0.6403693519334903,ACOS,24.0,20.0,4.0,20.0,4.0,24.0,0.67,,0.007842546279573382,0.04017098464103022,0.6117186098067239,1.0,
145,O08582_S47___1,,0.3354101966249687,0.34376656233437664,0.8386535601185869,ACOS,24.0,14.0,4.0,14.0,4.0,24.0,0.42,,0.03498372787327912,0.08730403942892999,2.7287307741157716,1.0,
146,O08582_S8___1,,0.3167762968124704,0.37501624983750165,0.8386535601185869,ACOS,24.0,20.0,4.0,20.0,4.0,24.0,0.67,,0.04349923101882863,0.097277877884409,3.392940019468633,1.0,
147,O08582_S25___1,,0.4099457958749617,0.18751812481875182,0.7309536040039274,ACOS,24.0,16.0,12.0,16.0,12.0,24.0,0.17,,0.013386385243419103,0.05218069745375196,1.04413804898669,1.0,
148,O08583_S237___1,,0.20497289793748086,0.7500124998750013,0.9836522870292533,ACOS,24.0,14.0,4.0,14.0,4.0,24.0,0.42,,0.13405890065957154,0.18041889221405025,10.45659425144658,1.0,
149,O08586_S385___1,,0.26087459737497565,0.5625143748562514,0.9536205028159013,ACOS,24.0,14.0,14.0,14.0,14.0,24.0,0.0,,0.07935437224874475,0.1345280400768894,6.189641035402091,1.0,
150,O08609_S45___1,,0.13043729868748782,0.9062609373906261,0.9836522870292533,ACOS,24.0,8.0,12.0,8.0,12.0,24.0,0.83,,0.24049416858204564,0.26103148572645835,18.75854514939956,1.0,
151,O08609_S7___1,,0.42857969568745996,0.15626843731562684,0.6959989393582299,ACOS,24.0,20.0,22.0,20.0,22.0,24.0,0.92,,0.010293111274975088,0.04584415543625904,0.8028626794480569,1.0,
152,O08638_S8___1,,0.2236067977499791,0.6875131248687513,0.9836522870292533,ACOS,24.0,16.0,8.0,16.0,8.0,24.0,0.33,,0.11350807917025535,0.16368591139247143,8.853630175279918,1.0,
153,O08638_S1954___1,,0.503115294937453,0.06251937480625194,0.49060770476039084,ACOS,24.0,2.0,10.0,2.0,10.0,24.0,0.67,,0.0032820864904672107,0.025755486597607225,0.2560027462564424,1.0,
154,O08648_S454___1,,0.24224069756247738,0.6250137498625014,0.9735791103627425,ACOS,24.0,10.0,4.0,10.0,4.0,24.0,0.25,,0.0953088004769263,0.14846178535828905,7.434086437200252,1.0,
155,O08648_S1165___1,,0.24224069756247738,0.6250137498625014,0.9735791103627425,ACOS,24.0,14.0,4.0,14.0,4.0,24.0,0.42,,0.0953088004769263,0.14846178535828905,7.434086437200252,1.0,
156,O08648_S1189___1,,0.0,0.999950000499995,0.999950000499995,ACOS,24.0,16.0,16.0,16.0,16.0,24.0,0.0,,0.5,0.5,39.0,1.0,
157,O08648_S492___1,,0.11180339887498955,0.937510624893751,0.9899167645530791,ACOS,24.0,10.0,4.0,10.0,4.0,24.0,0.25,,0.2729083801775865,0.2881637536165899,21.286853653851747,1.0,
158,O08709_S194___1,,0.16770509831248434,0.8437615623843762,0.9836522870292533,ACOS,24.0,16.0,16.0,16.0,16.0,24.0,0.0,,0.1824518756760124,0.21722409413444527,14.231246302728968,1.0,
159,O08715_S55___1,,0.3167762968124704,0.37501624983750165,0.8386535601185869,ACOS,24.0,14.0,16.0,14.0,16.0,24.0,0.92,,0.04349923101882863,0.097277877884409,3.392940019468633,1.0,
160,O08715_S103___1,,0.2236067977499791,0.6875131248687513,0.9836522870292533,ACOS,24.0,22.0,16.0,22.0,16.0,24.0,0.25,,0.11350807917025535,0.16368591139247143,8.853630175279918,1.0,
161,O08784_S593___1,,0.2795084971874739,0.5000149998500015,0.9204821588147755,ACOS,24.0,16.0,16.0,16.0,16.0,24.0,0.0,,0.06550881647134288,0.1205957757767903,5.1096876847647446,1.0,
162,O08784_S169___1,,0.3913118960624634,0.21876781232187678,0.7543227814475101,ACOS,24.0,10.0,4.0,10.0,4.0,24.0,0.25,,0.017251591034782986,0.059484382074478995,1.345624100713073,1.0,
163,O08784_S853___1,,0.46584749531245645,0.0937690623093769,0.5471579350140564,ACOS,24.0,10.0,0.0,10.0,0.0,24.0,0.42,,0.005920711107451196,0.03454832525336907,0.4618154663811933,1.0,
164,O08796_S444___1,,0.4472135954999582,0.12501874981250188,0.6403693519334903,ACOS,24.0,8.0,8.0,8.0,8.0,24.0,0.0,,0.007842546279573382,0.04017098464103022,0.6117186098067239,1.0,
165,O08810_S19___1,,0.24224069756247738,0.6250137498625014,0.9735791103627425,ACOS,24.0,16.0,16.0,16.0,16.0,24.0,0.0,,0.0953088004769263,0.14846178535828905,7.434086437200252,1.0,
166,O08914_S241___1,,0.3913118960624634,0.21876781232187678,0.7543227814475101,COS,24.0,14.0,2.0,14.0,2.0,24.0,0.5,,0.017251591034782986,0.059484382074478995,1.345624100713073,1.0,
167,O09000_S847___1,,0.14907119849998607,0.8750112498875011,0.9836522870292533,ACOS,24.0,8.0,8.0,8.0,8.0,24.0,0.0,,0.21029812498078254,0.23917533062426458,16.403253748501037,1.0,
168,O09000_S544___1,,0.26087459737497565,0.5625143748562514,0.9536205028159013,COS,24.0,20.0,8.0,20.0,8.0,24.0,0.5,,0.07935437224874475,0.1345280400768894,6.189641035402091,1.0,
169,O09000_S215___1,,0.4099457958749617,0.18751812481875182,0.7309536040039274,COS,24.0,20.0,8.0,20.0,8.0,24.0,0.5,,0.013386385243419103,0.05218069745375196,1.04413804898669,1.0,
170,O09044_S110___1,,0.42857969568745996,0.15626843731562684,0.6959989393582299,ACOS,24.0,16.0,22.0,16.0,22.0,24.0,0.75,,0.010293111274975088,0.04584415543625904,0.8028626794480569,1.0,
171,O09044_S160___1,,0.2795084971874739,0.5000149998500015,0.9204821588147755,ACOS,24.0,8.0,8.0,8.0,8.0,24.0,0.0,,0.06550881647134288,0.1205957757767903,5.1096876847647446,1.0,
172,O09106_S421___1,,0.3913118960624634,0.21876781232187678,0.7543227814475101,ACOS,24.0,14.0,4.0,14.0,4.0,24.0,0.42,,0.017251591034782986,0.059484382074478995,1.345624100713073,1.0,
173,O09106_S393___1,,0.18633899812498259,0.8125118748812512,0.9836522870292533,ACOS,24.0,10.0,4.0,10.0,4.0,24.0,0.25,,0.15703129585716225,0.19764355093531163,12.248441076858654,1.0,
174,O09110_S218___1,,0.3167762968124704,0.37501624983750165,0.8386535601185869,COS,24.0,14.0,2.0,14.0,2.0,24.0,0.5,,0.04349923101882863,0.097277877884409,3.392940019468633,1.0,
175,O09172_S59___1,,0.26087459737497565,0.5625143748562514,0.9536205028159013,ACOS,24.0,16.0,16.0,16.0,16.0,24.0,0.0,,0.07935437224874475,0.1345280400768894,6.189641035402091,1.0,
176,O09174_S313___1,,0.3354101966249687,0.34376656233437664,0.8386535601185869,ACOS,24.0,10.0,6.0,10.0,6.0,24.0,0.17,,0.03498372787327912,0.08730403942892999,2.7287307741157716,1.0,
177,O09174_S323___1,,0.5217491947499513,0.04689953100468995,0.4127676955274646,ACOS,24.0,16.0,22.0,16.0,22.0,24.0,0.75,,0.0024097615294134673,0.021208564178760516,0.18796139929425046,1.0,
178,O09174_S344___1,,0.14907119849998607,0.8750112498875011,0.9836522870292533,ACOS,24.0,8.0,8.0,8.0,8.0,24.0,0.0,,0.21029812498078254,0.23917533062426458,16.403253748501037,1.0,
179,O35075_S102___1,,0.20497289793748086,0.7500124998750013,0.9836522870292533,COS,24.0,14.0,2.0,14.0,2.0,24.0,0.5,,0.13405890065957154,0.18041889221405025,10.45659425144658,1.0,
180,O35099_S1040___1,,0.4099457958749617,0.18751812481875182,0.7309536040039274,ACOS,24.0,20.0,4.0,20.0,4.0,24.0,0.67,,0.013386385243419103,0.05218069745375196,1.04413804898669,1.0,
181,O35099_S965___1,,0.37267799624996517,0.25001749982500177,0.783497463386022,ACOS,24.0,8.0,18.0,8.0,18.0,24.0,0.58,,0.02203270318362918,0.06904543509151728,1.718550848323076,1.0,
182,O35215_S90___1,,0.16770509831248434,0.8437615623843762,0.9836522870292533,ACOS,24.0,12.0,20.0,12.0,20.0,24.0,0.67,,0.1824518756760124,0.21722409413444527,14.231246302728968,1.0,
183,O35245_S827___1,,0.4099457958749617,0.18751812481875182,0.7309536040039274,COS,24.0,14.0,2.0,14.0,2.0,24.0,0.5,,0.013386385243419103,0.05218069745375196,1.04413804898669,1.0,
184,O35295_S6___1,,0.4099457958749617,0.18751812481875182,0.7309536040039274,ACOS,24.0,2.0,18.0,2.0,18.0,24.0,0.33,,0.013386385243419103,0.05218069745375196,1.04413804898669,1.0,
185,O35295_S113___1,,0.3167762968124704,0.37501624983750165,0.8386535601185869,ACOS,24.0,8.0,18.0,8.0,18.0,24.0,0.58,,0.04349923101882863,0.097277877884409,3.392940019468633,1.0,
186,O35295_S316___1,,0.2236067977499791,0.6875131248687513,0.9836522870292533,ACOS,24.0,14.0,16.0,14.0,16.0,24.0,0.92,,0.11350807917025535,0.16368591139247143,8.853630175279918,1.0,
187,O35343_S60___1,,0.3540440964374669,0.3125168748312517,0.8386535601185869,ACOS,24.0,2.0,12.0,2.0,12.0,24.0,0.58,,0.027887169552556004,0.07848809381134579,2.175199225099368,1.0,
188,O35344_S60___1,,0.2236067977499791,0.6875131248687513,0.9836522870292533,ACOS,24.0,20.0,4.0,20.0,4.0,24.0,0.67,,0.11350807917025535,0.16368591139247143,8.853630175279918,1.0,
189,O35345_S6___1,,0.3540440964374669,0.3125168748312517,0.8386535601185869,ACOS,24.0,14.0,14.0,14.0,14.0,24.0,0.0,,0.027887169552556004,0.07848809381134579,2.175199225099368,1.0,
190,O35381_S77___1,,0.24224069756247738,0.6250137498625014,0.9735791103627425,ACOS,24.0,10.0,4.0,10.0,4.0,24.0,0.25,,0.0953088004769263,0.14846178535828905,7.434086437200252,1.0,
191,O35490_S222___1,,0.14907119849998607,0.8750112498875011,0.9836522870292533,ACOS,24.0,20.0,20.0,20.0,20.0,24.0,0.0,,0.21029812498078254,0.23917533062426458,16.403253748501037,1.0,
192,O35490_S79___1,,0.24224069756247738,0.6250137498625014,0.9735791103627425,ACOS,24.0,16.0,16.0,16.0,16.0,24.0,0.0,,0.0953088004769263,0.14846178535828905,7.434086437200252,1.0,
193,O35490_S330___1,,0.3913118960624634,0.21876781232187678,0.7543227814475101,ACOS,24.0,8.0,16.0,8.0,16.0,24.0,0.67,,0.017251591034782986,0.059484382074478995,1.345624100713073,1.0,
194,O35492_S224___1,,0.726722092687432,4.999950000499995E-4,0.06827074586396994,COS,24.0,20.0,8.0,20.0,8.0,24.0,0.5,,4.3137942030421135E-5,0.005835764267952787,0.0033647594783728484,0.45518961290031734,
195,O35623_S50___1,,0.503115294937453,0.06251937480625194,0.49060770476039084,ACOS,24.0,8.0,18.0,8.0,18.0,24.0,0.58,,0.0032820864904672107,0.025755486597607225,0.2560027462564424,1.0,
196,O35643_S393___1,,0.3354101966249687,0.34376656233437664,0.8386535601185869,ACOS,24.0,14.0,4.0,14.0,4.0,24.0,0.42,,0.03498372787327912,0.08730403942892999,2.7287307741157716,1.0,
197,O35658_S197___1,,0.07453559924999303,0.984390156098439,0.9974177898103224,ACOS,24.0,16.0,16.0,16.0,16.0,24.0,0.0,,0.34358681309626693,0.3483244335568646,26.799771421508822,1.0,
198,O35678_S189___1,,0.5217491947499513,0.04689953100468995,0.4127676955274646,ACOS,24.0,12.0,20.0,12.0,20.0,24.0,0.67,,0.0024097615294134673,0.021208564178760516,0.18796139929425046,1.0,
199,O35691_S66___1,,0.4099457958749617,0.18751812481875182,0.7309536040039274,ACOS,24.0,8.0,16.0,8.0,16.0,24.0,0.67,,0.013386385243419103,0.05218069745375196,1.04413804898669,1.0,
200,O35691_S380___1,,0.2236067977499791,0.6875131248687513,0.9836522870292533,ACOS,24.0,10.0,2.0,10.0,2.0,24.0,0.33,,0.11350807917025535,0.16368591139247143,8.853630175279918,1.0,
201,O35711_S362___1,,0.3167762968124704,0.37501624983750165,0.8386535601185869,ACOS,24.0,10.0,20.0,10.0,20.0,24.0,0.58,,0.04349923101882863,0.097277877884409,3.392940019468633,1.0,
202,O35711_S386___1,,0.13043729868748782,0.9062609373906261,0.9836522870292533,ACOS,24.0,14.0,14.0,14.0,14.0,24.0,0.0,,0.24049416858204564,0.26103148572645835,18.75854514939956,1.0,
203,O35711_S518___1,,0.46584749531245645,0.0937690623093769,0.5471579350140564,ACOS,24.0,10.0,20.0,10.0,20.0,24.0,0.58,,0.005920711107451196,0.03454832525336907,0.4618154663811933,1.0,
204,O35711_S328___1,,0.48448139512495475,0.07814921850781492,0.5245437011922015,ACOS,24.0,8.0,16.0,8.0,16.0,24.0,0.67,,0.004428713520216645,0.029725873473476612,0.3454396545768983,1.0,
205,O35711_S337___1,,0.5403830945624495,0.031269687303126965,0.31931161457616186,COS,24.0,8.0,20.0,8.0,20.0,24.0,0.5,,0.0017528052122483628,0.01789883784045924,0.1367188065553723,1.0,
206,O35730_S229___1,,0.42857969568745996,0.15626843731562684,0.6959989393582299,ACOS,24.0,2.0,4.0,2.0,4.0,24.0,0.92,,0.010293111274975088,0.04584415543625904,0.8028626794480569,1.0,
207,O35730_S248___1,,0.01863389981249826,0.999530004699953,0.9997391989244612,ACOS,24.0,2.0,4.0,2.0,4.0,24.0,0.92,,0.4599048616735564,0.460001116353689,35.872579210537396,1.0,
208,O35730_S38___1,,0.20497289793748086,0.7500124998750013,0.9836522870292533,ACOS,24.0,4.0,14.0,4.0,14.0,24.0,0.58,,0.13405890065957154,0.18041889221405025,10.45659425144658,1.0,
209,O35737_S63___1,,0.3354101966249687,0.34376656233437664,0.8386535601185869,COS,24.0,14.0,2.0,14.0,2.0,24.0,0.5,,0.03498372787327912,0.08730403942892999,2.7287307741157716,1.0,
210,O35737_S104___1,,0.3354101966249687,0.34376656233437664,0.8386535601185869,ACOS,24.0,20.0,6.0,20.0,6.0,24.0,0.58,,0.03498372787327912,0.08730403942892999,2.7287307741157716,1.0,
211,O35887_S69___1,,0.3354101966249687,0.34376656233437664,0.8386535601185869,ACOS,24.0,16.0,8.0,16.0,8.0,24.0,0.33,,0.03498372787327912,0.08730403942892999,2.7287307741157716,1.0,
212,O35955_S229___1,,0.46584749531245645,0.0937690623093769,0.5471579350140564,ACOS,24.0,8.0,16.0,8.0,16.0,24.0,0.67,,0.005920711107451196,0.03454832525336907,0.4618154663811933,1.0,
213,O54724_S42___1,,0.3540440964374669,0.3125168748312517,0.8386535601185869,ACOS,24.0,10.0,10.0,10.0,10.0,24.0,0.0,,0.027887169552556004,0.07848809381134579,2.175199225099368,1.0,
214,O54749_S351___1,,0.13043729868748782,0.9062609373906261,0.9836522870292533,ACOS,24.0,16.0,12.0,16.0,12.0,24.0,0.17,,0.24049416858204564,0.26103148572645835,18.75854514939956,1.0,
215,O54774_S760___1,,0.3354101966249687,0.34376656233437664,0.8386535601185869,ACOS,24.0,20.0,12.0,20.0,12.0,24.0,0.33,,0.03498372787327912,0.08730403942892999,2.7287307741157716,1.0,
216,O54774_S685___1,,0.4099457958749617,0.18751812481875182,0.7309536040039274,ACOS,24.0,10.0,0.0,10.0,0.0,24.0,0.42,,0.013386385243419103,0.05218069745375196,1.04413804898669,1.0,
217,O54774_S784___1,,0.2795084971874739,0.5000149998500015,0.9204821588147755,ACOS,24.0,14.0,6.0,14.0,6.0,24.0,0.33,,0.06550881647134288,0.1205957757767903,5.1096876847647446,1.0,
218,O54804_S71___1,,0.3913118960624634,0.21876781232187678,0.7543227814475101,ACOS,24.0,20.0,22.0,20.0,22.0,24.0,0.92,,0.017251591034782986,0.059484382074478995,1.345624100713073,1.0,
219,O54824_S1003___1,,0.29814239699997214,0.43751562484375156,0.8852189547537208,ACOS,24.0,20.0,4.0,20.0,4.0,24.0,0.67,,0.05361444160464873,0.10847731432202215,4.181926445162601,1.0,
220,O54825_S97___1,,0.18633899812498259,0.8125118748812512,0.9836522870292533,ACOS,24.0,16.0,16.0,16.0,16.0,24.0,0.0,,0.15703129585716225,0.19764355093531163,12.248441076858654,1.0,
221,O54909_S215___1,,0.2795084971874739,0.5000149998500015,0.9204821588147755,ACOS,24.0,16.0,16.0,16.0,16.0,24.0,0.0,,0.06550881647134288,0.1205957757767903,5.1096876847647446,1.0,
222,O54931_S740___1,,0.11180339887498955,0.937510624893751,0.9899167645530791,ACOS,24.0,16.0,22.0,16.0,22.0,24.0,0.75,,0.2729083801775865,0.2881637536165899,21.286853653851747,1.0,
223,O54988_S348___1,,0.29814239699997214,0.43751562484375156,0.8852189547537208,ACOS,24.0,10.0,8.0,10.0,8.0,24.0,0.08,,0.05361444160464873,0.10847731432202215,4.181926445162601,1.0,
224,O54988_S647___1,,0.07453559924999303,0.984390156098439,0.9974177898103224,ACOS,24.0,14.0,6.0,14.0,6.0,24.0,0.33,,0.34358681309626693,0.3483244335568646,26.799771421508822,1.0,
225,O54988_S444___1,,0.24224069756247738,0.6250137498625014,0.9735791103627425,ACOS,24.0,10.0,10.0,10.0,10.0,24.0,0.0,,0.0953088004769263,0.14846178535828905,7.434086437200252,1.0,
226,O55022_S181___1,,0.07453559924999303,0.984390156098439,0.9974177898103224,ACOS,24.0,20.0,12.0,20.0,12.0,24.0,0.33,,0.34358681309626693,0.3483244335568646,26.799771421508822,1.0,
227,O55022_S54___1,,0.01863389981249826,0.999530004699953,0.9997391989244612,ACOS,24.0,22.0,16.0,22.0,16.0,24.0,0.25,,0.4599048616735564,0.460001116353689,35.872579210537396,1.0,
228,O55060_S101___1,,0.07453559924999303,0.984390156098439,0.9974177898103224,ACOS,24.0,22.0,20.0,22.0,20.0,24.0,0.08,,0.34358681309626693,0.3483244335568646,26.799771421508822,1.0,
229,O55060_S34___1,,0.26087459737497565,0.5625143748562514,0.9536205028159013,ACOS,24.0,22.0,16.0,22.0,16.0,24.0,0.25,,0.07935437224874475,0.1345280400768894,6.189641035402091,1.0,
230,O55060_S2___1,,0.16770509831248434,0.8437615623843762,0.9836522870292533,ACOS,24.0,16.0,16.0,16.0,16.0,24.0,0.0,,0.1824518756760124,0.21722409413444527,14.231246302728968,1.0,
231,O55091_S137___1,,0.18633899812498259,0.8125118748812512,0.9836522870292533,ACOS,24.0,14.0,14.0,14.0,14.0,24.0,0.0,,0.15703129585716225,0.19764355093531163,12.248441076858654,1.0,
232,O55106_S245___1,,0.3540440964374669,0.3125168748312517,0.8386535601185869,ACOS,24.0,22.0,16.0,22.0,16.0,24.0,0.25,,0.027887169552556004,0.07848809381134579,2.175199225099368,1.0,
233,O55106_S229___1,,0.24224069756247738,0.6250137498625014,0.9735791103627425,ACOS,24.0,8.0,16.0,8.0,16.0,24.0,0.67,,0.0953088004769263,0.14846178535828905,7.434086437200252,1.0,
234,O55111_S786___1,,0.3913118960624634,0.21876781232187678,0.7543227814475101,ACOS,24.0,4.0,20.0,4.0,20.0,24.0,0.33,,0.017251591034782986,0.059484382074478995,1.345624100713073,1.0,
235,O55111_S810___1,,0.16770509831248434,0.8437615623843762,0.9836522870292533,ACOS,24.0,10.0,2.0,10.0,2.0,24.0,0.33,,0.1824518756760124,0.21722409413444527,14.231246302728968,1.0,
236,O55111_S718___1,,0.09316949906249129,0.968760312396876,0.9974177898103224,ACOS,24.0,14.0,14.0,14.0,14.0,24.0,0.0,,0.30735312441432305,0.3173127201503672,23.973543704317198,1.0,
237,O55111_S963___1,,0.6521864934374391,0.003919960800391996,0.13674082237279817,ACOS,24.0,4.0,20.0,4.0,20.0,24.0,0.33,,2.1288795232688796E-4,0.007426215504891954,0.01660526028149726,0.5792448093815723,
238,O55135_S239___1,,0.2236067977499791,0.6875131248687513,0.9836522870292533,ACOS,24.0,8.0,16.0,8.0,16.0,24.0,0.67,,0.11350807917025535,0.16368591139247143,8.853630175279918,1.0,
239,O55137_S56___1,,0.37267799624996517,0.25001749982500177,0.783497463386022,ACOS,24.0,20.0,12.0,20.0,12.0,24.0,0.33,,0.02203270318362918,0.06904543509151728,1.718550848323076,1.0,
240,O55137_S416___1,,0.11180339887498955,0.937510624893751,0.9899167645530791,COS,24.0,20.0,8.0,20.0,8.0,24.0,0.5,,0.2729083801775865,0.2881637536165899,21.286853653851747,1.0,
241,O55201_S664___1,,0.3167762968124704,0.37501624983750165,0.8386535601185869,ACOS,24.0,10.0,2.0,10.0,2.0,24.0,0.33,,0.04349923101882863,0.097277877884409,3.392940019468633,1.0,
242,O70251_S106___1,,0.29814239699997214,0.43751562484375156,0.8852189547537208,ACOS,24.0,14.0,6.0,14.0,6.0,24.0,0.33,,0.05361444160464873,0.10847731432202215,4.181926445162601,1.0,
243,O70305_S783___1,,0.6708203932499374,0.002949970500294997,0.1270081893775657,COS,24.0,8.0,20.0,8.0,20.0,24.0,0.5,,1.449047398848948E-4,0.006238736503692902,0.011302569711021794,0.4866214472880464,
244,O70305_S697___1,,0.3913118960624634,0.21876781232187678,0.7543227814475101,ACOS,24.0,10.0,2.0,10.0,2.0,24.0,0.33,,0.017251591034782986,0.059484382074478995,1.345624100713073,1.0,
245,O70305_S836___1,,0.20497289793748086,0.7500124998750013,0.9836522870292533,ACOS,24.0,12.0,18.0,12.0,18.0,24.0,0.75,,0.13405890065957154,0.18041889221405025,10.45659425144658,1.0,
246,O70310_S31___1,,0.42857969568745996,0.15626843731562684,0.6959989393582299,ACOS,24.0,10.0,4.0,10.0,4.0,24.0,0.25,,0.010293111274975088,0.04584415543625904,0.8028626794480569,1.0,
247,O70318_S201___1,,0.2795084971874739,0.5000149998500015,0.9204821588147755,ACOS,24.0,20.0,4.0,20.0,4.0,24.0,0.67,,0.06550881647134288,0.1205957757767903,5.1096876847647446,1.0,
248,O70318_S116___1,,0.2236067977499791,0.6875131248687513,0.9836522870292533,ACOS,24.0,20.0,0.0,20.0,0.0,24.0,0.83,,0.11350807917025535,0.16368591139247143,8.853630175279918,1.0,
249,O70435_S250___1,,0.5217491947499513,0.04689953100468995,0.4127676955274646,ACOS,24.0,16.0,22.0,16.0,22.0,24.0,0.75,,0.0024097615294134673,0.021208564178760516,0.18796139929425046,1.0,
250,O70472_S1177___1,,0.18633899812498259,0.8125118748812512,0.9836522870292533,ACOS,24.0,4.0,20.0,4.0,20.0,24.0,0.33,,0.15703129585716225,0.19764355093531163,12.248441076858654,1.0,
251,O70472_S1153___1,,0.13043729868748782,0.9062609373906261,0.9836522870292533,ACOS,24.0,16.0,22.0,16.0,22.0,24.0,0.75,,0.24049416858204564,0.26103148572645835,18.75854514939956,1.0,
252,O70493_S73___1,,0.09316949906249129,0.968760312396876,0.9974177898103224,ACOS,24.0,14.0,6.0,14.0,6.0,24.0,0.33,,0.30735312441432305,0.3173127201503672,23.973543704317198,1.0,
253,O70551_S51___1,,0.18633899812498259,0.8125118748812512,0.9836522870292533,ACOS,24.0,20.0,4.0,20.0,4.0,24.0,0.67,,0.15703129585716225,0.19764355093531163,12.248441076858654,1.0,
254,O70551_S311___1,,0.4472135954999582,0.12501874981250188,0.6403693519334903,ACOS,24.0,20.0,12.0,20.0,12.0,24.0,0.33,,0.007842546279573382,0.04017098464103022,0.6117186098067239,1.0,
255,O70570_S680___1,,0.6894542930624356,0.001969980300196998,0.11768169818301817,ACOS,24.0,20.0,4.0,20.0,4.0,24.0,0.67,,9.769013212726992E-5,0.005835764267952787,0.007619830305927054,0.45518961290031734,
256,O70570_S689___1,,0.5403830945624495,0.031269687303126965,0.31931161457616186,ACOS,24.0,8.0,16.0,8.0,16.0,24.0,0.67,,0.0017528052122483628,0.01789883784045924,0.1367188065553723,1.0,
257,O70570_S696___1,,0.726722092687432,4.999950000499995E-4,0.06827074586396994,ACOS,24.0,20.0,4.0,20.0,4.0,24.0,0.67,,4.3137942030421135E-5,0.005835764267952787,0.0033647594783728484,0.45518961290031734,
258,O70572_S404___1,,0.577650894187446,0.015639843601563983,0.22997788483653625,ACOS,24.0,14.0,20.0,14.0,20.0,24.0,0.75,,9.015710203196908E-4,0.013257255095716316,0.07032253958493588,1.0,
259,O70585_S394___1,,0.16770509831248434,0.8437615623843762,0.9836522870292533,ACOS,24.0,16.0,8.0,16.0,8.0,24.0,0.33,,0.1824518756760124,0.21722409413444527,14.231246302728968,1.0,
260,O88271_S246___1,,0.14907119849998607,0.8750112498875011,0.9836522870292533,ACOS,24.0,16.0,10.0,16.0,10.0,24.0,0.25,,0.21029812498078254,0.23917533062426458,16.403253748501037,1.0,
261,O88286_S1179___1,,0.2795084971874739,0.5000149998500015,0.9204821588147755,ACOS,24.0,2.0,10.0,2.0,10.0,24.0,0.67,,0.06550881647134288,0.1205957757767903,5.1096876847647446,1.0,
262,O88343_S1069___1,,0.16770509831248434,0.8437615623843762,0.9836522870292533,ACOS,24.0,10.0,20.0,10.0,20.0,24.0,0.58,,0.1824518756760124,0.21722409413444527,14.231246302728968,1.0,
263,O88343_S1029___1,,0.5590169943749478,0.023459765402345976,0.28673713262867373,ACOS,24.0,16.0,8.0,16.0,8.0,24.0,0.33,,0.0012630300532244254,0.015437392901175266,0.09851634415150518,1.0,
264,O88343_S1034___1,,0.5962847939999443,0.011739882601173987,0.2093466378769048,ACOS,24.0,8.0,18.0,8.0,18.0,24.0,0.58,,6.374983385533969E-4,0.011367927462487626,0.04972487040716496,0.8866983420740349,
265,O88343_S245___1,,0.07453559924999303,0.984390156098439,0.9974177898103224,ACOS,24.0,10.0,10.0,10.0,10.0,24.0,0.0,,0.34358681309626693,0.3483244335568646,26.799771421508822,1.0,
266,O88451_S221___1,,0.2236067977499791,0.6875131248687513,0.9836522870292533,ACOS,24.0,22.0,16.0,22.0,16.0,24.0,0.25,,0.11350807917025535,0.16368591139247143,8.853630175279918,1.0,
267,O88456_S6___1,,0.2236067977499791,0.6875131248687513,0.9836522870292533,COS,24.0,8.0,20.0,8.0,20.0,24.0,0.5,,0.11350807917025535,0.16368591139247143,8.853630175279918,1.0,
268,O88487_S81___1,,0.20497289793748086,0.7500124998750013,0.9836522870292533,ACOS,24.0,10.0,20.0,10.0,20.0,24.0,0.58,,0.13405890065957154,0.18041889221405025,10.45659425144658,1.0,
269,O88532_S1054___1,,0.4099457958749617,0.18751812481875182,0.7309536040039274,ACOS,24.0,20.0,4.0,20.0,4.0,24.0,0.67,,0.013386385243419103,0.05218069745375196,1.04413804898669,1.0,
270,O88569_S259___1,,0.4472135954999582,0.12501874981250188,0.6403693519334903,ACOS,24.0,16.0,12.0,16.0,12.0,24.0,0.17,,0.007842546279573382,0.04017098464103022,0.6117186098067239,1.0,
271,O88569_S212___1,,0.37267799624996517,0.25001749982500177,0.783497463386022,ACOS,24.0,14.0,16.0,14.0,16.0,24.0,0.92,,0.02203270318362918,0.06904543509151728,1.718550848323076,1.0,
272,O88569_S236___1,,0.3167762968124704,0.37501624983750165,0.8386535601185869,ACOS,24.0,14.0,16.0,14.0,16.0,24.0,0.92,,0.04349923101882863,0.097277877884409,3.392940019468633,1.0,
273,O88569_S341___1,,0.18633899812498259,0.8125118748812512,0.9836522870292533,ACOS,24.0,20.0,0.0,20.0,0.0,24.0,0.83,,0.15703129585716225,0.19764355093531163,12.248441076858654,1.0,
274,O88569_S344___1,,0.18633899812498259,0.8125118748812512,0.9836522870292533,ACOS,24.0,10.0,4.0,10.0,4.0,24.0,0.25,,0.15703129585716225,0.19764355093531163,12.248441076858654,1.0,
275,O88587_S261___1,,0.3913118960624634,0.21876781232187678,0.7543227814475101,ACOS,24.0,14.0,4.0,14.0,4.0,24.0,0.42,,0.017251591034782986,0.059484382074478995,1.345624100713073,1.0,
276,O88622_S135___1,,0.20497289793748086,0.7500124998750013,0.9836522870292533,ACOS,24.0,8.0,16.0,8.0,16.0,24.0,0.67,,0.13405890065957154,0.18041889221405025,10.45659425144658,1.0,
277,O88622_S311___1,,0.3354101966249687,0.34376656233437664,0.8386535601185869,ACOS,24.0,22.0,22.0,22.0,22.0,24.0,0.0,,0.03498372787327912,0.08730403942892999,2.7287307741157716,1.0,
278,O88685_S12___1,,0.20497289793748086,0.7500124998750013,0.9836522870292533,ACOS,24.0,14.0,14.0,14.0,14.0,24.0,0.0,,0.13405890065957154,0.18041889221405025,10.45659425144658,1.0,
279,O88735_S235___1,,0.3913118960624634,0.21876781232187678,0.7543227814475101,ACOS,24.0,4.0,0.0,4.0,0.0,24.0,0.17,,0.017251591034782986,0.059484382074478995,1.345624100713073,1.0,
280,O88735_S202___1,,0.14907119849998607,0.8750112498875011,0.9836522870292533,ACOS,24.0,22.0,20.0,22.0,20.0,24.0,0.08,,0.21029812498078254,0.23917533062426458,16.403253748501037,1.0,
281,O88735_S336___1,,0.14907119849998607,0.8750112498875011,0.9836522870292533,ACOS,24.0,14.0,14.0,14.0,14.0,24.0,0.0,,0.21029812498078254,0.23917533062426458,16.403253748501037,1.0,
282,O88735_S183___1,,0.3540440964374669,0.3125168748312517,0.8386535601185869,COS,24.0,2.0,14.0,2.0,14.0,24.0,0.5,,0.027887169552556004,0.07848809381134579,2.175199225099368,1.0,
283,O88738_S452___1,,0.3354101966249687,0.34376656233437664,0.8386535601185869,ACOS,24.0,10.0,10.0,10.0,10.0,24.0,0.0,,0.03498372787327912,0.08730403942892999,2.7287307741157716,1.0,
284,O88738_S465___1,,0.3913118960624634,0.21876781232187678,0.7543227814475101,ACOS,24.0,10.0,20.0,10.0,20.0,24.0,0.58,,0.017251591034782986,0.059484382074478995,1.345624100713073,1.0,
285,O88746_S472___1,,0.20497289793748086,0.7500124998750013,0.9836522870292533,COS,24.0,8.0,20.0,8.0,20.0,24.0,0.5,,0.13405890065957154,0.18041889221405025,10.45659425144658,1.0,
286,O88746_S176___1,,0.20497289793748086,0.7500124998750013,0.9836522870292533,COS,24.0,8.0,20.0,8.0,20.0,24.0,0.5,,0.13405890065957154,0.18041889221405025,10.45659425144658,1.0,
287,O88783_S903___1,,0.29814239699997214,0.43751562484375156,0.8852189547537208,ACOS,24.0,16.0,16.0,16.0,16.0,24.0,0.0,,0.05361444160464873,0.10847731432202215,4.181926445162601,1.0,
288,O88792_S288___1,,0.07453559924999303,0.984390156098439,0.9974177898103224,ACOS,24.0,14.0,14.0,14.0,14.0,24.0,0.0,,0.34358681309626693,0.3483244335568646,26.799771421508822,1.0,
289,O88888_S122___1,,0.24224069756247738,0.6250137498625014,0.9735791103627425,ACOS,24.0,4.0,14.0,4.0,14.0,24.0,0.58,,0.0953088004769263,0.14846178535828905,7.434086437200252,1.0,
290,O88939_S331___1,,0.48448139512495475,0.07814921850781492,0.5245437011922015,ACOS,24.0,22.0,22.0,22.0,22.0,24.0,0.0,,0.004428713520216645,0.029725873473476612,0.3454396545768983,1.0,
291,O88939_S537___1,,0.3167762968124704,0.37501624983750165,0.8386535601185869,ACOS,24.0,16.0,12.0,16.0,12.0,24.0,0.17,,0.04349923101882863,0.097277877884409,3.392940019468633,1.0,
292,O89026_S901___1,,0.13043729868748782,0.9062609373906261,0.9836522870292533,ACOS,24.0,14.0,4.0,14.0,4.0,24.0,0.42,,0.24049416858204564,0.26103148572645835,18.75854514939956,1.0,
293,O89079_S13___1,,0.29814239699997214,0.43751562484375156,0.8852189547537208,ACOS,24.0,10.0,4.0,10.0,4.0,24.0,0.25,,0.05361444160464873,0.10847731432202215,4.181926445162601,1.0,
294,O89110_S213___1,,0.48448139512495475,0.07814921850781492,0.5245437011922015,ACOS,24.0,14.0,4.0,14.0,4.0,24.0,0.42,,0.004428713520216645,0.029725873473476612,0.3454396545768983,1.0,
295,O89110_S188___1,,0.26087459737497565,0.5625143748562514,0.9536205028159013,ACOS,24.0,14.0,14.0,14.0,14.0,24.0,0.0,,0.07935437224874475,0.1345280400768894,6.189641035402091,1.0,
296,P01901_S354___1,,0.3913118960624634,0.21876781232187678,0.7543227814475101,ACOS,24.0,14.0,14.0,14.0,14.0,24.0,0.0,,0.017251591034782986,0.059484382074478995,1.345624100713073,1.0,
297,P01942_S53___1,,0.3167762968124704,0.37501624983750165,0.8386535601185869,COS,24.0,14.0,2.0,14.0,2.0,24.0,0.5,,0.04349923101882863,0.097277877884409,3.392940019468633,1.0,
298,P02088_S88___1,,0.3167762968124704,0.37501624983750165,0.8386535601185869,ACOS,24.0,10.0,4.0,10.0,4.0,24.0,0.25,,0.04349923101882863,0.097277877884409,3.392940019468633,1.0,
299,P02088_S90___1,,0.2795084971874739,0.5000149998500015,0.9204821588147755,ACOS,24.0,12.0,20.0,12.0,20.0,24.0,0.67,,0.06550881647134288,0.1205957757767903,5.1096876847647446,1.0,
300,P02088_S81___1,,0.16770509831248434,0.8437615623843762,0.9836522870292533,ACOS,24.0,14.0,16.0,14.0,16.0,24.0,0.92,,0.1824518756760124,0.21722409413444527,14.231246302728968,1.0,
301,P02088_S45___1,,0.18633899812498259,0.8125118748812512,0.9836522870292533,COS,24.0,14.0,2.0,14.0,2.0,24.0,0.5,,0.15703129585716225,0.19764355093531163,12.248441076858654,1.0,
302,P02088_S51___1,,0.3540440964374669,0.3125168748312517,0.8386535601185869,COS,24.0,14.0,2.0,14.0,2.0,24.0,0.5,,0.027887169552556004,0.07848809381134579,2.175199225099368,1.0,
303,P02088_S53___1,,0.29814239699997214,0.43751562484375156,0.8852189547537208,ACOS,24.0,16.0,22.0,16.0,22.0,24.0,0.75,,0.05361444160464873,0.10847731432202215,4.181926445162601,1.0,
304,P04627_S255___1,,0.42857969568745996,0.15626843731562684,0.6959989393582299,ACOS,24.0,10.0,20.0,10.0,20.0,24.0,0.58,,0.010293111274975088,0.04584415543625904,0.8028626794480569,1.0,
305,P04627_S157___1,,0.5590169943749478,0.023459765402345976,0.28673713262867373,ACOS,24.0,4.0,20.0,4.0,20.0,24.0,0.33,,0.0012630300532244254,0.015437392901175266,0.09851634415150518,1.0,
306,P04627_S162___1,,0.577650894187446,0.015639843601563983,0.22997788483653625,ACOS,24.0,4.0,0.0,4.0,0.0,24.0,0.17,,9.015710203196908E-4,0.013257255095716316,0.07032253958493588,1.0,
307,P04627_S186___1,,0.4472135954999582,0.12501874981250188,0.6403693519334903,COS,24.0,8.0,20.0,8.0,20.0,24.0,0.5,,0.007842546279573382,0.04017098464103022,0.6117186098067239,1.0,
308,P04919_S18___1,,0.16770509831248434,0.8437615623843762,0.9836522870292533,ACOS,24.0,16.0,22.0,16.0,22.0,24.0,0.75,,0.1824518756760124,0.21722409413444527,14.231246302728968,1.0,
309,P05064_S36___1,,0.26087459737497565,0.5625143748562514,0.9536205028159013,ACOS,24.0,8.0,8.0,8.0,8.0,24.0,0.0,,0.07935437224874475,0.1345280400768894,6.189641035402091,1.0,
310,P05064_S39___1,,0.11180339887498955,0.937510624893751,0.9899167645530791,ACOS,24.0,8.0,10.0,8.0,10.0,24.0,0.92,,0.2729083801775865,0.2881637536165899,21.286853653851747,1.0,
311,P05132_S339___1,,0.29814239699997214,0.43751562484375156,0.8852189547537208,COS,24.0,14.0,2.0,14.0,2.0,24.0,0.5,,0.05361444160464873,0.10847731432202215,4.181926445162601,1.0,
312,P05202_S123___1,,0.11180339887498955,0.937510624893751,0.9899167645530791,ACOS,24.0,16.0,16.0,16.0,16.0,24.0,0.0,,0.2729083801775865,0.2881637536165899,21.286853653851747,1.0,
313,P05202_S415___1,,0.26087459737497565,0.5625143748562514,0.9536205028159013,COS,24.0,2.0,14.0,2.0,14.0,24.0,0.5,,0.07935437224874475,0.1345280400768894,6.189641035402091,1.0,
314,P05213_S439___1,,0.29814239699997214,0.43751562484375156,0.8852189547537208,ACOS,24.0,20.0,4.0,20.0,4.0,24.0,0.67,,0.05361444160464873,0.10847731432202215,4.181926445162601,1.0,
315,P05213_S340___1,,0.3354101966249687,0.34376656233437664,0.8386535601185869,ACOS,24.0,14.0,4.0,14.0,4.0,24.0,0.42,,0.03498372787327912,0.08730403942892999,2.7287307741157716,1.0,
316,P06800_S964___1,,0.4099457958749617,0.18751812481875182,0.7309536040039274,ACOS,24.0,20.0,4.0,20.0,4.0,24.0,0.67,,0.013386385243419103,0.05218069745375196,1.04413804898669,1.0,
317,P06801_S336___1,,0.2236067977499791,0.6875131248687513,0.9836522870292533,ACOS,24.0,10.0,10.0,10.0,10.0,24.0,0.0,,0.11350807917025535,0.16368591139247143,8.853630175279918,1.0,
318,P06909_S1198___1,,0.2795084971874739,0.5000149998500015,0.9204821588147755,COS,24.0,2.0,14.0,2.0,14.0,24.0,0.5,,0.06550881647134288,0.1205957757767903,5.1096876847647446,1.0,
319,P07309_S72___1,,0.37267799624996517,0.25001749982500177,0.783497463386022,ACOS,24.0,14.0,4.0,14.0,4.0,24.0,0.42,,0.02203270318362918,0.06904543509151728,1.718550848323076,1.0,
320,P07758_S168___1,,0.3354101966249687,0.34376656233437664,0.8386535601185869,ACOS,24.0,14.0,14.0,14.0,14.0,24.0,0.0,,0.03498372787327912,0.08730403942892999,2.7287307741157716,1.0,
321,P07901_S231___1,,0.13043729868748782,0.9062609373906261,0.9836522870292533,ACOS,24.0,16.0,16.0,16.0,16.0,24.0,0.0,,0.24049416858204564,0.26103148572645835,18.75854514939956,1.0,
322,P07901_S263___1,,0.3540440964374669,0.3125168748312517,0.8386535601185869,COS,24.0,20.0,8.0,20.0,8.0,24.0,0.5,,0.027887169552556004,0.07848809381134579,2.175199225099368,1.0,
323,P08030_S15___1,,0.26087459737497565,0.5625143748562514,0.9536205028159013,ACOS,24.0,8.0,8.0,8.0,8.0,24.0,0.0,,0.07935437224874475,0.1345280400768894,6.189641035402091,1.0,
324,P08226_S139___1,,0.18633899812498259,0.8125118748812512,0.9836522870292533,ACOS,24.0,4.0,0.0,4.0,0.0,24.0,0.17,,0.15703129585716225,0.19764355093531163,12.248441076858654,1.0,
325,P08228_S106___1,,0.14907119849998607,0.8750112498875011,0.9836522870292533,ACOS,24.0,16.0,22.0,16.0,22.0,24.0,0.75,,0.21029812498078254,0.23917533062426458,16.403253748501037,1.0,
326,P08228_S108___1,,0.3354101966249687,0.34376656233437664,0.8386535601185869,ACOS,24.0,8.0,8.0,8.0,8.0,24.0,0.0,,0.03498372787327912,0.08730403942892999,2.7287307741157716,1.0,
327,P08775_S1913___1,,0.42857969568745996,0.15626843731562684,0.6959989393582299,ACOS,24.0,8.0,10.0,8.0,10.0,24.0,0.92,,0.010293111274975088,0.04584415543625904,0.8028626794480569,1.0,
328,P09405_S616___1,,0.29814239699997214,0.43751562484375156,0.8852189547537208,ACOS,24.0,20.0,4.0,20.0,4.0,24.0,0.67,,0.05361444160464873,0.10847731432202215,4.181926445162601,1.0,
329,P09405_S303___1,,0.4472135954999582,0.12501874981250188,0.6403693519334903,ACOS,24.0,16.0,12.0,16.0,12.0,24.0,0.17,,0.007842546279573382,0.04017098464103022,0.6117186098067239,1.0,
330,P09411_S203___1,,0.3354101966249687,0.34376656233437664,0.8386535601185869,ACOS,24.0,14.0,4.0,14.0,4.0,24.0,0.42,,0.03498372787327912,0.08730403942892999,2.7287307741157716,1.0,
331,P09581_S711___1,,0.2236067977499791,0.6875131248687513,0.9836522870292533,ACOS,24.0,4.0,20.0,4.0,20.0,24.0,0.33,,0.11350807917025535,0.16368591139247143,8.853630175279918,1.0,
332,P10126_S224___1,,0.14907119849998607,0.8750112498875011,0.9836522870292533,ACOS,24.0,14.0,6.0,14.0,6.0,24.0,0.33,,0.21029812498078254,0.23917533062426458,16.403253748501037,1.0,
333,P10518_S215___1,,0.09316949906249129,0.968760312396876,0.9974177898103224,ACOS,24.0,2.0,2.0,2.0,2.0,24.0,0.0,,0.30735312441432305,0.3173127201503672,23.973543704317198,1.0,
334,P10637_S188___1,,0.07453559924999303,0.984390156098439,0.9974177898103224,ACOS,24.0,14.0,6.0,14.0,6.0,24.0,0.33,,0.34358681309626693,0.3483244335568646,26.799771421508822,1.0,
335,P10637_S491___1,,0.18633899812498259,0.8125118748812512,0.9836522870292533,ACOS,24.0,14.0,4.0,14.0,4.0,24.0,0.42,,0.15703129585716225,0.19764355093531163,12.248441076858654,1.0,
336,P10649_S67___1,,0.4099457958749617,0.18751812481875182,0.7309536040039274,ACOS,24.0,14.0,4.0,14.0,4.0,24.0,0.42,,0.013386385243419103,0.05218069745375196,1.04413804898669,1.0,
337,P10649_S27___1,,0.4472135954999582,0.12501874981250188,0.6403693519334903,ACOS,24.0,20.0,4.0,20.0,4.0,24.0,0.67,,0.007842546279573382,0.04017098464103022,0.6117186098067239,1.0,
338,P10711_S100___1,,0.29814239699997214,0.43751562484375156,0.8852189547537208,ACOS,24.0,20.0,4.0,20.0,4.0,24.0,0.67,,0.05361444160464873,0.10847731432202215,4.181926445162601,1.0,
339,P11276_S2475___1,,0.3540440964374669,0.3125168748312517,0.8386535601185869,ACOS,24.0,14.0,4.0,14.0,4.0,24.0,0.42,,0.027887169552556004,0.07848809381134579,2.175199225099368,1.0,
340,P11352_S32___1,,0.2236067977499791,0.6875131248687513,0.9836522870292533,ACOS,24.0,14.0,4.0,14.0,4.0,24.0,0.42,,0.11350807917025535,0.16368591139247143,8.853630175279918,1.0,
341,P11352_S201___1,,0.14907119849998607,0.8750112498875011,0.9836522870292533,ACOS,24.0,12.0,20.0,12.0,20.0,24.0,0.67,,0.21029812498078254,0.23917533062426458,16.403253748501037,1.0,
342,P11499_S226___1,,0.26087459737497565,0.5625143748562514,0.9536205028159013,ACOS,24.0,20.0,4.0,20.0,4.0,24.0,0.67,,0.07935437224874475,0.1345280400768894,6.189641035402091,1.0,
343,P11499_S255___1,,0.14907119849998607,0.8750112498875011,0.9836522870292533,ACOS,24.0,14.0,6.0,14.0,6.0,24.0,0.33,,0.21029812498078254,0.23917533062426458,16.403253748501037,1.0,
344,P11531_S3617___1,,0.11180339887498955,0.937510624893751,0.9899167645530791,ACOS,24.0,4.0,20.0,4.0,20.0,24.0,0.33,,0.2729083801775865,0.2881637536165899,21.286853653851747,1.0,
345,P11531_S3493___1,,0.3913118960624634,0.21876781232187678,0.7543227814475101,COS,24.0,8.0,20.0,8.0,20.0,24.0,0.5,,0.017251591034782986,0.059484382074478995,1.345624100713073,1.0,
346,P11679_S24___1,,0.24224069756247738,0.6250137498625014,0.9735791103627425,ACOS,24.0,4.0,14.0,4.0,14.0,24.0,0.58,,0.0953088004769263,0.14846178535828905,7.434086437200252,1.0,
347,P11679_S485___1,,0.5403830945624495,0.031269687303126965,0.31931161457616186,ACOS,24.0,10.0,20.0,10.0,20.0,24.0,0.58,,0.0017528052122483628,0.01789883784045924,0.1367188065553723,1.0,
348,P11679_S489___1,,0.26087459737497565,0.5625143748562514,0.9536205028159013,ACOS,24.0,20.0,4.0,20.0,4.0,24.0,0.67,,0.07935437224874475,0.1345280400768894,6.189641035402091,1.0,
349,P11679_S47___1,,0.3167762968124704,0.37501624983750165,0.8386535601185869,ACOS,24.0,10.0,20.0,10.0,20.0,24.0,0.58,,0.04349923101882863,0.097277877884409,3.392940019468633,1.0,
350,P11714_S138___1,,0.24224069756247738,0.6250137498625014,0.9735791103627425,ACOS,24.0,8.0,16.0,8.0,16.0,24.0,0.67,,0.0953088004769263,0.14846178535828905,7.434086437200252,1.0,
351,P11725_S296___1,,0.20497289793748086,0.7500124998750013,0.9836522870292533,ACOS,24.0,14.0,14.0,14.0,14.0,24.0,0.0,,0.13405890065957154,0.18041889221405025,10.45659425144658,1.0,
352,P11881_S1740___1,,0.09316949906249129,0.968760312396876,0.9974177898103224,ACOS,24.0,20.0,20.0,20.0,20.0,24.0,0.0,,0.30735312441432305,0.3173127201503672,23.973543704317198,1.0,
353,P11983_S544___1,,0.46584749531245645,0.0937690623093769,0.5471579350140564,ACOS,24.0,16.0,16.0,16.0,16.0,24.0,0.0,,0.005920711107451196,0.03454832525336907,0.4618154663811933,1.0,
354,P12367_S96___1,,0.3354101966249687,0.34376656233437664,0.8386535601185869,ACOS,24.0,8.0,18.0,8.0,18.0,24.0,0.58,,0.03498372787327912,0.08730403942892999,2.7287307741157716,1.0,
355,P12382_S775___1,,0.503115294937453,0.06251937480625194,0.49060770476039084,ACOS,24.0,8.0,16.0,8.0,16.0,24.0,0.67,,0.0032820864904672107,0.025755486597607225,0.2560027462564424,1.0,
356,P12710_S100___1,,0.4472135954999582,0.12501874981250188,0.6403693519334903,ACOS,24.0,16.0,12.0,16.0,12.0,24.0,0.17,,0.007842546279573382,0.04017098464103022,0.6117186098067239,1.0,
357,P12710_S11___1,,0.3354101966249687,0.34376656233437664,0.8386535601185869,ACOS,24.0,16.0,14.0,16.0,14.0,24.0,0.08,,0.03498372787327912,0.08730403942892999,2.7287307741157716,1.0,
358,P13542_S904___1,,0.16770509831248434,0.8437615623843762,0.9836522870292533,ACOS,24.0,16.0,16.0,16.0,16.0,24.0,0.0,,0.1824518756760124,0.21722409413444527,14.231246302728968,1.0,
359,P13745_S142___1,,0.2795084971874739,0.5000149998500015,0.9204821588147755,ACOS,24.0,22.0,16.0,22.0,16.0,24.0,0.25,,0.06550881647134288,0.1205957757767903,5.1096876847647446,1.0,
360,P13808_S131___1,,0.7453559924999303,2.599974000259997E-4,0.06212637873621263,ACOS,24.0,10.0,2.0,10.0,2.0,24.0,0.33,,2.825417584497489E-5,0.005835764267952787,0.0022038257159080416,0.45518961290031734,
361,P14152_S89___1,,0.24224069756247738,0.6250137498625014,0.9735791103627425,ACOS,24.0,16.0,22.0,16.0,22.0,24.0,0.75,,0.0953088004769263,0.14846178535828905,7.434086437200252,1.0,
362,P14152_S189___1,,0.42857969568745996,0.15626843731562684,0.6959989393582299,ACOS,24.0,10.0,2.0,10.0,2.0,24.0,0.33,,0.010293111274975088,0.04584415543625904,0.8028626794480569,1.0,
363,P14246_S522___1,,0.3167762968124704,0.37501624983750165,0.8386535601185869,ACOS,24.0,22.0,16.0,22.0,16.0,24.0,0.25,,0.04349923101882863,0.097277877884409,3.392940019468633,1.0,
364,P14576_S18___1,,0.3167762968124704,0.37501624983750165,0.8386535601185869,COS,24.0,8.0,20.0,8.0,20.0,24.0,0.5,,0.04349923101882863,0.097277877884409,3.392940019468633,1.0,
365,P14602_S15___1,,0.5590169943749478,0.023459765402345976,0.28673713262867373,ACOS,24.0,4.0,20.0,4.0,20.0,24.0,0.33,,0.0012630300532244254,0.015437392901175266,0.09851634415150518,1.0,
366,P14685_S45___1,,0.2795084971874739,0.5000149998500015,0.9204821588147755,ACOS,24.0,10.0,2.0,10.0,2.0,24.0,0.33,,0.06550881647134288,0.1205957757767903,5.1096876847647446,1.0,
367,P14869_S304___1,,0.5590169943749478,0.023459765402345976,0.28673713262867373,ACOS,24.0,16.0,12.0,16.0,12.0,24.0,0.17,,0.0012630300532244254,0.015437392901175266,0.09851634415150518,1.0,
368,P14869_S307___1,,0.6149186938124426,0.007829921700782993,0.17567697562460996,ACOS,24.0,14.0,4.0,14.0,4.0,24.0,0.42,,4.465174392780171E-4,0.010018341982674385,0.03482836026368533,0.7814306746486018,
369,P14901_S242___1,,0.42857969568745996,0.15626843731562684,0.6959989393582299,ACOS,24.0,4.0,14.0,4.0,14.0,24.0,0.58,,0.010293111274975088,0.04584415543625904,0.8028626794480569,1.0,
370,P15105_S343___1,,0.16770509831248434,0.8437615623843762,0.9836522870292533,ACOS,24.0,10.0,2.0,10.0,2.0,24.0,0.33,,0.1824518756760124,0.21722409413444527,14.231246302728968,1.0,
371,P15105_S19___1,,0.16770509831248434,0.8437615623843762,0.9836522870292533,ACOS,24.0,8.0,16.0,8.0,16.0,24.0,0.67,,0.1824518756760124,0.21722409413444527,14.231246302728968,1.0,
372,P15508_S2116___1,,0.2236067977499791,0.6875131248687513,0.9836522870292533,ACOS,24.0,20.0,20.0,20.0,20.0,24.0,0.0,,0.11350807917025535,0.16368591139247143,8.853630175279918,1.0,
373,P15508_S36___1,,0.16770509831248434,0.8437615623843762,0.9836522870292533,COS,24.0,20.0,8.0,20.0,8.0,24.0,0.5,,0.1824518756760124,0.21722409413444527,14.231246302728968,1.0,
374,P15920_S695___1,,0.14907119849998607,0.8750112498875011,0.9836522870292533,ACOS,24.0,16.0,16.0,16.0,16.0,24.0,0.0,,0.21029812498078254,0.23917533062426458,16.403253748501037,1.0,
375,P16015_S48___1,,0.37267799624996517,0.25001749982500177,0.783497463386022,ACOS,24.0,10.0,2.0,10.0,2.0,24.0,0.33,,0.02203270318362918,0.06904543509151728,1.718550848323076,1.0,
376,P16015_S50___1,,0.09316949906249129,0.968760312396876,0.9974177898103224,ACOS,24.0,16.0,16.0,16.0,16.0,24.0,0.0,,0.30735312441432305,0.3173127201503672,23.973543704317198,1.0,
377,P16015_S9___1,,0.3167762968124704,0.37501624983750165,0.8386535601185869,ACOS,24.0,20.0,4.0,20.0,4.0,24.0,0.67,,0.04349923101882863,0.097277877884409,3.392940019468633,1.0,
378,P16015_S29___1,,0.48448139512495475,0.07814921850781492,0.5245437011922015,ACOS,24.0,20.0,10.0,20.0,10.0,24.0,0.42,,0.004428713520216645,0.029725873473476612,0.3454396545768983,1.0,
379,P16056_S998___1,,0.20497289793748086,0.7500124998750013,0.9836522870292533,ACOS,24.0,14.0,16.0,14.0,16.0,24.0,0.92,,0.13405890065957154,0.18041889221405025,10.45659425144658,1.0,
380,P16331_S12___1,,0.3913118960624634,0.21876781232187678,0.7543227814475101,COS,24.0,8.0,20.0,8.0,20.0,24.0,0.5,,0.017251591034782986,0.059484382074478995,1.345624100713073,1.0,
381,P16331_S436___1,,0.5403830945624495,0.031269687303126965,0.31931161457616186,ACOS,24.0,4.0,0.0,4.0,0.0,24.0,0.17,,0.0017528052122483628,0.01789883784045924,0.1367188065553723,1.0,
382,P16331_S67___1,,0.5962847939999443,0.011739882601173987,0.2093466378769048,COS,24.0,8.0,20.0,8.0,20.0,24.0,0.5,,6.374983385533969E-4,0.011367927462487626,0.04972487040716496,0.8866983420740349,
383,P16332_S497___1,,0.16770509831248434,0.8437615623843762,0.9836522870292533,ACOS,24.0,20.0,4.0,20.0,4.0,24.0,0.67,,0.1824518756760124,0.21722409413444527,14.231246302728968,1.0,
384,P16460_S219___1,,0.3354101966249687,0.34376656233437664,0.8386535601185869,ACOS,24.0,10.0,2.0,10.0,2.0,24.0,0.33,,0.03498372787327912,0.08730403942892999,2.7287307741157716,1.0,
385,P16460_S278___1,,0.3167762968124704,0.37501624983750165,0.8386535601185869,ACOS,24.0,14.0,4.0,14.0,4.0,24.0,0.42,,0.04349923101882863,0.097277877884409,3.392940019468633,1.0,
386,P16858_S208___1,,0.24224069756247738,0.6250137498625014,0.9735791103627425,ACOS,24.0,6.0,10.0,6.0,10.0,24.0,0.83,,0.0953088004769263,0.14846178535828905,7.434086437200252,1.0,
387,P17095_S102___1,,0.2236067977499791,0.6875131248687513,0.9836522870292533,ACOS,24.0,14.0,4.0,14.0,4.0,24.0,0.42,,0.11350807917025535,0.16368591139247143,8.853630175279918,1.0,
388,P17095_S103___1,,0.3354101966249687,0.34376656233437664,0.8386535601185869,ACOS,24.0,14.0,4.0,14.0,4.0,24.0,0.42,,0.03498372787327912,0.08730403942892999,2.7287307741157716,1.0,
389,P17182_S40___1,,0.3354101966249687,0.34376656233437664,0.8386535601185869,COS,24.0,14.0,2.0,14.0,2.0,24.0,0.5,,0.03498372787327912,0.08730403942892999,2.7287307741157716,1.0,
390,P17182_S176___1,,0.13043729868748782,0.9062609373906261,0.9836522870292533,ACOS,24.0,10.0,4.0,10.0,4.0,24.0,0.25,,0.24049416858204564,0.26103148572645835,18.75854514939956,1.0,
391,P17182_S254___1,,0.20497289793748086,0.7500124998750013,0.9836522870292533,ACOS,24.0,20.0,22.0,20.0,22.0,24.0,0.92,,0.13405890065957154,0.18041889221405025,10.45659425144658,1.0,
392,P17225_S16___1,,0.4099457958749617,0.18751812481875182,0.7309536040039274,ACOS,24.0,20.0,4.0,20.0,4.0,24.0,0.67,,0.013386385243419103,0.05218069745375196,1.04413804898669,1.0,
393,P17563_S360___1,,0.3354101966249687,0.34376656233437664,0.8386535601185869,ACOS,24.0,20.0,10.0,20.0,10.0,24.0,0.42,,0.03498372787327912,0.08730403942892999,2.7287307741157716,1.0,
394,P17751_S212___1,,0.42857969568745996,0.15626843731562684,0.6959989393582299,ACOS,24.0,20.0,4.0,20.0,4.0,24.0,0.67,,0.010293111274975088,0.04584415543625904,0.8028626794480569,1.0,
395,P18572_S198___1,,0.2795084971874739,0.5000149998500015,0.9204821588147755,ACOS,24.0,16.0,22.0,16.0,22.0,24.0,0.75,,0.06550881647134288,0.1205957757767903,5.1096876847647446,1.0,
396,P18581_S645___1,,0.6335525936249408,0.005879941200587994,0.1643288830269592,COS,24.0,8.0,20.0,8.0,20.0,24.0,0.5,,3.0978912629739484E-4,0.008657790845469297,0.0241635518511968,0.6753076859466053,
397,P18581_S463___1,,0.6708203932499374,0.002949970500294997,0.1270081893775657,COS,24.0,2.0,14.0,2.0,14.0,24.0,0.5,,1.449047398848948E-4,0.006238736503692902,0.011302569711021794,0.4866214472880464,
398,P18653_S221___1,,0.11180339887498955,0.937510624893751,0.9899167645530791,ACOS,24.0,14.0,16.0,14.0,16.0,24.0,0.92,,0.2729083801775865,0.2881637536165899,21.286853653851747,1.0,
399,P18653_S369___1,,0.29814239699997214,0.43751562484375156,0.8852189547537208,COS,24.0,8.0,20.0,8.0,20.0,24.0,0.5,,0.05361444160464873,0.10847731432202215,4.181926445162601,1.0,
400,P18654_S386___1,,0.2795084971874739,0.5000149998500015,0.9204821588147755,COS,24.0,8.0,20.0,8.0,20.0,24.0,0.5,,0.06550881647134288,0.1205957757767903,5.1096876847647446,1.0,
401,P18760_S3___1,,0.09316949906249129,0.968760312396876,0.9974177898103224,ACOS,24.0,4.0,14.0,4.0,14.0,24.0,0.58,,0.30735312441432305,0.3173127201503672,23.973543704317198,1.0,
402,P18826_S759___1,,0.7453559924999303,2.599974000259997E-4,0.06212637873621263,ACOS,24.0,8.0,16.0,8.0,16.0,24.0,0.67,,2.825417584497489E-5,0.005835764267952787,0.0022038257159080416,0.45518961290031734,
403,P18826_S986___1,,0.6894542930624356,0.001969980300196998,0.11768169818301817,ACOS,24.0,8.0,16.0,8.0,16.0,24.0,0.67,,9.769013212726992E-5,0.005835764267952787,0.007619830305927054,0.45518961290031734,
404,P19096_S725___1,,0.26087459737497565,0.5625143748562514,0.9536205028159013,ACOS,24.0,20.0,4.0,20.0,4.0,24.0,0.67,,0.07935437224874475,0.1345280400768894,6.189641035402091,1.0,
405,P19157_S195___1,,0.3167762968124704,0.37501624983750165,0.8386535601185869,COS,24.0,20.0,8.0,20.0,8.0,24.0,0.5,,0.04349923101882863,0.097277877884409,3.392940019468633,1.0,
406,P19157_S135___1,,0.42857969568745996,0.15626843731562684,0.6959989393582299,ACOS,24.0,14.0,4.0,14.0,4.0,24.0,0.42,,0.010293111274975088,0.04584415543625904,0.8028626794480569,1.0,
407,P19426_S113___1,,0.3167762968124704,0.37501624983750165,0.8386535601185869,ACOS,24.0,12.0,20.0,12.0,20.0,24.0,0.67,,0.04349923101882863,0.097277877884409,3.392940019468633,1.0,
408,P19426_S115___1,,0.3913118960624634,0.21876781232187678,0.7543227814475101,COS,24.0,8.0,20.0,8.0,20.0,24.0,0.5,,0.017251591034782986,0.059484382074478995,1.345624100713073,1.0,
409,P19973_S243___1,,0.2236067977499791,0.6875131248687513,0.9836522870292533,ACOS,24.0,14.0,6.0,14.0,6.0,24.0,0.33,,0.11350807917025535,0.16368591139247143,8.853630175279918,1.0,
410,P20065_S2___1,,0.4472135954999582,0.12501874981250188,0.6403693519334903,ACOS,24.0,10.0,20.0,10.0,20.0,24.0,0.58,,0.007842546279573382,0.04017098464103022,0.6117186098067239,1.0,
411,P20152_S214___1,,0.26087459737497565,0.5625143748562514,0.9536205028159013,ACOS,24.0,20.0,4.0,20.0,4.0,24.0,0.67,,0.07935437224874475,0.1345280400768894,6.189641035402091,1.0,
412,P20152_S430___1,,0.24224069756247738,0.6250137498625014,0.9735791103627425,ACOS,24.0,8.0,8.0,8.0,8.0,24.0,0.0,,0.0953088004769263,0.14846178535828905,7.434086437200252,1.0,
413,P20152_S420___1,,0.26087459737497565,0.5625143748562514,0.9536205028159013,ACOS,24.0,8.0,10.0,8.0,10.0,24.0,0.92,,0.07935437224874475,0.1345280400768894,6.189641035402091,1.0,
414,P20152_S325___1,,0.14907119849998607,0.8750112498875011,0.9836522870292533,ACOS,24.0,14.0,6.0,14.0,6.0,24.0,0.33,,0.21029812498078254,0.23917533062426458,16.403253748501037,1.0,
415,P20152_S39___1,,0.3167762968124704,0.37501624983750165,0.8386535601185869,ACOS,24.0,10.0,20.0,10.0,20.0,24.0,0.58,,0.04349923101882863,0.097277877884409,3.392940019468633,1.0,
416,P20852_S130___1,,0.2795084971874739,0.5000149998500015,0.9204821588147755,ACOS,24.0,4.0,14.0,4.0,14.0,24.0,0.58,,0.06550881647134288,0.1205957757767903,5.1096876847647446,1.0,
417,P21981_S449___1,,0.18633899812498259,0.8125118748812512,0.9836522870292533,ACOS,24.0,16.0,12.0,16.0,12.0,24.0,0.17,,0.15703129585716225,0.19764355093531163,12.248441076858654,1.0,
418,P23492_S289___1,,0.29814239699997214,0.43751562484375156,0.8852189547537208,ACOS,24.0,14.0,4.0,14.0,4.0,24.0,0.42,,0.05361444160464873,0.10847731432202215,4.181926445162601,1.0,
419,P23881_S113___1,,0.18633899812498259,0.8125118748812512,0.9836522870292533,ACOS,24.0,14.0,14.0,14.0,14.0,24.0,0.0,,0.15703129585716225,0.19764355093531163,12.248441076858654,1.0,
420,P24270_S21___1,,0.26087459737497565,0.5625143748562514,0.9536205028159013,ACOS,24.0,16.0,12.0,16.0,12.0,24.0,0.17,,0.07935437224874475,0.1345280400768894,6.189641035402091,1.0,
421,P24270_S517___1,,0.13043729868748782,0.9062609373906261,0.9836522870292533,ACOS,24.0,20.0,10.0,20.0,10.0,24.0,0.42,,0.24049416858204564,0.26103148572645835,18.75854514939956,1.0,
422,P24270_S417___1,,0.055901699437494776,0.99220007799922,0.9974177898103224,ACOS,24.0,8.0,10.0,8.0,10.0,24.0,0.92,,0.3813183256938952,0.38332357561866326,29.742829404123825,1.0,
423,P24270_S422___1,,0.16770509831248434,0.8437615623843762,0.9836522870292533,ACOS,24.0,16.0,8.0,16.0,8.0,24.0,0.33,,0.1824518756760124,0.21722409413444527,14.231246302728968,1.0,
424,P24270_S2___1,,0.26087459737497565,0.5625143748562514,0.9536205028159013,ACOS,24.0,20.0,4.0,20.0,4.0,24.0,0.67,,0.07935437224874475,0.1345280400768894,6.189641035402091,1.0,
425,P24549_S121___1,,0.18633899812498259,0.8125118748812512,0.9836522870292533,ACOS,24.0,14.0,16.0,14.0,16.0,24.0,0.92,,0.15703129585716225,0.19764355093531163,12.248441076858654,1.0,
426,P24668_S268___1,,0.18633899812498259,0.8125118748812512,0.9836522870292533,ACOS,24.0,20.0,4.0,20.0,4.0,24.0,0.67,,0.15703129585716225,0.19764355093531163,12.248441076858654,1.0,
427,P24721_S21___1,,0.37267799624996517,0.25001749982500177,0.783497463386022,ACOS,24.0,16.0,22.0,16.0,22.0,24.0,0.75,,0.02203270318362918,0.06904543509151728,1.718550848323076,1.0,
428,P24788_S270___1,,0.5217491947499513,0.04689953100468995,0.4127676955274646,ACOS,24.0,16.0,8.0,16.0,8.0,24.0,0.33,,0.0024097615294134673,0.021208564178760516,0.18796139929425046,1.0,
429,P24788_S65___1,,0.3354101966249687,0.34376656233437664,0.8386535601185869,ACOS,24.0,16.0,22.0,16.0,22.0,24.0,0.75,,0.03498372787327912,0.08730403942892999,2.7287307741157716,1.0,
430,P24788_S47___1,,0.37267799624996517,0.25001749982500177,0.783497463386022,ACOS,24.0,16.0,8.0,16.0,8.0,24.0,0.33,,0.02203270318362918,0.06904543509151728,1.718550848323076,1.0,
431,P24788_S741___1,,0.26087459737497565,0.5625143748562514,0.9536205028159013,ACOS,24.0,14.0,14.0,14.0,14.0,24.0,0.0,,0.07935437224874475,0.1345280400768894,6.189641035402091,1.0,
432,P25444_S264___1,,0.29814239699997214,0.43751562484375156,0.8852189547537208,ACOS,24.0,20.0,4.0,20.0,4.0,24.0,0.67,,0.05361444160464873,0.10847731432202215,4.181926445162601,1.0,
433,P25688_S63___1,,0.3354101966249687,0.34376656233437664,0.8386535601185869,ACOS,24.0,10.0,2.0,10.0,2.0,24.0,0.33,,0.03498372787327912,0.08730403942892999,2.7287307741157716,1.0,
434,P25688_S231___1,,0.26087459737497565,0.5625143748562514,0.9536205028159013,ACOS,24.0,8.0,8.0,8.0,8.0,24.0,0.0,,0.07935437224874475,0.1345280400768894,6.189641035402091,1.0,
435,P25688_S168___1,,0.42857969568745996,0.15626843731562684,0.6959989393582299,COS,24.0,14.0,2.0,14.0,2.0,24.0,0.5,,0.010293111274975088,0.04584415543625904,0.8028626794480569,1.0,
436,P25799_S940___1,,0.11180339887498955,0.937510624893751,0.9899167645530791,ACOS,24.0,20.0,4.0,20.0,4.0,24.0,0.67,,0.2729083801775865,0.2881637536165899,21.286853653851747,1.0,
437,P25911_S19___1,,0.3354101966249687,0.34376656233437664,0.8386535601185869,ACOS,24.0,20.0,4.0,20.0,4.0,24.0,0.67,,0.03498372787327912,0.08730403942892999,2.7287307741157716,1.0,
438,P25976_S433___1,,0.14907119849998607,0.8750112498875011,0.9836522870292533,ACOS,24.0,14.0,14.0,14.0,14.0,24.0,0.0,,0.21029812498078254,0.23917533062426458,16.403253748501037,1.0,
439,P26039_S1631___1,,0.42857969568745996,0.15626843731562684,0.6959989393582299,ACOS,24.0,10.0,2.0,10.0,2.0,24.0,0.33,,0.010293111274975088,0.04584415543625904,0.8028626794480569,1.0,
440,P26039_S979___1,,0.24224069756247738,0.6250137498625014,0.9735791103627425,ACOS,24.0,16.0,14.0,16.0,14.0,24.0,0.08,,0.0953088004769263,0.14846178535828905,7.434086437200252,1.0,
441,P26039_S1225___1,,0.2795084971874739,0.5000149998500015,0.9204821588147755,ACOS,24.0,16.0,16.0,16.0,16.0,24.0,0.0,,0.06550881647134288,0.1205957757767903,5.1096876847647446,1.0,
442,P26039_S446___1,,0.24224069756247738,0.6250137498625014,0.9735791103627425,ACOS,24.0,10.0,20.0,10.0,20.0,24.0,0.58,,0.0953088004769263,0.14846178535828905,7.434086437200252,1.0,
443,P26039_S2040___1,,0.20497289793748086,0.7500124998750013,0.9836522870292533,ACOS,24.0,14.0,14.0,14.0,14.0,24.0,0.0,,0.13405890065957154,0.18041889221405025,10.45659425144658,1.0,
444,P26043_S532___1,,0.6894542930624356,0.001969980300196998,0.11768169818301817,COS,24.0,8.0,20.0,8.0,20.0,24.0,0.5,,9.769013212726992E-5,0.005835764267952787,0.007619830305927054,0.45518961290031734,
445,P26043_S533___1,,0.726722092687432,4.999950000499995E-4,0.06827074586396994,ACOS,24.0,4.0,0.0,4.0,0.0,24.0,0.17,,4.3137942030421135E-5,0.005835764267952787,0.0033647594783728484,0.45518961290031734,
446,P26187_S199___1,,0.2236067977499791,0.6875131248687513,0.9836522870292533,ACOS,24.0,14.0,16.0,14.0,16.0,24.0,0.92,,0.11350807917025535,0.16368591139247143,8.853630175279918,1.0,
447,P26231_S641___1,,0.4099457958749617,0.18751812481875182,0.7309536040039274,ACOS,24.0,16.0,22.0,16.0,22.0,24.0,0.75,,0.013386385243419103,0.05218069745375196,1.04413804898669,1.0,
448,P26231_S655___1,,0.14907119849998607,0.8750112498875011,0.9836522870292533,ACOS,24.0,8.0,8.0,8.0,8.0,24.0,0.0,,0.21029812498078254,0.23917533062426458,16.403253748501037,1.0,
449,P26350_S2___1,,0.2795084971874739,0.5000149998500015,0.9204821588147755,ACOS,24.0,20.0,0.0,20.0,0.0,24.0,0.83,,0.06550881647134288,0.1205957757767903,5.1096876847647446,1.0,
450,P26350_S9___1,,0.18633899812498259,0.8125118748812512,0.9836522870292533,ACOS,24.0,20.0,20.0,20.0,20.0,24.0,0.0,,0.15703129585716225,0.19764355093531163,12.248441076858654,1.0,
451,P26369_S79___1,,0.4099457958749617,0.18751812481875182,0.7309536040039274,ACOS,24.0,20.0,10.0,20.0,10.0,24.0,0.42,,0.013386385243419103,0.05218069745375196,1.04413804898669,1.0,
452,P26369_S2___1,,0.3354101966249687,0.34376656233437664,0.8386535601185869,ACOS,24.0,20.0,10.0,20.0,10.0,24.0,0.42,,0.03498372787327912,0.08730403942892999,2.7287307741157716,1.0,
453,P26443_S128___1,,0.3167762968124704,0.37501624983750165,0.8386535601185869,ACOS,24.0,12.0,18.0,12.0,18.0,24.0,0.75,,0.04349923101882863,0.097277877884409,3.392940019468633,1.0,
454,P26443_S79___1,,0.3167762968124704,0.37501624983750165,0.8386535601185869,ACOS,24.0,10.0,2.0,10.0,2.0,24.0,0.33,,0.04349923101882863,0.097277877884409,3.392940019468633,1.0,
455,P26443_S227___1,,0.2795084971874739,0.5000149998500015,0.9204821588147755,ACOS,24.0,10.0,2.0,10.0,2.0,24.0,0.33,,0.06550881647134288,0.1205957757767903,5.1096876847647446,1.0,
456,P26443_S153___1,,0.2795084971874739,0.5000149998500015,0.9204821588147755,ACOS,24.0,10.0,10.0,10.0,10.0,24.0,0.0,,0.06550881647134288,0.1205957757767903,5.1096876847647446,1.0,
457,P26443_S370___1,,0.16770509831248434,0.8437615623843762,0.9836522870292533,ACOS,24.0,16.0,22.0,16.0,22.0,24.0,0.75,,0.1824518756760124,0.21722409413444527,14.231246302728968,1.0,
458,P26443_S384___1,,0.2795084971874739,0.5000149998500015,0.9204821588147755,ACOS,24.0,12.0,20.0,12.0,20.0,24.0,0.67,,0.06550881647134288,0.1205957757767903,5.1096876847647446,1.0,
459,P26638_S262___1,,0.3354101966249687,0.34376656233437664,0.8386535601185869,ACOS,24.0,20.0,4.0,20.0,4.0,24.0,0.67,,0.03498372787327912,0.08730403942892999,2.7287307741157716,1.0,
460,P26645_S163___1,,0.26087459737497565,0.5625143748562514,0.9536205028159013,COS,24.0,20.0,8.0,20.0,8.0,24.0,0.5,,0.07935437224874475,0.1345280400768894,6.189641035402091,1.0,
461,P27046_S80___1,,0.3913118960624634,0.21876781232187678,0.7543227814475101,ACOS,24.0,10.0,2.0,10.0,2.0,24.0,0.33,,0.017251591034782986,0.059484382074478995,1.345624100713073,1.0,
462,P27546_S667___1,,0.13043729868748782,0.9062609373906261,0.9836522870292533,ACOS,24.0,16.0,16.0,16.0,16.0,24.0,0.0,,0.24049416858204564,0.26103148572645835,18.75854514939956,1.0,
463,P27546_S785___1,,0.3167762968124704,0.37501624983750165,0.8386535601185869,ACOS,24.0,2.0,10.0,2.0,10.0,24.0,0.67,,0.04349923101882863,0.097277877884409,3.392940019468633,1.0,
464,P27546_S475___1,,0.5217491947499513,0.04689953100468995,0.4127676955274646,COS,24.0,8.0,20.0,8.0,20.0,24.0,0.5,,0.0024097615294134673,0.021208564178760516,0.18796139929425046,1.0,
465,P27546_S381___1,,0.24224069756247738,0.6250137498625014,0.9735791103627425,ACOS,24.0,8.0,16.0,8.0,16.0,24.0,0.67,,0.0953088004769263,0.14846178535828905,7.434086437200252,1.0,
466,P27546_S598___1,,0.3354101966249687,0.34376656233437664,0.8386535601185869,COS,24.0,8.0,20.0,8.0,20.0,24.0,0.5,,0.03498372787327912,0.08730403942892999,2.7287307741157716,1.0,
467,P27546_S901___1,,0.3540440964374669,0.3125168748312517,0.8386535601185869,ACOS,24.0,22.0,22.0,22.0,22.0,24.0,0.0,,0.027887169552556004,0.07848809381134579,2.175199225099368,1.0,
468,P27546_S506___1,,0.4472135954999582,0.12501874981250188,0.6403693519334903,ACOS,24.0,20.0,22.0,20.0,22.0,24.0,0.92,,0.007842546279573382,0.04017098464103022,0.6117186098067239,1.0,
469,P27546_S1046___1,,0.29814239699997214,0.43751562484375156,0.8852189547537208,ACOS,24.0,2.0,10.0,2.0,10.0,24.0,0.67,,0.05361444160464873,0.10847731432202215,4.181926445162601,1.0,
470,P28028_S787___1,,0.20497289793748086,0.7500124998750013,0.9836522870292533,ACOS,24.0,22.0,22.0,22.0,22.0,24.0,0.0,,0.13405890065957154,0.18041889221405025,10.45659425144658,1.0,
471,P28028_S483___1,,0.2236067977499791,0.6875131248687513,0.9836522870292533,ACOS,24.0,10.0,2.0,10.0,2.0,24.0,0.33,,0.11350807917025535,0.16368591139247143,8.853630175279918,1.0,
472,P28028_S766___1,,0.3540440964374669,0.3125168748312517,0.8386535601185869,ACOS,24.0,22.0,16.0,22.0,16.0,24.0,0.25,,0.027887169552556004,0.07848809381134579,2.175199225099368,1.0,
473,P28230_S233___1,,0.13043729868748782,0.9062609373906261,0.9836522870292533,ACOS,24.0,2.0,10.0,2.0,10.0,24.0,0.67,,0.24049416858204564,0.26103148572645835,18.75854514939956,1.0,
474,P28230_S258___1,,0.2795084971874739,0.5000149998500015,0.9204821588147755,ACOS,24.0,4.0,2.0,4.0,2.0,24.0,0.08,,0.06550881647134288,0.1205957757767903,5.1096876847647446,1.0,
475,P28474_S247___1,,0.24224069756247738,0.6250137498625014,0.9735791103627425,ACOS,24.0,14.0,14.0,14.0,14.0,24.0,0.0,,0.0953088004769263,0.14846178535828905,7.434086437200252,1.0,
476,P28661_S325___1,,0.29814239699997214,0.43751562484375156,0.8852189547537208,ACOS,24.0,16.0,22.0,16.0,22.0,24.0,0.75,,0.05361444160464873,0.10847731432202215,4.181926445162601,1.0,
477,P28661_S68___1,,0.4472135954999582,0.12501874981250188,0.6403693519334903,ACOS,24.0,20.0,4.0,20.0,4.0,24.0,0.67,,0.007842546279573382,0.04017098464103022,0.6117186098067239,1.0,
478,P28665_S689___1,,0.24224069756247738,0.6250137498625014,0.9735791103627425,ACOS,24.0,22.0,22.0,22.0,22.0,24.0,0.0,,0.0953088004769263,0.14846178535828905,7.434086437200252,1.0,
479,P28667_S132___1,,0.14907119849998607,0.8750112498875011,0.9836522870292533,ACOS,24.0,8.0,8.0,8.0,8.0,24.0,0.0,,0.21029812498078254,0.23917533062426458,16.403253748501037,1.0,
480,P28667_S104___1,,0.37267799624996517,0.25001749982500177,0.783497463386022,ACOS,24.0,2.0,10.0,2.0,10.0,24.0,0.67,,0.02203270318362918,0.06904543509151728,1.718550848323076,1.0,
481,P28867_S662___1,,0.29814239699997214,0.43751562484375156,0.8852189547537208,ACOS,24.0,14.0,6.0,14.0,6.0,24.0,0.33,,0.05361444160464873,0.10847731432202215,4.181926445162601,1.0,
482,P28867_S643___1,,0.3913118960624634,0.21876781232187678,0.7543227814475101,ACOS,24.0,20.0,0.0,20.0,0.0,24.0,0.83,,0.017251591034782986,0.059484382074478995,1.345624100713073,1.0,
483,P29699_S309___1,,0.18633899812498259,0.8125118748812512,0.9836522870292533,ACOS,24.0,22.0,16.0,22.0,16.0,24.0,0.25,,0.15703129585716225,0.19764355093531163,12.248441076858654,1.0,
484,P29699_S312___1,,0.29814239699997214,0.43751562484375156,0.8852189547537208,ACOS,24.0,22.0,22.0,22.0,22.0,24.0,0.0,,0.05361444160464873,0.10847731432202215,4.181926445162601,1.0,
485,P29699_S314___1,,0.18633899812498259,0.8125118748812512,0.9836522870292533,ACOS,24.0,12.0,18.0,12.0,18.0,24.0,0.75,,0.15703129585716225,0.19764355093531163,12.248441076858654,1.0,
486,P29699_S138___1,,0.20497289793748086,0.7500124998750013,0.9836522870292533,ACOS,24.0,8.0,16.0,8.0,16.0,24.0,0.67,,0.13405890065957154,0.18041889221405025,10.45659425144658,1.0,
487,P30999_S252___1,,0.3540440964374669,0.3125168748312517,0.8386535601185869,ACOS,24.0,2.0,2.0,2.0,2.0,24.0,0.0,,0.027887169552556004,0.07848809381134579,2.175199225099368,1.0,
488,P30999_S847___1,,0.46584749531245645,0.0937690623093769,0.5471579350140564,ACOS,24.0,10.0,10.0,10.0,10.0,24.0,0.0,,0.005920711107451196,0.03454832525336907,0.4618154663811933,1.0,
489,P30999_S857___1,,0.11180339887498955,0.937510624893751,0.9899167645530791,ACOS,24.0,20.0,10.0,20.0,10.0,24.0,0.42,,0.2729083801775865,0.2881637536165899,21.286853653851747,1.0,
490,P30999_S920___1,,0.4099457958749617,0.18751812481875182,0.7309536040039274,ACOS,24.0,10.0,20.0,10.0,20.0,24.0,0.58,,0.013386385243419103,0.05218069745375196,1.04413804898669,1.0,
491,P30999_S346___1,,0.5962847939999443,0.011739882601173987,0.2093466378769048,ACOS,24.0,20.0,4.0,20.0,4.0,24.0,0.67,,6.374983385533969E-4,0.011367927462487626,0.04972487040716496,0.8866983420740349,
492,P30999_S352___1,,0.6335525936249408,0.005879941200587994,0.1643288830269592,ACOS,24.0,20.0,4.0,20.0,4.0,24.0,0.67,,3.0978912629739484E-4,0.008657790845469297,0.0241635518511968,0.6753076859466053,
493,P30999_S230___1,,0.2236067977499791,0.6875131248687513,0.9836522870292533,ACOS,24.0,14.0,14.0,14.0,14.0,24.0,0.0,,0.11350807917025535,0.16368591139247143,8.853630175279918,1.0,
494,P30999_S47___1,,0.26087459737497565,0.5625143748562514,0.9536205028159013,ACOS,24.0,14.0,14.0,14.0,14.0,24.0,0.0,,0.07935437224874475,0.1345280400768894,6.189641035402091,1.0,
495,P31001_S28___1,,0.18633899812498259,0.8125118748812512,0.9836522870292533,ACOS,24.0,16.0,16.0,16.0,16.0,24.0,0.0,,0.15703129585716225,0.19764355093531163,12.248441076858654,1.0,
496,P31001_S32___1,,0.42857969568745996,0.15626843731562684,0.6959989393582299,ACOS,24.0,22.0,22.0,22.0,22.0,24.0,0.0,,0.010293111274975088,0.04584415543625904,0.8028626794480569,1.0,
497,P31324_S83___1,,0.42857969568745996,0.15626843731562684,0.6959989393582299,ACOS,24.0,20.0,4.0,20.0,4.0,24.0,0.67,,0.010293111274975088,0.04584415543625904,0.8028626794480569,1.0,
498,P31324_S112___1,,0.3354101966249687,0.34376656233437664,0.8386535601185869,ACOS,24.0,14.0,6.0,14.0,6.0,24.0,0.33,,0.03498372787327912,0.08730403942892999,2.7287307741157716,1.0,
499,P31786_S2___1,,0.3354101966249687,0.34376656233437664,0.8386535601185869,ACOS,24.0,16.0,16.0,16.0,16.0,24.0,0.0,,0.03498372787327912,0.08730403942892999,2.7287307741157716,1.0,
500,P31938_S222___1,,0.3913118960624634,0.21876781232187678,0.7543227814475101,ACOS,24.0,8.0,8.0,8.0,8.0,24.0,0.0,,0.017251591034782986,0.059484382074478995,1.345624100713073,1.0,
501,P31938_S226___1,,0.3167762968124704,0.37501624983750165,0.8386535601185869,ACOS,24.0,10.0,2.0,10.0,2.0,24.0,0.33,,0.04349923101882863,0.097277877884409,3.392940019468633,1.0,
502,P32020_S516___1,,0.3354101966249687,0.34376656233437664,0.8386535601185869,COS,24.0,14.0,2.0,14.0,2.0,24.0,0.5,,0.03498372787327912,0.08730403942892999,2.7287307741157716,1.0,
503,P32020_S420___1,,0.2236067977499791,0.6875131248687513,0.9836522870292533,COS,24.0,14.0,2.0,14.0,2.0,24.0,0.5,,0.11350807917025535,0.16368591139247143,8.853630175279918,1.0,
504,P32067_S92___1,,0.3167762968124704,0.37501624983750165,0.8386535601185869,ACOS,24.0,2.0,10.0,2.0,10.0,24.0,0.67,,0.04349923101882863,0.097277877884409,3.392940019468633,1.0,
505,P34022_S60___1,,0.29814239699997214,0.43751562484375156,0.8852189547537208,ACOS,24.0,8.0,8.0,8.0,8.0,24.0,0.0,,0.05361444160464873,0.10847731432202215,4.181926445162601,1.0,
506,P34914_S188___1,,0.13043729868748782,0.9062609373906261,0.9836522870292533,ACOS,24.0,10.0,2.0,10.0,2.0,24.0,0.33,,0.24049416858204564,0.26103148572645835,18.75854514939956,1.0,
507,P34914_S368___1,,0.37267799624996517,0.25001749982500177,0.783497463386022,ACOS,24.0,10.0,2.0,10.0,2.0,24.0,0.33,,0.02203270318362918,0.06904543509151728,1.718550848323076,1.0,
508,P35235_S558___1,,0.503115294937453,0.06251937480625194,0.49060770476039084,ACOS,24.0,10.0,20.0,10.0,20.0,24.0,0.58,,0.0032820864904672107,0.025755486597607225,0.2560027462564424,1.0,
509,P35283_S20___1,,0.3167762968124704,0.37501624983750165,0.8386535601185869,ACOS,24.0,4.0,20.0,4.0,20.0,24.0,0.33,,0.04349923101882863,0.097277877884409,3.392940019468633,1.0,
510,P35486_S232___1,,0.5217491947499513,0.04689953100468995,0.4127676955274646,COS,24.0,2.0,14.0,2.0,14.0,24.0,0.5,,0.0024097615294134673,0.021208564178760516,0.18796139929425046,1.0,
511,P35486_S293___1,,0.3167762968124704,0.37501624983750165,0.8386535601185869,ACOS,24.0,14.0,4.0,14.0,4.0,24.0,0.42,,0.04349923101882863,0.097277877884409,3.392940019468633,1.0,
512,P35486_S295___1,,0.20497289793748086,0.7500124998750013,0.9836522870292533,ACOS,24.0,22.0,22.0,22.0,22.0,24.0,0.0,,0.13405890065957154,0.18041889221405025,10.45659425144658,1.0,
513,P35492_S648___1,,0.6894542930624356,0.001969980300196998,0.11768169818301817,ACOS,24.0,20.0,4.0,20.0,4.0,24.0,0.67,,9.769013212726992E-5,0.005835764267952787,0.007619830305927054,0.45518961290031734,
514,P35492_S631___1,,0.13043729868748782,0.9062609373906261,0.9836522870292533,ACOS,24.0,20.0,4.0,20.0,4.0,24.0,0.67,,0.24049416858204564,0.26103148572645835,18.75854514939956,1.0,
515,P35492_S635___1,,0.16770509831248434,0.8437615623843762,0.9836522870292533,ACOS,24.0,14.0,16.0,14.0,16.0,24.0,0.92,,0.1824518756760124,0.21722409413444527,14.231246302728968,1.0,
516,P35505_S26___1,,0.07453559924999303,0.984390156098439,0.9974177898103224,ACOS,24.0,16.0,16.0,16.0,16.0,24.0,0.0,,0.34358681309626693,0.3483244335568646,26.799771421508822,1.0,
517,P35505_S417___1,,0.2795084971874739,0.5000149998500015,0.9204821588147755,COS,24.0,2.0,14.0,2.0,14.0,24.0,0.5,,0.06550881647134288,0.1205957757767903,5.1096876847647446,1.0,
518,P35564_S582___1,,0.11180339887498955,0.937510624893751,0.9899167645530791,COS,24.0,2.0,14.0,2.0,14.0,24.0,0.5,,0.2729083801775865,0.2881637536165899,21.286853653851747,1.0,
519,P35564_S563___1,,0.18633899812498259,0.8125118748812512,0.9836522870292533,ACOS,24.0,2.0,10.0,2.0,10.0,24.0,0.67,,0.15703129585716225,0.19764355093531163,12.248441076858654,1.0,
520,P35569_S3___1,,0.4472135954999582,0.12501874981250188,0.6403693519334903,COS,24.0,20.0,8.0,20.0,8.0,24.0,0.5,,0.007842546279573382,0.04017098464103022,0.6117186098067239,1.0,
521,P35569_S325___1,,0.2236067977499791,0.6875131248687513,0.9836522870292533,ACOS,24.0,8.0,10.0,8.0,10.0,24.0,0.92,,0.11350807917025535,0.16368591139247143,8.853630175279918,1.0,
522,P35569_S336___1,,0.3354101966249687,0.34376656233437664,0.8386535601185869,ACOS,24.0,2.0,10.0,2.0,10.0,24.0,0.67,,0.03498372787327912,0.08730403942892999,2.7287307741157716,1.0,
523,P35569_S340___1,,0.6149186938124426,0.007829921700782993,0.17567697562460996,ACOS,24.0,20.0,4.0,20.0,4.0,24.0,0.67,,4.465174392780171E-4,0.010018341982674385,0.03482836026368533,0.7814306746486018,
524,P35569_S343___1,,0.13043729868748782,0.9062609373906261,0.9836522870292533,ACOS,24.0,2.0,2.0,2.0,2.0,24.0,0.0,,0.24049416858204564,0.26103148572645835,18.75854514939956,1.0,
525,P35569_S1213___1,,0.07453559924999303,0.984390156098439,0.9974177898103224,ACOS,24.0,14.0,6.0,14.0,6.0,24.0,0.33,,0.34358681309626693,0.3483244335568646,26.799771421508822,1.0,
526,P35569_S1214___1,,0.3167762968124704,0.37501624983750165,0.8386535601185869,ACOS,24.0,20.0,14.0,20.0,14.0,24.0,0.25,,0.04349923101882863,0.097277877884409,3.392940019468633,1.0,
527,P35569_S887___1,,0.13043729868748782,0.9062609373906261,0.9836522870292533,ACOS,24.0,10.0,10.0,10.0,10.0,24.0,0.0,,0.24049416858204564,0.26103148572645835,18.75854514939956,1.0,
528,P35569_S318___1,,0.3913118960624634,0.21876781232187678,0.7543227814475101,ACOS,24.0,4.0,0.0,4.0,0.0,24.0,0.17,,0.017251591034782986,0.059484382074478995,1.345624100713073,1.0,
529,P35601_S107___1,,0.055901699437494776,0.99220007799922,0.9974177898103224,ACOS,24.0,12.0,18.0,12.0,18.0,24.0,0.75,,0.3813183256938952,0.38332357561866326,29.742829404123825,1.0,
530,P35601_S244___1,,0.11180339887498955,0.937510624893751,0.9899167645530791,ACOS,24.0,14.0,6.0,14.0,6.0,24.0,0.33,,0.2729083801775865,0.2881637536165899,21.286853653851747,1.0,
531,P35700_S32___1,,0.3167762968124704,0.37501624983750165,0.8386535601185869,COS,24.0,20.0,8.0,20.0,8.0,24.0,0.5,,0.04349923101882863,0.097277877884409,3.392940019468633,1.0,
532,P35831_S673___1,,0.37267799624996517,0.25001749982500177,0.783497463386022,ACOS,24.0,20.0,20.0,20.0,20.0,24.0,0.0,,0.02203270318362918,0.06904543509151728,1.718550848323076,1.0,
533,P35831_S331___1,,0.2795084971874739,0.5000149998500015,0.9204821588147755,ACOS,24.0,14.0,6.0,14.0,6.0,24.0,0.33,,0.06550881647134288,0.1205957757767903,5.1096876847647446,1.0,
534,P35831_S434___1,,0.3354101966249687,0.34376656233437664,0.8386535601185869,ACOS,24.0,14.0,18.0,14.0,18.0,24.0,0.83,,0.03498372787327912,0.08730403942892999,2.7287307741157716,1.0,
535,P35917_S953___1,,0.03726779962499652,0.998060019399806,0.9997391989244612,ACOS,24.0,16.0,12.0,16.0,12.0,24.0,0.17,,0.42021370096225497,0.42109483684181515,32.77666867505589,1.0,
536,P35918_S1254___1,,0.24224069756247738,0.6250137498625014,0.9735791103627425,ACOS,24.0,14.0,20.0,14.0,20.0,24.0,0.75,,0.0953088004769263,0.14846178535828905,7.434086437200252,1.0,
537,P35979_S165___1,,0.20497289793748086,0.7500124998750013,0.9836522870292533,ACOS,24.0,12.0,18.0,12.0,18.0,24.0,0.75,,0.13405890065957154,0.18041889221405025,10.45659425144658,1.0,
538,P36552_S117___1,,0.18633899812498259,0.8125118748812512,0.9836522870292533,ACOS,24.0,2.0,10.0,2.0,10.0,24.0,0.67,,0.15703129585716225,0.19764355093531163,12.248441076858654,1.0,
539,P36552_S101___1,,0.3913118960624634,0.21876781232187678,0.7543227814475101,ACOS,24.0,20.0,4.0,20.0,4.0,24.0,0.67,,0.017251591034782986,0.059484382074478995,1.345624100713073,1.0,
540,P36916_S324___1,,0.3913118960624634,0.21876781232187678,0.7543227814475101,COS,24.0,14.0,2.0,14.0,2.0,24.0,0.5,,0.017251591034782986,0.059484382074478995,1.345624100713073,1.0,
541,P39447_S1614___1,,0.3913118960624634,0.21876781232187678,0.7543227814475101,ACOS,24.0,8.0,16.0,8.0,16.0,24.0,0.67,,0.017251591034782986,0.059484382074478995,1.345624100713073,1.0,
542,P39447_S1616___1,,0.24224069756247738,0.6250137498625014,0.9735791103627425,ACOS,24.0,14.0,16.0,14.0,16.0,24.0,0.92,,0.0953088004769263,0.14846178535828905,7.434086437200252,1.0,
543,P39447_S131___1,,0.3540440964374669,0.3125168748312517,0.8386535601185869,ACOS,24.0,14.0,4.0,14.0,4.0,24.0,0.42,,0.027887169552556004,0.07848809381134579,2.175199225099368,1.0,
544,P39447_S1051___1,,0.5217491947499513,0.04689953100468995,0.4127676955274646,COS,24.0,8.0,20.0,8.0,20.0,24.0,0.5,,0.0024097615294134673,0.021208564178760516,0.18796139929425046,1.0,
545,P39447_S617___1,,0.4472135954999582,0.12501874981250188,0.6403693519334903,ACOS,24.0,8.0,10.0,8.0,10.0,24.0,0.92,,0.007842546279573382,0.04017098464103022,0.6117186098067239,1.0,
546,P40142_S295___1,,0.26087459737497565,0.5625143748562514,0.9536205028159013,ACOS,24.0,20.0,4.0,20.0,4.0,24.0,0.67,,0.07935437224874475,0.1345280400768894,6.189641035402091,1.0,
547,P40142_S482___1,,0.13043729868748782,0.9062609373906261,0.9836522870292533,ACOS,24.0,8.0,16.0,8.0,16.0,24.0,0.67,,0.24049416858204564,0.26103148572645835,18.75854514939956,1.0,
548,P40336_S321___1,,0.3540440964374669,0.3125168748312517,0.8386535601185869,ACOS,24.0,8.0,16.0,8.0,16.0,24.0,0.67,,0.027887169552556004,0.07848809381134579,2.175199225099368,1.0,
549,P41216_S621___1,,0.29814239699997214,0.43751562484375156,0.8852189547537208,ACOS,24.0,20.0,20.0,20.0,20.0,24.0,0.0,,0.05361444160464873,0.10847731432202215,4.181926445162601,1.0,
550,P41216_S230___1,,0.3540440964374669,0.3125168748312517,0.8386535601185869,ACOS,24.0,14.0,16.0,14.0,16.0,24.0,0.92,,0.027887169552556004,0.07848809381134579,2.175199225099368,1.0,
551,P41216_S233___1,,0.29814239699997214,0.43751562484375156,0.8852189547537208,ACOS,24.0,14.0,16.0,14.0,16.0,24.0,0.92,,0.05361444160464873,0.10847731432202215,4.181926445162601,1.0,
552,P41233_S2234___1,,0.3913118960624634,0.21876781232187678,0.7543227814475101,ACOS,24.0,16.0,22.0,16.0,22.0,24.0,0.75,,0.017251591034782986,0.059484382074478995,1.345624100713073,1.0,
553,P41233_S1145___1,,0.13043729868748782,0.9062609373906261,0.9836522870292533,ACOS,24.0,14.0,14.0,14.0,14.0,24.0,0.0,,0.24049416858204564,0.26103148572645835,18.75854514939956,1.0,
554,P41233_S1296___1,,0.2795084971874739,0.5000149998500015,0.9204821588147755,ACOS,24.0,16.0,22.0,16.0,22.0,24.0,0.75,,0.06550881647134288,0.1205957757767903,5.1096876847647446,1.0,
555,P41233_S1262___1,,0.3540440964374669,0.3125168748312517,0.8386535601185869,ACOS,24.0,4.0,20.0,4.0,20.0,24.0,0.33,,0.027887169552556004,0.07848809381134579,2.175199225099368,1.0,
556,P42128_S431___1,,0.5403830945624495,0.031269687303126965,0.31931161457616186,ACOS,24.0,16.0,8.0,16.0,8.0,24.0,0.33,,0.0017528052122483628,0.01789883784045924,0.1367188065553723,1.0,
557,P42208_S218___1,,0.18633899812498259,0.8125118748812512,0.9836522870292533,ACOS,24.0,10.0,2.0,10.0,2.0,24.0,0.33,,0.15703129585716225,0.19764355093531163,12.248441076858654,1.0,
558,P42227_S727___1,,0.20497289793748086,0.7500124998750013,0.9836522870292533,ACOS,24.0,14.0,16.0,14.0,16.0,24.0,0.92,,0.13405890065957154,0.18041889221405025,10.45659425144658,1.0,
559,P42227_S701___1,,0.6149186938124426,0.007829921700782993,0.17567697562460996,ACOS,24.0,4.0,0.0,4.0,0.0,24.0,0.17,,4.465174392780171E-4,0.010018341982674385,0.03482836026368533,0.7814306746486018,
560,P42230_S128___1,,0.18633899812498259,0.8125118748812512,0.9836522870292533,ACOS,24.0,16.0,16.0,16.0,16.0,24.0,0.0,,0.15703129585716225,0.19764355093531163,12.248441076858654,1.0,
561,P42232_S128___1,,0.4099457958749617,0.18751812481875182,0.7309536040039274,ACOS,24.0,22.0,16.0,22.0,16.0,24.0,0.25,,0.013386385243419103,0.05218069745375196,1.04413804898669,1.0,
562,P42567_S852___1,,0.24224069756247738,0.6250137498625014,0.9735791103627425,ACOS,24.0,14.0,16.0,14.0,16.0,24.0,0.92,,0.0953088004769263,0.14846178535828905,7.434086437200252,1.0,
563,P42567_S798___1,,0.29814239699997214,0.43751562484375156,0.8852189547537208,ACOS,24.0,22.0,22.0,22.0,22.0,24.0,0.0,,0.05361444160464873,0.10847731432202215,4.181926445162601,1.0,
564,P42567_S799___1,,0.29814239699997214,0.43751562484375156,0.8852189547537208,ACOS,24.0,22.0,22.0,22.0,22.0,24.0,0.0,,0.05361444160464873,0.10847731432202215,4.181926445162601,1.0,
565,P42567_S324___1,,0.26087459737497565,0.5625143748562514,0.9536205028159013,ACOS,24.0,14.0,14.0,14.0,14.0,24.0,0.0,,0.07935437224874475,0.1345280400768894,6.189641035402091,1.0,
566,P42669_S181___1,,0.13043729868748782,0.9062609373906261,0.9836522870292533,ACOS,24.0,2.0,2.0,2.0,2.0,24.0,0.0,,0.24049416858204564,0.26103148572645835,18.75854514939956,1.0,
567,P42859_S637___1,,0.4472135954999582,0.12501874981250188,0.6403693519334903,ACOS,24.0,20.0,4.0,20.0,4.0,24.0,0.67,,0.007842546279573382,0.04017098464103022,0.6117186098067239,1.0,
568,P42859_S620___1,,0.3540440964374669,0.3125168748312517,0.8386535601185869,ACOS,24.0,4.0,20.0,4.0,20.0,24.0,0.33,,0.027887169552556004,0.07848809381134579,2.175199225099368,1.0,
569,P42859_S411___1,,0.24224069756247738,0.6250137498625014,0.9735791103627425,ACOS,24.0,22.0,22.0,22.0,22.0,24.0,0.0,,0.0953088004769263,0.14846178535828905,7.434086437200252,1.0,
570,P42859_S1853___1,,0.29814239699997214,0.43751562484375156,0.8852189547537208,ACOS,24.0,8.0,8.0,8.0,8.0,24.0,0.0,,0.05361444160464873,0.10847731432202215,4.181926445162601,1.0,
571,P43006_S542___1,,0.5962847939999443,0.011739882601173987,0.2093466378769048,ACOS,24.0,4.0,20.0,4.0,20.0,24.0,0.33,,6.374983385533969E-4,0.011367927462487626,0.04972487040716496,0.8866983420740349,
572,P43406_S1042___1,,0.2236067977499791,0.6875131248687513,0.9836522870292533,ACOS,24.0,20.0,4.0,20.0,4.0,24.0,0.67,,0.11350807917025535,0.16368591139247143,8.853630175279918,1.0,
573,P45591_S3___1,,0.24224069756247738,0.6250137498625014,0.9735791103627425,ACOS,24.0,8.0,8.0,8.0,8.0,24.0,0.0,,0.0953088004769263,0.14846178535828905,7.434086437200252,1.0,
574,P46062_S53___1,,0.24224069756247738,0.6250137498625014,0.9735791103627425,ACOS,24.0,2.0,10.0,2.0,10.0,24.0,0.67,,0.0953088004769263,0.14846178535828905,7.434086437200252,1.0,
575,P46414_S178___1,,0.4472135954999582,0.12501874981250188,0.6403693519334903,ACOS,24.0,16.0,8.0,16.0,8.0,24.0,0.33,,0.007842546279573382,0.04017098464103022,0.6117186098067239,1.0,
576,P46460_S207___1,,0.2795084971874739,0.5000149998500015,0.9204821588147755,ACOS,24.0,16.0,16.0,16.0,16.0,24.0,0.0,,0.06550881647134288,0.1205957757767903,5.1096876847647446,1.0,
577,P46467_S102___1,,0.26087459737497565,0.5625143748562514,0.9536205028159013,ACOS,24.0,20.0,4.0,20.0,4.0,24.0,0.67,,0.07935437224874475,0.1345280400768894,6.189641035402091,1.0,
578,P46935_S309___1,,0.5403830945624495,0.031269687303126965,0.31931161457616186,COS,24.0,8.0,20.0,8.0,20.0,24.0,0.5,,0.0017528052122483628,0.01789883784045924,0.1367188065553723,1.0,
579,P46935_S320___1,,0.26087459737497565,0.5625143748562514,0.9536205028159013,ACOS,24.0,14.0,4.0,14.0,4.0,24.0,0.42,,0.07935437224874475,0.1345280400768894,6.189641035402091,1.0,
580,P46938_S46___1,,0.14907119849998607,0.8750112498875011,0.9836522870292533,ACOS,24.0,16.0,12.0,16.0,12.0,24.0,0.17,,0.21029812498078254,0.23917533062426458,16.403253748501037,1.0,
581,P46938_S94___1,,0.503115294937453,0.06251937480625194,0.49060770476039084,ACOS,24.0,8.0,10.0,8.0,10.0,24.0,0.92,,0.0032820864904672107,0.025755486597607225,0.2560027462564424,1.0,
582,P46938_S149___1,,0.20497289793748086,0.7500124998750013,0.9836522870292533,COS,24.0,2.0,14.0,2.0,14.0,24.0,0.5,,0.13405890065957154,0.18041889221405025,10.45659425144658,1.0,
583,P46938_S367___1,,0.16770509831248434,0.8437615623843762,0.9836522870292533,ACOS,24.0,14.0,14.0,14.0,14.0,24.0,0.0,,0.1824518756760124,0.21722409413444527,14.231246302728968,1.0,
584,P47199_S35___1,,0.29814239699997214,0.43751562484375156,0.8852189547537208,ACOS,24.0,14.0,14.0,14.0,14.0,24.0,0.0,,0.05361444160464873,0.10847731432202215,4.181926445162601,1.0,
585,P47738_S356___1,,0.26087459737497565,0.5625143748562514,0.9536205028159013,ACOS,24.0,10.0,2.0,10.0,2.0,24.0,0.33,,0.07935437224874475,0.1345280400768894,6.189641035402091,1.0,
586,P47754_S9___1,,0.37267799624996517,0.25001749982500177,0.783497463386022,ACOS,24.0,10.0,8.0,10.0,8.0,24.0,0.08,,0.02203270318362918,0.06904543509151728,1.718550848323076,1.0,
587,P47758_S255___1,,0.13043729868748782,0.9062609373906261,0.9836522870292533,ACOS,24.0,16.0,16.0,16.0,16.0,24.0,0.0,,0.24049416858204564,0.26103148572645835,18.75854514939956,1.0,
588,P47809_S255___1,,0.13043729868748782,0.9062609373906261,0.9836522870292533,ACOS,24.0,10.0,4.0,10.0,4.0,24.0,0.25,,0.24049416858204564,0.26103148572645835,18.75854514939956,1.0,
589,P47856_S259___1,,0.46584749531245645,0.0937690623093769,0.5471579350140564,ACOS,24.0,14.0,6.0,14.0,6.0,24.0,0.33,,0.005920711107451196,0.03454832525336907,0.4618154663811933,1.0,
590,P47941_S107___1,,0.4099457958749617,0.18751812481875182,0.7309536040039274,ACOS,24.0,14.0,14.0,14.0,14.0,24.0,0.0,,0.013386385243419103,0.05218069745375196,1.04413804898669,1.0,
591,P47962_S185___1,,0.24224069756247738,0.6250137498625014,0.9735791103627425,ACOS,24.0,8.0,8.0,8.0,8.0,24.0,0.0,,0.0953088004769263,0.14846178535828905,7.434086437200252,1.0,
592,P47963_S140___1,,0.3354101966249687,0.34376656233437664,0.8386535601185869,ACOS,24.0,10.0,2.0,10.0,2.0,24.0,0.33,,0.03498372787327912,0.08730403942892999,2.7287307741157716,1.0,
593,P48036_S35___1,,0.2236067977499791,0.6875131248687513,0.9836522870292533,ACOS,24.0,20.0,4.0,20.0,4.0,24.0,0.67,,0.11350807917025535,0.16368591139247143,8.853630175279918,1.0,
594,P48193_S543___1,,0.20497289793748086,0.7500124998750013,0.9836522870292533,ACOS,24.0,10.0,4.0,10.0,4.0,24.0,0.25,,0.13405890065957154,0.18041889221405025,10.45659425144658,1.0,
595,P48193_S552___1,,0.46584749531245645,0.0937690623093769,0.5471579350140564,ACOS,24.0,10.0,20.0,10.0,20.0,24.0,0.58,,0.005920711107451196,0.03454832525336907,0.4618154663811933,1.0,
596,P48193_S703___1,,0.29814239699997214,0.43751562484375156,0.8852189547537208,ACOS,24.0,4.0,20.0,4.0,20.0,24.0,0.33,,0.05361444160464873,0.10847731432202215,4.181926445162601,1.0,
597,P48193_S556___1,,0.16770509831248434,0.8437615623843762,0.9836522870292533,ACOS,24.0,22.0,22.0,22.0,22.0,24.0,0.0,,0.1824518756760124,0.21722409413444527,14.231246302728968,1.0,
598,P48193_S856___1,,0.3540440964374669,0.3125168748312517,0.8386535601185869,ACOS,24.0,14.0,14.0,14.0,14.0,24.0,0.0,,0.027887169552556004,0.07848809381134579,2.175199225099368,1.0,
599,P48437_S79___1,,0.13043729868748782,0.9062609373906261,0.9836522870292533,ACOS,24.0,20.0,0.0,20.0,0.0,24.0,0.83,,0.24049416858204564,0.26103148572645835,18.75854514939956,1.0,
600,P48437_S295___1,,0.24224069756247738,0.6250137498625014,0.9735791103627425,ACOS,24.0,20.0,4.0,20.0,4.0,24.0,0.67,,0.0953088004769263,0.14846178535828905,7.434086437200252,1.0,
601,P48437_S511___1,,0.13043729868748782,0.9062609373906261,0.9836522870292533,COS,24.0,20.0,8.0,20.0,8.0,24.0,0.5,,0.24049416858204564,0.26103148572645835,18.75854514939956,1.0,
602,P48437_S199___1,,0.2236067977499791,0.6875131248687513,0.9836522870292533,COS,24.0,20.0,8.0,20.0,8.0,24.0,0.5,,0.11350807917025535,0.16368591139247143,8.853630175279918,1.0,
603,P48437_S179___1,,0.2236067977499791,0.6875131248687513,0.9836522870292533,ACOS,24.0,20.0,10.0,20.0,10.0,24.0,0.42,,0.11350807917025535,0.16368591139247143,8.853630175279918,1.0,
604,P48678_S573___1,,0.3913118960624634,0.21876781232187678,0.7543227814475101,COS,24.0,14.0,2.0,14.0,2.0,24.0,0.5,,0.017251591034782986,0.059484382074478995,1.345624100713073,1.0,
605,P48678_S390___1,,0.5962847939999443,0.011739882601173987,0.2093466378769048,ACOS,24.0,20.0,4.0,20.0,4.0,24.0,0.67,,6.374983385533969E-4,0.011367927462487626,0.04972487040716496,0.8866983420740349,
606,P48678_S458___1,,0.3167762968124704,0.37501624983750165,0.8386535601185869,ACOS,24.0,22.0,22.0,22.0,22.0,24.0,0.0,,0.04349923101882863,0.097277877884409,3.392940019468633,1.0,
607,P48678_S22___1,,0.24224069756247738,0.6250137498625014,0.9735791103627425,ACOS,24.0,10.0,2.0,10.0,2.0,24.0,0.33,,0.0953088004769263,0.14846178535828905,7.434086437200252,1.0,
608,P48678_S546___1,,0.13043729868748782,0.9062609373906261,0.9836522870292533,ACOS,24.0,20.0,4.0,20.0,4.0,24.0,0.67,,0.24049416858204564,0.26103148572645835,18.75854514939956,1.0,
609,P48678_S533___1,,0.14907119849998607,0.8750112498875011,0.9836522870292533,ACOS,24.0,20.0,14.0,20.0,14.0,24.0,0.25,,0.21029812498078254,0.23917533062426458,16.403253748501037,1.0,
610,P48758_S30___1,,0.24224069756247738,0.6250137498625014,0.9735791103627425,ACOS,24.0,22.0,16.0,22.0,16.0,24.0,0.25,,0.0953088004769263,0.14846178535828905,7.434086437200252,1.0,
611,P48776_S19___1,,0.5590169943749478,0.023459765402345976,0.28673713262867373,COS,24.0,8.0,20.0,8.0,20.0,24.0,0.5,,0.0012630300532244254,0.015437392901175266,0.09851634415150518,1.0,
612,P49117_S19___1,,0.18633899812498259,0.8125118748812512,0.9836522870292533,ACOS,24.0,2.0,2.0,2.0,2.0,24.0,0.0,,0.15703129585716225,0.19764355093531163,12.248441076858654,1.0,
613,P49429_S250___1,,0.5217491947499513,0.04689953100468995,0.4127676955274646,COS,24.0,8.0,20.0,8.0,20.0,24.0,0.5,,0.0024097615294134673,0.021208564178760516,0.18796139929425046,1.0,
614,P49442_S242___1,,0.42857969568745996,0.15626843731562684,0.6959989393582299,COS,24.0,14.0,2.0,14.0,2.0,24.0,0.5,,0.010293111274975088,0.04584415543625904,0.8028626794480569,1.0,
615,P49586_S362___1,,0.4472135954999582,0.12501874981250188,0.6403693519334903,ACOS,24.0,8.0,8.0,8.0,8.0,24.0,0.0,,0.007842546279573382,0.04017098464103022,0.6117186098067239,1.0,
616,P49586_S331___1,,0.3913118960624634,0.21876781232187678,0.7543227814475101,ACOS,24.0,22.0,8.0,22.0,8.0,24.0,0.58,,0.017251591034782986,0.059484382074478995,1.345624100713073,1.0,
617,P49586_S347___1,,0.5217491947499513,0.04689953100468995,0.4127676955274646,ACOS,24.0,20.0,4.0,20.0,4.0,24.0,0.67,,0.0024097615294134673,0.021208564178760516,0.18796139929425046,1.0,
618,P49722_S7___1,,0.20497289793748086,0.7500124998750013,0.9836522870292533,ACOS,24.0,20.0,4.0,20.0,4.0,24.0,0.67,,0.13405890065957154,0.18041889221405025,10.45659425144658,1.0,
619,P49722_S16___1,,0.20497289793748086,0.7500124998750013,0.9836522870292533,ACOS,24.0,20.0,4.0,20.0,4.0,24.0,0.67,,0.13405890065957154,0.18041889221405025,10.45659425144658,1.0,
620,P50136_S344___1,,0.6894542930624356,0.001969980300196998,0.11768169818301817,ACOS,24.0,8.0,16.0,8.0,16.0,24.0,0.67,,9.769013212726992E-5,0.005835764267952787,0.007619830305927054,0.45518961290031734,
621,P50171_S58___1,,0.3167762968124704,0.37501624983750165,0.8386535601185869,ACOS,24.0,10.0,0.0,10.0,0.0,24.0,0.42,,0.04349923101882863,0.097277877884409,3.392940019468633,1.0,
622,P50462_S95___1,,0.4099457958749617,0.18751812481875182,0.7309536040039274,COS,24.0,8.0,20.0,8.0,20.0,24.0,0.5,,0.013386385243419103,0.05218069745375196,1.04413804898669,1.0,
623,P50580_S383___1,,0.2795084971874739,0.5000149998500015,0.9204821588147755,ACOS,24.0,14.0,20.0,14.0,20.0,24.0,0.75,,0.06550881647134288,0.1205957757767903,5.1096876847647446,1.0,
624,P50580_S2___1,,0.16770509831248434,0.8437615623843762,0.9836522870292533,ACOS,24.0,14.0,14.0,14.0,14.0,24.0,0.0,,0.1824518756760124,0.21722409413444527,14.231246302728968,1.0,
625,P51125_S518___1,,0.14907119849998607,0.8750112498875011,0.9836522870292533,ACOS,24.0,20.0,4.0,20.0,4.0,24.0,0.67,,0.21029812498078254,0.23917533062426458,16.403253748501037,1.0,
626,P51125_S11___1,,0.24224069756247738,0.6250137498625014,0.9735791103627425,ACOS,24.0,2.0,18.0,2.0,18.0,24.0,0.33,,0.0953088004769263,0.14846178535828905,7.434086437200252,1.0,
627,P51125_S444___1,,0.09316949906249129,0.968760312396876,0.9974177898103224,ACOS,24.0,16.0,16.0,16.0,16.0,24.0,0.0,,0.30735312441432305,0.3173127201503672,23.973543704317198,1.0,
628,P51125_S453___1,,0.20497289793748086,0.7500124998750013,0.9836522870292533,COS,24.0,8.0,20.0,8.0,20.0,24.0,0.5,,0.13405890065957154,0.18041889221405025,10.45659425144658,1.0,
629,P51141_S194___1,,0.13043729868748782,0.9062609373906261,0.9836522870292533,ACOS,24.0,14.0,4.0,14.0,4.0,24.0,0.42,,0.24049416858204564,0.26103148572645835,18.75854514939956,1.0,
630,P51150_S72___1,,0.3913118960624634,0.21876781232187678,0.7543227814475101,ACOS,24.0,8.0,18.0,8.0,18.0,24.0,0.58,,0.017251591034782986,0.059484382074478995,1.345624100713073,1.0,
631,P51174_S55___1,,0.20497289793748086,0.7500124998750013,0.9836522870292533,ACOS,24.0,10.0,0.0,10.0,0.0,24.0,0.42,,0.13405890065957154,0.18041889221405025,10.45659425144658,1.0,
632,P51432_S537___1,,0.3913118960624634,0.21876781232187678,0.7543227814475101,COS,24.0,20.0,8.0,20.0,8.0,24.0,0.5,,0.017251591034782986,0.059484382074478995,1.345624100713073,1.0,
633,P51612_S876___1,,0.11180339887498955,0.937510624893751,0.9899167645530791,ACOS,24.0,20.0,6.0,20.0,6.0,24.0,0.58,,0.2729083801775865,0.2881637536165899,21.286853653851747,1.0,
634,P51612_S93___1,,0.26087459737497565,0.5625143748562514,0.9536205028159013,ACOS,24.0,8.0,8.0,8.0,8.0,24.0,0.0,,0.07935437224874475,0.1345280400768894,6.189641035402091,1.0,
635,P51660_S53___1,,0.24224069756247738,0.6250137498625014,0.9735791103627425,ACOS,24.0,20.0,10.0,20.0,10.0,24.0,0.42,,0.0953088004769263,0.14846178535828905,7.434086437200252,1.0,
636,P51660_S313___1,,0.01863389981249826,0.999530004699953,0.9997391989244612,ACOS,24.0,20.0,20.0,20.0,20.0,24.0,0.0,,0.4599048616735564,0.460001116353689,35.872579210537396,1.0,
637,P51660_S308___1,,0.3167762968124704,0.37501624983750165,0.8386535601185869,ACOS,24.0,22.0,22.0,22.0,22.0,24.0,0.0,,0.04349923101882863,0.097277877884409,3.392940019468633,1.0,
638,P51830_S1332___1,,0.3540440964374669,0.3125168748312517,0.8386535601185869,ACOS,24.0,8.0,8.0,8.0,8.0,24.0,0.0,,0.027887169552556004,0.07848809381134579,2.175199225099368,1.0,
639,P51830_S613___1,,0.4099457958749617,0.18751812481875182,0.7309536040039274,ACOS,24.0,4.0,20.0,4.0,20.0,24.0,0.33,,0.013386385243419103,0.05218069745375196,1.04413804898669,1.0,
640,P51859_S165___1,,0.2236067977499791,0.6875131248687513,0.9836522870292533,ACOS,24.0,20.0,4.0,20.0,4.0,24.0,0.67,,0.11350807917025535,0.16368591139247143,8.853630175279918,1.0,
641,P51859_S133___1,,0.14907119849998607,0.8750112498875011,0.9836522870292533,ACOS,24.0,10.0,20.0,10.0,20.0,24.0,0.58,,0.21029812498078254,0.23917533062426458,16.403253748501037,1.0,
642,P51859_S202___1,,0.26087459737497565,0.5625143748562514,0.9536205028159013,ACOS,24.0,14.0,4.0,14.0,4.0,24.0,0.42,,0.07935437224874475,0.1345280400768894,6.189641035402091,1.0,
643,P51859_S206___1,,0.2795084971874739,0.5000149998500015,0.9204821588147755,ACOS,24.0,14.0,6.0,14.0,6.0,24.0,0.33,,0.06550881647134288,0.1205957757767903,5.1096876847647446,1.0,
644,P51881_S22___1,,0.3354101966249687,0.34376656233437664,0.8386535601185869,ACOS,24.0,2.0,2.0,2.0,2.0,24.0,0.0,,0.03498372787327912,0.08730403942892999,2.7287307741157716,1.0,
645,P52479_S359___1,,0.3913118960624634,0.21876781232187678,0.7543227814475101,ACOS,24.0,14.0,14.0,14.0,14.0,24.0,0.0,,0.017251591034782986,0.059484382074478995,1.345624100713073,1.0,
646,P52479_S570___1,,0.2795084971874739,0.5000149998500015,0.9204821588147755,ACOS,24.0,14.0,4.0,14.0,4.0,24.0,0.42,,0.06550881647134288,0.1205957757767903,5.1096876847647446,1.0,
647,P52479_S208___1,,0.13043729868748782,0.9062609373906261,0.9836522870292533,ACOS,24.0,20.0,4.0,20.0,4.0,24.0,0.67,,0.24049416858204564,0.26103148572645835,18.75854514939956,1.0,
648,P52483_S8___1,,0.13043729868748782,0.9062609373906261,0.9836522870292533,ACOS,24.0,20.0,4.0,20.0,4.0,24.0,0.67,,0.24049416858204564,0.26103148572645835,18.75854514939956,1.0,
649,P52760_S103___1,,0.07453559924999303,0.984390156098439,0.9974177898103224,ACOS,24.0,8.0,16.0,8.0,16.0,24.0,0.67,,0.34358681309626693,0.3483244335568646,26.799771421508822,1.0,
650,P52760_S10___1,,0.3540440964374669,0.3125168748312517,0.8386535601185869,ACOS,24.0,10.0,2.0,10.0,2.0,24.0,0.33,,0.027887169552556004,0.07848809381134579,2.175199225099368,1.0,
651,P53986_S213___1,,0.46584749531245645,0.0937690623093769,0.5471579350140564,ACOS,24.0,16.0,10.0,16.0,10.0,24.0,0.25,,0.005920711107451196,0.03454832525336907,0.4618154663811933,1.0,
652,P54227_S25___1,,0.09316949906249129,0.968760312396876,0.9974177898103224,ACOS,24.0,16.0,16.0,16.0,16.0,24.0,0.0,,0.30735312441432305,0.3173127201503672,23.973543704317198,1.0,
653,P54276_S137___1,,0.26087459737497565,0.5625143748562514,0.9536205028159013,ACOS,24.0,14.0,6.0,14.0,6.0,24.0,0.33,,0.07935437224874475,0.1345280400768894,6.189641035402091,1.0,
654,P54310_S602___1,,0.29814239699997214,0.43751562484375156,0.8852189547537208,ACOS,24.0,14.0,14.0,14.0,14.0,24.0,0.0,,0.05361444160464873,0.10847731432202215,4.181926445162601,1.0,
655,P54731_S319___1,,0.3540440964374669,0.3125168748312517,0.8386535601185869,ACOS,24.0,22.0,22.0,22.0,22.0,24.0,0.0,,0.027887169552556004,0.07848809381134579,2.175199225099368,1.0,
656,P54731_S581___1,,0.46584749531245645,0.0937690623093769,0.5471579350140564,ACOS,24.0,22.0,22.0,22.0,22.0,24.0,0.0,,0.005920711107451196,0.03454832525336907,0.4618154663811933,1.0,
657,P54869_S477___1,,0.13043729868748782,0.9062609373906261,0.9836522870292533,ACOS,24.0,20.0,4.0,20.0,4.0,24.0,0.67,,0.24049416858204564,0.26103148572645835,18.75854514939956,1.0,
658,P55302_S138___1,,0.42857969568745996,0.15626843731562684,0.6959989393582299,ACOS,24.0,16.0,22.0,16.0,22.0,24.0,0.75,,0.010293111274975088,0.04584415543625904,0.8028626794480569,1.0,
659,P55937_S381___1,,0.5962847939999443,0.011739882601173987,0.2093466378769048,COS,24.0,8.0,20.0,8.0,20.0,24.0,0.5,,6.374983385533969E-4,0.011367927462487626,0.04972487040716496,0.8866983420740349,
660,P55937_S60___1,,0.11180339887498955,0.937510624893751,0.9899167645530791,ACOS,24.0,20.0,4.0,20.0,4.0,24.0,0.67,,0.2729083801775865,0.2881637536165899,21.286853653851747,1.0,
661,P55937_S276___1,,0.24224069756247738,0.6250137498625014,0.9735791103627425,ACOS,24.0,16.0,16.0,16.0,16.0,24.0,0.0,,0.0953088004769263,0.14846178535828905,7.434086437200252,1.0,
662,P56183_S434___1,,0.4099457958749617,0.18751812481875182,0.7309536040039274,ACOS,24.0,20.0,4.0,20.0,4.0,24.0,0.67,,0.013386385243419103,0.05218069745375196,1.04413804898669,1.0,
663,P56212_S62___1,,0.46584749531245645,0.0937690623093769,0.5471579350140564,COS,24.0,8.0,20.0,8.0,20.0,24.0,0.5,,0.005920711107451196,0.03454832525336907,0.4618154663811933,1.0,
664,P56400_S186___1,,0.3167762968124704,0.37501624983750165,0.8386535601185869,ACOS,24.0,16.0,22.0,16.0,22.0,24.0,0.75,,0.04349923101882863,0.097277877884409,3.392940019468633,1.0,
665,P56812_S119___1,,0.3167762968124704,0.37501624983750165,0.8386535601185869,ACOS,24.0,16.0,22.0,16.0,22.0,24.0,0.75,,0.04349923101882863,0.097277877884409,3.392940019468633,1.0,
666,P57776_S133___1,,0.577650894187446,0.015639843601563983,0.22997788483653625,ACOS,24.0,20.0,14.0,20.0,14.0,24.0,0.25,,9.015710203196908E-4,0.013257255095716316,0.07032253958493588,1.0,
667,P57776_S162___1,,0.18633899812498259,0.8125118748812512,0.9836522870292533,ACOS,24.0,16.0,16.0,16.0,16.0,24.0,0.0,,0.15703129585716225,0.19764355093531163,12.248441076858654,1.0,
668,P57776_S37___1,,0.18633899812498259,0.8125118748812512,0.9836522870292533,ACOS,24.0,14.0,20.0,14.0,20.0,24.0,0.75,,0.15703129585716225,0.19764355093531163,12.248441076858654,1.0,
669,P57784_S239___1,,0.3354101966249687,0.34376656233437664,0.8386535601185869,COS,24.0,20.0,8.0,20.0,8.0,24.0,0.5,,0.03498372787327912,0.08730403942892999,2.7287307741157716,1.0,
670,P58404_S223___1,,0.2236067977499791,0.6875131248687513,0.9836522870292533,COS,24.0,8.0,20.0,8.0,20.0,24.0,0.5,,0.11350807917025535,0.16368591139247143,8.853630175279918,1.0,
671,P58404_S276___1,,0.13043729868748782,0.9062609373906261,0.9836522870292533,ACOS,24.0,14.0,16.0,14.0,16.0,24.0,0.92,,0.24049416858204564,0.26103148572645835,18.75854514939956,1.0,
672,P58501_S297___1,,0.18633899812498259,0.8125118748812512,0.9836522870292533,ACOS,24.0,20.0,4.0,20.0,4.0,24.0,0.67,,0.15703129585716225,0.19764355093531163,12.248441076858654,1.0,
673,P58501_S16___1,,0.42857969568745996,0.15626843731562684,0.6959989393582299,ACOS,24.0,20.0,4.0,20.0,4.0,24.0,0.67,,0.010293111274975088,0.04584415543625904,0.8028626794480569,1.0,
674,P58735_S587___1,,0.13043729868748782,0.9062609373906261,0.9836522870292533,ACOS,24.0,16.0,16.0,16.0,16.0,24.0,0.0,,0.24049416858204564,0.26103148572645835,18.75854514939956,1.0,
675,P58735_S590___1,,0.4099457958749617,0.18751812481875182,0.7309536040039274,ACOS,24.0,16.0,22.0,16.0,22.0,24.0,0.75,,0.013386385243419103,0.05218069745375196,1.04413804898669,1.0,
676,P58771_S283___1,,0.3354101966249687,0.34376656233437664,0.8386535601185869,ACOS,24.0,2.0,10.0,2.0,10.0,24.0,0.67,,0.03498372787327912,0.08730403942892999,2.7287307741157716,1.0,
677,P58801_S411___1,,0.48448139512495475,0.07814921850781492,0.5245437011922015,ACOS,24.0,8.0,16.0,8.0,16.0,24.0,0.67,,0.004428713520216645,0.029725873473476612,0.3454396545768983,1.0,
678,P58801_S412___1,,0.42857969568745996,0.15626843731562684,0.6959989393582299,ACOS,24.0,4.0,20.0,4.0,20.0,24.0,0.33,,0.010293111274975088,0.04584415543625904,0.8028626794480569,1.0,
679,P58871_S1593___1,,0.577650894187446,0.015639843601563983,0.22997788483653625,ACOS,24.0,4.0,20.0,4.0,20.0,24.0,0.33,,9.015710203196908E-4,0.013257255095716316,0.07032253958493588,1.0,
680,P58871_S1611___1,,0.2236067977499791,0.6875131248687513,0.9836522870292533,ACOS,24.0,20.0,4.0,20.0,4.0,24.0,0.67,,0.11350807917025535,0.16368591139247143,8.853630175279918,1.0,
681,P58871_S1612___1,,0.26087459737497565,0.5625143748562514,0.9536205028159013,ACOS,24.0,14.0,4.0,14.0,4.0,24.0,0.42,,0.07935437224874475,0.1345280400768894,6.189641035402091,1.0,
682,P58871_S876___1,,0.6521864934374391,0.003919960800391996,0.13674082237279817,ACOS,24.0,4.0,20.0,4.0,20.0,24.0,0.33,,2.1288795232688796E-4,0.007426215504891954,0.01660526028149726,0.5792448093815723,
683,P58871_S568___1,,0.42857969568745996,0.15626843731562684,0.6959989393582299,ACOS,24.0,4.0,0.0,4.0,0.0,24.0,0.17,,0.010293111274975088,0.04584415543625904,0.8028626794480569,1.0,
684,P58871_S866___1,,0.14907119849998607,0.8750112498875011,0.9836522870292533,ACOS,24.0,2.0,10.0,2.0,10.0,24.0,0.67,,0.21029812498078254,0.23917533062426458,16.403253748501037,1.0,
685,P58871_S911___1,,0.4472135954999582,0.12501874981250188,0.6403693519334903,ACOS,24.0,4.0,20.0,4.0,20.0,24.0,0.33,,0.007842546279573382,0.04017098464103022,0.6117186098067239,1.0,
686,P58871_S912___1,,0.503115294937453,0.06251937480625194,0.49060770476039084,ACOS,24.0,4.0,20.0,4.0,20.0,24.0,0.33,,0.0032820864904672107,0.025755486597607225,0.2560027462564424,1.0,
687,P58871_S796___1,,0.3354101966249687,0.34376656233437664,0.8386535601185869,ACOS,24.0,4.0,2.0,4.0,2.0,24.0,0.08,,0.03498372787327912,0.08730403942892999,2.7287307741157716,1.0,
688,P58871_S496___1,,0.11180339887498955,0.937510624893751,0.9899167645530791,ACOS,24.0,16.0,8.0,16.0,8.0,24.0,0.33,,0.2729083801775865,0.2881637536165899,21.286853653851747,1.0,
689,P58871_S1212___1,,0.6149186938124426,0.007829921700782993,0.17567697562460996,ACOS,24.0,8.0,10.0,8.0,10.0,24.0,0.92,,4.465174392780171E-4,0.010018341982674385,0.03482836026368533,0.7814306746486018,
690,P58871_S1063___1,,0.26087459737497565,0.5625143748562514,0.9536205028159013,ACOS,24.0,2.0,18.0,2.0,18.0,24.0,0.33,,0.07935437224874475,0.1345280400768894,6.189641035402091,1.0,
691,P58871_S887___1,,0.3354101966249687,0.34376656233437664,0.8386535601185869,ACOS,24.0,4.0,20.0,4.0,20.0,24.0,0.33,,0.03498372787327912,0.08730403942892999,2.7287307741157716,1.0,
692,P58871_S429___1,,0.055901699437494776,0.99220007799922,0.9974177898103224,ACOS,24.0,2.0,10.0,2.0,10.0,24.0,0.67,,0.3813183256938952,0.38332357561866326,29.742829404123825,1.0,
693,P58871_S977___1,,0.6708203932499374,0.002949970500294997,0.1270081893775657,ACOS,24.0,4.0,0.0,4.0,0.0,24.0,0.17,,1.449047398848948E-4,0.006238736503692902,0.011302569711021794,0.4866214472880464,
694,P58871_S1437___1,,0.5217491947499513,0.04689953100468995,0.4127676955274646,ACOS,24.0,14.0,4.0,14.0,4.0,24.0,0.42,,0.0024097615294134673,0.021208564178760516,0.18796139929425046,1.0,
695,P58871_S1442___1,,0.20497289793748086,0.7500124998750013,0.9836522870292533,ACOS,24.0,2.0,12.0,2.0,12.0,24.0,0.58,,0.13405890065957154,0.18041889221405025,10.45659425144658,1.0,
696,P58871_S1375___1,,0.3540440964374669,0.3125168748312517,0.8386535601185869,ACOS,24.0,4.0,20.0,4.0,20.0,24.0,0.33,,0.027887169552556004,0.07848809381134579,2.175199225099368,1.0,
697,P59017_S343___1,,0.2795084971874739,0.5000149998500015,0.9204821588147755,ACOS,24.0,10.0,4.0,10.0,4.0,24.0,0.25,,0.06550881647134288,0.1205957757767903,5.1096876847647446,1.0,
698,P59325_S388___1,,0.5403830945624495,0.031269687303126965,0.31931161457616186,ACOS,24.0,20.0,4.0,20.0,4.0,24.0,0.67,,0.0017528052122483628,0.01789883784045924,0.1367188065553723,1.0,
699,P59325_S10___1,,0.3540440964374669,0.3125168748312517,0.8386535601185869,ACOS,24.0,4.0,14.0,4.0,14.0,24.0,0.58,,0.027887169552556004,0.07848809381134579,2.175199225099368,1.0,
700,P59325_S417___1,,0.18633899812498259,0.8125118748812512,0.9836522870292533,ACOS,24.0,16.0,22.0,16.0,22.0,24.0,0.75,,0.15703129585716225,0.19764355093531163,12.248441076858654,1.0,
701,P59438_S1049___1,,0.3167762968124704,0.37501624983750165,0.8386535601185869,ACOS,24.0,8.0,18.0,8.0,18.0,24.0,0.58,,0.04349923101882863,0.097277877884409,3.392940019468633,1.0,
702,P59729_S871___1,,0.2236067977499791,0.6875131248687513,0.9836522870292533,ACOS,24.0,16.0,22.0,16.0,22.0,24.0,0.75,,0.11350807917025535,0.16368591139247143,8.853630175279918,1.0,
703,P59759_S209___1,,0.16770509831248434,0.8437615623843762,0.9836522870292533,ACOS,24.0,10.0,4.0,10.0,4.0,24.0,0.25,,0.1824518756760124,0.21722409413444527,14.231246302728968,1.0,
704,P59759_S537___1,,0.2236067977499791,0.6875131248687513,0.9836522870292533,ACOS,24.0,14.0,16.0,14.0,16.0,24.0,0.92,,0.11350807917025535,0.16368591139247143,8.853630175279918,1.0,
705,P59764_S1778___1,,0.14907119849998607,0.8750112498875011,0.9836522870292533,ACOS,24.0,10.0,6.0,10.0,6.0,24.0,0.17,,0.21029812498078254,0.23917533062426458,16.403253748501037,1.0,
706,P59764_S1733___1,,0.29814239699997214,0.43751562484375156,0.8852189547537208,ACOS,24.0,8.0,10.0,8.0,10.0,24.0,0.92,,0.05361444160464873,0.10847731432202215,4.181926445162601,1.0,
707,P59764_S1640___1,,0.20497289793748086,0.7500124998750013,0.9836522870292533,ACOS,24.0,4.0,14.0,4.0,14.0,24.0,0.58,,0.13405890065957154,0.18041889221405025,10.45659425144658,1.0,
708,P59808_S500___1,,0.46584749531245645,0.0937690623093769,0.5471579350140564,ACOS,24.0,22.0,16.0,22.0,16.0,24.0,0.25,,0.005920711107451196,0.03454832525336907,0.4618154663811933,1.0,
709,P59808_S241___1,,0.20497289793748086,0.7500124998750013,0.9836522870292533,ACOS,24.0,16.0,16.0,16.0,16.0,24.0,0.0,,0.13405890065957154,0.18041889221405025,10.45659425144658,1.0,
710,P59808_S163___1,,0.2795084971874739,0.5000149998500015,0.9204821588147755,ACOS,24.0,8.0,16.0,8.0,16.0,24.0,0.67,,0.06550881647134288,0.1205957757767903,5.1096876847647446,1.0,
711,P59808_S83___1,,0.11180339887498955,0.937510624893751,0.9899167645530791,ACOS,24.0,10.0,10.0,10.0,10.0,24.0,0.0,,0.2729083801775865,0.2881637536165899,21.286853653851747,1.0,
712,P59808_S813___1,,0.14907119849998607,0.8750112498875011,0.9836522870292533,ACOS,24.0,8.0,8.0,8.0,8.0,24.0,0.0,,0.21029812498078254,0.23917533062426458,16.403253748501037,1.0,
713,P59808_S831___1,,0.4099457958749617,0.18751812481875182,0.7309536040039274,COS,24.0,20.0,8.0,20.0,8.0,24.0,0.5,,0.013386385243419103,0.05218069745375196,1.04413804898669,1.0,
714,P59808_S805___1,,0.2795084971874739,0.5000149998500015,0.9204821588147755,ACOS,24.0,2.0,10.0,2.0,10.0,24.0,0.67,,0.06550881647134288,0.1205957757767903,5.1096876847647446,1.0,
715,P59913_S302___1,,0.24224069756247738,0.6250137498625014,0.9735791103627425,ACOS,24.0,16.0,8.0,16.0,8.0,24.0,0.33,,0.0953088004769263,0.14846178535828905,7.434086437200252,1.0,
716,P60334_S196___1,,0.3913118960624634,0.21876781232187678,0.7543227814475101,ACOS,24.0,10.0,2.0,10.0,2.0,24.0,0.33,,0.017251591034782986,0.059484382074478995,1.345624100713073,1.0,
717,P60335_S173___1,,0.13043729868748782,0.9062609373906261,0.9836522870292533,ACOS,24.0,14.0,6.0,14.0,6.0,24.0,0.33,,0.24049416858204564,0.26103148572645835,18.75854514939956,1.0,
718,P60335_S264___1,,0.5217491947499513,0.04689953100468995,0.4127676955274646,ACOS,24.0,20.0,0.0,20.0,0.0,24.0,0.83,,0.0024097615294134673,0.021208564178760516,0.18796139929425046,1.0,
719,P60335_S189___1,,0.18633899812498259,0.8125118748812512,0.9836522870292533,ACOS,24.0,16.0,16.0,16.0,16.0,24.0,0.0,,0.15703129585716225,0.19764355093531163,12.248441076858654,1.0,
720,P60335_S190___1,,0.16770509831248434,0.8437615623843762,0.9836522870292533,ACOS,24.0,14.0,6.0,14.0,6.0,24.0,0.33,,0.1824518756760124,0.21722409413444527,14.231246302728968,1.0,
721,P61406_S873___1,,0.11180339887498955,0.937510624893751,0.9899167645530791,ACOS,24.0,16.0,22.0,16.0,22.0,24.0,0.75,,0.2729083801775865,0.2881637536165899,21.286853653851747,1.0,
722,P61458_S9___1,,0.09316949906249129,0.968760312396876,0.9974177898103224,ACOS,24.0,16.0,16.0,16.0,16.0,24.0,0.0,,0.30735312441432305,0.3173127201503672,23.973543704317198,1.0,
723,P61979_S284___1,,0.14907119849998607,0.8750112498875011,0.9836522870292533,ACOS,24.0,14.0,14.0,14.0,14.0,24.0,0.0,,0.21029812498078254,0.23917533062426458,16.403253748501037,1.0,
724,P61979_S379___1,,0.2236067977499791,0.6875131248687513,0.9836522870292533,ACOS,24.0,14.0,16.0,14.0,16.0,24.0,0.92,,0.11350807917025535,0.16368591139247143,8.853630175279918,1.0,
725,P62046_S522___1,,0.4099457958749617,0.18751812481875182,0.7309536040039274,ACOS,24.0,22.0,22.0,22.0,22.0,24.0,0.0,,0.013386385243419103,0.05218069745375196,1.04413804898669,1.0,
726,P62071_S186___1,,0.24224069756247738,0.6250137498625014,0.9735791103627425,ACOS,24.0,20.0,14.0,20.0,14.0,24.0,0.25,,0.0953088004769263,0.14846178535828905,7.434086437200252,1.0,
727,P62242_S160___1,,0.503115294937453,0.06251937480625194,0.49060770476039084,ACOS,24.0,10.0,0.0,10.0,0.0,24.0,0.42,,0.0032820864904672107,0.025755486597607225,0.2560027462564424,1.0,
728,P62307_S2___1,,0.09316949906249129,0.968760312396876,0.9974177898103224,ACOS,24.0,14.0,6.0,14.0,6.0,24.0,0.33,,0.30735312441432305,0.3173127201503672,23.973543704317198,1.0,
729,P62717_S71___1,,0.18633899812498259,0.8125118748812512,0.9836522870292533,ACOS,24.0,16.0,22.0,16.0,22.0,24.0,0.75,,0.15703129585716225,0.19764355093531163,12.248441076858654,1.0,
730,P62806_S48___1,,0.18633899812498259,0.8125118748812512,0.9836522870292533,ACOS,24.0,20.0,4.0,20.0,4.0,24.0,0.67,,0.15703129585716225,0.19764355093531163,12.248441076858654,1.0,
731,P62821_S78___1,,0.4099457958749617,0.18751812481875182,0.7309536040039274,ACOS,24.0,20.0,4.0,20.0,4.0,24.0,0.67,,0.013386385243419103,0.05218069745375196,1.04413804898669,1.0,
732,P62880_S2___1,,0.07453559924999303,0.984390156098439,0.9974177898103224,ACOS,24.0,16.0,16.0,16.0,16.0,24.0,0.0,,0.34358681309626693,0.3483244335568646,26.799771421508822,1.0,
733,P62897_S48___1,,0.26087459737497565,0.5625143748562514,0.9536205028159013,ACOS,24.0,8.0,8.0,8.0,8.0,24.0,0.0,,0.07935437224874475,0.1345280400768894,6.189641035402091,1.0,
734,P62960_S312___1,,0.4472135954999582,0.12501874981250188,0.6403693519334903,ACOS,24.0,14.0,16.0,14.0,16.0,24.0,0.92,,0.007842546279573382,0.04017098464103022,0.6117186098067239,1.0,
735,P62960_S172___1,,0.2795084971874739,0.5000149998500015,0.9204821588147755,ACOS,24.0,14.0,14.0,14.0,14.0,24.0,0.0,,0.06550881647134288,0.1205957757767903,5.1096876847647446,1.0,
736,P62960_S174___1,,0.20497289793748086,0.7500124998750013,0.9836522870292533,ACOS,24.0,20.0,0.0,20.0,0.0,24.0,0.83,,0.13405890065957154,0.18041889221405025,10.45659425144658,1.0,
737,P62960_S163___1,,0.07453559924999303,0.984390156098439,0.9974177898103224,ACOS,24.0,22.0,20.0,22.0,20.0,24.0,0.08,,0.34358681309626693,0.3483244335568646,26.799771421508822,1.0,
738,P62960_S207___1,,0.6149186938124426,0.007829921700782993,0.17567697562460996,COS,24.0,8.0,20.0,8.0,20.0,24.0,0.5,,4.465174392780171E-4,0.010018341982674385,0.03482836026368533,0.7814306746486018,
739,P62960_S100___1,,0.48448139512495475,0.07814921850781492,0.5245437011922015,COS,24.0,14.0,2.0,14.0,2.0,24.0,0.5,,0.004428713520216645,0.029725873473476612,0.3454396545768983,1.0,
740,P62996_S264___1,,0.46584749531245645,0.0937690623093769,0.5471579350140564,COS,24.0,20.0,8.0,20.0,8.0,24.0,0.5,,0.005920711107451196,0.03454832525336907,0.4618154663811933,1.0,
741,P63017_S2___1,,0.3913118960624634,0.21876781232187678,0.7543227814475101,ACOS,24.0,8.0,8.0,8.0,8.0,24.0,0.0,,0.017251591034782986,0.059484382074478995,1.345624100713073,1.0,
742,P63024_S15___1,,0.48448139512495475,0.07814921850781492,0.5245437011922015,ACOS,24.0,4.0,20.0,4.0,20.0,24.0,0.33,,0.004428713520216645,0.029725873473476612,0.3454396545768983,1.0,
743,P63037_S335___1,,0.46584749531245645,0.0937690623093769,0.5471579350140564,ACOS,24.0,16.0,8.0,16.0,8.0,24.0,0.33,,0.005920711107451196,0.03454832525336907,0.4618154663811933,1.0,
744,P63038_S256___1,,0.2236067977499791,0.6875131248687513,0.9836522870292533,ACOS,24.0,10.0,2.0,10.0,2.0,24.0,0.33,,0.11350807917025535,0.16368591139247143,8.853630175279918,1.0,
745,P63038_S70___1,,0.42857969568745996,0.15626843731562684,0.6959989393582299,ACOS,24.0,10.0,2.0,10.0,2.0,24.0,0.33,,0.010293111274975088,0.04584415543625904,0.8028626794480569,1.0,
746,P63101_S207___1,,0.46584749531245645,0.0937690623093769,0.5471579350140564,ACOS,24.0,14.0,14.0,14.0,14.0,24.0,0.0,,0.005920711107451196,0.03454832525336907,0.4618154663811933,1.0,
747,P63158_S100___1,,0.20497289793748086,0.7500124998750013,0.9836522870292533,ACOS,24.0,14.0,16.0,14.0,16.0,24.0,0.92,,0.13405890065957154,0.18041889221405025,10.45659425144658,1.0,
748,P63276_S113___1,,0.13043729868748782,0.9062609373906261,0.9836522870292533,ACOS,24.0,16.0,22.0,16.0,22.0,24.0,0.75,,0.24049416858204564,0.26103148572645835,18.75854514939956,1.0,
749,P63276_S115___1,,0.2236067977499791,0.6875131248687513,0.9836522870292533,ACOS,24.0,12.0,20.0,12.0,20.0,24.0,0.67,,0.11350807917025535,0.16368591139247143,8.853630175279918,1.0,
750,P63325_S146___1,,0.24224069756247738,0.6250137498625014,0.9735791103627425,ACOS,24.0,16.0,16.0,16.0,16.0,24.0,0.0,,0.0953088004769263,0.14846178535828905,7.434086437200252,1.0,
751,P63328_S492___1,,0.2236067977499791,0.6875131248687513,0.9836522870292533,ACOS,24.0,8.0,10.0,8.0,10.0,24.0,0.92,,0.11350807917025535,0.16368591139247143,8.853630175279918,1.0,
752,P67871_S209___1,,0.503115294937453,0.06251937480625194,0.49060770476039084,ACOS,24.0,16.0,8.0,16.0,8.0,24.0,0.33,,0.0032820864904672107,0.025755486597607225,0.2560027462564424,1.0,
753,P68181_S339___1,,0.16770509831248434,0.8437615623843762,0.9836522870292533,COS,24.0,14.0,2.0,14.0,2.0,24.0,0.5,,0.1824518756760124,0.21722409413444527,14.231246302728968,1.0,
754,P68373_S439___1,,0.29814239699997214,0.43751562484375156,0.8852189547537208,ACOS,24.0,16.0,14.0,16.0,14.0,24.0,0.08,,0.05361444160464873,0.10847731432202215,4.181926445162601,1.0,
755,P70121_S26___1,,0.48448139512495475,0.07814921850781492,0.5245437011922015,ACOS,24.0,20.0,4.0,20.0,4.0,24.0,0.67,,0.004428713520216645,0.029725873473476612,0.3454396545768983,1.0,
756,P70170_S965___1,,0.3540440964374669,0.3125168748312517,0.8386535601185869,ACOS,24.0,10.0,2.0,10.0,2.0,24.0,0.33,,0.027887169552556004,0.07848809381134579,2.175199225099368,1.0,
757,P70255_S185___1,,0.26087459737497565,0.5625143748562514,0.9536205028159013,ACOS,24.0,16.0,22.0,16.0,22.0,24.0,0.75,,0.07935437224874475,0.1345280400768894,6.189641035402091,1.0,
758,P70255_S324___1,,0.16770509831248434,0.8437615623843762,0.9836522870292533,ACOS,24.0,16.0,8.0,16.0,8.0,24.0,0.33,,0.1824518756760124,0.21722409413444527,14.231246302728968,1.0,
759,P70255_S328___1,,0.2236067977499791,0.6875131248687513,0.9836522870292533,ACOS,24.0,16.0,8.0,16.0,8.0,24.0,0.33,,0.11350807917025535,0.16368591139247143,8.853630175279918,1.0,
760,P70255_S330___1,,0.24224069756247738,0.6250137498625014,0.9735791103627425,ACOS,24.0,8.0,8.0,8.0,8.0,24.0,0.0,,0.0953088004769263,0.14846178535828905,7.434086437200252,1.0,
761,P70255_S334___1,,0.4099457958749617,0.18751812481875182,0.7309536040039274,ACOS,24.0,14.0,14.0,14.0,14.0,24.0,0.0,,0.013386385243419103,0.05218069745375196,1.04413804898669,1.0,
762,P70255_S313___1,,0.24224069756247738,0.6250137498625014,0.9735791103627425,ACOS,24.0,16.0,22.0,16.0,22.0,24.0,0.75,,0.0953088004769263,0.14846178535828905,7.434086437200252,1.0,
763,P70255_S314___1,,0.14907119849998607,0.8750112498875011,0.9836522870292533,ACOS,24.0,20.0,20.0,20.0,20.0,24.0,0.0,,0.21029812498078254,0.23917533062426458,16.403253748501037,1.0,
764,P70255_S296___1,,0.37267799624996517,0.25001749982500177,0.783497463386022,ACOS,24.0,16.0,8.0,16.0,8.0,24.0,0.33,,0.02203270318362918,0.06904543509151728,1.718550848323076,1.0,
765,P70265_S469___1,,0.5217491947499513,0.04689953100468995,0.4127676955274646,ACOS,24.0,4.0,2.0,4.0,2.0,24.0,0.08,,0.0024097615294134673,0.021208564178760516,0.18796139929425046,1.0,
766,P70265_S486___1,,0.577650894187446,0.015639843601563983,0.22997788483653625,ACOS,24.0,10.0,20.0,10.0,20.0,24.0,0.58,,9.015710203196908E-4,0.013257255095716316,0.07032253958493588,1.0,
767,P70266_S33___1,,0.29814239699997214,0.43751562484375156,0.8852189547537208,ACOS,24.0,14.0,14.0,14.0,14.0,24.0,0.0,,0.05361444160464873,0.10847731432202215,4.181926445162601,1.0,
768,P70268_S920___1,,0.13043729868748782,0.9062609373906261,0.9836522870292533,ACOS,24.0,16.0,22.0,16.0,22.0,24.0,0.75,,0.24049416858204564,0.26103148572645835,18.75854514939956,1.0,
769,P70288_S422___1,,0.5403830945624495,0.031269687303126965,0.31931161457616186,ACOS,24.0,16.0,8.0,16.0,8.0,24.0,0.33,,0.0017528052122483628,0.01789883784045924,0.1367188065553723,1.0,
770,P70288_S394___1,,0.20497289793748086,0.7500124998750013,0.9836522870292533,ACOS,24.0,16.0,8.0,16.0,8.0,24.0,0.33,,0.13405890065957154,0.18041889221405025,10.45659425144658,1.0,
771,P70290_S19___1,,0.26087459737497565,0.5625143748562514,0.9536205028159013,ACOS,24.0,4.0,14.0,4.0,14.0,24.0,0.58,,0.07935437224874475,0.1345280400768894,6.189641035402091,1.0,
772,P70296_S52___1,,0.18633899812498259,0.8125118748812512,0.9836522870292533,ACOS,24.0,12.0,20.0,12.0,20.0,24.0,0.67,,0.15703129585716225,0.19764355093531163,12.248441076858654,1.0,
773,P70296_S132___1,,0.18633899812498259,0.8125118748812512,0.9836522870292533,ACOS,24.0,16.0,12.0,16.0,12.0,24.0,0.17,,0.15703129585716225,0.19764355093531163,12.248441076858654,1.0,
774,P70302_S257___1,,0.3167762968124704,0.37501624983750165,0.8386535601185869,ACOS,24.0,20.0,14.0,20.0,14.0,24.0,0.25,,0.04349923101882863,0.097277877884409,3.392940019468633,1.0,
775,P70302_S660___1,,0.37267799624996517,0.25001749982500177,0.783497463386022,ACOS,24.0,10.0,20.0,10.0,20.0,24.0,0.58,,0.02203270318362918,0.06904543509151728,1.718550848323076,1.0,
776,P70302_S575___1,,0.5590169943749478,0.023459765402345976,0.28673713262867373,COS,24.0,8.0,20.0,8.0,20.0,24.0,0.5,,0.0012630300532244254,0.015437392901175266,0.09851634415150518,1.0,
777,P70302_S512___1,,0.577650894187446,0.015639843601563983,0.22997788483653625,ACOS,24.0,8.0,16.0,8.0,16.0,24.0,0.67,,9.015710203196908E-4,0.013257255095716316,0.07032253958493588,1.0,
778,P70324_S705___1,,0.42857969568745996,0.15626843731562684,0.6959989393582299,ACOS,24.0,16.0,14.0,16.0,14.0,24.0,0.08,,0.010293111274975088,0.04584415543625904,0.8028626794480569,1.0,
779,P70335_S1102___1,,0.13043729868748782,0.9062609373906261,0.9836522870292533,ACOS,24.0,16.0,8.0,16.0,8.0,24.0,0.33,,0.24049416858204564,0.26103148572645835,18.75854514939956,1.0,
780,P70335_S1105___1,,0.13043729868748782,0.9062609373906261,0.9836522870292533,ACOS,24.0,20.0,20.0,20.0,20.0,24.0,0.0,,0.24049416858204564,0.26103148572645835,18.75854514939956,1.0,
781,P70335_S1108___1,,0.3167762968124704,0.37501624983750165,0.8386535601185869,ACOS,24.0,20.0,4.0,20.0,4.0,24.0,0.67,,0.04349923101882863,0.097277877884409,3.392940019468633,1.0,
782,P70362_S209___1,,0.7453559924999303,2.599974000259997E-4,0.06212637873621263,COS,24.0,8.0,20.0,8.0,20.0,24.0,0.5,,2.825417584497489E-5,0.005835764267952787,0.0022038257159080416,0.45518961290031734,
783,P70362_S299___1,,0.26087459737497565,0.5625143748562514,0.9536205028159013,ACOS,24.0,4.0,2.0,4.0,2.0,24.0,0.08,,0.07935437224874475,0.1345280400768894,6.189641035402091,1.0,
784,P70398_S2547___1,,0.6335525936249408,0.005879941200587994,0.1643288830269592,ACOS,24.0,16.0,12.0,16.0,12.0,24.0,0.17,,3.0978912629739484E-4,0.008657790845469297,0.0241635518511968,0.6753076859466053,
785,P70398_S588___1,,0.5590169943749478,0.023459765402345976,0.28673713262867373,COS,24.0,8.0,20.0,8.0,20.0,24.0,0.5,,0.0012630300532244254,0.015437392901175266,0.09851634415150518,1.0,
786,P70398_S1600___1,,0.07453559924999303,0.984390156098439,0.9974177898103224,ACOS,24.0,16.0,22.0,16.0,22.0,24.0,0.75,,0.34358681309626693,0.3483244335568646,26.799771421508822,1.0,
787,P70441_S181___1,,0.503115294937453,0.06251937480625194,0.49060770476039084,ACOS,24.0,14.0,4.0,14.0,4.0,24.0,0.42,,0.0032820864904672107,0.025755486597607225,0.2560027462564424,1.0,
788,P70441_S273___1,,0.29814239699997214,0.43751562484375156,0.8852189547537208,ACOS,24.0,12.0,18.0,12.0,18.0,24.0,0.75,,0.05361444160464873,0.10847731432202215,4.181926445162601,1.0,
789,P70441_S275___1,,0.20497289793748086,0.7500124998750013,0.9836522870292533,ACOS,24.0,16.0,16.0,16.0,16.0,24.0,0.0,,0.13405890065957154,0.18041889221405025,10.45659425144658,1.0,
790,P70441_S117___1,,0.14907119849998607,0.8750112498875011,0.9836522870292533,ACOS,24.0,10.0,2.0,10.0,2.0,24.0,0.33,,0.21029812498078254,0.23917533062426458,16.403253748501037,1.0,
791,P70441_S264___1,,0.4472135954999582,0.12501874981250188,0.6403693519334903,ACOS,24.0,4.0,0.0,4.0,0.0,24.0,0.17,,0.007842546279573382,0.04017098464103022,0.6117186098067239,1.0,
792,P70441_S285___1,,0.3913118960624634,0.21876781232187678,0.7543227814475101,COS,24.0,8.0,20.0,8.0,20.0,24.0,0.5,,0.017251591034782986,0.059484382074478995,1.345624100713073,1.0,
793,P70441_S289___1,,0.4099457958749617,0.18751812481875182,0.7309536040039274,ACOS,24.0,20.0,4.0,20.0,4.0,24.0,0.67,,0.013386385243419103,0.05218069745375196,1.04413804898669,1.0,
794,P70441_S297___1,,0.5217491947499513,0.04689953100468995,0.4127676955274646,ACOS,24.0,14.0,4.0,14.0,4.0,24.0,0.42,,0.0024097615294134673,0.021208564178760516,0.18796139929425046,1.0,
795,P70444_S76___1,,0.5403830945624495,0.031269687303126965,0.31931161457616186,ACOS,24.0,14.0,4.0,14.0,4.0,24.0,0.42,,0.0017528052122483628,0.01789883784045924,0.1367188065553723,1.0,
796,P70444_S78___1,,0.3540440964374669,0.3125168748312517,0.8386535601185869,ACOS,24.0,20.0,10.0,20.0,10.0,24.0,0.42,,0.027887169552556004,0.07848809381134579,2.175199225099368,1.0,
797,P70445_S65___1,,0.577650894187446,0.015639843601563983,0.22997788483653625,ACOS,24.0,14.0,4.0,14.0,4.0,24.0,0.42,,9.015710203196908E-4,0.013257255095716316,0.07032253958493588,1.0,
798,P70452_S117___1,,0.3167762968124704,0.37501624983750165,0.8386535601185869,ACOS,24.0,20.0,4.0,20.0,4.0,24.0,0.67,,0.04349923101882863,0.097277877884409,3.392940019468633,1.0,
799,P70452_S15___1,,0.577650894187446,0.015639843601563983,0.22997788483653625,ACOS,24.0,2.0,2.0,2.0,2.0,24.0,0.0,,9.015710203196908E-4,0.013257255095716316,0.07032253958493588,1.0,
800,P70459_S185___1,,0.4099457958749617,0.18751812481875182,0.7309536040039274,ACOS,24.0,8.0,16.0,8.0,16.0,24.0,0.67,,0.013386385243419103,0.05218069745375196,1.04413804898669,1.0,
801,P70671_S123___1,,0.3354101966249687,0.34376656233437664,0.8386535601185869,ACOS,24.0,16.0,8.0,16.0,8.0,24.0,0.33,,0.03498372787327912,0.08730403942892999,2.7287307741157716,1.0,
802,P70671_S135___1,,0.5590169943749478,0.023459765402345976,0.28673713262867373,COS,24.0,2.0,14.0,2.0,14.0,24.0,0.5,,0.0012630300532244254,0.015437392901175266,0.09851634415150518,1.0,
803,P70677_S26___1,,0.6335525936249408,0.005879941200587994,0.1643288830269592,ACOS,24.0,8.0,18.0,8.0,18.0,24.0,0.58,,3.0978912629739484E-4,0.008657790845469297,0.0241635518511968,0.6753076859466053,
804,P70704_S1126___1,,0.09316949906249129,0.968760312396876,0.9974177898103224,ACOS,24.0,14.0,4.0,14.0,4.0,24.0,0.42,,0.30735312441432305,0.3173127201503672,23.973543704317198,1.0,
805,P70704_S29___1,,0.16770509831248434,0.8437615623843762,0.9836522870292533,ACOS,24.0,8.0,8.0,8.0,8.0,24.0,0.0,,0.1824518756760124,0.21722409413444527,14.231246302728968,1.0,
806,P80318_S252___1,,0.3354101966249687,0.34376656233437664,0.8386535601185869,ACOS,24.0,4.0,20.0,4.0,20.0,24.0,0.33,,0.03498372787327912,0.08730403942892999,2.7287307741157716,1.0,
807,P81117_S89___1,,0.26087459737497565,0.5625143748562514,0.9536205028159013,ACOS,24.0,16.0,8.0,16.0,8.0,24.0,0.33,,0.07935437224874475,0.1345280400768894,6.189641035402091,1.0,
808,P83093_S640___1,,0.16770509831248434,0.8437615623843762,0.9836522870292533,ACOS,24.0,20.0,4.0,20.0,4.0,24.0,0.67,,0.1824518756760124,0.21722409413444527,14.231246302728968,1.0,
809,P83093_S661___1,,0.48448139512495475,0.07814921850781492,0.5245437011922015,ACOS,24.0,14.0,14.0,14.0,14.0,24.0,0.0,,0.004428713520216645,0.029725873473476612,0.3454396545768983,1.0,
810,P83093_S626___1,,0.3167762968124704,0.37501624983750165,0.8386535601185869,ACOS,24.0,14.0,16.0,14.0,16.0,24.0,0.92,,0.04349923101882863,0.097277877884409,3.392940019468633,1.0,
811,P83093_S631___1,,0.4472135954999582,0.12501874981250188,0.6403693519334903,COS,24.0,8.0,20.0,8.0,20.0,24.0,0.5,,0.007842546279573382,0.04017098464103022,0.6117186098067239,1.0,
812,P83093_S523___1,,0.3354101966249687,0.34376656233437664,0.8386535601185869,ACOS,24.0,10.0,4.0,10.0,4.0,24.0,0.25,,0.03498372787327912,0.08730403942892999,2.7287307741157716,1.0,
813,P83741_S165___1,,0.5403830945624495,0.031269687303126965,0.31931161457616186,ACOS,24.0,4.0,0.0,4.0,0.0,24.0,0.17,,0.0017528052122483628,0.01789883784045924,0.1367188065553723,1.0,
814,P83741_S2___1,,0.13043729868748782,0.9062609373906261,0.9836522870292533,ACOS,24.0,14.0,14.0,14.0,14.0,24.0,0.0,,0.24049416858204564,0.26103148572645835,18.75854514939956,1.0,
815,P85094_S205___1,,0.6521864934374391,0.003919960800391996,0.13674082237279817,ACOS,24.0,10.0,2.0,10.0,2.0,24.0,0.33,,2.1288795232688796E-4,0.007426215504891954,0.01660526028149726,0.5792448093815723,
816,P97351_S263___1,,0.14907119849998607,0.8750112498875011,0.9836522870292533,ACOS,24.0,18.0,12.0,18.0,12.0,24.0,0.25,,0.21029812498078254,0.23917533062426458,16.403253748501037,1.0,
817,P97352_S32___1,,0.48448139512495475,0.07814921850781492,0.5245437011922015,ACOS,24.0,20.0,6.0,20.0,6.0,24.0,0.58,,0.004428713520216645,0.029725873473476612,0.3454396545768983,1.0,
818,P97366_S689___1,,0.29814239699997214,0.43751562484375156,0.8852189547537208,ACOS,24.0,22.0,22.0,22.0,22.0,24.0,0.0,,0.05361444160464873,0.10847731432202215,4.181926445162601,1.0,
819,P97393_S1194___1,,0.42857969568745996,0.15626843731562684,0.6959989393582299,ACOS,24.0,14.0,14.0,14.0,14.0,24.0,0.0,,0.010293111274975088,0.04584415543625904,0.8028626794480569,1.0,
820,P97434_S976___1,,0.07453559924999303,0.984390156098439,0.9974177898103224,ACOS,24.0,14.0,6.0,14.0,6.0,24.0,0.33,,0.34358681309626693,0.3483244335568646,26.799771421508822,1.0,
821,P97434_S292___1,,0.11180339887498955,0.937510624893751,0.9899167645530791,ACOS,24.0,22.0,22.0,22.0,22.0,24.0,0.0,,0.2729083801775865,0.2881637536165899,21.286853653851747,1.0,
822,P97434_S221___1,,0.4099457958749617,0.18751812481875182,0.7309536040039274,COS,24.0,20.0,8.0,20.0,8.0,24.0,0.5,,0.013386385243419103,0.05218069745375196,1.04413804898669,1.0,
823,P97434_S225___1,,0.37267799624996517,0.25001749982500177,0.783497463386022,ACOS,24.0,14.0,14.0,14.0,14.0,24.0,0.0,,0.02203270318362918,0.06904543509151728,1.718550848323076,1.0,
824,P97434_S364___1,,0.29814239699997214,0.43751562484375156,0.8852189547537208,ACOS,24.0,16.0,22.0,16.0,22.0,24.0,0.75,,0.05361444160464873,0.10847731432202215,4.181926445162601,1.0,
825,P97457_S15___1,,0.3913118960624634,0.21876781232187678,0.7543227814475101,ACOS,24.0,2.0,10.0,2.0,10.0,24.0,0.67,,0.017251591034782986,0.059484382074478995,1.345624100713073,1.0,
826,P97457_S16___1,,0.29814239699997214,0.43751562484375156,0.8852189547537208,ACOS,24.0,2.0,10.0,2.0,10.0,24.0,0.67,,0.05361444160464873,0.10847731432202215,4.181926445162601,1.0,
827,P97494_S621___1,,0.5962847939999443,0.011739882601173987,0.2093466378769048,ACOS,24.0,20.0,4.0,20.0,4.0,24.0,0.67,,6.374983385533969E-4,0.011367927462487626,0.04972487040716496,0.8866983420740349,
828,P97494_S5___1,,0.3354101966249687,0.34376656233437664,0.8386535601185869,ACOS,24.0,20.0,4.0,20.0,4.0,24.0,0.67,,0.03498372787327912,0.08730403942892999,2.7287307741157716,1.0,
829,P97789_S1382___1,,0.4099457958749617,0.18751812481875182,0.7309536040039274,ACOS,24.0,20.0,10.0,20.0,10.0,24.0,0.42,,0.013386385243419103,0.05218069745375196,1.04413804898669,1.0,
830,P97792_S323___1,,0.3540440964374669,0.3125168748312517,0.8386535601185869,ACOS,24.0,4.0,20.0,4.0,20.0,24.0,0.33,,0.027887169552556004,0.07848809381134579,2.175199225099368,1.0,
831,P97798_S1225___1,,0.2236067977499791,0.6875131248687513,0.9836522870292533,ACOS,24.0,22.0,22.0,22.0,22.0,24.0,0.0,,0.11350807917025535,0.16368591139247143,8.853630175279918,1.0,
832,P97819_S13___1,,0.29814239699997214,0.43751562484375156,0.8852189547537208,ACOS,24.0,8.0,10.0,8.0,10.0,24.0,0.92,,0.05361444160464873,0.10847731432202215,4.181926445162601,1.0,
833,P97855_S231___1,,0.20497289793748086,0.7500124998750013,0.9836522870292533,ACOS,24.0,8.0,16.0,8.0,16.0,24.0,0.67,,0.13405890065957154,0.18041889221405025,10.45659425144658,1.0,
834,P97855_S149___1,,0.16770509831248434,0.8437615623843762,0.9836522870292533,COS,24.0,14.0,2.0,14.0,2.0,24.0,0.5,,0.1824518756760124,0.21722409413444527,14.231246302728968,1.0,
835,P97863_S284___1,,0.24224069756247738,0.6250137498625014,0.9735791103627425,ACOS,24.0,20.0,4.0,20.0,4.0,24.0,0.67,,0.0953088004769263,0.14846178535828905,7.434086437200252,1.0,
836,P97863_S295___1,,0.24224069756247738,0.6250137498625014,0.9735791103627425,ACOS,24.0,14.0,14.0,14.0,14.0,24.0,0.0,,0.0953088004769263,0.14846178535828905,7.434086437200252,1.0,
837,P97863_S569___1,,0.48448139512495475,0.07814921850781492,0.5245437011922015,ACOS,24.0,12.0,20.0,12.0,20.0,24.0,0.67,,0.004428713520216645,0.029725873473476612,0.3454396545768983,1.0,
838,P97864_S16___1,,0.4099457958749617,0.18751812481875182,0.7309536040039274,ACOS,24.0,10.0,20.0,10.0,20.0,24.0,0.58,,0.013386385243419103,0.05218069745375196,1.04413804898669,1.0,
839,P97868_S862___1,,0.29814239699997214,0.43751562484375156,0.8852189547537208,ACOS,24.0,22.0,20.0,22.0,20.0,24.0,0.08,,0.05361444160464873,0.10847731432202215,4.181926445162601,1.0,
840,P97868_S874___1,,0.26087459737497565,0.5625143748562514,0.9536205028159013,ACOS,24.0,16.0,8.0,16.0,8.0,24.0,0.33,,0.07935437224874475,0.1345280400768894,6.189641035402091,1.0,
841,P97868_S1179___1,,0.18633899812498259,0.8125118748812512,0.9836522870292533,ACOS,24.0,18.0,12.0,18.0,12.0,24.0,0.25,,0.15703129585716225,0.19764355093531163,12.248441076858654,1.0,
842,P97868_S1329___1,,0.13043729868748782,0.9062609373906261,0.9836522870292533,ACOS,24.0,14.0,14.0,14.0,14.0,24.0,0.0,,0.24049416858204564,0.26103148572645835,18.75854514939956,1.0,
843,P97872_S280___1,,0.3354101966249687,0.34376656233437664,0.8386535601185869,ACOS,24.0,10.0,20.0,10.0,20.0,24.0,0.58,,0.03498372787327912,0.08730403942892999,2.7287307741157716,1.0,
844,P98203_S334___1,,0.24224069756247738,0.6250137498625014,0.9735791103627425,ACOS,24.0,2.0,2.0,2.0,2.0,24.0,0.0,,0.0953088004769263,0.14846178535828905,7.434086437200252,1.0,
845,P98203_S337___1,,0.3913118960624634,0.21876781232187678,0.7543227814475101,ACOS,24.0,16.0,16.0,16.0,16.0,24.0,0.0,,0.017251591034782986,0.059484382074478995,1.345624100713073,1.0,
846,P98203_S205___1,,0.3167762968124704,0.37501624983750165,0.8386535601185869,ACOS,24.0,22.0,16.0,22.0,16.0,24.0,0.25,,0.04349923101882863,0.097277877884409,3.392940019468633,1.0,
847,P98203_S871___1,,0.24224069756247738,0.6250137498625014,0.9735791103627425,ACOS,24.0,22.0,16.0,22.0,16.0,24.0,0.25,,0.0953088004769263,0.14846178535828905,7.434086437200252,1.0,
848,P99027_S102___1,,0.5962847939999443,0.011739882601173987,0.2093466378769048,ACOS,24.0,16.0,8.0,16.0,8.0,24.0,0.33,,6.374983385533969E-4,0.011367927462487626,0.04972487040716496,0.8866983420740349,
849,P99027_S105___1,,0.48448139512495475,0.07814921850781492,0.5245437011922015,ACOS,24.0,16.0,8.0,16.0,8.0,24.0,0.33,,0.004428713520216645,0.029725873473476612,0.3454396545768983,1.0,
850,P99027_S79___1,,0.37267799624996517,0.25001749982500177,0.783497463386022,ACOS,24.0,4.0,14.0,4.0,14.0,24.0,0.58,,0.02203270318362918,0.06904543509151728,1.718550848323076,1.0,
851,P99027_S86___1,,0.16770509831248434,0.8437615623843762,0.9836522870292533,ACOS,24.0,16.0,8.0,16.0,8.0,24.0,0.33,,0.1824518756760124,0.21722409413444527,14.231246302728968,1.0,
852,P99027_S16___1,,0.2236067977499791,0.6875131248687513,0.9836522870292533,ACOS,24.0,16.0,8.0,16.0,8.0,24.0,0.33,,0.11350807917025535,0.16368591139247143,8.853630175279918,1.0,
853,P99028_S59___1,,0.2236067977499791,0.6875131248687513,0.9836522870292533,ACOS,24.0,8.0,8.0,8.0,8.0,24.0,0.0,,0.11350807917025535,0.16368591139247143,8.853630175279918,1.0,
854,Q00560_S780___1,,0.20497289793748086,0.7500124998750013,0.9836522870292533,ACOS,24.0,12.0,20.0,12.0,20.0,24.0,0.67,,0.13405890065957154,0.18041889221405025,10.45659425144658,1.0,
855,Q00PI9_S183___1,,0.13043729868748782,0.9062609373906261,0.9836522870292533,ACOS,24.0,10.0,4.0,10.0,4.0,24.0,0.25,,0.24049416858204564,0.26103148572645835,18.75854514939956,1.0,
856,Q00PI9_S159___1,,0.20497289793748086,0.7500124998750013,0.9836522870292533,ACOS,24.0,10.0,2.0,10.0,2.0,24.0,0.33,,0.13405890065957154,0.18041889221405025,10.45659425144658,1.0,
857,Q01237_S871___1,,0.20497289793748086,0.7500124998750013,0.9836522870292533,COS,24.0,20.0,8.0,20.0,8.0,24.0,0.5,,0.13405890065957154,0.18041889221405025,10.45659425144658,1.0,
858,Q01279_S1166___1,,0.5590169943749478,0.023459765402345976,0.28673713262867373,ACOS,24.0,4.0,0.0,4.0,0.0,24.0,0.17,,0.0012630300532244254,0.015437392901175266,0.09851634415150518,1.0,
859,Q01279_S1041___1,,0.503115294937453,0.06251937480625194,0.49060770476039084,ACOS,24.0,14.0,16.0,14.0,16.0,24.0,0.92,,0.0032820864904672107,0.025755486597607225,0.2560027462564424,1.0,
860,Q01279_S1047___1,,0.503115294937453,0.06251937480625194,0.49060770476039084,ACOS,24.0,10.0,20.0,10.0,20.0,24.0,0.58,,0.0032820864904672107,0.025755486597607225,0.2560027462564424,1.0,
861,Q01853_S197___1,,0.14907119849998607,0.8750112498875011,0.9836522870292533,ACOS,24.0,10.0,2.0,10.0,2.0,24.0,0.33,,0.21029812498078254,0.23917533062426458,16.403253748501037,1.0,
862,Q01853_S702___1,,0.26087459737497565,0.5625143748562514,0.9536205028159013,ACOS,24.0,20.0,14.0,20.0,14.0,24.0,0.25,,0.07935437224874475,0.1345280400768894,6.189641035402091,1.0,
863,Q01853_S775___1,,0.5403830945624495,0.031269687303126965,0.31931161457616186,ACOS,24.0,14.0,4.0,14.0,4.0,24.0,0.42,,0.0017528052122483628,0.01789883784045924,0.1367188065553723,1.0,
864,Q01853_S770___1,,0.14907119849998607,0.8750112498875011,0.9836522870292533,ACOS,24.0,20.0,6.0,20.0,6.0,24.0,0.58,,0.21029812498078254,0.23917533062426458,16.403253748501037,1.0,
865,Q02053_S810___1,,0.5590169943749478,0.023459765402345976,0.28673713262867373,ACOS,24.0,14.0,4.0,14.0,4.0,24.0,0.42,,0.0012630300532244254,0.015437392901175266,0.09851634415150518,1.0,
866,Q02053_S13___1,,0.26087459737497565,0.5625143748562514,0.9536205028159013,ACOS,24.0,10.0,20.0,10.0,20.0,24.0,0.58,,0.07935437224874475,0.1345280400768894,6.189641035402091,1.0,
867,Q02053_S24___1,,0.5962847939999443,0.011739882601173987,0.2093466378769048,ACOS,24.0,20.0,4.0,20.0,4.0,24.0,0.67,,6.374983385533969E-4,0.011367927462487626,0.04972487040716496,0.8866983420740349,
868,Q02248_S191___1,,0.2795084971874739,0.5000149998500015,0.9204821588147755,COS,24.0,2.0,14.0,2.0,14.0,24.0,0.5,,0.06550881647134288,0.1205957757767903,5.1096876847647446,1.0,
869,Q02248_S675___1,,0.26087459737497565,0.5625143748562514,0.9536205028159013,ACOS,24.0,10.0,2.0,10.0,2.0,24.0,0.33,,0.07935437224874475,0.1345280400768894,6.189641035402091,1.0,
870,Q02248_S552___1,,0.2236067977499791,0.6875131248687513,0.9836522870292533,ACOS,24.0,8.0,16.0,8.0,16.0,24.0,0.67,,0.11350807917025535,0.16368591139247143,8.853630175279918,1.0,
871,Q02257_S182___1,,0.14907119849998607,0.8750112498875011,0.9836522870292533,ACOS,24.0,10.0,4.0,10.0,4.0,24.0,0.25,,0.21029812498078254,0.23917533062426458,16.403253748501037,1.0,
872,Q02257_S665___1,,0.13043729868748782,0.9062609373906261,0.9836522870292533,ACOS,24.0,14.0,6.0,14.0,6.0,24.0,0.33,,0.24049416858204564,0.26103148572645835,18.75854514939956,1.0,
873,Q02357_S777___1,,0.3913118960624634,0.21876781232187678,0.7543227814475101,ACOS,24.0,16.0,16.0,16.0,16.0,24.0,0.0,,0.017251591034782986,0.059484382074478995,1.345624100713073,1.0,
874,Q02357_S813___1,,0.13043729868748782,0.9062609373906261,0.9836522870292533,ACOS,24.0,14.0,6.0,14.0,6.0,24.0,0.33,,0.24049416858204564,0.26103148572645835,18.75854514939956,1.0,
875,Q02357_S830___1,,0.11180339887498955,0.937510624893751,0.9899167645530791,ACOS,24.0,14.0,6.0,14.0,6.0,24.0,0.33,,0.2729083801775865,0.2881637536165899,21.286853653851747,1.0,
876,Q02357_S1388___1,,0.2795084971874739,0.5000149998500015,0.9204821588147755,ACOS,24.0,16.0,22.0,16.0,22.0,24.0,0.75,,0.06550881647134288,0.1205957757767903,5.1096876847647446,1.0,
877,Q02780_S272___1,,0.4472135954999582,0.12501874981250188,0.6403693519334903,ACOS,24.0,4.0,0.0,4.0,0.0,24.0,0.17,,0.007842546279573382,0.04017098464103022,0.6117186098067239,1.0,
878,Q02780_S279___1,,0.3913118960624634,0.21876781232187678,0.7543227814475101,ACOS,24.0,20.0,4.0,20.0,4.0,24.0,0.67,,0.017251591034782986,0.059484382074478995,1.345624100713073,1.0,
879,Q02819_S38___1,,0.14907119849998607,0.8750112498875011,0.9836522870292533,ACOS,24.0,20.0,20.0,20.0,20.0,24.0,0.0,,0.21029812498078254,0.23917533062426458,16.403253748501037,1.0,
880,Q02819_S368___1,,0.5962847939999443,0.011739882601173987,0.2093466378769048,ACOS,24.0,16.0,8.0,16.0,8.0,24.0,0.33,,6.374983385533969E-4,0.011367927462487626,0.04972487040716496,0.8866983420740349,
881,Q02819_S456___1,,0.29814239699997214,0.43751562484375156,0.8852189547537208,ACOS,24.0,16.0,22.0,16.0,22.0,24.0,0.75,,0.05361444160464873,0.10847731432202215,4.181926445162601,1.0,
882,Q02819_S85___1,,0.2795084971874739,0.5000149998500015,0.9204821588147755,ACOS,24.0,14.0,6.0,14.0,6.0,24.0,0.33,,0.06550881647134288,0.1205957757767903,5.1096876847647446,1.0,
883,Q03141_S42___1,,0.29814239699997214,0.43751562484375156,0.8852189547537208,ACOS,24.0,8.0,10.0,8.0,10.0,24.0,0.92,,0.05361444160464873,0.10847731432202215,4.181926445162601,1.0,
884,Q03141_S469___1,,0.29814239699997214,0.43751562484375156,0.8852189547537208,ACOS,24.0,8.0,16.0,8.0,16.0,24.0,0.67,,0.05361444160464873,0.10847731432202215,4.181926445162601,1.0,
885,Q03160_S420___1,,0.46584749531245645,0.0937690623093769,0.5471579350140564,COS,24.0,8.0,20.0,8.0,20.0,24.0,0.5,,0.005920711107451196,0.03454832525336907,0.4618154663811933,1.0,
886,Q03160_S371___1,,0.26087459737497565,0.5625143748562514,0.9536205028159013,COS,24.0,8.0,20.0,8.0,20.0,24.0,0.5,,0.07935437224874475,0.1345280400768894,6.189641035402091,1.0,
887,Q03265_S451___1,,0.20497289793748086,0.7500124998750013,0.9836522870292533,ACOS,24.0,14.0,14.0,14.0,14.0,24.0,0.0,,0.13405890065957154,0.18041889221405025,10.45659425144658,1.0,
888,Q03265_S53___1,,0.5217491947499513,0.04689953100468995,0.4127676955274646,ACOS,24.0,8.0,16.0,8.0,16.0,24.0,0.67,,0.0024097615294134673,0.021208564178760516,0.18796139929425046,1.0,
889,Q04750_S114___1,,0.18633899812498259,0.8125118748812512,0.9836522870292533,ACOS,24.0,8.0,8.0,8.0,8.0,24.0,0.0,,0.15703129585716225,0.19764355093531163,12.248441076858654,1.0,
890,Q04750_S2___1,,0.20497289793748086,0.7500124998750013,0.9836522870292533,ACOS,24.0,2.0,2.0,2.0,2.0,24.0,0.0,,0.13405890065957154,0.18041889221405025,10.45659425144658,1.0,
891,Q04899_S66___1,,0.3540440964374669,0.3125168748312517,0.8386535601185869,COS,24.0,8.0,20.0,8.0,20.0,24.0,0.5,,0.027887169552556004,0.07848809381134579,2.175199225099368,1.0,
892,Q04899_S75___1,,0.3540440964374669,0.3125168748312517,0.8386535601185869,ACOS,24.0,14.0,16.0,14.0,16.0,24.0,0.92,,0.027887169552556004,0.07848809381134579,2.175199225099368,1.0,
893,Q05421_S129___1,,0.29814239699997214,0.43751562484375156,0.8852189547537208,ACOS,24.0,20.0,4.0,20.0,4.0,24.0,0.67,,0.05361444160464873,0.10847731432202215,4.181926445162601,1.0,
894,Q05909_S1432___1,,0.29814239699997214,0.43751562484375156,0.8852189547537208,ACOS,24.0,14.0,4.0,14.0,4.0,24.0,0.42,,0.05361444160464873,0.10847731432202215,4.181926445162601,1.0,
895,Q05915_S51___1,,0.24224069756247738,0.6250137498625014,0.9735791103627425,ACOS,24.0,20.0,4.0,20.0,4.0,24.0,0.67,,0.0953088004769263,0.14846178535828905,7.434086437200252,1.0,
896,Q05920_S19___1,,0.14907119849998607,0.8750112498875011,0.9836522870292533,ACOS,24.0,20.0,4.0,20.0,4.0,24.0,0.67,,0.21029812498078254,0.23917533062426458,16.403253748501037,1.0,
897,Q05CL8_S334___1,,0.2795084971874739,0.5000149998500015,0.9204821588147755,ACOS,24.0,22.0,22.0,22.0,22.0,24.0,0.0,,0.06550881647134288,0.1205957757767903,5.1096876847647446,1.0,
898,Q05D44_S66___1,,0.26087459737497565,0.5625143748562514,0.9536205028159013,ACOS,24.0,8.0,16.0,8.0,16.0,24.0,0.67,,0.07935437224874475,0.1345280400768894,6.189641035402091,1.0,
899,Q05D44_S137___1,,0.3167762968124704,0.37501624983750165,0.8386535601185869,ACOS,24.0,2.0,2.0,2.0,2.0,24.0,0.0,,0.04349923101882863,0.097277877884409,3.392940019468633,1.0,
900,Q05D44_S114___1,,0.16770509831248434,0.8437615623843762,0.9836522870292533,ACOS,24.0,14.0,4.0,14.0,4.0,24.0,0.42,,0.1824518756760124,0.21722409413444527,14.231246302728968,1.0,
901,Q05D44_S215___1,,0.20497289793748086,0.7500124998750013,0.9836522870292533,ACOS,24.0,20.0,20.0,20.0,20.0,24.0,0.0,,0.13405890065957154,0.18041889221405025,10.45659425144658,1.0,
902,Q06180_S298___1,,0.20497289793748086,0.7500124998750013,0.9836522870292533,ACOS,24.0,16.0,8.0,16.0,8.0,24.0,0.33,,0.13405890065957154,0.18041889221405025,10.45659425144658,1.0,
903,Q07076_S311___1,,0.16770509831248434,0.8437615623843762,0.9836522870292533,ACOS,24.0,14.0,14.0,14.0,14.0,24.0,0.0,,0.1824518756760124,0.21722409413444527,14.231246302728968,1.0,
904,Q07113_S2401___1,,0.16770509831248434,0.8437615623843762,0.9836522870292533,ACOS,24.0,20.0,4.0,20.0,4.0,24.0,0.67,,0.1824518756760124,0.21722409413444527,14.231246302728968,1.0,
905,Q07113_S2476___1,,0.13043729868748782,0.9062609373906261,0.9836522870292533,COS,24.0,14.0,2.0,14.0,2.0,24.0,0.5,,0.24049416858204564,0.26103148572645835,18.75854514939956,1.0,
906,Q08943_S444___1,,0.18633899812498259,0.8125118748812512,0.9836522870292533,ACOS,24.0,20.0,4.0,20.0,4.0,24.0,0.67,,0.15703129585716225,0.19764355093531163,12.248441076858654,1.0,
907,Q09XV5_S2213___1,,0.16770509831248434,0.8437615623843762,0.9836522870292533,ACOS,24.0,22.0,16.0,22.0,16.0,24.0,0.25,,0.1824518756760124,0.21722409413444527,14.231246302728968,1.0,
908,Q09XV5_S1997___1,,0.3167762968124704,0.37501624983750165,0.8386535601185869,ACOS,24.0,22.0,8.0,22.0,8.0,24.0,0.58,,0.04349923101882863,0.097277877884409,3.392940019468633,1.0,
909,Q0GNC1_S1218___1,,0.3540440964374669,0.3125168748312517,0.8386535601185869,ACOS,24.0,10.0,20.0,10.0,20.0,24.0,0.58,,0.027887169552556004,0.07848809381134579,2.175199225099368,1.0,
910,Q0P678_S45___1,,0.37267799624996517,0.25001749982500177,0.783497463386022,ACOS,24.0,10.0,4.0,10.0,4.0,24.0,0.25,,0.02203270318362918,0.06904543509151728,1.718550848323076,1.0,
911,Q0P678_S114___1,,0.3167762968124704,0.37501624983750165,0.8386535601185869,ACOS,24.0,14.0,16.0,14.0,16.0,24.0,0.92,,0.04349923101882863,0.097277877884409,3.392940019468633,1.0,
912,Q0P678_S92___1,,0.3167762968124704,0.37501624983750165,0.8386535601185869,ACOS,24.0,10.0,4.0,10.0,4.0,24.0,0.25,,0.04349923101882863,0.097277877884409,3.392940019468633,1.0,
913,Q0P678_S530___1,,0.09316949906249129,0.968760312396876,0.9974177898103224,ACOS,24.0,14.0,16.0,14.0,16.0,24.0,0.92,,0.30735312441432305,0.3173127201503672,23.973543704317198,1.0,
914,Q0P678_S23___1,,0.14907119849998607,0.8750112498875011,0.9836522870292533,ACOS,24.0,20.0,4.0,20.0,4.0,24.0,0.67,,0.21029812498078254,0.23917533062426458,16.403253748501037,1.0,
915,Q0P678_S483___1,,0.20497289793748086,0.7500124998750013,0.9836522870292533,ACOS,24.0,14.0,16.0,14.0,16.0,24.0,0.92,,0.13405890065957154,0.18041889221405025,10.45659425144658,1.0,
916,Q0VBL3_S364___1,,0.26087459737497565,0.5625143748562514,0.9536205028159013,ACOS,24.0,20.0,4.0,20.0,4.0,24.0,0.67,,0.07935437224874475,0.1345280400768894,6.189641035402091,1.0,
917,Q0VBL3_S293___1,,0.055901699437494776,0.99220007799922,0.9974177898103224,ACOS,24.0,14.0,14.0,14.0,14.0,24.0,0.0,,0.3813183256938952,0.38332357561866326,29.742829404123825,1.0,
918,Q0VGB7_S354___1,,0.24224069756247738,0.6250137498625014,0.9735791103627425,ACOS,24.0,16.0,8.0,16.0,8.0,24.0,0.33,,0.0953088004769263,0.14846178535828905,7.434086437200252,1.0,
919,Q0VGB7_S159___1,,0.055901699437494776,0.99220007799922,0.9974177898103224,ACOS,24.0,4.0,4.0,4.0,4.0,24.0,0.0,,0.3813183256938952,0.38332357561866326,29.742829404123825,1.0,
920,Q0VGY8_S1436___1,,0.24224069756247738,0.6250137498625014,0.9735791103627425,ACOS,24.0,16.0,8.0,16.0,8.0,24.0,0.33,,0.0953088004769263,0.14846178535828905,7.434086437200252,1.0,
921,Q0VGY8_S267___1,,0.3354101966249687,0.34376656233437664,0.8386535601185869,ACOS,24.0,22.0,16.0,22.0,16.0,24.0,0.25,,0.03498372787327912,0.08730403942892999,2.7287307741157716,1.0,
922,Q0VGY8_S466___1,,0.09316949906249129,0.968760312396876,0.9974177898103224,ACOS,24.0,20.0,4.0,20.0,4.0,24.0,0.67,,0.30735312441432305,0.3173127201503672,23.973543704317198,1.0,
923,Q148V7_S22___1,,0.24224069756247738,0.6250137498625014,0.9735791103627425,ACOS,24.0,2.0,4.0,2.0,4.0,24.0,0.92,,0.0953088004769263,0.14846178535828905,7.434086437200252,1.0,
924,Q148V7_S193___1,,0.42857969568745996,0.15626843731562684,0.6959989393582299,ACOS,24.0,14.0,4.0,14.0,4.0,24.0,0.42,,0.010293111274975088,0.04584415543625904,0.8028626794480569,1.0,
925,Q148V7_S422___1,,0.14907119849998607,0.8750112498875011,0.9836522870292533,ACOS,24.0,10.0,4.0,10.0,4.0,24.0,0.25,,0.21029812498078254,0.23917533062426458,16.403253748501037,1.0,
926,Q148V7_S453___1,,0.5217491947499513,0.04689953100468995,0.4127676955274646,COS,24.0,8.0,20.0,8.0,20.0,24.0,0.5,,0.0024097615294134673,0.021208564178760516,0.18796139929425046,1.0,
927,Q148V8_S709___1,,0.42857969568745996,0.15626843731562684,0.6959989393582299,ACOS,24.0,14.0,20.0,14.0,20.0,24.0,0.75,,0.010293111274975088,0.04584415543625904,0.8028626794480569,1.0,
928,Q148V8_S1041___1,,0.16770509831248434,0.8437615623843762,0.9836522870292533,COS,24.0,8.0,20.0,8.0,20.0,24.0,0.5,,0.1824518756760124,0.21722409413444527,14.231246302728968,1.0,
929,Q148V8_S1030___1,,0.20497289793748086,0.7500124998750013,0.9836522870292533,ACOS,24.0,10.0,20.0,10.0,20.0,24.0,0.58,,0.13405890065957154,0.18041889221405025,10.45659425144658,1.0,
930,Q148V8_S970___1,,0.16770509831248434,0.8437615623843762,0.9836522870292533,ACOS,24.0,16.0,16.0,16.0,16.0,24.0,0.0,,0.1824518756760124,0.21722409413444527,14.231246302728968,1.0,
931,Q148V8_S871___1,,0.16770509831248434,0.8437615623843762,0.9836522870292533,COS,24.0,20.0,8.0,20.0,8.0,24.0,0.5,,0.1824518756760124,0.21722409413444527,14.231246302728968,1.0,
932,Q148V8_S937___1,,0.3167762968124704,0.37501624983750165,0.8386535601185869,COS,24.0,20.0,8.0,20.0,8.0,24.0,0.5,,0.04349923101882863,0.097277877884409,3.392940019468633,1.0,
933,Q148V8_S926___1,,0.2236067977499791,0.6875131248687513,0.9836522870292533,ACOS,24.0,14.0,4.0,14.0,4.0,24.0,0.42,,0.11350807917025535,0.16368591139247143,8.853630175279918,1.0,
934,Q148V8_S948___1,,0.16770509831248434,0.8437615623843762,0.9836522870292533,ACOS,24.0,2.0,2.0,2.0,2.0,24.0,0.0,,0.1824518756760124,0.21722409413444527,14.231246302728968,1.0,
935,Q148V8_S522___1,,0.07453559924999303,0.984390156098439,0.9974177898103224,ACOS,24.0,12.0,20.0,12.0,20.0,24.0,0.67,,0.34358681309626693,0.3483244335568646,26.799771421508822,1.0,
936,Q148V8_S515___1,,0.14907119849998607,0.8750112498875011,0.9836522870292533,ACOS,24.0,10.0,6.0,10.0,6.0,24.0,0.17,,0.21029812498078254,0.23917533062426458,16.403253748501037,1.0,
937,Q148V8_S561___1,,0.2236067977499791,0.6875131248687513,0.9836522870292533,ACOS,24.0,14.0,16.0,14.0,16.0,24.0,0.92,,0.11350807917025535,0.16368591139247143,8.853630175279918,1.0,
938,Q148V8_S841___1,,0.24224069756247738,0.6250137498625014,0.9735791103627425,ACOS,24.0,14.0,4.0,14.0,4.0,24.0,0.42,,0.0953088004769263,0.14846178535828905,7.434086437200252,1.0,
939,Q14AX6_S677___1,,0.3540440964374669,0.3125168748312517,0.8386535601185869,ACOS,24.0,20.0,4.0,20.0,4.0,24.0,0.67,,0.027887169552556004,0.07848809381134579,2.175199225099368,1.0,
940,Q14AX6_S681___1,,0.3540440964374669,0.3125168748312517,0.8386535601185869,ACOS,24.0,20.0,4.0,20.0,4.0,24.0,0.67,,0.027887169552556004,0.07848809381134579,2.175199225099368,1.0,
941,Q14C51_S680___1,,0.13043729868748782,0.9062609373906261,0.9836522870292533,ACOS,24.0,20.0,4.0,20.0,4.0,24.0,0.67,,0.24049416858204564,0.26103148572645835,18.75854514939956,1.0,
942,Q14CH1_S820___1,,0.6149186938124426,0.007829921700782993,0.17567697562460996,COS,24.0,8.0,20.0,8.0,20.0,24.0,0.5,,4.465174392780171E-4,0.010018341982674385,0.03482836026368533,0.7814306746486018,
943,Q1ERP8_S293___1,,0.4472135954999582,0.12501874981250188,0.6403693519334903,ACOS,24.0,10.0,2.0,10.0,2.0,24.0,0.33,,0.007842546279573382,0.04017098464103022,0.6117186098067239,1.0,
944,Q1HFZ0_S723___1,,0.577650894187446,0.015639843601563983,0.22997788483653625,ACOS,24.0,14.0,4.0,14.0,4.0,24.0,0.42,,9.015710203196908E-4,0.013257255095716316,0.07032253958493588,1.0,
945,Q1HFZ0_S23___1,,0.37267799624996517,0.25001749982500177,0.783497463386022,ACOS,24.0,22.0,16.0,22.0,16.0,24.0,0.25,,0.02203270318362918,0.06904543509151728,1.718550848323076,1.0,
946,Q283N4_S89___1,,0.6149186938124426,0.007829921700782993,0.17567697562460996,ACOS,24.0,4.0,20.0,4.0,20.0,24.0,0.33,,4.465174392780171E-4,0.010018341982674385,0.03482836026368533,0.7814306746486018,
947,Q283N4_S95___1,,0.577650894187446,0.015639843601563983,0.22997788483653625,ACOS,24.0,8.0,18.0,8.0,18.0,24.0,0.58,,9.015710203196908E-4,0.013257255095716316,0.07032253958493588,1.0,
948,Q2EMV9_S1419___1,,0.5403830945624495,0.031269687303126965,0.31931161457616186,COS,24.0,8.0,20.0,8.0,20.0,24.0,0.5,,0.0017528052122483628,0.01789883784045924,0.1367188065553723,1.0,
949,Q2KN98_S385___1,,0.09316949906249129,0.968760312396876,0.9974177898103224,ACOS,24.0,8.0,16.0,8.0,16.0,24.0,0.67,,0.30735312441432305,0.3173127201503672,23.973543704317198,1.0,
950,Q2TBE6_S462___1,,0.3913118960624634,0.21876781232187678,0.7543227814475101,ACOS,24.0,14.0,4.0,14.0,4.0,24.0,0.42,,0.017251591034782986,0.059484382074478995,1.345624100713073,1.0,
951,Q3B7Z2_S349___1,,0.11180339887498955,0.937510624893751,0.9899167645530791,ACOS,24.0,18.0,12.0,18.0,12.0,24.0,0.25,,0.2729083801775865,0.2881637536165899,21.286853653851747,1.0,
952,Q3B7Z2_S191___1,,0.16770509831248434,0.8437615623843762,0.9836522870292533,ACOS,24.0,14.0,16.0,14.0,16.0,24.0,0.92,,0.1824518756760124,0.21722409413444527,14.231246302728968,1.0,
953,Q3B7Z2_S236___1,,0.14907119849998607,0.8750112498875011,0.9836522870292533,ACOS,24.0,20.0,4.0,20.0,4.0,24.0,0.67,,0.21029812498078254,0.23917533062426458,16.403253748501037,1.0,
954,Q3T9X0_S510___1,,0.42857969568745996,0.15626843731562684,0.6959989393582299,ACOS,24.0,20.0,4.0,20.0,4.0,24.0,0.67,,0.010293111274975088,0.04584415543625904,0.8028626794480569,1.0,
955,Q3T9X0_S512___1,,0.29814239699997214,0.43751562484375156,0.8852189547537208,ACOS,24.0,2.0,10.0,2.0,10.0,24.0,0.67,,0.05361444160464873,0.10847731432202215,4.181926445162601,1.0,
956,Q3T9X0_S516___1,,0.6894542930624356,0.001969980300196998,0.11768169818301817,ACOS,24.0,16.0,8.0,16.0,8.0,24.0,0.33,,9.769013212726992E-5,0.005835764267952787,0.007619830305927054,0.45518961290031734,
957,Q3TBD2_S577___1,,0.03726779962499652,0.998060019399806,0.9997391989244612,ACOS,24.0,4.0,14.0,4.0,14.0,24.0,0.58,,0.42021370096225497,0.42109483684181515,32.77666867505589,1.0,
958,Q3TBD2_S568___1,,0.11180339887498955,0.937510624893751,0.9899167645530791,COS,24.0,14.0,2.0,14.0,2.0,24.0,0.5,,0.2729083801775865,0.2881637536165899,21.286853653851747,1.0,
959,Q3TC93_S266___1,,0.6521864934374391,0.003919960800391996,0.13674082237279817,ACOS,24.0,4.0,0.0,4.0,0.0,24.0,0.17,,2.1288795232688796E-4,0.007426215504891954,0.01660526028149726,0.5792448093815723,
960,Q3TCJ1_S284___1,,0.4472135954999582,0.12501874981250188,0.6403693519334903,COS,24.0,8.0,20.0,8.0,20.0,24.0,0.5,,0.007842546279573382,0.04017098464103022,0.6117186098067239,1.0,
961,Q3TDQ1_S495___1,,0.18633899812498259,0.8125118748812512,0.9836522870292533,ACOS,24.0,16.0,10.0,16.0,10.0,24.0,0.25,,0.15703129585716225,0.19764355093531163,12.248441076858654,1.0,
962,Q3TDQ1_S496___1,,0.18633899812498259,0.8125118748812512,0.9836522870292533,ACOS,24.0,16.0,10.0,16.0,10.0,24.0,0.25,,0.15703129585716225,0.19764355093531163,12.248441076858654,1.0,
963,Q3TDQ1_S29___1,,0.18633899812498259,0.8125118748812512,0.9836522870292533,ACOS,24.0,14.0,14.0,14.0,14.0,24.0,0.0,,0.15703129585716225,0.19764355093531163,12.248441076858654,1.0,
964,Q3TGW2_S173___1,,0.24224069756247738,0.6250137498625014,0.9735791103627425,ACOS,24.0,8.0,18.0,8.0,18.0,24.0,0.58,,0.0953088004769263,0.14846178535828905,7.434086437200252,1.0,
965,Q3TGW2_S25___1,,0.3913118960624634,0.21876781232187678,0.7543227814475101,COS,24.0,8.0,20.0,8.0,20.0,24.0,0.5,,0.017251591034782986,0.059484382074478995,1.345624100713073,1.0,
966,Q3TGW2_S16___1,,0.48448139512495475,0.07814921850781492,0.5245437011922015,ACOS,24.0,8.0,16.0,8.0,16.0,24.0,0.67,,0.004428713520216645,0.029725873473476612,0.3454396545768983,1.0,
967,Q3THE2_S20___1,,0.26087459737497565,0.5625143748562514,0.9536205028159013,ACOS,24.0,4.0,20.0,4.0,20.0,24.0,0.33,,0.07935437224874475,0.1345280400768894,6.189641035402091,1.0,
968,Q3THG9_S409___1,,0.3540440964374669,0.3125168748312517,0.8386535601185869,ACOS,24.0,10.0,2.0,10.0,2.0,24.0,0.33,,0.027887169552556004,0.07848809381134579,2.175199225099368,1.0,
969,Q3THG9_S88___1,,0.2795084971874739,0.5000149998500015,0.9204821588147755,ACOS,24.0,10.0,10.0,10.0,10.0,24.0,0.0,,0.06550881647134288,0.1205957757767903,5.1096876847647446,1.0,
970,Q3THK7_S332___1,,0.46584749531245645,0.0937690623093769,0.5471579350140564,ACOS,24.0,20.0,4.0,20.0,4.0,24.0,0.67,,0.005920711107451196,0.03454832525336907,0.4618154663811933,1.0,
971,Q3TIR3_S435___1,,0.37267799624996517,0.25001749982500177,0.783497463386022,ACOS,24.0,10.0,2.0,10.0,2.0,24.0,0.33,,0.02203270318362918,0.06904543509151728,1.718550848323076,1.0,
972,Q3TIX9_S81___1,,0.2795084971874739,0.5000149998500015,0.9204821588147755,ACOS,24.0,20.0,4.0,20.0,4.0,24.0,0.67,,0.06550881647134288,0.1205957757767903,5.1096876847647446,1.0,
973,Q3TKY6_S206___1,,0.3540440964374669,0.3125168748312517,0.8386535601185869,ACOS,24.0,20.0,4.0,20.0,4.0,24.0,0.67,,0.027887169552556004,0.07848809381134579,2.175199225099368,1.0,
974,Q3TLH4_S1965___1,,0.14907119849998607,0.8750112498875011,0.9836522870292533,COS,24.0,14.0,2.0,14.0,2.0,24.0,0.5,,0.21029812498078254,0.23917533062426458,16.403253748501037,1.0,
975,Q3TLH4_S610___1,,0.6894542930624356,0.001969980300196998,0.11768169818301817,ACOS,24.0,20.0,6.0,20.0,6.0,24.0,0.58,,9.769013212726992E-5,0.005835764267952787,0.007619830305927054,0.45518961290031734,
976,Q3TLH4_S192___1,,0.13043729868748782,0.9062609373906261,0.9836522870292533,ACOS,24.0,14.0,4.0,14.0,4.0,24.0,0.42,,0.24049416858204564,0.26103148572645835,18.75854514939956,1.0,
977,Q3TRM4_S346___1,,0.18633899812498259,0.8125118748812512,0.9836522870292533,ACOS,24.0,8.0,16.0,8.0,16.0,24.0,0.67,,0.15703129585716225,0.19764355093531163,12.248441076858654,1.0,
978,Q3TRM4_S102___1,,0.16770509831248434,0.8437615623843762,0.9836522870292533,ACOS,24.0,14.0,16.0,14.0,16.0,24.0,0.92,,0.1824518756760124,0.21722409413444527,14.231246302728968,1.0,
979,Q3TWW8_S45___1,,0.18633899812498259,0.8125118748812512,0.9836522870292533,ACOS,24.0,14.0,14.0,14.0,14.0,24.0,0.0,,0.15703129585716225,0.19764355093531163,12.248441076858654,1.0,
980,Q3TWW8_S303___1,,0.3167762968124704,0.37501624983750165,0.8386535601185869,ACOS,24.0,16.0,16.0,16.0,16.0,24.0,0.0,,0.04349923101882863,0.097277877884409,3.392940019468633,1.0,
981,Q3TX08_S121___1,,0.2236067977499791,0.6875131248687513,0.9836522870292533,ACOS,24.0,16.0,16.0,16.0,16.0,24.0,0.0,,0.11350807917025535,0.16368591139247143,8.853630175279918,1.0,
982,Q3TYA6_S51___1,,0.24224069756247738,0.6250137498625014,0.9735791103627425,ACOS,24.0,14.0,6.0,14.0,6.0,24.0,0.33,,0.0953088004769263,0.14846178535828905,7.434086437200252,1.0,
983,Q3TYA6_S85___1,,0.29814239699997214,0.43751562484375156,0.8852189547537208,ACOS,24.0,16.0,16.0,16.0,16.0,24.0,0.0,,0.05361444160464873,0.10847731432202215,4.181926445162601,1.0,
984,Q3TZZ7_S679___1,,0.24224069756247738,0.6250137498625014,0.9735791103627425,ACOS,24.0,20.0,4.0,20.0,4.0,24.0,0.67,,0.0953088004769263,0.14846178535828905,7.434086437200252,1.0,
985,Q3TZZ7_S682___1,,0.24224069756247738,0.6250137498625014,0.9735791103627425,ACOS,24.0,20.0,4.0,20.0,4.0,24.0,0.67,,0.0953088004769263,0.14846178535828905,7.434086437200252,1.0,
986,Q3TZZ7_S685___1,,0.18633899812498259,0.8125118748812512,0.9836522870292533,ACOS,24.0,20.0,4.0,20.0,4.0,24.0,0.67,,0.15703129585716225,0.19764355093531163,12.248441076858654,1.0,
987,Q3U0J8_S959___1,,0.2236067977499791,0.6875131248687513,0.9836522870292533,ACOS,24.0,16.0,16.0,16.0,16.0,24.0,0.0,,0.11350807917025535,0.16368591139247143,8.853630175279918,1.0,
988,Q3U0S6_S286___1,,0.37267799624996517,0.25001749982500177,0.783497463386022,ACOS,24.0,2.0,10.0,2.0,10.0,24.0,0.67,,0.02203270318362918,0.06904543509151728,1.718550848323076,1.0,
989,Q3U0S6_S413___1,,0.2236067977499791,0.6875131248687513,0.9836522870292533,ACOS,24.0,22.0,20.0,22.0,20.0,24.0,0.08,,0.11350807917025535,0.16368591139247143,8.853630175279918,1.0,
990,Q3U0S6_S322___1,,0.29814239699997214,0.43751562484375156,0.8852189547537208,ACOS,24.0,2.0,4.0,2.0,4.0,24.0,0.92,,0.05361444160464873,0.10847731432202215,4.181926445162601,1.0,
991,Q3U0V1_S481___1,,0.37267799624996517,0.25001749982500177,0.783497463386022,ACOS,24.0,20.0,4.0,20.0,4.0,24.0,0.67,,0.02203270318362918,0.06904543509151728,1.718550848323076,1.0,
992,Q3U0V1_S182___1,,0.48448139512495475,0.07814921850781492,0.5245437011922015,ACOS,24.0,22.0,16.0,22.0,16.0,24.0,0.25,,0.004428713520216645,0.029725873473476612,0.3454396545768983,1.0,
993,Q3U3Q1_S464___1,,0.2236067977499791,0.6875131248687513,0.9836522870292533,ACOS,24.0,2.0,10.0,2.0,10.0,24.0,0.67,,0.11350807917025535,0.16368591139247143,8.853630175279918,1.0,
994,Q3U3R4_S29___1,,0.14907119849998607,0.8750112498875011,0.9836522870292533,ACOS,24.0,14.0,20.0,14.0,20.0,24.0,0.75,,0.21029812498078254,0.23917533062426458,16.403253748501037,1.0,
995,Q3U9N9_S495___1,,0.07453559924999303,0.984390156098439,0.9974177898103224,ACOS,24.0,14.0,14.0,14.0,14.0,24.0,0.0,,0.34358681309626693,0.3483244335568646,26.799771421508822,1.0,
996,Q3U9N9_S500___1,,0.14907119849998607,0.8750112498875011,0.9836522870292533,ACOS,24.0,4.0,20.0,4.0,20.0,24.0,0.33,,0.21029812498078254,0.23917533062426458,16.403253748501037,1.0,
997,Q3U9N9_S501___1,,0.3354101966249687,0.34376656233437664,0.8386535601185869,ACOS,24.0,8.0,16.0,8.0,16.0,24.0,0.67,,0.03498372787327912,0.08730403942892999,2.7287307741157716,1.0,
998,Q3UBG2_S214___1,,0.3354101966249687,0.34376656233437664,0.8386535601185869,ACOS,24.0,8.0,8.0,8.0,8.0,24.0,0.0,,0.03498372787327912,0.08730403942892999,2.7287307741157716,1.0,
999,Q3UDE2_S11___1,,0.14907119849998607,0.8750112498875011,0.9836522870292533,ACOS,24.0,8.0,16.0,8.0,16.0,24.0,0.67,,0.21029812498078254,0.23917533062426458,16.403253748501037,1.0,
1000,Q3UDW8_S238___1,,0.16770509831248434,0.8437615623843762,0.9836522870292533,ACOS,24.0,10.0,4.0,10.0,4.0,24.0,0.25,,0.1824518756760124,0.21722409413444527,14.231246302728968,1.0,
1001,Q3UFK8_S452___1,,0.2795084971874739,0.5000149998500015,0.9204821588147755,ACOS,24.0,12.0,20.0,12.0,20.0,24.0,0.67,,0.06550881647134288,0.1205957757767903,5.1096876847647446,1.0,
1002,Q3UFT3_S382___1,,0.503115294937453,0.06251937480625194,0.49060770476039084,COS,24.0,8.0,20.0,8.0,20.0,24.0,0.5,,0.0032820864904672107,0.025755486597607225,0.2560027462564424,1.0,
1003,Q3UFY8_S69___1,,0.5962847939999443,0.011739882601173987,0.2093466378769048,COS,24.0,2.0,14.0,2.0,14.0,24.0,0.5,,6.374983385533969E-4,0.011367927462487626,0.04972487040716496,0.8866983420740349,
1004,Q3UFY8_S79___1,,0.16770509831248434,0.8437615623843762,0.9836522870292533,ACOS,24.0,16.0,16.0,16.0,16.0,24.0,0.0,,0.1824518756760124,0.21722409413444527,14.231246302728968,1.0,
1005,Q3UGC7_S14___1,,0.13043729868748782,0.9062609373906261,0.9836522870292533,ACOS,24.0,10.0,2.0,10.0,2.0,24.0,0.33,,0.24049416858204564,0.26103148572645835,18.75854514939956,1.0,
1006,Q3UGC7_S16___1,,0.07453559924999303,0.984390156098439,0.9974177898103224,ACOS,24.0,14.0,16.0,14.0,16.0,24.0,0.92,,0.34358681309626693,0.3483244335568646,26.799771421508822,1.0,
1007,Q3UGS4_S21___1,,0.37267799624996517,0.25001749982500177,0.783497463386022,ACOS,24.0,8.0,16.0,8.0,16.0,24.0,0.67,,0.02203270318362918,0.06904543509151728,1.718550848323076,1.0,
1008,Q3UH60_S99___1,,0.42857969568745996,0.15626843731562684,0.6959989393582299,ACOS,24.0,4.0,20.0,4.0,20.0,24.0,0.33,,0.010293111274975088,0.04584415543625904,0.8028626794480569,1.0,
1009,Q3UHJ0_S21___1,,0.24224069756247738,0.6250137498625014,0.9735791103627425,ACOS,24.0,14.0,4.0,14.0,4.0,24.0,0.42,,0.0953088004769263,0.14846178535828905,7.434086437200252,1.0,
1010,Q3UHJ0_S635___1,,0.16770509831248434,0.8437615623843762,0.9836522870292533,ACOS,24.0,14.0,14.0,14.0,14.0,24.0,0.0,,0.1824518756760124,0.21722409413444527,14.231246302728968,1.0,
1011,Q3UHJ0_S650___1,,0.13043729868748782,0.9062609373906261,0.9836522870292533,ACOS,24.0,20.0,4.0,20.0,4.0,24.0,0.67,,0.24049416858204564,0.26103148572645835,18.75854514939956,1.0,
1012,Q3UHJ0_S676___1,,0.3167762968124704,0.37501624983750165,0.8386535601185869,ACOS,24.0,8.0,16.0,8.0,16.0,24.0,0.67,,0.04349923101882863,0.097277877884409,3.392940019468633,1.0,
1013,Q3UHQ6_S1167___1,,0.26087459737497565,0.5625143748562514,0.9536205028159013,ACOS,24.0,14.0,16.0,14.0,16.0,24.0,0.92,,0.07935437224874475,0.1345280400768894,6.189641035402091,1.0,
1014,Q3UHX0_S716___1,,0.5217491947499513,0.04689953100468995,0.4127676955274646,ACOS,24.0,14.0,4.0,14.0,4.0,24.0,0.42,,0.0024097615294134673,0.021208564178760516,0.18796139929425046,1.0,
1015,Q3UI43_S8___1,,0.18633899812498259,0.8125118748812512,0.9836522870292533,ACOS,24.0,4.0,20.0,4.0,20.0,24.0,0.33,,0.15703129585716225,0.19764355093531163,12.248441076858654,1.0,
1016,Q3UI43_S53___1,,0.3354101966249687,0.34376656233437664,0.8386535601185869,ACOS,24.0,8.0,8.0,8.0,8.0,24.0,0.0,,0.03498372787327912,0.08730403942892999,2.7287307741157716,1.0,
1017,Q3UIA2_S698___1,,0.2236067977499791,0.6875131248687513,0.9836522870292533,ACOS,24.0,14.0,16.0,14.0,16.0,24.0,0.92,,0.11350807917025535,0.16368591139247143,8.853630175279918,1.0,
1018,Q3UIL6_S362___1,,0.18633899812498259,0.8125118748812512,0.9836522870292533,ACOS,24.0,8.0,8.0,8.0,8.0,24.0,0.0,,0.15703129585716225,0.19764355093531163,12.248441076858654,1.0,
1019,Q3UIL6_S533___1,,0.20497289793748086,0.7500124998750013,0.9836522870292533,ACOS,24.0,4.0,14.0,4.0,14.0,24.0,0.58,,0.13405890065957154,0.18041889221405025,10.45659425144658,1.0,
1020,Q3UIL6_S601___1,,0.24224069756247738,0.6250137498625014,0.9735791103627425,ACOS,24.0,2.0,18.0,2.0,18.0,24.0,0.33,,0.0953088004769263,0.14846178535828905,7.434086437200252,1.0,
1021,Q3UIL6_S609___1,,0.3354101966249687,0.34376656233437664,0.8386535601185869,ACOS,24.0,2.0,10.0,2.0,10.0,24.0,0.67,,0.03498372787327912,0.08730403942892999,2.7287307741157716,1.0,
1022,Q3UIR3_S9___1,,0.26087459737497565,0.5625143748562514,0.9536205028159013,COS,24.0,14.0,2.0,14.0,2.0,24.0,0.5,,0.07935437224874475,0.1345280400768894,6.189641035402091,1.0,
1023,Q3UJB9_S884___1,,0.42857969568745996,0.15626843731562684,0.6959989393582299,ACOS,24.0,20.0,4.0,20.0,4.0,24.0,0.67,,0.010293111274975088,0.04584415543625904,0.8028626794480569,1.0,
1024,Q3UJB9_S727___1,,0.20497289793748086,0.7500124998750013,0.9836522870292533,COS,24.0,14.0,2.0,14.0,2.0,24.0,0.5,,0.13405890065957154,0.18041889221405025,10.45659425144658,1.0,
1025,Q3UJB9_S667___1,,0.18633899812498259,0.8125118748812512,0.9836522870292533,ACOS,24.0,10.0,2.0,10.0,2.0,24.0,0.33,,0.15703129585716225,0.19764355093531163,12.248441076858654,1.0,
1026,Q3UJB9_S680___1,,0.16770509831248434,0.8437615623843762,0.9836522870292533,ACOS,24.0,10.0,2.0,10.0,2.0,24.0,0.33,,0.1824518756760124,0.21722409413444527,14.231246302728968,1.0,
1027,Q3UJB9_S796___1,,0.13043729868748782,0.9062609373906261,0.9836522870292533,ACOS,24.0,20.0,4.0,20.0,4.0,24.0,0.67,,0.24049416858204564,0.26103148572645835,18.75854514939956,1.0,
1028,Q3UJB9_S683___1,,0.3540440964374669,0.3125168748312517,0.8386535601185869,ACOS,24.0,4.0,14.0,4.0,14.0,24.0,0.58,,0.027887169552556004,0.07848809381134579,2.175199225099368,1.0,
1029,Q3UJB9_S733___1,,0.16770509831248434,0.8437615623843762,0.9836522870292533,COS,24.0,14.0,2.0,14.0,2.0,24.0,0.5,,0.1824518756760124,0.21722409413444527,14.231246302728968,1.0,
1030,Q3UJU9_S83___1,,0.2795084971874739,0.5000149998500015,0.9204821588147755,ACOS,24.0,10.0,4.0,10.0,4.0,24.0,0.25,,0.06550881647134288,0.1205957757767903,5.1096876847647446,1.0,
1031,Q3UJU9_S193___1,,0.6149186938124426,0.007829921700782993,0.17567697562460996,ACOS,24.0,20.0,4.0,20.0,4.0,24.0,0.67,,4.465174392780171E-4,0.010018341982674385,0.03482836026368533,0.7814306746486018,
1032,Q3UJU9_S212___1,,0.2236067977499791,0.6875131248687513,0.9836522870292533,ACOS,24.0,10.0,2.0,10.0,2.0,24.0,0.33,,0.11350807917025535,0.16368591139247143,8.853630175279918,1.0,
1033,Q3UJU9_S46___1,,0.13043729868748782,0.9062609373906261,0.9836522870292533,ACOS,24.0,22.0,16.0,22.0,16.0,24.0,0.25,,0.24049416858204564,0.26103148572645835,18.75854514939956,1.0,
1034,Q3UM45_S45___1,,0.48448139512495475,0.07814921850781492,0.5245437011922015,ACOS,24.0,4.0,14.0,4.0,14.0,24.0,0.58,,0.004428713520216645,0.029725873473476612,0.3454396545768983,1.0,
1035,Q3UM45_S48___1,,0.20497289793748086,0.7500124998750013,0.9836522870292533,ACOS,24.0,8.0,10.0,8.0,10.0,24.0,0.92,,0.13405890065957154,0.18041889221405025,10.45659425144658,1.0,
1036,Q3UM45_S24___1,,0.09316949906249129,0.968760312396876,0.9974177898103224,ACOS,24.0,16.0,16.0,16.0,16.0,24.0,0.0,,0.30735312441432305,0.3173127201503672,23.973543704317198,1.0,
1037,Q3UM45_S27___1,,0.24224069756247738,0.6250137498625014,0.9735791103627425,ACOS,24.0,8.0,8.0,8.0,8.0,24.0,0.0,,0.0953088004769263,0.14846178535828905,7.434086437200252,1.0,
1038,Q3UMB5_S512___1,,0.3167762968124704,0.37501624983750165,0.8386535601185869,ACOS,24.0,2.0,18.0,2.0,18.0,24.0,0.33,,0.04349923101882863,0.097277877884409,3.392940019468633,1.0,
1039,Q3UMC0_S244___1,,0.18633899812498259,0.8125118748812512,0.9836522870292533,ACOS,24.0,12.0,20.0,12.0,20.0,24.0,0.67,,0.15703129585716225,0.19764355093531163,12.248441076858654,1.0,
1040,Q3UMF0_S1028___1,,0.2795084971874739,0.5000149998500015,0.9204821588147755,ACOS,24.0,10.0,10.0,10.0,10.0,24.0,0.0,,0.06550881647134288,0.1205957757767903,5.1096876847647446,1.0,
1041,Q3UMF0_S1092___1,,0.2236067977499791,0.6875131248687513,0.9836522870292533,ACOS,24.0,14.0,14.0,14.0,14.0,24.0,0.0,,0.11350807917025535,0.16368591139247143,8.853630175279918,1.0,
1042,Q3UMF0_S1044___1,,0.26087459737497565,0.5625143748562514,0.9536205028159013,ACOS,24.0,10.0,10.0,10.0,10.0,24.0,0.0,,0.07935437224874475,0.1345280400768894,6.189641035402091,1.0,
1043,Q3UMF0_S546___1,,0.3913118960624634,0.21876781232187678,0.7543227814475101,ACOS,24.0,16.0,16.0,16.0,16.0,24.0,0.0,,0.017251591034782986,0.059484382074478995,1.345624100713073,1.0,
1044,Q3UMF0_S770___1,,0.48448139512495475,0.07814921850781492,0.5245437011922015,COS,24.0,8.0,20.0,8.0,20.0,24.0,0.5,,0.004428713520216645,0.029725873473476612,0.3454396545768983,1.0,
1045,Q3UMF0_S794___1,,0.5403830945624495,0.031269687303126965,0.31931161457616186,ACOS,24.0,4.0,14.0,4.0,14.0,24.0,0.58,,0.0017528052122483628,0.01789883784045924,0.1367188065553723,1.0,
1046,Q3UMF0_S1215___1,,0.3540440964374669,0.3125168748312517,0.8386535601185869,ACOS,24.0,8.0,18.0,8.0,18.0,24.0,0.58,,0.027887169552556004,0.07848809381134579,2.175199225099368,1.0,
1047,Q3UMF0_S1220___1,,0.18633899812498259,0.8125118748812512,0.9836522870292533,ACOS,24.0,8.0,10.0,8.0,10.0,24.0,0.92,,0.15703129585716225,0.19764355093531163,12.248441076858654,1.0,
1048,Q3UMF0_S1266___1,,0.6708203932499374,0.002949970500294997,0.1270081893775657,COS,24.0,8.0,20.0,8.0,20.0,24.0,0.5,,1.449047398848948E-4,0.006238736503692902,0.011302569711021794,0.4866214472880464,
1049,Q3UMF0_S366___1,,0.42857969568745996,0.15626843731562684,0.6959989393582299,ACOS,24.0,4.0,20.0,4.0,20.0,24.0,0.33,,0.010293111274975088,0.04584415543625904,0.8028626794480569,1.0,
1050,Q3UMF0_S384___1,,0.3540440964374669,0.3125168748312517,0.8386535601185869,ACOS,24.0,10.0,20.0,10.0,20.0,24.0,0.58,,0.027887169552556004,0.07848809381134579,2.175199225099368,1.0,
1051,Q3UMF0_S396___1,,0.5962847939999443,0.011739882601173987,0.2093466378769048,ACOS,24.0,4.0,0.0,4.0,0.0,24.0,0.17,,6.374983385533969E-4,0.011367927462487626,0.04972487040716496,0.8866983420740349,
1052,Q3UMF0_S896___1,,0.3913118960624634,0.21876781232187678,0.7543227814475101,ACOS,24.0,8.0,16.0,8.0,16.0,24.0,0.67,,0.017251591034782986,0.059484382074478995,1.345624100713073,1.0,
1053,Q3UMU9_S620___1,,0.29814239699997214,0.43751562484375156,0.8852189547537208,ACOS,24.0,2.0,12.0,2.0,12.0,24.0,0.58,,0.05361444160464873,0.10847731432202215,4.181926445162601,1.0,
1054,Q3UMU9_S661___1,,0.2236067977499791,0.6875131248687513,0.9836522870292533,ACOS,24.0,2.0,18.0,2.0,18.0,24.0,0.33,,0.11350807917025535,0.16368591139247143,8.853630175279918,1.0,
1055,Q3UMY5_S146___1,,0.09316949906249129,0.968760312396876,0.9974177898103224,ACOS,24.0,2.0,2.0,2.0,2.0,24.0,0.0,,0.30735312441432305,0.3173127201503672,23.973543704317198,1.0,
1056,Q3UMY5_S908___1,,0.20497289793748086,0.7500124998750013,0.9836522870292533,ACOS,24.0,14.0,4.0,14.0,4.0,24.0,0.42,,0.13405890065957154,0.18041889221405025,10.45659425144658,1.0,
1057,Q3UND0_S223___1,,0.4099457958749617,0.18751812481875182,0.7309536040039274,ACOS,24.0,20.0,4.0,20.0,4.0,24.0,0.67,,0.013386385243419103,0.05218069745375196,1.04413804898669,1.0,
1058,Q3UND0_S272___1,,0.3354101966249687,0.34376656233437664,0.8386535601185869,ACOS,24.0,22.0,22.0,22.0,22.0,24.0,0.0,,0.03498372787327912,0.08730403942892999,2.7287307741157716,1.0,
1059,Q3UPF5_S324___1,,0.20497289793748086,0.7500124998750013,0.9836522870292533,ACOS,24.0,14.0,16.0,14.0,16.0,24.0,0.92,,0.13405890065957154,0.18041889221405025,10.45659425144658,1.0,
1060,Q3UPL0_S526___1,,0.3354101966249687,0.34376656233437664,0.8386535601185869,ACOS,24.0,14.0,6.0,14.0,6.0,24.0,0.33,,0.03498372787327912,0.08730403942892999,2.7287307741157716,1.0,
1061,Q3UPL0_S531___1,,0.42857969568745996,0.15626843731562684,0.6959989393582299,COS,24.0,14.0,2.0,14.0,2.0,24.0,0.5,,0.010293111274975088,0.04584415543625904,0.8028626794480569,1.0,
1062,Q3UPL0_S1173___1,,0.3167762968124704,0.37501624983750165,0.8386535601185869,COS,24.0,14.0,2.0,14.0,2.0,24.0,0.5,,0.04349923101882863,0.097277877884409,3.392940019468633,1.0,
1063,Q3UPR7_S211___1,,0.3354101966249687,0.34376656233437664,0.8386535601185869,ACOS,24.0,14.0,14.0,14.0,14.0,24.0,0.0,,0.03498372787327912,0.08730403942892999,2.7287307741157716,1.0,
1064,Q3UQ44_S1356___1,,0.5962847939999443,0.011739882601173987,0.2093466378769048,COS,24.0,8.0,20.0,8.0,20.0,24.0,0.5,,6.374983385533969E-4,0.011367927462487626,0.04972487040716496,0.8866983420740349,
1065,Q3UQ44_S16___1,,0.6149186938124426,0.007829921700782993,0.17567697562460996,COS,24.0,8.0,20.0,8.0,20.0,24.0,0.5,,4.465174392780171E-4,0.010018341982674385,0.03482836026368533,0.7814306746486018,
1066,Q3UQ44_S24___1,,0.726722092687432,4.999950000499995E-4,0.06827074586396994,ACOS,24.0,8.0,16.0,8.0,16.0,24.0,0.67,,4.3137942030421135E-5,0.005835764267952787,0.0033647594783728484,0.45518961290031734,
1067,Q3UQN2_S681___1,,0.42857969568745996,0.15626843731562684,0.6959989393582299,ACOS,24.0,20.0,4.0,20.0,4.0,24.0,0.67,,0.010293111274975088,0.04584415543625904,0.8028626794480569,1.0,
1068,Q3UQN2_S394___1,,0.20497289793748086,0.7500124998750013,0.9836522870292533,ACOS,24.0,12.0,20.0,12.0,20.0,24.0,0.67,,0.13405890065957154,0.18041889221405025,10.45659425144658,1.0,
1069,Q3UQN2_S487___1,,0.24224069756247738,0.6250137498625014,0.9735791103627425,ACOS,24.0,10.0,4.0,10.0,4.0,24.0,0.25,,0.0953088004769263,0.14846178535828905,7.434086437200252,1.0,
1070,Q3USH5_S903___1,,0.4099457958749617,0.18751812481875182,0.7309536040039274,ACOS,24.0,4.0,0.0,4.0,0.0,24.0,0.17,,0.013386385243419103,0.05218069745375196,1.04413804898669,1.0,
1071,Q3USH5_S601___1,,0.2795084971874739,0.5000149998500015,0.9204821588147755,ACOS,24.0,4.0,4.0,4.0,4.0,24.0,0.0,,0.06550881647134288,0.1205957757767903,5.1096876847647446,1.0,
1072,Q3UTJ2_S40___1,,0.24224069756247738,0.6250137498625014,0.9735791103627425,ACOS,24.0,10.0,2.0,10.0,2.0,24.0,0.33,,0.0953088004769263,0.14846178535828905,7.434086437200252,1.0,
1073,Q3UTJ2_S1212___1,,0.5962847939999443,0.011739882601173987,0.2093466378769048,ACOS,24.0,10.0,20.0,10.0,20.0,24.0,0.58,,6.374983385533969E-4,0.011367927462487626,0.04972487040716496,0.8866983420740349,
1074,Q3UTJ2_S473___1,,0.07453559924999303,0.984390156098439,0.9974177898103224,ACOS,24.0,8.0,10.0,8.0,10.0,24.0,0.92,,0.34358681309626693,0.3483244335568646,26.799771421508822,1.0,
1075,Q3UTJ2_S27___1,,0.37267799624996517,0.25001749982500177,0.783497463386022,ACOS,24.0,14.0,16.0,14.0,16.0,24.0,0.92,,0.02203270318362918,0.06904543509151728,1.718550848323076,1.0,
1076,Q3UTJ2_S497___1,,0.18633899812498259,0.8125118748812512,0.9836522870292533,ACOS,24.0,22.0,20.0,22.0,20.0,24.0,0.08,,0.15703129585716225,0.19764355093531163,12.248441076858654,1.0,
1077,Q3UTJ2_S440___1,,0.5403830945624495,0.031269687303126965,0.31931161457616186,ACOS,24.0,4.0,20.0,4.0,20.0,24.0,0.33,,0.0017528052122483628,0.01789883784045924,0.1367188065553723,1.0,
1078,Q3UVL4_S18___1,,0.07453559924999303,0.984390156098439,0.9974177898103224,ACOS,24.0,22.0,20.0,22.0,20.0,24.0,0.08,,0.34358681309626693,0.3483244335568646,26.799771421508822,1.0,
1079,Q3UW53_S581___1,,0.07453559924999303,0.984390156098439,0.9974177898103224,ACOS,24.0,14.0,14.0,14.0,14.0,24.0,0.0,,0.34358681309626693,0.3483244335568646,26.799771421508822,1.0,
1080,Q3UW53_S601___1,,0.07453559924999303,0.984390156098439,0.9974177898103224,ACOS,24.0,14.0,6.0,14.0,6.0,24.0,0.33,,0.34358681309626693,0.3483244335568646,26.799771421508822,1.0,
1081,Q3UYI5_S707___1,,0.5403830945624495,0.031269687303126965,0.31931161457616186,ACOS,24.0,14.0,4.0,14.0,4.0,24.0,0.42,,0.0017528052122483628,0.01789883784045924,0.1367188065553723,1.0,
1082,Q3UYI5_S553___1,,0.14907119849998607,0.8750112498875011,0.9836522870292533,ACOS,24.0,10.0,10.0,10.0,10.0,24.0,0.0,,0.21029812498078254,0.23917533062426458,16.403253748501037,1.0,
1083,Q3UYI5_S510___1,,0.46584749531245645,0.0937690623093769,0.5471579350140564,ACOS,24.0,16.0,22.0,16.0,22.0,24.0,0.75,,0.005920711107451196,0.03454832525336907,0.4618154663811933,1.0,
1084,Q3UZ39_S302___1,,0.2236067977499791,0.6875131248687513,0.9836522870292533,ACOS,24.0,2.0,18.0,2.0,18.0,24.0,0.33,,0.11350807917025535,0.16368591139247143,8.853630175279918,1.0,
1085,Q3UZ39_S348___1,,0.26087459737497565,0.5625143748562514,0.9536205028159013,ACOS,24.0,14.0,6.0,14.0,6.0,24.0,0.33,,0.07935437224874475,0.1345280400768894,6.189641035402091,1.0,
1086,Q3UZ39_S88___1,,0.055901699437494776,0.99220007799922,0.9974177898103224,ACOS,24.0,14.0,16.0,14.0,16.0,24.0,0.92,,0.3813183256938952,0.38332357561866326,29.742829404123825,1.0,
1087,Q3UZ39_S284___1,,0.6894542930624356,0.001969980300196998,0.11768169818301817,COS,24.0,8.0,20.0,8.0,20.0,24.0,0.5,,9.769013212726992E-5,0.005835764267952787,0.007619830305927054,0.45518961290031734,
1088,Q3UZ39_S649___1,,0.09316949906249129,0.968760312396876,0.9974177898103224,ACOS,24.0,16.0,22.0,16.0,22.0,24.0,0.75,,0.30735312441432305,0.3173127201503672,23.973543704317198,1.0,
1089,Q3UZA1_S216___1,,0.3167762968124704,0.37501624983750165,0.8386535601185869,ACOS,24.0,2.0,4.0,2.0,4.0,24.0,0.92,,0.04349923101882863,0.097277877884409,3.392940019468633,1.0,
1090,Q3UZA1_S177___1,,0.37267799624996517,0.25001749982500177,0.783497463386022,ACOS,24.0,20.0,6.0,20.0,6.0,24.0,0.58,,0.02203270318362918,0.06904543509151728,1.718550848323076,1.0,
1091,Q3UZA1_S179___1,,0.42857969568745996,0.15626843731562684,0.6959989393582299,ACOS,24.0,0.0,4.0,0.0,4.0,24.0,0.83,,0.010293111274975088,0.04584415543625904,0.8028626794480569,1.0,
1092,Q3UZZ6_S261___1,,0.37267799624996517,0.25001749982500177,0.783497463386022,ACOS,24.0,20.0,10.0,20.0,10.0,24.0,0.42,,0.02203270318362918,0.06904543509151728,1.718550848323076,1.0,
1093,Q497V5_S139___1,,0.46584749531245645,0.0937690623093769,0.5471579350140564,COS,24.0,20.0,8.0,20.0,8.0,24.0,0.5,,0.005920711107451196,0.03454832525336907,0.4618154663811933,1.0,
1094,Q4ACU6_S995___1,,0.055901699437494776,0.99220007799922,0.9974177898103224,ACOS,24.0,4.0,20.0,4.0,20.0,24.0,0.33,,0.3813183256938952,0.38332357561866326,29.742829404123825,1.0,
1095,Q4ACU6_S685___1,,0.48448139512495475,0.07814921850781492,0.5245437011922015,ACOS,24.0,2.0,4.0,2.0,4.0,24.0,0.92,,0.004428713520216645,0.029725873473476612,0.3454396545768983,1.0,
1096,Q4ACU6_S375___1,,0.3167762968124704,0.37501624983750165,0.8386535601185869,ACOS,24.0,2.0,10.0,2.0,10.0,24.0,0.67,,0.04349923101882863,0.097277877884409,3.392940019468633,1.0,
1097,Q4ACU6_S1134___1,,0.3354101966249687,0.34376656233437664,0.8386535601185869,ACOS,24.0,4.0,14.0,4.0,14.0,24.0,0.58,,0.03498372787327912,0.08730403942892999,2.7287307741157716,1.0,
1098,Q4ACU6_S781___1,,0.11180339887498955,0.937510624893751,0.9899167645530791,ACOS,24.0,20.0,20.0,20.0,20.0,24.0,0.0,,0.2729083801775865,0.2881637536165899,21.286853653851747,1.0,
1099,Q4FK66_S209___1,,0.20497289793748086,0.7500124998750013,0.9836522870292533,ACOS,24.0,20.0,4.0,20.0,4.0,24.0,0.67,,0.13405890065957154,0.18041889221405025,10.45659425144658,1.0,
1100,Q4FK66_S193___1,,0.3540440964374669,0.3125168748312517,0.8386535601185869,ACOS,24.0,20.0,4.0,20.0,4.0,24.0,0.67,,0.027887169552556004,0.07848809381134579,2.175199225099368,1.0,
1101,Q4FK66_S194___1,,0.3540440964374669,0.3125168748312517,0.8386535601185869,ACOS,24.0,20.0,4.0,20.0,4.0,24.0,0.67,,0.027887169552556004,0.07848809381134579,2.175199225099368,1.0,
1102,Q4KMM3_S204___1,,0.503115294937453,0.06251937480625194,0.49060770476039084,ACOS,24.0,8.0,18.0,8.0,18.0,24.0,0.58,,0.0032820864904672107,0.025755486597607225,0.2560027462564424,1.0,
1103,Q4LDD4_S430___1,,0.4099457958749617,0.18751812481875182,0.7309536040039274,ACOS,24.0,4.0,0.0,4.0,0.0,24.0,0.17,,0.013386385243419103,0.05218069745375196,1.04413804898669,1.0,
1104,Q4LDD4_S232___1,,0.2236067977499791,0.6875131248687513,0.9836522870292533,ACOS,24.0,14.0,14.0,14.0,14.0,24.0,0.0,,0.11350807917025535,0.16368591139247143,8.853630175279918,1.0,
1105,Q4LDG0_S137___1,,0.18633899812498259,0.8125118748812512,0.9836522870292533,ACOS,24.0,10.0,10.0,10.0,10.0,24.0,0.0,,0.15703129585716225,0.19764355093531163,12.248441076858654,1.0,
1106,Q4PZA2_S33___1,,0.29814239699997214,0.43751562484375156,0.8852189547537208,ACOS,24.0,14.0,16.0,14.0,16.0,24.0,0.92,,0.05361444160464873,0.10847731432202215,4.181926445162601,1.0,
1107,Q4U2R1_S2929___1,,0.20497289793748086,0.7500124998750013,0.9836522870292533,ACOS,24.0,14.0,4.0,14.0,4.0,24.0,0.42,,0.13405890065957154,0.18041889221405025,10.45659425144658,1.0,
1108,Q4VA53_S1356___1,,0.3354101966249687,0.34376656233437664,0.8386535601185869,ACOS,24.0,16.0,22.0,16.0,22.0,24.0,0.75,,0.03498372787327912,0.08730403942892999,2.7287307741157716,1.0,
1109,Q4VA53_S1182___1,,0.20497289793748086,0.7500124998750013,0.9836522870292533,ACOS,24.0,14.0,4.0,14.0,4.0,24.0,0.42,,0.13405890065957154,0.18041889221405025,10.45659425144658,1.0,
1110,Q4VA53_S1166___1,,0.3354101966249687,0.34376656233437664,0.8386535601185869,ACOS,24.0,10.0,6.0,10.0,6.0,24.0,0.17,,0.03498372787327912,0.08730403942892999,2.7287307741157716,1.0,
1111,Q4VA53_S1255___1,,0.20497289793748086,0.7500124998750013,0.9836522870292533,ACOS,24.0,10.0,10.0,10.0,10.0,24.0,0.0,,0.13405890065957154,0.18041889221405025,10.45659425144658,1.0,
1112,Q4VA53_S1257___1,,0.09316949906249129,0.968760312396876,0.9974177898103224,ACOS,24.0,10.0,2.0,10.0,2.0,24.0,0.33,,0.30735312441432305,0.3173127201503672,23.973543704317198,1.0,
1113,Q4VAA2_S8___1,,0.6149186938124426,0.007829921700782993,0.17567697562460996,COS,24.0,8.0,20.0,8.0,20.0,24.0,0.5,,4.465174392780171E-4,0.010018341982674385,0.03482836026368533,0.7814306746486018,
1114,Q4VAC9_S502___1,,0.5590169943749478,0.023459765402345976,0.28673713262867373,ACOS,24.0,8.0,16.0,8.0,16.0,24.0,0.67,,0.0012630300532244254,0.015437392901175266,0.09851634415150518,1.0,
1115,Q4VAC9_S550___1,,0.13043729868748782,0.9062609373906261,0.9836522870292533,ACOS,24.0,22.0,16.0,22.0,16.0,24.0,0.25,,0.24049416858204564,0.26103148572645835,18.75854514939956,1.0,
1116,Q4VAC9_S766___1,,0.3913118960624634,0.21876781232187678,0.7543227814475101,ACOS,24.0,20.0,4.0,20.0,4.0,24.0,0.67,,0.017251591034782986,0.059484382074478995,1.345624100713073,1.0,
1117,Q4VAC9_S571___1,,0.14907119849998607,0.8750112498875011,0.9836522870292533,ACOS,24.0,20.0,4.0,20.0,4.0,24.0,0.67,,0.21029812498078254,0.23917533062426458,16.403253748501037,1.0,
1118,Q501J6_S492___1,,0.4472135954999582,0.12501874981250188,0.6403693519334903,ACOS,24.0,4.0,20.0,4.0,20.0,24.0,0.33,,0.007842546279573382,0.04017098464103022,0.6117186098067239,1.0,
1119,Q501J7_S436___1,,0.3354101966249687,0.34376656233437664,0.8386535601185869,ACOS,24.0,14.0,16.0,14.0,16.0,24.0,0.92,,0.03498372787327912,0.08730403942892999,2.7287307741157716,1.0,
1120,Q501J7_S444___1,,0.3913118960624634,0.21876781232187678,0.7543227814475101,ACOS,24.0,10.0,4.0,10.0,4.0,24.0,0.25,,0.017251591034782986,0.059484382074478995,1.345624100713073,1.0,
1121,Q501J7_S582___1,,0.2795084971874739,0.5000149998500015,0.9204821588147755,ACOS,24.0,10.0,20.0,10.0,20.0,24.0,0.58,,0.06550881647134288,0.1205957757767903,5.1096876847647446,1.0,
1122,Q501J7_S457___1,,0.3354101966249687,0.34376656233437664,0.8386535601185869,ACOS,24.0,14.0,16.0,14.0,16.0,24.0,0.92,,0.03498372787327912,0.08730403942892999,2.7287307741157716,1.0,
1123,Q501J7_S117___1,,0.5962847939999443,0.011739882601173987,0.2093466378769048,ACOS,24.0,8.0,16.0,8.0,16.0,24.0,0.67,,6.374983385533969E-4,0.011367927462487626,0.04972487040716496,0.8866983420740349,
1124,Q501J7_S118___1,,0.18633899812498259,0.8125118748812512,0.9836522870292533,ACOS,24.0,10.0,10.0,10.0,10.0,24.0,0.0,,0.15703129585716225,0.19764355093531163,12.248441076858654,1.0,
1125,Q505F5_S293___1,,0.6521864934374391,0.003919960800391996,0.13674082237279817,ACOS,24.0,20.0,4.0,20.0,4.0,24.0,0.67,,2.1288795232688796E-4,0.007426215504891954,0.01660526028149726,0.5792448093815723,
1126,Q52KI8_S779___1,,0.48448139512495475,0.07814921850781492,0.5245437011922015,ACOS,24.0,20.0,10.0,20.0,10.0,24.0,0.42,,0.004428713520216645,0.029725873473476612,0.3454396545768983,1.0,
1127,Q52KI8_S260___1,,0.48448139512495475,0.07814921850781492,0.5245437011922015,ACOS,24.0,20.0,10.0,20.0,10.0,24.0,0.42,,0.004428713520216645,0.029725873473476612,0.3454396545768983,1.0,
1128,Q52KI8_S714___1,,0.42857969568745996,0.15626843731562684,0.6959989393582299,ACOS,24.0,20.0,14.0,20.0,14.0,24.0,0.25,,0.010293111274975088,0.04584415543625904,0.8028626794480569,1.0,
1129,Q52KI8_S694___1,,0.29814239699997214,0.43751562484375156,0.8852189547537208,ACOS,24.0,16.0,16.0,16.0,16.0,24.0,0.0,,0.05361444160464873,0.10847731432202215,4.181926445162601,1.0,
1130,Q52KI8_S220___1,,0.42857969568745996,0.15626843731562684,0.6959989393582299,ACOS,24.0,20.0,10.0,20.0,10.0,24.0,0.42,,0.010293111274975088,0.04584415543625904,0.8028626794480569,1.0,
1131,Q52KI8_S915___1,,0.24224069756247738,0.6250137498625014,0.9735791103627425,ACOS,24.0,20.0,12.0,20.0,12.0,24.0,0.33,,0.0953088004769263,0.14846178535828905,7.434086437200252,1.0,
1132,Q52KI8_S810___1,,0.46584749531245645,0.0937690623093769,0.5471579350140564,ACOS,24.0,20.0,14.0,20.0,14.0,24.0,0.25,,0.005920711107451196,0.03454832525336907,0.4618154663811933,1.0,
1133,Q52KI8_S616___1,,0.4099457958749617,0.18751812481875182,0.7309536040039274,ACOS,24.0,22.0,16.0,22.0,16.0,24.0,0.25,,0.013386385243419103,0.05218069745375196,1.04413804898669,1.0,
1134,Q52KI8_S635___1,,0.48448139512495475,0.07814921850781492,0.5245437011922015,ACOS,24.0,20.0,14.0,20.0,14.0,24.0,0.25,,0.004428713520216645,0.029725873473476612,0.3454396545768983,1.0,
1135,Q569Z5_S804___1,,0.13043729868748782,0.9062609373906261,0.9836522870292533,COS,24.0,14.0,2.0,14.0,2.0,24.0,0.5,,0.24049416858204564,0.26103148572645835,18.75854514939956,1.0,
1136,Q569Z6_S243___1,,0.3167762968124704,0.37501624983750165,0.8386535601185869,ACOS,24.0,10.0,4.0,10.0,4.0,24.0,0.25,,0.04349923101882863,0.097277877884409,3.392940019468633,1.0,
1137,Q569Z6_S248___1,,0.42857969568745996,0.15626843731562684,0.6959989393582299,COS,24.0,14.0,2.0,14.0,2.0,24.0,0.5,,0.010293111274975088,0.04584415543625904,0.8028626794480569,1.0,
1138,Q569Z6_S924___1,,0.3354101966249687,0.34376656233437664,0.8386535601185869,COS,24.0,14.0,2.0,14.0,2.0,24.0,0.5,,0.03498372787327912,0.08730403942892999,2.7287307741157716,1.0,
1139,Q569Z6_S935___1,,0.5217491947499513,0.04689953100468995,0.4127676955274646,COS,24.0,14.0,2.0,14.0,2.0,24.0,0.5,,0.0024097615294134673,0.021208564178760516,0.18796139929425046,1.0,
1140,Q569Z6_S233___1,,0.3354101966249687,0.34376656233437664,0.8386535601185869,ACOS,24.0,16.0,22.0,16.0,22.0,24.0,0.75,,0.03498372787327912,0.08730403942892999,2.7287307741157716,1.0,
1141,Q569Z6_S695___1,,0.2236067977499791,0.6875131248687513,0.9836522870292533,ACOS,24.0,16.0,12.0,16.0,12.0,24.0,0.17,,0.11350807917025535,0.16368591139247143,8.853630175279918,1.0,
1142,Q569Z6_S679___1,,0.29814239699997214,0.43751562484375156,0.8852189547537208,ACOS,24.0,10.0,2.0,10.0,2.0,24.0,0.33,,0.05361444160464873,0.10847731432202215,4.181926445162601,1.0,
1143,Q569Z6_S572___1,,0.48448139512495475,0.07814921850781492,0.5245437011922015,ACOS,24.0,14.0,16.0,14.0,16.0,24.0,0.92,,0.004428713520216645,0.029725873473476612,0.3454396545768983,1.0,
1144,Q569Z6_S619___1,,0.16770509831248434,0.8437615623843762,0.9836522870292533,ACOS,24.0,16.0,8.0,16.0,8.0,24.0,0.33,,0.1824518756760124,0.21722409413444527,14.231246302728968,1.0,
1145,Q569Z6_S621___1,,0.13043729868748782,0.9062609373906261,0.9836522870292533,ACOS,24.0,16.0,22.0,16.0,22.0,24.0,0.75,,0.24049416858204564,0.26103148572645835,18.75854514939956,1.0,
1146,Q570Y9_S265___1,,0.5403830945624495,0.031269687303126965,0.31931161457616186,ACOS,24.0,20.0,0.0,20.0,0.0,24.0,0.83,,0.0017528052122483628,0.01789883784045924,0.1367188065553723,1.0,
1147,Q58A65_S203___1,,0.14907119849998607,0.8750112498875011,0.9836522870292533,ACOS,24.0,14.0,16.0,14.0,16.0,24.0,0.92,,0.21029812498078254,0.23917533062426458,16.403253748501037,1.0,
1148,Q58A65_S716___1,,0.3913118960624634,0.21876781232187678,0.7543227814475101,ACOS,24.0,14.0,4.0,14.0,4.0,24.0,0.42,,0.017251591034782986,0.059484382074478995,1.345624100713073,1.0,
1149,Q5BL07_S1210___1,,0.18633899812498259,0.8125118748812512,0.9836522870292533,ACOS,24.0,22.0,22.0,22.0,22.0,24.0,0.0,,0.15703129585716225,0.19764355093531163,12.248441076858654,1.0,
1150,Q5BL07_S1212___1,,0.5590169943749478,0.023459765402345976,0.28673713262867373,ACOS,24.0,20.0,10.0,20.0,10.0,24.0,0.42,,0.0012630300532244254,0.015437392901175266,0.09851634415150518,1.0,
1151,Q5BL07_S1182___1,,0.3540440964374669,0.3125168748312517,0.8386535601185869,ACOS,24.0,10.0,2.0,10.0,2.0,24.0,0.33,,0.027887169552556004,0.07848809381134579,2.175199225099368,1.0,
1152,Q5BLK4_S172___1,,0.24224069756247738,0.6250137498625014,0.9735791103627425,ACOS,24.0,14.0,4.0,14.0,4.0,24.0,0.42,,0.0953088004769263,0.14846178535828905,7.434086437200252,1.0,
1153,Q5BLK4_S879___1,,0.29814239699997214,0.43751562484375156,0.8852189547537208,COS,24.0,2.0,14.0,2.0,14.0,24.0,0.5,,0.05361444160464873,0.10847731432202215,4.181926445162601,1.0,
1154,Q5BLK4_S193___1,,0.13043729868748782,0.9062609373906261,0.9836522870292533,ACOS,24.0,22.0,22.0,22.0,22.0,24.0,0.0,,0.24049416858204564,0.26103148572645835,18.75854514939956,1.0,
1155,Q5BLK4_S645___1,,0.14907119849998607,0.8750112498875011,0.9836522870292533,ACOS,24.0,14.0,14.0,14.0,14.0,24.0,0.0,,0.21029812498078254,0.23917533062426458,16.403253748501037,1.0,
1156,Q5DTM8_S136___1,,0.26087459737497565,0.5625143748562514,0.9536205028159013,ACOS,24.0,8.0,16.0,8.0,16.0,24.0,0.67,,0.07935437224874475,0.1345280400768894,6.189641035402091,1.0,
1157,Q5DTM8_S138___1,,0.26087459737497565,0.5625143748562514,0.9536205028159013,ACOS,24.0,2.0,10.0,2.0,10.0,24.0,0.67,,0.07935437224874475,0.1345280400768894,6.189641035402091,1.0,
1158,Q5EBG6_S16___1,,0.24224069756247738,0.6250137498625014,0.9735791103627425,ACOS,24.0,0.0,4.0,0.0,4.0,24.0,0.83,,0.0953088004769263,0.14846178535828905,7.434086437200252,1.0,
1159,Q5F2E7_S626___1,,0.2795084971874739,0.5000149998500015,0.9204821588147755,COS,24.0,8.0,20.0,8.0,20.0,24.0,0.5,,0.06550881647134288,0.1205957757767903,5.1096876847647446,1.0,
1160,Q5F2E7_S649___1,,0.2236067977499791,0.6875131248687513,0.9836522870292533,ACOS,24.0,12.0,20.0,12.0,20.0,24.0,0.67,,0.11350807917025535,0.16368591139247143,8.853630175279918,1.0,
1161,Q5F2F2_S442___1,,0.4472135954999582,0.12501874981250188,0.6403693519334903,ACOS,24.0,14.0,16.0,14.0,16.0,24.0,0.92,,0.007842546279573382,0.04017098464103022,0.6117186098067239,1.0,
1162,Q5FWK3_S51___1,,0.20497289793748086,0.7500124998750013,0.9836522870292533,ACOS,24.0,16.0,16.0,16.0,16.0,24.0,0.0,,0.13405890065957154,0.18041889221405025,10.45659425144658,1.0,
1163,Q5H8C4_S835___1,,0.09316949906249129,0.968760312396876,0.9974177898103224,ACOS,24.0,16.0,22.0,16.0,22.0,24.0,0.75,,0.30735312441432305,0.3173127201503672,23.973543704317198,1.0,
1164,Q5HZH2_S24___1,,0.2795084971874739,0.5000149998500015,0.9204821588147755,ACOS,24.0,14.0,14.0,14.0,14.0,24.0,0.0,,0.06550881647134288,0.1205957757767903,5.1096876847647446,1.0,
1165,Q5HZI1_S535___1,,0.4472135954999582,0.12501874981250188,0.6403693519334903,COS,24.0,8.0,20.0,8.0,20.0,24.0,0.5,,0.007842546279573382,0.04017098464103022,0.6117186098067239,1.0,
1166,Q5HZI1_S150___1,,0.3540440964374669,0.3125168748312517,0.8386535601185869,ACOS,24.0,8.0,8.0,8.0,8.0,24.0,0.0,,0.027887169552556004,0.07848809381134579,2.175199225099368,1.0,
1167,Q5HZI1_S1208___1,,0.42857969568745996,0.15626843731562684,0.6959989393582299,ACOS,24.0,20.0,4.0,20.0,4.0,24.0,0.67,,0.010293111274975088,0.04584415543625904,0.8028626794480569,1.0,
1168,Q5HZI1_S1143___1,,0.48448139512495475,0.07814921850781492,0.5245437011922015,COS,24.0,8.0,20.0,8.0,20.0,24.0,0.5,,0.004428713520216645,0.029725873473476612,0.3454396545768983,1.0,
1169,Q5HZI1_S380___1,,0.29814239699997214,0.43751562484375156,0.8852189547537208,ACOS,24.0,12.0,18.0,12.0,18.0,24.0,0.75,,0.05361444160464873,0.10847731432202215,4.181926445162601,1.0,
1170,Q5HZI1_S384___1,,0.16770509831248434,0.8437615623843762,0.9836522870292533,ACOS,24.0,4.0,2.0,4.0,2.0,24.0,0.08,,0.1824518756760124,0.21722409413444527,14.231246302728968,1.0,
1171,Q5I012_S441___1,,0.46584749531245645,0.0937690623093769,0.5471579350140564,ACOS,24.0,10.0,4.0,10.0,4.0,24.0,0.25,,0.005920711107451196,0.03454832525336907,0.4618154663811933,1.0,
1172,Q5I012_S887___1,,0.3354101966249687,0.34376656233437664,0.8386535601185869,ACOS,24.0,20.0,4.0,20.0,4.0,24.0,0.67,,0.03498372787327912,0.08730403942892999,2.7287307741157716,1.0,
1173,Q5NBX1_S515___1,,0.4099457958749617,0.18751812481875182,0.7309536040039274,ACOS,24.0,20.0,4.0,20.0,4.0,24.0,0.67,,0.013386385243419103,0.05218069745375196,1.04413804898669,1.0,
1174,Q5ND29_S363___1,,0.2236067977499791,0.6875131248687513,0.9836522870292533,ACOS,24.0,16.0,8.0,16.0,8.0,24.0,0.33,,0.11350807917025535,0.16368591139247143,8.853630175279918,1.0,
1175,Q5ND34_S1570___1,,0.4099457958749617,0.18751812481875182,0.7309536040039274,ACOS,24.0,8.0,16.0,8.0,16.0,24.0,0.67,,0.013386385243419103,0.05218069745375196,1.04413804898669,1.0,
1176,Q5ND34_S308___1,,0.29814239699997214,0.43751562484375156,0.8852189547537208,ACOS,24.0,20.0,4.0,20.0,4.0,24.0,0.67,,0.05361444160464873,0.10847731432202215,4.181926445162601,1.0,
1177,Q5SPW0_S35___1,,0.2795084971874739,0.5000149998500015,0.9204821588147755,ACOS,24.0,4.0,14.0,4.0,14.0,24.0,0.58,,0.06550881647134288,0.1205957757767903,5.1096876847647446,1.0,
1178,Q5SSH7_S1515___1,,0.3540440964374669,0.3125168748312517,0.8386535601185869,ACOS,24.0,20.0,4.0,20.0,4.0,24.0,0.67,,0.027887169552556004,0.07848809381134579,2.175199225099368,1.0,
1179,Q5SSH7_S1538___1,,0.20497289793748086,0.7500124998750013,0.9836522870292533,ACOS,24.0,8.0,10.0,8.0,10.0,24.0,0.92,,0.13405890065957154,0.18041889221405025,10.45659425144658,1.0,
1180,Q5SSH7_S1464___1,,0.7826237921249268,1.3999860001399987E-4,0.06212637873621263,ACOS,24.0,8.0,18.0,8.0,18.0,24.0,0.58,,1.1774072260825224E-5,0.005835764267952787,9.183776363443675E-4,0.45518961290031734,
1181,Q5SSZ5_S648___1,,0.46584749531245645,0.0937690623093769,0.5471579350140564,ACOS,24.0,10.0,20.0,10.0,20.0,24.0,0.58,,0.005920711107451196,0.03454832525336907,0.4618154663811933,1.0,
1182,Q5SSZ5_S769___1,,0.29814239699997214,0.43751562484375156,0.8852189547537208,ACOS,24.0,12.0,20.0,12.0,20.0,24.0,0.67,,0.05361444160464873,0.10847731432202215,4.181926445162601,1.0,
1183,Q5SSZ5_S332___1,,0.3167762968124704,0.37501624983750165,0.8386535601185869,COS,24.0,14.0,2.0,14.0,2.0,24.0,0.5,,0.04349923101882863,0.097277877884409,3.392940019468633,1.0,
1184,Q5SUF2_S425___1,,0.2236067977499791,0.6875131248687513,0.9836522870292533,ACOS,24.0,22.0,22.0,22.0,22.0,24.0,0.0,,0.11350807917025535,0.16368591139247143,8.853630175279918,1.0,
1185,Q5SUF2_S431___1,,0.2236067977499791,0.6875131248687513,0.9836522870292533,ACOS,24.0,10.0,2.0,10.0,2.0,24.0,0.33,,0.11350807917025535,0.16368591139247143,8.853630175279918,1.0,
1186,Q5SV77_S360___1,,0.29814239699997214,0.43751562484375156,0.8852189547537208,ACOS,24.0,8.0,18.0,8.0,18.0,24.0,0.58,,0.05361444160464873,0.10847731432202215,4.181926445162601,1.0,
1187,Q5SV85_S974___1,,0.48448139512495475,0.07814921850781492,0.5245437011922015,ACOS,24.0,8.0,10.0,8.0,10.0,24.0,0.92,,0.004428713520216645,0.029725873473476612,0.3454396545768983,1.0,
1188,Q5SV85_S1079___1,,0.5217491947499513,0.04689953100468995,0.4127676955274646,ACOS,24.0,14.0,16.0,14.0,16.0,24.0,0.92,,0.0024097615294134673,0.021208564178760516,0.18796139929425046,1.0,
1189,Q5SVQ0_S59___1,,0.24224069756247738,0.6250137498625014,0.9735791103627425,ACOS,24.0,18.0,12.0,18.0,12.0,24.0,0.25,,0.0953088004769263,0.14846178535828905,7.434086437200252,1.0,
1190,Q5SVR0_S1090___1,,0.4472135954999582,0.12501874981250188,0.6403693519334903,ACOS,24.0,20.0,4.0,20.0,4.0,24.0,0.67,,0.007842546279573382,0.04017098464103022,0.6117186098067239,1.0,
1191,Q5SW19_S1300___1,,0.26087459737497565,0.5625143748562514,0.9536205028159013,ACOS,24.0,14.0,6.0,14.0,6.0,24.0,0.33,,0.07935437224874475,0.1345280400768894,6.189641035402091,1.0,
1192,Q5SW19_S658___1,,0.3913118960624634,0.21876781232187678,0.7543227814475101,ACOS,24.0,8.0,10.0,8.0,10.0,24.0,0.92,,0.017251591034782986,0.059484382074478995,1.345624100713073,1.0,
1193,Q5SWU9_S25___1,,0.577650894187446,0.015639843601563983,0.22997788483653625,ACOS,24.0,8.0,16.0,8.0,16.0,24.0,0.67,,9.015710203196908E-4,0.013257255095716316,0.07032253958493588,1.0,
1194,Q5SWU9_S29___1,,0.577650894187446,0.015639843601563983,0.22997788483653625,ACOS,24.0,20.0,4.0,20.0,4.0,24.0,0.67,,9.015710203196908E-4,0.013257255095716316,0.07032253958493588,1.0,
1195,Q5SWU9_S95___1,,0.3167762968124704,0.37501624983750165,0.8386535601185869,ACOS,24.0,8.0,16.0,8.0,16.0,24.0,0.67,,0.04349923101882863,0.097277877884409,3.392940019468633,1.0,
1196,Q5SWU9_S79___1,,0.3354101966249687,0.34376656233437664,0.8386535601185869,ACOS,24.0,8.0,8.0,8.0,8.0,24.0,0.0,,0.03498372787327912,0.08730403942892999,2.7287307741157716,1.0,
1197,Q5SX79_S49___1,,0.3354101966249687,0.34376656233437664,0.8386535601185869,ACOS,24.0,20.0,4.0,20.0,4.0,24.0,0.67,,0.03498372787327912,0.08730403942892999,2.7287307741157716,1.0,
1198,Q5SX79_S12___1,,0.5403830945624495,0.031269687303126965,0.31931161457616186,ACOS,24.0,4.0,20.0,4.0,20.0,24.0,0.33,,0.0017528052122483628,0.01789883784045924,0.1367188065553723,1.0,
1199,Q5SX79_S15___1,,0.48448139512495475,0.07814921850781492,0.5245437011922015,ACOS,24.0,8.0,18.0,8.0,18.0,24.0,0.58,,0.004428713520216645,0.029725873473476612,0.3454396545768983,1.0,
1200,Q5SX79_S385___1,,0.26087459737497565,0.5625143748562514,0.9536205028159013,ACOS,24.0,10.0,2.0,10.0,2.0,24.0,0.33,,0.07935437224874475,0.1345280400768894,6.189641035402091,1.0,
1201,Q5SX79_S133___1,,0.2795084971874739,0.5000149998500015,0.9204821588147755,COS,24.0,14.0,2.0,14.0,2.0,24.0,0.5,,0.06550881647134288,0.1205957757767903,5.1096876847647446,1.0,
1202,Q5U3K5_S637___1,,0.5403830945624495,0.031269687303126965,0.31931161457616186,ACOS,24.0,14.0,4.0,14.0,4.0,24.0,0.42,,0.0017528052122483628,0.01789883784045924,0.1367188065553723,1.0,
1203,Q5U3K5_S638___1,,0.503115294937453,0.06251937480625194,0.49060770476039084,ACOS,24.0,14.0,4.0,14.0,4.0,24.0,0.42,,0.0032820864904672107,0.025755486597607225,0.2560027462564424,1.0,
1204,Q5U3K5_S594___1,,0.48448139512495475,0.07814921850781492,0.5245437011922015,ACOS,24.0,14.0,4.0,14.0,4.0,24.0,0.42,,0.004428713520216645,0.029725873473476612,0.3454396545768983,1.0,
1205,Q5U3K5_S482___1,,0.24224069756247738,0.6250137498625014,0.9735791103627425,ACOS,24.0,8.0,8.0,8.0,8.0,24.0,0.0,,0.0953088004769263,0.14846178535828905,7.434086437200252,1.0,
1206,Q5U3K5_S483___1,,0.14907119849998607,0.8750112498875011,0.9836522870292533,ACOS,24.0,10.0,6.0,10.0,6.0,24.0,0.17,,0.21029812498078254,0.23917533062426458,16.403253748501037,1.0,
1207,Q5U431_S397___1,,0.20497289793748086,0.7500124998750013,0.9836522870292533,ACOS,24.0,8.0,8.0,8.0,8.0,24.0,0.0,,0.13405890065957154,0.18041889221405025,10.45659425144658,1.0,
1208,Q5U5Q9_S665___1,,0.3354101966249687,0.34376656233437664,0.8386535601185869,ACOS,24.0,20.0,6.0,20.0,6.0,24.0,0.58,,0.03498372787327912,0.08730403942892999,2.7287307741157716,1.0,
1209,Q5UAK0_S165___1,,0.42857969568745996,0.15626843731562684,0.6959989393582299,ACOS,24.0,16.0,22.0,16.0,22.0,24.0,0.75,,0.010293111274975088,0.04584415543625904,0.8028626794480569,1.0,
1210,Q5XG73_S151___1,,0.3913118960624634,0.21876781232187678,0.7543227814475101,ACOS,24.0,20.0,4.0,20.0,4.0,24.0,0.67,,0.017251591034782986,0.059484382074478995,1.345624100713073,1.0,
1211,Q5XG73_S155___1,,0.503115294937453,0.06251937480625194,0.49060770476039084,ACOS,24.0,12.0,20.0,12.0,20.0,24.0,0.67,,0.0032820864904672107,0.025755486597607225,0.2560027462564424,1.0,
1212,Q5XG73_S345___1,,0.726722092687432,4.999950000499995E-4,0.06827074586396994,ACOS,24.0,4.0,20.0,4.0,20.0,24.0,0.33,,4.3137942030421135E-5,0.005835764267952787,0.0033647594783728484,0.45518961290031734,
1213,Q5XG73_S346___1,,0.7080881928749339,9.89990100098999E-4,0.09098389785332915,COS,24.0,8.0,20.0,8.0,20.0,24.0,0.5,,6.522978591822107E-5,0.005835764267952787,0.005087923301621243,0.45518961290031734,
1214,Q5XG73_S197___1,,0.5217491947499513,0.04689953100468995,0.4127676955274646,ACOS,24.0,4.0,20.0,4.0,20.0,24.0,0.33,,0.0024097615294134673,0.021208564178760516,0.18796139929425046,1.0,
1215,Q5XG73_S385___1,,0.7080881928749339,9.89990100098999E-4,0.09098389785332915,ACOS,24.0,16.0,12.0,16.0,12.0,24.0,0.17,,6.522978591822107E-5,0.005835764267952787,0.005087923301621243,0.45518961290031734,
1216,Q5XG73_S382___1,,0.42857969568745996,0.15626843731562684,0.6959989393582299,ACOS,24.0,18.0,12.0,18.0,12.0,24.0,0.25,,0.010293111274975088,0.04584415543625904,0.8028626794480569,1.0,
1217,Q5XG73_S123___1,,0.24224069756247738,0.6250137498625014,0.9735791103627425,ACOS,24.0,12.0,18.0,12.0,18.0,24.0,0.75,,0.0953088004769263,0.14846178535828905,7.434086437200252,1.0,
1218,Q5XG73_S128___1,,0.5217491947499513,0.04689953100468995,0.4127676955274646,ACOS,24.0,14.0,16.0,14.0,16.0,24.0,0.92,,0.0024097615294134673,0.021208564178760516,0.18796139929425046,1.0,
1219,Q5XJE5_S659___1,,0.09316949906249129,0.968760312396876,0.9974177898103224,ACOS,24.0,10.0,10.0,10.0,10.0,24.0,0.0,,0.30735312441432305,0.3173127201503672,23.973543704317198,1.0,
1220,Q60520_S833___1,,0.26087459737497565,0.5625143748562514,0.9536205028159013,ACOS,24.0,14.0,14.0,14.0,14.0,24.0,0.0,,0.07935437224874475,0.1345280400768894,6.189641035402091,1.0,
1221,Q60575_S1487___1,,0.46584749531245645,0.0937690623093769,0.5471579350140564,ACOS,24.0,16.0,12.0,16.0,12.0,24.0,0.17,,0.005920711107451196,0.03454832525336907,0.4618154663811933,1.0,
1222,Q60575_S1454___1,,0.13043729868748782,0.9062609373906261,0.9836522870292533,ACOS,24.0,2.0,4.0,2.0,4.0,24.0,0.92,,0.24049416858204564,0.26103148572645835,18.75854514939956,1.0,
1223,Q60575_S1057___1,,0.14907119849998607,0.8750112498875011,0.9836522870292533,ACOS,24.0,20.0,20.0,20.0,20.0,24.0,0.0,,0.21029812498078254,0.23917533062426458,16.403253748501037,1.0,
1224,Q60598_S407___1,,0.3540440964374669,0.3125168748312517,0.8386535601185869,ACOS,24.0,14.0,6.0,14.0,6.0,24.0,0.33,,0.027887169552556004,0.07848809381134579,2.175199225099368,1.0,
1225,Q60668_S190___1,,0.13043729868748782,0.9062609373906261,0.9836522870292533,ACOS,24.0,16.0,16.0,16.0,16.0,24.0,0.0,,0.24049416858204564,0.26103148572645835,18.75854514939956,1.0,
1226,Q60692_S12___1,,0.24224069756247738,0.6250137498625014,0.9735791103627425,ACOS,24.0,10.0,4.0,10.0,4.0,24.0,0.25,,0.0953088004769263,0.14846178535828905,7.434086437200252,1.0,
1227,Q60805_S538___1,,0.14907119849998607,0.8750112498875011,0.9836522870292533,ACOS,24.0,20.0,4.0,20.0,4.0,24.0,0.67,,0.21029812498078254,0.23917533062426458,16.403253748501037,1.0,
1228,Q60855_S313___1,,0.2236067977499791,0.6875131248687513,0.9836522870292533,ACOS,24.0,22.0,16.0,22.0,16.0,24.0,0.25,,0.11350807917025535,0.16368591139247143,8.853630175279918,1.0,
1229,Q60902_S610___1,,0.18633899812498259,0.8125118748812512,0.9836522870292533,ACOS,24.0,14.0,16.0,14.0,16.0,24.0,0.92,,0.15703129585716225,0.19764355093531163,12.248441076858654,1.0,
1230,Q60902_S229___1,,0.2236067977499791,0.6875131248687513,0.9836522870292533,ACOS,24.0,16.0,16.0,16.0,16.0,24.0,0.0,,0.11350807917025535,0.16368591139247143,8.853630175279918,1.0,
1231,Q60932_S104___1,,0.14907119849998607,0.8750112498875011,0.9836522870292533,COS,24.0,2.0,14.0,2.0,14.0,24.0,0.5,,0.21029812498078254,0.23917533062426458,16.403253748501037,1.0,
1232,Q60953_S609___1,,0.20497289793748086,0.7500124998750013,0.9836522870292533,ACOS,24.0,2.0,2.0,2.0,2.0,24.0,0.0,,0.13405890065957154,0.18041889221405025,10.45659425144658,1.0,
1233,Q60953_S515___1,,0.24224069756247738,0.6250137498625014,0.9735791103627425,ACOS,24.0,20.0,4.0,20.0,4.0,24.0,0.67,,0.0953088004769263,0.14846178535828905,7.434086437200252,1.0,
1234,Q60953_S503___1,,0.16770509831248434,0.8437615623843762,0.9836522870292533,ACOS,24.0,12.0,20.0,12.0,20.0,24.0,0.67,,0.1824518756760124,0.21722409413444527,14.231246302728968,1.0,
1235,Q60953_S17___1,,0.16770509831248434,0.8437615623843762,0.9836522870292533,ACOS,24.0,20.0,4.0,20.0,4.0,24.0,0.67,,0.1824518756760124,0.21722409413444527,14.231246302728968,1.0,
1236,Q60973_S354___1,,0.11180339887498955,0.937510624893751,0.9899167645530791,ACOS,24.0,10.0,4.0,10.0,4.0,24.0,0.25,,0.2729083801775865,0.2881637536165899,21.286853653851747,1.0,
1237,Q61009_S493___1,,0.2795084971874739,0.5000149998500015,0.9204821588147755,ACOS,24.0,16.0,16.0,16.0,16.0,24.0,0.0,,0.06550881647134288,0.1205957757767903,5.1096876847647446,1.0,
1238,Q61026_S699___1,,0.16770509831248434,0.8437615623843762,0.9836522870292533,ACOS,24.0,10.0,4.0,10.0,4.0,24.0,0.25,,0.1824518756760124,0.21722409413444527,14.231246302728968,1.0,
1239,Q61026_S565___1,,0.16770509831248434,0.8437615623843762,0.9836522870292533,ACOS,24.0,16.0,8.0,16.0,8.0,24.0,0.33,,0.1824518756760124,0.21722409413444527,14.231246302728968,1.0,
1240,Q61026_S487___1,,0.46584749531245645,0.0937690623093769,0.5471579350140564,ACOS,24.0,4.0,20.0,4.0,20.0,24.0,0.33,,0.005920711107451196,0.03454832525336907,0.4618154663811933,1.0,
1241,Q61029_S288___1,,0.14907119849998607,0.8750112498875011,0.9836522870292533,ACOS,24.0,14.0,16.0,14.0,16.0,24.0,0.92,,0.21029812498078254,0.23917533062426458,16.403253748501037,1.0,
1242,Q61029_S158___1,,0.2795084971874739,0.5000149998500015,0.9204821588147755,ACOS,24.0,16.0,8.0,16.0,8.0,24.0,0.33,,0.06550881647134288,0.1205957757767903,5.1096876847647446,1.0,
1243,Q61029_S67___1,,0.14907119849998607,0.8750112498875011,0.9836522870292533,ACOS,24.0,10.0,10.0,10.0,10.0,24.0,0.0,,0.21029812498078254,0.23917533062426458,16.403253748501037,1.0,
1244,Q61029_S183___1,,0.18633899812498259,0.8125118748812512,0.9836522870292533,ACOS,24.0,16.0,8.0,16.0,8.0,24.0,0.33,,0.15703129585716225,0.19764355093531163,12.248441076858654,1.0,
1245,Q61037_S1390___1,,0.2236067977499791,0.6875131248687513,0.9836522870292533,COS,24.0,14.0,2.0,14.0,2.0,24.0,0.5,,0.11350807917025535,0.16368591139247143,8.853630175279918,1.0,
1246,Q61037_S1399___1,,0.18633899812498259,0.8125118748812512,0.9836522870292533,ACOS,24.0,22.0,16.0,22.0,16.0,24.0,0.25,,0.15703129585716225,0.19764355093531163,12.248441076858654,1.0,
1247,Q61081_S13___1,,0.29814239699997214,0.43751562484375156,0.8852189547537208,ACOS,24.0,10.0,2.0,10.0,2.0,24.0,0.33,,0.05361444160464873,0.10847731432202215,4.181926445162601,1.0,
1248,Q61083_S239___1,,0.24224069756247738,0.6250137498625014,0.9735791103627425,ACOS,24.0,4.0,2.0,4.0,2.0,24.0,0.08,,0.0953088004769263,0.14846178535828905,7.434086437200252,1.0,
1249,Q61083_S331___1,,0.3167762968124704,0.37501624983750165,0.8386535601185869,ACOS,24.0,4.0,0.0,4.0,0.0,24.0,0.17,,0.04349923101882863,0.097277877884409,3.392940019468633,1.0,
1250,Q61103_S142___1,,0.2236067977499791,0.6875131248687513,0.9836522870292533,COS,24.0,8.0,20.0,8.0,20.0,24.0,0.5,,0.11350807917025535,0.16368591139247143,8.853630175279918,1.0,
1251,Q61122_S401___1,,0.48448139512495475,0.07814921850781492,0.5245437011922015,ACOS,24.0,8.0,16.0,8.0,16.0,24.0,0.67,,0.004428713520216645,0.029725873473476612,0.3454396545768983,1.0,
1252,Q61122_S405___1,,0.6149186938124426,0.007829921700782993,0.17567697562460996,ACOS,24.0,14.0,4.0,14.0,4.0,24.0,0.42,,4.465174392780171E-4,0.010018341982674385,0.03482836026368533,0.7814306746486018,
1253,Q61136_S8___1,,0.20497289793748086,0.7500124998750013,0.9836522870292533,ACOS,24.0,2.0,2.0,2.0,2.0,24.0,0.0,,0.13405890065957154,0.18041889221405025,10.45659425144658,1.0,
1254,Q61136_S94___1,,0.18633899812498259,0.8125118748812512,0.9836522870292533,ACOS,24.0,22.0,16.0,22.0,16.0,24.0,0.25,,0.15703129585716225,0.19764355093531163,12.248441076858654,1.0,
1255,Q61142_S199___1,,0.16770509831248434,0.8437615623843762,0.9836522870292533,ACOS,24.0,22.0,16.0,22.0,16.0,24.0,0.25,,0.1824518756760124,0.21722409413444527,14.231246302728968,1.0,
1256,Q61144_S30___1,,0.055901699437494776,0.99220007799922,0.9974177898103224,ACOS,24.0,10.0,8.0,10.0,8.0,24.0,0.08,,0.3813183256938952,0.38332357561866326,29.742829404123825,1.0,
1257,Q61144_S43___1,,0.13043729868748782,0.9062609373906261,0.9836522870292533,ACOS,24.0,4.0,0.0,4.0,0.0,24.0,0.17,,0.24049416858204564,0.26103148572645835,18.75854514939956,1.0,
1258,Q61144_S52___1,,0.07453559924999303,0.984390156098439,0.9974177898103224,ACOS,24.0,14.0,14.0,14.0,14.0,24.0,0.0,,0.34358681309626693,0.3483244335568646,26.799771421508822,1.0,
1259,Q61146_S311___1,,0.4099457958749617,0.18751812481875182,0.7309536040039274,ACOS,24.0,20.0,4.0,20.0,4.0,24.0,0.67,,0.013386385243419103,0.05218069745375196,1.04413804898669,1.0,
1260,Q61160_S41___1,,0.26087459737497565,0.5625143748562514,0.9536205028159013,COS,24.0,14.0,2.0,14.0,2.0,24.0,0.5,,0.07935437224874475,0.1345280400768894,6.189641035402091,1.0,
1261,Q61165_S801___1,,0.2236067977499791,0.6875131248687513,0.9836522870292533,ACOS,24.0,10.0,2.0,10.0,2.0,24.0,0.33,,0.11350807917025535,0.16368591139247143,8.853630175279918,1.0,
1262,Q61165_S790___1,,0.16770509831248434,0.8437615623843762,0.9836522870292533,ACOS,24.0,10.0,20.0,10.0,20.0,24.0,0.58,,0.1824518756760124,0.21722409413444527,14.231246302728968,1.0,
1263,Q61165_S707___1,,0.37267799624996517,0.25001749982500177,0.783497463386022,ACOS,24.0,8.0,16.0,8.0,16.0,24.0,0.67,,0.02203270318362918,0.06904543509151728,1.718550848323076,1.0,
1264,Q61165_S697___1,,0.5217491947499513,0.04689953100468995,0.4127676955274646,ACOS,24.0,10.0,2.0,10.0,2.0,24.0,0.33,,0.0024097615294134673,0.021208564178760516,0.18796139929425046,1.0,
1265,Q61171_S11___1,,0.3167762968124704,0.37501624983750165,0.8386535601185869,ACOS,24.0,16.0,22.0,16.0,22.0,24.0,0.75,,0.04349923101882863,0.097277877884409,3.392940019468633,1.0,
1266,Q61176_S62___1,,0.37267799624996517,0.25001749982500177,0.783497463386022,ACOS,24.0,14.0,16.0,14.0,16.0,24.0,0.92,,0.02203270318362918,0.06904543509151728,1.718550848323076,1.0,
1267,Q61176_S63___1,,0.29814239699997214,0.43751562484375156,0.8852189547537208,ACOS,24.0,12.0,20.0,12.0,20.0,24.0,0.67,,0.05361444160464873,0.10847731432202215,4.181926445162601,1.0,
1268,Q61176_S163___1,,0.055901699437494776,0.99220007799922,0.9974177898103224,ACOS,24.0,16.0,16.0,16.0,16.0,24.0,0.0,,0.3813183256938952,0.38332357561866326,29.742829404123825,1.0,
1269,Q61176_S7___1,,0.055901699437494776,0.99220007799922,0.9974177898103224,ACOS,24.0,14.0,14.0,14.0,14.0,24.0,0.0,,0.3813183256938952,0.38332357561866326,29.742829404123825,1.0,
1270,Q61191_S3___1,,0.18633899812498259,0.8125118748812512,0.9836522870292533,ACOS,24.0,8.0,16.0,8.0,16.0,24.0,0.67,,0.15703129585716225,0.19764355093531163,12.248441076858654,1.0,
1271,Q61191_S1516___1,,0.13043729868748782,0.9062609373906261,0.9836522870292533,ACOS,24.0,10.0,0.0,10.0,0.0,24.0,0.42,,0.24049416858204564,0.26103148572645835,18.75854514939956,1.0,
1272,Q61191_S666___1,,0.2236067977499791,0.6875131248687513,0.9836522870292533,COS,24.0,8.0,20.0,8.0,20.0,24.0,0.5,,0.11350807917025535,0.16368591139247143,8.853630175279918,1.0,
1273,Q61194_S51___1,,0.42857969568745996,0.15626843731562684,0.6959989393582299,ACOS,24.0,10.0,20.0,10.0,20.0,24.0,0.58,,0.010293111274975088,0.04584415543625904,0.8028626794480569,1.0,
1274,Q61214_S758___1,,0.6149186938124426,0.007829921700782993,0.17567697562460996,COS,24.0,14.0,2.0,14.0,2.0,24.0,0.5,,4.465174392780171E-4,0.010018341982674385,0.03482836026368533,0.7814306746486018,
1275,Q61216_S686___1,,0.055901699437494776,0.99220007799922,0.9974177898103224,ACOS,24.0,22.0,22.0,22.0,22.0,24.0,0.0,,0.3813183256938952,0.38332357561866326,29.742829404123825,1.0,
1276,Q61216_S648___1,,0.09316949906249129,0.968760312396876,0.9974177898103224,ACOS,24.0,14.0,14.0,14.0,14.0,24.0,0.0,,0.30735312441432305,0.3173127201503672,23.973543704317198,1.0,
1277,Q61233_S5___1,,0.48448139512495475,0.07814921850781492,0.5245437011922015,COS,24.0,8.0,20.0,8.0,20.0,24.0,0.5,,0.004428713520216645,0.029725873473476612,0.3454396545768983,1.0,
1278,Q61233_S7___1,,0.5590169943749478,0.023459765402345976,0.28673713262867373,ACOS,24.0,8.0,16.0,8.0,16.0,24.0,0.67,,0.0012630300532244254,0.015437392901175266,0.09851634415150518,1.0,
1279,Q61233_S257___1,,0.14907119849998607,0.8750112498875011,0.9836522870292533,ACOS,24.0,16.0,16.0,16.0,16.0,24.0,0.0,,0.21029812498078254,0.23917533062426458,16.403253748501037,1.0,
1280,Q61235_S75___1,,0.24224069756247738,0.6250137498625014,0.9735791103627425,ACOS,24.0,16.0,22.0,16.0,22.0,24.0,0.75,,0.0953088004769263,0.14846178535828905,7.434086437200252,1.0,
1281,Q61235_S90___1,,0.26087459737497565,0.5625143748562514,0.9536205028159013,COS,24.0,14.0,2.0,14.0,2.0,24.0,0.5,,0.07935437224874475,0.1345280400768894,6.189641035402091,1.0,
1282,Q61249_S4___1,,0.4472135954999582,0.12501874981250188,0.6403693519334903,ACOS,24.0,10.0,4.0,10.0,4.0,24.0,0.25,,0.007842546279573382,0.04017098464103022,0.6117186098067239,1.0,
1283,Q61285_S58___1,,0.3540440964374669,0.3125168748312517,0.8386535601185869,ACOS,24.0,22.0,16.0,22.0,16.0,24.0,0.25,,0.027887169552556004,0.07848809381134579,2.175199225099368,1.0,
1284,Q61316_S415___1,,0.26087459737497565,0.5625143748562514,0.9536205028159013,ACOS,24.0,20.0,22.0,20.0,22.0,24.0,0.92,,0.07935437224874475,0.1345280400768894,6.189641035402091,1.0,
1285,Q61409_S15___1,,0.46584749531245645,0.0937690623093769,0.5471579350140564,ACOS,24.0,8.0,16.0,8.0,16.0,24.0,0.67,,0.005920711107451196,0.03454832525336907,0.4618154663811933,1.0,
1286,Q61409_S296___1,,0.3354101966249687,0.34376656233437664,0.8386535601185869,ACOS,24.0,14.0,16.0,14.0,16.0,24.0,0.92,,0.03498372787327912,0.08730403942892999,2.7287307741157716,1.0,
1287,Q61425_S13___1,,0.4472135954999582,0.12501874981250188,0.6403693519334903,ACOS,24.0,14.0,14.0,14.0,14.0,24.0,0.0,,0.007842546279573382,0.04017098464103022,0.6117186098067239,1.0,
1288,Q61464_S1569___1,,0.3354101966249687,0.34376656233437664,0.8386535601185869,ACOS,24.0,14.0,14.0,14.0,14.0,24.0,0.0,,0.03498372787327912,0.08730403942892999,2.7287307741157716,1.0,
1289,Q61526_S684___1,,0.46584749531245645,0.0937690623093769,0.5471579350140564,ACOS,24.0,8.0,18.0,8.0,18.0,24.0,0.58,,0.005920711107451196,0.03454832525336907,0.4618154663811933,1.0,
1290,Q61526_S980___1,,0.13043729868748782,0.9062609373906261,0.9836522870292533,ACOS,24.0,20.0,22.0,20.0,22.0,24.0,0.92,,0.24049416858204564,0.26103148572645835,18.75854514939956,1.0,
1291,Q61550_S175___1,,0.2236067977499791,0.6875131248687513,0.9836522870292533,ACOS,24.0,16.0,16.0,16.0,16.0,24.0,0.0,,0.11350807917025535,0.16368591139247143,8.853630175279918,1.0,
1292,Q61554_S2704___1,,0.2236067977499791,0.6875131248687513,0.9836522870292533,ACOS,24.0,16.0,8.0,16.0,8.0,24.0,0.33,,0.11350807917025535,0.16368591139247143,8.853630175279918,1.0,
1293,Q61584_S435___1,,0.18633899812498259,0.8125118748812512,0.9836522870292533,ACOS,24.0,20.0,6.0,20.0,6.0,24.0,0.58,,0.15703129585716225,0.19764355093531163,12.248441076858654,1.0,
1294,Q61584_S438___1,,0.2795084971874739,0.5000149998500015,0.9204821588147755,ACOS,24.0,4.0,20.0,4.0,20.0,24.0,0.33,,0.06550881647134288,0.1205957757767903,5.1096876847647446,1.0,
1295,Q61586_S668___1,,0.24224069756247738,0.6250137498625014,0.9735791103627425,ACOS,24.0,14.0,14.0,14.0,14.0,24.0,0.0,,0.0953088004769263,0.14846178535828905,7.434086437200252,1.0,
1296,Q61586_S687___1,,0.4099457958749617,0.18751812481875182,0.7309536040039274,ACOS,24.0,16.0,8.0,16.0,8.0,24.0,0.33,,0.013386385243419103,0.05218069745375196,1.04413804898669,1.0,
1297,Q61586_S694___1,,0.3540440964374669,0.3125168748312517,0.8386535601185869,ACOS,24.0,14.0,14.0,14.0,14.0,24.0,0.0,,0.027887169552556004,0.07848809381134579,2.175199225099368,1.0,
1298,Q61687_S717___1,,0.11180339887498955,0.937510624893751,0.9899167645530791,ACOS,24.0,14.0,4.0,14.0,4.0,24.0,0.42,,0.2729083801775865,0.2881637536165899,21.286853653851747,1.0,
1299,Q61687_S719___1,,0.11180339887498955,0.937510624893751,0.9899167645530791,ACOS,24.0,20.0,4.0,20.0,4.0,24.0,0.67,,0.2729083801775865,0.2881637536165899,21.286853653851747,1.0,
1300,Q61687_S626___1,,0.16770509831248434,0.8437615623843762,0.9836522870292533,ACOS,24.0,20.0,4.0,20.0,4.0,24.0,0.67,,0.1824518756760124,0.21722409413444527,14.231246302728968,1.0,
1301,Q61687_S801___1,,0.3167762968124704,0.37501624983750165,0.8386535601185869,ACOS,24.0,10.0,2.0,10.0,2.0,24.0,0.33,,0.04349923101882863,0.097277877884409,3.392940019468633,1.0,
1302,Q61687_S92___1,,0.4099457958749617,0.18751812481875182,0.7309536040039274,ACOS,24.0,20.0,4.0,20.0,4.0,24.0,0.67,,0.013386385243419103,0.05218069745375196,1.04413804898669,1.0,
1303,Q61699_S810___1,,0.3913118960624634,0.21876781232187678,0.7543227814475101,ACOS,24.0,22.0,16.0,22.0,16.0,24.0,0.25,,0.017251591034782986,0.059484382074478995,1.345624100713073,1.0,
1304,Q61703_S60___1,,0.18633899812498259,0.8125118748812512,0.9836522870292533,ACOS,24.0,16.0,16.0,16.0,16.0,24.0,0.0,,0.15703129585716225,0.19764355093531163,12.248441076858654,1.0,
1305,Q61712_S477___1,,0.3167762968124704,0.37501624983750165,0.8386535601185869,ACOS,24.0,16.0,8.0,16.0,8.0,24.0,0.33,,0.04349923101882863,0.097277877884409,3.392940019468633,1.0,
1306,Q61749_S341___1,,0.07453559924999303,0.984390156098439,0.9974177898103224,ACOS,24.0,14.0,16.0,14.0,16.0,24.0,0.92,,0.34358681309626693,0.3483244335568646,26.799771421508822,1.0,
1307,Q61749_S21___1,,0.48448139512495475,0.07814921850781492,0.5245437011922015,COS,24.0,8.0,20.0,8.0,20.0,24.0,0.5,,0.004428713520216645,0.029725873473476612,0.3454396545768983,1.0,
1308,Q61768_S945___1,,0.503115294937453,0.06251937480625194,0.49060770476039084,ACOS,24.0,8.0,18.0,8.0,18.0,24.0,0.58,,0.0032820864904672107,0.025755486597607225,0.2560027462564424,1.0,
1309,Q61879_S1956___1,,0.3540440964374669,0.3125168748312517,0.8386535601185869,ACOS,24.0,20.0,4.0,20.0,4.0,24.0,0.67,,0.027887169552556004,0.07848809381134579,2.175199225099368,1.0,
1310,Q61879_S1975___1,,0.2795084971874739,0.5000149998500015,0.9204821588147755,ACOS,24.0,10.0,2.0,10.0,2.0,24.0,0.33,,0.06550881647134288,0.1205957757767903,5.1096876847647446,1.0,
1311,Q61937_S125___1,,0.18633899812498259,0.8125118748812512,0.9836522870292533,ACOS,24.0,8.0,18.0,8.0,18.0,24.0,0.58,,0.15703129585716225,0.19764355093531163,12.248441076858654,1.0,
1312,Q61937_S4___1,,0.2795084971874739,0.5000149998500015,0.9204821588147755,ACOS,24.0,14.0,6.0,14.0,6.0,24.0,0.33,,0.06550881647134288,0.1205957757767903,5.1096876847647446,1.0,
1313,Q61937_S10___1,,0.07453559924999303,0.984390156098439,0.9974177898103224,ACOS,24.0,20.0,4.0,20.0,4.0,24.0,0.67,,0.34358681309626693,0.3483244335568646,26.799771421508822,1.0,
1314,Q61990_S185___1,,0.29814239699997214,0.43751562484375156,0.8852189547537208,ACOS,24.0,22.0,20.0,22.0,20.0,24.0,0.08,,0.05361444160464873,0.10847731432202215,4.181926445162601,1.0,
1315,Q62048_S116___1,,0.13043729868748782,0.9062609373906261,0.9836522870292533,ACOS,24.0,22.0,16.0,22.0,16.0,24.0,0.25,,0.24049416858204564,0.26103148572645835,18.75854514939956,1.0,
1316,Q62077_S1221___1,,0.3913118960624634,0.21876781232187678,0.7543227814475101,COS,24.0,8.0,20.0,8.0,20.0,24.0,0.5,,0.017251591034782986,0.059484382074478995,1.345624100713073,1.0,
1317,Q62093_S26___1,,0.26087459737497565,0.5625143748562514,0.9536205028159013,ACOS,24.0,20.0,4.0,20.0,4.0,24.0,0.67,,0.07935437224874475,0.1345280400768894,6.189641035402091,1.0,
1318,Q62167_S131___1,,0.6708203932499374,0.002949970500294997,0.1270081893775657,ACOS,24.0,20.0,0.0,20.0,0.0,24.0,0.83,,1.449047398848948E-4,0.006238736503692902,0.011302569711021794,0.4866214472880464,
1319,Q62172_S92___1,,0.48448139512495475,0.07814921850781492,0.5245437011922015,ACOS,24.0,20.0,4.0,20.0,4.0,24.0,0.67,,0.004428713520216645,0.029725873473476612,0.3454396545768983,1.0,
1320,Q62188_S522___1,,0.42857969568745996,0.15626843731562684,0.6959989393582299,ACOS,24.0,20.0,10.0,20.0,10.0,24.0,0.42,,0.010293111274975088,0.04584415543625904,0.8028626794480569,1.0,
1321,Q62261_S2168___1,,0.42857969568745996,0.15626843731562684,0.6959989393582299,ACOS,24.0,16.0,8.0,16.0,8.0,24.0,0.33,,0.010293111274975088,0.04584415543625904,0.8028626794480569,1.0,
1322,Q62261_S2127___1,,0.13043729868748782,0.9062609373906261,0.9836522870292533,ACOS,24.0,16.0,22.0,16.0,22.0,24.0,0.75,,0.24049416858204564,0.26103148572645835,18.75854514939956,1.0,
1323,Q62261_S2357___1,,0.24224069756247738,0.6250137498625014,0.9735791103627425,ACOS,24.0,8.0,16.0,8.0,16.0,24.0,0.67,,0.0953088004769263,0.14846178535828905,7.434086437200252,1.0,
1324,Q62313_S28___1,,0.577650894187446,0.015639843601563983,0.22997788483653625,ACOS,24.0,2.0,10.0,2.0,10.0,24.0,0.67,,9.015710203196908E-4,0.013257255095716316,0.07032253958493588,1.0,
1325,Q62313_S230___1,,0.14907119849998607,0.8750112498875011,0.9836522870292533,ACOS,24.0,2.0,2.0,2.0,2.0,24.0,0.0,,0.21029812498078254,0.23917533062426458,16.403253748501037,1.0,
1326,Q62313_S210___1,,0.3540440964374669,0.3125168748312517,0.8386535601185869,ACOS,24.0,2.0,2.0,2.0,2.0,24.0,0.0,,0.027887169552556004,0.07848809381134579,2.175199225099368,1.0,
1327,Q62318_S23___1,,0.24224069756247738,0.6250137498625014,0.9735791103627425,ACOS,24.0,14.0,4.0,14.0,4.0,24.0,0.42,,0.0953088004769263,0.14846178535828905,7.434086437200252,1.0,
1328,Q62318_S594___1,,0.14907119849998607,0.8750112498875011,0.9836522870292533,ACOS,24.0,16.0,16.0,16.0,16.0,24.0,0.0,,0.21029812498078254,0.23917533062426458,16.403253748501037,1.0,
1329,Q62318_S501___1,,0.6149186938124426,0.007829921700782993,0.17567697562460996,ACOS,24.0,4.0,20.0,4.0,20.0,24.0,0.33,,4.465174392780171E-4,0.010018341982674385,0.03482836026368533,0.7814306746486018,
1330,Q62318_S51___1,,0.24224069756247738,0.6250137498625014,0.9735791103627425,ACOS,24.0,10.0,4.0,10.0,4.0,24.0,0.25,,0.0953088004769263,0.14846178535828905,7.434086437200252,1.0,
1331,Q62318_S473___1,,0.6149186938124426,0.007829921700782993,0.17567697562460996,ACOS,24.0,4.0,20.0,4.0,20.0,24.0,0.33,,4.465174392780171E-4,0.010018341982674385,0.03482836026368533,0.7814306746486018,
1332,Q62318_S489___1,,0.5590169943749478,0.023459765402345976,0.28673713262867373,COS,24.0,8.0,20.0,8.0,20.0,24.0,0.5,,0.0012630300532244254,0.015437392901175266,0.09851634415150518,1.0,
1333,Q62376_S226___1,,0.14907119849998607,0.8750112498875011,0.9836522870292533,ACOS,24.0,16.0,16.0,16.0,16.0,24.0,0.0,,0.21029812498078254,0.23917533062426458,16.403253748501037,1.0,
1334,Q62383_S125___1,,0.3540440964374669,0.3125168748312517,0.8386535601185869,ACOS,24.0,20.0,4.0,20.0,4.0,24.0,0.67,,0.027887169552556004,0.07848809381134579,2.175199225099368,1.0,
1335,Q62383_S12___1,,0.3354101966249687,0.34376656233437664,0.8386535601185869,ACOS,24.0,10.0,4.0,10.0,4.0,24.0,0.25,,0.03498372787327912,0.08730403942892999,2.7287307741157716,1.0,
1336,Q62393_S175___1,,0.09316949906249129,0.968760312396876,0.9974177898103224,ACOS,24.0,8.0,8.0,8.0,8.0,24.0,0.0,,0.30735312441432305,0.3173127201503672,23.973543704317198,1.0,
1337,Q62393_S223___1,,0.3913118960624634,0.21876781232187678,0.7543227814475101,COS,24.0,14.0,2.0,14.0,2.0,24.0,0.5,,0.017251591034782986,0.059484382074478995,1.345624100713073,1.0,
1338,Q62417_S185___1,,0.24224069756247738,0.6250137498625014,0.9735791103627425,ACOS,24.0,8.0,16.0,8.0,16.0,24.0,0.67,,0.0953088004769263,0.14846178535828905,7.434086437200252,1.0,
1339,Q62417_S254___1,,0.48448139512495475,0.07814921850781492,0.5245437011922015,ACOS,24.0,4.0,20.0,4.0,20.0,24.0,0.33,,0.004428713520216645,0.029725873473476612,0.3454396545768983,1.0,
1340,Q62417_S345___1,,0.26087459737497565,0.5625143748562514,0.9536205028159013,ACOS,24.0,8.0,8.0,8.0,8.0,24.0,0.0,,0.07935437224874475,0.1345280400768894,6.189641035402091,1.0,
1341,Q62417_S432___1,,0.2236067977499791,0.6875131248687513,0.9836522870292533,ACOS,24.0,22.0,20.0,22.0,20.0,24.0,0.08,,0.11350807917025535,0.16368591139247143,8.853630175279918,1.0,
1342,Q62417_S441___1,,0.3913118960624634,0.21876781232187678,0.7543227814475101,ACOS,24.0,8.0,16.0,8.0,16.0,24.0,0.67,,0.017251591034782986,0.059484382074478995,1.345624100713073,1.0,
1343,Q62417_S1209___1,,0.3354101966249687,0.34376656233437664,0.8386535601185869,ACOS,24.0,20.0,10.0,20.0,10.0,24.0,0.42,,0.03498372787327912,0.08730403942892999,2.7287307741157716,1.0,
1344,Q62417_S261___1,,0.6708203932499374,0.002949970500294997,0.1270081893775657,COS,24.0,8.0,20.0,8.0,20.0,24.0,0.5,,1.449047398848948E-4,0.006238736503692902,0.011302569711021794,0.4866214472880464,
1345,Q62418_S277___1,,0.2795084971874739,0.5000149998500015,0.9204821588147755,ACOS,24.0,8.0,16.0,8.0,16.0,24.0,0.67,,0.06550881647134288,0.1205957757767903,5.1096876847647446,1.0,
1346,Q62419_S288___1,,0.2795084971874739,0.5000149998500015,0.9204821588147755,ACOS,24.0,14.0,16.0,14.0,16.0,24.0,0.92,,0.06550881647134288,0.1205957757767903,5.1096876847647446,1.0,
1347,Q62422_S214___1,,0.20497289793748086,0.7500124998750013,0.9836522870292533,ACOS,24.0,14.0,4.0,14.0,4.0,24.0,0.42,,0.13405890065957154,0.18041889221405025,10.45659425144658,1.0,
1348,Q62433_S2___1,,0.2236067977499791,0.6875131248687513,0.9836522870292533,ACOS,24.0,20.0,4.0,20.0,4.0,24.0,0.67,,0.11350807917025535,0.16368591139247143,8.853630175279918,1.0,
1349,Q62433_S333___1,,0.42857969568745996,0.15626843731562684,0.6959989393582299,ACOS,24.0,20.0,0.0,20.0,0.0,24.0,0.83,,0.010293111274975088,0.04584415543625904,0.8028626794480569,1.0,
1350,Q62448_S394___1,,0.18633899812498259,0.8125118748812512,0.9836522870292533,ACOS,24.0,14.0,16.0,14.0,16.0,24.0,0.92,,0.15703129585716225,0.19764355093531163,12.248441076858654,1.0,
1351,Q62470_S1044___1,,0.29814239699997214,0.43751562484375156,0.8852189547537208,ACOS,24.0,14.0,20.0,14.0,20.0,24.0,0.75,,0.05361444160464873,0.10847731432202215,4.181926445162601,1.0,
1352,Q63918_S293___1,,0.24224069756247738,0.6250137498625014,0.9735791103627425,ACOS,24.0,16.0,22.0,16.0,22.0,24.0,0.75,,0.0953088004769263,0.14846178535828905,7.434086437200252,1.0,
1353,Q63918_S327___1,,0.11180339887498955,0.937510624893751,0.9899167645530791,ACOS,24.0,8.0,18.0,8.0,18.0,24.0,0.58,,0.2729083801775865,0.2881637536165899,21.286853653851747,1.0,
1354,Q63918_S359___1,,0.13043729868748782,0.9062609373906261,0.9836522870292533,ACOS,24.0,20.0,10.0,20.0,10.0,24.0,0.42,,0.24049416858204564,0.26103148572645835,18.75854514939956,1.0,
1355,Q63918_S363___1,,0.3167762968124704,0.37501624983750165,0.8386535601185869,ACOS,24.0,20.0,10.0,20.0,10.0,24.0,0.42,,0.04349923101882863,0.097277877884409,3.392940019468633,1.0,
1356,Q63ZW7_S482___1,,0.14907119849998607,0.8750112498875011,0.9836522870292533,ACOS,24.0,10.0,2.0,10.0,2.0,24.0,0.33,,0.21029812498078254,0.23917533062426458,16.403253748501037,1.0,
1357,Q63ZW7_S1400___1,,0.2236067977499791,0.6875131248687513,0.9836522870292533,ACOS,24.0,10.0,2.0,10.0,2.0,24.0,0.33,,0.11350807917025535,0.16368591139247143,8.853630175279918,1.0,
1358,Q63ZW7_S647___1,,0.24224069756247738,0.6250137498625014,0.9735791103627425,ACOS,24.0,8.0,16.0,8.0,16.0,24.0,0.67,,0.0953088004769263,0.14846178535828905,7.434086437200252,1.0,
1359,Q63ZW7_S156___1,,0.14907119849998607,0.8750112498875011,0.9836522870292533,ACOS,24.0,14.0,14.0,14.0,14.0,24.0,0.0,,0.21029812498078254,0.23917533062426458,16.403253748501037,1.0,
1360,Q64012_S294___1,,0.46584749531245645,0.0937690623093769,0.5471579350140564,ACOS,24.0,12.0,18.0,12.0,18.0,24.0,0.75,,0.005920711107451196,0.03454832525336907,0.4618154663811933,1.0,
1361,Q64012_S301___1,,0.4099457958749617,0.18751812481875182,0.7309536040039274,ACOS,24.0,10.0,2.0,10.0,2.0,24.0,0.33,,0.013386385243419103,0.05218069745375196,1.04413804898669,1.0,
1362,Q64012_S135___1,,0.48448139512495475,0.07814921850781492,0.5245437011922015,ACOS,24.0,10.0,2.0,10.0,2.0,24.0,0.33,,0.004428713520216645,0.029725873473476612,0.3454396545768983,1.0,
1363,Q64012_S270___1,,0.3167762968124704,0.37501624983750165,0.8386535601185869,ACOS,24.0,16.0,22.0,16.0,22.0,24.0,0.75,,0.04349923101882863,0.097277877884409,3.392940019468633,1.0,
1364,Q64152_S199___1,,0.3540440964374669,0.3125168748312517,0.8386535601185869,ACOS,24.0,10.0,20.0,10.0,20.0,24.0,0.58,,0.027887169552556004,0.07848809381134579,2.175199225099368,1.0,
1365,Q64152_S156___1,,0.2236067977499791,0.6875131248687513,0.9836522870292533,ACOS,24.0,20.0,4.0,20.0,4.0,24.0,0.67,,0.11350807917025535,0.16368591139247143,8.853630175279918,1.0,
1366,Q64261_S319___1,,0.6149186938124426,0.007829921700782993,0.17567697562460996,ACOS,24.0,4.0,14.0,4.0,14.0,24.0,0.58,,4.465174392780171E-4,0.010018341982674385,0.03482836026368533,0.7814306746486018,
1367,Q64337_S24___1,,0.4472135954999582,0.12501874981250188,0.6403693519334903,ACOS,24.0,14.0,6.0,14.0,6.0,24.0,0.33,,0.007842546279573382,0.04017098464103022,0.6117186098067239,1.0,
1368,Q64442_S206___1,,0.5217491947499513,0.04689953100468995,0.4127676955274646,ACOS,24.0,10.0,0.0,10.0,0.0,24.0,0.42,,0.0024097615294134673,0.021208564178760516,0.18796139929425046,1.0,
1369,Q64442_S208___1,,0.5403830945624495,0.031269687303126965,0.31931161457616186,ACOS,24.0,10.0,2.0,10.0,2.0,24.0,0.33,,0.0017528052122483628,0.01789883784045924,0.1367188065553723,1.0,
1370,Q64446_S1450___1,,0.14907119849998607,0.8750112498875011,0.9836522870292533,ACOS,24.0,16.0,22.0,16.0,22.0,24.0,0.75,,0.21029812498078254,0.23917533062426458,16.403253748501037,1.0,
1371,Q64446_S446___1,,0.18633899812498259,0.8125118748812512,0.9836522870292533,COS,24.0,14.0,2.0,14.0,2.0,24.0,0.5,,0.15703129585716225,0.19764355093531163,12.248441076858654,1.0,
1372,Q64459_S134___1,,0.13043729868748782,0.9062609373906261,0.9836522870292533,ACOS,24.0,10.0,20.0,10.0,20.0,24.0,0.58,,0.24049416858204564,0.26103148572645835,18.75854514939956,1.0,
1373,Q64464_S501___1,,0.48448139512495475,0.07814921850781492,0.5245437011922015,ACOS,24.0,20.0,14.0,20.0,14.0,24.0,0.25,,0.004428713520216645,0.029725873473476612,0.3454396545768983,1.0,
1374,Q64511_S1537___1,,0.42857969568745996,0.15626843731562684,0.6959989393582299,ACOS,24.0,20.0,4.0,20.0,4.0,24.0,0.67,,0.010293111274975088,0.04584415543625904,0.8028626794480569,1.0,
1375,Q64511_S1539___1,,0.3354101966249687,0.34376656233437664,0.8386535601185869,ACOS,24.0,20.0,4.0,20.0,4.0,24.0,0.67,,0.03498372787327912,0.08730403942892999,2.7287307741157716,1.0,
1376,Q64511_S1511___1,,0.37267799624996517,0.25001749982500177,0.783497463386022,ACOS,24.0,14.0,4.0,14.0,4.0,24.0,0.42,,0.02203270318362918,0.06904543509151728,1.718550848323076,1.0,
1377,Q64511_S1568___1,,0.5217491947499513,0.04689953100468995,0.4127676955274646,ACOS,24.0,20.0,4.0,20.0,4.0,24.0,0.67,,0.0024097615294134673,0.021208564178760516,0.18796139929425046,1.0,
1378,Q64511_S1453___1,,0.5403830945624495,0.031269687303126965,0.31931161457616186,ACOS,24.0,20.0,4.0,20.0,4.0,24.0,0.67,,0.0017528052122483628,0.01789883784045924,0.1367188065553723,1.0,
1379,Q64511_S1600___1,,0.14907119849998607,0.8750112498875011,0.9836522870292533,ACOS,24.0,16.0,16.0,16.0,16.0,24.0,0.0,,0.21029812498078254,0.23917533062426458,16.403253748501037,1.0,
1380,Q64511_S1363___1,,0.20497289793748086,0.7500124998750013,0.9836522870292533,ACOS,24.0,20.0,4.0,20.0,4.0,24.0,0.67,,0.13405890065957154,0.18041889221405025,10.45659425144658,1.0,
1381,Q64516_S83___1,,0.42857969568745996,0.15626843731562684,0.6959989393582299,COS,24.0,14.0,2.0,14.0,2.0,24.0,0.5,,0.010293111274975088,0.04584415543625904,0.8028626794480569,1.0,
1382,Q64727_S290___1,,0.4472135954999582,0.12501874981250188,0.6403693519334903,ACOS,24.0,10.0,2.0,10.0,2.0,24.0,0.33,,0.007842546279573382,0.04017098464103022,0.6117186098067239,1.0,
1383,Q64727_S346___1,,0.3540440964374669,0.3125168748312517,0.8386535601185869,ACOS,24.0,22.0,16.0,22.0,16.0,24.0,0.25,,0.027887169552556004,0.07848809381134579,2.175199225099368,1.0,
1384,Q64727_S721___1,,0.29814239699997214,0.43751562484375156,0.8852189547537208,ACOS,24.0,14.0,4.0,14.0,4.0,24.0,0.42,,0.05361444160464873,0.10847731432202215,4.181926445162601,1.0,
1385,Q64735_S454___1,,0.46584749531245645,0.0937690623093769,0.5471579350140564,COS,24.0,8.0,20.0,8.0,20.0,24.0,0.5,,0.005920711107451196,0.03454832525336907,0.4618154663811933,1.0,
1386,Q64735_S477___1,,0.07453559924999303,0.984390156098439,0.9974177898103224,ACOS,24.0,10.0,4.0,10.0,4.0,24.0,0.25,,0.34358681309626693,0.3483244335568646,26.799771421508822,1.0,
1387,Q65Z40_S468___1,,0.2236067977499791,0.6875131248687513,0.9836522870292533,ACOS,24.0,10.0,4.0,10.0,4.0,24.0,0.25,,0.11350807917025535,0.16368591139247143,8.853630175279918,1.0,
1388,Q65Z40_S77___1,,0.14907119849998607,0.8750112498875011,0.9836522870292533,ACOS,24.0,22.0,22.0,22.0,22.0,24.0,0.0,,0.21029812498078254,0.23917533062426458,16.403253748501037,1.0,
1389,Q68FE6_S748___1,,0.3540440964374669,0.3125168748312517,0.8386535601185869,ACOS,24.0,8.0,8.0,8.0,8.0,24.0,0.0,,0.027887169552556004,0.07848809381134579,2.175199225099368,1.0,
1390,Q68FE6_S22___1,,0.03726779962499652,0.998060019399806,0.9997391989244612,ACOS,24.0,16.0,22.0,16.0,22.0,24.0,0.75,,0.42021370096225497,0.42109483684181515,32.77666867505589,1.0,
1391,Q68FF6_S605___1,,0.09316949906249129,0.968760312396876,0.9974177898103224,ACOS,24.0,16.0,16.0,16.0,16.0,24.0,0.0,,0.30735312441432305,0.3173127201503672,23.973543704317198,1.0,
1392,Q69Z38_S1206___1,,0.3354101966249687,0.34376656233437664,0.8386535601185869,ACOS,24.0,2.0,18.0,2.0,18.0,24.0,0.33,,0.03498372787327912,0.08730403942892999,2.7287307741157716,1.0,
1393,Q69ZA1_S664___1,,0.37267799624996517,0.25001749982500177,0.783497463386022,ACOS,24.0,14.0,4.0,14.0,4.0,24.0,0.42,,0.02203270318362918,0.06904543509151728,1.718550848323076,1.0,
1394,Q69ZA1_S384___1,,0.18633899812498259,0.8125118748812512,0.9836522870292533,ACOS,24.0,14.0,4.0,14.0,4.0,24.0,0.42,,0.15703129585716225,0.19764355093531163,12.248441076858654,1.0,
1395,Q69ZF3_S893___1,,0.2236067977499791,0.6875131248687513,0.9836522870292533,ACOS,24.0,16.0,12.0,16.0,12.0,24.0,0.17,,0.11350807917025535,0.16368591139247143,8.853630175279918,1.0,
1396,Q69ZH9_S515___1,,0.2795084971874739,0.5000149998500015,0.9204821588147755,ACOS,24.0,14.0,18.0,14.0,18.0,24.0,0.83,,0.06550881647134288,0.1205957757767903,5.1096876847647446,1.0,
1397,Q69ZH9_S619___1,,0.16770509831248434,0.8437615623843762,0.9836522870292533,ACOS,24.0,4.0,14.0,4.0,14.0,24.0,0.58,,0.1824518756760124,0.21722409413444527,14.231246302728968,1.0,
1398,Q69ZL1_S708___1,,0.20497289793748086,0.7500124998750013,0.9836522870292533,ACOS,24.0,20.0,14.0,20.0,14.0,24.0,0.25,,0.13405890065957154,0.18041889221405025,10.45659425144658,1.0,
1399,Q69ZL1_S1167___1,,0.20497289793748086,0.7500124998750013,0.9836522870292533,ACOS,24.0,22.0,22.0,22.0,22.0,24.0,0.0,,0.13405890065957154,0.18041889221405025,10.45659425144658,1.0,
1400,Q69ZL1_S557___1,,0.14907119849998607,0.8750112498875011,0.9836522870292533,ACOS,24.0,22.0,22.0,22.0,22.0,24.0,0.0,,0.21029812498078254,0.23917533062426458,16.403253748501037,1.0,
1401,Q69ZR2_S1538___1,,0.16770509831248434,0.8437615623843762,0.9836522870292533,ACOS,24.0,14.0,16.0,14.0,16.0,24.0,0.92,,0.1824518756760124,0.21722409413444527,14.231246302728968,1.0,
1402,Q69ZR2_S1777___1,,0.11180339887498955,0.937510624893751,0.9899167645530791,ACOS,24.0,14.0,6.0,14.0,6.0,24.0,0.33,,0.2729083801775865,0.2881637536165899,21.286853653851747,1.0,
1403,Q69ZS7_S63___1,,0.29814239699997214,0.43751562484375156,0.8852189547537208,ACOS,24.0,14.0,18.0,14.0,18.0,24.0,0.83,,0.05361444160464873,0.10847731432202215,4.181926445162601,1.0,
1404,Q69ZS7_S152___1,,0.3167762968124704,0.37501624983750165,0.8386535601185869,ACOS,24.0,14.0,14.0,14.0,14.0,24.0,0.0,,0.04349923101882863,0.097277877884409,3.392940019468633,1.0,
1405,Q69ZX8_S379___1,,0.16770509831248434,0.8437615623843762,0.9836522870292533,ACOS,24.0,14.0,14.0,14.0,14.0,24.0,0.0,,0.1824518756760124,0.21722409413444527,14.231246302728968,1.0,
1406,Q69ZX8_S388___1,,0.2236067977499791,0.6875131248687513,0.9836522870292533,ACOS,24.0,14.0,14.0,14.0,14.0,24.0,0.0,,0.11350807917025535,0.16368591139247143,8.853630175279918,1.0,
1407,Q69ZX8_S502___1,,0.46584749531245645,0.0937690623093769,0.5471579350140564,ACOS,24.0,8.0,16.0,8.0,16.0,24.0,0.67,,0.005920711107451196,0.03454832525336907,0.4618154663811933,1.0,
1408,Q69ZX8_S503___1,,0.14907119849998607,0.8750112498875011,0.9836522870292533,ACOS,24.0,22.0,22.0,22.0,22.0,24.0,0.0,,0.21029812498078254,0.23917533062426458,16.403253748501037,1.0,
1409,Q69ZX8_S277___1,,0.26087459737497565,0.5625143748562514,0.9536205028159013,ACOS,24.0,8.0,18.0,8.0,18.0,24.0,0.58,,0.07935437224874475,0.1345280400768894,6.189641035402091,1.0,
1410,Q69ZX8_S282___1,,0.4472135954999582,0.12501874981250188,0.6403693519334903,ACOS,24.0,14.0,6.0,14.0,6.0,24.0,0.33,,0.007842546279573382,0.04017098464103022,0.6117186098067239,1.0,
1411,Q69ZZ6_S378___1,,0.16770509831248434,0.8437615623843762,0.9836522870292533,ACOS,24.0,22.0,22.0,22.0,22.0,24.0,0.0,,0.1824518756760124,0.21722409413444527,14.231246302728968,1.0,
1412,Q6A026_S1194___1,,0.13043729868748782,0.9062609373906261,0.9836522870292533,ACOS,24.0,8.0,16.0,8.0,16.0,24.0,0.67,,0.24049416858204564,0.26103148572645835,18.75854514939956,1.0,
1413,Q6A026_S1174___1,,0.055901699437494776,0.99220007799922,0.9974177898103224,ACOS,24.0,10.0,6.0,10.0,6.0,24.0,0.17,,0.3813183256938952,0.38332357561866326,29.742829404123825,1.0,
1414,Q6A065_S443___1,,0.26087459737497565,0.5625143748562514,0.9536205028159013,ACOS,24.0,10.0,2.0,10.0,2.0,24.0,0.33,,0.07935437224874475,0.1345280400768894,6.189641035402091,1.0,
1415,Q6A0A2_S601___1,,0.3354101966249687,0.34376656233437664,0.8386535601185869,ACOS,24.0,2.0,4.0,2.0,4.0,24.0,0.92,,0.03498372787327912,0.08730403942892999,2.7287307741157716,1.0,
1416,Q6A0A2_S603___1,,0.2236067977499791,0.6875131248687513,0.9836522870292533,ACOS,24.0,22.0,16.0,22.0,16.0,24.0,0.25,,0.11350807917025535,0.16368591139247143,8.853630175279918,1.0,
1417,Q6A0A9_S415___1,,0.726722092687432,4.999950000499995E-4,0.06827074586396994,COS,24.0,8.0,20.0,8.0,20.0,24.0,0.5,,4.3137942030421135E-5,0.005835764267952787,0.0033647594783728484,0.45518961290031734,
1418,Q6A4J8_S19___1,,0.5403830945624495,0.031269687303126965,0.31931161457616186,ACOS,24.0,20.0,4.0,20.0,4.0,24.0,0.67,,0.0017528052122483628,0.01789883784045924,0.1367188065553723,1.0,
1419,Q6AW69_S602___1,,0.3167762968124704,0.37501624983750165,0.8386535601185869,ACOS,24.0,8.0,8.0,8.0,8.0,24.0,0.0,,0.04349923101882863,0.097277877884409,3.392940019468633,1.0,
1420,Q6AW69_S350___1,,0.3540440964374669,0.3125168748312517,0.8386535601185869,ACOS,24.0,14.0,16.0,14.0,16.0,24.0,0.92,,0.027887169552556004,0.07848809381134579,2.175199225099368,1.0,
1421,Q6AW69_S284___1,,0.3913118960624634,0.21876781232187678,0.7543227814475101,ACOS,24.0,8.0,10.0,8.0,10.0,24.0,0.92,,0.017251591034782986,0.059484382074478995,1.345624100713073,1.0,
1422,Q6AW69_S389___1,,0.18633899812498259,0.8125118748812512,0.9836522870292533,ACOS,24.0,14.0,16.0,14.0,16.0,24.0,0.92,,0.15703129585716225,0.19764355093531163,12.248441076858654,1.0,
1423,Q6DFV3_S1623___1,,0.26087459737497565,0.5625143748562514,0.9536205028159013,COS,24.0,14.0,2.0,14.0,2.0,24.0,0.5,,0.07935437224874475,0.1345280400768894,6.189641035402091,1.0,
1424,Q6DFV3_S917___1,,0.16770509831248434,0.8437615623843762,0.9836522870292533,ACOS,24.0,14.0,16.0,14.0,16.0,24.0,0.92,,0.1824518756760124,0.21722409413444527,14.231246302728968,1.0,
1425,Q6DFV3_S1655___1,,0.13043729868748782,0.9062609373906261,0.9836522870292533,ACOS,24.0,14.0,14.0,14.0,14.0,24.0,0.0,,0.24049416858204564,0.26103148572645835,18.75854514939956,1.0,
1426,Q6DFV3_S696___1,,0.2795084971874739,0.5000149998500015,0.9204821588147755,ACOS,24.0,12.0,20.0,12.0,20.0,24.0,0.67,,0.06550881647134288,0.1205957757767903,5.1096876847647446,1.0,
1427,Q6DFW4_S509___1,,0.3540440964374669,0.3125168748312517,0.8386535601185869,ACOS,24.0,2.0,10.0,2.0,10.0,24.0,0.67,,0.027887169552556004,0.07848809381134579,2.175199225099368,1.0,
1428,Q6DVA0_S507___1,,0.14907119849998607,0.8750112498875011,0.9836522870292533,ACOS,24.0,8.0,10.0,8.0,10.0,24.0,0.92,,0.21029812498078254,0.23917533062426458,16.403253748501037,1.0,
1429,Q6GYP7_S859___1,,0.3354101966249687,0.34376656233437664,0.8386535601185869,ACOS,24.0,14.0,18.0,14.0,18.0,24.0,0.83,,0.03498372787327912,0.08730403942892999,2.7287307741157716,1.0,
1430,Q6GYP7_S796___1,,0.5403830945624495,0.031269687303126965,0.31931161457616186,ACOS,24.0,14.0,20.0,14.0,20.0,24.0,0.75,,0.0017528052122483628,0.01789883784045924,0.1367188065553723,1.0,
1431,Q6KCD5_S2652___1,,0.3540440964374669,0.3125168748312517,0.8386535601185869,ACOS,24.0,20.0,6.0,20.0,6.0,24.0,0.58,,0.027887169552556004,0.07848809381134579,2.175199225099368,1.0,
1432,Q6KCD5_S318___1,,0.11180339887498955,0.937510624893751,0.9899167645530791,ACOS,24.0,10.0,2.0,10.0,2.0,24.0,0.33,,0.2729083801775865,0.2881637536165899,21.286853653851747,1.0,
1433,Q6NS46_S1490___1,,0.3354101966249687,0.34376656233437664,0.8386535601185869,ACOS,24.0,18.0,12.0,18.0,12.0,24.0,0.25,,0.03498372787327912,0.08730403942892999,2.7287307741157716,1.0,
1434,Q6NV83_S67___1,,0.3540440964374669,0.3125168748312517,0.8386535601185869,COS,24.0,8.0,20.0,8.0,20.0,24.0,0.5,,0.027887169552556004,0.07848809381134579,2.175199225099368,1.0,
1435,Q6NVE8_S50___1,,0.6335525936249408,0.005879941200587994,0.1643288830269592,ACOS,24.0,16.0,8.0,16.0,8.0,24.0,0.33,,3.0978912629739484E-4,0.008657790845469297,0.0241635518511968,0.6753076859466053,
1436,Q6NVE8_S405___1,,0.16770509831248434,0.8437615623843762,0.9836522870292533,ACOS,24.0,20.0,10.0,20.0,10.0,24.0,0.42,,0.1824518756760124,0.21722409413444527,14.231246302728968,1.0,
1437,Q6NVE8_S346___1,,0.18633899812498259,0.8125118748812512,0.9836522870292533,ACOS,24.0,14.0,4.0,14.0,4.0,24.0,0.42,,0.15703129585716225,0.19764355093531163,12.248441076858654,1.0,
1438,Q6NVE8_S563___1,,0.726722092687432,4.999950000499995E-4,0.06827074586396994,COS,24.0,20.0,8.0,20.0,8.0,24.0,0.5,,4.3137942030421135E-5,0.005835764267952787,0.0033647594783728484,0.45518961290031734,
1439,Q6NXI6_S927___1,,0.18633899812498259,0.8125118748812512,0.9836522870292533,ACOS,24.0,22.0,22.0,22.0,22.0,24.0,0.0,,0.15703129585716225,0.19764355093531163,12.248441076858654,1.0,
1440,Q6NXI6_S633___1,,0.24224069756247738,0.6250137498625014,0.9735791103627425,ACOS,24.0,14.0,6.0,14.0,6.0,24.0,0.33,,0.0953088004769263,0.14846178535828905,7.434086437200252,1.0,
1441,Q6NZC7_S748___1,,0.29814239699997214,0.43751562484375156,0.8852189547537208,ACOS,24.0,16.0,16.0,16.0,16.0,24.0,0.0,,0.05361444160464873,0.10847731432202215,4.181926445162601,1.0,
1442,Q6NZJ6_S1211___1,,0.5962847939999443,0.011739882601173987,0.2093466378769048,ACOS,24.0,4.0,14.0,4.0,14.0,24.0,0.58,,6.374983385533969E-4,0.011367927462487626,0.04972487040716496,0.8866983420740349,
1443,Q6NZJ6_S1597___1,,0.18633899812498259,0.8125118748812512,0.9836522870292533,ACOS,24.0,22.0,22.0,22.0,22.0,24.0,0.0,,0.15703129585716225,0.19764355093531163,12.248441076858654,1.0,
1444,Q6NZJ6_S1231___1,,0.3167762968124704,0.37501624983750165,0.8386535601185869,ACOS,24.0,8.0,16.0,8.0,16.0,24.0,0.67,,0.04349923101882863,0.097277877884409,3.392940019468633,1.0,
1445,Q6NZJ6_S1096___1,,0.5403830945624495,0.031269687303126965,0.31931161457616186,COS,24.0,8.0,20.0,8.0,20.0,24.0,0.5,,0.0017528052122483628,0.01789883784045924,0.1367188065553723,1.0,
1446,Q6P2K6_S127___1,,0.5217491947499513,0.04689953100468995,0.4127676955274646,ACOS,24.0,8.0,18.0,8.0,18.0,24.0,0.58,,0.0024097615294134673,0.021208564178760516,0.18796139929425046,1.0,
1447,Q6P2L6_S457___1,,0.18633899812498259,0.8125118748812512,0.9836522870292533,ACOS,24.0,4.0,4.0,4.0,4.0,24.0,0.0,,0.15703129585716225,0.19764355093531163,12.248441076858654,1.0,
1448,Q6P4S6_S493___1,,0.24224069756247738,0.6250137498625014,0.9735791103627425,ACOS,24.0,10.0,20.0,10.0,20.0,24.0,0.58,,0.0953088004769263,0.14846178535828905,7.434086437200252,1.0,
1449,Q6P4S6_S534___1,,0.24224069756247738,0.6250137498625014,0.9735791103627425,COS,24.0,14.0,2.0,14.0,2.0,24.0,0.5,,0.0953088004769263,0.14846178535828905,7.434086437200252,1.0,
1450,Q6P4S6_S1160___1,,0.13043729868748782,0.9062609373906261,0.9836522870292533,ACOS,24.0,22.0,22.0,22.0,22.0,24.0,0.0,,0.24049416858204564,0.26103148572645835,18.75854514939956,1.0,
1451,Q6P4S6_S856___1,,0.26087459737497565,0.5625143748562514,0.9536205028159013,ACOS,24.0,22.0,22.0,22.0,22.0,24.0,0.0,,0.07935437224874475,0.1345280400768894,6.189641035402091,1.0,
1452,Q6P4S6_S616___1,,0.48448139512495475,0.07814921850781492,0.5245437011922015,ACOS,24.0,4.0,0.0,4.0,0.0,24.0,0.17,,0.004428713520216645,0.029725873473476612,0.3454396545768983,1.0,
1453,Q6P4S8_S1329___1,,0.4099457958749617,0.18751812481875182,0.7309536040039274,ACOS,24.0,20.0,4.0,20.0,4.0,24.0,0.67,,0.013386385243419103,0.05218069745375196,1.04413804898669,1.0,
1454,Q6P4T0_S1338___1,,0.5403830945624495,0.031269687303126965,0.31931161457616186,ACOS,24.0,14.0,4.0,14.0,4.0,24.0,0.42,,0.0017528052122483628,0.01789883784045924,0.1367188065553723,1.0,
1455,Q6P4T0_S877___1,,0.2795084971874739,0.5000149998500015,0.9204821588147755,ACOS,24.0,10.0,2.0,10.0,2.0,24.0,0.33,,0.06550881647134288,0.1205957757767903,5.1096876847647446,1.0,
1456,Q6P4T0_S1243___1,,0.7080881928749339,9.89990100098999E-4,0.09098389785332915,ACOS,24.0,14.0,4.0,14.0,4.0,24.0,0.42,,6.522978591822107E-5,0.005835764267952787,0.005087923301621243,0.45518961290031734,
1457,Q6P4T2_S225___1,,0.20497289793748086,0.7500124998750013,0.9836522870292533,ACOS,24.0,16.0,8.0,16.0,8.0,24.0,0.33,,0.13405890065957154,0.18041889221405025,10.45659425144658,1.0,
1458,Q6P542_S138___1,,0.14907119849998607,0.8750112498875011,0.9836522870292533,ACOS,24.0,16.0,16.0,16.0,16.0,24.0,0.0,,0.21029812498078254,0.23917533062426458,16.403253748501037,1.0,
1459,Q6P542_S90___1,,0.09316949906249129,0.968760312396876,0.9974177898103224,ACOS,24.0,8.0,16.0,8.0,16.0,24.0,0.67,,0.30735312441432305,0.3173127201503672,23.973543704317198,1.0,
1460,Q6P542_S225___1,,0.14907119849998607,0.8750112498875011,0.9836522870292533,ACOS,24.0,16.0,16.0,16.0,16.0,24.0,0.0,,0.21029812498078254,0.23917533062426458,16.403253748501037,1.0,
1461,Q6P542_S103___1,,0.3167762968124704,0.37501624983750165,0.8386535601185869,ACOS,24.0,8.0,8.0,8.0,8.0,24.0,0.0,,0.04349923101882863,0.097277877884409,3.392940019468633,1.0,
1462,Q6P542_S107___1,,0.20497289793748086,0.7500124998750013,0.9836522870292533,ACOS,24.0,10.0,4.0,10.0,4.0,24.0,0.25,,0.13405890065957154,0.18041889221405025,10.45659425144658,1.0,
1463,Q6P549_S132___1,,0.42857969568745996,0.15626843731562684,0.6959989393582299,ACOS,24.0,16.0,16.0,16.0,16.0,24.0,0.0,,0.010293111274975088,0.04584415543625904,0.8028626794480569,1.0,
1464,Q6P5B0_S1081___1,,0.20497289793748086,0.7500124998750013,0.9836522870292533,ACOS,24.0,10.0,2.0,10.0,2.0,24.0,0.33,,0.13405890065957154,0.18041889221405025,10.45659425144658,1.0,
1465,Q6P5G6_S266___1,,0.3167762968124704,0.37501624983750165,0.8386535601185869,ACOS,24.0,10.0,0.0,10.0,0.0,24.0,0.42,,0.04349923101882863,0.097277877884409,3.392940019468633,1.0,
1466,Q6P5H2_S894___1,,0.2795084971874739,0.5000149998500015,0.9204821588147755,ACOS,24.0,14.0,14.0,14.0,14.0,24.0,0.0,,0.06550881647134288,0.1205957757767903,5.1096876847647446,1.0,
1467,Q6P5H2_S728___1,,0.24224069756247738,0.6250137498625014,0.9735791103627425,ACOS,24.0,8.0,8.0,8.0,8.0,24.0,0.0,,0.0953088004769263,0.14846178535828905,7.434086437200252,1.0,
1468,Q6P8I4_S119___1,,0.2236067977499791,0.6875131248687513,0.9836522870292533,ACOS,24.0,16.0,22.0,16.0,22.0,24.0,0.75,,0.11350807917025535,0.16368591139247143,8.853630175279918,1.0,
1469,Q6P9Q6_S386___1,,0.11180339887498955,0.937510624893751,0.9899167645530791,ACOS,24.0,14.0,16.0,14.0,16.0,24.0,0.92,,0.2729083801775865,0.2881637536165899,21.286853653851747,1.0,
1470,Q6P9Q6_S1127___1,,0.503115294937453,0.06251937480625194,0.49060770476039084,ACOS,24.0,20.0,0.0,20.0,0.0,24.0,0.83,,0.0032820864904672107,0.025755486597607225,0.2560027462564424,1.0,
1471,Q6P9Q6_S1091___1,,0.055901699437494776,0.99220007799922,0.9974177898103224,COS,24.0,2.0,14.0,2.0,14.0,24.0,0.5,,0.3813183256938952,0.38332357561866326,29.742829404123825,1.0,
1472,Q6P9Q6_S344___1,,0.2236067977499791,0.6875131248687513,0.9836522870292533,ACOS,24.0,20.0,10.0,20.0,10.0,24.0,0.42,,0.11350807917025535,0.16368591139247143,8.853630175279918,1.0,
1473,Q6P9Q6_S346___1,,0.20497289793748086,0.7500124998750013,0.9836522870292533,ACOS,24.0,14.0,14.0,14.0,14.0,24.0,0.0,,0.13405890065957154,0.18041889221405025,10.45659425144658,1.0,
1474,Q6P9Q6_S1190___1,,0.5403830945624495,0.031269687303126965,0.31931161457616186,ACOS,24.0,4.0,20.0,4.0,20.0,24.0,0.33,,0.0017528052122483628,0.01789883784045924,0.1367188065553723,1.0,
1475,Q6P9R2_S339___1,,0.4472135954999582,0.12501874981250188,0.6403693519334903,ACOS,24.0,20.0,4.0,20.0,4.0,24.0,0.67,,0.007842546279573382,0.04017098464103022,0.6117186098067239,1.0,
1476,Q6PAM0_S182___1,,0.14907119849998607,0.8750112498875011,0.9836522870292533,ACOS,24.0,2.0,2.0,2.0,2.0,24.0,0.0,,0.21029812498078254,0.23917533062426458,16.403253748501037,1.0,
1477,Q6PAM0_S107___1,,0.07453559924999303,0.984390156098439,0.9974177898103224,ACOS,24.0,2.0,2.0,2.0,2.0,24.0,0.0,,0.34358681309626693,0.3483244335568646,26.799771421508822,1.0,
1478,Q6PAR5_S1085___1,,0.48448139512495475,0.07814921850781492,0.5245437011922015,ACOS,24.0,8.0,16.0,8.0,16.0,24.0,0.67,,0.004428713520216645,0.029725873473476612,0.3454396545768983,1.0,
1479,Q6PAR5_S1017___1,,0.2236067977499791,0.6875131248687513,0.9836522870292533,ACOS,24.0,4.0,20.0,4.0,20.0,24.0,0.33,,0.11350807917025535,0.16368591139247143,8.853630175279918,1.0,
1480,Q6PAR5_S740___1,,0.5590169943749478,0.023459765402345976,0.28673713262867373,ACOS,24.0,4.0,20.0,4.0,20.0,24.0,0.33,,0.0012630300532244254,0.015437392901175266,0.09851634415150518,1.0,
1481,Q6PAR5_S746___1,,0.3167762968124704,0.37501624983750165,0.8386535601185869,ACOS,24.0,12.0,20.0,12.0,20.0,24.0,0.67,,0.04349923101882863,0.097277877884409,3.392940019468633,1.0,
1482,Q6PAR5_S748___1,,0.3354101966249687,0.34376656233437664,0.8386535601185869,ACOS,24.0,14.0,18.0,14.0,18.0,24.0,0.83,,0.03498372787327912,0.08730403942892999,2.7287307741157716,1.0,
1483,Q6PD03_S49___1,,0.577650894187446,0.015639843601563983,0.22997788483653625,ACOS,24.0,8.0,18.0,8.0,18.0,24.0,0.58,,9.015710203196908E-4,0.013257255095716316,0.07032253958493588,1.0,
1484,Q6PDG5_S347___1,,0.14907119849998607,0.8750112498875011,0.9836522870292533,ACOS,24.0,14.0,6.0,14.0,6.0,24.0,0.33,,0.21029812498078254,0.23917533062426458,16.403253748501037,1.0,
1485,Q6PDG5_S283___1,,0.3540440964374669,0.3125168748312517,0.8386535601185869,ACOS,24.0,20.0,4.0,20.0,4.0,24.0,0.67,,0.027887169552556004,0.07848809381134579,2.175199225099368,1.0,
1486,Q6PDL0_S194___1,,0.29814239699997214,0.43751562484375156,0.8852189547537208,ACOS,24.0,12.0,20.0,12.0,20.0,24.0,0.67,,0.05361444160464873,0.10847731432202215,4.181926445162601,1.0,
1487,Q6PDM2_S199___1,,0.48448139512495475,0.07814921850781492,0.5245437011922015,ACOS,24.0,16.0,16.0,16.0,16.0,24.0,0.0,,0.004428713520216645,0.029725873473476612,0.3454396545768983,1.0,
1488,Q6PDN3_S1874___1,,0.2236067977499791,0.6875131248687513,0.9836522870292533,ACOS,24.0,10.0,4.0,10.0,4.0,24.0,0.25,,0.11350807917025535,0.16368591139247143,8.853630175279918,1.0,
1489,Q6PDQ2_S421___1,,0.14907119849998607,0.8750112498875011,0.9836522870292533,ACOS,24.0,14.0,4.0,14.0,4.0,24.0,0.42,,0.21029812498078254,0.23917533062426458,16.403253748501037,1.0,
1490,Q6PFD9_S653___1,,0.3913118960624634,0.21876781232187678,0.7543227814475101,COS,24.0,8.0,20.0,8.0,20.0,24.0,0.5,,0.017251591034782986,0.059484382074478995,1.345624100713073,1.0,
1491,Q6PFD9_S934___1,,0.26087459737497565,0.5625143748562514,0.9536205028159013,ACOS,24.0,22.0,22.0,22.0,22.0,24.0,0.0,,0.07935437224874475,0.1345280400768894,6.189641035402091,1.0,
1492,Q6PFD9_S888___1,,0.24224069756247738,0.6250137498625014,0.9735791103627425,ACOS,24.0,16.0,8.0,16.0,8.0,24.0,0.33,,0.0953088004769263,0.14846178535828905,7.434086437200252,1.0,
1493,Q6PGC1_S69___1,,0.6149186938124426,0.007829921700782993,0.17567697562460996,ACOS,24.0,4.0,20.0,4.0,20.0,24.0,0.33,,4.465174392780171E-4,0.010018341982674385,0.03482836026368533,0.7814306746486018,
1494,Q6PGL7_S157___1,,0.3913118960624634,0.21876781232187678,0.7543227814475101,ACOS,24.0,10.0,4.0,10.0,4.0,24.0,0.25,,0.017251591034782986,0.059484382074478995,1.345624100713073,1.0,
1495,Q6PGL7_S159___1,,0.3913118960624634,0.21876781232187678,0.7543227814475101,ACOS,24.0,12.0,20.0,12.0,20.0,24.0,0.67,,0.017251591034782986,0.059484382074478995,1.345624100713073,1.0,
1496,Q6PGL7_S388___1,,0.3167762968124704,0.37501624983750165,0.8386535601185869,ACOS,24.0,8.0,12.0,8.0,12.0,24.0,0.83,,0.04349923101882863,0.097277877884409,3.392940019468633,1.0,
1497,Q6PGL7_S768___1,,0.29814239699997214,0.43751562484375156,0.8852189547537208,ACOS,24.0,10.0,4.0,10.0,4.0,24.0,0.25,,0.05361444160464873,0.10847731432202215,4.181926445162601,1.0,
1498,Q6PGL7_S783___1,,0.29814239699997214,0.43751562484375156,0.8852189547537208,ACOS,24.0,10.0,2.0,10.0,2.0,24.0,0.33,,0.05361444160464873,0.10847731432202215,4.181926445162601,1.0,
1499,Q6PGL7_S1067___1,,0.14907119849998607,0.8750112498875011,0.9836522870292533,ACOS,24.0,22.0,22.0,22.0,22.0,24.0,0.0,,0.21029812498078254,0.23917533062426458,16.403253748501037,1.0,
1500,Q6PGL7_S614___1,,0.29814239699997214,0.43751562484375156,0.8852189547537208,ACOS,24.0,20.0,4.0,20.0,4.0,24.0,0.67,,0.05361444160464873,0.10847731432202215,4.181926445162601,1.0,
1501,Q6PGL7_S1173___1,,0.3540440964374669,0.3125168748312517,0.8386535601185869,ACOS,24.0,10.0,20.0,10.0,20.0,24.0,0.58,,0.027887169552556004,0.07848809381134579,2.175199225099368,1.0,
1502,Q6PGL7_S873___1,,0.3913118960624634,0.21876781232187678,0.7543227814475101,COS,24.0,8.0,20.0,8.0,20.0,24.0,0.5,,0.017251591034782986,0.059484382074478995,1.345624100713073,1.0,
1503,Q6PGL7_S832___1,,0.5217491947499513,0.04689953100468995,0.4127676955274646,COS,24.0,8.0,20.0,8.0,20.0,24.0,0.5,,0.0024097615294134673,0.021208564178760516,0.18796139929425046,1.0,
1504,Q6PGL7_S1333___1,,0.3354101966249687,0.34376656233437664,0.8386535601185869,ACOS,24.0,20.0,0.0,20.0,0.0,24.0,0.83,,0.03498372787327912,0.08730403942892999,2.7287307741157716,1.0,
1505,Q6PGL7_S747___1,,0.5403830945624495,0.031269687303126965,0.31931161457616186,ACOS,24.0,8.0,16.0,8.0,16.0,24.0,0.67,,0.0017528052122483628,0.01789883784045924,0.1367188065553723,1.0,
1506,Q6PHU5_S819___1,,0.18633899812498259,0.8125118748812512,0.9836522870292533,ACOS,24.0,20.0,12.0,20.0,12.0,24.0,0.33,,0.15703129585716225,0.19764355093531163,12.248441076858654,1.0,
1507,Q6QI06_S21___1,,0.2236067977499791,0.6875131248687513,0.9836522870292533,ACOS,24.0,22.0,22.0,22.0,22.0,24.0,0.0,,0.11350807917025535,0.16368591139247143,8.853630175279918,1.0,
1508,Q6QI06_S1173___1,,0.16770509831248434,0.8437615623843762,0.9836522870292533,ACOS,24.0,4.0,14.0,4.0,14.0,24.0,0.58,,0.1824518756760124,0.21722409413444527,14.231246302728968,1.0,
1509,Q6QI06_S1218___1,,0.18633899812498259,0.8125118748812512,0.9836522870292533,ACOS,24.0,8.0,16.0,8.0,16.0,24.0,0.67,,0.15703129585716225,0.19764355093531163,12.248441076858654,1.0,
1510,Q6R0H7_S1091___1,,0.3167762968124704,0.37501624983750165,0.8386535601185869,ACOS,24.0,10.0,4.0,10.0,4.0,24.0,0.25,,0.04349923101882863,0.097277877884409,3.392940019468633,1.0,
1511,Q6R891_S100___1,,0.07453559924999303,0.984390156098439,0.9974177898103224,ACOS,24.0,10.0,0.0,10.0,0.0,24.0,0.42,,0.34358681309626693,0.3483244335568646,26.799771421508822,1.0,
1512,Q6U7R4_S325___1,,0.11180339887498955,0.937510624893751,0.9899167645530791,ACOS,24.0,20.0,20.0,20.0,20.0,24.0,0.0,,0.2729083801775865,0.2881637536165899,21.286853653851747,1.0,
1513,Q6URW6_S1973___1,,0.3913118960624634,0.21876781232187678,0.7543227814475101,ACOS,24.0,22.0,16.0,22.0,16.0,24.0,0.25,,0.017251591034782986,0.059484382074478995,1.345624100713073,1.0,
1514,Q6WVG3_S187___1,,0.3354101966249687,0.34376656233437664,0.8386535601185869,ACOS,24.0,14.0,14.0,14.0,14.0,24.0,0.0,,0.03498372787327912,0.08730403942892999,2.7287307741157716,1.0,
1515,Q6WVG3_S202___1,,0.20497289793748086,0.7500124998750013,0.9836522870292533,ACOS,24.0,22.0,22.0,22.0,22.0,24.0,0.0,,0.13405890065957154,0.18041889221405025,10.45659425144658,1.0,
1516,Q6Y7W8_S385___1,,0.18633899812498259,0.8125118748812512,0.9836522870292533,ACOS,24.0,2.0,2.0,2.0,2.0,24.0,0.0,,0.15703129585716225,0.19764355093531163,12.248441076858654,1.0,
1517,Q6ZPE2_S1094___1,,0.37267799624996517,0.25001749982500177,0.783497463386022,ACOS,24.0,4.0,20.0,4.0,20.0,24.0,0.33,,0.02203270318362918,0.06904543509151728,1.718550848323076,1.0,
1518,Q6ZPF3_S1590___1,,0.20497289793748086,0.7500124998750013,0.9836522870292533,COS,24.0,8.0,20.0,8.0,20.0,24.0,0.5,,0.13405890065957154,0.18041889221405025,10.45659425144658,1.0,
1519,Q6ZPJ0_S791___1,,0.3540440964374669,0.3125168748312517,0.8386535601185869,ACOS,24.0,10.0,4.0,10.0,4.0,24.0,0.25,,0.027887169552556004,0.07848809381134579,2.175199225099368,1.0,
1520,Q6ZPJ0_S265___1,,0.20497289793748086,0.7500124998750013,0.9836522870292533,ACOS,24.0,16.0,16.0,16.0,16.0,24.0,0.0,,0.13405890065957154,0.18041889221405025,10.45659425144658,1.0,
1521,Q6ZPJ0_S221___1,,0.3167762968124704,0.37501624983750165,0.8386535601185869,ACOS,24.0,4.0,14.0,4.0,14.0,24.0,0.58,,0.04349923101882863,0.097277877884409,3.392940019468633,1.0,
1522,Q6ZPJ0_S203___1,,0.5217491947499513,0.04689953100468995,0.4127676955274646,ACOS,24.0,4.0,14.0,4.0,14.0,24.0,0.58,,0.0024097615294134673,0.021208564178760516,0.18796139929425046,1.0,
1523,Q6ZPJ3_S836___1,,0.09316949906249129,0.968760312396876,0.9974177898103224,ACOS,24.0,16.0,16.0,16.0,16.0,24.0,0.0,,0.30735312441432305,0.3173127201503672,23.973543704317198,1.0,
1524,Q6ZPR6_S1046___1,,0.20497289793748086,0.7500124998750013,0.9836522870292533,COS,24.0,8.0,20.0,8.0,20.0,24.0,0.5,,0.13405890065957154,0.18041889221405025,10.45659425144658,1.0,
1525,Q6ZPR6_S1005___1,,0.3913118960624634,0.21876781232187678,0.7543227814475101,ACOS,24.0,14.0,4.0,14.0,4.0,24.0,0.42,,0.017251591034782986,0.059484382074478995,1.345624100713073,1.0,
1526,Q6ZPR6_S1202___1,,0.6521864934374391,0.003919960800391996,0.13674082237279817,COS,24.0,8.0,20.0,8.0,20.0,24.0,0.5,,2.1288795232688796E-4,0.007426215504891954,0.01660526028149726,0.5792448093815723,
1527,Q6ZPZ3_S1104___1,,0.3167762968124704,0.37501624983750165,0.8386535601185869,ACOS,24.0,14.0,18.0,14.0,18.0,24.0,0.83,,0.04349923101882863,0.097277877884409,3.392940019468633,1.0,
1528,Q6ZPZ3_S1276___1,,0.5403830945624495,0.031269687303126965,0.31931161457616186,ACOS,24.0,16.0,8.0,16.0,8.0,24.0,0.33,,0.0017528052122483628,0.01789883784045924,0.1367188065553723,1.0,
1529,Q6ZQ58_S1032___1,,0.5590169943749478,0.023459765402345976,0.28673713262867373,ACOS,24.0,8.0,18.0,8.0,18.0,24.0,0.58,,0.0012630300532244254,0.015437392901175266,0.09851634415150518,1.0,
1530,Q6ZQ58_S68___1,,0.3354101966249687,0.34376656233437664,0.8386535601185869,COS,24.0,8.0,20.0,8.0,20.0,24.0,0.5,,0.03498372787327912,0.08730403942892999,2.7287307741157716,1.0,
1531,Q6ZQ58_S81___1,,0.3540440964374669,0.3125168748312517,0.8386535601185869,ACOS,24.0,10.0,2.0,10.0,2.0,24.0,0.33,,0.027887169552556004,0.07848809381134579,2.175199225099368,1.0,
1532,Q6ZQ58_S525___1,,0.16770509831248434,0.8437615623843762,0.9836522870292533,ACOS,24.0,16.0,22.0,16.0,22.0,24.0,0.75,,0.1824518756760124,0.21722409413444527,14.231246302728968,1.0,
1533,Q6ZQ58_S604___1,,0.4472135954999582,0.12501874981250188,0.6403693519334903,ACOS,24.0,20.0,4.0,20.0,4.0,24.0,0.67,,0.007842546279573382,0.04017098464103022,0.6117186098067239,1.0,
1534,Q6ZQ58_S608___1,,0.5403830945624495,0.031269687303126965,0.31931161457616186,ACOS,24.0,14.0,4.0,14.0,4.0,24.0,0.42,,0.0017528052122483628,0.01789883784045924,0.1367188065553723,1.0,
1535,Q6ZQ58_S751___1,,0.46584749531245645,0.0937690623093769,0.5471579350140564,ACOS,24.0,20.0,14.0,20.0,14.0,24.0,0.25,,0.005920711107451196,0.03454832525336907,0.4618154663811933,1.0,
1536,Q6ZQ58_S828___1,,0.5590169943749478,0.023459765402345976,0.28673713262867373,ACOS,24.0,20.0,4.0,20.0,4.0,24.0,0.67,,0.0012630300532244254,0.015437392901175266,0.09851634415150518,1.0,
1537,Q6ZQ58_S302___1,,0.4472135954999582,0.12501874981250188,0.6403693519334903,ACOS,24.0,16.0,12.0,16.0,12.0,24.0,0.17,,0.007842546279573382,0.04017098464103022,0.6117186098067239,1.0,
1538,Q6ZQ82_S584___1,,0.4472135954999582,0.12501874981250188,0.6403693519334903,COS,24.0,8.0,20.0,8.0,20.0,24.0,0.5,,0.007842546279573382,0.04017098464103022,0.6117186098067239,1.0,
1539,Q6ZQ88_S132___1,,0.09316949906249129,0.968760312396876,0.9974177898103224,ACOS,24.0,16.0,16.0,16.0,16.0,24.0,0.0,,0.30735312441432305,0.3173127201503672,23.973543704317198,1.0,
1540,Q6ZQ88_S167___1,,0.16770509831248434,0.8437615623843762,0.9836522870292533,ACOS,24.0,10.0,4.0,10.0,4.0,24.0,0.25,,0.1824518756760124,0.21722409413444527,14.231246302728968,1.0,
1541,Q6ZQ93_S3443___1,,0.29814239699997214,0.43751562484375156,0.8852189547537208,ACOS,24.0,2.0,2.0,2.0,2.0,24.0,0.0,,0.05361444160464873,0.10847731432202215,4.181926445162601,1.0,
1542,Q6ZQB6_S44___1,,0.20497289793748086,0.7500124998750013,0.9836522870292533,ACOS,24.0,16.0,8.0,16.0,8.0,24.0,0.33,,0.13405890065957154,0.18041889221405025,10.45659425144658,1.0,
1543,Q6ZQH8_S1719___1,,0.2236067977499791,0.6875131248687513,0.9836522870292533,ACOS,24.0,2.0,4.0,2.0,4.0,24.0,0.92,,0.11350807917025535,0.16368591139247143,8.853630175279918,1.0,
1544,Q6ZQK5_S573___1,,0.20497289793748086,0.7500124998750013,0.9836522870292533,ACOS,24.0,14.0,14.0,14.0,14.0,24.0,0.0,,0.13405890065957154,0.18041889221405025,10.45659425144658,1.0,
1545,Q6ZWQ0_S4096___1,,0.07453559924999303,0.984390156098439,0.9974177898103224,ACOS,24.0,20.0,0.0,20.0,0.0,24.0,0.83,,0.34358681309626693,0.3483244335568646,26.799771421508822,1.0,
1546,Q6ZWQ0_S4098___1,,0.13043729868748782,0.9062609373906261,0.9836522870292533,ACOS,24.0,22.0,22.0,22.0,22.0,24.0,0.0,,0.24049416858204564,0.26103148572645835,18.75854514939956,1.0,
1547,Q6ZWR6_S8306___1,,0.3540440964374669,0.3125168748312517,0.8386535601185869,ACOS,24.0,20.0,4.0,20.0,4.0,24.0,0.67,,0.027887169552556004,0.07848809381134579,2.175199225099368,1.0,
1548,Q76LS9_S103___1,,0.3540440964374669,0.3125168748312517,0.8386535601185869,ACOS,24.0,22.0,22.0,22.0,22.0,24.0,0.0,,0.027887169552556004,0.07848809381134579,2.175199225099368,1.0,
1549,Q76LS9_S382___1,,0.18633899812498259,0.8125118748812512,0.9836522870292533,ACOS,24.0,14.0,6.0,14.0,6.0,24.0,0.33,,0.15703129585716225,0.19764355093531163,12.248441076858654,1.0,
1550,Q76LS9_S440___1,,0.26087459737497565,0.5625143748562514,0.9536205028159013,ACOS,24.0,4.0,20.0,4.0,20.0,24.0,0.33,,0.07935437224874475,0.1345280400768894,6.189641035402091,1.0,
1551,Q78IK4_S219___1,,0.4099457958749617,0.18751812481875182,0.7309536040039274,ACOS,24.0,4.0,20.0,4.0,20.0,24.0,0.33,,0.013386385243419103,0.05218069745375196,1.04413804898669,1.0,
1552,Q78IK4_S236___1,,0.26087459737497565,0.5625143748562514,0.9536205028159013,ACOS,24.0,12.0,20.0,12.0,20.0,24.0,0.67,,0.07935437224874475,0.1345280400768894,6.189641035402091,1.0,
1553,Q78JT3_S9___1,,0.29814239699997214,0.43751562484375156,0.8852189547537208,ACOS,24.0,20.0,6.0,20.0,6.0,24.0,0.58,,0.05361444160464873,0.10847731432202215,4.181926445162601,1.0,
1554,Q78PG9_S204___1,,0.11180339887498955,0.937510624893751,0.9899167645530791,ACOS,24.0,16.0,22.0,16.0,22.0,24.0,0.75,,0.2729083801775865,0.2881637536165899,21.286853653851747,1.0,
1555,Q78PY7_S909___1,,0.3354101966249687,0.34376656233437664,0.8386535601185869,ACOS,24.0,10.0,2.0,10.0,2.0,24.0,0.33,,0.03498372787327912,0.08730403942892999,2.7287307741157716,1.0,
1556,Q78PY7_S426___1,,0.055901699437494776,0.99220007799922,0.9974177898103224,ACOS,24.0,14.0,6.0,14.0,6.0,24.0,0.33,,0.3813183256938952,0.38332357561866326,29.742829404123825,1.0,
1557,Q78ZA7_S125___1,,0.4099457958749617,0.18751812481875182,0.7309536040039274,ACOS,24.0,16.0,12.0,16.0,12.0,24.0,0.17,,0.013386385243419103,0.05218069745375196,1.04413804898669,1.0,
1558,Q7SIG6_S704___1,,0.2236067977499791,0.6875131248687513,0.9836522870292533,ACOS,24.0,22.0,22.0,22.0,22.0,24.0,0.0,,0.11350807917025535,0.16368591139247143,8.853630175279918,1.0,
1559,Q7TMQ7_S257___1,,0.6708203932499374,0.002949970500294997,0.1270081893775657,COS,24.0,14.0,2.0,14.0,2.0,24.0,0.5,,1.449047398848948E-4,0.006238736503692902,0.011302569711021794,0.4866214472880464,
1560,Q7TMY8_S1395___1,,0.3354101966249687,0.34376656233437664,0.8386535601185869,ACOS,24.0,10.0,2.0,10.0,2.0,24.0,0.33,,0.03498372787327912,0.08730403942892999,2.7287307741157716,1.0,
1561,Q7TMY8_S3818___1,,0.4472135954999582,0.12501874981250188,0.6403693519334903,ACOS,24.0,4.0,0.0,4.0,0.0,24.0,0.17,,0.007842546279573382,0.04017098464103022,0.6117186098067239,1.0,
1562,Q7TMY8_S3758___1,,0.5217491947499513,0.04689953100468995,0.4127676955274646,ACOS,24.0,4.0,2.0,4.0,2.0,24.0,0.08,,0.0024097615294134673,0.021208564178760516,0.18796139929425046,1.0,
1563,Q7TMY8_S648___1,,0.13043729868748782,0.9062609373906261,0.9836522870292533,ACOS,24.0,14.0,4.0,14.0,4.0,24.0,0.42,,0.24049416858204564,0.26103148572645835,18.75854514939956,1.0,
1564,Q7TN29_S239___1,,0.13043729868748782,0.9062609373906261,0.9836522870292533,ACOS,24.0,12.0,20.0,12.0,20.0,24.0,0.67,,0.24049416858204564,0.26103148572645835,18.75854514939956,1.0,
1565,Q7TN29_S219___1,,0.2236067977499791,0.6875131248687513,0.9836522870292533,ACOS,24.0,12.0,20.0,12.0,20.0,24.0,0.67,,0.11350807917025535,0.16368591139247143,8.853630175279918,1.0,
1566,Q7TN98_S99___1,,0.6335525936249408,0.005879941200587994,0.1643288830269592,ACOS,24.0,20.0,4.0,20.0,4.0,24.0,0.67,,3.0978912629739484E-4,0.008657790845469297,0.0241635518511968,0.6753076859466053,
1567,Q7TNE3_S114___1,,0.24224069756247738,0.6250137498625014,0.9735791103627425,ACOS,24.0,20.0,4.0,20.0,4.0,24.0,0.67,,0.0953088004769263,0.14846178535828905,7.434086437200252,1.0,
1568,Q7TPD0_S500___1,,0.503115294937453,0.06251937480625194,0.49060770476039084,COS,24.0,14.0,2.0,14.0,2.0,24.0,0.5,,0.0032820864904672107,0.025755486597607225,0.2560027462564424,1.0,
1569,Q7TPE5_S305___1,,0.18633899812498259,0.8125118748812512,0.9836522870292533,ACOS,24.0,10.0,4.0,10.0,4.0,24.0,0.25,,0.15703129585716225,0.19764355093531163,12.248441076858654,1.0,
1570,Q7TPE5_S156___1,,0.07453559924999303,0.984390156098439,0.9974177898103224,ACOS,24.0,14.0,6.0,14.0,6.0,24.0,0.33,,0.34358681309626693,0.3483244335568646,26.799771421508822,1.0,
1571,Q7TPE5_S257___1,,0.13043729868748782,0.9062609373906261,0.9836522870292533,ACOS,24.0,14.0,16.0,14.0,16.0,24.0,0.92,,0.24049416858204564,0.26103148572645835,18.75854514939956,1.0,
1572,Q7TPH6_S2943___1,,0.2236067977499791,0.6875131248687513,0.9836522870292533,ACOS,24.0,10.0,2.0,10.0,2.0,24.0,0.33,,0.11350807917025535,0.16368591139247143,8.853630175279918,1.0,
1573,Q7TPH6_S3550___1,,0.18633899812498259,0.8125118748812512,0.9836522870292533,ACOS,24.0,8.0,16.0,8.0,16.0,24.0,0.67,,0.15703129585716225,0.19764355093531163,12.248441076858654,1.0,
1574,Q7TPM1_S387___1,,0.07453559924999303,0.984390156098439,0.9974177898103224,ACOS,24.0,8.0,8.0,8.0,8.0,24.0,0.0,,0.34358681309626693,0.3483244335568646,26.799771421508822,1.0,
1575,Q7TPM1_S226___1,,0.14907119849998607,0.8750112498875011,0.9836522870292533,ACOS,24.0,16.0,8.0,16.0,8.0,24.0,0.33,,0.21029812498078254,0.23917533062426458,16.403253748501037,1.0,
1576,Q7TPM9_S763___1,,0.3167762968124704,0.37501624983750165,0.8386535601185869,ACOS,24.0,22.0,22.0,22.0,22.0,24.0,0.0,,0.04349923101882863,0.097277877884409,3.392940019468633,1.0,
1577,Q7TPV4_S1253___1,,0.6149186938124426,0.007829921700782993,0.17567697562460996,COS,24.0,20.0,8.0,20.0,8.0,24.0,0.5,,4.465174392780171E-4,0.010018341982674385,0.03482836026368533,0.7814306746486018,
1578,Q7TQ95_S411___1,,0.2236067977499791,0.6875131248687513,0.9836522870292533,ACOS,24.0,12.0,20.0,12.0,20.0,24.0,0.67,,0.11350807917025535,0.16368591139247143,8.853630175279918,1.0,
1579,Q7TQE6_S305___1,,0.14907119849998607,0.8750112498875011,0.9836522870292533,ACOS,24.0,10.0,20.0,10.0,20.0,24.0,0.58,,0.21029812498078254,0.23917533062426458,16.403253748501037,1.0,
1580,Q7TQG1_S251___1,,0.3167762968124704,0.37501624983750165,0.8386535601185869,ACOS,24.0,14.0,14.0,14.0,14.0,24.0,0.0,,0.04349923101882863,0.097277877884409,3.392940019468633,1.0,
1581,Q7TQG1_S992___1,,0.2236067977499791,0.6875131248687513,0.9836522870292533,ACOS,24.0,14.0,16.0,14.0,16.0,24.0,0.92,,0.11350807917025535,0.16368591139247143,8.853630175279918,1.0,
1582,Q7TQG1_S999___1,,0.3354101966249687,0.34376656233437664,0.8386535601185869,ACOS,24.0,4.0,0.0,4.0,0.0,24.0,0.17,,0.03498372787327912,0.08730403942892999,2.7287307741157716,1.0,
1583,Q7TQG1_S1142___1,,0.14907119849998607,0.8750112498875011,0.9836522870292533,ACOS,24.0,14.0,16.0,14.0,16.0,24.0,0.92,,0.21029812498078254,0.23917533062426458,16.403253748501037,1.0,
1584,Q7TQG1_S443___1,,0.18633899812498259,0.8125118748812512,0.9836522870292533,ACOS,24.0,14.0,16.0,14.0,16.0,24.0,0.92,,0.15703129585716225,0.19764355093531163,12.248441076858654,1.0,
1585,Q7TQG1_S967___1,,0.503115294937453,0.06251937480625194,0.49060770476039084,COS,24.0,8.0,20.0,8.0,20.0,24.0,0.5,,0.0032820864904672107,0.025755486597607225,0.2560027462564424,1.0,
1586,Q7TQG1_S901___1,,0.48448139512495475,0.07814921850781492,0.5245437011922015,ACOS,24.0,22.0,16.0,22.0,16.0,24.0,0.25,,0.004428713520216645,0.029725873473476612,0.3454396545768983,1.0,
1587,Q7TQH0_S591___1,,0.11180339887498955,0.937510624893751,0.9899167645530791,ACOS,24.0,20.0,4.0,20.0,4.0,24.0,0.67,,0.2729083801775865,0.2881637536165899,21.286853653851747,1.0,
1588,Q7TQH0_S109___1,,0.3540440964374669,0.3125168748312517,0.8386535601185869,ACOS,24.0,10.0,2.0,10.0,2.0,24.0,0.33,,0.027887169552556004,0.07848809381134579,2.175199225099368,1.0,
1589,Q7TQH0_S556___1,,0.24224069756247738,0.6250137498625014,0.9735791103627425,ACOS,24.0,16.0,8.0,16.0,8.0,24.0,0.33,,0.0953088004769263,0.14846178535828905,7.434086437200252,1.0,
1590,Q7TQH0_S236___1,,0.09316949906249129,0.968760312396876,0.9974177898103224,ACOS,24.0,10.0,4.0,10.0,4.0,24.0,0.25,,0.30735312441432305,0.3173127201503672,23.973543704317198,1.0,
1591,Q7TQI3_S16___1,,0.09316949906249129,0.968760312396876,0.9974177898103224,ACOS,24.0,16.0,22.0,16.0,22.0,24.0,0.75,,0.30735312441432305,0.3173127201503672,23.973543704317198,1.0,
1592,Q7TSC1_S166___1,,0.4472135954999582,0.12501874981250188,0.6403693519334903,COS,24.0,8.0,20.0,8.0,20.0,24.0,0.5,,0.007842546279573382,0.04017098464103022,0.6117186098067239,1.0,
1593,Q7TSC1_S1145___1,,0.29814239699997214,0.43751562484375156,0.8852189547537208,ACOS,24.0,14.0,16.0,14.0,16.0,24.0,0.92,,0.05361444160464873,0.10847731432202215,4.181926445162601,1.0,
1594,Q7TSC1_S761___1,,0.6894542930624356,0.001969980300196998,0.11768169818301817,ACOS,24.0,14.0,4.0,14.0,4.0,24.0,0.42,,9.769013212726992E-5,0.005835764267952787,0.007619830305927054,0.45518961290031734,
1595,Q7TSC1_S1002___1,,0.4472135954999582,0.12501874981250188,0.6403693519334903,ACOS,24.0,12.0,20.0,12.0,20.0,24.0,0.67,,0.007842546279573382,0.04017098464103022,0.6117186098067239,1.0,
1596,Q7TSC1_S1687___1,,0.29814239699997214,0.43751562484375156,0.8852189547537208,COS,24.0,14.0,2.0,14.0,2.0,24.0,0.5,,0.05361444160464873,0.10847731432202215,4.181926445162601,1.0,
1597,Q7TSC1_S454___1,,0.26087459737497565,0.5625143748562514,0.9536205028159013,ACOS,24.0,16.0,22.0,16.0,22.0,24.0,0.75,,0.07935437224874475,0.1345280400768894,6.189641035402091,1.0,
1598,Q7TSC1_S808___1,,0.2795084971874739,0.5000149998500015,0.9204821588147755,ACOS,24.0,12.0,20.0,12.0,20.0,24.0,0.67,,0.06550881647134288,0.1205957757767903,5.1096876847647446,1.0,
1599,Q7TSC1_S1087___1,,0.4099457958749617,0.18751812481875182,0.7309536040039274,ACOS,24.0,14.0,4.0,14.0,4.0,24.0,0.42,,0.013386385243419103,0.05218069745375196,1.04413804898669,1.0,
1600,Q7TSG2_S730___1,,0.3913118960624634,0.21876781232187678,0.7543227814475101,ACOS,24.0,22.0,22.0,22.0,22.0,24.0,0.0,,0.017251591034782986,0.059484382074478995,1.345624100713073,1.0,
1601,Q7TSG2_S530___1,,0.26087459737497565,0.5625143748562514,0.9536205028159013,ACOS,24.0,4.0,20.0,4.0,20.0,24.0,0.33,,0.07935437224874475,0.1345280400768894,6.189641035402091,1.0,
1602,Q7TSH2_S912___1,,0.09316949906249129,0.968760312396876,0.9974177898103224,ACOS,24.0,20.0,20.0,20.0,20.0,24.0,0.0,,0.30735312441432305,0.3173127201503672,23.973543704317198,1.0,
1603,Q7TSH2_S692___1,,0.5590169943749478,0.023459765402345976,0.28673713262867373,COS,24.0,8.0,20.0,8.0,20.0,24.0,0.5,,0.0012630300532244254,0.015437392901175266,0.09851634415150518,1.0,
1604,Q7TSI3_S739___1,,0.24224069756247738,0.6250137498625014,0.9735791103627425,ACOS,24.0,8.0,16.0,8.0,16.0,24.0,0.67,,0.0953088004769263,0.14846178535828905,7.434086437200252,1.0,
1605,Q7TSV4_S173___1,,0.2795084971874739,0.5000149998500015,0.9204821588147755,ACOS,24.0,20.0,4.0,20.0,4.0,24.0,0.67,,0.06550881647134288,0.1205957757767903,5.1096876847647446,1.0,
1606,Q7TT50_S1645___1,,0.6149186938124426,0.007829921700782993,0.17567697562460996,COS,24.0,8.0,20.0,8.0,20.0,24.0,0.5,,4.465174392780171E-4,0.010018341982674385,0.03482836026368533,0.7814306746486018,
1607,Q7TT50_S1649___1,,0.18633899812498259,0.8125118748812512,0.9836522870292533,ACOS,24.0,14.0,16.0,14.0,16.0,24.0,0.92,,0.15703129585716225,0.19764355093531163,12.248441076858654,1.0,
1608,Q80TA6_S564___1,,0.24224069756247738,0.6250137498625014,0.9735791103627425,ACOS,24.0,16.0,16.0,16.0,16.0,24.0,0.0,,0.0953088004769263,0.14846178535828905,7.434086437200252,1.0,
1609,Q80TH2_S849___1,,0.4099457958749617,0.18751812481875182,0.7309536040039274,ACOS,24.0,4.0,20.0,4.0,20.0,24.0,0.33,,0.013386385243419103,0.05218069745375196,1.04413804898669,1.0,
1610,Q80TH2_S712___1,,0.07453559924999303,0.984390156098439,0.9974177898103224,ACOS,24.0,22.0,22.0,22.0,22.0,24.0,0.0,,0.34358681309626693,0.3483244335568646,26.799771421508822,1.0,
1611,Q80TH2_S912___1,,0.18633899812498259,0.8125118748812512,0.9836522870292533,ACOS,24.0,12.0,20.0,12.0,20.0,24.0,0.67,,0.15703129585716225,0.19764355093531163,12.248441076858654,1.0,
1612,Q80TH2_S869___1,,0.4099457958749617,0.18751812481875182,0.7309536040039274,ACOS,24.0,14.0,16.0,14.0,16.0,24.0,0.92,,0.013386385243419103,0.05218069745375196,1.04413804898669,1.0,
1613,Q80TH2_S444___1,,0.13043729868748782,0.9062609373906261,0.9836522870292533,ACOS,24.0,14.0,16.0,14.0,16.0,24.0,0.92,,0.24049416858204564,0.26103148572645835,18.75854514939956,1.0,
1614,Q80TJ7_S615___1,,0.3540440964374669,0.3125168748312517,0.8386535601185869,ACOS,24.0,14.0,14.0,14.0,14.0,24.0,0.0,,0.027887169552556004,0.07848809381134579,2.175199225099368,1.0,
1615,Q80TJ7_S790___1,,0.3167762968124704,0.37501624983750165,0.8386535601185869,ACOS,24.0,14.0,14.0,14.0,14.0,24.0,0.0,,0.04349923101882863,0.097277877884409,3.392940019468633,1.0,
1616,Q80TL7_S534___1,,0.4099457958749617,0.18751812481875182,0.7309536040039274,ACOS,24.0,14.0,6.0,14.0,6.0,24.0,0.33,,0.013386385243419103,0.05218069745375196,1.04413804898669,1.0,
1617,Q80TM6_S381___1,,0.4099457958749617,0.18751812481875182,0.7309536040039274,ACOS,24.0,10.0,2.0,10.0,2.0,24.0,0.33,,0.013386385243419103,0.05218069745375196,1.04413804898669,1.0,
1618,Q80TM6_S143___1,,0.24224069756247738,0.6250137498625014,0.9735791103627425,ACOS,24.0,14.0,4.0,14.0,4.0,24.0,0.42,,0.0953088004769263,0.14846178535828905,7.434086437200252,1.0,
1619,Q80TM6_S283___1,,0.09316949906249129,0.968760312396876,0.9974177898103224,ACOS,24.0,10.0,2.0,10.0,2.0,24.0,0.33,,0.30735312441432305,0.3173127201503672,23.973543704317198,1.0,
1620,Q80TM9_S543___1,,0.11180339887498955,0.937510624893751,0.9899167645530791,ACOS,24.0,14.0,6.0,14.0,6.0,24.0,0.33,,0.2729083801775865,0.2881637536165899,21.286853653851747,1.0,
1621,Q80TM9_S545___1,,0.37267799624996517,0.25001749982500177,0.783497463386022,ACOS,24.0,10.0,2.0,10.0,2.0,24.0,0.33,,0.02203270318362918,0.06904543509151728,1.718550848323076,1.0,
1622,Q80TP3_S2363___1,,0.7080881928749339,9.89990100098999E-4,0.09098389785332915,COS,24.0,8.0,20.0,8.0,20.0,24.0,0.5,,6.522978591822107E-5,0.005835764267952787,0.005087923301621243,0.45518961290031734,
1623,Q80TQ2_S414___1,,0.26087459737497565,0.5625143748562514,0.9536205028159013,ACOS,24.0,22.0,16.0,22.0,16.0,24.0,0.25,,0.07935437224874475,0.1345280400768894,6.189641035402091,1.0,
1624,Q80TR8_S999___1,,0.20497289793748086,0.7500124998750013,0.9836522870292533,ACOS,24.0,14.0,14.0,14.0,14.0,24.0,0.0,,0.13405890065957154,0.18041889221405025,10.45659425144658,1.0,
1625,Q80TV8_S1193___1,,0.3540440964374669,0.3125168748312517,0.8386535601185869,ACOS,24.0,8.0,16.0,8.0,16.0,24.0,0.67,,0.027887169552556004,0.07848809381134579,2.175199225099368,1.0,
1626,Q80TV8_S548___1,,0.48448139512495475,0.07814921850781492,0.5245437011922015,ACOS,24.0,14.0,14.0,14.0,14.0,24.0,0.0,,0.004428713520216645,0.029725873473476612,0.3454396545768983,1.0,
1627,Q80TV8_S1088___1,,0.4472135954999582,0.12501874981250188,0.6403693519334903,ACOS,24.0,8.0,16.0,8.0,16.0,24.0,0.67,,0.007842546279573382,0.04017098464103022,0.6117186098067239,1.0,
1628,Q80TV8_S794___1,,0.4472135954999582,0.12501874981250188,0.6403693519334903,ACOS,24.0,4.0,20.0,4.0,20.0,24.0,0.33,,0.007842546279573382,0.04017098464103022,0.6117186098067239,1.0,
1629,Q80U44_S884___1,,0.577650894187446,0.015639843601563983,0.22997788483653625,COS,24.0,8.0,20.0,8.0,20.0,24.0,0.5,,9.015710203196908E-4,0.013257255095716316,0.07032253958493588,1.0,
1630,Q80U49_S653___1,,0.13043729868748782,0.9062609373906261,0.9836522870292533,ACOS,24.0,4.0,20.0,4.0,20.0,24.0,0.33,,0.24049416858204564,0.26103148572645835,18.75854514939956,1.0,
1631,Q80U49_S224___1,,0.5403830945624495,0.031269687303126965,0.31931161457616186,COS,24.0,8.0,20.0,8.0,20.0,24.0,0.5,,0.0017528052122483628,0.01789883784045924,0.1367188065553723,1.0,
1632,Q80U49_S563___1,,0.26087459737497565,0.5625143748562514,0.9536205028159013,ACOS,24.0,2.0,2.0,2.0,2.0,24.0,0.0,,0.07935437224874475,0.1345280400768894,6.189641035402091,1.0,
1633,Q80U49_S862___1,,0.20497289793748086,0.7500124998750013,0.9836522870292533,ACOS,24.0,2.0,2.0,2.0,2.0,24.0,0.0,,0.13405890065957154,0.18041889221405025,10.45659425144658,1.0,
1634,Q80U78_S710___1,,0.26087459737497565,0.5625143748562514,0.9536205028159013,ACOS,24.0,14.0,14.0,14.0,14.0,24.0,0.0,,0.07935437224874475,0.1345280400768894,6.189641035402091,1.0,
1635,Q80U78_S124___1,,0.29814239699997214,0.43751562484375156,0.8852189547537208,ACOS,24.0,10.0,2.0,10.0,2.0,24.0,0.33,,0.05361444160464873,0.10847731432202215,4.181926445162601,1.0,
1636,Q80U87_S680___1,,0.2236067977499791,0.6875131248687513,0.9836522870292533,ACOS,24.0,16.0,10.0,16.0,10.0,24.0,0.25,,0.11350807917025535,0.16368591139247143,8.853630175279918,1.0,
1637,Q80U87_S681___1,,0.01863389981249826,0.999530004699953,0.9997391989244612,ACOS,24.0,20.0,20.0,20.0,20.0,24.0,0.0,,0.4599048616735564,0.460001116353689,35.872579210537396,1.0,
1638,Q80UG5_S221___1,,0.5590169943749478,0.023459765402345976,0.28673713262867373,ACOS,24.0,8.0,16.0,8.0,16.0,24.0,0.67,,0.0012630300532244254,0.015437392901175266,0.09851634415150518,1.0,
1639,Q80UG5_S78___1,,0.26087459737497565,0.5625143748562514,0.9536205028159013,ACOS,24.0,22.0,22.0,22.0,22.0,24.0,0.0,,0.07935437224874475,0.1345280400768894,6.189641035402091,1.0,
1640,Q80UG5_S23___1,,0.3913118960624634,0.21876781232187678,0.7543227814475101,ACOS,24.0,8.0,10.0,8.0,10.0,24.0,0.92,,0.017251591034782986,0.059484382074478995,1.345624100713073,1.0,
1641,Q80UM3_S854___1,,0.4099457958749617,0.18751812481875182,0.7309536040039274,ACOS,24.0,16.0,22.0,16.0,22.0,24.0,0.75,,0.013386385243419103,0.05218069745375196,1.04413804898669,1.0,
1642,Q80UU1_S696___1,,0.46584749531245645,0.0937690623093769,0.5471579350140564,ACOS,24.0,2.0,2.0,2.0,2.0,24.0,0.0,,0.005920711107451196,0.03454832525336907,0.4618154663811933,1.0,
1643,Q80UU1_S86___1,,0.577650894187446,0.015639843601563983,0.22997788483653625,ACOS,24.0,8.0,18.0,8.0,18.0,24.0,0.58,,9.015710203196908E-4,0.013257255095716316,0.07032253958493588,1.0,
1644,Q80UU9_S98___1,,0.20497289793748086,0.7500124998750013,0.9836522870292533,ACOS,24.0,20.0,10.0,20.0,10.0,24.0,0.42,,0.13405890065957154,0.18041889221405025,10.45659425144658,1.0,
1645,Q80VI1_S454___1,,0.16770509831248434,0.8437615623843762,0.9836522870292533,ACOS,24.0,20.0,4.0,20.0,4.0,24.0,0.67,,0.1824518756760124,0.21722409413444527,14.231246302728968,1.0,
1646,Q80VP1_S500___1,,0.42857969568745996,0.15626843731562684,0.6959989393582299,ACOS,24.0,16.0,22.0,16.0,22.0,24.0,0.75,,0.010293111274975088,0.04584415543625904,0.8028626794480569,1.0,
1647,Q80VP1_S418___1,,0.2795084971874739,0.5000149998500015,0.9204821588147755,ACOS,24.0,14.0,16.0,14.0,16.0,24.0,0.92,,0.06550881647134288,0.1205957757767903,5.1096876847647446,1.0,
1648,Q80VP1_S419___1,,0.18633899812498259,0.8125118748812512,0.9836522870292533,ACOS,24.0,16.0,22.0,16.0,22.0,24.0,0.75,,0.15703129585716225,0.19764355093531163,12.248441076858654,1.0,
1649,Q80W47_S395___1,,0.07453559924999303,0.984390156098439,0.9974177898103224,ACOS,24.0,14.0,14.0,14.0,14.0,24.0,0.0,,0.34358681309626693,0.3483244335568646,26.799771421508822,1.0,
1650,Q80WJ7_S297___1,,0.7826237921249268,1.3999860001399987E-4,0.06212637873621263,COS,24.0,8.0,20.0,8.0,20.0,24.0,0.5,,1.1774072260825224E-5,0.005835764267952787,9.183776363443675E-4,0.45518961290031734,
1651,Q80WJ7_S565___1,,0.46584749531245645,0.0937690623093769,0.5471579350140564,COS,24.0,8.0,20.0,8.0,20.0,24.0,0.5,,0.005920711107451196,0.03454832525336907,0.4618154663811933,1.0,
1652,Q80WJ7_S491___1,,0.503115294937453,0.06251937480625194,0.49060770476039084,ACOS,24.0,10.0,20.0,10.0,20.0,24.0,0.58,,0.0032820864904672107,0.025755486597607225,0.2560027462564424,1.0,
1653,Q80WT5_S151___1,,0.3540440964374669,0.3125168748312517,0.8386535601185869,ACOS,24.0,8.0,10.0,8.0,10.0,24.0,0.92,,0.027887169552556004,0.07848809381134579,2.175199225099368,1.0,
1654,Q80X41_S376___1,,0.24224069756247738,0.6250137498625014,0.9735791103627425,COS,24.0,20.0,8.0,20.0,8.0,24.0,0.5,,0.0953088004769263,0.14846178535828905,7.434086437200252,1.0,
1655,Q80X50_S879___1,,0.4099457958749617,0.18751812481875182,0.7309536040039274,ACOS,24.0,14.0,16.0,14.0,16.0,24.0,0.92,,0.013386385243419103,0.05218069745375196,1.04413804898669,1.0,
1656,Q80X50_S629___1,,0.18633899812498259,0.8125118748812512,0.9836522870292533,ACOS,24.0,14.0,14.0,14.0,14.0,24.0,0.0,,0.15703129585716225,0.19764355093531163,12.248441076858654,1.0,
1657,Q80X50_S487___1,,0.503115294937453,0.06251937480625194,0.49060770476039084,ACOS,24.0,14.0,4.0,14.0,4.0,24.0,0.42,,0.0032820864904672107,0.025755486597607225,0.2560027462564424,1.0,
1658,Q80X50_S497___1,,0.48448139512495475,0.07814921850781492,0.5245437011922015,ACOS,24.0,8.0,8.0,8.0,8.0,24.0,0.0,,0.004428713520216645,0.029725873473476612,0.3454396545768983,1.0,
1659,Q80X80_S703___1,,0.2236067977499791,0.6875131248687513,0.9836522870292533,ACOS,24.0,10.0,20.0,10.0,20.0,24.0,0.58,,0.11350807917025535,0.16368591139247143,8.853630175279918,1.0,
1660,Q80X80_S662___1,,0.3913118960624634,0.21876781232187678,0.7543227814475101,ACOS,24.0,4.0,14.0,4.0,14.0,24.0,0.58,,0.017251591034782986,0.059484382074478995,1.345624100713073,1.0,
1661,Q80X80_S613___1,,0.3167762968124704,0.37501624983750165,0.8386535601185869,COS,24.0,20.0,8.0,20.0,8.0,24.0,0.5,,0.04349923101882863,0.097277877884409,3.392940019468633,1.0,
1662,Q80X80_S411___1,,0.11180339887498955,0.937510624893751,0.9899167645530791,ACOS,24.0,8.0,8.0,8.0,8.0,24.0,0.0,,0.2729083801775865,0.2881637536165899,21.286853653851747,1.0,
1663,Q80X82_S1260___1,,0.20497289793748086,0.7500124998750013,0.9836522870292533,ACOS,24.0,10.0,20.0,10.0,20.0,24.0,0.58,,0.13405890065957154,0.18041889221405025,10.45659425144658,1.0,
1664,Q80X82_S1276___1,,0.37267799624996517,0.25001749982500177,0.783497463386022,ACOS,24.0,20.0,4.0,20.0,4.0,24.0,0.67,,0.02203270318362918,0.06904543509151728,1.718550848323076,1.0,
1665,Q80X90_S2478___1,,0.16770509831248434,0.8437615623843762,0.9836522870292533,ACOS,24.0,16.0,16.0,16.0,16.0,24.0,0.0,,0.1824518756760124,0.21722409413444527,14.231246302728968,1.0,
1666,Q80XA6_S119___1,,0.4099457958749617,0.18751812481875182,0.7309536040039274,COS,24.0,8.0,20.0,8.0,20.0,24.0,0.5,,0.013386385243419103,0.05218069745375196,1.04413804898669,1.0,
1667,Q80XC6_S54___1,,0.26087459737497565,0.5625143748562514,0.9536205028159013,ACOS,24.0,4.0,20.0,4.0,20.0,24.0,0.33,,0.07935437224874475,0.1345280400768894,6.189641035402091,1.0,
1668,Q80XI3_S1131___1,,0.2795084971874739,0.5000149998500015,0.9204821588147755,ACOS,24.0,4.0,0.0,4.0,0.0,24.0,0.17,,0.06550881647134288,0.1205957757767903,5.1096876847647446,1.0,
1669,Q80XI3_S1132___1,,0.3913118960624634,0.21876781232187678,0.7543227814475101,ACOS,24.0,4.0,20.0,4.0,20.0,24.0,0.33,,0.017251591034782986,0.059484382074478995,1.345624100713073,1.0,
1670,Q80XI3_S267___1,,0.20497289793748086,0.7500124998750013,0.9836522870292533,ACOS,24.0,20.0,4.0,20.0,4.0,24.0,0.67,,0.13405890065957154,0.18041889221405025,10.45659425144658,1.0,
1671,Q80XK6_S885___1,,0.42857969568745996,0.15626843731562684,0.6959989393582299,ACOS,24.0,4.0,20.0,4.0,20.0,24.0,0.33,,0.010293111274975088,0.04584415543625904,0.8028626794480569,1.0,
1672,Q80XK6_S496___1,,0.3540440964374669,0.3125168748312517,0.8386535601185869,ACOS,24.0,8.0,16.0,8.0,16.0,24.0,0.67,,0.027887169552556004,0.07848809381134579,2.175199225099368,1.0,
1673,Q80XK6_S1533___1,,0.5217491947499513,0.04689953100468995,0.4127676955274646,ACOS,24.0,10.0,4.0,10.0,4.0,24.0,0.25,,0.0024097615294134673,0.021208564178760516,0.18796139929425046,1.0,
1674,Q80XL6_S7___1,,0.3167762968124704,0.37501624983750165,0.8386535601185869,ACOS,24.0,10.0,2.0,10.0,2.0,24.0,0.33,,0.04349923101882863,0.097277877884409,3.392940019468633,1.0,
1675,Q80XL6_S212___1,,0.37267799624996517,0.25001749982500177,0.783497463386022,ACOS,24.0,10.0,2.0,10.0,2.0,24.0,0.33,,0.02203270318362918,0.06904543509151728,1.718550848323076,1.0,
1676,Q80Y55_S214___1,,0.46584749531245645,0.0937690623093769,0.5471579350140564,COS,24.0,8.0,20.0,8.0,20.0,24.0,0.5,,0.005920711107451196,0.03454832525336907,0.4618154663811933,1.0,
1677,Q80Y98_S447___1,,0.5217491947499513,0.04689953100468995,0.4127676955274646,ACOS,24.0,8.0,16.0,8.0,16.0,24.0,0.67,,0.0024097615294134673,0.021208564178760516,0.18796139929425046,1.0,
1678,Q80YR5_S95___1,,0.13043729868748782,0.9062609373906261,0.9836522870292533,ACOS,24.0,14.0,6.0,14.0,6.0,24.0,0.33,,0.24049416858204564,0.26103148572645835,18.75854514939956,1.0,
1679,Q80YR9_S667___1,,0.29814239699997214,0.43751562484375156,0.8852189547537208,ACOS,24.0,14.0,14.0,14.0,14.0,24.0,0.0,,0.05361444160464873,0.10847731432202215,4.181926445162601,1.0,
1680,Q80YV2_S62___1,,0.20497289793748086,0.7500124998750013,0.9836522870292533,ACOS,24.0,20.0,4.0,20.0,4.0,24.0,0.67,,0.13405890065957154,0.18041889221405025,10.45659425144658,1.0,
1681,Q80YV2_S394___1,,0.26087459737497565,0.5625143748562514,0.9536205028159013,ACOS,24.0,14.0,14.0,14.0,14.0,24.0,0.0,,0.07935437224874475,0.1345280400768894,6.189641035402091,1.0,
1682,Q80YV2_S353___1,,0.4472135954999582,0.12501874981250188,0.6403693519334903,COS,24.0,8.0,20.0,8.0,20.0,24.0,0.5,,0.007842546279573382,0.04017098464103022,0.6117186098067239,1.0,
1683,Q80YV3_S775___1,,0.577650894187446,0.015639843601563983,0.22997788483653625,COS,24.0,8.0,20.0,8.0,20.0,24.0,0.5,,9.015710203196908E-4,0.013257255095716316,0.07032253958493588,1.0,
1684,Q810A7_S96___1,,0.14907119849998607,0.8750112498875011,0.9836522870292533,ACOS,24.0,10.0,4.0,10.0,4.0,24.0,0.25,,0.21029812498078254,0.23917533062426458,16.403253748501037,1.0,
1685,Q811D0_S542___1,,0.16770509831248434,0.8437615623843762,0.9836522870292533,ACOS,24.0,14.0,14.0,14.0,14.0,24.0,0.0,,0.1824518756760124,0.21722409413444527,14.231246302728968,1.0,
1686,Q811D0_S586___1,,0.11180339887498955,0.937510624893751,0.9899167645530791,ACOS,24.0,10.0,4.0,10.0,4.0,24.0,0.25,,0.2729083801775865,0.2881637536165899,21.286853653851747,1.0,
1687,Q811S7_S393___1,,0.3913118960624634,0.21876781232187678,0.7543227814475101,ACOS,24.0,16.0,8.0,16.0,8.0,24.0,0.33,,0.017251591034782986,0.059484382074478995,1.345624100713073,1.0,
1688,Q812E0_S21___1,,0.07453559924999303,0.984390156098439,0.9974177898103224,ACOS,24.0,20.0,20.0,20.0,20.0,24.0,0.0,,0.34358681309626693,0.3483244335568646,26.799771421508822,1.0,
1689,Q8BFU3_S500___1,,0.24224069756247738,0.6250137498625014,0.9735791103627425,ACOS,24.0,10.0,2.0,10.0,2.0,24.0,0.33,,0.0953088004769263,0.14846178535828905,7.434086437200252,1.0,
1690,Q8BFW4_S89___1,,0.3913118960624634,0.21876781232187678,0.7543227814475101,ACOS,24.0,8.0,16.0,8.0,16.0,24.0,0.67,,0.017251591034782986,0.059484382074478995,1.345624100713073,1.0,
1691,Q8BFY9_S339___1,,0.29814239699997214,0.43751562484375156,0.8852189547537208,ACOS,24.0,4.0,20.0,4.0,20.0,24.0,0.33,,0.05361444160464873,0.10847731432202215,4.181926445162601,1.0,
1692,Q8BG30_S363___1,,0.5403830945624495,0.031269687303126965,0.31931161457616186,ACOS,24.0,12.0,20.0,12.0,20.0,24.0,0.67,,0.0017528052122483628,0.01789883784045924,0.1367188065553723,1.0,
1693,Q8BG32_S14___1,,0.6708203932499374,0.002949970500294997,0.1270081893775657,COS,24.0,8.0,20.0,8.0,20.0,24.0,0.5,,1.449047398848948E-4,0.006238736503692902,0.011302569711021794,0.4866214472880464,
1694,Q8BG67_S692___1,,0.13043729868748782,0.9062609373906261,0.9836522870292533,ACOS,24.0,14.0,16.0,14.0,16.0,24.0,0.92,,0.24049416858204564,0.26103148572645835,18.75854514939956,1.0,
1695,Q8BG73_S103___1,,0.37267799624996517,0.25001749982500177,0.783497463386022,ACOS,24.0,14.0,16.0,14.0,16.0,24.0,0.92,,0.02203270318362918,0.06904543509151728,1.718550848323076,1.0,
1696,Q8BG81_S127___1,,0.2795084971874739,0.5000149998500015,0.9204821588147755,ACOS,24.0,16.0,8.0,16.0,8.0,24.0,0.33,,0.06550881647134288,0.1205957757767903,5.1096876847647446,1.0,
1697,Q8BGB2_S690___1,,0.18633899812498259,0.8125118748812512,0.9836522870292533,ACOS,24.0,22.0,22.0,22.0,22.0,24.0,0.0,,0.15703129585716225,0.19764355093531163,12.248441076858654,1.0,
1698,Q8BGC0_S455___1,,0.09316949906249129,0.968760312396876,0.9974177898103224,ACOS,24.0,14.0,6.0,14.0,6.0,24.0,0.33,,0.30735312441432305,0.3173127201503672,23.973543704317198,1.0,
1699,Q8BGC0_S724___1,,0.16770509831248434,0.8437615623843762,0.9836522870292533,ACOS,24.0,18.0,12.0,18.0,12.0,24.0,0.25,,0.1824518756760124,0.21722409413444527,14.231246302728968,1.0,
1700,Q8BGC0_S388___1,,0.503115294937453,0.06251937480625194,0.49060770476039084,ACOS,24.0,4.0,20.0,4.0,20.0,24.0,0.33,,0.0032820864904672107,0.025755486597607225,0.2560027462564424,1.0,
1701,Q8BGC0_S645___1,,0.2236067977499791,0.6875131248687513,0.9836522870292533,ACOS,24.0,8.0,8.0,8.0,8.0,24.0,0.0,,0.11350807917025535,0.16368591139247143,8.853630175279918,1.0,
1702,Q8BGC0_S705___1,,0.13043729868748782,0.9062609373906261,0.9836522870292533,ACOS,24.0,22.0,22.0,22.0,22.0,24.0,0.0,,0.24049416858204564,0.26103148572645835,18.75854514939956,1.0,
1703,Q8BGD9_S283___1,,0.03726779962499652,0.998060019399806,0.9997391989244612,ACOS,24.0,20.0,22.0,20.0,22.0,24.0,0.92,,0.42021370096225497,0.42109483684181515,32.77666867505589,1.0,
1704,Q8BGD9_S207___1,,0.5217491947499513,0.04689953100468995,0.4127676955274646,ACOS,24.0,4.0,20.0,4.0,20.0,24.0,0.33,,0.0024097615294134673,0.021208564178760516,0.18796139929425046,1.0,
1705,Q8BGD9_S498___1,,0.2795084971874739,0.5000149998500015,0.9204821588147755,ACOS,24.0,20.0,14.0,20.0,14.0,24.0,0.25,,0.06550881647134288,0.1205957757767903,5.1096876847647446,1.0,
1706,Q8BGE6_S383___1,,0.503115294937453,0.06251937480625194,0.49060770476039084,ACOS,24.0,22.0,20.0,22.0,20.0,24.0,0.08,,0.0032820864904672107,0.025755486597607225,0.2560027462564424,1.0,
1707,Q8BGQ1_S119___1,,0.24224069756247738,0.6250137498625014,0.9735791103627425,COS,24.0,8.0,20.0,8.0,20.0,24.0,0.5,,0.0953088004769263,0.14846178535828905,7.434086437200252,1.0,
1708,Q8BGU5_S100___1,,0.2795084971874739,0.5000149998500015,0.9204821588147755,ACOS,24.0,10.0,6.0,10.0,6.0,24.0,0.17,,0.06550881647134288,0.1205957757767903,5.1096876847647446,1.0,
1709,Q8BGU5_S326___1,,0.14907119849998607,0.8750112498875011,0.9836522870292533,ACOS,24.0,10.0,6.0,10.0,6.0,24.0,0.17,,0.21029812498078254,0.23917533062426458,16.403253748501037,1.0,
1710,Q8BH57_S335___1,,0.29814239699997214,0.43751562484375156,0.8852189547537208,ACOS,24.0,10.0,2.0,10.0,2.0,24.0,0.33,,0.05361444160464873,0.10847731432202215,4.181926445162601,1.0,
1711,Q8BH64_S438___1,,0.16770509831248434,0.8437615623843762,0.9836522870292533,ACOS,24.0,2.0,2.0,2.0,2.0,24.0,0.0,,0.1824518756760124,0.21722409413444527,14.231246302728968,1.0,
1712,Q8BH64_S468___1,,0.3540440964374669,0.3125168748312517,0.8386535601185869,ACOS,24.0,16.0,8.0,16.0,8.0,24.0,0.33,,0.027887169552556004,0.07848809381134579,2.175199225099368,1.0,
1713,Q8BH65_S16___1,,0.16770509831248434,0.8437615623843762,0.9836522870292533,ACOS,24.0,10.0,2.0,10.0,2.0,24.0,0.33,,0.1824518756760124,0.21722409413444527,14.231246302728968,1.0,
1714,Q8BH74_S87___1,,0.14907119849998607,0.8750112498875011,0.9836522870292533,ACOS,24.0,20.0,4.0,20.0,4.0,24.0,0.67,,0.21029812498078254,0.23917533062426458,16.403253748501037,1.0,
1715,Q8BH74_S11___1,,0.48448139512495475,0.07814921850781492,0.5245437011922015,ACOS,24.0,22.0,22.0,22.0,22.0,24.0,0.0,,0.004428713520216645,0.029725873473476612,0.3454396545768983,1.0,
1716,Q8BHD7_S134___1,,0.2795084971874739,0.5000149998500015,0.9204821588147755,ACOS,24.0,22.0,22.0,22.0,22.0,24.0,0.0,,0.06550881647134288,0.1205957757767903,5.1096876847647446,1.0,
1717,Q8BHG1_S85___1,,0.4472135954999582,0.12501874981250188,0.6403693519334903,ACOS,24.0,20.0,4.0,20.0,4.0,24.0,0.67,,0.007842546279573382,0.04017098464103022,0.6117186098067239,1.0,
1718,Q8BHG1_S60___1,,0.4099457958749617,0.18751812481875182,0.7309536040039274,COS,24.0,2.0,14.0,2.0,14.0,24.0,0.5,,0.013386385243419103,0.05218069745375196,1.04413804898669,1.0,
1719,Q8BHG1_S74___1,,0.18633899812498259,0.8125118748812512,0.9836522870292533,ACOS,24.0,4.0,20.0,4.0,20.0,24.0,0.33,,0.15703129585716225,0.19764355093531163,12.248441076858654,1.0,
1720,Q8BHJ9_S215___1,,0.14907119849998607,0.8750112498875011,0.9836522870292533,ACOS,24.0,16.0,12.0,16.0,12.0,24.0,0.17,,0.21029812498078254,0.23917533062426458,16.403253748501037,1.0,
1721,Q8BHL8_S153___1,,0.48448139512495475,0.07814921850781492,0.5245437011922015,COS,24.0,20.0,8.0,20.0,8.0,24.0,0.5,,0.004428713520216645,0.029725873473476612,0.3454396545768983,1.0,
1722,Q8BHL8_S189___1,,0.2236067977499791,0.6875131248687513,0.9836522870292533,ACOS,24.0,10.0,4.0,10.0,4.0,24.0,0.25,,0.11350807917025535,0.16368591139247143,8.853630175279918,1.0,
1723,Q8BHN5_S199___1,,0.37267799624996517,0.25001749982500177,0.783497463386022,ACOS,24.0,20.0,4.0,20.0,4.0,24.0,0.67,,0.02203270318362918,0.06904543509151728,1.718550848323076,1.0,
1724,Q8BHZ4_S1202___1,,0.42857969568745996,0.15626843731562684,0.6959989393582299,ACOS,24.0,10.0,2.0,10.0,2.0,24.0,0.33,,0.010293111274975088,0.04584415543625904,0.8028626794480569,1.0,
1725,Q8BI08_S2___1,,0.20497289793748086,0.7500124998750013,0.9836522870292533,ACOS,24.0,10.0,4.0,10.0,4.0,24.0,0.25,,0.13405890065957154,0.18041889221405025,10.45659425144658,1.0,
1726,Q8BI84_S1915___1,,0.29814239699997214,0.43751562484375156,0.8852189547537208,COS,24.0,20.0,8.0,20.0,8.0,24.0,0.5,,0.05361444160464873,0.10847731432202215,4.181926445162601,1.0,
1727,Q8BI84_S1733___1,,0.6335525936249408,0.005879941200587994,0.1643288830269592,ACOS,24.0,4.0,20.0,4.0,20.0,24.0,0.33,,3.0978912629739484E-4,0.008657790845469297,0.0241635518511968,0.6753076859466053,
1728,Q8BI84_S537___1,,0.29814239699997214,0.43751562484375156,0.8852189547537208,ACOS,24.0,4.0,20.0,4.0,20.0,24.0,0.33,,0.05361444160464873,0.10847731432202215,4.181926445162601,1.0,
1729,Q8BI84_S1705___1,,0.11180339887498955,0.937510624893751,0.9899167645530791,ACOS,24.0,14.0,6.0,14.0,6.0,24.0,0.33,,0.2729083801775865,0.2881637536165899,21.286853653851747,1.0,
1730,Q8BI84_S1458___1,,0.2236067977499791,0.6875131248687513,0.9836522870292533,ACOS,24.0,10.0,8.0,10.0,8.0,24.0,0.08,,0.11350807917025535,0.16368591139247143,8.853630175279918,1.0,
1731,Q8BIK4_S936___1,,0.2795084971874739,0.5000149998500015,0.9204821588147755,ACOS,24.0,14.0,16.0,14.0,16.0,24.0,0.92,,0.06550881647134288,0.1205957757767903,5.1096876847647446,1.0,
1732,Q8BIK4_S178___1,,0.42857969568745996,0.15626843731562684,0.6959989393582299,ACOS,24.0,14.0,4.0,14.0,4.0,24.0,0.42,,0.010293111274975088,0.04584415543625904,0.8028626794480569,1.0,
1733,Q8BIQ5_S527___1,,0.26087459737497565,0.5625143748562514,0.9536205028159013,ACOS,24.0,16.0,22.0,16.0,22.0,24.0,0.75,,0.07935437224874475,0.1345280400768894,6.189641035402091,1.0,
1734,Q8BJ05_S309___1,,0.48448139512495475,0.07814921850781492,0.5245437011922015,ACOS,24.0,14.0,16.0,14.0,16.0,24.0,0.92,,0.004428713520216645,0.029725873473476612,0.3454396545768983,1.0,
1735,Q8BJ05_S85___1,,0.11180339887498955,0.937510624893751,0.9899167645530791,ACOS,24.0,14.0,14.0,14.0,14.0,24.0,0.0,,0.2729083801775865,0.2881637536165899,21.286853653851747,1.0,
1736,Q8BJ34_S1091___1,,0.2795084971874739,0.5000149998500015,0.9204821588147755,ACOS,24.0,8.0,18.0,8.0,18.0,24.0,0.58,,0.06550881647134288,0.1205957757767903,5.1096876847647446,1.0,
1737,Q8BK03_S224___1,,0.6335525936249408,0.005879941200587994,0.1643288830269592,ACOS,24.0,14.0,4.0,14.0,4.0,24.0,0.42,,3.0978912629739484E-4,0.008657790845469297,0.0241635518511968,0.6753076859466053,
1738,Q8BK03_S228___1,,0.4472135954999582,0.12501874981250188,0.6403693519334903,ACOS,24.0,14.0,4.0,14.0,4.0,24.0,0.42,,0.007842546279573382,0.04017098464103022,0.6117186098067239,1.0,
1739,Q8BK03_S276___1,,0.3913118960624634,0.21876781232187678,0.7543227814475101,COS,24.0,14.0,2.0,14.0,2.0,24.0,0.5,,0.017251591034782986,0.059484382074478995,1.345624100713073,1.0,
1740,Q8BK48_S552___1,,0.07453559924999303,0.984390156098439,0.9974177898103224,ACOS,24.0,14.0,14.0,14.0,14.0,24.0,0.0,,0.34358681309626693,0.3483244335568646,26.799771421508822,1.0,
1741,Q8BKC5_S827___1,,0.3167762968124704,0.37501624983750165,0.8386535601185869,ACOS,24.0,8.0,8.0,8.0,8.0,24.0,0.0,,0.04349923101882863,0.097277877884409,3.392940019468633,1.0,
1742,Q8BKC8_S413___1,,0.16770509831248434,0.8437615623843762,0.9836522870292533,ACOS,24.0,4.0,14.0,4.0,14.0,24.0,0.58,,0.1824518756760124,0.21722409413444527,14.231246302728968,1.0,
1743,Q8BKI2_S913___1,,0.18633899812498259,0.8125118748812512,0.9836522870292533,ACOS,24.0,14.0,6.0,14.0,6.0,24.0,0.33,,0.15703129585716225,0.19764355093531163,12.248441076858654,1.0,
1744,Q8BKI2_S1793___1,,0.3167762968124704,0.37501624983750165,0.8386535601185869,ACOS,24.0,14.0,14.0,14.0,14.0,24.0,0.0,,0.04349923101882863,0.097277877884409,3.392940019468633,1.0,
1745,Q8BKX1_S367___1,,0.4472135954999582,0.12501874981250188,0.6403693519334903,COS,24.0,8.0,20.0,8.0,20.0,24.0,0.5,,0.007842546279573382,0.04017098464103022,0.6117186098067239,1.0,
1746,Q8BL66_S52___1,,0.29814239699997214,0.43751562484375156,0.8852189547537208,ACOS,24.0,10.0,20.0,10.0,20.0,24.0,0.58,,0.05361444160464873,0.10847731432202215,4.181926445162601,1.0,
1747,Q8BLK9_S634___1,,0.26087459737497565,0.5625143748562514,0.9536205028159013,ACOS,24.0,20.0,10.0,20.0,10.0,24.0,0.42,,0.07935437224874475,0.1345280400768894,6.189641035402091,1.0,
1748,Q8BLK9_S658___1,,0.2236067977499791,0.6875131248687513,0.9836522870292533,ACOS,24.0,20.0,0.0,20.0,0.0,24.0,0.83,,0.11350807917025535,0.16368591139247143,8.853630175279918,1.0,
1749,Q8BLK9_S661___1,,0.4099457958749617,0.18751812481875182,0.7309536040039274,COS,24.0,20.0,8.0,20.0,8.0,24.0,0.5,,0.013386385243419103,0.05218069745375196,1.04413804898669,1.0,
1750,Q8BLK9_S281___1,,0.09316949906249129,0.968760312396876,0.9974177898103224,ACOS,24.0,8.0,8.0,8.0,8.0,24.0,0.0,,0.30735312441432305,0.3173127201503672,23.973543704317198,1.0,
1751,Q8BMA6_S625___1,,0.2236067977499791,0.6875131248687513,0.9836522870292533,ACOS,24.0,10.0,8.0,10.0,8.0,24.0,0.08,,0.11350807917025535,0.16368591139247143,8.853630175279918,1.0,
1752,Q8BMI0_S746___1,,0.13043729868748782,0.9062609373906261,0.9836522870292533,ACOS,24.0,22.0,20.0,22.0,20.0,24.0,0.08,,0.24049416858204564,0.26103148572645835,18.75854514939956,1.0,
1753,Q8BML9_S70___1,,0.3354101966249687,0.34376656233437664,0.8386535601185869,ACOS,24.0,16.0,12.0,16.0,12.0,24.0,0.17,,0.03498372787327912,0.08730403942892999,2.7287307741157716,1.0,
1754,Q8BMQ2_S17___1,,0.3167762968124704,0.37501624983750165,0.8386535601185869,ACOS,24.0,10.0,2.0,10.0,2.0,24.0,0.33,,0.04349923101882863,0.097277877884409,3.392940019468633,1.0,
1755,Q8BMQ2_S607___1,,0.29814239699997214,0.43751562484375156,0.8852189547537208,ACOS,24.0,10.0,4.0,10.0,4.0,24.0,0.25,,0.05361444160464873,0.10847731432202215,4.181926445162601,1.0,
1756,Q8BMS1_S643___1,,0.13043729868748782,0.9062609373906261,0.9836522870292533,ACOS,24.0,20.0,4.0,20.0,4.0,24.0,0.67,,0.24049416858204564,0.26103148572645835,18.75854514939956,1.0,
1757,Q8BP27_S67___1,,0.42857969568745996,0.15626843731562684,0.6959989393582299,COS,24.0,14.0,2.0,14.0,2.0,24.0,0.5,,0.010293111274975088,0.04584415543625904,0.8028626794480569,1.0,
1758,Q8BPM0_S1026___1,,0.24224069756247738,0.6250137498625014,0.9735791103627425,ACOS,24.0,20.0,4.0,20.0,4.0,24.0,0.67,,0.0953088004769263,0.14846178535828905,7.434086437200252,1.0,
1759,Q8BPM2_S433___1,,0.26087459737497565,0.5625143748562514,0.9536205028159013,ACOS,24.0,8.0,10.0,8.0,10.0,24.0,0.92,,0.07935437224874475,0.1345280400768894,6.189641035402091,1.0,
1760,Q8BPM2_S335___1,,0.13043729868748782,0.9062609373906261,0.9836522870292533,ACOS,24.0,14.0,14.0,14.0,14.0,24.0,0.0,,0.24049416858204564,0.26103148572645835,18.75854514939956,1.0,
1761,Q8BQ47_S64___1,,0.16770509831248434,0.8437615623843762,0.9836522870292533,ACOS,24.0,4.0,4.0,4.0,4.0,24.0,0.0,,0.1824518756760124,0.21722409413444527,14.231246302728968,1.0,
1762,Q8BQM4_S144___1,,0.24224069756247738,0.6250137498625014,0.9735791103627425,ACOS,24.0,14.0,14.0,14.0,14.0,24.0,0.0,,0.0953088004769263,0.14846178535828905,7.434086437200252,1.0,
1763,Q8BQM4_S15___1,,0.2795084971874739,0.5000149998500015,0.9204821588147755,ACOS,24.0,16.0,8.0,16.0,8.0,24.0,0.33,,0.06550881647134288,0.1205957757767903,5.1096876847647446,1.0,
1764,Q8BRF7_S300___1,,0.09316949906249129,0.968760312396876,0.9974177898103224,ACOS,24.0,14.0,14.0,14.0,14.0,24.0,0.0,,0.30735312441432305,0.3173127201503672,23.973543704317198,1.0,
1765,Q8BRK8_S377___1,,0.24224069756247738,0.6250137498625014,0.9735791103627425,ACOS,24.0,16.0,8.0,16.0,8.0,24.0,0.33,,0.0953088004769263,0.14846178535828905,7.434086437200252,1.0,
1766,Q8BRT1_S20___1,,0.20497289793748086,0.7500124998750013,0.9836522870292533,ACOS,24.0,10.0,2.0,10.0,2.0,24.0,0.33,,0.13405890065957154,0.18041889221405025,10.45659425144658,1.0,
1767,Q8BRT1_S376___1,,0.2795084971874739,0.5000149998500015,0.9204821588147755,ACOS,24.0,10.0,4.0,10.0,4.0,24.0,0.25,,0.06550881647134288,0.1205957757767903,5.1096876847647446,1.0,
1768,Q8BRT1_S333___1,,0.503115294937453,0.06251937480625194,0.49060770476039084,ACOS,24.0,20.0,14.0,20.0,14.0,24.0,0.25,,0.0032820864904672107,0.025755486597607225,0.2560027462564424,1.0,
1769,Q8BSE0_S51___1,,0.37267799624996517,0.25001749982500177,0.783497463386022,ACOS,24.0,8.0,16.0,8.0,16.0,24.0,0.67,,0.02203270318362918,0.06904543509151728,1.718550848323076,1.0,
1770,Q8BSE0_S142___1,,0.2795084971874739,0.5000149998500015,0.9204821588147755,ACOS,24.0,14.0,14.0,14.0,14.0,24.0,0.0,,0.06550881647134288,0.1205957757767903,5.1096876847647446,1.0,
1771,Q8BSM7_S398___1,,0.18633899812498259,0.8125118748812512,0.9836522870292533,ACOS,24.0,16.0,22.0,16.0,22.0,24.0,0.75,,0.15703129585716225,0.19764355093531163,12.248441076858654,1.0,
1772,Q8BSM7_S265___1,,0.16770509831248434,0.8437615623843762,0.9836522870292533,ACOS,24.0,16.0,22.0,16.0,22.0,24.0,0.75,,0.1824518756760124,0.21722409413444527,14.231246302728968,1.0,
1773,Q8BSM7_S267___1,,0.16770509831248434,0.8437615623843762,0.9836522870292533,ACOS,24.0,16.0,22.0,16.0,22.0,24.0,0.75,,0.1824518756760124,0.21722409413444527,14.231246302728968,1.0,
1774,Q8BSQ9_S498___1,,0.4099457958749617,0.18751812481875182,0.7309536040039274,ACOS,24.0,10.0,2.0,10.0,2.0,24.0,0.33,,0.013386385243419103,0.05218069745375196,1.04413804898669,1.0,
1775,Q8BSQ9_S39___1,,0.24224069756247738,0.6250137498625014,0.9735791103627425,ACOS,24.0,10.0,4.0,10.0,4.0,24.0,0.25,,0.0953088004769263,0.14846178535828905,7.434086437200252,1.0,
1776,Q8BTI8_S1269___1,,0.26087459737497565,0.5625143748562514,0.9536205028159013,ACOS,24.0,14.0,4.0,14.0,4.0,24.0,0.42,,0.07935437224874475,0.1345280400768894,6.189641035402091,1.0,
1777,Q8BTI8_S1276___1,,0.2236067977499791,0.6875131248687513,0.9836522870292533,ACOS,24.0,14.0,6.0,14.0,6.0,24.0,0.33,,0.11350807917025535,0.16368591139247143,8.853630175279918,1.0,
1778,Q8BTI8_S1278___1,,0.16770509831248434,0.8437615623843762,0.9836522870292533,ACOS,24.0,16.0,22.0,16.0,22.0,24.0,0.75,,0.1824518756760124,0.21722409413444527,14.231246302728968,1.0,
1779,Q8BTI8_S2084___1,,0.16770509831248434,0.8437615623843762,0.9836522870292533,ACOS,24.0,14.0,6.0,14.0,6.0,24.0,0.33,,0.1824518756760124,0.21722409413444527,14.231246302728968,1.0,
1780,Q8BTI8_S1151___1,,0.42857969568745996,0.15626843731562684,0.6959989393582299,COS,24.0,20.0,8.0,20.0,8.0,24.0,0.5,,0.010293111274975088,0.04584415543625904,0.8028626794480569,1.0,
1781,Q8BTI8_S1038___1,,0.26087459737497565,0.5625143748562514,0.9536205028159013,ACOS,24.0,14.0,6.0,14.0,6.0,24.0,0.33,,0.07935437224874475,0.1345280400768894,6.189641035402091,1.0,
1782,Q8BTI8_S1048___1,,0.20497289793748086,0.7500124998750013,0.9836522870292533,ACOS,24.0,16.0,22.0,16.0,22.0,24.0,0.75,,0.13405890065957154,0.18041889221405025,10.45659425144658,1.0,
1783,Q8BTI8_S2335___1,,0.13043729868748782,0.9062609373906261,0.9836522870292533,ACOS,24.0,20.0,22.0,20.0,22.0,24.0,0.92,,0.24049416858204564,0.26103148572645835,18.75854514939956,1.0,
1784,Q8BTI8_S2075___1,,0.29814239699997214,0.43751562484375156,0.8852189547537208,ACOS,24.0,20.0,0.0,20.0,0.0,24.0,0.83,,0.05361444160464873,0.10847731432202215,4.181926445162601,1.0,
1785,Q8BTI8_S2404___1,,0.14907119849998607,0.8750112498875011,0.9836522870292533,ACOS,24.0,8.0,8.0,8.0,8.0,24.0,0.0,,0.21029812498078254,0.23917533062426458,16.403253748501037,1.0,
1786,Q8BTI8_S1305___1,,0.18633899812498259,0.8125118748812512,0.9836522870292533,ACOS,24.0,8.0,8.0,8.0,8.0,24.0,0.0,,0.15703129585716225,0.19764355093531163,12.248441076858654,1.0,
1787,Q8BTI8_S2535___1,,0.29814239699997214,0.43751562484375156,0.8852189547537208,ACOS,24.0,20.0,10.0,20.0,10.0,24.0,0.42,,0.05361444160464873,0.10847731432202215,4.181926445162601,1.0,
1788,Q8BTI8_S1216___1,,0.16770509831248434,0.8437615623843762,0.9836522870292533,COS,24.0,14.0,2.0,14.0,2.0,24.0,0.5,,0.1824518756760124,0.21722409413444527,14.231246302728968,1.0,
1789,Q8BTI8_S1179___1,,0.055901699437494776,0.99220007799922,0.9974177898103224,ACOS,24.0,20.0,4.0,20.0,4.0,24.0,0.67,,0.3813183256938952,0.38332357561866326,29.742829404123825,1.0,
1790,Q8BTI8_S1508___1,,0.3354101966249687,0.34376656233437664,0.8386535601185869,ACOS,24.0,20.0,4.0,20.0,4.0,24.0,0.67,,0.03498372787327912,0.08730403942892999,2.7287307741157716,1.0,
1791,Q8BTI8_S984___1,,0.24224069756247738,0.6250137498625014,0.9735791103627425,ACOS,24.0,22.0,22.0,22.0,22.0,24.0,0.0,,0.0953088004769263,0.14846178535828905,7.434086437200252,1.0,
1792,Q8BTI8_S375___1,,0.24224069756247738,0.6250137498625014,0.9735791103627425,COS,24.0,14.0,2.0,14.0,2.0,24.0,0.5,,0.0953088004769263,0.14846178535828905,7.434086437200252,1.0,
1793,Q8BTI8_S2224___1,,0.48448139512495475,0.07814921850781492,0.5245437011922015,ACOS,24.0,8.0,16.0,8.0,16.0,24.0,0.67,,0.004428713520216645,0.029725873473476612,0.3454396545768983,1.0,
1794,Q8BTI8_S1360___1,,0.14907119849998607,0.8750112498875011,0.9836522870292533,ACOS,24.0,20.0,4.0,20.0,4.0,24.0,0.67,,0.21029812498078254,0.23917533062426458,16.403253748501037,1.0,
1795,Q8BTM8_S2152___1,,0.3354101966249687,0.34376656233437664,0.8386535601185869,ACOS,24.0,14.0,18.0,14.0,18.0,24.0,0.83,,0.03498372787327912,0.08730403942892999,2.7287307741157716,1.0,
1796,Q8BTM8_S20___1,,0.20497289793748086,0.7500124998750013,0.9836522870292533,ACOS,24.0,12.0,20.0,12.0,20.0,24.0,0.67,,0.13405890065957154,0.18041889221405025,10.45659425144658,1.0,
1797,Q8BTM8_S2327___1,,0.11180339887498955,0.937510624893751,0.9899167645530791,ACOS,24.0,16.0,22.0,16.0,22.0,24.0,0.75,,0.2729083801775865,0.2881637536165899,21.286853653851747,1.0,
1798,Q8BTM8_S2329___1,,0.26087459737497565,0.5625143748562514,0.9536205028159013,ACOS,24.0,16.0,16.0,16.0,16.0,24.0,0.0,,0.07935437224874475,0.1345280400768894,6.189641035402091,1.0,
1799,Q8BTY2_S960___1,,0.4099457958749617,0.18751812481875182,0.7309536040039274,ACOS,24.0,4.0,20.0,4.0,20.0,24.0,0.33,,0.013386385243419103,0.05218069745375196,1.04413804898669,1.0,
1800,Q8BTY2_S238___1,,0.42857969568745996,0.15626843731562684,0.6959989393582299,ACOS,24.0,4.0,20.0,4.0,20.0,24.0,0.33,,0.010293111274975088,0.04584415543625904,0.8028626794480569,1.0,
1801,Q8BU04_S265___1,,0.3540440964374669,0.3125168748312517,0.8386535601185869,ACOS,24.0,8.0,16.0,8.0,16.0,24.0,0.67,,0.027887169552556004,0.07848809381134579,2.175199225099368,1.0,
1802,Q8BUR4_S1858___1,,0.13043729868748782,0.9062609373906261,0.9836522870292533,ACOS,24.0,16.0,22.0,16.0,22.0,24.0,0.75,,0.24049416858204564,0.26103148572645835,18.75854514939956,1.0,
1803,Q8BUV8_S537___1,,0.29814239699997214,0.43751562484375156,0.8852189547537208,ACOS,24.0,20.0,4.0,20.0,4.0,24.0,0.67,,0.05361444160464873,0.10847731432202215,4.181926445162601,1.0,
1804,Q8BVD5_S409___1,,0.18633899812498259,0.8125118748812512,0.9836522870292533,ACOS,24.0,10.0,2.0,10.0,2.0,24.0,0.33,,0.15703129585716225,0.19764355093531163,12.248441076858654,1.0,
1805,Q8BVF2_S65___1,,0.2795084971874739,0.5000149998500015,0.9204821588147755,ACOS,24.0,10.0,2.0,10.0,2.0,24.0,0.33,,0.06550881647134288,0.1205957757767903,5.1096876847647446,1.0,
1806,Q8BVI4_S56___1,,0.2236067977499791,0.6875131248687513,0.9836522870292533,ACOS,24.0,10.0,4.0,10.0,4.0,24.0,0.25,,0.11350807917025535,0.16368591139247143,8.853630175279918,1.0,
1807,Q8BVI5_S41___1,,0.503115294937453,0.06251937480625194,0.49060770476039084,COS,24.0,8.0,20.0,8.0,20.0,24.0,0.5,,0.0032820864904672107,0.025755486597607225,0.2560027462564424,1.0,
1808,Q8BVR6_S50___1,,0.2236067977499791,0.6875131248687513,0.9836522870292533,COS,24.0,20.0,8.0,20.0,8.0,24.0,0.5,,0.11350807917025535,0.16368591139247143,8.853630175279918,1.0,
1809,Q8BVY0_S8___1,,0.2236067977499791,0.6875131248687513,0.9836522870292533,ACOS,24.0,14.0,6.0,14.0,6.0,24.0,0.33,,0.11350807917025535,0.16368591139247143,8.853630175279918,1.0,
1810,Q8BVZ1_S292___1,,0.6335525936249408,0.005879941200587994,0.1643288830269592,ACOS,24.0,16.0,22.0,16.0,22.0,24.0,0.75,,3.0978912629739484E-4,0.008657790845469297,0.0241635518511968,0.6753076859466053,
1811,Q8BVZ1_S163___1,,0.46584749531245645,0.0937690623093769,0.5471579350140564,ACOS,24.0,10.0,20.0,10.0,20.0,24.0,0.58,,0.005920711107451196,0.03454832525336907,0.4618154663811933,1.0,
1812,Q8BWS5_S466___1,,0.2236067977499791,0.6875131248687513,0.9836522870292533,ACOS,24.0,14.0,16.0,14.0,16.0,24.0,0.92,,0.11350807917025535,0.16368591139247143,8.853630175279918,1.0,
1813,Q8BWS5_S359___1,,0.46584749531245645,0.0937690623093769,0.5471579350140564,ACOS,24.0,12.0,20.0,12.0,20.0,24.0,0.67,,0.005920711107451196,0.03454832525336907,0.4618154663811933,1.0,
1814,Q8BWS5_S327___1,,0.2236067977499791,0.6875131248687513,0.9836522870292533,ACOS,24.0,14.0,4.0,14.0,4.0,24.0,0.42,,0.11350807917025535,0.16368591139247143,8.853630175279918,1.0,
1815,Q8BWT1_S28___1,,0.4472135954999582,0.12501874981250188,0.6403693519334903,ACOS,24.0,14.0,16.0,14.0,16.0,24.0,0.92,,0.007842546279573382,0.04017098464103022,0.6117186098067239,1.0,
1816,Q8BWW4_S717___1,,0.24224069756247738,0.6250137498625014,0.9735791103627425,ACOS,24.0,22.0,16.0,22.0,16.0,24.0,0.25,,0.0953088004769263,0.14846178535828905,7.434086437200252,1.0,
1817,Q8BWW4_S69___1,,0.4099457958749617,0.18751812481875182,0.7309536040039274,ACOS,24.0,14.0,16.0,14.0,16.0,24.0,0.92,,0.013386385243419103,0.05218069745375196,1.04413804898669,1.0,
1818,Q8BWW4_S626___1,,0.16770509831248434,0.8437615623843762,0.9836522870292533,ACOS,24.0,14.0,16.0,14.0,16.0,24.0,0.92,,0.1824518756760124,0.21722409413444527,14.231246302728968,1.0,
1819,Q8BWW9_S582___1,,0.4472135954999582,0.12501874981250188,0.6403693519334903,ACOS,24.0,10.0,2.0,10.0,2.0,24.0,0.33,,0.007842546279573382,0.04017098464103022,0.6117186098067239,1.0,
1820,Q8BWW9_S619___1,,0.5590169943749478,0.023459765402345976,0.28673713262867373,COS,24.0,8.0,20.0,8.0,20.0,24.0,0.5,,0.0012630300532244254,0.015437392901175266,0.09851634415150518,1.0,
1821,Q8BWW9_S305___1,,0.055901699437494776,0.99220007799922,0.9974177898103224,ACOS,24.0,14.0,14.0,14.0,14.0,24.0,0.0,,0.3813183256938952,0.38332357561866326,29.742829404123825,1.0,
1822,Q8BX02_S83___1,,0.20497289793748086,0.7500124998750013,0.9836522870292533,ACOS,24.0,8.0,10.0,8.0,10.0,24.0,0.92,,0.13405890065957154,0.18041889221405025,10.45659425144658,1.0,
1823,Q8BX17_S1414___1,,0.3167762968124704,0.37501624983750165,0.8386535601185869,ACOS,24.0,22.0,22.0,22.0,22.0,24.0,0.0,,0.04349923101882863,0.097277877884409,3.392940019468633,1.0,
1824,Q8BX70_S736___1,,0.20497289793748086,0.7500124998750013,0.9836522870292533,ACOS,24.0,16.0,16.0,16.0,16.0,24.0,0.0,,0.13405890065957154,0.18041889221405025,10.45659425144658,1.0,
1825,Q8BX90_S213___1,,0.5217491947499513,0.04689953100468995,0.4127676955274646,ACOS,24.0,2.0,10.0,2.0,10.0,24.0,0.67,,0.0024097615294134673,0.021208564178760516,0.18796139929425046,1.0,
1826,Q8BXA1_S328___1,,0.3540440964374669,0.3125168748312517,0.8386535601185869,ACOS,24.0,22.0,22.0,22.0,22.0,24.0,0.0,,0.027887169552556004,0.07848809381134579,2.175199225099368,1.0,
1827,Q8BXA1_S540___1,,0.3167762968124704,0.37501624983750165,0.8386535601185869,ACOS,24.0,10.0,20.0,10.0,20.0,24.0,0.58,,0.04349923101882863,0.097277877884409,3.392940019468633,1.0,
1828,Q8BXB6_S21___1,,0.6521864934374391,0.003919960800391996,0.13674082237279817,ACOS,24.0,22.0,8.0,22.0,8.0,24.0,0.58,,2.1288795232688796E-4,0.007426215504891954,0.01660526028149726,0.5792448093815723,
1829,Q8BXN7_S248___1,,0.3540440964374669,0.3125168748312517,0.8386535601185869,ACOS,24.0,8.0,8.0,8.0,8.0,24.0,0.0,,0.027887169552556004,0.07848809381134579,2.175199225099368,1.0,
1830,Q8BXN9_S540___1,,0.20497289793748086,0.7500124998750013,0.9836522870292533,ACOS,24.0,20.0,10.0,20.0,10.0,24.0,0.42,,0.13405890065957154,0.18041889221405025,10.45659425144658,1.0,
1831,Q8BY87_S945___1,,0.2795084971874739,0.5000149998500015,0.9204821588147755,ACOS,24.0,10.0,4.0,10.0,4.0,24.0,0.25,,0.06550881647134288,0.1205957757767903,5.1096876847647446,1.0,
1832,Q8BY87_S918___1,,0.3354101966249687,0.34376656233437664,0.8386535601185869,ACOS,24.0,10.0,4.0,10.0,4.0,24.0,0.25,,0.03498372787327912,0.08730403942892999,2.7287307741157716,1.0,
1833,Q8BY87_S921___1,,0.2236067977499791,0.6875131248687513,0.9836522870292533,ACOS,24.0,12.0,20.0,12.0,20.0,24.0,0.67,,0.11350807917025535,0.16368591139247143,8.853630175279918,1.0,
1834,Q8BY87_S832___1,,0.37267799624996517,0.25001749982500177,0.783497463386022,ACOS,24.0,10.0,2.0,10.0,2.0,24.0,0.33,,0.02203270318362918,0.06904543509151728,1.718550848323076,1.0,
1835,Q8BYC6_S324___1,,0.3913118960624634,0.21876781232187678,0.7543227814475101,ACOS,24.0,20.0,4.0,20.0,4.0,24.0,0.67,,0.017251591034782986,0.059484382074478995,1.345624100713073,1.0,
1836,Q8BZF8_S122___1,,0.2236067977499791,0.6875131248687513,0.9836522870292533,ACOS,24.0,14.0,14.0,14.0,14.0,24.0,0.0,,0.11350807917025535,0.16368591139247143,8.853630175279918,1.0,
1837,Q8BZQ7_S549___1,,0.26087459737497565,0.5625143748562514,0.9536205028159013,ACOS,24.0,20.0,12.0,20.0,12.0,24.0,0.33,,0.07935437224874475,0.1345280400768894,6.189641035402091,1.0,
1838,Q8BZQ7_S485___1,,0.2236067977499791,0.6875131248687513,0.9836522870292533,ACOS,24.0,20.0,20.0,20.0,20.0,24.0,0.0,,0.11350807917025535,0.16368591139247143,8.853630175279918,1.0,
1839,Q8C052_S462___1,,0.4099457958749617,0.18751812481875182,0.7309536040039274,ACOS,24.0,16.0,8.0,16.0,8.0,24.0,0.33,,0.013386385243419103,0.05218069745375196,1.04413804898669,1.0,
1840,Q8C079_S335___1,,0.26087459737497565,0.5625143748562514,0.9536205028159013,ACOS,24.0,2.0,10.0,2.0,10.0,24.0,0.67,,0.07935437224874475,0.1345280400768894,6.189641035402091,1.0,
1841,Q8C0D4_S213___1,,0.20497289793748086,0.7500124998750013,0.9836522870292533,ACOS,24.0,8.0,8.0,8.0,8.0,24.0,0.0,,0.13405890065957154,0.18041889221405025,10.45659425144658,1.0,
1842,Q8C0D4_S101___1,,0.4099457958749617,0.18751812481875182,0.7309536040039274,ACOS,24.0,4.0,14.0,4.0,14.0,24.0,0.58,,0.013386385243419103,0.05218069745375196,1.04413804898669,1.0,
1843,Q8C0D4_S199___1,,0.2795084971874739,0.5000149998500015,0.9204821588147755,COS,24.0,20.0,8.0,20.0,8.0,24.0,0.5,,0.06550881647134288,0.1205957757767903,5.1096876847647446,1.0,
1844,Q8C0D4_S584___1,,0.2236067977499791,0.6875131248687513,0.9836522870292533,ACOS,24.0,16.0,8.0,16.0,8.0,24.0,0.33,,0.11350807917025535,0.16368591139247143,8.853630175279918,1.0,
1845,Q8C0D5_S474___1,,0.2236067977499791,0.6875131248687513,0.9836522870292533,ACOS,24.0,8.0,8.0,8.0,8.0,24.0,0.0,,0.11350807917025535,0.16368591139247143,8.853630175279918,1.0,
1846,Q8C0J2_S278___1,,0.5962847939999443,0.011739882601173987,0.2093466378769048,ACOS,24.0,8.0,16.0,8.0,16.0,24.0,0.67,,6.374983385533969E-4,0.011367927462487626,0.04972487040716496,0.8866983420740349,
1847,Q8C0Q2_S941___1,,0.20497289793748086,0.7500124998750013,0.9836522870292533,ACOS,24.0,12.0,20.0,12.0,20.0,24.0,0.67,,0.13405890065957154,0.18041889221405025,10.45659425144658,1.0,
1848,Q8C0Q2_S703___1,,0.13043729868748782,0.9062609373906261,0.9836522870292533,ACOS,24.0,16.0,16.0,16.0,16.0,24.0,0.0,,0.24049416858204564,0.26103148572645835,18.75854514939956,1.0,
1849,Q8C0T5_S255___1,,0.6149186938124426,0.007829921700782993,0.17567697562460996,ACOS,24.0,2.0,18.0,2.0,18.0,24.0,0.33,,4.465174392780171E-4,0.010018341982674385,0.03482836026368533,0.7814306746486018,
1850,Q8C0T5_S1528___1,,0.09316949906249129,0.968760312396876,0.9974177898103224,ACOS,24.0,20.0,20.0,20.0,20.0,24.0,0.0,,0.30735312441432305,0.3173127201503672,23.973543704317198,1.0,
1851,Q8C0T5_S318___1,,0.2236067977499791,0.6875131248687513,0.9836522870292533,ACOS,24.0,8.0,10.0,8.0,10.0,24.0,0.92,,0.11350807917025535,0.16368591139247143,8.853630175279918,1.0,
1852,Q8C0T5_S1564___1,,0.09316949906249129,0.968760312396876,0.9974177898103224,ACOS,24.0,22.0,16.0,22.0,16.0,24.0,0.25,,0.30735312441432305,0.3173127201503672,23.973543704317198,1.0,
1853,Q8C0Y0_S777___1,,0.4472135954999582,0.12501874981250188,0.6403693519334903,ACOS,24.0,4.0,14.0,4.0,14.0,24.0,0.58,,0.007842546279573382,0.04017098464103022,0.6117186098067239,1.0,
1854,Q8C0Z1_S21___1,,0.2236067977499791,0.6875131248687513,0.9836522870292533,ACOS,24.0,12.0,18.0,12.0,18.0,24.0,0.75,,0.11350807917025535,0.16368591139247143,8.853630175279918,1.0,
1855,Q8C129_S51___1,,0.18633899812498259,0.8125118748812512,0.9836522870292533,ACOS,24.0,20.0,20.0,20.0,20.0,24.0,0.0,,0.15703129585716225,0.19764355093531163,12.248441076858654,1.0,
1856,Q8C142_S14___1,,0.5590169943749478,0.023459765402345976,0.28673713262867373,ACOS,24.0,4.0,14.0,4.0,14.0,24.0,0.58,,0.0012630300532244254,0.015437392901175266,0.09851634415150518,1.0,
1857,Q8C147_S905___1,,0.07453559924999303,0.984390156098439,0.9974177898103224,ACOS,24.0,22.0,16.0,22.0,16.0,24.0,0.25,,0.34358681309626693,0.3483244335568646,26.799771421508822,1.0,
1858,Q8C196_S1090___1,,0.3354101966249687,0.34376656233437664,0.8386535601185869,ACOS,24.0,20.0,4.0,20.0,4.0,24.0,0.67,,0.03498372787327912,0.08730403942892999,2.7287307741157716,1.0,
1859,Q8C196_S1431___1,,0.4099457958749617,0.18751812481875182,0.7309536040039274,ACOS,24.0,4.0,20.0,4.0,20.0,24.0,0.33,,0.013386385243419103,0.05218069745375196,1.04413804898669,1.0,
1860,Q8C196_S896___1,,0.11180339887498955,0.937510624893751,0.9899167645530791,ACOS,24.0,14.0,14.0,14.0,14.0,24.0,0.0,,0.2729083801775865,0.2881637536165899,21.286853653851747,1.0,
1861,Q8C196_S898___1,,0.055901699437494776,0.99220007799922,0.9974177898103224,ACOS,24.0,20.0,12.0,20.0,12.0,24.0,0.33,,0.3813183256938952,0.38332357561866326,29.742829404123825,1.0,
1862,Q8C196_S1261___1,,0.09316949906249129,0.968760312396876,0.9974177898103224,ACOS,24.0,10.0,2.0,10.0,2.0,24.0,0.33,,0.30735312441432305,0.3173127201503672,23.973543704317198,1.0,
1863,Q8C196_S418___1,,0.3354101966249687,0.34376656233437664,0.8386535601185869,ACOS,24.0,22.0,22.0,22.0,22.0,24.0,0.0,,0.03498372787327912,0.08730403942892999,2.7287307741157716,1.0,
1864,Q8C196_S189___1,,0.11180339887498955,0.937510624893751,0.9899167645530791,ACOS,24.0,14.0,6.0,14.0,6.0,24.0,0.33,,0.2729083801775865,0.2881637536165899,21.286853653851747,1.0,
1865,Q8C196_S1303___1,,0.2236067977499791,0.6875131248687513,0.9836522870292533,ACOS,24.0,8.0,8.0,8.0,8.0,24.0,0.0,,0.11350807917025535,0.16368591139247143,8.853630175279918,1.0,
1866,Q8C196_S794___1,,0.01863389981249826,0.999530004699953,0.9997391989244612,ACOS,24.0,8.0,16.0,8.0,16.0,24.0,0.67,,0.4599048616735564,0.460001116353689,35.872579210537396,1.0,
1867,Q8C196_S537___1,,0.4472135954999582,0.12501874981250188,0.6403693519334903,ACOS,24.0,10.0,2.0,10.0,2.0,24.0,0.33,,0.007842546279573382,0.04017098464103022,0.6117186098067239,1.0,
1868,Q8C196_S1287___1,,0.2236067977499791,0.6875131248687513,0.9836522870292533,ACOS,24.0,16.0,16.0,16.0,16.0,24.0,0.0,,0.11350807917025535,0.16368591139247143,8.853630175279918,1.0,
1869,Q8C1D8_S321___1,,0.3167762968124704,0.37501624983750165,0.8386535601185869,ACOS,24.0,20.0,4.0,20.0,4.0,24.0,0.67,,0.04349923101882863,0.097277877884409,3.392940019468633,1.0,
1870,Q8C1D8_S209___1,,0.3354101966249687,0.34376656233437664,0.8386535601185869,ACOS,24.0,14.0,14.0,14.0,14.0,24.0,0.0,,0.03498372787327912,0.08730403942892999,2.7287307741157716,1.0,
1871,Q8C1D8_S366___1,,0.4099457958749617,0.18751812481875182,0.7309536040039274,ACOS,24.0,2.0,2.0,2.0,2.0,24.0,0.0,,0.013386385243419103,0.05218069745375196,1.04413804898669,1.0,
1872,Q8C1Y8_S264___1,,0.14907119849998607,0.8750112498875011,0.9836522870292533,ACOS,24.0,10.0,4.0,10.0,4.0,24.0,0.25,,0.21029812498078254,0.23917533062426458,16.403253748501037,1.0,
1873,Q8C2Q3_S256___1,,0.6149186938124426,0.007829921700782993,0.17567697562460996,ACOS,24.0,2.0,18.0,2.0,18.0,24.0,0.33,,4.465174392780171E-4,0.010018341982674385,0.03482836026368533,0.7814306746486018,
1874,Q8C2Q3_S618___1,,0.42857969568745996,0.15626843731562684,0.6959989393582299,ACOS,24.0,4.0,2.0,4.0,2.0,24.0,0.08,,0.010293111274975088,0.04584415543625904,0.8028626794480569,1.0,
1875,Q8C2Q3_S520___1,,0.11180339887498955,0.937510624893751,0.9899167645530791,ACOS,24.0,20.0,4.0,20.0,4.0,24.0,0.67,,0.2729083801775865,0.2881637536165899,21.286853653851747,1.0,
1876,Q8C3R1_S743___1,,0.3540440964374669,0.3125168748312517,0.8386535601185869,ACOS,24.0,14.0,4.0,14.0,4.0,24.0,0.42,,0.027887169552556004,0.07848809381134579,2.175199225099368,1.0,
1877,Q8C4X2_S367___1,,0.24224069756247738,0.6250137498625014,0.9735791103627425,ACOS,24.0,14.0,18.0,14.0,18.0,24.0,0.83,,0.0953088004769263,0.14846178535828905,7.434086437200252,1.0,
1878,Q8C4Y3_S557___1,,0.13043729868748782,0.9062609373906261,0.9836522870292533,ACOS,24.0,20.0,4.0,20.0,4.0,24.0,0.67,,0.24049416858204564,0.26103148572645835,18.75854514939956,1.0,
1879,Q8C5H8_S48___1,,0.46584749531245645,0.0937690623093769,0.5471579350140564,ACOS,24.0,16.0,8.0,16.0,8.0,24.0,0.33,,0.005920711107451196,0.03454832525336907,0.4618154663811933,1.0,
1880,Q8C5H8_S176___1,,0.3913118960624634,0.21876781232187678,0.7543227814475101,ACOS,24.0,10.0,2.0,10.0,2.0,24.0,0.33,,0.017251591034782986,0.059484382074478995,1.345624100713073,1.0,
1881,Q8C5H8_S377___1,,0.3913118960624634,0.21876781232187678,0.7543227814475101,ACOS,24.0,10.0,2.0,10.0,2.0,24.0,0.33,,0.017251591034782986,0.059484382074478995,1.345624100713073,1.0,
1882,Q8C5W0_S679___1,,0.5217491947499513,0.04689953100468995,0.4127676955274646,COS,24.0,8.0,20.0,8.0,20.0,24.0,0.5,,0.0024097615294134673,0.021208564178760516,0.18796139929425046,1.0,
1883,Q8C5W0_S894___1,,0.2795084971874739,0.5000149998500015,0.9204821588147755,ACOS,24.0,8.0,16.0,8.0,16.0,24.0,0.67,,0.06550881647134288,0.1205957757767903,5.1096876847647446,1.0,
1884,Q8C5W0_S715___1,,0.48448139512495475,0.07814921850781492,0.5245437011922015,ACOS,24.0,4.0,20.0,4.0,20.0,24.0,0.33,,0.004428713520216645,0.029725873473476612,0.3454396545768983,1.0,
1885,Q8C5W0_S165___1,,0.2236067977499791,0.6875131248687513,0.9836522870292533,ACOS,24.0,8.0,8.0,8.0,8.0,24.0,0.0,,0.11350807917025535,0.16368591139247143,8.853630175279918,1.0,
1886,Q8C5W0_S397___1,,0.7080881928749339,9.89990100098999E-4,0.09098389785332915,ACOS,24.0,8.0,16.0,8.0,16.0,24.0,0.67,,6.522978591822107E-5,0.005835764267952787,0.005087923301621243,0.45518961290031734,
1887,Q8C5W0_S358___1,,0.37267799624996517,0.25001749982500177,0.783497463386022,COS,24.0,8.0,20.0,8.0,20.0,24.0,0.5,,0.02203270318362918,0.06904543509151728,1.718550848323076,1.0,
1888,Q8C5W3_S41___1,,0.42857969568745996,0.15626843731562684,0.6959989393582299,ACOS,24.0,14.0,4.0,14.0,4.0,24.0,0.42,,0.010293111274975088,0.04584415543625904,0.8028626794480569,1.0,
1889,Q8C650_S413___1,,0.09316949906249129,0.968760312396876,0.9974177898103224,ACOS,24.0,18.0,12.0,18.0,12.0,24.0,0.25,,0.30735312441432305,0.3173127201503672,23.973543704317198,1.0,
1890,Q8C650_S414___1,,0.4472135954999582,0.12501874981250188,0.6403693519334903,ACOS,24.0,2.0,18.0,2.0,18.0,24.0,0.33,,0.007842546279573382,0.04017098464103022,0.6117186098067239,1.0,
1891,Q8C7E7_S179___1,,0.5217491947499513,0.04689953100468995,0.4127676955274646,COS,24.0,8.0,20.0,8.0,20.0,24.0,0.5,,0.0024097615294134673,0.021208564178760516,0.18796139929425046,1.0,
1892,Q8C7E7_S192___1,,0.7080881928749339,9.89990100098999E-4,0.09098389785332915,COS,24.0,8.0,20.0,8.0,20.0,24.0,0.5,,6.522978591822107E-5,0.005835764267952787,0.005087923301621243,0.45518961290031734,
1893,Q8C7E7_S64___1,,0.6149186938124426,0.007829921700782993,0.17567697562460996,ACOS,24.0,4.0,20.0,4.0,20.0,24.0,0.33,,4.465174392780171E-4,0.010018341982674385,0.03482836026368533,0.7814306746486018,
1894,Q8C7E7_S68___1,,0.2236067977499791,0.6875131248687513,0.9836522870292533,ACOS,24.0,4.0,2.0,4.0,2.0,24.0,0.08,,0.11350807917025535,0.16368591139247143,8.853630175279918,1.0,
1895,Q8C7E7_S220___1,,0.7080881928749339,9.89990100098999E-4,0.09098389785332915,COS,24.0,8.0,20.0,8.0,20.0,24.0,0.5,,6.522978591822107E-5,0.005835764267952787,0.005087923301621243,0.45518961290031734,
1896,Q8C7E7_S223___1,,0.6708203932499374,0.002949970500294997,0.1270081893775657,COS,24.0,8.0,20.0,8.0,20.0,24.0,0.5,,1.449047398848948E-4,0.006238736503692902,0.011302569711021794,0.4866214472880464,
1897,Q8C7G5_S52___1,,0.18633899812498259,0.8125118748812512,0.9836522870292533,ACOS,24.0,18.0,12.0,18.0,12.0,24.0,0.25,,0.15703129585716225,0.19764355093531163,12.248441076858654,1.0,
1898,Q8C7Q4_S86___1,,0.42857969568745996,0.15626843731562684,0.6959989393582299,ACOS,24.0,2.0,10.0,2.0,10.0,24.0,0.67,,0.010293111274975088,0.04584415543625904,0.8028626794480569,1.0,
1899,Q8C8U0_S37___1,,0.07453559924999303,0.984390156098439,0.9974177898103224,ACOS,24.0,22.0,20.0,22.0,20.0,24.0,0.08,,0.34358681309626693,0.3483244335568646,26.799771421508822,1.0,
1900,Q8C8U0_S595___1,,0.5403830945624495,0.031269687303126965,0.31931161457616186,ACOS,24.0,2.0,18.0,2.0,18.0,24.0,0.33,,0.0017528052122483628,0.01789883784045924,0.1367188065553723,1.0,
1901,Q8C8U0_S538___1,,0.14907119849998607,0.8750112498875011,0.9836522870292533,COS,24.0,2.0,14.0,2.0,14.0,24.0,0.5,,0.21029812498078254,0.23917533062426458,16.403253748501037,1.0,
1902,Q8C8U0_S403___1,,0.16770509831248434,0.8437615623843762,0.9836522870292533,ACOS,24.0,14.0,14.0,14.0,14.0,24.0,0.0,,0.1824518756760124,0.21722409413444527,14.231246302728968,1.0,
1903,Q8C8U0_S500___1,,0.5217491947499513,0.04689953100468995,0.4127676955274646,COS,24.0,8.0,20.0,8.0,20.0,24.0,0.5,,0.0024097615294134673,0.021208564178760516,0.18796139929425046,1.0,
1904,Q8C9B9_S1726___1,,0.2795084971874739,0.5000149998500015,0.9204821588147755,ACOS,24.0,20.0,4.0,20.0,4.0,24.0,0.67,,0.06550881647134288,0.1205957757767903,5.1096876847647446,1.0,
1905,Q8CAS9_S106___1,,0.37267799624996517,0.25001749982500177,0.783497463386022,ACOS,24.0,10.0,2.0,10.0,2.0,24.0,0.33,,0.02203270318362918,0.06904543509151728,1.718550848323076,1.0,
1906,Q8CB62_S686___1,,0.14907119849998607,0.8750112498875011,0.9836522870292533,ACOS,24.0,4.0,4.0,4.0,4.0,24.0,0.0,,0.21029812498078254,0.23917533062426458,16.403253748501037,1.0,
1907,Q8CBQ5_S11___1,,0.4472135954999582,0.12501874981250188,0.6403693519334903,ACOS,24.0,8.0,8.0,8.0,8.0,24.0,0.0,,0.007842546279573382,0.04017098464103022,0.6117186098067239,1.0,
1908,Q8CBW3_S183___1,,0.3354101966249687,0.34376656233437664,0.8386535601185869,ACOS,24.0,20.0,6.0,20.0,6.0,24.0,0.58,,0.03498372787327912,0.08730403942892999,2.7287307741157716,1.0,
1909,Q8CCJ3_S752___1,,0.26087459737497565,0.5625143748562514,0.9536205028159013,ACOS,24.0,20.0,12.0,20.0,12.0,24.0,0.33,,0.07935437224874475,0.1345280400768894,6.189641035402091,1.0,
1910,Q8CCJ3_S753___1,,0.13043729868748782,0.9062609373906261,0.9836522870292533,ACOS,24.0,18.0,12.0,18.0,12.0,24.0,0.25,,0.24049416858204564,0.26103148572645835,18.75854514939956,1.0,
1911,Q8CCN5_S886___1,,0.48448139512495475,0.07814921850781492,0.5245437011922015,ACOS,24.0,10.0,10.0,10.0,10.0,24.0,0.0,,0.004428713520216645,0.029725873473476612,0.3454396545768983,1.0,
1912,Q8CCN5_S900___1,,0.07453559924999303,0.984390156098439,0.9974177898103224,ACOS,24.0,20.0,22.0,20.0,22.0,24.0,0.92,,0.34358681309626693,0.3483244335568646,26.799771421508822,1.0,
1913,Q8CCN5_S869___1,,0.503115294937453,0.06251937480625194,0.49060770476039084,ACOS,24.0,14.0,4.0,14.0,4.0,24.0,0.42,,0.0032820864904672107,0.025755486597607225,0.2560027462564424,1.0,
1914,Q8CCN5_S503___1,,0.37267799624996517,0.25001749982500177,0.783497463386022,ACOS,24.0,4.0,20.0,4.0,20.0,24.0,0.33,,0.02203270318362918,0.06904543509151728,1.718550848323076,1.0,
1915,Q8CCS6_S146___1,,0.29814239699997214,0.43751562484375156,0.8852189547537208,ACOS,24.0,22.0,16.0,22.0,16.0,24.0,0.25,,0.05361444160464873,0.10847731432202215,4.181926445162601,1.0,
1916,Q8CD26_S351___1,,0.5403830945624495,0.031269687303126965,0.31931161457616186,ACOS,24.0,10.0,20.0,10.0,20.0,24.0,0.58,,0.0017528052122483628,0.01789883784045924,0.1367188065553723,1.0,
1917,Q8CDA1_S827___1,,0.4099457958749617,0.18751812481875182,0.7309536040039274,ACOS,24.0,14.0,16.0,14.0,16.0,24.0,0.92,,0.013386385243419103,0.05218069745375196,1.04413804898669,1.0,
1918,Q8CDA1_S830___1,,0.07453559924999303,0.984390156098439,0.9974177898103224,ACOS,24.0,20.0,20.0,20.0,20.0,24.0,0.0,,0.34358681309626693,0.3483244335568646,26.799771421508822,1.0,
1919,Q8CDG3_S1196___1,,0.4099457958749617,0.18751812481875182,0.7309536040039274,ACOS,24.0,8.0,16.0,8.0,16.0,24.0,0.67,,0.013386385243419103,0.05218069745375196,1.04413804898669,1.0,
1920,Q8CDN6_S113___1,,0.20497289793748086,0.7500124998750013,0.9836522870292533,ACOS,24.0,10.0,2.0,10.0,2.0,24.0,0.33,,0.13405890065957154,0.18041889221405025,10.45659425144658,1.0,
1921,Q8CDN6_S9___1,,0.5962847939999443,0.011739882601173987,0.2093466378769048,ACOS,24.0,10.0,2.0,10.0,2.0,24.0,0.33,,6.374983385533969E-4,0.011367927462487626,0.04972487040716496,0.8866983420740349,
1922,Q8CFD4_S450___1,,0.11180339887498955,0.937510624893751,0.9899167645530791,ACOS,24.0,10.0,2.0,10.0,2.0,24.0,0.33,,0.2729083801775865,0.2881637536165899,21.286853653851747,1.0,
1923,Q8CFE3_S254___1,,0.3540440964374669,0.3125168748312517,0.8386535601185869,ACOS,24.0,20.0,22.0,20.0,22.0,24.0,0.92,,0.027887169552556004,0.07848809381134579,2.175199225099368,1.0,
1924,Q8CG76_S40___1,,0.37267799624996517,0.25001749982500177,0.783497463386022,ACOS,24.0,10.0,20.0,10.0,20.0,24.0,0.58,,0.02203270318362918,0.06904543509151728,1.718550848323076,1.0,
1925,Q8CG79_S697___1,,0.3354101966249687,0.34376656233437664,0.8386535601185869,ACOS,24.0,16.0,16.0,16.0,16.0,24.0,0.0,,0.03498372787327912,0.08730403942892999,2.7287307741157716,1.0,
1926,Q8CGB6_S941___1,,0.18633899812498259,0.8125118748812512,0.9836522870292533,ACOS,24.0,22.0,16.0,22.0,16.0,24.0,0.25,,0.15703129585716225,0.19764355093531163,12.248441076858654,1.0,
1927,Q8CGB6_S120___1,,0.26087459737497565,0.5625143748562514,0.9536205028159013,ACOS,24.0,22.0,22.0,22.0,22.0,24.0,0.0,,0.07935437224874475,0.1345280400768894,6.189641035402091,1.0,
1928,Q8CGB6_S455___1,,0.2236067977499791,0.6875131248687513,0.9836522870292533,ACOS,24.0,22.0,16.0,22.0,16.0,24.0,0.25,,0.11350807917025535,0.16368591139247143,8.853630175279918,1.0,
1929,Q8CGF1_S171___1,,0.42857969568745996,0.15626843731562684,0.6959989393582299,COS,24.0,8.0,20.0,8.0,20.0,24.0,0.5,,0.010293111274975088,0.04584415543625904,0.8028626794480569,1.0,
1930,Q8CGF1_S179___1,,0.24224069756247738,0.6250137498625014,0.9735791103627425,ACOS,24.0,8.0,16.0,8.0,16.0,24.0,0.67,,0.0953088004769263,0.14846178535828905,7.434086437200252,1.0,
1931,Q8CGF1_S521___1,,0.18633899812498259,0.8125118748812512,0.9836522870292533,ACOS,24.0,4.0,20.0,4.0,20.0,24.0,0.33,,0.15703129585716225,0.19764355093531163,12.248441076858654,1.0,
1932,Q8CGF1_S501___1,,0.09316949906249129,0.968760312396876,0.9974177898103224,ACOS,24.0,22.0,16.0,22.0,16.0,24.0,0.25,,0.30735312441432305,0.3173127201503672,23.973543704317198,1.0,
1933,Q8CGF1_S36___1,,0.24224069756247738,0.6250137498625014,0.9735791103627425,ACOS,24.0,8.0,18.0,8.0,18.0,24.0,0.58,,0.0953088004769263,0.14846178535828905,7.434086437200252,1.0,
1934,Q8CGY8_S20___1,,0.20497289793748086,0.7500124998750013,0.9836522870292533,ACOS,24.0,12.0,18.0,12.0,18.0,24.0,0.75,,0.13405890065957154,0.18041889221405025,10.45659425144658,1.0,
1935,Q8CH02_S483___1,,0.37267799624996517,0.25001749982500177,0.783497463386022,ACOS,24.0,14.0,4.0,14.0,4.0,24.0,0.42,,0.02203270318362918,0.06904543509151728,1.718550848323076,1.0,
1936,Q8CH25_S289___1,,0.16770509831248434,0.8437615623843762,0.9836522870292533,ACOS,24.0,14.0,16.0,14.0,16.0,24.0,0.92,,0.1824518756760124,0.21722409413444527,14.231246302728968,1.0,
1937,Q8CH25_S552___1,,0.055901699437494776,0.99220007799922,0.9974177898103224,ACOS,24.0,14.0,16.0,14.0,16.0,24.0,0.92,,0.3813183256938952,0.38332357561866326,29.742829404123825,1.0,
1938,Q8CHC4_S1350___1,,0.2795084971874739,0.5000149998500015,0.9204821588147755,ACOS,24.0,8.0,16.0,8.0,16.0,24.0,0.67,,0.06550881647134288,0.1205957757767903,5.1096876847647446,1.0,
1939,Q8CHC4_S1175___1,,0.6149186938124426,0.007829921700782993,0.17567697562460996,ACOS,24.0,4.0,14.0,4.0,14.0,24.0,0.58,,4.465174392780171E-4,0.010018341982674385,0.03482836026368533,0.7814306746486018,
1940,Q8CHC4_S1084___1,,0.18633899812498259,0.8125118748812512,0.9836522870292533,ACOS,24.0,22.0,16.0,22.0,16.0,24.0,0.25,,0.15703129585716225,0.19764355093531163,12.248441076858654,1.0,
1941,Q8CHI8_S923___1,,0.37267799624996517,0.25001749982500177,0.783497463386022,ACOS,24.0,14.0,4.0,14.0,4.0,24.0,0.42,,0.02203270318362918,0.06904543509151728,1.718550848323076,1.0,
1942,Q8CHP5_S138___1,,0.4099457958749617,0.18751812481875182,0.7309536040039274,ACOS,24.0,10.0,2.0,10.0,2.0,24.0,0.33,,0.013386385243419103,0.05218069745375196,1.04413804898669,1.0,
1943,Q8CHR6_S905___1,,0.37267799624996517,0.25001749982500177,0.783497463386022,ACOS,24.0,22.0,22.0,22.0,22.0,24.0,0.0,,0.02203270318362918,0.06904543509151728,1.718550848323076,1.0,
1944,Q8CHR6_S587___1,,0.3913118960624634,0.21876781232187678,0.7543227814475101,ACOS,24.0,14.0,16.0,14.0,16.0,24.0,0.92,,0.017251591034782986,0.059484382074478995,1.345624100713073,1.0,
1945,Q8CHT1_S63___1,,0.16770509831248434,0.8437615623843762,0.9836522870292533,ACOS,24.0,16.0,16.0,16.0,16.0,24.0,0.0,,0.1824518756760124,0.21722409413444527,14.231246302728968,1.0,
1946,Q8CHU3_S173___1,,0.03726779962499652,0.998060019399806,0.9997391989244612,ACOS,24.0,8.0,8.0,8.0,8.0,24.0,0.0,,0.42021370096225497,0.42109483684181515,32.77666867505589,1.0,
1947,Q8CHU3_S443___1,,0.26087459737497565,0.5625143748562514,0.9536205028159013,COS,24.0,8.0,20.0,8.0,20.0,24.0,0.5,,0.07935437224874475,0.1345280400768894,6.189641035402091,1.0,
1948,Q8CHW4_S540___1,,0.3167762968124704,0.37501624983750165,0.8386535601185869,ACOS,24.0,16.0,8.0,16.0,8.0,24.0,0.33,,0.04349923101882863,0.097277877884409,3.392940019468633,1.0,
1949,Q8CHW4_S23___1,,0.20497289793748086,0.7500124998750013,0.9836522870292533,ACOS,24.0,20.0,4.0,20.0,4.0,24.0,0.67,,0.13405890065957154,0.18041889221405025,10.45659425144658,1.0,
1950,Q8CI04_S506___1,,0.6149186938124426,0.007829921700782993,0.17567697562460996,ACOS,24.0,2.0,18.0,2.0,18.0,24.0,0.33,,4.465174392780171E-4,0.010018341982674385,0.03482836026368533,0.7814306746486018,
1951,Q8CI04_S655___1,,0.3167762968124704,0.37501624983750165,0.8386535601185869,ACOS,24.0,4.0,20.0,4.0,20.0,24.0,0.33,,0.04349923101882863,0.097277877884409,3.392940019468633,1.0,
1952,Q8CI08_S378___1,,0.7080881928749339,9.89990100098999E-4,0.09098389785332915,COS,24.0,8.0,20.0,8.0,20.0,24.0,0.5,,6.522978591822107E-5,0.005835764267952787,0.005087923301621243,0.45518961290031734,
1953,Q8CI08_S324___1,,0.11180339887498955,0.937510624893751,0.9899167645530791,ACOS,24.0,14.0,6.0,14.0,6.0,24.0,0.33,,0.2729083801775865,0.2881637536165899,21.286853653851747,1.0,
1954,Q8CI08_S414___1,,0.5590169943749478,0.023459765402345976,0.28673713262867373,ACOS,24.0,8.0,10.0,8.0,10.0,24.0,0.92,,0.0012630300532244254,0.015437392901175266,0.09851634415150518,1.0,
1955,Q8CI08_S434___1,,0.6335525936249408,0.005879941200587994,0.1643288830269592,ACOS,24.0,8.0,16.0,8.0,16.0,24.0,0.67,,3.0978912629739484E-4,0.008657790845469297,0.0241635518511968,0.6753076859466053,
1956,Q8CI11_S505___1,,0.20497289793748086,0.7500124998750013,0.9836522870292533,ACOS,24.0,16.0,8.0,16.0,8.0,24.0,0.33,,0.13405890065957154,0.18041889221405025,10.45659425144658,1.0,
1957,Q8CI51_S322___1,,0.2236067977499791,0.6875131248687513,0.9836522870292533,ACOS,24.0,14.0,4.0,14.0,4.0,24.0,0.42,,0.11350807917025535,0.16368591139247143,8.853630175279918,1.0,
1958,Q8CI51_S332___1,,0.29814239699997214,0.43751562484375156,0.8852189547537208,ACOS,24.0,8.0,16.0,8.0,16.0,24.0,0.67,,0.05361444160464873,0.10847731432202215,4.181926445162601,1.0,
1959,Q8CI59_S58___1,,0.29814239699997214,0.43751562484375156,0.8852189547537208,ACOS,24.0,8.0,10.0,8.0,10.0,24.0,0.92,,0.05361444160464873,0.10847731432202215,4.181926445162601,1.0,
1960,Q8CI71_S559___1,,0.14907119849998607,0.8750112498875011,0.9836522870292533,ACOS,24.0,20.0,4.0,20.0,4.0,24.0,0.67,,0.21029812498078254,0.23917533062426458,16.403253748501037,1.0,
1961,Q8CI75_S864___1,,0.29814239699997214,0.43751562484375156,0.8852189547537208,ACOS,24.0,20.0,4.0,20.0,4.0,24.0,0.67,,0.05361444160464873,0.10847731432202215,4.181926445162601,1.0,
1962,Q8CI95_S194___1,,0.3167762968124704,0.37501624983750165,0.8386535601185869,ACOS,24.0,4.0,2.0,4.0,2.0,24.0,0.08,,0.04349923101882863,0.097277877884409,3.392940019468633,1.0,
1963,Q8CI95_S179___1,,0.42857969568745996,0.15626843731562684,0.6959989393582299,ACOS,24.0,10.0,8.0,10.0,8.0,24.0,0.08,,0.010293111274975088,0.04584415543625904,0.8028626794480569,1.0,
1964,Q8CI95_S186___1,,0.11180339887498955,0.937510624893751,0.9899167645530791,ACOS,24.0,10.0,6.0,10.0,6.0,24.0,0.17,,0.2729083801775865,0.2881637536165899,21.286853653851747,1.0,
1965,Q8CI95_S13___1,,0.4099457958749617,0.18751812481875182,0.7309536040039274,ACOS,24.0,4.0,2.0,4.0,2.0,24.0,0.08,,0.013386385243419103,0.05218069745375196,1.04413804898669,1.0,
1966,Q8CI95_S15___1,,0.5217491947499513,0.04689953100468995,0.4127676955274646,ACOS,24.0,4.0,2.0,4.0,2.0,24.0,0.08,,0.0024097615294134673,0.021208564178760516,0.18796139929425046,1.0,
1967,Q8CIB5_S159___1,,0.37267799624996517,0.25001749982500177,0.783497463386022,ACOS,24.0,14.0,6.0,14.0,6.0,24.0,0.33,,0.02203270318362918,0.06904543509151728,1.718550848323076,1.0,
1968,Q8CIE6_S402___1,,0.18633899812498259,0.8125118748812512,0.9836522870292533,COS,24.0,14.0,2.0,14.0,2.0,24.0,0.5,,0.15703129585716225,0.19764355093531163,12.248441076858654,1.0,
1969,Q8CIE6_S173___1,,0.29814239699997214,0.43751562484375156,0.8852189547537208,ACOS,24.0,2.0,2.0,2.0,2.0,24.0,0.0,,0.05361444160464873,0.10847731432202215,4.181926445162601,1.0,
1970,Q8CIF6_S425___1,,0.16770509831248434,0.8437615623843762,0.9836522870292533,ACOS,24.0,4.0,4.0,4.0,4.0,24.0,0.0,,0.1824518756760124,0.21722409413444527,14.231246302728968,1.0,
1971,Q8CIM7_S249___1,,0.48448139512495475,0.07814921850781492,0.5245437011922015,ACOS,24.0,20.0,4.0,20.0,4.0,24.0,0.67,,0.004428713520216645,0.029725873473476612,0.3454396545768983,1.0,
1972,Q8CIN4_S162___1,,0.2236067977499791,0.6875131248687513,0.9836522870292533,ACOS,24.0,14.0,6.0,14.0,6.0,24.0,0.33,,0.11350807917025535,0.16368591139247143,8.853630175279918,1.0,
1973,Q8CIN4_S2___1,,0.3167762968124704,0.37501624983750165,0.8386535601185869,ACOS,24.0,8.0,8.0,8.0,8.0,24.0,0.0,,0.04349923101882863,0.097277877884409,3.392940019468633,1.0,
1974,Q8CIN4_S197___1,,0.14907119849998607,0.8750112498875011,0.9836522870292533,ACOS,24.0,22.0,20.0,22.0,20.0,24.0,0.08,,0.21029812498078254,0.23917533062426458,16.403253748501037,1.0,
1975,Q8CIN4_S141___1,,0.11180339887498955,0.937510624893751,0.9899167645530791,ACOS,24.0,16.0,16.0,16.0,16.0,24.0,0.0,,0.2729083801775865,0.2881637536165899,21.286853653851747,1.0,
1976,Q8CJ19_S1131___1,,0.24224069756247738,0.6250137498625014,0.9735791103627425,ACOS,24.0,16.0,16.0,16.0,16.0,24.0,0.0,,0.0953088004769263,0.14846178535828905,7.434086437200252,1.0,
1977,Q8CJ53_S296___1,,0.3913118960624634,0.21876781232187678,0.7543227814475101,ACOS,24.0,20.0,4.0,20.0,4.0,24.0,0.67,,0.017251591034782986,0.059484382074478995,1.345624100713073,1.0,
1978,Q8CJF7_S1507___1,,0.37267799624996517,0.25001749982500177,0.783497463386022,ACOS,24.0,14.0,6.0,14.0,6.0,24.0,0.33,,0.02203270318362918,0.06904543509151728,1.718550848323076,1.0,
1979,Q8CJF7_S1138___1,,0.3167762968124704,0.37501624983750165,0.8386535601185869,ACOS,24.0,14.0,6.0,14.0,6.0,24.0,0.33,,0.04349923101882863,0.097277877884409,3.392940019468633,1.0,
1980,Q8CJF7_S1218___1,,0.5962847939999443,0.011739882601173987,0.2093466378769048,ACOS,24.0,14.0,4.0,14.0,4.0,24.0,0.42,,6.374983385533969E-4,0.011367927462487626,0.04972487040716496,0.8866983420740349,
1981,Q8JZK9_S4___1,,0.3913118960624634,0.21876781232187678,0.7543227814475101,ACOS,24.0,4.0,4.0,4.0,4.0,24.0,0.0,,0.017251591034782986,0.059484382074478995,1.345624100713073,1.0,
1982,Q8JZQ9_S75___1,,0.6708203932499374,0.002949970500294997,0.1270081893775657,ACOS,24.0,14.0,4.0,14.0,4.0,24.0,0.42,,1.449047398848948E-4,0.006238736503692902,0.011302569711021794,0.4866214472880464,
1983,Q8JZQ9_S111___1,,0.3913118960624634,0.21876781232187678,0.7543227814475101,ACOS,24.0,10.0,20.0,10.0,20.0,24.0,0.58,,0.017251591034782986,0.059484382074478995,1.345624100713073,1.0,
1984,Q8JZQ9_S120___1,,0.20497289793748086,0.7500124998750013,0.9836522870292533,ACOS,24.0,10.0,2.0,10.0,2.0,24.0,0.33,,0.13405890065957154,0.18041889221405025,10.45659425144658,1.0,
1985,Q8JZQ9_S28___1,,0.26087459737497565,0.5625143748562514,0.9536205028159013,ACOS,24.0,10.0,20.0,10.0,20.0,24.0,0.58,,0.07935437224874475,0.1345280400768894,6.189641035402091,1.0,
1986,Q8JZX4_S222___1,,0.13043729868748782,0.9062609373906261,0.9836522870292533,ACOS,24.0,16.0,16.0,16.0,16.0,24.0,0.0,,0.24049416858204564,0.26103148572645835,18.75854514939956,1.0,
1987,Q8JZX4_S155___1,,0.11180339887498955,0.937510624893751,0.9899167645530791,ACOS,24.0,8.0,8.0,8.0,8.0,24.0,0.0,,0.2729083801775865,0.2881637536165899,21.286853653851747,1.0,
1988,Q8JZZ7_S1402___1,,0.29814239699997214,0.43751562484375156,0.8852189547537208,ACOS,24.0,4.0,0.0,4.0,0.0,24.0,0.17,,0.05361444160464873,0.10847731432202215,4.181926445162601,1.0,
1989,Q8JZZ7_S1458___1,,0.46584749531245645,0.0937690623093769,0.5471579350140564,ACOS,24.0,8.0,8.0,8.0,8.0,24.0,0.0,,0.005920711107451196,0.03454832525336907,0.4618154663811933,1.0,
1990,Q8JZZ7_S1437___1,,0.48448139512495475,0.07814921850781492,0.5245437011922015,COS,24.0,8.0,20.0,8.0,20.0,24.0,0.5,,0.004428713520216645,0.029725873473476612,0.3454396545768983,1.0,
1991,Q8JZZ7_S1362___1,,0.26087459737497565,0.5625143748562514,0.9536205028159013,ACOS,24.0,10.0,10.0,10.0,10.0,24.0,0.0,,0.07935437224874475,0.1345280400768894,6.189641035402091,1.0,
1992,Q8K010_S419___1,,0.20497289793748086,0.7500124998750013,0.9836522870292533,ACOS,24.0,16.0,16.0,16.0,16.0,24.0,0.0,,0.13405890065957154,0.18041889221405025,10.45659425144658,1.0,
1993,Q8K012_S501___1,,0.3167762968124704,0.37501624983750165,0.8386535601185869,ACOS,24.0,10.0,20.0,10.0,20.0,24.0,0.58,,0.04349923101882863,0.097277877884409,3.392940019468633,1.0,
1994,Q8K019_S383___1,,0.14907119849998607,0.8750112498875011,0.9836522870292533,COS,24.0,14.0,2.0,14.0,2.0,24.0,0.5,,0.21029812498078254,0.23917533062426458,16.403253748501037,1.0,
1995,Q8K019_S688___1,,0.07453559924999303,0.984390156098439,0.9974177898103224,ACOS,24.0,14.0,14.0,14.0,14.0,24.0,0.0,,0.34358681309626693,0.3483244335568646,26.799771421508822,1.0,
1996,Q8K019_S510___1,,0.07453559924999303,0.984390156098439,0.9974177898103224,ACOS,24.0,16.0,16.0,16.0,16.0,24.0,0.0,,0.34358681309626693,0.3483244335568646,26.799771421508822,1.0,
1997,Q8K019_S395___1,,0.055901699437494776,0.99220007799922,0.9974177898103224,ACOS,24.0,16.0,8.0,16.0,8.0,24.0,0.33,,0.3813183256938952,0.38332357561866326,29.742829404123825,1.0,
1998,Q8K019_S656___1,,0.14907119849998607,0.8750112498875011,0.9836522870292533,ACOS,24.0,2.0,2.0,2.0,2.0,24.0,0.0,,0.21029812498078254,0.23917533062426458,16.403253748501037,1.0,
1999,Q8K019_S221___1,,0.07453559924999303,0.984390156098439,0.9974177898103224,ACOS,24.0,16.0,16.0,16.0,16.0,24.0,0.0,,0.34358681309626693,0.3483244335568646,26.799771421508822,1.0,
2000,Q8K019_S529___1,,0.07453559924999303,0.984390156098439,0.9974177898103224,ACOS,24.0,22.0,22.0,22.0,22.0,24.0,0.0,,0.34358681309626693,0.3483244335568646,26.799771421508822,1.0,
2001,Q8K0G8_S83___1,,0.5403830945624495,0.031269687303126965,0.31931161457616186,ACOS,24.0,20.0,4.0,20.0,4.0,24.0,0.67,,0.0017528052122483628,0.01789883784045924,0.1367188065553723,1.0,
2002,Q8K0G8_S343___1,,0.3354101966249687,0.34376656233437664,0.8386535601185869,ACOS,24.0,8.0,8.0,8.0,8.0,24.0,0.0,,0.03498372787327912,0.08730403942892999,2.7287307741157716,1.0,
2003,Q8K0L9_S207___1,,0.3354101966249687,0.34376656233437664,0.8386535601185869,ACOS,24.0,10.0,4.0,10.0,4.0,24.0,0.25,,0.03498372787327912,0.08730403942892999,2.7287307741157716,1.0,
2004,Q8K0L9_S353___1,,0.26087459737497565,0.5625143748562514,0.9536205028159013,COS,24.0,14.0,2.0,14.0,2.0,24.0,0.5,,0.07935437224874475,0.1345280400768894,6.189641035402091,1.0,
2005,Q8K0Q5_S263___1,,0.42857969568745996,0.15626843731562684,0.6959989393582299,ACOS,24.0,10.0,2.0,10.0,2.0,24.0,0.33,,0.010293111274975088,0.04584415543625904,0.8028626794480569,1.0,
2006,Q8K124_S395___1,,0.26087459737497565,0.5625143748562514,0.9536205028159013,ACOS,24.0,20.0,4.0,20.0,4.0,24.0,0.67,,0.07935437224874475,0.1345280400768894,6.189641035402091,1.0,
2007,Q8K1B8_S8___1,,0.055901699437494776,0.99220007799922,0.9974177898103224,ACOS,24.0,8.0,8.0,8.0,8.0,24.0,0.0,,0.3813183256938952,0.38332357561866326,29.742829404123825,1.0,
2008,Q8K1L5_S82___1,,0.4099457958749617,0.18751812481875182,0.7309536040039274,ACOS,24.0,10.0,2.0,10.0,2.0,24.0,0.33,,0.013386385243419103,0.05218069745375196,1.04413804898669,1.0,
2009,Q8K1N1_S241___1,,0.26087459737497565,0.5625143748562514,0.9536205028159013,ACOS,24.0,20.0,12.0,20.0,12.0,24.0,0.33,,0.07935437224874475,0.1345280400768894,6.189641035402091,1.0,
2010,Q8K1N2_S510___1,,0.3167762968124704,0.37501624983750165,0.8386535601185869,ACOS,24.0,14.0,16.0,14.0,16.0,24.0,0.92,,0.04349923101882863,0.097277877884409,3.392940019468633,1.0,
2011,Q8K1N2_S486___1,,0.24224069756247738,0.6250137498625014,0.9735791103627425,ACOS,24.0,16.0,16.0,16.0,16.0,24.0,0.0,,0.0953088004769263,0.14846178535828905,7.434086437200252,1.0,
2012,Q8K1N2_S389___1,,0.2236067977499791,0.6875131248687513,0.9836522870292533,ACOS,24.0,14.0,4.0,14.0,4.0,24.0,0.42,,0.11350807917025535,0.16368591139247143,8.853630175279918,1.0,
2013,Q8K1N2_S465___1,,0.3354101966249687,0.34376656233437664,0.8386535601185869,ACOS,24.0,14.0,14.0,14.0,14.0,24.0,0.0,,0.03498372787327912,0.08730403942892999,2.7287307741157716,1.0,
2014,Q8K1N2_S203___1,,0.46584749531245645,0.0937690623093769,0.5471579350140564,ACOS,24.0,20.0,14.0,20.0,14.0,24.0,0.25,,0.005920711107451196,0.03454832525336907,0.4618154663811933,1.0,
2015,Q8K1N2_S976___1,,0.13043729868748782,0.9062609373906261,0.9836522870292533,ACOS,24.0,14.0,16.0,14.0,16.0,24.0,0.92,,0.24049416858204564,0.26103148572645835,18.75854514939956,1.0,
2016,Q8K1N2_S333___1,,0.18633899812498259,0.8125118748812512,0.9836522870292533,ACOS,24.0,20.0,4.0,20.0,4.0,24.0,0.67,,0.15703129585716225,0.19764355093531163,12.248441076858654,1.0,
2017,Q8K1Z0_S81___1,,0.29814239699997214,0.43751562484375156,0.8852189547537208,ACOS,24.0,14.0,4.0,14.0,4.0,24.0,0.42,,0.05361444160464873,0.10847731432202215,4.181926445162601,1.0,
2018,Q8K284_S1890___1,,0.13043729868748782,0.9062609373906261,0.9836522870292533,ACOS,24.0,20.0,4.0,20.0,4.0,24.0,0.67,,0.24049416858204564,0.26103148572645835,18.75854514939956,1.0,
2019,Q8K296_S288___1,,0.13043729868748782,0.9062609373906261,0.9836522870292533,ACOS,24.0,20.0,4.0,20.0,4.0,24.0,0.67,,0.24049416858204564,0.26103148572645835,18.75854514939956,1.0,
2020,Q8K296_S1075___1,,0.24224069756247738,0.6250137498625014,0.9735791103627425,ACOS,24.0,10.0,2.0,10.0,2.0,24.0,0.33,,0.0953088004769263,0.14846178535828905,7.434086437200252,1.0,
2021,Q8K2C9_S114___1,,0.3354101966249687,0.34376656233437664,0.8386535601185869,ACOS,24.0,20.0,4.0,20.0,4.0,24.0,0.67,,0.03498372787327912,0.08730403942892999,2.7287307741157716,1.0,
2022,Q8K2F0_S564___1,,0.46584749531245645,0.0937690623093769,0.5471579350140564,ACOS,24.0,10.0,20.0,10.0,20.0,24.0,0.58,,0.005920711107451196,0.03454832525336907,0.4618154663811933,1.0,
2023,Q8K2F8_S216___1,,0.11180339887498955,0.937510624893751,0.9899167645530791,ACOS,24.0,22.0,16.0,22.0,16.0,24.0,0.25,,0.2729083801775865,0.2881637536165899,21.286853653851747,1.0,
2024,Q8K2F8_S373___1,,0.20497289793748086,0.7500124998750013,0.9836522870292533,ACOS,24.0,8.0,10.0,8.0,10.0,24.0,0.92,,0.13405890065957154,0.18041889221405025,10.45659425144658,1.0,
2025,Q8K2F8_S183___1,,0.3354101966249687,0.34376656233437664,0.8386535601185869,COS,24.0,20.0,8.0,20.0,8.0,24.0,0.5,,0.03498372787327912,0.08730403942892999,2.7287307741157716,1.0,
2026,Q8K2K6_S181___1,,0.24224069756247738,0.6250137498625014,0.9735791103627425,ACOS,24.0,2.0,10.0,2.0,10.0,24.0,0.67,,0.0953088004769263,0.14846178535828905,7.434086437200252,1.0,
2027,Q8K2L8_S15___1,,0.16770509831248434,0.8437615623843762,0.9836522870292533,COS,24.0,20.0,8.0,20.0,8.0,24.0,0.5,,0.1824518756760124,0.21722409413444527,14.231246302728968,1.0,
2028,Q8K2L8_S128___1,,0.13043729868748782,0.9062609373906261,0.9836522870292533,ACOS,24.0,8.0,10.0,8.0,10.0,24.0,0.92,,0.24049416858204564,0.26103148572645835,18.75854514939956,1.0,
2029,Q8K2L8_S309___1,,0.48448139512495475,0.07814921850781492,0.5245437011922015,ACOS,24.0,4.0,14.0,4.0,14.0,24.0,0.58,,0.004428713520216645,0.029725873473476612,0.3454396545768983,1.0,
2030,Q8K2Q9_S249___1,,0.4099457958749617,0.18751812481875182,0.7309536040039274,COS,24.0,8.0,20.0,8.0,20.0,24.0,0.5,,0.013386385243419103,0.05218069745375196,1.04413804898669,1.0,
2031,Q8K2Q9_S506___1,,0.5403830945624495,0.031269687303126965,0.31931161457616186,ACOS,24.0,4.0,2.0,4.0,2.0,24.0,0.08,,0.0017528052122483628,0.01789883784045924,0.1367188065553723,1.0,
2032,Q8K2Y9_S393___1,,0.11180339887498955,0.937510624893751,0.9899167645530791,ACOS,24.0,10.0,4.0,10.0,4.0,24.0,0.25,,0.2729083801775865,0.2881637536165899,21.286853653851747,1.0,
2033,Q8K2Y9_S452___1,,0.13043729868748782,0.9062609373906261,0.9836522870292533,ACOS,24.0,14.0,16.0,14.0,16.0,24.0,0.92,,0.24049416858204564,0.26103148572645835,18.75854514939956,1.0,
2034,Q8K310_S188___1,,0.5217491947499513,0.04689953100468995,0.4127676955274646,COS,24.0,8.0,20.0,8.0,20.0,24.0,0.5,,0.0024097615294134673,0.021208564178760516,0.18796139929425046,1.0,
2035,Q8K310_S206___1,,0.2795084971874739,0.5000149998500015,0.9204821588147755,ACOS,24.0,4.0,20.0,4.0,20.0,24.0,0.33,,0.06550881647134288,0.1205957757767903,5.1096876847647446,1.0,
2036,Q8K382_S538___1,,0.3913118960624634,0.21876781232187678,0.7543227814475101,COS,24.0,20.0,8.0,20.0,8.0,24.0,0.5,,0.017251591034782986,0.059484382074478995,1.345624100713073,1.0,
2037,Q8K382_S546___1,,0.2236067977499791,0.6875131248687513,0.9836522870292533,ACOS,24.0,20.0,20.0,20.0,20.0,24.0,0.0,,0.11350807917025535,0.16368591139247143,8.853630175279918,1.0,
2038,Q8K382_S592___1,,0.16770509831248434,0.8437615623843762,0.9836522870292533,ACOS,24.0,20.0,14.0,20.0,14.0,24.0,0.25,,0.1824518756760124,0.21722409413444527,14.231246302728968,1.0,
2039,Q8K382_S473___1,,0.11180339887498955,0.937510624893751,0.9899167645530791,ACOS,24.0,10.0,4.0,10.0,4.0,24.0,0.25,,0.2729083801775865,0.2881637536165899,21.286853653851747,1.0,
2040,Q8K3G9_S651___1,,0.5962847939999443,0.011739882601173987,0.2093466378769048,ACOS,24.0,2.0,10.0,2.0,10.0,24.0,0.67,,6.374983385533969E-4,0.011367927462487626,0.04972487040716496,0.8866983420740349,
2041,Q8K3H0_S401___1,,0.16770509831248434,0.8437615623843762,0.9836522870292533,ACOS,24.0,20.0,20.0,20.0,20.0,24.0,0.0,,0.1824518756760124,0.21722409413444527,14.231246302728968,1.0,
2042,Q8K3K8_S517___1,,0.503115294937453,0.06251937480625194,0.49060770476039084,ACOS,24.0,8.0,10.0,8.0,10.0,24.0,0.92,,0.0032820864904672107,0.025755486597607225,0.2560027462564424,1.0,
2043,Q8K3X4_S526___1,,0.07453559924999303,0.984390156098439,0.9974177898103224,ACOS,24.0,2.0,4.0,2.0,4.0,24.0,0.92,,0.34358681309626693,0.3483244335568646,26.799771421508822,1.0,
2044,Q8K3X4_S195___1,,0.13043729868748782,0.9062609373906261,0.9836522870292533,ACOS,24.0,14.0,14.0,14.0,14.0,24.0,0.0,,0.24049416858204564,0.26103148572645835,18.75854514939956,1.0,
2045,Q8K441_S461___1,,0.11180339887498955,0.937510624893751,0.9899167645530791,ACOS,24.0,10.0,4.0,10.0,4.0,24.0,0.25,,0.2729083801775865,0.2881637536165899,21.286853653851747,1.0,
2046,Q8K441_S429___1,,0.3913118960624634,0.21876781232187678,0.7543227814475101,ACOS,24.0,10.0,2.0,10.0,2.0,24.0,0.33,,0.017251591034782986,0.059484382074478995,1.345624100713073,1.0,
2047,Q8K4B0_S449___1,,0.24224069756247738,0.6250137498625014,0.9735791103627425,ACOS,24.0,20.0,4.0,20.0,4.0,24.0,0.67,,0.0953088004769263,0.14846178535828905,7.434086437200252,1.0,
2048,Q8K4G5_S789___1,,0.5217491947499513,0.04689953100468995,0.4127676955274646,ACOS,24.0,4.0,0.0,4.0,0.0,24.0,0.17,,0.0024097615294134673,0.021208564178760516,0.18796139929425046,1.0,
2049,Q8K4G5_S466___1,,0.13043729868748782,0.9062609373906261,0.9836522870292533,ACOS,24.0,14.0,14.0,14.0,14.0,24.0,0.0,,0.24049416858204564,0.26103148572645835,18.75854514939956,1.0,
2050,Q8K4G5_S470___1,,0.37267799624996517,0.25001749982500177,0.783497463386022,ACOS,24.0,8.0,16.0,8.0,16.0,24.0,0.67,,0.02203270318362918,0.06904543509151728,1.718550848323076,1.0,
2051,Q8K4G5_S475___1,,0.2795084971874739,0.5000149998500015,0.9204821588147755,ACOS,24.0,2.0,12.0,2.0,12.0,24.0,0.58,,0.06550881647134288,0.1205957757767903,5.1096876847647446,1.0,
2052,Q8K4G5_S670___1,,0.14907119849998607,0.8750112498875011,0.9836522870292533,ACOS,24.0,8.0,16.0,8.0,16.0,24.0,0.67,,0.21029812498078254,0.23917533062426458,16.403253748501037,1.0,
2053,Q8K4G5_S671___1,,0.5403830945624495,0.031269687303126965,0.31931161457616186,ACOS,24.0,8.0,16.0,8.0,16.0,24.0,0.67,,0.0017528052122483628,0.01789883784045924,0.1367188065553723,1.0,
2054,Q8K4G5_S496___1,,0.24224069756247738,0.6250137498625014,0.9735791103627425,ACOS,24.0,4.0,14.0,4.0,14.0,24.0,0.58,,0.0953088004769263,0.14846178535828905,7.434086437200252,1.0,
2055,Q8K4L3_S666___1,,0.5403830945624495,0.031269687303126965,0.31931161457616186,ACOS,24.0,8.0,16.0,8.0,16.0,24.0,0.67,,0.0017528052122483628,0.01789883784045924,0.1367188065553723,1.0,
2056,Q8K4L3_S1011___1,,0.4472135954999582,0.12501874981250188,0.6403693519334903,COS,24.0,8.0,20.0,8.0,20.0,24.0,0.5,,0.007842546279573382,0.04017098464103022,0.6117186098067239,1.0,
2057,Q8K4L3_S857___1,,0.2236067977499791,0.6875131248687513,0.9836522870292533,ACOS,24.0,10.0,10.0,10.0,10.0,24.0,0.0,,0.11350807917025535,0.16368591139247143,8.853630175279918,1.0,
2058,Q8K4L3_S241___1,,0.24224069756247738,0.6250137498625014,0.9735791103627425,ACOS,24.0,22.0,16.0,22.0,16.0,24.0,0.25,,0.0953088004769263,0.14846178535828905,7.434086437200252,1.0,
2059,Q8K4L3_S960___1,,0.24224069756247738,0.6250137498625014,0.9735791103627425,ACOS,24.0,14.0,14.0,14.0,14.0,24.0,0.0,,0.0953088004769263,0.14846178535828905,7.434086437200252,1.0,
2060,Q8K4L3_S632___1,,0.24224069756247738,0.6250137498625014,0.9735791103627425,ACOS,24.0,16.0,22.0,16.0,22.0,24.0,0.75,,0.0953088004769263,0.14846178535828905,7.434086437200252,1.0,
2061,Q8K4L3_S634___1,,0.29814239699997214,0.43751562484375156,0.8852189547537208,ACOS,24.0,10.0,2.0,10.0,2.0,24.0,0.33,,0.05361444160464873,0.10847731432202215,4.181926445162601,1.0,
2062,Q8K4P0_S7___1,,0.3167762968124704,0.37501624983750165,0.8386535601185869,COS,24.0,14.0,2.0,14.0,2.0,24.0,0.5,,0.04349923101882863,0.097277877884409,3.392940019468633,1.0,
2063,Q8K4P0_S999___1,,0.48448139512495475,0.07814921850781492,0.5245437011922015,ACOS,24.0,10.0,20.0,10.0,20.0,24.0,0.58,,0.004428713520216645,0.029725873473476612,0.3454396545768983,1.0,
2064,Q8K4Q0_S877___1,,0.3540440964374669,0.3125168748312517,0.8386535601185869,ACOS,24.0,14.0,4.0,14.0,4.0,24.0,0.42,,0.027887169552556004,0.07848809381134579,2.175199225099368,1.0,
2065,Q8K4Q0_S859___1,,0.37267799624996517,0.25001749982500177,0.783497463386022,COS,24.0,14.0,2.0,14.0,2.0,24.0,0.5,,0.02203270318362918,0.06904543509151728,1.718550848323076,1.0,
2066,Q8K4Q0_S722___1,,0.29814239699997214,0.43751562484375156,0.8852189547537208,ACOS,24.0,8.0,16.0,8.0,16.0,24.0,0.67,,0.05361444160464873,0.10847731432202215,4.181926445162601,1.0,
2067,Q8K4R4_S299___1,,0.24224069756247738,0.6250137498625014,0.9735791103627425,ACOS,24.0,22.0,20.0,22.0,20.0,24.0,0.08,,0.0953088004769263,0.14846178535828905,7.434086437200252,1.0,
2068,Q8K4R4_S274___1,,0.2795084971874739,0.5000149998500015,0.9204821588147755,ACOS,24.0,4.0,0.0,4.0,0.0,24.0,0.17,,0.06550881647134288,0.1205957757767903,5.1096876847647446,1.0,
2069,Q8K4Z5_S329___1,,0.3540440964374669,0.3125168748312517,0.8386535601185869,ACOS,24.0,20.0,0.0,20.0,0.0,24.0,0.83,,0.027887169552556004,0.07848809381134579,2.175199225099368,1.0,
2070,Q8N7N5_S123___1,,0.29814239699997214,0.43751562484375156,0.8852189547537208,ACOS,24.0,12.0,20.0,12.0,20.0,24.0,0.67,,0.05361444160464873,0.10847731432202215,4.181926445162601,1.0,
2071,Q8N7N5_S124___1,,0.48448139512495475,0.07814921850781492,0.5245437011922015,ACOS,24.0,14.0,14.0,14.0,14.0,24.0,0.0,,0.004428713520216645,0.029725873473476612,0.3454396545768983,1.0,
2072,Q8N7N5_S48___1,,0.37267799624996517,0.25001749982500177,0.783497463386022,ACOS,24.0,8.0,16.0,8.0,16.0,24.0,0.67,,0.02203270318362918,0.06904543509151728,1.718550848323076,1.0,
2073,Q8N7N5_S100___1,,0.11180339887498955,0.937510624893751,0.9899167645530791,ACOS,24.0,10.0,10.0,10.0,10.0,24.0,0.0,,0.2729083801775865,0.2881637536165899,21.286853653851747,1.0,
2074,Q8N7N5_S118___1,,0.2795084971874739,0.5000149998500015,0.9204821588147755,ACOS,24.0,8.0,10.0,8.0,10.0,24.0,0.92,,0.06550881647134288,0.1205957757767903,5.1096876847647446,1.0,
2075,Q8N7N5_S28___1,,0.13043729868748782,0.9062609373906261,0.9836522870292533,ACOS,24.0,14.0,14.0,14.0,14.0,24.0,0.0,,0.24049416858204564,0.26103148572645835,18.75854514939956,1.0,
2076,Q8QZR1_S448___1,,0.503115294937453,0.06251937480625194,0.49060770476039084,ACOS,24.0,14.0,6.0,14.0,6.0,24.0,0.33,,0.0032820864904672107,0.025755486597607225,0.2560027462564424,1.0,
2077,Q8QZT1_S230___1,,0.03726779962499652,0.998060019399806,0.9997391989244612,ACOS,24.0,14.0,6.0,14.0,6.0,24.0,0.33,,0.42021370096225497,0.42109483684181515,32.77666867505589,1.0,
2078,Q8QZY2_S16___1,,0.6894542930624356,0.001969980300196998,0.11768169818301817,ACOS,24.0,4.0,14.0,4.0,14.0,24.0,0.58,,9.769013212726992E-5,0.005835764267952787,0.007619830305927054,0.45518961290031734,
2079,Q8R0F9_S288___1,,0.16770509831248434,0.8437615623843762,0.9836522870292533,COS,24.0,14.0,2.0,14.0,2.0,24.0,0.5,,0.1824518756760124,0.21722409413444527,14.231246302728968,1.0,
2080,Q8R0G9_S492___1,,0.4099457958749617,0.18751812481875182,0.7309536040039274,ACOS,24.0,20.0,4.0,20.0,4.0,24.0,0.67,,0.013386385243419103,0.05218069745375196,1.04413804898669,1.0,
2081,Q8R0J8_S84___1,,0.4099457958749617,0.18751812481875182,0.7309536040039274,ACOS,24.0,10.0,2.0,10.0,2.0,24.0,0.33,,0.013386385243419103,0.05218069745375196,1.04413804898669,1.0,
2082,Q8R0N6_S450___1,,0.2236067977499791,0.6875131248687513,0.9836522870292533,ACOS,24.0,22.0,20.0,22.0,20.0,24.0,0.08,,0.11350807917025535,0.16368591139247143,8.853630175279918,1.0,
2083,Q8R0S2_S510___1,,0.503115294937453,0.06251937480625194,0.49060770476039084,ACOS,24.0,20.0,4.0,20.0,4.0,24.0,0.67,,0.0032820864904672107,0.025755486597607225,0.2560027462564424,1.0,
2084,Q8R0S2_S179___1,,0.24224069756247738,0.6250137498625014,0.9735791103627425,ACOS,24.0,22.0,16.0,22.0,16.0,24.0,0.25,,0.0953088004769263,0.14846178535828905,7.434086437200252,1.0,
2085,Q8R0S2_S922___1,,0.24224069756247738,0.6250137498625014,0.9735791103627425,ACOS,24.0,20.0,12.0,20.0,12.0,24.0,0.33,,0.0953088004769263,0.14846178535828905,7.434086437200252,1.0,
2086,Q8R0S2_S464___1,,0.3540440964374669,0.3125168748312517,0.8386535601185869,ACOS,24.0,20.0,10.0,20.0,10.0,24.0,0.42,,0.027887169552556004,0.07848809381134579,2.175199225099368,1.0,
2087,Q8R0S2_S251___1,,0.6149186938124426,0.007829921700782993,0.17567697562460996,ACOS,24.0,20.0,4.0,20.0,4.0,24.0,0.67,,4.465174392780171E-4,0.010018341982674385,0.03482836026368533,0.7814306746486018,
2088,Q8R0S2_S106___1,,0.26087459737497565,0.5625143748562514,0.9536205028159013,ACOS,24.0,14.0,14.0,14.0,14.0,24.0,0.0,,0.07935437224874475,0.1345280400768894,6.189641035402091,1.0,
2089,Q8R0W0_S2561___1,,0.3167762968124704,0.37501624983750165,0.8386535601185869,ACOS,24.0,20.0,4.0,20.0,4.0,24.0,0.67,,0.04349923101882863,0.097277877884409,3.392940019468633,1.0,
2090,Q8R0W0_S2606___1,,0.3540440964374669,0.3125168748312517,0.8386535601185869,ACOS,24.0,14.0,6.0,14.0,6.0,24.0,0.33,,0.027887169552556004,0.07848809381134579,2.175199225099368,1.0,
2091,Q8R0W0_S1537___1,,0.5590169943749478,0.023459765402345976,0.28673713262867373,ACOS,24.0,8.0,18.0,8.0,18.0,24.0,0.58,,0.0012630300532244254,0.015437392901175266,0.09851634415150518,1.0,
2092,Q8R0W0_S2705___1,,0.503115294937453,0.06251937480625194,0.49060770476039084,COS,24.0,8.0,20.0,8.0,20.0,24.0,0.5,,0.0032820864904672107,0.025755486597607225,0.2560027462564424,1.0,
2093,Q8R0W0_S2707___1,,0.4099457958749617,0.18751812481875182,0.7309536040039274,COS,24.0,8.0,20.0,8.0,20.0,24.0,0.5,,0.013386385243419103,0.05218069745375196,1.04413804898669,1.0,
2094,Q8R0Y6_S402___1,,0.24224069756247738,0.6250137498625014,0.9735791103627425,ACOS,24.0,14.0,14.0,14.0,14.0,24.0,0.0,,0.0953088004769263,0.14846178535828905,7.434086437200252,1.0,
2095,Q8R0Y6_S311___1,,0.20497289793748086,0.7500124998750013,0.9836522870292533,ACOS,24.0,14.0,14.0,14.0,14.0,24.0,0.0,,0.13405890065957154,0.18041889221405025,10.45659425144658,1.0,
2096,Q8R0Y6_S312___1,,0.07453559924999303,0.984390156098439,0.9974177898103224,ACOS,24.0,14.0,6.0,14.0,6.0,24.0,0.33,,0.34358681309626693,0.3483244335568646,26.799771421508822,1.0,
2097,Q8R0Y6_S631___1,,0.18633899812498259,0.8125118748812512,0.9836522870292533,ACOS,24.0,14.0,4.0,14.0,4.0,24.0,0.42,,0.15703129585716225,0.19764355093531163,12.248441076858654,1.0,
2098,Q8R0Y6_S9___1,,0.16770509831248434,0.8437615623843762,0.9836522870292533,ACOS,24.0,14.0,14.0,14.0,14.0,24.0,0.0,,0.1824518756760124,0.21722409413444527,14.231246302728968,1.0,
2099,Q8R146_S187___1,,0.13043729868748782,0.9062609373906261,0.9836522870292533,ACOS,24.0,22.0,16.0,22.0,16.0,24.0,0.25,,0.24049416858204564,0.26103148572645835,18.75854514939956,1.0,
2100,Q8R1A4_S888___1,,0.29814239699997214,0.43751562484375156,0.8852189547537208,ACOS,24.0,8.0,10.0,8.0,10.0,24.0,0.92,,0.05361444160464873,0.10847731432202215,4.181926445162601,1.0,
2101,Q8R1A4_S900___1,,0.20497289793748086,0.7500124998750013,0.9836522870292533,ACOS,24.0,16.0,14.0,16.0,14.0,24.0,0.08,,0.13405890065957154,0.18041889221405025,10.45659425144658,1.0,
2102,Q8R1A4_S180___1,,0.29814239699997214,0.43751562484375156,0.8852189547537208,ACOS,24.0,12.0,20.0,12.0,20.0,24.0,0.67,,0.05361444160464873,0.10847731432202215,4.181926445162601,1.0,
2103,Q8R1A4_S182___1,,0.503115294937453,0.06251937480625194,0.49060770476039084,ACOS,24.0,8.0,16.0,8.0,16.0,24.0,0.67,,0.0032820864904672107,0.025755486597607225,0.2560027462564424,1.0,
2104,Q8R1A4_S1428___1,,0.3540440964374669,0.3125168748312517,0.8386535601185869,ACOS,24.0,22.0,22.0,22.0,22.0,24.0,0.0,,0.027887169552556004,0.07848809381134579,2.175199225099368,1.0,
2105,Q8R1B4_S166___1,,0.18633899812498259,0.8125118748812512,0.9836522870292533,ACOS,24.0,2.0,2.0,2.0,2.0,24.0,0.0,,0.15703129585716225,0.19764355093531163,12.248441076858654,1.0,
2106,Q8R1B4_S39___1,,0.18633899812498259,0.8125118748812512,0.9836522870292533,COS,24.0,20.0,8.0,20.0,8.0,24.0,0.5,,0.15703129585716225,0.19764355093531163,12.248441076858654,1.0,
2107,Q8R1B4_S907___1,,0.11180339887498955,0.937510624893751,0.9899167645530791,ACOS,24.0,14.0,14.0,14.0,14.0,24.0,0.0,,0.2729083801775865,0.2881637536165899,21.286853653851747,1.0,
2108,Q8R1N0_S342___1,,0.18633899812498259,0.8125118748812512,0.9836522870292533,COS,24.0,14.0,2.0,14.0,2.0,24.0,0.5,,0.15703129585716225,0.19764355093531163,12.248441076858654,1.0,
2109,Q8R1Q8_S207___1,,0.4099457958749617,0.18751812481875182,0.7309536040039274,COS,24.0,14.0,2.0,14.0,2.0,24.0,0.5,,0.013386385243419103,0.05218069745375196,1.04413804898669,1.0,
2110,Q8R1S4_S276___1,,0.46584749531245645,0.0937690623093769,0.5471579350140564,ACOS,24.0,4.0,0.0,4.0,0.0,24.0,0.17,,0.005920711107451196,0.03454832525336907,0.4618154663811933,1.0,
2111,Q8R1S4_S636___1,,0.37267799624996517,0.25001749982500177,0.783497463386022,ACOS,24.0,10.0,20.0,10.0,20.0,24.0,0.58,,0.02203270318362918,0.06904543509151728,1.718550848323076,1.0,
2112,Q8R1S9_S49___1,,0.48448139512495475,0.07814921850781492,0.5245437011922015,COS,24.0,8.0,20.0,8.0,20.0,24.0,0.5,,0.004428713520216645,0.029725873473476612,0.3454396545768983,1.0,
2113,Q8R2M2_S173___1,,0.3167762968124704,0.37501624983750165,0.8386535601185869,ACOS,24.0,10.0,0.0,10.0,0.0,24.0,0.42,,0.04349923101882863,0.097277877884409,3.392940019468633,1.0,
2114,Q8R2M2_S248___1,,0.48448139512495475,0.07814921850781492,0.5245437011922015,ACOS,24.0,10.0,2.0,10.0,2.0,24.0,0.33,,0.004428713520216645,0.029725873473476612,0.3454396545768983,1.0,
2115,Q8R2M2_S255___1,,0.11180339887498955,0.937510624893751,0.9899167645530791,ACOS,24.0,4.0,0.0,4.0,0.0,24.0,0.17,,0.2729083801775865,0.2881637536165899,21.286853653851747,1.0,
2116,Q8R2R3_S312___1,,0.14907119849998607,0.8750112498875011,0.9836522870292533,ACOS,24.0,16.0,16.0,16.0,16.0,24.0,0.0,,0.21029812498078254,0.23917533062426458,16.403253748501037,1.0,
2117,Q8R310_S216___1,,0.42857969568745996,0.15626843731562684,0.6959989393582299,ACOS,24.0,8.0,8.0,8.0,8.0,24.0,0.0,,0.010293111274975088,0.04584415543625904,0.8028626794480569,1.0,
2118,Q8R310_S46___1,,0.2795084971874739,0.5000149998500015,0.9204821588147755,ACOS,24.0,14.0,14.0,14.0,14.0,24.0,0.0,,0.06550881647134288,0.1205957757767903,5.1096876847647446,1.0,
2119,Q8R310_S15___1,,0.3913118960624634,0.21876781232187678,0.7543227814475101,ACOS,24.0,22.0,22.0,22.0,22.0,24.0,0.0,,0.017251591034782986,0.059484382074478995,1.345624100713073,1.0,
2120,Q8R3B1_S460___1,,0.2795084971874739,0.5000149998500015,0.9204821588147755,ACOS,24.0,14.0,6.0,14.0,6.0,24.0,0.33,,0.06550881647134288,0.1205957757767903,5.1096876847647446,1.0,
2121,Q8R3F5_S41___1,,0.3167762968124704,0.37501624983750165,0.8386535601185869,ACOS,24.0,4.0,20.0,4.0,20.0,24.0,0.33,,0.04349923101882863,0.097277877884409,3.392940019468633,1.0,
2122,Q8R3F9_S688___1,,0.20497289793748086,0.7500124998750013,0.9836522870292533,ACOS,24.0,20.0,14.0,20.0,14.0,24.0,0.25,,0.13405890065957154,0.18041889221405025,10.45659425144658,1.0,
2123,Q8R3G1_S199___1,,0.48448139512495475,0.07814921850781492,0.5245437011922015,ACOS,24.0,14.0,4.0,14.0,4.0,24.0,0.42,,0.004428713520216645,0.029725873473476612,0.3454396545768983,1.0,
2124,Q8R3N6_S560___1,,0.16770509831248434,0.8437615623843762,0.9836522870292533,ACOS,24.0,10.0,10.0,10.0,10.0,24.0,0.0,,0.1824518756760124,0.21722409413444527,14.231246302728968,1.0,
2125,Q8R3S6_S501___1,,0.13043729868748782,0.9062609373906261,0.9836522870292533,ACOS,24.0,16.0,16.0,16.0,16.0,24.0,0.0,,0.24049416858204564,0.26103148572645835,18.75854514939956,1.0,
2126,Q8R3Y8_S453___1,,0.29814239699997214,0.43751562484375156,0.8852189547537208,ACOS,24.0,20.0,4.0,20.0,4.0,24.0,0.67,,0.05361444160464873,0.10847731432202215,4.181926445162601,1.0,
2127,Q8R409_S234___1,,0.3167762968124704,0.37501624983750165,0.8386535601185869,ACOS,24.0,20.0,4.0,20.0,4.0,24.0,0.67,,0.04349923101882863,0.097277877884409,3.392940019468633,1.0,
2128,Q8R4H2_S1280___1,,0.6894542930624356,0.001969980300196998,0.11768169818301817,ACOS,24.0,8.0,10.0,8.0,10.0,24.0,0.92,,9.769013212726992E-5,0.005835764267952787,0.007619830305927054,0.45518961290031734,
2129,Q8R4H2_S1327___1,,0.37267799624996517,0.25001749982500177,0.783497463386022,ACOS,24.0,20.0,4.0,20.0,4.0,24.0,0.67,,0.02203270318362918,0.06904543509151728,1.718550848323076,1.0,
2130,Q8R4H7_S109___1,,0.07453559924999303,0.984390156098439,0.9974177898103224,ACOS,24.0,16.0,16.0,16.0,16.0,24.0,0.0,,0.34358681309626693,0.3483244335568646,26.799771421508822,1.0,
2131,Q8R4H7_S68___1,,0.26087459737497565,0.5625143748562514,0.9536205028159013,ACOS,24.0,22.0,22.0,22.0,22.0,24.0,0.0,,0.07935437224874475,0.1345280400768894,6.189641035402091,1.0,
2132,Q8R4U0_S2503___1,,0.09316949906249129,0.968760312396876,0.9974177898103224,ACOS,24.0,16.0,16.0,16.0,16.0,24.0,0.0,,0.30735312441432305,0.3173127201503672,23.973543704317198,1.0,
2133,Q8R4U7_S660___1,,0.14907119849998607,0.8750112498875011,0.9836522870292533,ACOS,24.0,14.0,6.0,14.0,6.0,24.0,0.33,,0.21029812498078254,0.23917533062426458,16.403253748501037,1.0,
2134,Q8R4U7_S612___1,,0.07453559924999303,0.984390156098439,0.9974177898103224,ACOS,24.0,10.0,10.0,10.0,10.0,24.0,0.0,,0.34358681309626693,0.3483244335568646,26.799771421508822,1.0,
2135,Q8R516_S251___1,,0.18633899812498259,0.8125118748812512,0.9836522870292533,ACOS,24.0,10.0,2.0,10.0,2.0,24.0,0.33,,0.15703129585716225,0.19764355093531163,12.248441076858654,1.0,
2136,Q8R574_S219___1,,0.26087459737497565,0.5625143748562514,0.9536205028159013,ACOS,24.0,14.0,4.0,14.0,4.0,24.0,0.42,,0.07935437224874475,0.1345280400768894,6.189641035402091,1.0,
2137,Q8R574_S227___1,,0.4099457958749617,0.18751812481875182,0.7309536040039274,ACOS,24.0,20.0,4.0,20.0,4.0,24.0,0.67,,0.013386385243419103,0.05218069745375196,1.04413804898669,1.0,
2138,Q8R5F7_S289___1,,0.09316949906249129,0.968760312396876,0.9974177898103224,ACOS,24.0,22.0,22.0,22.0,22.0,24.0,0.0,,0.30735312441432305,0.3173127201503672,23.973543704317198,1.0,
2139,Q8R5F7_S1022___1,,0.20497289793748086,0.7500124998750013,0.9836522870292533,ACOS,24.0,20.0,4.0,20.0,4.0,24.0,0.67,,0.13405890065957154,0.18041889221405025,10.45659425144658,1.0,
2140,Q8R5F7_S302___1,,0.14907119849998607,0.8750112498875011,0.9836522870292533,ACOS,24.0,10.0,2.0,10.0,2.0,24.0,0.33,,0.21029812498078254,0.23917533062426458,16.403253748501037,1.0,
2141,Q8R5H1_S961___1,,0.3167762968124704,0.37501624983750165,0.8386535601185869,ACOS,24.0,16.0,8.0,16.0,8.0,24.0,0.33,,0.04349923101882863,0.097277877884409,3.392940019468633,1.0,
2142,Q8R5H1_S965___1,,0.3354101966249687,0.34376656233437664,0.8386535601185869,ACOS,24.0,16.0,12.0,16.0,12.0,24.0,0.17,,0.03498372787327912,0.08730403942892999,2.7287307741157716,1.0,
2143,Q8R5H1_S229___1,,0.4099457958749617,0.18751812481875182,0.7309536040039274,ACOS,24.0,4.0,14.0,4.0,14.0,24.0,0.58,,0.013386385243419103,0.05218069745375196,1.04413804898669,1.0,
2144,Q8R5K2_S401___1,,0.20497289793748086,0.7500124998750013,0.9836522870292533,ACOS,24.0,12.0,18.0,12.0,18.0,24.0,0.75,,0.13405890065957154,0.18041889221405025,10.45659425144658,1.0,
2145,Q8VBT0_S245___1,,0.18633899812498259,0.8125118748812512,0.9836522870292533,ACOS,24.0,16.0,8.0,16.0,8.0,24.0,0.33,,0.15703129585716225,0.19764355093531163,12.248441076858654,1.0,
2146,Q8VBT9_S193___1,,0.2236067977499791,0.6875131248687513,0.9836522870292533,ACOS,24.0,14.0,4.0,14.0,4.0,24.0,0.42,,0.11350807917025535,0.16368591139247143,8.853630175279918,1.0,
2147,Q8VBX6_S1459___1,,0.7080881928749339,9.89990100098999E-4,0.09098389785332915,COS,24.0,8.0,20.0,8.0,20.0,24.0,0.5,,6.522978591822107E-5,0.005835764267952787,0.005087923301621243,0.45518961290031734,
2148,Q8VC19_S118___1,,0.5403830945624495,0.031269687303126965,0.31931161457616186,ACOS,24.0,22.0,22.0,22.0,22.0,24.0,0.0,,0.0017528052122483628,0.01789883784045924,0.1367188065553723,1.0,
2149,Q8VC19_S122___1,,0.42857969568745996,0.15626843731562684,0.6959989393582299,ACOS,24.0,22.0,22.0,22.0,22.0,24.0,0.0,,0.010293111274975088,0.04584415543625904,0.8028626794480569,1.0,
2150,Q8VC30_S549___1,,0.3540440964374669,0.3125168748312517,0.8386535601185869,ACOS,24.0,20.0,4.0,20.0,4.0,24.0,0.67,,0.027887169552556004,0.07848809381134579,2.175199225099368,1.0,
2151,Q8VCB3_S627___1,,0.48448139512495475,0.07814921850781492,0.5245437011922015,ACOS,24.0,22.0,16.0,22.0,16.0,24.0,0.25,,0.004428713520216645,0.029725873473476612,0.3454396545768983,1.0,
2152,Q8VCB3_S8___1,,0.20497289793748086,0.7500124998750013,0.9836522870292533,ACOS,24.0,16.0,8.0,16.0,8.0,24.0,0.33,,0.13405890065957154,0.18041889221405025,10.45659425144658,1.0,
2153,Q8VCB3_S11___1,,0.3354101966249687,0.34376656233437664,0.8386535601185869,ACOS,24.0,12.0,18.0,12.0,18.0,24.0,0.75,,0.03498372787327912,0.08730403942892999,2.7287307741157716,1.0,
2154,Q8VCF0_S220___1,,0.5217491947499513,0.04689953100468995,0.4127676955274646,COS,24.0,8.0,20.0,8.0,20.0,24.0,0.5,,0.0024097615294134673,0.021208564178760516,0.18796139929425046,1.0,
2155,Q8VCF0_S152___1,,0.2795084971874739,0.5000149998500015,0.9204821588147755,COS,24.0,8.0,20.0,8.0,20.0,24.0,0.5,,0.06550881647134288,0.1205957757767903,5.1096876847647446,1.0,
2156,Q8VCF0_S186___1,,0.5403830945624495,0.031269687303126965,0.31931161457616186,ACOS,24.0,10.0,10.0,10.0,10.0,24.0,0.0,,0.0017528052122483628,0.01789883784045924,0.1367188065553723,1.0,
2157,Q8VCI5_S35___1,,0.726722092687432,4.999950000499995E-4,0.06827074586396994,COS,24.0,20.0,8.0,20.0,8.0,24.0,0.5,,4.3137942030421135E-5,0.005835764267952787,0.0033647594783728484,0.45518961290031734,
2158,Q8VCN5_S376___1,,0.13043729868748782,0.9062609373906261,0.9836522870292533,ACOS,24.0,16.0,22.0,16.0,22.0,24.0,0.75,,0.24049416858204564,0.26103148572645835,18.75854514939956,1.0,
2159,Q8VCR2_S33___1,,0.3913118960624634,0.21876781232187678,0.7543227814475101,ACOS,24.0,20.0,14.0,20.0,14.0,24.0,0.25,,0.017251591034782986,0.059484382074478995,1.345624100713073,1.0,
2160,Q8VCT9_S369___1,,0.37267799624996517,0.25001749982500177,0.783497463386022,ACOS,24.0,8.0,8.0,8.0,8.0,24.0,0.0,,0.02203270318362918,0.06904543509151728,1.718550848323076,1.0,
2161,Q8VCW8_S385___1,,0.18633899812498259,0.8125118748812512,0.9836522870292533,ACOS,24.0,8.0,10.0,8.0,10.0,24.0,0.92,,0.15703129585716225,0.19764355093531163,12.248441076858654,1.0,
2162,Q8VCX1_S228___1,,0.37267799624996517,0.25001749982500177,0.783497463386022,ACOS,24.0,10.0,20.0,10.0,20.0,24.0,0.58,,0.02203270318362918,0.06904543509151728,1.718550848323076,1.0,
2163,Q8VD04_S657___1,,0.26087459737497565,0.5625143748562514,0.9536205028159013,ACOS,24.0,22.0,16.0,22.0,16.0,24.0,0.25,,0.07935437224874475,0.1345280400768894,6.189641035402091,1.0,
2164,Q8VD04_S634___1,,0.4472135954999582,0.12501874981250188,0.6403693519334903,ACOS,24.0,22.0,22.0,22.0,22.0,24.0,0.0,,0.007842546279573382,0.04017098464103022,0.6117186098067239,1.0,
2165,Q8VDC1_S196___1,,0.24224069756247738,0.6250137498625014,0.9735791103627425,ACOS,24.0,2.0,18.0,2.0,18.0,24.0,0.33,,0.0953088004769263,0.14846178535828905,7.434086437200252,1.0,
2166,Q8VDD5_S1943___1,,0.5217491947499513,0.04689953100468995,0.4127676955274646,ACOS,24.0,20.0,10.0,20.0,10.0,24.0,0.42,,0.0024097615294134673,0.021208564178760516,0.18796139929425046,1.0,
2167,Q8VDG3_S573___1,,0.18633899812498259,0.8125118748812512,0.9836522870292533,COS,24.0,14.0,2.0,14.0,2.0,24.0,0.5,,0.15703129585716225,0.19764355093531163,12.248441076858654,1.0,
2168,Q8VDJ3_S1252___1,,0.5962847939999443,0.011739882601173987,0.2093466378769048,COS,24.0,8.0,20.0,8.0,20.0,24.0,0.5,,6.374983385533969E-4,0.011367927462487626,0.04972487040716496,0.8866983420740349,
2169,Q8VDJ3_S944___1,,0.26087459737497565,0.5625143748562514,0.9536205028159013,ACOS,24.0,14.0,14.0,14.0,14.0,24.0,0.0,,0.07935437224874475,0.1345280400768894,6.189641035402091,1.0,
2170,Q8VDJ3_S919___1,,0.37267799624996517,0.25001749982500177,0.783497463386022,COS,24.0,8.0,20.0,8.0,20.0,24.0,0.5,,0.02203270318362918,0.06904543509151728,1.718550848323076,1.0,
2171,Q8VDJ3_S923___1,,0.5590169943749478,0.023459765402345976,0.28673713262867373,COS,24.0,8.0,20.0,8.0,20.0,24.0,0.5,,0.0012630300532244254,0.015437392901175266,0.09851634415150518,1.0,
2172,Q8VDJ3_S317___1,,0.3167762968124704,0.37501624983750165,0.8386535601185869,ACOS,24.0,10.0,2.0,10.0,2.0,24.0,0.33,,0.04349923101882863,0.097277877884409,3.392940019468633,1.0,
2173,Q8VDJ3_S31___1,,0.3354101966249687,0.34376656233437664,0.8386535601185869,ACOS,24.0,20.0,4.0,20.0,4.0,24.0,0.67,,0.03498372787327912,0.08730403942892999,2.7287307741157716,1.0,
2174,Q8VDK1_S290___1,,0.4099457958749617,0.18751812481875182,0.7309536040039274,ACOS,24.0,8.0,16.0,8.0,16.0,24.0,0.67,,0.013386385243419103,0.05218069745375196,1.04413804898669,1.0,
2175,Q8VDM6_S195___1,,0.3354101966249687,0.34376656233437664,0.8386535601185869,ACOS,24.0,20.0,4.0,20.0,4.0,24.0,0.67,,0.03498372787327912,0.08730403942892999,2.7287307741157716,1.0,
2176,Q8VDN2_S47___1,,0.13043729868748782,0.9062609373906261,0.9836522870292533,ACOS,24.0,8.0,8.0,8.0,8.0,24.0,0.0,,0.24049416858204564,0.26103148572645835,18.75854514939956,1.0,
2177,Q8VDN2_S484___1,,0.29814239699997214,0.43751562484375156,0.8852189547537208,ACOS,24.0,16.0,16.0,16.0,16.0,24.0,0.0,,0.05361444160464873,0.10847731432202215,4.181926445162601,1.0,
2178,Q8VDP4_S298___1,,0.2795084971874739,0.5000149998500015,0.9204821588147755,ACOS,24.0,22.0,22.0,22.0,22.0,24.0,0.0,,0.06550881647134288,0.1205957757767903,5.1096876847647446,1.0,
2179,Q8VDP4_S807___1,,0.2236067977499791,0.6875131248687513,0.9836522870292533,ACOS,24.0,14.0,14.0,14.0,14.0,24.0,0.0,,0.11350807917025535,0.16368591139247143,8.853630175279918,1.0,
2180,Q8VDP4_S626___1,,0.20497289793748086,0.7500124998750013,0.9836522870292533,ACOS,24.0,20.0,4.0,20.0,4.0,24.0,0.67,,0.13405890065957154,0.18041889221405025,10.45659425144658,1.0,
2181,Q8VDP4_S677___1,,0.4472135954999582,0.12501874981250188,0.6403693519334903,ACOS,24.0,20.0,4.0,20.0,4.0,24.0,0.67,,0.007842546279573382,0.04017098464103022,0.6117186098067239,1.0,
2182,Q8VDQ8_S25___1,,0.2236067977499791,0.6875131248687513,0.9836522870292533,ACOS,24.0,20.0,4.0,20.0,4.0,24.0,0.67,,0.11350807917025535,0.16368591139247143,8.853630175279918,1.0,
2183,Q8VDR9_S882___1,,0.2236067977499791,0.6875131248687513,0.9836522870292533,ACOS,24.0,14.0,4.0,14.0,4.0,24.0,0.42,,0.11350807917025535,0.16368591139247143,8.853630175279918,1.0,
2184,Q8VDS4_S156___1,,0.20497289793748086,0.7500124998750013,0.9836522870292533,ACOS,24.0,16.0,22.0,16.0,22.0,24.0,0.75,,0.13405890065957154,0.18041889221405025,10.45659425144658,1.0,
2185,Q8VDY9_S183___1,,0.26087459737497565,0.5625143748562514,0.9536205028159013,ACOS,24.0,16.0,8.0,16.0,8.0,24.0,0.33,,0.07935437224874475,0.1345280400768894,6.189641035402091,1.0,
2186,Q8VDY9_S307___1,,0.3167762968124704,0.37501624983750165,0.8386535601185869,ACOS,24.0,14.0,4.0,14.0,4.0,24.0,0.42,,0.04349923101882863,0.097277877884409,3.392940019468633,1.0,
2187,Q8VDZ4_S529___1,,0.29814239699997214,0.43751562484375156,0.8852189547537208,ACOS,24.0,10.0,20.0,10.0,20.0,24.0,0.58,,0.05361444160464873,0.10847731432202215,4.181926445162601,1.0,
2188,Q8VDZ4_S380___1,,0.16770509831248434,0.8437615623843762,0.9836522870292533,ACOS,24.0,20.0,22.0,20.0,22.0,24.0,0.92,,0.1824518756760124,0.21722409413444527,14.231246302728968,1.0,
2189,Q8VDZ4_S415___1,,0.3354101966249687,0.34376656233437664,0.8386535601185869,ACOS,24.0,12.0,18.0,12.0,18.0,24.0,0.75,,0.03498372787327912,0.08730403942892999,2.7287307741157716,1.0,
2190,Q8VDZ4_S684___1,,0.14907119849998607,0.8750112498875011,0.9836522870292533,ACOS,24.0,10.0,6.0,10.0,6.0,24.0,0.17,,0.21029812498078254,0.23917533062426458,16.403253748501037,1.0,
2191,Q8VDZ4_S274___1,,0.3354101966249687,0.34376656233437664,0.8386535601185869,ACOS,24.0,12.0,20.0,12.0,20.0,24.0,0.67,,0.03498372787327912,0.08730403942892999,2.7287307741157716,1.0,
2192,Q8VE99_S100___1,,0.3913118960624634,0.21876781232187678,0.7543227814475101,ACOS,24.0,10.0,20.0,10.0,20.0,24.0,0.58,,0.017251591034782986,0.059484382074478995,1.345624100713073,1.0,
2193,Q8VEK3_S58___1,,0.3540440964374669,0.3125168748312517,0.8386535601185869,COS,24.0,8.0,20.0,8.0,20.0,24.0,0.5,,0.027887169552556004,0.07848809381134579,2.175199225099368,1.0,
2194,Q8VH51_S136___1,,0.3167762968124704,0.37501624983750165,0.8386535601185869,ACOS,24.0,2.0,10.0,2.0,10.0,24.0,0.67,,0.04349923101882863,0.097277877884409,3.392940019468633,1.0,
2195,Q8VH51_S97___1,,0.3540440964374669,0.3125168748312517,0.8386535601185869,ACOS,24.0,2.0,10.0,2.0,10.0,24.0,0.67,,0.027887169552556004,0.07848809381134579,2.175199225099368,1.0,
2196,Q8VHE0_S488___1,,0.29814239699997214,0.43751562484375156,0.8852189547537208,ACOS,24.0,10.0,2.0,10.0,2.0,24.0,0.33,,0.05361444160464873,0.10847731432202215,4.181926445162601,1.0,
2197,Q8VHK1_S941___1,,0.37267799624996517,0.25001749982500177,0.783497463386022,ACOS,24.0,16.0,22.0,16.0,22.0,24.0,0.75,,0.02203270318362918,0.06904543509151728,1.718550848323076,1.0,
2198,Q8VHR5_S136___1,,0.14907119849998607,0.8750112498875011,0.9836522870292533,ACOS,24.0,16.0,16.0,16.0,16.0,24.0,0.0,,0.21029812498078254,0.23917533062426458,16.403253748501037,1.0,
2199,Q8VHR5_S335___1,,0.46584749531245645,0.0937690623093769,0.5471579350140564,ACOS,24.0,4.0,14.0,4.0,14.0,24.0,0.58,,0.005920711107451196,0.03454832525336907,0.4618154663811933,1.0,
2200,Q8VI36_S272___1,,0.2236067977499791,0.6875131248687513,0.9836522870292533,COS,24.0,8.0,20.0,8.0,20.0,24.0,0.5,,0.11350807917025535,0.16368591139247143,8.853630175279918,1.0,
2201,Q8VI36_S340___1,,0.3354101966249687,0.34376656233437664,0.8386535601185869,COS,24.0,8.0,20.0,8.0,20.0,24.0,0.5,,0.03498372787327912,0.08730403942892999,2.7287307741157716,1.0,
2202,Q8VI36_S130___1,,0.07453559924999303,0.984390156098439,0.9974177898103224,ACOS,24.0,20.0,20.0,20.0,20.0,24.0,0.0,,0.34358681309626693,0.3483244335568646,26.799771421508822,1.0,
2203,Q8VI36_S137___1,,0.07453559924999303,0.984390156098439,0.9974177898103224,ACOS,24.0,22.0,22.0,22.0,22.0,24.0,0.0,,0.34358681309626693,0.3483244335568646,26.799771421508822,1.0,
2204,Q8VI36_S143___1,,0.2795084971874739,0.5000149998500015,0.9204821588147755,COS,24.0,14.0,2.0,14.0,2.0,24.0,0.5,,0.06550881647134288,0.1205957757767903,5.1096876847647446,1.0,
2205,Q8VI36_S322___1,,0.26087459737497565,0.5625143748562514,0.9536205028159013,ACOS,24.0,16.0,22.0,16.0,22.0,24.0,0.75,,0.07935437224874475,0.1345280400768894,6.189641035402091,1.0,
2206,Q8VI36_S83___1,,0.3167762968124704,0.37501624983750165,0.8386535601185869,ACOS,24.0,8.0,10.0,8.0,10.0,24.0,0.92,,0.04349923101882863,0.097277877884409,3.392940019468633,1.0,
2207,Q8VI47_S279___1,,0.07453559924999303,0.984390156098439,0.9974177898103224,ACOS,24.0,8.0,16.0,8.0,16.0,24.0,0.67,,0.34358681309626693,0.3483244335568646,26.799771421508822,1.0,
2208,Q8VI47_S281___1,,0.42857969568745996,0.15626843731562684,0.6959989393582299,ACOS,24.0,4.0,20.0,4.0,20.0,24.0,0.33,,0.010293111274975088,0.04584415543625904,0.8028626794480569,1.0,
2209,Q91V04_S365___1,,0.2795084971874739,0.5000149998500015,0.9204821588147755,ACOS,24.0,16.0,16.0,16.0,16.0,24.0,0.0,,0.06550881647134288,0.1205957757767903,5.1096876847647446,1.0,
2210,Q91V92_S455___1,,0.14907119849998607,0.8750112498875011,0.9836522870292533,ACOS,24.0,6.0,10.0,6.0,10.0,24.0,0.83,,0.21029812498078254,0.23917533062426458,16.403253748501037,1.0,
2211,Q91V92_S457___1,,0.14907119849998607,0.8750112498875011,0.9836522870292533,ACOS,24.0,2.0,2.0,2.0,2.0,24.0,0.0,,0.21029812498078254,0.23917533062426458,16.403253748501037,1.0,
2212,Q91VA0_S519___1,,0.26087459737497565,0.5625143748562514,0.9536205028159013,ACOS,24.0,8.0,8.0,8.0,8.0,24.0,0.0,,0.07935437224874475,0.1345280400768894,6.189641035402091,1.0,
2213,Q91VA0_S471___1,,0.09316949906249129,0.968760312396876,0.9974177898103224,ACOS,24.0,22.0,20.0,22.0,20.0,24.0,0.08,,0.30735312441432305,0.3173127201503672,23.973543704317198,1.0,
2214,Q91VA0_S19___1,,0.3167762968124704,0.37501624983750165,0.8386535601185869,ACOS,24.0,10.0,2.0,10.0,2.0,24.0,0.33,,0.04349923101882863,0.097277877884409,3.392940019468633,1.0,
2215,Q91VJ4_S281___1,,0.11180339887498955,0.937510624893751,0.9899167645530791,ACOS,24.0,2.0,10.0,2.0,10.0,24.0,0.67,,0.2729083801775865,0.2881637536165899,21.286853653851747,1.0,
2216,Q91VM5_S205___1,,0.09316949906249129,0.968760312396876,0.9974177898103224,ACOS,24.0,2.0,2.0,2.0,2.0,24.0,0.0,,0.30735312441432305,0.3173127201503672,23.973543704317198,1.0,
2217,Q91VS8_S879___1,,0.24224069756247738,0.6250137498625014,0.9735791103627425,ACOS,24.0,12.0,18.0,12.0,18.0,24.0,0.75,,0.0953088004769263,0.14846178535828905,7.434086437200252,1.0,
2218,Q91VS8_S884___1,,0.4099457958749617,0.18751812481875182,0.7309536040039274,COS,24.0,8.0,20.0,8.0,20.0,24.0,0.5,,0.013386385243419103,0.05218069745375196,1.04413804898669,1.0,
2219,Q91VU6_S75___1,,0.16770509831248434,0.8437615623843762,0.9836522870292533,ACOS,24.0,20.0,4.0,20.0,4.0,24.0,0.67,,0.1824518756760124,0.21722409413444527,14.231246302728968,1.0,
2220,Q91VU6_S11___1,,0.2236067977499791,0.6875131248687513,0.9836522870292533,ACOS,24.0,16.0,8.0,16.0,8.0,24.0,0.33,,0.11350807917025535,0.16368591139247143,8.853630175279918,1.0,
2221,Q91VW5_S41___1,,0.5403830945624495,0.031269687303126965,0.31931161457616186,ACOS,24.0,8.0,16.0,8.0,16.0,24.0,0.67,,0.0017528052122483628,0.01789883784045924,0.1367188065553723,1.0,
2222,Q91VX2_S634___1,,0.18633899812498259,0.8125118748812512,0.9836522870292533,ACOS,24.0,14.0,20.0,14.0,20.0,24.0,0.75,,0.15703129585716225,0.19764355093531163,12.248441076858654,1.0,
2223,Q91W18_S349___1,,0.20497289793748086,0.7500124998750013,0.9836522870292533,ACOS,24.0,10.0,4.0,10.0,4.0,24.0,0.25,,0.13405890065957154,0.18041889221405025,10.45659425144658,1.0,
2224,Q91W39_S9___1,,0.2795084971874739,0.5000149998500015,0.9204821588147755,COS,24.0,14.0,2.0,14.0,2.0,24.0,0.5,,0.06550881647134288,0.1205957757767903,5.1096876847647446,1.0,
2225,Q91W50_S123___1,,0.03726779962499652,0.998060019399806,0.9997391989244612,ACOS,24.0,16.0,8.0,16.0,8.0,24.0,0.33,,0.42021370096225497,0.42109483684181515,32.77666867505589,1.0,
2226,Q91W67_S230___1,,0.4472135954999582,0.12501874981250188,0.6403693519334903,ACOS,24.0,16.0,8.0,16.0,8.0,24.0,0.33,,0.007842546279573382,0.04017098464103022,0.6117186098067239,1.0,
2227,Q91W92_S121___1,,0.20497289793748086,0.7500124998750013,0.9836522870292533,ACOS,24.0,22.0,22.0,22.0,22.0,24.0,0.0,,0.13405890065957154,0.18041889221405025,10.45659425144658,1.0,
2228,Q91W92_S207___1,,0.2236067977499791,0.6875131248687513,0.9836522870292533,ACOS,24.0,8.0,8.0,8.0,8.0,24.0,0.0,,0.11350807917025535,0.16368591139247143,8.853630175279918,1.0,
2229,Q91WB4_S16___1,,0.16770509831248434,0.8437615623843762,0.9836522870292533,ACOS,24.0,20.0,4.0,20.0,4.0,24.0,0.67,,0.1824518756760124,0.21722409413444527,14.231246302728968,1.0,
2230,Q91WC0_S571___1,,0.16770509831248434,0.8437615623843762,0.9836522870292533,ACOS,24.0,16.0,10.0,16.0,10.0,24.0,0.25,,0.1824518756760124,0.21722409413444527,14.231246302728968,1.0,
2231,Q91WG5_S143___1,,0.48448139512495475,0.07814921850781492,0.5245437011922015,ACOS,24.0,8.0,16.0,8.0,16.0,24.0,0.67,,0.004428713520216645,0.029725873473476612,0.3454396545768983,1.0,
2232,Q91WG5_S195___1,,0.5217491947499513,0.04689953100468995,0.4127676955274646,ACOS,24.0,20.0,4.0,20.0,4.0,24.0,0.67,,0.0024097615294134673,0.021208564178760516,0.18796139929425046,1.0,
2233,Q91WG5_S122___1,,0.11180339887498955,0.937510624893751,0.9899167645530791,ACOS,24.0,2.0,12.0,2.0,12.0,24.0,0.58,,0.2729083801775865,0.2881637536165899,21.286853653851747,1.0,
2234,Q91WG5_S113___1,,0.5962847939999443,0.011739882601173987,0.2093466378769048,ACOS,24.0,20.0,4.0,20.0,4.0,24.0,0.67,,6.374983385533969E-4,0.011367927462487626,0.04972487040716496,0.8866983420740349,
2235,Q91WG5_S117___1,,0.5590169943749478,0.023459765402345976,0.28673713262867373,ACOS,24.0,4.0,14.0,4.0,14.0,24.0,0.58,,0.0012630300532244254,0.015437392901175266,0.09851634415150518,1.0,
2236,Q91WG5_S42___1,,0.2795084971874739,0.5000149998500015,0.9204821588147755,ACOS,24.0,14.0,14.0,14.0,14.0,24.0,0.0,,0.06550881647134288,0.1205957757767903,5.1096876847647446,1.0,
2237,Q91WK0_S111___1,,0.3167762968124704,0.37501624983750165,0.8386535601185869,ACOS,24.0,14.0,4.0,14.0,4.0,24.0,0.42,,0.04349923101882863,0.097277877884409,3.392940019468633,1.0,
2238,Q91WT9_S196___1,,0.24224069756247738,0.6250137498625014,0.9735791103627425,ACOS,24.0,20.0,0.0,20.0,0.0,24.0,0.83,,0.0953088004769263,0.14846178535828905,7.434086437200252,1.0,
2239,Q91WU5_S328___1,,0.46584749531245645,0.0937690623093769,0.5471579350140564,ACOS,24.0,4.0,0.0,4.0,0.0,24.0,0.17,,0.005920711107451196,0.03454832525336907,0.4618154663811933,1.0,
2240,Q91X34_S418___1,,0.20497289793748086,0.7500124998750013,0.9836522870292533,ACOS,24.0,10.0,2.0,10.0,2.0,24.0,0.33,,0.13405890065957154,0.18041889221405025,10.45659425144658,1.0,
2241,Q91X43_S65___1,,0.6894542930624356,0.001969980300196998,0.11768169818301817,COS,24.0,8.0,20.0,8.0,20.0,24.0,0.5,,9.769013212726992E-5,0.005835764267952787,0.007619830305927054,0.45518961290031734,
2242,Q91X51_S376___1,,0.20497289793748086,0.7500124998750013,0.9836522870292533,ACOS,24.0,10.0,4.0,10.0,4.0,24.0,0.25,,0.13405890065957154,0.18041889221405025,10.45659425144658,1.0,
2243,Q91X51_S422___1,,0.2795084971874739,0.5000149998500015,0.9204821588147755,ACOS,24.0,12.0,20.0,12.0,20.0,24.0,0.67,,0.06550881647134288,0.1205957757767903,5.1096876847647446,1.0,
2244,Q91X83_S115___1,,0.20497289793748086,0.7500124998750013,0.9836522870292533,ACOS,24.0,2.0,2.0,2.0,2.0,24.0,0.0,,0.13405890065957154,0.18041889221405025,10.45659425144658,1.0,
2245,Q91XD4_S339___1,,0.2795084971874739,0.5000149998500015,0.9204821588147755,ACOS,24.0,20.0,0.0,20.0,0.0,24.0,0.83,,0.06550881647134288,0.1205957757767903,5.1096876847647446,1.0,
2246,Q91XD6_S109___1,,0.4472135954999582,0.12501874981250188,0.6403693519334903,ACOS,24.0,20.0,4.0,20.0,4.0,24.0,0.67,,0.007842546279573382,0.04017098464103022,0.6117186098067239,1.0,
2247,Q91XF0_S241___1,,0.18633899812498259,0.8125118748812512,0.9836522870292533,ACOS,24.0,16.0,8.0,16.0,8.0,24.0,0.33,,0.15703129585716225,0.19764355093531163,12.248441076858654,1.0,
2248,Q91XF0_S175___1,,0.5962847939999443,0.011739882601173987,0.2093466378769048,ACOS,24.0,4.0,20.0,4.0,20.0,24.0,0.33,,6.374983385533969E-4,0.011367927462487626,0.04972487040716496,0.8866983420740349,
2249,Q91XF0_S176___1,,0.6149186938124426,0.007829921700782993,0.17567697562460996,ACOS,24.0,4.0,20.0,4.0,20.0,24.0,0.33,,4.465174392780171E-4,0.010018341982674385,0.03482836026368533,0.7814306746486018,
2250,Q91XT4_S182___1,,0.4099457958749617,0.18751812481875182,0.7309536040039274,ACOS,24.0,10.0,20.0,10.0,20.0,24.0,0.58,,0.013386385243419103,0.05218069745375196,1.04413804898669,1.0,
2251,Q91XT4_S185___1,,0.2795084971874739,0.5000149998500015,0.9204821588147755,ACOS,24.0,20.0,22.0,20.0,22.0,24.0,0.92,,0.06550881647134288,0.1205957757767903,5.1096876847647446,1.0,
2252,Q91XT4_S37___1,,0.42857969568745996,0.15626843731562684,0.6959989393582299,ACOS,24.0,4.0,14.0,4.0,14.0,24.0,0.58,,0.010293111274975088,0.04584415543625904,0.8028626794480569,1.0,
2253,Q91XT4_S137___1,,0.6149186938124426,0.007829921700782993,0.17567697562460996,ACOS,24.0,4.0,20.0,4.0,20.0,24.0,0.33,,4.465174392780171E-4,0.010018341982674385,0.03482836026368533,0.7814306746486018,
2254,Q91XU0_S75___1,,0.48448139512495475,0.07814921850781492,0.5245437011922015,COS,24.0,8.0,20.0,8.0,20.0,24.0,0.5,,0.004428713520216645,0.029725873473476612,0.3454396545768983,1.0,
2255,Q91XU0_S153___1,,0.11180339887498955,0.937510624893751,0.9899167645530791,ACOS,24.0,16.0,12.0,16.0,12.0,24.0,0.17,,0.2729083801775865,0.2881637536165899,21.286853653851747,1.0,
2256,Q91Y97_S132___1,,0.2795084971874739,0.5000149998500015,0.9204821588147755,ACOS,24.0,2.0,2.0,2.0,2.0,24.0,0.0,,0.06550881647134288,0.1205957757767903,5.1096876847647446,1.0,
2257,Q91Y97_S36___1,,0.20497289793748086,0.7500124998750013,0.9836522870292533,ACOS,24.0,22.0,16.0,22.0,16.0,24.0,0.25,,0.13405890065957154,0.18041889221405025,10.45659425144658,1.0,
2258,Q91Y97_S161___1,,0.24224069756247738,0.6250137498625014,0.9735791103627425,ACOS,24.0,14.0,14.0,14.0,14.0,24.0,0.0,,0.0953088004769263,0.14846178535828905,7.434086437200252,1.0,
2259,Q91Y97_S272___1,,0.3354101966249687,0.34376656233437664,0.8386535601185869,ACOS,24.0,16.0,16.0,16.0,16.0,24.0,0.0,,0.03498372787327912,0.08730403942892999,2.7287307741157716,1.0,
2260,Q91YE3_S129___1,,0.055901699437494776,0.99220007799922,0.9974177898103224,ACOS,24.0,20.0,12.0,20.0,12.0,24.0,0.33,,0.3813183256938952,0.38332357561866326,29.742829404123825,1.0,
2261,Q91YE7_S59___1,,0.07453559924999303,0.984390156098439,0.9974177898103224,ACOS,24.0,8.0,16.0,8.0,16.0,24.0,0.67,,0.34358681309626693,0.3483244335568646,26.799771421508822,1.0,
2262,Q91YE7_S624___1,,0.3540440964374669,0.3125168748312517,0.8386535601185869,ACOS,24.0,8.0,8.0,8.0,8.0,24.0,0.0,,0.027887169552556004,0.07848809381134579,2.175199225099368,1.0,
2263,Q91YM2_S1134___1,,0.26087459737497565,0.5625143748562514,0.9536205028159013,ACOS,24.0,16.0,16.0,16.0,16.0,24.0,0.0,,0.07935437224874475,0.1345280400768894,6.189641035402091,1.0,
2264,Q91YM2_S1179___1,,0.503115294937453,0.06251937480625194,0.49060770476039084,ACOS,24.0,20.0,4.0,20.0,4.0,24.0,0.67,,0.0032820864904672107,0.025755486597607225,0.2560027462564424,1.0,
2265,Q91YP3_S292___1,,0.29814239699997214,0.43751562484375156,0.8852189547537208,ACOS,24.0,14.0,4.0,14.0,4.0,24.0,0.42,,0.05361444160464873,0.10847731432202215,4.181926445162601,1.0,
2266,Q91YR1_S143___1,,0.24224069756247738,0.6250137498625014,0.9735791103627425,ACOS,24.0,10.0,20.0,10.0,20.0,24.0,0.58,,0.0953088004769263,0.14846178535828905,7.434086437200252,1.0,
2267,Q91YU8_S362___1,,0.13043729868748782,0.9062609373906261,0.9836522870292533,ACOS,24.0,22.0,22.0,22.0,22.0,24.0,0.0,,0.24049416858204564,0.26103148572645835,18.75854514939956,1.0,
2268,Q91Z67_S1013___1,,0.14907119849998607,0.8750112498875011,0.9836522870292533,ACOS,24.0,14.0,14.0,14.0,14.0,24.0,0.0,,0.21029812498078254,0.23917533062426458,16.403253748501037,1.0,
2269,Q91Z96_S888___1,,0.14907119849998607,0.8750112498875011,0.9836522870292533,ACOS,24.0,4.0,20.0,4.0,20.0,24.0,0.33,,0.21029812498078254,0.23917533062426458,16.403253748501037,1.0,
2270,Q91Z96_S865___1,,0.24224069756247738,0.6250137498625014,0.9735791103627425,ACOS,24.0,12.0,20.0,12.0,20.0,24.0,0.67,,0.0953088004769263,0.14846178535828905,7.434086437200252,1.0,
2271,Q91Z96_S13___1,,0.2795084971874739,0.5000149998500015,0.9204821588147755,ACOS,24.0,22.0,22.0,22.0,22.0,24.0,0.0,,0.06550881647134288,0.1205957757767903,5.1096876847647446,1.0,
2272,Q91Z96_S908___1,,0.42857969568745996,0.15626843731562684,0.6959989393582299,ACOS,24.0,14.0,14.0,14.0,14.0,24.0,0.0,,0.010293111274975088,0.04584415543625904,0.8028626794480569,1.0,
2273,Q91ZA3_S248___1,,0.6335525936249408,0.005879941200587994,0.1643288830269592,COS,24.0,14.0,2.0,14.0,2.0,24.0,0.5,,3.0978912629739484E-4,0.008657790845469297,0.0241635518511968,0.6753076859466053,
2274,Q91ZJ5_S13___1,,0.16770509831248434,0.8437615623843762,0.9836522870292533,ACOS,24.0,14.0,14.0,14.0,14.0,24.0,0.0,,0.1824518756760124,0.21722409413444527,14.231246302728968,1.0,
2275,Q91ZM2_S417___1,,0.5403830945624495,0.031269687303126965,0.31931161457616186,COS,24.0,8.0,20.0,8.0,20.0,24.0,0.5,,0.0017528052122483628,0.01789883784045924,0.1367188065553723,1.0,
2276,Q91ZM2_S126___1,,0.6149186938124426,0.007829921700782993,0.17567697562460996,ACOS,24.0,4.0,14.0,4.0,14.0,24.0,0.58,,4.465174392780171E-4,0.010018341982674385,0.03482836026368533,0.7814306746486018,
2277,Q91ZP3_S483___1,,0.4099457958749617,0.18751812481875182,0.7309536040039274,ACOS,24.0,8.0,16.0,8.0,16.0,24.0,0.67,,0.013386385243419103,0.05218069745375196,1.04413804898669,1.0,
2278,Q91ZP3_S892___1,,0.4472135954999582,0.12501874981250188,0.6403693519334903,ACOS,24.0,8.0,16.0,8.0,16.0,24.0,0.67,,0.007842546279573382,0.04017098464103022,0.6117186098067239,1.0,
2279,Q91ZV0_S1131___1,,0.4472135954999582,0.12501874981250188,0.6403693519334903,ACOS,24.0,14.0,16.0,14.0,16.0,24.0,0.92,,0.007842546279573382,0.04017098464103022,0.6117186098067239,1.0,
2280,Q91ZV0_S1190___1,,0.4472135954999582,0.12501874981250188,0.6403693519334903,ACOS,24.0,20.0,4.0,20.0,4.0,24.0,0.67,,0.007842546279573382,0.04017098464103022,0.6117186098067239,1.0,
2281,Q91ZV0_S1271___1,,0.3354101966249687,0.34376656233437664,0.8386535601185869,ACOS,24.0,8.0,12.0,8.0,12.0,24.0,0.83,,0.03498372787327912,0.08730403942892999,2.7287307741157716,1.0,
2282,Q91ZV0_S1117___1,,0.726722092687432,4.999950000499995E-4,0.06827074586396994,ACOS,24.0,4.0,20.0,4.0,20.0,24.0,0.33,,4.3137942030421135E-5,0.005835764267952787,0.0033647594783728484,0.45518961290031734,
2283,Q91ZV0_S1228___1,,0.3354101966249687,0.34376656233437664,0.8386535601185869,ACOS,24.0,4.0,14.0,4.0,14.0,24.0,0.58,,0.03498372787327912,0.08730403942892999,2.7287307741157716,1.0,
2284,Q91ZV0_S1178___1,,0.3540440964374669,0.3125168748312517,0.8386535601185869,ACOS,24.0,4.0,20.0,4.0,20.0,24.0,0.33,,0.027887169552556004,0.07848809381134579,2.175199225099368,1.0,
2285,Q91ZV0_S1154___1,,0.577650894187446,0.015639843601563983,0.22997788483653625,ACOS,24.0,4.0,20.0,4.0,20.0,24.0,0.33,,9.015710203196908E-4,0.013257255095716316,0.07032253958493588,1.0,
2286,Q91ZV0_S1210___1,,0.16770509831248434,0.8437615623843762,0.9836522870292533,ACOS,24.0,8.0,16.0,8.0,16.0,24.0,0.67,,0.1824518756760124,0.21722409413444527,14.231246302728968,1.0,
2287,Q91ZW3_S65___1,,0.29814239699997214,0.43751562484375156,0.8852189547537208,ACOS,24.0,12.0,20.0,12.0,20.0,24.0,0.67,,0.05361444160464873,0.10847731432202215,4.181926445162601,1.0,
2288,Q91ZX7_S4521___1,,0.26087459737497565,0.5625143748562514,0.9536205028159013,ACOS,24.0,12.0,20.0,12.0,20.0,24.0,0.67,,0.07935437224874475,0.1345280400768894,6.189641035402091,1.0,
2289,Q920I9_S935___1,,0.11180339887498955,0.937510624893751,0.9899167645530791,ACOS,24.0,8.0,8.0,8.0,8.0,24.0,0.0,,0.2729083801775865,0.2881637536165899,21.286853653851747,1.0,
2290,Q920I9_S1151___1,,0.16770509831248434,0.8437615623843762,0.9836522870292533,ACOS,24.0,2.0,10.0,2.0,10.0,24.0,0.67,,0.1824518756760124,0.21722409413444527,14.231246302728968,1.0,
2291,Q920N2_S124___1,,0.16770509831248434,0.8437615623843762,0.9836522870292533,ACOS,24.0,14.0,14.0,14.0,14.0,24.0,0.0,,0.1824518756760124,0.21722409413444527,14.231246302728968,1.0,
2292,Q920Q8_S246___1,,0.42857969568745996,0.15626843731562684,0.6959989393582299,ACOS,24.0,10.0,4.0,10.0,4.0,24.0,0.25,,0.010293111274975088,0.04584415543625904,0.8028626794480569,1.0,
2293,Q920Q8_S338___1,,0.18633899812498259,0.8125118748812512,0.9836522870292533,ACOS,24.0,16.0,22.0,16.0,22.0,24.0,0.75,,0.15703129585716225,0.19764355093531163,12.248441076858654,1.0,
2294,Q920R0_S460___1,,0.6708203932499374,0.002949970500294997,0.1270081893775657,COS,24.0,8.0,20.0,8.0,20.0,24.0,0.5,,1.449047398848948E-4,0.006238736503692902,0.011302569711021794,0.4866214472880464,
2295,Q920R0_S477___1,,0.3540440964374669,0.3125168748312517,0.8386535601185869,ACOS,24.0,10.0,20.0,10.0,20.0,24.0,0.58,,0.027887169552556004,0.07848809381134579,2.175199225099368,1.0,
2296,Q920R0_S486___1,,0.09316949906249129,0.968760312396876,0.9974177898103224,ACOS,24.0,14.0,14.0,14.0,14.0,24.0,0.0,,0.30735312441432305,0.3173127201503672,23.973543704317198,1.0,
2297,Q920R0_S1458___1,,0.16770509831248434,0.8437615623843762,0.9836522870292533,ACOS,24.0,10.0,2.0,10.0,2.0,24.0,0.33,,0.1824518756760124,0.21722409413444527,14.231246302728968,1.0,
2298,Q921F4_S37___1,,0.11180339887498955,0.937510624893751,0.9899167645530791,ACOS,24.0,8.0,8.0,8.0,8.0,24.0,0.0,,0.2729083801775865,0.2881637536165899,21.286853653851747,1.0,
2299,Q921G7_S550___1,,0.13043729868748782,0.9062609373906261,0.9836522870292533,ACOS,24.0,8.0,10.0,8.0,10.0,24.0,0.92,,0.24049416858204564,0.26103148572645835,18.75854514939956,1.0,
2300,Q921H8_S34___1,,0.11180339887498955,0.937510624893751,0.9899167645530791,ACOS,24.0,14.0,4.0,14.0,4.0,24.0,0.42,,0.2729083801775865,0.2881637536165899,21.286853653851747,1.0,
2301,Q921I2_S420___1,,0.4099457958749617,0.18751812481875182,0.7309536040039274,ACOS,24.0,16.0,16.0,16.0,16.0,24.0,0.0,,0.013386385243419103,0.05218069745375196,1.04413804898669,1.0,
2302,Q922B9_S90___1,,0.20497289793748086,0.7500124998750013,0.9836522870292533,ACOS,24.0,14.0,20.0,14.0,20.0,24.0,0.75,,0.13405890065957154,0.18041889221405025,10.45659425144658,1.0,
2303,Q922B9_S109___1,,0.055901699437494776,0.99220007799922,0.9974177898103224,ACOS,24.0,16.0,8.0,16.0,8.0,24.0,0.33,,0.3813183256938952,0.38332357561866326,29.742829404123825,1.0,
2304,Q922B9_S667___1,,0.11180339887498955,0.937510624893751,0.9899167645530791,ACOS,24.0,14.0,16.0,14.0,16.0,24.0,0.92,,0.2729083801775865,0.2881637536165899,21.286853653851747,1.0,
2305,Q922B9_S1036___1,,0.14907119849998607,0.8750112498875011,0.9836522870292533,ACOS,24.0,16.0,8.0,16.0,8.0,24.0,0.33,,0.21029812498078254,0.23917533062426458,16.403253748501037,1.0,
2306,Q922D4_S550___1,,0.3167762968124704,0.37501624983750165,0.8386535601185869,ACOS,24.0,14.0,16.0,14.0,16.0,24.0,0.92,,0.04349923101882863,0.097277877884409,3.392940019468633,1.0,
2307,Q922D4_S588___1,,0.13043729868748782,0.9062609373906261,0.9836522870292533,ACOS,24.0,20.0,4.0,20.0,4.0,24.0,0.67,,0.24049416858204564,0.26103148572645835,18.75854514939956,1.0,
2308,Q922H1_S22___1,,0.16770509831248434,0.8437615623843762,0.9836522870292533,ACOS,24.0,14.0,14.0,14.0,14.0,24.0,0.0,,0.1824518756760124,0.21722409413444527,14.231246302728968,1.0,
2309,Q922H1_S24___1,,0.16770509831248434,0.8437615623843762,0.9836522870292533,ACOS,24.0,14.0,14.0,14.0,14.0,24.0,0.0,,0.1824518756760124,0.21722409413444527,14.231246302728968,1.0,
2310,Q922J3_S347___1,,0.4472135954999582,0.12501874981250188,0.6403693519334903,COS,24.0,8.0,20.0,8.0,20.0,24.0,0.5,,0.007842546279573382,0.04017098464103022,0.6117186098067239,1.0,
2311,Q922J3_S311___1,,0.5403830945624495,0.031269687303126965,0.31931161457616186,ACOS,24.0,20.0,4.0,20.0,4.0,24.0,0.67,,0.0017528052122483628,0.01789883784045924,0.1367188065553723,1.0,
2312,Q922J3_S194___1,,0.7639898923124286,1.999980000199998E-4,0.06212637873621263,ACOS,24.0,20.0,4.0,20.0,4.0,24.0,0.67,,1.8327684552914936E-5,0.005835764267952787,0.001429559395127365,0.45518961290031734,
2313,Q922J3_S203___1,,0.6335525936249408,0.005879941200587994,0.1643288830269592,ACOS,24.0,16.0,22.0,16.0,22.0,24.0,0.75,,3.0978912629739484E-4,0.008657790845469297,0.0241635518511968,0.6753076859466053,
2314,Q922J3_S1317___1,,0.26087459737497565,0.5625143748562514,0.9536205028159013,ACOS,24.0,16.0,22.0,16.0,22.0,24.0,0.75,,0.07935437224874475,0.1345280400768894,6.189641035402091,1.0,
2315,Q922R8_S428___1,,0.2236067977499791,0.6875131248687513,0.9836522870292533,ACOS,24.0,16.0,8.0,16.0,8.0,24.0,0.33,,0.11350807917025535,0.16368591139247143,8.853630175279918,1.0,
2316,Q922U1_S619___1,,0.37267799624996517,0.25001749982500177,0.783497463386022,ACOS,24.0,20.0,4.0,20.0,4.0,24.0,0.67,,0.02203270318362918,0.06904543509151728,1.718550848323076,1.0,
2317,Q923B1_S505___1,,0.503115294937453,0.06251937480625194,0.49060770476039084,ACOS,24.0,22.0,22.0,22.0,22.0,24.0,0.0,,0.0032820864904672107,0.025755486597607225,0.2560027462564424,1.0,
2318,Q923B1_S489___1,,0.3354101966249687,0.34376656233437664,0.8386535601185869,ACOS,24.0,20.0,4.0,20.0,4.0,24.0,0.67,,0.03498372787327912,0.08730403942892999,2.7287307741157716,1.0,
2319,Q923B1_S491___1,,0.3167762968124704,0.37501624983750165,0.8386535601185869,ACOS,24.0,20.0,14.0,20.0,14.0,24.0,0.25,,0.04349923101882863,0.097277877884409,3.392940019468633,1.0,
2320,Q923D5_S181___1,,0.3913118960624634,0.21876781232187678,0.7543227814475101,ACOS,24.0,8.0,10.0,8.0,10.0,24.0,0.92,,0.017251591034782986,0.059484382074478995,1.345624100713073,1.0,
2321,Q923D5_S237___1,,0.37267799624996517,0.25001749982500177,0.783497463386022,ACOS,24.0,22.0,16.0,22.0,16.0,24.0,0.25,,0.02203270318362918,0.06904543509151728,1.718550848323076,1.0,
2322,Q923E4_S14___1,,0.3354101966249687,0.34376656233437664,0.8386535601185869,ACOS,24.0,16.0,16.0,16.0,16.0,24.0,0.0,,0.03498372787327912,0.08730403942892999,2.7287307741157716,1.0,
2323,Q923Q2_S411___1,,0.3167762968124704,0.37501624983750165,0.8386535601185869,ACOS,24.0,10.0,4.0,10.0,4.0,24.0,0.25,,0.04349923101882863,0.097277877884409,3.392940019468633,1.0,
2324,Q923Q2_S557___1,,0.20497289793748086,0.7500124998750013,0.9836522870292533,ACOS,24.0,10.0,2.0,10.0,2.0,24.0,0.33,,0.13405890065957154,0.18041889221405025,10.45659425144658,1.0,
2325,Q923Q2_S133___1,,0.24224069756247738,0.6250137498625014,0.9735791103627425,ACOS,24.0,10.0,4.0,10.0,4.0,24.0,0.25,,0.0953088004769263,0.14846178535828905,7.434086437200252,1.0,
2326,Q923U0_S170___1,,0.6521864934374391,0.003919960800391996,0.13674082237279817,ACOS,24.0,20.0,4.0,20.0,4.0,24.0,0.67,,2.1288795232688796E-4,0.007426215504891954,0.01660526028149726,0.5792448093815723,
2327,Q924W7_S446___1,,0.11180339887498955,0.937510624893751,0.9899167645530791,ACOS,24.0,14.0,14.0,14.0,14.0,24.0,0.0,,0.2729083801775865,0.2881637536165899,21.286853653851747,1.0,
2328,Q93092_S256___1,,0.26087459737497565,0.5625143748562514,0.9536205028159013,ACOS,24.0,14.0,16.0,14.0,16.0,24.0,0.92,,0.07935437224874475,0.1345280400768894,6.189641035402091,1.0,
2329,Q93092_S237___1,,0.24224069756247738,0.6250137498625014,0.9735791103627425,ACOS,24.0,16.0,22.0,16.0,22.0,24.0,0.75,,0.0953088004769263,0.14846178535828905,7.434086437200252,1.0,
2330,Q99J08_S116___1,,0.2795084971874739,0.5000149998500015,0.9204821588147755,ACOS,24.0,20.0,4.0,20.0,4.0,24.0,0.67,,0.06550881647134288,0.1205957757767903,5.1096876847647446,1.0,
2331,Q99J27_S42___1,,0.48448139512495475,0.07814921850781492,0.5245437011922015,COS,24.0,8.0,20.0,8.0,20.0,24.0,0.5,,0.004428713520216645,0.029725873473476612,0.3454396545768983,1.0,
2332,Q99J36_S8___1,,0.4099457958749617,0.18751812481875182,0.7309536040039274,ACOS,24.0,20.0,4.0,20.0,4.0,24.0,0.67,,0.013386385243419103,0.05218069745375196,1.04413804898669,1.0,
2333,Q99J36_S88___1,,0.20497289793748086,0.7500124998750013,0.9836522870292533,ACOS,24.0,20.0,6.0,20.0,6.0,24.0,0.58,,0.13405890065957154,0.18041889221405025,10.45659425144658,1.0,
2334,Q99JB8_S354___1,,0.13043729868748782,0.9062609373906261,0.9836522870292533,COS,24.0,20.0,8.0,20.0,8.0,24.0,0.5,,0.24049416858204564,0.26103148572645835,18.75854514939956,1.0,
2335,Q99JB8_S276___1,,0.18633899812498259,0.8125118748812512,0.9836522870292533,ACOS,24.0,10.0,2.0,10.0,2.0,24.0,0.33,,0.15703129585716225,0.19764355093531163,12.248441076858654,1.0,
2336,Q99JB8_S319___1,,0.29814239699997214,0.43751562484375156,0.8852189547537208,ACOS,24.0,20.0,4.0,20.0,4.0,24.0,0.67,,0.05361444160464873,0.10847731432202215,4.181926445162601,1.0,
2337,Q99JF8_S106___1,,0.5962847939999443,0.011739882601173987,0.2093466378769048,ACOS,24.0,20.0,6.0,20.0,6.0,24.0,0.58,,6.374983385533969E-4,0.011367927462487626,0.04972487040716496,0.8866983420740349,
2338,Q99JF8_S176___1,,0.20497289793748086,0.7500124998750013,0.9836522870292533,ACOS,24.0,16.0,8.0,16.0,8.0,24.0,0.33,,0.13405890065957154,0.18041889221405025,10.45659425144658,1.0,
2339,Q99JX3_S411___1,,0.24224069756247738,0.6250137498625014,0.9735791103627425,ACOS,24.0,8.0,16.0,8.0,16.0,24.0,0.67,,0.0953088004769263,0.14846178535828905,7.434086437200252,1.0,
2340,Q99JX4_S2___1,,0.3913118960624634,0.21876781232187678,0.7543227814475101,ACOS,24.0,16.0,8.0,16.0,8.0,24.0,0.33,,0.017251591034782986,0.059484382074478995,1.345624100713073,1.0,
2341,Q99JY3_S17___1,,0.3540440964374669,0.3125168748312517,0.8386535601185869,ACOS,24.0,2.0,10.0,2.0,10.0,24.0,0.67,,0.027887169552556004,0.07848809381134579,2.175199225099368,1.0,
2342,Q99JZ7_S272___1,,0.2236067977499791,0.6875131248687513,0.9836522870292533,ACOS,24.0,10.0,4.0,10.0,4.0,24.0,0.25,,0.11350807917025535,0.16368591139247143,8.853630175279918,1.0,
2343,Q99JZ7_S214___1,,0.2795084971874739,0.5000149998500015,0.9204821588147755,COS,24.0,8.0,20.0,8.0,20.0,24.0,0.5,,0.06550881647134288,0.1205957757767903,5.1096876847647446,1.0,
2344,Q99JZ7_S367___1,,0.13043729868748782,0.9062609373906261,0.9836522870292533,ACOS,24.0,14.0,16.0,14.0,16.0,24.0,0.92,,0.24049416858204564,0.26103148572645835,18.75854514939956,1.0,
2345,Q99JZ7_S368___1,,0.16770509831248434,0.8437615623843762,0.9836522870292533,ACOS,24.0,14.0,16.0,14.0,16.0,24.0,0.92,,0.1824518756760124,0.21722409413444527,14.231246302728968,1.0,
2346,Q99JZ7_S301___1,,0.13043729868748782,0.9062609373906261,0.9836522870292533,ACOS,24.0,4.0,20.0,4.0,20.0,24.0,0.33,,0.24049416858204564,0.26103148572645835,18.75854514939956,1.0,
2347,Q99JZ7_S310___1,,0.16770509831248434,0.8437615623843762,0.9836522870292533,ACOS,24.0,14.0,6.0,14.0,6.0,24.0,0.33,,0.1824518756760124,0.21722409413444527,14.231246302728968,1.0,
2348,Q99JZ7_S251___1,,0.20497289793748086,0.7500124998750013,0.9836522870292533,COS,24.0,20.0,8.0,20.0,8.0,24.0,0.5,,0.13405890065957154,0.18041889221405025,10.45659425144658,1.0,
2349,Q99K28_S432___1,,0.46584749531245645,0.0937690623093769,0.5471579350140564,ACOS,24.0,4.0,20.0,4.0,20.0,24.0,0.33,,0.005920711107451196,0.03454832525336907,0.4618154663811933,1.0,
2350,Q99K28_S339___1,,0.4472135954999582,0.12501874981250188,0.6403693519334903,ACOS,24.0,4.0,20.0,4.0,20.0,24.0,0.33,,0.007842546279573382,0.04017098464103022,0.6117186098067239,1.0,
2351,Q99K28_S239___1,,0.5962847939999443,0.011739882601173987,0.2093466378769048,ACOS,24.0,4.0,0.0,4.0,0.0,24.0,0.17,,6.374983385533969E-4,0.011367927462487626,0.04972487040716496,0.8866983420740349,
2352,Q99K30_S204___1,,0.11180339887498955,0.937510624893751,0.9899167645530791,ACOS,24.0,12.0,18.0,12.0,18.0,24.0,0.75,,0.2729083801775865,0.2881637536165899,21.286853653851747,1.0,
2353,Q99K30_S17___1,,0.24224069756247738,0.6250137498625014,0.9735791103627425,ACOS,24.0,8.0,18.0,8.0,18.0,24.0,0.58,,0.0953088004769263,0.14846178535828905,7.434086437200252,1.0,
2354,Q99K30_S573___1,,0.18633899812498259,0.8125118748812512,0.9836522870292533,ACOS,24.0,4.0,14.0,4.0,14.0,24.0,0.58,,0.15703129585716225,0.19764355093531163,12.248441076858654,1.0,
2355,Q99K51_S339___1,,0.24224069756247738,0.6250137498625014,0.9735791103627425,ACOS,24.0,20.0,4.0,20.0,4.0,24.0,0.67,,0.0953088004769263,0.14846178535828905,7.434086437200252,1.0,
2356,Q99K70_S94___1,,0.2795084971874739,0.5000149998500015,0.9204821588147755,ACOS,24.0,14.0,16.0,14.0,16.0,24.0,0.92,,0.06550881647134288,0.1205957757767903,5.1096876847647446,1.0,
2357,Q99K70_S15___1,,0.14907119849998607,0.8750112498875011,0.9836522870292533,ACOS,24.0,20.0,20.0,20.0,20.0,24.0,0.0,,0.21029812498078254,0.23917533062426458,16.403253748501037,1.0,
2358,Q99K74_S871___1,,0.6708203932499374,0.002949970500294997,0.1270081893775657,COS,24.0,20.0,8.0,20.0,8.0,24.0,0.5,,1.449047398848948E-4,0.006238736503692902,0.011302569711021794,0.4866214472880464,
2359,Q99KG3_S736___1,,0.18633899812498259,0.8125118748812512,0.9836522870292533,ACOS,24.0,10.0,2.0,10.0,2.0,24.0,0.33,,0.15703129585716225,0.19764355093531163,12.248441076858654,1.0,
2360,Q99KG3_S89___1,,0.18633899812498259,0.8125118748812512,0.9836522870292533,ACOS,24.0,16.0,16.0,16.0,16.0,24.0,0.0,,0.15703129585716225,0.19764355093531163,12.248441076858654,1.0,
2361,Q99KG3_S723___1,,0.46584749531245645,0.0937690623093769,0.5471579350140564,ACOS,24.0,20.0,14.0,20.0,14.0,24.0,0.25,,0.005920711107451196,0.03454832525336907,0.4618154663811933,1.0,
2362,Q99KG5_S407___1,,0.46584749531245645,0.0937690623093769,0.5471579350140564,ACOS,24.0,4.0,20.0,4.0,20.0,24.0,0.33,,0.005920711107451196,0.03454832525336907,0.4618154663811933,1.0,
2363,Q99KG5_S436___1,,0.48448139512495475,0.07814921850781492,0.5245437011922015,COS,24.0,8.0,20.0,8.0,20.0,24.0,0.5,,0.004428713520216645,0.029725873473476612,0.3454396545768983,1.0,
2364,Q99KG5_S448___1,,0.48448139512495475,0.07814921850781492,0.5245437011922015,ACOS,24.0,20.0,4.0,20.0,4.0,24.0,0.67,,0.004428713520216645,0.029725873473476612,0.3454396545768983,1.0,
2365,Q99KG5_S325___1,,0.577650894187446,0.015639843601563983,0.22997788483653625,ACOS,24.0,10.0,20.0,10.0,20.0,24.0,0.58,,9.015710203196908E-4,0.013257255095716316,0.07032253958493588,1.0,
2366,Q99KG5_S588___1,,0.26087459737497565,0.5625143748562514,0.9536205028159013,ACOS,24.0,2.0,18.0,2.0,18.0,24.0,0.33,,0.07935437224874475,0.1345280400768894,6.189641035402091,1.0,
2367,Q99KG5_S591___1,,0.42857969568745996,0.15626843731562684,0.6959989393582299,ACOS,24.0,14.0,16.0,14.0,16.0,24.0,0.92,,0.010293111274975088,0.04584415543625904,0.8028626794480569,1.0,
2368,Q99KG5_S473___1,,0.37267799624996517,0.25001749982500177,0.783497463386022,ACOS,24.0,4.0,0.0,4.0,0.0,24.0,0.17,,0.02203270318362918,0.06904543509151728,1.718550848323076,1.0,
2369,Q99KG5_S454___1,,0.37267799624996517,0.25001749982500177,0.783497463386022,ACOS,24.0,16.0,12.0,16.0,12.0,24.0,0.17,,0.02203270318362918,0.06904543509151728,1.718550848323076,1.0,
2370,Q99KG5_S455___1,,0.37267799624996517,0.25001749982500177,0.783497463386022,COS,24.0,20.0,8.0,20.0,8.0,24.0,0.5,,0.02203270318362918,0.06904543509151728,1.718550848323076,1.0,
2371,Q99KK1_S209___1,,0.3354101966249687,0.34376656233437664,0.8386535601185869,ACOS,24.0,16.0,8.0,16.0,8.0,24.0,0.33,,0.03498372787327912,0.08730403942892999,2.7287307741157716,1.0,
2372,Q99KP3_S3___1,,0.2795084971874739,0.5000149998500015,0.9204821588147755,ACOS,24.0,22.0,22.0,22.0,22.0,24.0,0.0,,0.06550881647134288,0.1205957757767903,5.1096876847647446,1.0,
2373,Q99KR3_S235___1,,0.3354101966249687,0.34376656233437664,0.8386535601185869,ACOS,24.0,14.0,4.0,14.0,4.0,24.0,0.42,,0.03498372787327912,0.08730403942892999,2.7287307741157716,1.0,
2374,Q99KW3_S1591___1,,0.18633899812498259,0.8125118748812512,0.9836522870292533,ACOS,24.0,8.0,12.0,8.0,12.0,24.0,0.83,,0.15703129585716225,0.19764355093531163,12.248441076858654,1.0,
2375,Q99KW3_S1604___1,,0.29814239699997214,0.43751562484375156,0.8852189547537208,ACOS,24.0,10.0,2.0,10.0,2.0,24.0,0.33,,0.05361444160464873,0.10847731432202215,4.181926445162601,1.0,
2376,Q99KY4_S824___1,,0.18633899812498259,0.8125118748812512,0.9836522870292533,ACOS,24.0,20.0,4.0,20.0,4.0,24.0,0.67,,0.15703129585716225,0.19764355093531163,12.248441076858654,1.0,
2377,Q99L43_S20___1,,0.16770509831248434,0.8437615623843762,0.9836522870292533,COS,24.0,20.0,8.0,20.0,8.0,24.0,0.5,,0.1824518756760124,0.21722409413444527,14.231246302728968,1.0,
2378,Q99L43_S32___1,,0.20497289793748086,0.7500124998750013,0.9836522870292533,ACOS,24.0,2.0,4.0,2.0,4.0,24.0,0.92,,0.13405890065957154,0.18041889221405025,10.45659425144658,1.0,
2379,Q99L43_S34___1,,0.18633899812498259,0.8125118748812512,0.9836522870292533,ACOS,24.0,10.0,2.0,10.0,2.0,24.0,0.33,,0.15703129585716225,0.19764355093531163,12.248441076858654,1.0,
2380,Q99L45_S67___1,,0.24224069756247738,0.6250137498625014,0.9735791103627425,ACOS,24.0,20.0,4.0,20.0,4.0,24.0,0.67,,0.0953088004769263,0.14846178535828905,7.434086437200252,1.0,
2381,Q99L45_S105___1,,0.09316949906249129,0.968760312396876,0.9974177898103224,ACOS,24.0,16.0,16.0,16.0,16.0,24.0,0.0,,0.30735312441432305,0.3173127201503672,23.973543704317198,1.0,
2382,Q99L45_S2___1,,0.16770509831248434,0.8437615623843762,0.9836522870292533,ACOS,24.0,16.0,16.0,16.0,16.0,24.0,0.0,,0.1824518756760124,0.21722409413444527,14.231246302728968,1.0,
2383,Q99L88_S71___1,,0.09316949906249129,0.968760312396876,0.9974177898103224,ACOS,24.0,4.0,20.0,4.0,20.0,24.0,0.33,,0.30735312441432305,0.3173127201503672,23.973543704317198,1.0,
2384,Q99L88_S86___1,,0.3913118960624634,0.21876781232187678,0.7543227814475101,ACOS,24.0,4.0,20.0,4.0,20.0,24.0,0.33,,0.017251591034782986,0.059484382074478995,1.345624100713073,1.0,
2385,Q99L88_S388___1,,0.503115294937453,0.06251937480625194,0.49060770476039084,COS,24.0,8.0,20.0,8.0,20.0,24.0,0.5,,0.0032820864904672107,0.025755486597607225,0.2560027462564424,1.0,
2386,Q99L88_S218___1,,0.20497289793748086,0.7500124998750013,0.9836522870292533,ACOS,24.0,10.0,20.0,10.0,20.0,24.0,0.58,,0.13405890065957154,0.18041889221405025,10.45659425144658,1.0,
2387,Q99L88_S233___1,,0.3167762968124704,0.37501624983750165,0.8386535601185869,ACOS,24.0,10.0,20.0,10.0,20.0,24.0,0.58,,0.04349923101882863,0.097277877884409,3.392940019468633,1.0,
2388,Q99L88_S235___1,,0.11180339887498955,0.937510624893751,0.9899167645530791,ACOS,24.0,10.0,0.0,10.0,0.0,24.0,0.42,,0.2729083801775865,0.2881637536165899,21.286853653851747,1.0,
2389,Q99LB2_S221___1,,0.2795084971874739,0.5000149998500015,0.9204821588147755,ACOS,24.0,10.0,4.0,10.0,4.0,24.0,0.25,,0.06550881647134288,0.1205957757767903,5.1096876847647446,1.0,
2390,Q99LB2_S222___1,,0.14907119849998607,0.8750112498875011,0.9836522870292533,ACOS,24.0,10.0,4.0,10.0,4.0,24.0,0.25,,0.21029812498078254,0.23917533062426458,16.403253748501037,1.0,
2391,Q99LB6_S271___1,,0.20497289793748086,0.7500124998750013,0.9836522870292533,ACOS,24.0,16.0,16.0,16.0,16.0,24.0,0.0,,0.13405890065957154,0.18041889221405025,10.45659425144658,1.0,
2392,Q99LC5_S182___1,,0.29814239699997214,0.43751562484375156,0.8852189547537208,ACOS,24.0,10.0,2.0,10.0,2.0,24.0,0.33,,0.05361444160464873,0.10847731432202215,4.181926445162601,1.0,
2393,Q99LC5_S140___1,,0.29814239699997214,0.43751562484375156,0.8852189547537208,ACOS,24.0,10.0,2.0,10.0,2.0,24.0,0.33,,0.05361444160464873,0.10847731432202215,4.181926445162601,1.0,
2394,Q99LD4_S454___1,,0.2795084971874739,0.5000149998500015,0.9204821588147755,ACOS,24.0,8.0,8.0,8.0,8.0,24.0,0.0,,0.06550881647134288,0.1205957757767903,5.1096876847647446,1.0,
2395,Q99LD4_S463___1,,0.14907119849998607,0.8750112498875011,0.9836522870292533,ACOS,24.0,2.0,10.0,2.0,10.0,24.0,0.67,,0.21029812498078254,0.23917533062426458,16.403253748501037,1.0,
2396,Q99LD4_S448___1,,0.2236067977499791,0.6875131248687513,0.9836522870292533,ACOS,24.0,20.0,10.0,20.0,10.0,24.0,0.42,,0.11350807917025535,0.16368591139247143,8.853630175279918,1.0,
2397,Q99LG2_S354___1,,0.18633899812498259,0.8125118748812512,0.9836522870292533,ACOS,24.0,16.0,12.0,16.0,12.0,24.0,0.17,,0.15703129585716225,0.19764355093531163,12.248441076858654,1.0,
2398,Q99LH1_S504___1,,0.3913118960624634,0.21876781232187678,0.7543227814475101,ACOS,24.0,10.0,2.0,10.0,2.0,24.0,0.33,,0.017251591034782986,0.059484382074478995,1.345624100713073,1.0,
2399,Q99LI7_S691___1,,0.16770509831248434,0.8437615623843762,0.9836522870292533,ACOS,24.0,8.0,8.0,8.0,8.0,24.0,0.0,,0.1824518756760124,0.21722409413444527,14.231246302728968,1.0,
2400,Q99LJ0_S488___1,,0.2236067977499791,0.6875131248687513,0.9836522870292533,ACOS,24.0,10.0,2.0,10.0,2.0,24.0,0.33,,0.11350807917025535,0.16368591139247143,8.853630175279918,1.0,
2401,Q99LL5_S49___1,,0.09316949906249129,0.968760312396876,0.9974177898103224,ACOS,24.0,14.0,14.0,14.0,14.0,24.0,0.0,,0.30735312441432305,0.3173127201503672,23.973543704317198,1.0,
2402,Q99LL5_S493___1,,0.13043729868748782,0.9062609373906261,0.9836522870292533,ACOS,24.0,14.0,14.0,14.0,14.0,24.0,0.0,,0.24049416858204564,0.26103148572645835,18.75854514939956,1.0,
2403,Q99M51_S85___1,,0.3913118960624634,0.21876781232187678,0.7543227814475101,ACOS,24.0,10.0,10.0,10.0,10.0,24.0,0.0,,0.017251591034782986,0.059484382074478995,1.345624100713073,1.0,
2404,Q99M51_S91___1,,0.4099457958749617,0.18751812481875182,0.7309536040039274,ACOS,24.0,8.0,8.0,8.0,8.0,24.0,0.0,,0.013386385243419103,0.05218069745375196,1.04413804898669,1.0,
2405,Q99MD6_S6___1,,0.26087459737497565,0.5625143748562514,0.9536205028159013,ACOS,24.0,8.0,8.0,8.0,8.0,24.0,0.0,,0.07935437224874475,0.1345280400768894,6.189641035402091,1.0,
2406,Q99MI1_S824___1,,0.37267799624996517,0.25001749982500177,0.783497463386022,ACOS,24.0,10.0,2.0,10.0,2.0,24.0,0.33,,0.02203270318362918,0.06904543509151728,1.718550848323076,1.0,
2407,Q99MI1_S17___1,,0.29814239699997214,0.43751562484375156,0.8852189547537208,ACOS,24.0,8.0,16.0,8.0,16.0,24.0,0.67,,0.05361444160464873,0.10847731432202215,4.181926445162601,1.0,
2408,Q99MN1_S594___1,,0.24224069756247738,0.6250137498625014,0.9735791103627425,ACOS,24.0,14.0,6.0,14.0,6.0,24.0,0.33,,0.0953088004769263,0.14846178535828905,7.434086437200252,1.0,
2409,Q99MP8_S116___1,,0.16770509831248434,0.8437615623843762,0.9836522870292533,ACOS,24.0,20.0,4.0,20.0,4.0,24.0,0.67,,0.1824518756760124,0.21722409413444527,14.231246302728968,1.0,
2410,Q99MR1_S343___1,,0.24224069756247738,0.6250137498625014,0.9735791103627425,ACOS,24.0,14.0,4.0,14.0,4.0,24.0,0.42,,0.0953088004769263,0.14846178535828905,7.434086437200252,1.0,
2411,Q99MR1_S413___1,,0.42857969568745996,0.15626843731562684,0.6959989393582299,ACOS,24.0,10.0,20.0,10.0,20.0,24.0,0.58,,0.010293111274975088,0.04584415543625904,0.8028626794480569,1.0,
2412,Q99MR6_S67___1,,0.16770509831248434,0.8437615623843762,0.9836522870292533,COS,24.0,2.0,14.0,2.0,14.0,24.0,0.5,,0.1824518756760124,0.21722409413444527,14.231246302728968,1.0,
2413,Q99MR6_S74___1,,0.18633899812498259,0.8125118748812512,0.9836522870292533,ACOS,24.0,16.0,8.0,16.0,8.0,24.0,0.33,,0.15703129585716225,0.19764355093531163,12.248441076858654,1.0,
2414,Q99MS7_S240___1,,0.11180339887498955,0.937510624893751,0.9899167645530791,ACOS,24.0,2.0,2.0,2.0,2.0,24.0,0.0,,0.2729083801775865,0.2881637536165899,21.286853653851747,1.0,
2415,Q99MU3_S238___1,,0.16770509831248434,0.8437615623843762,0.9836522870292533,ACOS,24.0,10.0,10.0,10.0,10.0,24.0,0.0,,0.1824518756760124,0.21722409413444527,14.231246302728968,1.0,
2416,Q99MZ3_S514___1,,0.13043729868748782,0.9062609373906261,0.9836522870292533,ACOS,24.0,12.0,20.0,12.0,20.0,24.0,0.67,,0.24049416858204564,0.26103148572645835,18.75854514939956,1.0,
2417,Q99MZ3_S366___1,,0.4099457958749617,0.18751812481875182,0.7309536040039274,ACOS,24.0,10.0,20.0,10.0,20.0,24.0,0.58,,0.013386385243419103,0.05218069745375196,1.04413804898669,1.0,
2418,Q99MZ3_S25___1,,0.2236067977499791,0.6875131248687513,0.9836522870292533,ACOS,24.0,2.0,2.0,2.0,2.0,24.0,0.0,,0.11350807917025535,0.16368591139247143,8.853630175279918,1.0,
2419,Q99NH2_S378___1,,0.3540440964374669,0.3125168748312517,0.8386535601185869,ACOS,24.0,8.0,16.0,8.0,16.0,24.0,0.67,,0.027887169552556004,0.07848809381134579,2.175199225099368,1.0,
2420,Q99NH2_S383___1,,0.37267799624996517,0.25001749982500177,0.783497463386022,ACOS,24.0,2.0,2.0,2.0,2.0,24.0,0.0,,0.02203270318362918,0.06904543509151728,1.718550848323076,1.0,
2421,Q99NH2_S963___1,,0.577650894187446,0.015639843601563983,0.22997788483653625,COS,24.0,20.0,8.0,20.0,8.0,24.0,0.5,,9.015710203196908E-4,0.013257255095716316,0.07032253958493588,1.0,
2422,Q99NH2_S1042___1,,0.48448139512495475,0.07814921850781492,0.5245437011922015,COS,24.0,8.0,20.0,8.0,20.0,24.0,0.5,,0.004428713520216645,0.029725873473476612,0.3454396545768983,1.0,
2423,Q99NH2_S885___1,,0.18633899812498259,0.8125118748812512,0.9836522870292533,ACOS,24.0,10.0,4.0,10.0,4.0,24.0,0.25,,0.15703129585716225,0.19764355093531163,12.248441076858654,1.0,
2424,Q99P30_S2___1,,0.4099457958749617,0.18751812481875182,0.7309536040039274,ACOS,24.0,16.0,16.0,16.0,16.0,24.0,0.0,,0.013386385243419103,0.05218069745375196,1.04413804898669,1.0,
2425,Q99P31_S349___1,,0.3354101966249687,0.34376656233437664,0.8386535601185869,ACOS,24.0,8.0,16.0,8.0,16.0,24.0,0.67,,0.03498372787327912,0.08730403942892999,2.7287307741157716,1.0,
2426,Q99P72_S105___1,,0.3354101966249687,0.34376656233437664,0.8386535601185869,ACOS,24.0,2.0,10.0,2.0,10.0,24.0,0.67,,0.03498372787327912,0.08730403942892999,2.7287307741157716,1.0,
2427,Q99P72_S165___1,,0.18633899812498259,0.8125118748812512,0.9836522870292533,ACOS,24.0,16.0,16.0,16.0,16.0,24.0,0.0,,0.15703129585716225,0.19764355093531163,12.248441076858654,1.0,
2428,Q99PE8_S21___1,,0.48448139512495475,0.07814921850781492,0.5245437011922015,ACOS,24.0,8.0,18.0,8.0,18.0,24.0,0.58,,0.004428713520216645,0.029725873473476612,0.3454396545768983,1.0,
2429,Q99PG2_S403___1,,0.26087459737497565,0.5625143748562514,0.9536205028159013,COS,24.0,14.0,2.0,14.0,2.0,24.0,0.5,,0.07935437224874475,0.1345280400768894,6.189641035402091,1.0,
2430,Q99PI5_S243___1,,0.6149186938124426,0.007829921700782993,0.17567697562460996,COS,24.0,14.0,2.0,14.0,2.0,24.0,0.5,,4.465174392780171E-4,0.010018341982674385,0.03482836026368533,0.7814306746486018,
2431,Q99PL5_S191___1,,0.7826237921249268,1.3999860001399987E-4,0.06212637873621263,COS,24.0,8.0,20.0,8.0,20.0,24.0,0.5,,1.1774072260825224E-5,0.005835764267952787,9.183776363443675E-4,0.45518961290031734,
2432,Q99PL5_S1162___1,,0.2795084971874739,0.5000149998500015,0.9204821588147755,ACOS,24.0,16.0,12.0,16.0,12.0,24.0,0.17,,0.06550881647134288,0.1205957757767903,5.1096876847647446,1.0,
2433,Q99PL5_S1472___1,,0.20497289793748086,0.7500124998750013,0.9836522870292533,ACOS,24.0,22.0,16.0,22.0,16.0,24.0,0.25,,0.13405890065957154,0.18041889221405025,10.45659425144658,1.0,
2434,Q99PL5_S154___1,,0.7080881928749339,9.89990100098999E-4,0.09098389785332915,COS,24.0,8.0,20.0,8.0,20.0,24.0,0.5,,6.522978591822107E-5,0.005835764267952787,0.005087923301621243,0.45518961290031734,
2435,Q99PL5_S159___1,,0.20497289793748086,0.7500124998750013,0.9836522870292533,ACOS,24.0,8.0,16.0,8.0,16.0,24.0,0.67,,0.13405890065957154,0.18041889221405025,10.45659425144658,1.0,
2436,Q99PL5_S165___1,,0.6894542930624356,0.001969980300196998,0.11768169818301817,COS,24.0,8.0,20.0,8.0,20.0,24.0,0.5,,9.769013212726992E-5,0.005835764267952787,0.007619830305927054,0.45518961290031734,
2437,Q99PT1_S47___1,,0.3354101966249687,0.34376656233437664,0.8386535601185869,ACOS,24.0,12.0,18.0,12.0,18.0,24.0,0.75,,0.03498372787327912,0.08730403942892999,2.7287307741157716,1.0,
2438,Q99PU7_S395___1,,0.18633899812498259,0.8125118748812512,0.9836522870292533,ACOS,24.0,20.0,20.0,20.0,20.0,24.0,0.0,,0.15703129585716225,0.19764355093531163,12.248441076858654,1.0,
2439,Q9CPQ3_S45___1,,0.3354101966249687,0.34376656233437664,0.8386535601185869,ACOS,24.0,10.0,4.0,10.0,4.0,24.0,0.25,,0.03498372787327912,0.08730403942892999,2.7287307741157716,1.0,
2440,Q9CPW2_S51___1,,0.29814239699997214,0.43751562484375156,0.8852189547537208,ACOS,24.0,12.0,20.0,12.0,20.0,24.0,0.67,,0.05361444160464873,0.10847731432202215,4.181926445162601,1.0,
2441,Q9CPY7_S149___1,,0.24224069756247738,0.6250137498625014,0.9735791103627425,ACOS,24.0,22.0,16.0,22.0,16.0,24.0,0.25,,0.0953088004769263,0.14846178535828905,7.434086437200252,1.0,
2442,Q9CPY7_S207___1,,0.18633899812498259,0.8125118748812512,0.9836522870292533,ACOS,24.0,14.0,6.0,14.0,6.0,24.0,0.33,,0.15703129585716225,0.19764355093531163,12.248441076858654,1.0,
2443,Q9CQ10_S200___1,,0.24224069756247738,0.6250137498625014,0.9735791103627425,ACOS,24.0,16.0,8.0,16.0,8.0,24.0,0.33,,0.0953088004769263,0.14846178535828905,7.434086437200252,1.0,
2444,Q9CQ20_S74___1,,0.2795084971874739,0.5000149998500015,0.9204821588147755,ACOS,24.0,10.0,20.0,10.0,20.0,24.0,0.58,,0.06550881647134288,0.1205957757767903,5.1096876847647446,1.0,
2445,Q9CQ22_S63___1,,0.46584749531245645,0.0937690623093769,0.5471579350140564,ACOS,24.0,8.0,16.0,8.0,16.0,24.0,0.67,,0.005920711107451196,0.03454832525336907,0.4618154663811933,1.0,
2446,Q9CQ56_S165___1,,0.46584749531245645,0.0937690623093769,0.5471579350140564,ACOS,24.0,10.0,20.0,10.0,20.0,24.0,0.58,,0.005920711107451196,0.03454832525336907,0.4618154663811933,1.0,
2447,Q9CQ60_S49___1,,0.37267799624996517,0.25001749982500177,0.783497463386022,ACOS,24.0,14.0,4.0,14.0,4.0,24.0,0.42,,0.02203270318362918,0.06904543509151728,1.718550848323076,1.0,
2448,Q9CQC6_S411___1,,0.503115294937453,0.06251937480625194,0.49060770476039084,ACOS,24.0,14.0,4.0,14.0,4.0,24.0,0.42,,0.0032820864904672107,0.025755486597607225,0.2560027462564424,1.0,
2449,Q9CQC6_S413___1,,0.577650894187446,0.015639843601563983,0.22997788483653625,ACOS,24.0,20.0,4.0,20.0,4.0,24.0,0.67,,9.015710203196908E-4,0.013257255095716316,0.07032253958493588,1.0,
2450,Q9CQC7_S26___1,,0.13043729868748782,0.9062609373906261,0.9836522870292533,ACOS,24.0,16.0,22.0,16.0,22.0,24.0,0.75,,0.24049416858204564,0.26103148572645835,18.75854514939956,1.0,
2451,Q9CQC9_S164___1,,0.42857969568745996,0.15626843731562684,0.6959989393582299,ACOS,24.0,8.0,10.0,8.0,10.0,24.0,0.92,,0.010293111274975088,0.04584415543625904,0.8028626794480569,1.0,
2452,Q9CQH7_S153___1,,0.18633899812498259,0.8125118748812512,0.9836522870292533,ACOS,24.0,14.0,14.0,14.0,14.0,24.0,0.0,,0.15703129585716225,0.19764355093531163,12.248441076858654,1.0,
2453,Q9CQI6_S141___1,,0.3354101966249687,0.34376656233437664,0.8386535601185869,ACOS,24.0,14.0,4.0,14.0,4.0,24.0,0.42,,0.03498372787327912,0.08730403942892999,2.7287307741157716,1.0,
2454,Q9CQN1_S196___1,,0.2236067977499791,0.6875131248687513,0.9836522870292533,ACOS,24.0,14.0,16.0,14.0,16.0,24.0,0.92,,0.11350807917025535,0.16368591139247143,8.853630175279918,1.0,
2455,Q9CQS4_S35___1,,0.20497289793748086,0.7500124998750013,0.9836522870292533,ACOS,24.0,14.0,16.0,14.0,16.0,24.0,0.92,,0.13405890065957154,0.18041889221405025,10.45659425144658,1.0,
2456,Q9CQS8_S13___1,,0.6335525936249408,0.005879941200587994,0.1643288830269592,ACOS,24.0,10.0,20.0,10.0,20.0,24.0,0.58,,3.0978912629739484E-4,0.008657790845469297,0.0241635518511968,0.6753076859466053,
2457,Q9CQS8_S17___1,,0.503115294937453,0.06251937480625194,0.49060770476039084,ACOS,24.0,8.0,16.0,8.0,16.0,24.0,0.67,,0.0032820864904672107,0.025755486597607225,0.2560027462564424,1.0,
2458,Q9CQS8_S49___1,,0.46584749531245645,0.0937690623093769,0.5471579350140564,ACOS,24.0,14.0,6.0,14.0,6.0,24.0,0.33,,0.005920711107451196,0.03454832525336907,0.4618154663811933,1.0,
2459,Q9CQU3_S95___1,,0.503115294937453,0.06251937480625194,0.49060770476039084,ACOS,24.0,12.0,18.0,12.0,18.0,24.0,0.75,,0.0032820864904672107,0.025755486597607225,0.2560027462564424,1.0,
2460,Q9CQV4_S26___1,,0.4472135954999582,0.12501874981250188,0.6403693519334903,ACOS,24.0,2.0,2.0,2.0,2.0,24.0,0.0,,0.007842546279573382,0.04017098464103022,0.6117186098067239,1.0,
2461,Q9CQV4_S435___1,,0.503115294937453,0.06251937480625194,0.49060770476039084,ACOS,24.0,4.0,20.0,4.0,20.0,24.0,0.33,,0.0032820864904672107,0.025755486597607225,0.2560027462564424,1.0,
2462,Q9CQV4_S436___1,,0.3913118960624634,0.21876781232187678,0.7543227814475101,ACOS,24.0,16.0,22.0,16.0,22.0,24.0,0.75,,0.017251591034782986,0.059484382074478995,1.345624100713073,1.0,
2463,Q9CQX2_S16___1,,0.3540440964374669,0.3125168748312517,0.8386535601185869,ACOS,24.0,4.0,20.0,4.0,20.0,24.0,0.33,,0.027887169552556004,0.07848809381134579,2.175199225099368,1.0,
2464,Q9CQX2_S33___1,,0.48448139512495475,0.07814921850781492,0.5245437011922015,ACOS,24.0,8.0,8.0,8.0,8.0,24.0,0.0,,0.004428713520216645,0.029725873473476612,0.3454396545768983,1.0,
2465,Q9CQX8_S60___1,,0.2236067977499791,0.6875131248687513,0.9836522870292533,ACOS,24.0,16.0,22.0,16.0,22.0,24.0,0.75,,0.11350807917025535,0.16368591139247143,8.853630175279918,1.0,
2466,Q9CQY2_S36___1,,0.07453559924999303,0.984390156098439,0.9974177898103224,ACOS,24.0,14.0,16.0,14.0,16.0,24.0,0.92,,0.34358681309626693,0.3483244335568646,26.799771421508822,1.0,
2467,Q9CR00_S128___1,,0.26087459737497565,0.5625143748562514,0.9536205028159013,ACOS,24.0,10.0,20.0,10.0,20.0,24.0,0.58,,0.07935437224874475,0.1345280400768894,6.189641035402091,1.0,
2468,Q9CR61_S73___1,,0.5403830945624495,0.031269687303126965,0.31931161457616186,ACOS,24.0,20.0,4.0,20.0,4.0,24.0,0.67,,0.0017528052122483628,0.01789883784045924,0.1367188065553723,1.0,
2469,Q9CR86_S33___1,,0.48448139512495475,0.07814921850781492,0.5245437011922015,COS,24.0,8.0,20.0,8.0,20.0,24.0,0.5,,0.004428713520216645,0.029725873473476612,0.3454396545768983,1.0,
2470,Q9CR86_S42___1,,0.5590169943749478,0.023459765402345976,0.28673713262867373,ACOS,24.0,8.0,18.0,8.0,18.0,24.0,0.58,,0.0012630300532244254,0.015437392901175266,0.09851634415150518,1.0,
2471,Q9CR86_S53___1,,0.3354101966249687,0.34376656233437664,0.8386535601185869,ACOS,24.0,4.0,0.0,4.0,0.0,24.0,0.17,,0.03498372787327912,0.08730403942892999,2.7287307741157716,1.0,
2472,Q9CRA8_S19___1,,0.24224069756247738,0.6250137498625014,0.9735791103627425,ACOS,24.0,16.0,16.0,16.0,16.0,24.0,0.0,,0.0953088004769263,0.14846178535828905,7.434086437200252,1.0,
2473,Q9CRA8_S23___1,,0.24224069756247738,0.6250137498625014,0.9735791103627425,COS,24.0,20.0,8.0,20.0,8.0,24.0,0.5,,0.0953088004769263,0.14846178535828905,7.434086437200252,1.0,
2474,Q9CS00_S148___1,,0.13043729868748782,0.9062609373906261,0.9836522870292533,ACOS,24.0,0.0,4.0,0.0,4.0,24.0,0.83,,0.24049416858204564,0.26103148572645835,18.75854514939956,1.0,
2475,Q9CSH3_S215___1,,0.29814239699997214,0.43751562484375156,0.8852189547537208,ACOS,24.0,20.0,4.0,20.0,4.0,24.0,0.67,,0.05361444160464873,0.10847731432202215,4.181926445162601,1.0,
2476,Q9CSN1_S224___1,,0.20497289793748086,0.7500124998750013,0.9836522870292533,ACOS,24.0,16.0,16.0,16.0,16.0,24.0,0.0,,0.13405890065957154,0.18041889221405025,10.45659425144658,1.0,
2477,Q9CT10_S463___1,,0.48448139512495475,0.07814921850781492,0.5245437011922015,COS,24.0,8.0,20.0,8.0,20.0,24.0,0.5,,0.004428713520216645,0.029725873473476612,0.3454396545768983,1.0,
2478,Q9CU62_S956___1,,0.16770509831248434,0.8437615623843762,0.9836522870292533,ACOS,24.0,10.0,20.0,10.0,20.0,24.0,0.58,,0.1824518756760124,0.21722409413444527,14.231246302728968,1.0,
2479,Q9CVD2_S263___1,,0.6149186938124426,0.007829921700782993,0.17567697562460996,ACOS,24.0,4.0,0.0,4.0,0.0,24.0,0.17,,4.465174392780171E-4,0.010018341982674385,0.03482836026368533,0.7814306746486018,
2480,Q9CVD2_S268___1,,0.26087459737497565,0.5625143748562514,0.9536205028159013,ACOS,24.0,14.0,14.0,14.0,14.0,24.0,0.0,,0.07935437224874475,0.1345280400768894,6.189641035402091,1.0,
2481,Q9CVD2_S273___1,,0.20497289793748086,0.7500124998750013,0.9836522870292533,ACOS,24.0,10.0,2.0,10.0,2.0,24.0,0.33,,0.13405890065957154,0.18041889221405025,10.45659425144658,1.0,
2482,Q9CW03_S1067___1,,0.29814239699997214,0.43751562484375156,0.8852189547537208,ACOS,24.0,10.0,4.0,10.0,4.0,24.0,0.25,,0.05361444160464873,0.10847731432202215,4.181926445162601,1.0,
2483,Q9CW42_S220___1,,0.5217491947499513,0.04689953100468995,0.4127676955274646,ACOS,24.0,12.0,20.0,12.0,20.0,24.0,0.67,,0.0024097615294134673,0.021208564178760516,0.18796139929425046,1.0,
2484,Q9CW46_S14___1,,0.20497289793748086,0.7500124998750013,0.9836522870292533,ACOS,24.0,10.0,2.0,10.0,2.0,24.0,0.33,,0.13405890065957154,0.18041889221405025,10.45659425144658,1.0,
2485,Q9CW46_S626___1,,0.4099457958749617,0.18751812481875182,0.7309536040039274,ACOS,24.0,10.0,8.0,10.0,8.0,24.0,0.08,,0.013386385243419103,0.05218069745375196,1.04413804898669,1.0,
2486,Q9CW79_S41___1,,0.503115294937453,0.06251937480625194,0.49060770476039084,COS,24.0,14.0,2.0,14.0,2.0,24.0,0.5,,0.0032820864904672107,0.025755486597607225,0.2560027462564424,1.0,
2487,Q9CW79_S751___1,,0.20497289793748086,0.7500124998750013,0.9836522870292533,ACOS,24.0,10.0,20.0,10.0,20.0,24.0,0.58,,0.13405890065957154,0.18041889221405025,10.45659425144658,1.0,
2488,Q9CW79_S30___1,,0.13043729868748782,0.9062609373906261,0.9836522870292533,ACOS,24.0,20.0,12.0,20.0,12.0,24.0,0.33,,0.24049416858204564,0.26103148572645835,18.75854514939956,1.0,
2489,Q9CWE0_S235___1,,0.09316949906249129,0.968760312396876,0.9974177898103224,ACOS,24.0,22.0,16.0,22.0,16.0,24.0,0.25,,0.30735312441432305,0.3173127201503672,23.973543704317198,1.0,
2490,Q9CWK8_S277___1,,0.3540440964374669,0.3125168748312517,0.8386535601185869,ACOS,24.0,8.0,16.0,8.0,16.0,24.0,0.67,,0.027887169552556004,0.07848809381134579,2.175199225099368,1.0,
2491,Q9CWK8_S185___1,,0.26087459737497565,0.5625143748562514,0.9536205028159013,ACOS,24.0,10.0,2.0,10.0,2.0,24.0,0.33,,0.07935437224874475,0.1345280400768894,6.189641035402091,1.0,
2492,Q9CWK8_S119___1,,0.16770509831248434,0.8437615623843762,0.9836522870292533,ACOS,24.0,8.0,8.0,8.0,8.0,24.0,0.0,,0.1824518756760124,0.21722409413444527,14.231246302728968,1.0,
2493,Q9CWS0_S33___1,,0.3167762968124704,0.37501624983750165,0.8386535601185869,ACOS,24.0,22.0,8.0,22.0,8.0,24.0,0.58,,0.04349923101882863,0.097277877884409,3.392940019468633,1.0,
2494,Q9CWX9_S9___1,,0.26087459737497565,0.5625143748562514,0.9536205028159013,COS,24.0,2.0,14.0,2.0,14.0,24.0,0.5,,0.07935437224874475,0.1345280400768894,6.189641035402091,1.0,
2495,Q9CWY3_S14___1,,0.26087459737497565,0.5625143748562514,0.9536205028159013,ACOS,24.0,14.0,14.0,14.0,14.0,24.0,0.0,,0.07935437224874475,0.1345280400768894,6.189641035402091,1.0,
2496,Q9CWY4_S3___1,,0.2236067977499791,0.6875131248687513,0.9836522870292533,ACOS,24.0,14.0,6.0,14.0,6.0,24.0,0.33,,0.11350807917025535,0.16368591139247143,8.853630175279918,1.0,
2497,Q9CWY8_S258___1,,0.20497289793748086,0.7500124998750013,0.9836522870292533,ACOS,24.0,20.0,4.0,20.0,4.0,24.0,0.67,,0.13405890065957154,0.18041889221405025,10.45659425144658,1.0,
2498,Q9CWZ3_S56___1,,0.18633899812498259,0.8125118748812512,0.9836522870292533,COS,24.0,8.0,20.0,8.0,20.0,24.0,0.5,,0.15703129585716225,0.19764355093531163,12.248441076858654,1.0,
2499,Q9CXF0_S464___1,,0.09316949906249129,0.968760312396876,0.9974177898103224,ACOS,24.0,16.0,16.0,16.0,16.0,24.0,0.0,,0.30735312441432305,0.3173127201503672,23.973543704317198,1.0,
2500,Q9CXF4_S205___1,,0.16770509831248434,0.8437615623843762,0.9836522870292533,ACOS,24.0,14.0,16.0,14.0,16.0,24.0,0.92,,0.1824518756760124,0.21722409413444527,14.231246302728968,1.0,
2501,Q9CXG3_S393___1,,0.09316949906249129,0.968760312396876,0.9974177898103224,ACOS,24.0,12.0,20.0,12.0,20.0,24.0,0.67,,0.30735312441432305,0.3173127201503672,23.973543704317198,1.0,
2502,Q9CXG3_S178___1,,0.11180339887498955,0.937510624893751,0.9899167645530791,ACOS,24.0,8.0,8.0,8.0,8.0,24.0,0.0,,0.2729083801775865,0.2881637536165899,21.286853653851747,1.0,
2503,Q9CXK9_S41___1,,0.3354101966249687,0.34376656233437664,0.8386535601185869,ACOS,24.0,10.0,2.0,10.0,2.0,24.0,0.33,,0.03498372787327912,0.08730403942892999,2.7287307741157716,1.0,
2504,Q9CXK9_S243___1,,0.16770509831248434,0.8437615623843762,0.9836522870292533,ACOS,24.0,16.0,12.0,16.0,12.0,24.0,0.17,,0.1824518756760124,0.21722409413444527,14.231246302728968,1.0,
2505,Q9CXK9_S1002___1,,0.18633899812498259,0.8125118748812512,0.9836522870292533,ACOS,24.0,8.0,16.0,8.0,16.0,24.0,0.67,,0.15703129585716225,0.19764355093531163,12.248441076858654,1.0,
2506,Q9CXS4_S234___1,,0.20497289793748086,0.7500124998750013,0.9836522870292533,ACOS,24.0,14.0,6.0,14.0,6.0,24.0,0.33,,0.13405890065957154,0.18041889221405025,10.45659425144658,1.0,
2507,Q9CY16_S72___1,,0.13043729868748782,0.9062609373906261,0.9836522870292533,ACOS,24.0,8.0,8.0,8.0,8.0,24.0,0.0,,0.24049416858204564,0.26103148572645835,18.75854514939956,1.0,
2508,Q9CY27_S49___1,,0.48448139512495475,0.07814921850781492,0.5245437011922015,ACOS,24.0,20.0,4.0,20.0,4.0,24.0,0.67,,0.004428713520216645,0.029725873473476612,0.3454396545768983,1.0,
2509,Q9CY50_S268___1,,0.3167762968124704,0.37501624983750165,0.8386535601185869,ACOS,24.0,14.0,16.0,14.0,16.0,24.0,0.92,,0.04349923101882863,0.097277877884409,3.392940019468633,1.0,
2510,Q9CY58_S25___1,,0.2795084971874739,0.5000149998500015,0.9204821588147755,ACOS,24.0,16.0,8.0,16.0,8.0,24.0,0.33,,0.06550881647134288,0.1205957757767903,5.1096876847647446,1.0,
2511,Q9CY58_S329___1,,0.16770509831248434,0.8437615623843762,0.9836522870292533,ACOS,24.0,14.0,14.0,14.0,14.0,24.0,0.0,,0.1824518756760124,0.21722409413444527,14.231246302728968,1.0,
2512,Q9CY58_S393___1,,0.26087459737497565,0.5625143748562514,0.9536205028159013,ACOS,24.0,14.0,6.0,14.0,6.0,24.0,0.33,,0.07935437224874475,0.1345280400768894,6.189641035402091,1.0,
2513,Q9CY64_S154___1,,0.24224069756247738,0.6250137498625014,0.9735791103627425,ACOS,24.0,14.0,6.0,14.0,6.0,24.0,0.33,,0.0953088004769263,0.14846178535828905,7.434086437200252,1.0,
2514,Q9CY64_S229___1,,0.37267799624996517,0.25001749982500177,0.783497463386022,ACOS,24.0,2.0,4.0,2.0,4.0,24.0,0.92,,0.02203270318362918,0.06904543509151728,1.718550848323076,1.0,
2515,Q9CYI4_S331___1,,0.503115294937453,0.06251937480625194,0.49060770476039084,ACOS,24.0,8.0,16.0,8.0,16.0,24.0,0.67,,0.0032820864904672107,0.025755486597607225,0.2560027462564424,1.0,
2516,Q9CYI4_S336___1,,0.3913118960624634,0.21876781232187678,0.7543227814475101,ACOS,24.0,10.0,10.0,10.0,10.0,24.0,0.0,,0.017251591034782986,0.059484382074478995,1.345624100713073,1.0,
2517,Q9CYR6_S498___1,,0.3540440964374669,0.3125168748312517,0.8386535601185869,ACOS,24.0,8.0,10.0,8.0,10.0,24.0,0.92,,0.027887169552556004,0.07848809381134579,2.175199225099368,1.0,
2518,Q9CYR6_S64___1,,0.20497289793748086,0.7500124998750013,0.9836522870292533,ACOS,24.0,4.0,4.0,4.0,4.0,24.0,0.0,,0.13405890065957154,0.18041889221405025,10.45659425144658,1.0,
2519,Q9CYX7_S265___1,,0.3354101966249687,0.34376656233437664,0.8386535601185869,ACOS,24.0,8.0,8.0,8.0,8.0,24.0,0.0,,0.03498372787327912,0.08730403942892999,2.7287307741157716,1.0,
2520,Q9CYZ2_S206___1,,0.5403830945624495,0.031269687303126965,0.31931161457616186,COS,24.0,8.0,20.0,8.0,20.0,24.0,0.5,,0.0017528052122483628,0.01789883784045924,0.1367188065553723,1.0,
2521,Q9CYZ2_S168___1,,0.5962847939999443,0.011739882601173987,0.2093466378769048,ACOS,24.0,4.0,20.0,4.0,20.0,24.0,0.33,,6.374983385533969E-4,0.011367927462487626,0.04972487040716496,0.8866983420740349,
2522,Q9CYZ2_S180___1,,0.24224069756247738,0.6250137498625014,0.9735791103627425,ACOS,24.0,22.0,22.0,22.0,22.0,24.0,0.0,,0.0953088004769263,0.14846178535828905,7.434086437200252,1.0,
2523,Q9CZ13_S212___1,,0.18633899812498259,0.8125118748812512,0.9836522870292533,ACOS,24.0,22.0,16.0,22.0,16.0,24.0,0.25,,0.15703129585716225,0.19764355093531163,12.248441076858654,1.0,
2524,Q9CZ44_S114___1,,0.2236067977499791,0.6875131248687513,0.9836522870292533,ACOS,24.0,14.0,6.0,14.0,6.0,24.0,0.33,,0.11350807917025535,0.16368591139247143,8.853630175279918,1.0,
2525,Q9CZ44_S176___1,,0.24224069756247738,0.6250137498625014,0.9735791103627425,ACOS,24.0,14.0,20.0,14.0,20.0,24.0,0.75,,0.0953088004769263,0.14846178535828905,7.434086437200252,1.0,
2526,Q9CZ44_S74___1,,0.5217491947499513,0.04689953100468995,0.4127676955274646,COS,24.0,8.0,20.0,8.0,20.0,24.0,0.5,,0.0024097615294134673,0.021208564178760516,0.18796139929425046,1.0,
2527,Q9CZD3_S690___1,,0.37267799624996517,0.25001749982500177,0.783497463386022,ACOS,24.0,16.0,12.0,16.0,12.0,24.0,0.17,,0.02203270318362918,0.06904543509151728,1.718550848323076,1.0,
2528,Q9CZJ2_S276___1,,0.37267799624996517,0.25001749982500177,0.783497463386022,ACOS,24.0,4.0,4.0,4.0,4.0,24.0,0.0,,0.02203270318362918,0.06904543509151728,1.718550848323076,1.0,
2529,Q9CZM2_S100___1,,0.5590169943749478,0.023459765402345976,0.28673713262867373,ACOS,24.0,10.0,20.0,10.0,20.0,24.0,0.58,,0.0012630300532244254,0.015437392901175266,0.09851634415150518,1.0,
2530,Q9CZU6_S226___1,,0.3354101966249687,0.34376656233437664,0.8386535601185869,ACOS,24.0,20.0,0.0,20.0,0.0,24.0,0.83,,0.03498372787327912,0.08730403942892999,2.7287307741157716,1.0,
2531,Q9CZW5_S94___1,,0.37267799624996517,0.25001749982500177,0.783497463386022,ACOS,24.0,8.0,18.0,8.0,18.0,24.0,0.58,,0.02203270318362918,0.06904543509151728,1.718550848323076,1.0,
2532,Q9CZY3_S146___1,,0.29814239699997214,0.43751562484375156,0.8852189547537208,COS,24.0,14.0,2.0,14.0,2.0,24.0,0.5,,0.05361444160464873,0.10847731432202215,4.181926445162601,1.0,
2533,Q9D0B0_S212___1,,0.42857969568745996,0.15626843731562684,0.6959989393582299,ACOS,24.0,10.0,2.0,10.0,2.0,24.0,0.33,,0.010293111274975088,0.04584415543625904,0.8028626794480569,1.0,
2534,Q9D0F3_S333___1,,0.2795084971874739,0.5000149998500015,0.9204821588147755,ACOS,24.0,20.0,20.0,20.0,20.0,24.0,0.0,,0.06550881647134288,0.1205957757767903,5.1096876847647446,1.0,
2535,Q9D0F3_S433___1,,0.24224069756247738,0.6250137498625014,0.9735791103627425,COS,24.0,20.0,8.0,20.0,8.0,24.0,0.5,,0.0953088004769263,0.14846178535828905,7.434086437200252,1.0,
2536,Q9D0F9_S117___1,,0.16770509831248434,0.8437615623843762,0.9836522870292533,ACOS,24.0,14.0,6.0,14.0,6.0,24.0,0.33,,0.1824518756760124,0.21722409413444527,14.231246302728968,1.0,
2537,Q9D0F9_S505___1,,0.13043729868748782,0.9062609373906261,0.9836522870292533,ACOS,24.0,10.0,4.0,10.0,4.0,24.0,0.25,,0.24049416858204564,0.26103148572645835,18.75854514939956,1.0,
2538,Q9D0K1_S356___1,,0.2795084971874739,0.5000149998500015,0.9204821588147755,COS,24.0,8.0,20.0,8.0,20.0,24.0,0.5,,0.06550881647134288,0.1205957757767903,5.1096876847647446,1.0,
2539,Q9D0L7_S43___1,,0.16770509831248434,0.8437615623843762,0.9836522870292533,ACOS,24.0,20.0,4.0,20.0,4.0,24.0,0.67,,0.1824518756760124,0.21722409413444527,14.231246302728968,1.0,
2540,Q9D0L8_S15___1,,0.2795084971874739,0.5000149998500015,0.9204821588147755,ACOS,24.0,10.0,2.0,10.0,2.0,24.0,0.33,,0.06550881647134288,0.1205957757767903,5.1096876847647446,1.0,
2541,Q9D0L8_S64___1,,0.24224069756247738,0.6250137498625014,0.9735791103627425,ACOS,24.0,20.0,4.0,20.0,4.0,24.0,0.67,,0.0953088004769263,0.14846178535828905,7.434086437200252,1.0,
2542,Q9D0L8_S100___1,,0.13043729868748782,0.9062609373906261,0.9836522870292533,ACOS,24.0,22.0,22.0,22.0,22.0,24.0,0.0,,0.24049416858204564,0.26103148572645835,18.75854514939956,1.0,
2543,Q9D0M1_S215___1,,0.29814239699997214,0.43751562484375156,0.8852189547537208,ACOS,24.0,14.0,6.0,14.0,6.0,24.0,0.33,,0.05361444160464873,0.10847731432202215,4.181926445162601,1.0,
2544,Q9D0T1_S122___1,,0.3167762968124704,0.37501624983750165,0.8386535601185869,ACOS,24.0,10.0,2.0,10.0,2.0,24.0,0.33,,0.04349923101882863,0.097277877884409,3.392940019468633,1.0,
2545,Q9D0V7_S36___1,,0.13043729868748782,0.9062609373906261,0.9836522870292533,ACOS,24.0,14.0,6.0,14.0,6.0,24.0,0.33,,0.24049416858204564,0.26103148572645835,18.75854514939956,1.0,
2546,Q9D1E6_S110___1,,0.46584749531245645,0.0937690623093769,0.5471579350140564,ACOS,24.0,20.0,0.0,20.0,0.0,24.0,0.83,,0.005920711107451196,0.03454832525336907,0.4618154663811933,1.0,
2547,Q9D1F4_S204___1,,0.2795084971874739,0.5000149998500015,0.9204821588147755,ACOS,24.0,20.0,10.0,20.0,10.0,24.0,0.42,,0.06550881647134288,0.1205957757767903,5.1096876847647446,1.0,
2548,Q9D1F4_S213___1,,0.42857969568745996,0.15626843731562684,0.6959989393582299,ACOS,24.0,8.0,16.0,8.0,16.0,24.0,0.67,,0.010293111274975088,0.04584415543625904,0.8028626794480569,1.0,
2549,Q9D1M0_S311___1,,0.20497289793748086,0.7500124998750013,0.9836522870292533,ACOS,24.0,10.0,6.0,10.0,6.0,24.0,0.17,,0.13405890065957154,0.18041889221405025,10.45659425144658,1.0,
2550,Q9D2E2_S5___1,,0.11180339887498955,0.937510624893751,0.9899167645530791,ACOS,24.0,14.0,14.0,14.0,14.0,24.0,0.0,,0.2729083801775865,0.2881637536165899,21.286853653851747,1.0,
2551,Q9D2V7_S456___1,,0.18633899812498259,0.8125118748812512,0.9836522870292533,ACOS,24.0,4.0,14.0,4.0,14.0,24.0,0.58,,0.15703129585716225,0.19764355093531163,12.248441076858654,1.0,
2552,Q9D2V7_S459___1,,0.577650894187446,0.015639843601563983,0.22997788483653625,COS,24.0,8.0,20.0,8.0,20.0,24.0,0.5,,9.015710203196908E-4,0.013257255095716316,0.07032253958493588,1.0,
2553,Q9D3A8_S367___1,,0.14907119849998607,0.8750112498875011,0.9836522870292533,ACOS,24.0,10.0,4.0,10.0,4.0,24.0,0.25,,0.21029812498078254,0.23917533062426458,16.403253748501037,1.0,
2554,Q9D4H1_S432___1,,0.3167762968124704,0.37501624983750165,0.8386535601185869,ACOS,24.0,4.0,14.0,4.0,14.0,24.0,0.58,,0.04349923101882863,0.097277877884409,3.392940019468633,1.0,
2555,Q9D5T0_S322___1,,0.11180339887498955,0.937510624893751,0.9899167645530791,ACOS,24.0,14.0,14.0,14.0,14.0,24.0,0.0,,0.2729083801775865,0.2881637536165899,21.286853653851747,1.0,
2556,Q9D5V6_S283___1,,0.3540440964374669,0.3125168748312517,0.8386535601185869,ACOS,24.0,14.0,4.0,14.0,4.0,24.0,0.42,,0.027887169552556004,0.07848809381134579,2.175199225099368,1.0,
2557,Q9D5V6_S298___1,,0.3913118960624634,0.21876781232187678,0.7543227814475101,COS,24.0,8.0,20.0,8.0,20.0,24.0,0.5,,0.017251591034782986,0.059484382074478995,1.345624100713073,1.0,
2558,Q9D6Z1_S513___1,,0.18633899812498259,0.8125118748812512,0.9836522870292533,ACOS,24.0,14.0,6.0,14.0,6.0,24.0,0.33,,0.15703129585716225,0.19764355093531163,12.248441076858654,1.0,
2559,Q9D6Z1_S536___1,,0.26087459737497565,0.5625143748562514,0.9536205028159013,ACOS,24.0,16.0,12.0,16.0,12.0,24.0,0.17,,0.07935437224874475,0.1345280400768894,6.189641035402091,1.0,
2560,Q9D6Z1_S554___1,,0.4099457958749617,0.18751812481875182,0.7309536040039274,ACOS,24.0,20.0,4.0,20.0,4.0,24.0,0.67,,0.013386385243419103,0.05218069745375196,1.04413804898669,1.0,
2561,Q9D7P6_S15___1,,0.20497289793748086,0.7500124998750013,0.9836522870292533,COS,24.0,14.0,2.0,14.0,2.0,24.0,0.5,,0.13405890065957154,0.18041889221405025,10.45659425144658,1.0,
2562,Q9D7S7_S118___1,,0.16770509831248434,0.8437615623843762,0.9836522870292533,ACOS,24.0,10.0,10.0,10.0,10.0,24.0,0.0,,0.1824518756760124,0.21722409413444527,14.231246302728968,1.0,
2563,Q9D7S7_S120___1,,0.16770509831248434,0.8437615623843762,0.9836522870292533,ACOS,24.0,8.0,18.0,8.0,18.0,24.0,0.58,,0.1824518756760124,0.21722409413444527,14.231246302728968,1.0,
2564,Q9D824_S479___1,,0.3540440964374669,0.3125168748312517,0.8386535601185869,ACOS,24.0,16.0,8.0,16.0,8.0,24.0,0.33,,0.027887169552556004,0.07848809381134579,2.175199225099368,1.0,
2565,Q9D8C4_S36___1,,0.18633899812498259,0.8125118748812512,0.9836522870292533,ACOS,24.0,14.0,4.0,14.0,4.0,24.0,0.42,,0.15703129585716225,0.19764355093531163,12.248441076858654,1.0,
2566,Q9D8S3_S464___1,,0.3167762968124704,0.37501624983750165,0.8386535601185869,ACOS,24.0,8.0,10.0,8.0,10.0,24.0,0.92,,0.04349923101882863,0.097277877884409,3.392940019468633,1.0,
2567,Q9D8S9_S123___1,,0.18633899812498259,0.8125118748812512,0.9836522870292533,ACOS,24.0,16.0,16.0,16.0,16.0,24.0,0.0,,0.15703129585716225,0.19764355093531163,12.248441076858654,1.0,
2568,Q9D8S9_S81___1,,0.3354101966249687,0.34376656233437664,0.8386535601185869,ACOS,24.0,14.0,14.0,14.0,14.0,24.0,0.0,,0.03498372787327912,0.08730403942892999,2.7287307741157716,1.0,
2569,Q9D8T2_S182___1,,0.3354101966249687,0.34376656233437664,0.8386535601185869,ACOS,24.0,14.0,16.0,14.0,16.0,24.0,0.92,,0.03498372787327912,0.08730403942892999,2.7287307741157716,1.0,
2570,Q9D8T2_S266___1,,0.6708203932499374,0.002949970500294997,0.1270081893775657,COS,24.0,8.0,20.0,8.0,20.0,24.0,0.5,,1.449047398848948E-4,0.006238736503692902,0.011302569711021794,0.4866214472880464,
2571,Q9D8U8_S22___1,,0.37267799624996517,0.25001749982500177,0.783497463386022,ACOS,24.0,2.0,2.0,2.0,2.0,24.0,0.0,,0.02203270318362918,0.06904543509151728,1.718550848323076,1.0,
2572,Q9D8X1_S223___1,,0.18633899812498259,0.8125118748812512,0.9836522870292533,ACOS,24.0,8.0,8.0,8.0,8.0,24.0,0.0,,0.15703129585716225,0.19764355093531163,12.248441076858654,1.0,
2573,Q9D8Y0_S74___1,,0.6894542930624356,0.001969980300196998,0.11768169818301817,COS,24.0,8.0,20.0,8.0,20.0,24.0,0.5,,9.769013212726992E-5,0.005835764267952787,0.007619830305927054,0.45518961290031734,
2574,Q9DAS9_S10___1,,0.26087459737497565,0.5625143748562514,0.9536205028159013,ACOS,24.0,10.0,2.0,10.0,2.0,24.0,0.33,,0.07935437224874475,0.1345280400768894,6.189641035402091,1.0,
2575,Q9DB29_S157___1,,0.2236067977499791,0.6875131248687513,0.9836522870292533,ACOS,24.0,8.0,16.0,8.0,16.0,24.0,0.67,,0.11350807917025535,0.16368591139247143,8.853630175279918,1.0,
2576,Q9DB60_S110___1,,0.3167762968124704,0.37501624983750165,0.8386535601185869,ACOS,24.0,4.0,2.0,4.0,2.0,24.0,0.08,,0.04349923101882863,0.097277877884409,3.392940019468633,1.0,
2577,Q9DBC7_S83___1,,0.3913118960624634,0.21876781232187678,0.7543227814475101,ACOS,24.0,20.0,4.0,20.0,4.0,24.0,0.67,,0.017251591034782986,0.059484382074478995,1.345624100713073,1.0,
2578,Q9DBE0_S62___1,,0.16770509831248434,0.8437615623843762,0.9836522870292533,ACOS,24.0,22.0,16.0,22.0,16.0,24.0,0.25,,0.1824518756760124,0.21722409413444527,14.231246302728968,1.0,
2579,Q9DBE0_S66___1,,0.18633899812498259,0.8125118748812512,0.9836522870292533,ACOS,24.0,20.0,4.0,20.0,4.0,24.0,0.67,,0.15703129585716225,0.19764355093531163,12.248441076858654,1.0,
2580,Q9DBF1_S492___1,,0.13043729868748782,0.9062609373906261,0.9836522870292533,ACOS,24.0,14.0,6.0,14.0,6.0,24.0,0.33,,0.24049416858204564,0.26103148572645835,18.75854514939956,1.0,
2581,Q9DBG1_S43___1,,0.4099457958749617,0.18751812481875182,0.7309536040039274,ACOS,24.0,4.0,0.0,4.0,0.0,24.0,0.17,,0.013386385243419103,0.05218069745375196,1.04413804898669,1.0,
2582,Q9DBJ1_S14___1,,0.20497289793748086,0.7500124998750013,0.9836522870292533,ACOS,24.0,14.0,14.0,14.0,14.0,24.0,0.0,,0.13405890065957154,0.18041889221405025,10.45659425144658,1.0,
2583,Q9DBJ1_S118___1,,0.13043729868748782,0.9062609373906261,0.9836522870292533,ACOS,24.0,16.0,16.0,16.0,16.0,24.0,0.0,,0.24049416858204564,0.26103148572645835,18.75854514939956,1.0,
2584,Q9DBJ3_S261___1,,0.3913118960624634,0.21876781232187678,0.7543227814475101,ACOS,24.0,4.0,20.0,4.0,20.0,24.0,0.33,,0.017251591034782986,0.059484382074478995,1.345624100713073,1.0,
2585,Q9DBJ3_S332___1,,0.3354101966249687,0.34376656233437664,0.8386535601185869,ACOS,24.0,10.0,2.0,10.0,2.0,24.0,0.33,,0.03498372787327912,0.08730403942892999,2.7287307741157716,1.0,
2586,Q9DBL7_S177___1,,0.11180339887498955,0.937510624893751,0.9899167645530791,ACOS,24.0,16.0,16.0,16.0,16.0,24.0,0.0,,0.2729083801775865,0.2881637536165899,21.286853653851747,1.0,
2587,Q9DBM2_S76___1,,0.16770509831248434,0.8437615623843762,0.9836522870292533,ACOS,24.0,20.0,4.0,20.0,4.0,24.0,0.67,,0.1824518756760124,0.21722409413444527,14.231246302728968,1.0,
2588,Q9DBR0_S336___1,,0.2795084971874739,0.5000149998500015,0.9204821588147755,ACOS,24.0,14.0,18.0,14.0,18.0,24.0,0.83,,0.06550881647134288,0.1205957757767903,5.1096876847647446,1.0,
2589,Q9DBR1_S499___1,,0.26087459737497565,0.5625143748562514,0.9536205028159013,ACOS,24.0,8.0,16.0,8.0,16.0,24.0,0.67,,0.07935437224874475,0.1345280400768894,6.189641035402091,1.0,
2590,Q9DBR1_S471___1,,0.01863389981249826,0.999530004699953,0.9997391989244612,ACOS,24.0,8.0,8.0,8.0,8.0,24.0,0.0,,0.4599048616735564,0.460001116353689,35.872579210537396,1.0,
2591,Q9DBR7_S911___1,,0.3913118960624634,0.21876781232187678,0.7543227814475101,ACOS,24.0,4.0,14.0,4.0,14.0,24.0,0.58,,0.017251591034782986,0.059484382074478995,1.345624100713073,1.0,
2592,Q9DBR7_S861___1,,0.24224069756247738,0.6250137498625014,0.9735791103627425,COS,24.0,2.0,14.0,2.0,14.0,24.0,0.5,,0.0953088004769263,0.14846178535828905,7.434086437200252,1.0,
2593,Q9DBR7_S870___1,,0.18633899812498259,0.8125118748812512,0.9836522870292533,ACOS,24.0,16.0,16.0,16.0,16.0,24.0,0.0,,0.15703129585716225,0.19764355093531163,12.248441076858654,1.0,
2594,Q9DBR7_S666___1,,0.29814239699997214,0.43751562484375156,0.8852189547537208,COS,24.0,2.0,14.0,2.0,14.0,24.0,0.5,,0.05361444160464873,0.10847731432202215,4.181926445162601,1.0,
2595,Q9DBR7_S902___1,,0.5403830945624495,0.031269687303126965,0.31931161457616186,ACOS,24.0,4.0,20.0,4.0,20.0,24.0,0.33,,0.0017528052122483628,0.01789883784045924,0.1367188065553723,1.0,
2596,Q9DBS5_S590___1,,0.13043729868748782,0.9062609373906261,0.9836522870292533,ACOS,24.0,8.0,8.0,8.0,8.0,24.0,0.0,,0.24049416858204564,0.26103148572645835,18.75854514939956,1.0,
2597,Q9DBS5_S174___1,,0.29814239699997214,0.43751562484375156,0.8852189547537208,COS,24.0,14.0,2.0,14.0,2.0,24.0,0.5,,0.05361444160464873,0.10847731432202215,4.181926445162601,1.0,
2598,Q9DBS5_S565___1,,0.577650894187446,0.015639843601563983,0.22997788483653625,ACOS,24.0,4.0,20.0,4.0,20.0,24.0,0.33,,9.015710203196908E-4,0.013257255095716316,0.07032253958493588,1.0,
2599,Q9DBT5_S109___1,,0.07453559924999303,0.984390156098439,0.9974177898103224,ACOS,24.0,16.0,16.0,16.0,16.0,24.0,0.0,,0.34358681309626693,0.3483244335568646,26.799771421508822,1.0,
2600,Q9DBT5_S87___1,,0.4099457958749617,0.18751812481875182,0.7309536040039274,ACOS,24.0,14.0,16.0,14.0,16.0,24.0,0.92,,0.013386385243419103,0.05218069745375196,1.04413804898669,1.0,
2601,Q9DBT9_S35___1,,0.11180339887498955,0.937510624893751,0.9899167645530791,ACOS,24.0,14.0,14.0,14.0,14.0,24.0,0.0,,0.2729083801775865,0.2881637536165899,21.286853653851747,1.0,
2602,Q9DBY8_S190___1,,0.24224069756247738,0.6250137498625014,0.9735791103627425,ACOS,24.0,4.0,20.0,4.0,20.0,24.0,0.33,,0.0953088004769263,0.14846178535828905,7.434086437200252,1.0,
2603,Q9DBZ5_S217___1,,0.3167762968124704,0.37501624983750165,0.8386535601185869,ACOS,24.0,16.0,22.0,16.0,22.0,24.0,0.75,,0.04349923101882863,0.097277877884409,3.392940019468633,1.0,
2604,Q9DC50_S392___1,,0.14907119849998607,0.8750112498875011,0.9836522870292533,ACOS,24.0,16.0,8.0,16.0,8.0,24.0,0.33,,0.21029812498078254,0.23917533062426458,16.403253748501037,1.0,
2605,Q9DCD0_S129___1,,0.09316949906249129,0.968760312396876,0.9974177898103224,COS,24.0,14.0,2.0,14.0,2.0,24.0,0.5,,0.30735312441432305,0.3173127201503672,23.973543704317198,1.0,
2606,Q9DCH4_S262___1,,0.11180339887498955,0.937510624893751,0.9899167645530791,ACOS,24.0,14.0,16.0,14.0,16.0,24.0,0.92,,0.2729083801775865,0.2881637536165899,21.286853653851747,1.0,
2607,Q9DCL8_S123___1,,0.48448139512495475,0.07814921850781492,0.5245437011922015,ACOS,24.0,10.0,2.0,10.0,2.0,24.0,0.33,,0.004428713520216645,0.029725873473476612,0.3454396545768983,1.0,
2608,Q9DCM0_S14___1,,0.3913118960624634,0.21876781232187678,0.7543227814475101,ACOS,24.0,8.0,16.0,8.0,16.0,24.0,0.67,,0.017251591034782986,0.059484382074478995,1.345624100713073,1.0,
2609,Q9DCN2_S30___1,,0.4472135954999582,0.12501874981250188,0.6403693519334903,COS,24.0,8.0,20.0,8.0,20.0,24.0,0.5,,0.007842546279573382,0.04017098464103022,0.6117186098067239,1.0,
2610,Q9DCP2_S53___1,,0.2236067977499791,0.6875131248687513,0.9836522870292533,ACOS,24.0,8.0,8.0,8.0,8.0,24.0,0.0,,0.11350807917025535,0.16368591139247143,8.853630175279918,1.0,
2611,Q9DD18_S197___1,,0.37267799624996517,0.25001749982500177,0.783497463386022,ACOS,24.0,8.0,8.0,8.0,8.0,24.0,0.0,,0.02203270318362918,0.06904543509151728,1.718550848323076,1.0,
2612,Q9DD18_S205___1,,0.29814239699997214,0.43751562484375156,0.8852189547537208,ACOS,24.0,10.0,2.0,10.0,2.0,24.0,0.33,,0.05361444160464873,0.10847731432202215,4.181926445162601,1.0,
2613,Q9EP97_S206___1,,0.46584749531245645,0.0937690623093769,0.5471579350140564,ACOS,24.0,16.0,22.0,16.0,22.0,24.0,0.75,,0.005920711107451196,0.03454832525336907,0.4618154663811933,1.0,
2614,Q9EP97_S163___1,,0.20497289793748086,0.7500124998750013,0.9836522870292533,ACOS,24.0,16.0,22.0,16.0,22.0,24.0,0.75,,0.13405890065957154,0.18041889221405025,10.45659425144658,1.0,
2615,Q9EP97_S226___1,,0.3913118960624634,0.21876781232187678,0.7543227814475101,ACOS,24.0,16.0,22.0,16.0,22.0,24.0,0.75,,0.017251591034782986,0.059484382074478995,1.345624100713073,1.0,
2616,Q9EPB4_S193___1,,0.48448139512495475,0.07814921850781492,0.5245437011922015,ACOS,24.0,20.0,10.0,20.0,10.0,24.0,0.42,,0.004428713520216645,0.029725873473476612,0.3454396545768983,1.0,
2617,Q9EPS3_S73___1,,0.26087459737497565,0.5625143748562514,0.9536205028159013,ACOS,24.0,20.0,4.0,20.0,4.0,24.0,0.67,,0.07935437224874475,0.1345280400768894,6.189641035402091,1.0,
2618,Q9EPT5_S640___1,,0.20497289793748086,0.7500124998750013,0.9836522870292533,ACOS,24.0,12.0,20.0,12.0,20.0,24.0,0.67,,0.13405890065957154,0.18041889221405025,10.45659425144658,1.0,
2619,Q9EPU0_S1102___1,,0.37267799624996517,0.25001749982500177,0.783497463386022,ACOS,24.0,10.0,10.0,10.0,10.0,24.0,0.0,,0.02203270318362918,0.06904543509151728,1.718550848323076,1.0,
2620,Q9EQ32_S642___1,,0.3167762968124704,0.37501624983750165,0.8386535601185869,ACOS,24.0,8.0,18.0,8.0,18.0,24.0,0.58,,0.04349923101882863,0.097277877884409,3.392940019468633,1.0,
2621,Q9EQH3_S7___1,,0.3167762968124704,0.37501624983750165,0.8386535601185869,ACOS,24.0,20.0,14.0,20.0,14.0,24.0,0.25,,0.04349923101882863,0.097277877884409,3.392940019468633,1.0,
2622,Q9EQJ9_S575___1,,0.3354101966249687,0.34376656233437664,0.8386535601185869,ACOS,24.0,20.0,4.0,20.0,4.0,24.0,0.67,,0.03498372787327912,0.08730403942892999,2.7287307741157716,1.0,
2623,Q9EQJ9_S833___1,,0.2236067977499791,0.6875131248687513,0.9836522870292533,ACOS,24.0,20.0,4.0,20.0,4.0,24.0,0.67,,0.11350807917025535,0.16368591139247143,8.853630175279918,1.0,
2624,Q9EQM6_S377___1,,0.24224069756247738,0.6250137498625014,0.9735791103627425,ACOS,24.0,14.0,14.0,14.0,14.0,24.0,0.0,,0.0953088004769263,0.14846178535828905,7.434086437200252,1.0,
2625,Q9EQN3_S189___1,,0.26087459737497565,0.5625143748562514,0.9536205028159013,ACOS,24.0,2.0,2.0,2.0,2.0,24.0,0.0,,0.07935437224874475,0.1345280400768894,6.189641035402091,1.0,
2626,Q9EQN3_S165___1,,0.3167762968124704,0.37501624983750165,0.8386535601185869,ACOS,24.0,22.0,20.0,22.0,20.0,24.0,0.08,,0.04349923101882863,0.097277877884409,3.392940019468633,1.0,
2627,Q9EQQ9_S364___1,,0.14907119849998607,0.8750112498875011,0.9836522870292533,ACOS,24.0,20.0,4.0,20.0,4.0,24.0,0.67,,0.21029812498078254,0.23917533062426458,16.403253748501037,1.0,
2628,Q9EQU5_S30___1,,0.5217491947499513,0.04689953100468995,0.4127676955274646,ACOS,24.0,22.0,22.0,22.0,22.0,24.0,0.0,,0.0024097615294134673,0.021208564178760516,0.18796139929425046,1.0,
2629,Q9ER69_S297___1,,0.3167762968124704,0.37501624983750165,0.8386535601185869,ACOS,24.0,8.0,16.0,8.0,16.0,24.0,0.67,,0.04349923101882863,0.097277877884409,3.392940019468633,1.0,
2630,Q9ER72_S388___1,,0.5217491947499513,0.04689953100468995,0.4127676955274646,ACOS,24.0,4.0,20.0,4.0,20.0,24.0,0.33,,0.0024097615294134673,0.021208564178760516,0.18796139929425046,1.0,
2631,Q9ER72_S390___1,,0.6894542930624356,0.001969980300196998,0.11768169818301817,COS,24.0,8.0,20.0,8.0,20.0,24.0,0.5,,9.769013212726992E-5,0.005835764267952787,0.007619830305927054,0.45518961290031734,
2632,Q9ERA6_S60___1,,0.24224069756247738,0.6250137498625014,0.9735791103627425,ACOS,24.0,14.0,14.0,14.0,14.0,24.0,0.0,,0.0953088004769263,0.14846178535828905,7.434086437200252,1.0,
2633,Q9ERA6_S2___1,,0.42857969568745996,0.15626843731562684,0.6959989393582299,ACOS,24.0,8.0,16.0,8.0,16.0,24.0,0.67,,0.010293111274975088,0.04584415543625904,0.8028626794480569,1.0,
2634,Q9ERA6_S211___1,,0.14907119849998607,0.8750112498875011,0.9836522870292533,ACOS,24.0,20.0,14.0,20.0,14.0,24.0,0.25,,0.21029812498078254,0.23917533062426458,16.403253748501037,1.0,
2635,Q9ERB0_S212___1,,0.3913118960624634,0.21876781232187678,0.7543227814475101,ACOS,24.0,8.0,18.0,8.0,18.0,24.0,0.58,,0.017251591034782986,0.059484382074478995,1.345624100713073,1.0,
2636,Q9ERG0_S467___1,,0.3354101966249687,0.34376656233437664,0.8386535601185869,ACOS,24.0,8.0,8.0,8.0,8.0,24.0,0.0,,0.03498372787327912,0.08730403942892999,2.7287307741157716,1.0,
2637,Q9ERG0_S735___1,,0.6894542930624356,0.001969980300196998,0.11768169818301817,COS,24.0,8.0,20.0,8.0,20.0,24.0,0.5,,9.769013212726992E-5,0.005835764267952787,0.007619830305927054,0.45518961290031734,
2638,Q9ERG0_S615___1,,0.5217491947499513,0.04689953100468995,0.4127676955274646,COS,24.0,8.0,20.0,8.0,20.0,24.0,0.5,,0.0024097615294134673,0.021208564178760516,0.18796139929425046,1.0,
2639,Q9ERG0_S617___1,,0.6521864934374391,0.003919960800391996,0.13674082237279817,COS,24.0,8.0,20.0,8.0,20.0,24.0,0.5,,2.1288795232688796E-4,0.007426215504891954,0.01660526028149726,0.5792448093815723,
2640,Q9ERG0_S539___1,,0.42857969568745996,0.15626843731562684,0.6959989393582299,ACOS,24.0,12.0,18.0,12.0,18.0,24.0,0.75,,0.010293111274975088,0.04584415543625904,0.8028626794480569,1.0,
2641,Q9ERG0_S59___1,,0.37267799624996517,0.25001749982500177,0.783497463386022,COS,24.0,8.0,20.0,8.0,20.0,24.0,0.5,,0.02203270318362918,0.06904543509151728,1.718550848323076,1.0,
2642,Q9ERG0_S15___1,,0.6708203932499374,0.002949970500294997,0.1270081893775657,ACOS,24.0,4.0,0.0,4.0,0.0,24.0,0.17,,1.449047398848948E-4,0.006238736503692902,0.011302569711021794,0.4866214472880464,
2643,Q9ERG0_S485___1,,0.3540440964374669,0.3125168748312517,0.8386535601185869,ACOS,24.0,14.0,4.0,14.0,4.0,24.0,0.42,,0.027887169552556004,0.07848809381134579,2.175199225099368,1.0,
2644,Q9ERG0_S488___1,,0.42857969568745996,0.15626843731562684,0.6959989393582299,ACOS,24.0,4.0,14.0,4.0,14.0,24.0,0.58,,0.010293111274975088,0.04584415543625904,0.8028626794480569,1.0,
2645,Q9ERG0_S360___1,,0.2795084971874739,0.5000149998500015,0.9204821588147755,ACOS,24.0,4.0,2.0,4.0,2.0,24.0,0.08,,0.06550881647134288,0.1205957757767903,5.1096876847647446,1.0,
2646,Q9ERG0_S594___1,,0.42857969568745996,0.15626843731562684,0.6959989393582299,COS,24.0,8.0,20.0,8.0,20.0,24.0,0.5,,0.010293111274975088,0.04584415543625904,0.8028626794480569,1.0,
2647,Q9ERG0_S329___1,,0.577650894187446,0.015639843601563983,0.22997788483653625,COS,24.0,8.0,20.0,8.0,20.0,24.0,0.5,,9.015710203196908E-4,0.013257255095716316,0.07032253958493588,1.0,
2648,Q9ERG2_S229___1,,0.20497289793748086,0.7500124998750013,0.9836522870292533,ACOS,24.0,8.0,18.0,8.0,18.0,24.0,0.58,,0.13405890065957154,0.18041889221405025,10.45659425144658,1.0,
2649,Q9ERG2_S257___1,,0.24224069756247738,0.6250137498625014,0.9735791103627425,ACOS,24.0,12.0,20.0,12.0,20.0,24.0,0.67,,0.0953088004769263,0.14846178535828905,7.434086437200252,1.0,
2650,Q9ERU9_S2729___1,,0.16770509831248434,0.8437615623843762,0.9836522870292533,ACOS,24.0,16.0,12.0,16.0,12.0,24.0,0.17,,0.1824518756760124,0.21722409413444527,14.231246302728968,1.0,
2651,Q9ERU9_S2134___1,,0.2795084971874739,0.5000149998500015,0.9204821588147755,ACOS,24.0,16.0,12.0,16.0,12.0,24.0,0.17,,0.06550881647134288,0.1205957757767903,5.1096876847647446,1.0,
2652,Q9ERU9_S2576___1,,0.2236067977499791,0.6875131248687513,0.9836522870292533,ACOS,24.0,14.0,14.0,14.0,14.0,24.0,0.0,,0.11350807917025535,0.16368591139247143,8.853630175279918,1.0,
2653,Q9ERU9_S2505___1,,0.055901699437494776,0.99220007799922,0.9974177898103224,ACOS,24.0,14.0,6.0,14.0,6.0,24.0,0.33,,0.3813183256938952,0.38332357561866326,29.742829404123825,1.0,
2654,Q9ERU9_S1101___1,,0.5217491947499513,0.04689953100468995,0.4127676955274646,COS,24.0,8.0,20.0,8.0,20.0,24.0,0.5,,0.0024097615294134673,0.021208564178760516,0.18796139929425046,1.0,
2655,Q9ERU9_S1154___1,,0.2795084971874739,0.5000149998500015,0.9204821588147755,ACOS,24.0,10.0,4.0,10.0,4.0,24.0,0.25,,0.06550881647134288,0.1205957757767903,5.1096876847647446,1.0,
2656,Q9ES00_S124___1,,0.26087459737497565,0.5625143748562514,0.9536205028159013,ACOS,24.0,8.0,8.0,8.0,8.0,24.0,0.0,,0.07935437224874475,0.1345280400768894,6.189641035402091,1.0,
2657,Q9ES00_S105___1,,0.14907119849998607,0.8750112498875011,0.9836522870292533,ACOS,24.0,14.0,16.0,14.0,16.0,24.0,0.92,,0.21029812498078254,0.23917533062426458,16.403253748501037,1.0,
2658,Q9ES00_S88___1,,0.5962847939999443,0.011739882601173987,0.2093466378769048,ACOS,24.0,14.0,4.0,14.0,4.0,24.0,0.42,,6.374983385533969E-4,0.011367927462487626,0.04972487040716496,0.8866983420740349,
2659,Q9ES00_S101___1,,0.6149186938124426,0.007829921700782993,0.17567697562460996,ACOS,24.0,4.0,0.0,4.0,0.0,24.0,0.17,,4.465174392780171E-4,0.010018341982674385,0.03482836026368533,0.7814306746486018,
2660,Q9ES28_S776___1,,0.2236067977499791,0.6875131248687513,0.9836522870292533,ACOS,24.0,14.0,20.0,14.0,20.0,24.0,0.75,,0.11350807917025535,0.16368591139247143,8.853630175279918,1.0,
2661,Q9ES28_S673___1,,0.26087459737497565,0.5625143748562514,0.9536205028159013,ACOS,24.0,16.0,16.0,16.0,16.0,24.0,0.0,,0.07935437224874475,0.1345280400768894,6.189641035402091,1.0,
2662,Q9ES28_S25___1,,0.48448139512495475,0.07814921850781492,0.5245437011922015,ACOS,24.0,16.0,8.0,16.0,8.0,24.0,0.33,,0.004428713520216645,0.029725873473476612,0.3454396545768983,1.0,
2663,Q9ES28_S497___1,,0.3540440964374669,0.3125168748312517,0.8386535601185869,ACOS,24.0,16.0,12.0,16.0,12.0,24.0,0.17,,0.027887169552556004,0.07848809381134579,2.175199225099368,1.0,
2664,Q9ESE1_S1219___1,,0.42857969568745996,0.15626843731562684,0.6959989393582299,ACOS,24.0,8.0,18.0,8.0,18.0,24.0,0.58,,0.010293111274975088,0.04584415543625904,0.8028626794480569,1.0,
2665,Q9ESE1_S1228___1,,0.577650894187446,0.015639843601563983,0.22997788483653625,ACOS,24.0,8.0,18.0,8.0,18.0,24.0,0.58,,9.015710203196908E-4,0.013257255095716316,0.07032253958493588,1.0,
2666,Q9ESE1_S2057___1,,0.3913118960624634,0.21876781232187678,0.7543227814475101,COS,24.0,8.0,20.0,8.0,20.0,24.0,0.5,,0.017251591034782986,0.059484382074478995,1.345624100713073,1.0,
2667,Q9ESK9_S623___1,,0.3913118960624634,0.21876781232187678,0.7543227814475101,ACOS,24.0,10.0,2.0,10.0,2.0,24.0,0.33,,0.017251591034782986,0.059484382074478995,1.345624100713073,1.0,
2668,Q9ESK9_S1366___1,,0.3913118960624634,0.21876781232187678,0.7543227814475101,ACOS,24.0,10.0,10.0,10.0,10.0,24.0,0.0,,0.017251591034782986,0.059484382074478995,1.345624100713073,1.0,
2669,Q9ESK9_S222___1,,0.2795084971874739,0.5000149998500015,0.9204821588147755,ACOS,24.0,10.0,2.0,10.0,2.0,24.0,0.33,,0.06550881647134288,0.1205957757767903,5.1096876847647446,1.0,
2670,Q9ESK9_S1282___1,,0.42857969568745996,0.15626843731562684,0.6959989393582299,ACOS,24.0,10.0,10.0,10.0,10.0,24.0,0.0,,0.010293111274975088,0.04584415543625904,0.8028626794480569,1.0,
2671,Q9ESK9_S237___1,,0.46584749531245645,0.0937690623093769,0.5471579350140564,ACOS,24.0,10.0,2.0,10.0,2.0,24.0,0.33,,0.005920711107451196,0.03454832525336907,0.4618154663811933,1.0,
2672,Q9ESL4_S650___1,,0.577650894187446,0.015639843601563983,0.22997788483653625,COS,24.0,8.0,20.0,8.0,20.0,24.0,0.5,,9.015710203196908E-4,0.013257255095716316,0.07032253958493588,1.0,
2673,Q9ESL4_S593___1,,0.09316949906249129,0.968760312396876,0.9974177898103224,ACOS,24.0,14.0,16.0,14.0,16.0,24.0,0.92,,0.30735312441432305,0.3173127201503672,23.973543704317198,1.0,
2674,Q9EST3_S586___1,,0.16770509831248434,0.8437615623843762,0.9836522870292533,ACOS,24.0,20.0,4.0,20.0,4.0,24.0,0.67,,0.1824518756760124,0.21722409413444527,14.231246302728968,1.0,
2675,Q9ESV0_S80___1,,0.055901699437494776,0.99220007799922,0.9974177898103224,ACOS,24.0,2.0,2.0,2.0,2.0,24.0,0.0,,0.3813183256938952,0.38332357561866326,29.742829404123825,1.0,
2676,Q9ESX5_S481___1,,0.2236067977499791,0.6875131248687513,0.9836522870292533,ACOS,24.0,10.0,6.0,10.0,6.0,24.0,0.17,,0.11350807917025535,0.16368591139247143,8.853630175279918,1.0,
2677,Q9ESZ8_S674___1,,0.18633899812498259,0.8125118748812512,0.9836522870292533,ACOS,24.0,10.0,2.0,10.0,2.0,24.0,0.33,,0.15703129585716225,0.19764355093531163,12.248441076858654,1.0,
2678,Q9ET01_S561___1,,0.26087459737497565,0.5625143748562514,0.9536205028159013,ACOS,24.0,10.0,2.0,10.0,2.0,24.0,0.33,,0.07935437224874475,0.1345280400768894,6.189641035402091,1.0,
2679,Q9ET01_S527___1,,0.3540440964374669,0.3125168748312517,0.8386535601185869,ACOS,24.0,20.0,4.0,20.0,4.0,24.0,0.67,,0.027887169552556004,0.07848809381134579,2.175199225099368,1.0,
2680,Q9ET01_S639___1,,0.26087459737497565,0.5625143748562514,0.9536205028159013,ACOS,24.0,20.0,4.0,20.0,4.0,24.0,0.67,,0.07935437224874475,0.1345280400768894,6.189641035402091,1.0,
2681,Q9ET54_S16___1,,0.48448139512495475,0.07814921850781492,0.5245437011922015,ACOS,24.0,4.0,20.0,4.0,20.0,24.0,0.33,,0.004428713520216645,0.029725873473476612,0.3454396545768983,1.0,
2682,Q9ET54_S264___1,,0.5403830945624495,0.031269687303126965,0.31931161457616186,ACOS,24.0,10.0,2.0,10.0,2.0,24.0,0.33,,0.0017528052122483628,0.01789883784045924,0.1367188065553723,1.0,
2683,Q9JHE7_S57___1,,0.13043729868748782,0.9062609373906261,0.9836522870292533,ACOS,24.0,20.0,4.0,20.0,4.0,24.0,0.67,,0.24049416858204564,0.26103148572645835,18.75854514939956,1.0,
2684,Q9JHE7_S64___1,,0.3540440964374669,0.3125168748312517,0.8386535601185869,ACOS,24.0,10.0,4.0,10.0,4.0,24.0,0.25,,0.027887169552556004,0.07848809381134579,2.175199225099368,1.0,
2685,Q9JHI2_S169___1,,0.29814239699997214,0.43751562484375156,0.8852189547537208,ACOS,24.0,20.0,4.0,20.0,4.0,24.0,0.67,,0.05361444160464873,0.10847731432202215,4.181926445162601,1.0,
2686,Q9JHK5_S117___1,,0.5403830945624495,0.031269687303126965,0.31931161457616186,ACOS,24.0,20.0,6.0,20.0,6.0,24.0,0.58,,0.0017528052122483628,0.01789883784045924,0.1367188065553723,1.0,
2687,Q9JHS4_S612___1,,0.3354101966249687,0.34376656233437664,0.8386535601185869,ACOS,24.0,16.0,22.0,16.0,22.0,24.0,0.75,,0.03498372787327912,0.08730403942892999,2.7287307741157716,1.0,
2688,Q9JHS4_S618___1,,0.577650894187446,0.015639843601563983,0.22997788483653625,ACOS,24.0,18.0,12.0,18.0,12.0,24.0,0.25,,9.015710203196908E-4,0.013257255095716316,0.07032253958493588,1.0,
2689,Q9JHU2_S520___1,,0.24224069756247738,0.6250137498625014,0.9735791103627425,ACOS,24.0,4.0,14.0,4.0,14.0,24.0,0.58,,0.0953088004769263,0.14846178535828905,7.434086437200252,1.0,
2690,Q9JHU2_S364___1,,0.3354101966249687,0.34376656233437664,0.8386535601185869,ACOS,24.0,4.0,14.0,4.0,14.0,24.0,0.58,,0.03498372787327912,0.08730403942892999,2.7287307741157716,1.0,
2691,Q9JHU2_S385___1,,0.3540440964374669,0.3125168748312517,0.8386535601185869,ACOS,24.0,8.0,16.0,8.0,16.0,24.0,0.67,,0.027887169552556004,0.07848809381134579,2.175199225099368,1.0,
2692,Q9JHU4_S4366___1,,0.5590169943749478,0.023459765402345976,0.28673713262867373,ACOS,24.0,16.0,8.0,16.0,8.0,24.0,0.33,,0.0012630300532244254,0.015437392901175266,0.09851634415150518,1.0,
2693,Q9JHW4_S512___1,,0.3540440964374669,0.3125168748312517,0.8386535601185869,ACOS,24.0,10.0,2.0,10.0,2.0,24.0,0.33,,0.027887169552556004,0.07848809381134579,2.175199225099368,1.0,
2694,Q9JI10_S316___1,,0.2795084971874739,0.5000149998500015,0.9204821588147755,ACOS,24.0,14.0,14.0,14.0,14.0,24.0,0.0,,0.06550881647134288,0.1205957757767903,5.1096876847647446,1.0,
2695,Q9JI10_S323___1,,0.14907119849998607,0.8750112498875011,0.9836522870292533,ACOS,24.0,2.0,10.0,2.0,10.0,24.0,0.67,,0.21029812498078254,0.23917533062426458,16.403253748501037,1.0,
2696,Q9JI11_S320___1,,0.13043729868748782,0.9062609373906261,0.9836522870292533,ACOS,24.0,14.0,14.0,14.0,14.0,24.0,0.0,,0.24049416858204564,0.26103148572645835,18.75854514939956,1.0,
2697,Q9JI13_S37___1,,0.3913118960624634,0.21876781232187678,0.7543227814475101,ACOS,24.0,22.0,22.0,22.0,22.0,24.0,0.0,,0.017251591034782986,0.059484382074478995,1.345624100713073,1.0,
2698,Q9JI99_S101___1,,0.18633899812498259,0.8125118748812512,0.9836522870292533,ACOS,24.0,20.0,10.0,20.0,10.0,24.0,0.42,,0.15703129585716225,0.19764355093531163,12.248441076858654,1.0,
2699,Q9JIA7_S364___1,,0.3540440964374669,0.3125168748312517,0.8386535601185869,ACOS,24.0,8.0,10.0,8.0,10.0,24.0,0.92,,0.027887169552556004,0.07848809381134579,2.175199225099368,1.0,
2700,Q9JIA7_S379___1,,0.16770509831248434,0.8437615623843762,0.9836522870292533,ACOS,24.0,16.0,16.0,16.0,16.0,24.0,0.0,,0.1824518756760124,0.21722409413444527,14.231246302728968,1.0,
2701,Q9JIG7_S113___1,,0.13043729868748782,0.9062609373906261,0.9836522870292533,ACOS,24.0,16.0,16.0,16.0,16.0,24.0,0.0,,0.24049416858204564,0.26103148572645835,18.75854514939956,1.0,
2702,Q9JIH2_S322___1,,0.29814239699997214,0.43751562484375156,0.8852189547537208,ACOS,24.0,14.0,4.0,14.0,4.0,24.0,0.42,,0.05361444160464873,0.10847731432202215,4.181926445162601,1.0,
2703,Q9JII6_S66___1,,0.16770509831248434,0.8437615623843762,0.9836522870292533,COS,24.0,14.0,2.0,14.0,2.0,24.0,0.5,,0.1824518756760124,0.21722409413444527,14.231246302728968,1.0,
2704,Q9JII6_S215___1,,0.13043729868748782,0.9062609373906261,0.9836522870292533,ACOS,24.0,4.0,14.0,4.0,14.0,24.0,0.58,,0.24049416858204564,0.26103148572645835,18.75854514939956,1.0,
2705,Q9JIK5_S118___1,,0.4472135954999582,0.12501874981250188,0.6403693519334903,ACOS,24.0,20.0,4.0,20.0,4.0,24.0,0.67,,0.007842546279573382,0.04017098464103022,0.6117186098067239,1.0,
2706,Q9JIK5_S13___1,,0.2236067977499791,0.6875131248687513,0.9836522870292533,ACOS,24.0,20.0,4.0,20.0,4.0,24.0,0.67,,0.11350807917025535,0.16368591139247143,8.853630175279918,1.0,
2707,Q9JIL4_S365___1,,0.07453559924999303,0.984390156098439,0.9974177898103224,ACOS,24.0,8.0,10.0,8.0,10.0,24.0,0.92,,0.34358681309626693,0.3483244335568646,26.799771421508822,1.0,
2708,Q9JIL4_S341___1,,0.2795084971874739,0.5000149998500015,0.9204821588147755,ACOS,24.0,14.0,16.0,14.0,16.0,24.0,0.92,,0.06550881647134288,0.1205957757767903,5.1096876847647446,1.0,
2709,Q9JIL4_S348___1,,0.577650894187446,0.015639843601563983,0.22997788483653625,COS,24.0,8.0,20.0,8.0,20.0,24.0,0.5,,9.015710203196908E-4,0.013257255095716316,0.07032253958493588,1.0,
2710,Q9JIS8_S37___1,,0.577650894187446,0.015639843601563983,0.22997788483653625,ACOS,24.0,20.0,4.0,20.0,4.0,24.0,0.67,,9.015710203196908E-4,0.013257255095716316,0.07032253958493588,1.0,
2711,Q9JIS8_S967___1,,0.577650894187446,0.015639843601563983,0.22997788483653625,ACOS,24.0,20.0,4.0,20.0,4.0,24.0,0.67,,9.015710203196908E-4,0.013257255095716316,0.07032253958493588,1.0,
2712,Q9JIX8_S491___1,,0.6335525936249408,0.005879941200587994,0.1643288830269592,ACOS,24.0,20.0,4.0,20.0,4.0,24.0,0.67,,3.0978912629739484E-4,0.008657790845469297,0.0241635518511968,0.6753076859466053,
2713,Q9JIX8_S428___1,,0.16770509831248434,0.8437615623843762,0.9836522870292533,ACOS,24.0,20.0,4.0,20.0,4.0,24.0,0.67,,0.1824518756760124,0.21722409413444527,14.231246302728968,1.0,
2714,Q9JIX8_S468___1,,0.18633899812498259,0.8125118748812512,0.9836522870292533,ACOS,24.0,14.0,16.0,14.0,16.0,24.0,0.92,,0.15703129585716225,0.19764355093531163,12.248441076858654,1.0,
2715,Q9JIX8_S710___1,,0.3167762968124704,0.37501624983750165,0.8386535601185869,COS,24.0,8.0,20.0,8.0,20.0,24.0,0.5,,0.04349923101882863,0.097277877884409,3.392940019468633,1.0,
2716,Q9JIX8_S898___1,,0.18633899812498259,0.8125118748812512,0.9836522870292533,ACOS,24.0,20.0,4.0,20.0,4.0,24.0,0.67,,0.15703129585716225,0.19764355093531163,12.248441076858654,1.0,
2717,Q9JIX8_S526___1,,0.42857969568745996,0.15626843731562684,0.6959989393582299,ACOS,24.0,14.0,6.0,14.0,6.0,24.0,0.33,,0.010293111274975088,0.04584415543625904,0.8028626794480569,1.0,
2718,Q9JIX8_S479___1,,0.46584749531245645,0.0937690623093769,0.5471579350140564,ACOS,24.0,20.0,4.0,20.0,4.0,24.0,0.67,,0.005920711107451196,0.03454832525336907,0.4618154663811933,1.0,
2719,Q9JIX8_S391___1,,0.09316949906249129,0.968760312396876,0.9974177898103224,ACOS,24.0,14.0,6.0,14.0,6.0,24.0,0.33,,0.30735312441432305,0.3173127201503672,23.973543704317198,1.0,
2720,Q9JIX8_S216___1,,0.4099457958749617,0.18751812481875182,0.7309536040039274,ACOS,24.0,22.0,16.0,22.0,16.0,24.0,0.25,,0.013386385243419103,0.05218069745375196,1.04413804898669,1.0,
2721,Q9JIX8_S1003___1,,0.20497289793748086,0.7500124998750013,0.9836522870292533,ACOS,24.0,20.0,4.0,20.0,4.0,24.0,0.67,,0.13405890065957154,0.18041889221405025,10.45659425144658,1.0,
2722,Q9JJL3_S290___1,,0.14907119849998607,0.8750112498875011,0.9836522870292533,ACOS,24.0,10.0,8.0,10.0,8.0,24.0,0.08,,0.21029812498078254,0.23917533062426458,16.403253748501037,1.0,
2723,Q9JJZ4_S266___1,,0.5217491947499513,0.04689953100468995,0.4127676955274646,ACOS,24.0,8.0,10.0,8.0,10.0,24.0,0.92,,0.0024097615294134673,0.021208564178760516,0.18796139929425046,1.0,
2724,Q9JK81_S283___1,,0.16770509831248434,0.8437615623843762,0.9836522870292533,ACOS,24.0,8.0,16.0,8.0,16.0,24.0,0.67,,0.1824518756760124,0.21722409413444527,14.231246302728968,1.0,
2725,Q9JK92_S87___1,,0.11180339887498955,0.937510624893751,0.9899167645530791,ACOS,24.0,14.0,14.0,14.0,14.0,24.0,0.0,,0.2729083801775865,0.2881637536165899,21.286853653851747,1.0,
2726,Q9JKB1_S130___1,,0.26087459737497565,0.5625143748562514,0.9536205028159013,ACOS,24.0,20.0,0.0,20.0,0.0,24.0,0.83,,0.07935437224874475,0.1345280400768894,6.189641035402091,1.0,
2727,Q9JKF6_S421___1,,0.26087459737497565,0.5625143748562514,0.9536205028159013,ACOS,24.0,20.0,0.0,20.0,0.0,24.0,0.83,,0.07935437224874475,0.1345280400768894,6.189641035402091,1.0,
2728,Q9JKF6_S434___1,,0.3167762968124704,0.37501624983750165,0.8386535601185869,ACOS,24.0,16.0,8.0,16.0,8.0,24.0,0.33,,0.04349923101882863,0.097277877884409,3.392940019468633,1.0,
2729,Q9JKF6_S506___1,,0.29814239699997214,0.43751562484375156,0.8852189547537208,ACOS,24.0,10.0,6.0,10.0,6.0,24.0,0.17,,0.05361444160464873,0.10847731432202215,4.181926445162601,1.0,
2730,Q9JKR6_S567___1,,0.2236067977499791,0.6875131248687513,0.9836522870292533,ACOS,24.0,16.0,22.0,16.0,22.0,24.0,0.75,,0.11350807917025535,0.16368591139247143,8.853630175279918,1.0,
2731,Q9JKS5_S7___1,,0.3167762968124704,0.37501624983750165,0.8386535601185869,ACOS,24.0,10.0,20.0,10.0,20.0,24.0,0.58,,0.04349923101882863,0.097277877884409,3.392940019468633,1.0,
2732,Q9JKS5_S108___1,,0.577650894187446,0.015639843601563983,0.22997788483653625,ACOS,24.0,10.0,20.0,10.0,20.0,24.0,0.58,,9.015710203196908E-4,0.013257255095716316,0.07032253958493588,1.0,
2733,Q9JLF6_S94___1,,0.29814239699997214,0.43751562484375156,0.8852189547537208,ACOS,24.0,2.0,2.0,2.0,2.0,24.0,0.0,,0.05361444160464873,0.10847731432202215,4.181926445162601,1.0,
2734,Q9JLM9_S370___1,,0.24224069756247738,0.6250137498625014,0.9735791103627425,ACOS,24.0,14.0,14.0,14.0,14.0,24.0,0.0,,0.0953088004769263,0.14846178535828905,7.434086437200252,1.0,
2735,Q9JLN9_S1418___1,,0.3540440964374669,0.3125168748312517,0.8386535601185869,ACOS,24.0,10.0,2.0,10.0,2.0,24.0,0.33,,0.027887169552556004,0.07848809381134579,2.175199225099368,1.0,
2736,Q9JLN9_S1261___1,,0.26087459737497565,0.5625143748562514,0.9536205028159013,ACOS,24.0,22.0,16.0,22.0,16.0,24.0,0.25,,0.07935437224874475,0.1345280400768894,6.189641035402091,1.0,
2737,Q9JLQ0_S224___1,,0.42857969568745996,0.15626843731562684,0.6959989393582299,ACOS,24.0,4.0,0.0,4.0,0.0,24.0,0.17,,0.010293111274975088,0.04584415543625904,0.8028626794480569,1.0,
2738,Q9JLQ0_S458___1,,0.42857969568745996,0.15626843731562684,0.6959989393582299,ACOS,24.0,4.0,0.0,4.0,0.0,24.0,0.17,,0.010293111274975088,0.04584415543625904,0.8028626794480569,1.0,
2739,Q9JLV1_S270___1,,0.6335525936249408,0.005879941200587994,0.1643288830269592,COS,24.0,8.0,20.0,8.0,20.0,24.0,0.5,,3.0978912629739484E-4,0.008657790845469297,0.0241635518511968,0.6753076859466053,
2740,Q9JLV1_S274___1,,0.18633899812498259,0.8125118748812512,0.9836522870292533,ACOS,24.0,2.0,12.0,2.0,12.0,24.0,0.58,,0.15703129585716225,0.19764355093531163,12.248441076858654,1.0,
2741,Q9JLV1_S117___1,,0.7826237921249268,1.3999860001399987E-4,0.06212637873621263,COS,24.0,8.0,20.0,8.0,20.0,24.0,0.5,,1.1774072260825224E-5,0.005835764267952787,9.183776363443675E-4,0.45518961290031734,
2742,Q9JLV1_S179___1,,0.29814239699997214,0.43751562484375156,0.8852189547537208,ACOS,24.0,8.0,8.0,8.0,8.0,24.0,0.0,,0.05361444160464873,0.10847731432202215,4.181926445162601,1.0,
2743,Q9JLV1_S138___1,,0.4472135954999582,0.12501874981250188,0.6403693519334903,ACOS,24.0,8.0,8.0,8.0,8.0,24.0,0.0,,0.007842546279573382,0.04017098464103022,0.6117186098067239,1.0,
2744,Q9JLZ8_S382___1,,0.13043729868748782,0.9062609373906261,0.9836522870292533,ACOS,24.0,22.0,22.0,22.0,22.0,24.0,0.0,,0.24049416858204564,0.26103148572645835,18.75854514939956,1.0,
2745,Q9JM13_S132___1,,0.2795084971874739,0.5000149998500015,0.9204821588147755,ACOS,24.0,22.0,22.0,22.0,22.0,24.0,0.0,,0.06550881647134288,0.1205957757767903,5.1096876847647446,1.0,
2746,Q9JM52_S783___1,,0.4472135954999582,0.12501874981250188,0.6403693519334903,ACOS,24.0,20.0,4.0,20.0,4.0,24.0,0.67,,0.007842546279573382,0.04017098464103022,0.6117186098067239,1.0,
2747,Q9JM52_S644___1,,0.20497289793748086,0.7500124998750013,0.9836522870292533,ACOS,24.0,20.0,4.0,20.0,4.0,24.0,0.67,,0.13405890065957154,0.18041889221405025,10.45659425144658,1.0,
2748,Q9JM96_S107___1,,0.16770509831248434,0.8437615623843762,0.9836522870292533,ACOS,24.0,4.0,0.0,4.0,0.0,24.0,0.17,,0.1824518756760124,0.21722409413444527,14.231246302728968,1.0,
2749,Q9JM96_S223___1,,0.29814239699997214,0.43751562484375156,0.8852189547537208,ACOS,24.0,4.0,20.0,4.0,20.0,24.0,0.33,,0.05361444160464873,0.10847731432202215,4.181926445162601,1.0,
2750,Q9JM96_S302___1,,0.37267799624996517,0.25001749982500177,0.783497463386022,ACOS,24.0,4.0,2.0,4.0,2.0,24.0,0.08,,0.02203270318362918,0.06904543509151728,1.718550848323076,1.0,
2751,Q9JM96_S64___1,,0.2795084971874739,0.5000149998500015,0.9204821588147755,ACOS,24.0,4.0,20.0,4.0,20.0,24.0,0.33,,0.06550881647134288,0.1205957757767903,5.1096876847647446,1.0,
2752,Q9JMA1_S143___1,,0.2236067977499791,0.6875131248687513,0.9836522870292533,ACOS,24.0,8.0,8.0,8.0,8.0,24.0,0.0,,0.11350807917025535,0.16368591139247143,8.853630175279918,1.0,
2753,Q9JMD3_S284___1,,0.18633899812498259,0.8125118748812512,0.9836522870292533,ACOS,24.0,20.0,4.0,20.0,4.0,24.0,0.67,,0.15703129585716225,0.19764355093531163,12.248441076858654,1.0,
2754,Q9JMD3_S13___1,,0.26087459737497565,0.5625143748562514,0.9536205028159013,ACOS,24.0,8.0,16.0,8.0,16.0,24.0,0.67,,0.07935437224874475,0.1345280400768894,6.189641035402091,1.0,
2755,Q9JMD3_S21___1,,0.2795084971874739,0.5000149998500015,0.9204821588147755,ACOS,24.0,14.0,14.0,14.0,14.0,24.0,0.0,,0.06550881647134288,0.1205957757767903,5.1096876847647446,1.0,
2756,Q9JMH9_S983___1,,0.20497289793748086,0.7500124998750013,0.9836522870292533,ACOS,24.0,14.0,16.0,14.0,16.0,24.0,0.92,,0.13405890065957154,0.18041889221405025,10.45659425144658,1.0,
2757,Q9JMH9_S2039___1,,0.29814239699997214,0.43751562484375156,0.8852189547537208,ACOS,24.0,16.0,16.0,16.0,16.0,24.0,0.0,,0.05361444160464873,0.10847731432202215,4.181926445162601,1.0,
2758,Q9JMH9_S1966___1,,0.6894542930624356,0.001969980300196998,0.11768169818301817,ACOS,24.0,20.0,4.0,20.0,4.0,24.0,0.67,,9.769013212726992E-5,0.005835764267952787,0.007619830305927054,0.45518961290031734,
2759,Q9JMH9_S1970___1,,0.4099457958749617,0.18751812481875182,0.7309536040039274,ACOS,24.0,10.0,2.0,10.0,2.0,24.0,0.33,,0.013386385243419103,0.05218069745375196,1.04413804898669,1.0,
2760,Q9JMH9_S140___1,,0.3540440964374669,0.3125168748312517,0.8386535601185869,ACOS,24.0,2.0,18.0,2.0,18.0,24.0,0.33,,0.027887169552556004,0.07848809381134579,2.175199225099368,1.0,
2761,Q9JMH9_S74___1,,0.18633899812498259,0.8125118748812512,0.9836522870292533,ACOS,24.0,22.0,20.0,22.0,20.0,24.0,0.08,,0.15703129585716225,0.19764355093531163,12.248441076858654,1.0,
2762,Q9QVP9_S375___1,,0.16770509831248434,0.8437615623843762,0.9836522870292533,ACOS,24.0,12.0,20.0,12.0,20.0,24.0,0.67,,0.1824518756760124,0.21722409413444527,14.231246302728968,1.0,
2763,Q9QWY8_S1059___1,,0.24224069756247738,0.6250137498625014,0.9735791103627425,ACOS,24.0,10.0,2.0,10.0,2.0,24.0,0.33,,0.0953088004769263,0.14846178535828905,7.434086437200252,1.0,
2764,Q9QWY8_S732___1,,0.42857969568745996,0.15626843731562684,0.6959989393582299,ACOS,24.0,20.0,4.0,20.0,4.0,24.0,0.67,,0.010293111274975088,0.04584415543625904,0.8028626794480569,1.0,
2765,Q9QX47_S1723___1,,0.20497289793748086,0.7500124998750013,0.9836522870292533,ACOS,24.0,10.0,4.0,10.0,4.0,24.0,0.25,,0.13405890065957154,0.18041889221405025,10.45659425144658,1.0,
2766,Q9QX47_S2147___1,,0.13043729868748782,0.9062609373906261,0.9836522870292533,ACOS,24.0,10.0,20.0,10.0,20.0,24.0,0.58,,0.24049416858204564,0.26103148572645835,18.75854514939956,1.0,
2767,Q9QX47_S961___1,,0.3167762968124704,0.37501624983750165,0.8386535601185869,ACOS,24.0,20.0,12.0,20.0,12.0,24.0,0.33,,0.04349923101882863,0.097277877884409,3.392940019468633,1.0,
2768,Q9QX47_S1071___1,,0.29814239699997214,0.43751562484375156,0.8852189547537208,ACOS,24.0,22.0,16.0,22.0,16.0,24.0,0.25,,0.05361444160464873,0.10847731432202215,4.181926445162601,1.0,
2769,Q9QXD6_S144___1,,0.42857969568745996,0.15626843731562684,0.6959989393582299,ACOS,24.0,20.0,14.0,20.0,14.0,24.0,0.25,,0.010293111274975088,0.04584415543625904,0.8028626794480569,1.0,
2770,Q9QXD8_S413___1,,0.24224069756247738,0.6250137498625014,0.9735791103627425,ACOS,24.0,10.0,2.0,10.0,2.0,24.0,0.33,,0.0953088004769263,0.14846178535828905,7.434086437200252,1.0,
2771,Q9QXE0_S4___1,,0.3354101966249687,0.34376656233437664,0.8386535601185869,ACOS,24.0,20.0,10.0,20.0,10.0,24.0,0.42,,0.03498372787327912,0.08730403942892999,2.7287307741157716,1.0,
2772,Q9QXF8_S233___1,,0.3540440964374669,0.3125168748312517,0.8386535601185869,ACOS,24.0,20.0,4.0,20.0,4.0,24.0,0.67,,0.027887169552556004,0.07848809381134579,2.175199225099368,1.0,
2773,Q9QXF8_S10___1,,0.5590169943749478,0.023459765402345976,0.28673713262867373,ACOS,24.0,14.0,4.0,14.0,4.0,24.0,0.42,,0.0012630300532244254,0.015437392901175266,0.09851634415150518,1.0,
2774,Q9QXG4_S265___1,,0.3540440964374669,0.3125168748312517,0.8386535601185869,ACOS,24.0,20.0,4.0,20.0,4.0,24.0,0.67,,0.027887169552556004,0.07848809381134579,2.175199225099368,1.0,
2775,Q9QXG4_S267___1,,0.46584749531245645,0.0937690623093769,0.5471579350140564,ACOS,24.0,14.0,14.0,14.0,14.0,24.0,0.0,,0.005920711107451196,0.03454832525336907,0.4618154663811933,1.0,
2776,Q9QXG4_S30___1,,0.14907119849998607,0.8750112498875011,0.9836522870292533,ACOS,24.0,8.0,16.0,8.0,16.0,24.0,0.67,,0.21029812498078254,0.23917533062426458,16.403253748501037,1.0,
2777,Q9QXL2_S1660___1,,0.2236067977499791,0.6875131248687513,0.9836522870292533,ACOS,24.0,16.0,8.0,16.0,8.0,24.0,0.33,,0.11350807917025535,0.16368591139247143,8.853630175279918,1.0,
2778,Q9QXL2_S1671___1,,0.16770509831248434,0.8437615623843762,0.9836522870292533,ACOS,24.0,10.0,10.0,10.0,10.0,24.0,0.0,,0.1824518756760124,0.21722409413444527,14.231246302728968,1.0,
2779,Q9QXM1_S969___1,,0.4099457958749617,0.18751812481875182,0.7309536040039274,ACOS,24.0,10.0,2.0,10.0,2.0,24.0,0.33,,0.013386385243419103,0.05218069745375196,1.04413804898669,1.0,
2780,Q9QXN0_S663___1,,0.2795084971874739,0.5000149998500015,0.9204821588147755,ACOS,24.0,8.0,16.0,8.0,16.0,24.0,0.67,,0.06550881647134288,0.1205957757767903,5.1096876847647446,1.0,
2781,Q9QXN0_S439___1,,0.4472135954999582,0.12501874981250188,0.6403693519334903,ACOS,24.0,10.0,2.0,10.0,2.0,24.0,0.33,,0.007842546279573382,0.04017098464103022,0.6117186098067239,1.0,
2782,Q9QXN3_S364___1,,0.26087459737497565,0.5625143748562514,0.9536205028159013,ACOS,24.0,14.0,14.0,14.0,14.0,24.0,0.0,,0.07935437224874475,0.1345280400768894,6.189641035402091,1.0,
2783,Q9QXX4_S51___1,,0.09316949906249129,0.968760312396876,0.9974177898103224,ACOS,24.0,14.0,14.0,14.0,14.0,24.0,0.0,,0.30735312441432305,0.3173127201503672,23.973543704317198,1.0,
2784,Q9QXY1_S343___1,,0.3167762968124704,0.37501624983750165,0.8386535601185869,ACOS,24.0,22.0,22.0,22.0,22.0,24.0,0.0,,0.04349923101882863,0.097277877884409,3.392940019468633,1.0,
2785,Q9QXY1_S892___1,,0.26087459737497565,0.5625143748562514,0.9536205028159013,ACOS,24.0,20.0,4.0,20.0,4.0,24.0,0.67,,0.07935437224874475,0.1345280400768894,6.189641035402091,1.0,
2786,Q9QXY1_S315___1,,0.3540440964374669,0.3125168748312517,0.8386535601185869,ACOS,24.0,20.0,4.0,20.0,4.0,24.0,0.67,,0.027887169552556004,0.07848809381134579,2.175199225099368,1.0,
2787,Q9QXY1_S366___1,,0.14907119849998607,0.8750112498875011,0.9836522870292533,ACOS,24.0,20.0,20.0,20.0,20.0,24.0,0.0,,0.21029812498078254,0.23917533062426458,16.403253748501037,1.0,
2788,Q9QXY1_S157___1,,0.16770509831248434,0.8437615623843762,0.9836522870292533,ACOS,24.0,14.0,16.0,14.0,16.0,24.0,0.92,,0.1824518756760124,0.21722409413444527,14.231246302728968,1.0,
2789,Q9QXY1_S797___1,,0.26087459737497565,0.5625143748562514,0.9536205028159013,ACOS,24.0,22.0,22.0,22.0,22.0,24.0,0.0,,0.07935437224874475,0.1345280400768894,6.189641035402091,1.0,
2790,Q9QXY1_S359___1,,0.5403830945624495,0.031269687303126965,0.31931161457616186,ACOS,24.0,20.0,4.0,20.0,4.0,24.0,0.67,,0.0017528052122483628,0.01789883784045924,0.1367188065553723,1.0,
2791,Q9QXZ0_S4483___1,,0.2795084971874739,0.5000149998500015,0.9204821588147755,ACOS,24.0,10.0,2.0,10.0,2.0,24.0,0.33,,0.06550881647134288,0.1205957757767903,5.1096876847647446,1.0,
2792,Q9QXZ0_S5551___1,,0.24224069756247738,0.6250137498625014,0.9735791103627425,ACOS,24.0,16.0,22.0,16.0,22.0,24.0,0.75,,0.0953088004769263,0.14846178535828905,7.434086437200252,1.0,
2793,Q9QXZ0_S7296___1,,0.18633899812498259,0.8125118748812512,0.9836522870292533,ACOS,24.0,14.0,14.0,14.0,14.0,24.0,0.0,,0.15703129585716225,0.19764355093531163,12.248441076858654,1.0,
2794,Q9QXZ0_S7311___1,,0.37267799624996517,0.25001749982500177,0.783497463386022,ACOS,24.0,20.0,4.0,20.0,4.0,24.0,0.67,,0.02203270318362918,0.06904543509151728,1.718550848323076,1.0,
2795,Q9QXZ0_S3889___1,,0.46584749531245645,0.0937690623093769,0.5471579350140564,ACOS,24.0,20.0,4.0,20.0,4.0,24.0,0.67,,0.005920711107451196,0.03454832525336907,0.4618154663811933,1.0,
2796,Q9QXZ6_S649___1,,0.3913118960624634,0.21876781232187678,0.7543227814475101,ACOS,24.0,10.0,2.0,10.0,2.0,24.0,0.33,,0.017251591034782986,0.059484382074478995,1.345624100713073,1.0,
2797,Q9QY06_S1293___1,,0.4472135954999582,0.12501874981250188,0.6403693519334903,ACOS,24.0,20.0,10.0,20.0,10.0,24.0,0.42,,0.007842546279573382,0.04017098464103022,0.6117186098067239,1.0,
2798,Q9QY06_S1978___1,,0.48448139512495475,0.07814921850781492,0.5245437011922015,ACOS,24.0,14.0,4.0,14.0,4.0,24.0,0.42,,0.004428713520216645,0.029725873473476612,0.3454396545768983,1.0,
2799,Q9QY06_S1247___1,,0.29814239699997214,0.43751562484375156,0.8852189547537208,ACOS,24.0,22.0,16.0,22.0,16.0,24.0,0.25,,0.05361444160464873,0.10847731432202215,4.181926445162601,1.0,
2800,Q9QY06_S1204___1,,0.3540440964374669,0.3125168748312517,0.8386535601185869,ACOS,24.0,4.0,0.0,4.0,0.0,24.0,0.17,,0.027887169552556004,0.07848809381134579,2.175199225099368,1.0,
2801,Q9QY06_S1676___1,,0.11180339887498955,0.937510624893751,0.9899167645530791,ACOS,24.0,14.0,16.0,14.0,16.0,24.0,0.92,,0.2729083801775865,0.2881637536165899,21.286853653851747,1.0,
2802,Q9QY30_S22___1,,0.29814239699997214,0.43751562484375156,0.8852189547537208,ACOS,24.0,20.0,10.0,20.0,10.0,24.0,0.42,,0.05361444160464873,0.10847731432202215,4.181926445162601,1.0,
2803,Q9QY30_S688___1,,0.7639898923124286,1.999980000199998E-4,0.06212637873621263,ACOS,24.0,20.0,4.0,20.0,4.0,24.0,0.67,,1.8327684552914936E-5,0.005835764267952787,0.001429559395127365,0.45518961290031734,
2804,Q9QY30_S692___1,,0.503115294937453,0.06251937480625194,0.49060770476039084,COS,24.0,20.0,8.0,20.0,8.0,24.0,0.5,,0.0032820864904672107,0.025755486597607225,0.2560027462564424,1.0,
2805,Q9QY30_S696___1,,0.2236067977499791,0.6875131248687513,0.9836522870292533,ACOS,24.0,16.0,14.0,16.0,14.0,24.0,0.08,,0.11350807917025535,0.16368591139247143,8.853630175279918,1.0,
2806,Q9QYB5_S402___1,,0.11180339887498955,0.937510624893751,0.9899167645530791,ACOS,24.0,14.0,16.0,14.0,16.0,24.0,0.92,,0.2729083801775865,0.2881637536165899,21.286853653851747,1.0,
2807,Q9QYB5_S681___1,,0.4099457958749617,0.18751812481875182,0.7309536040039274,ACOS,24.0,20.0,10.0,20.0,10.0,24.0,0.42,,0.013386385243419103,0.05218069745375196,1.04413804898669,1.0,
2808,Q9QYE6_S116___1,,0.13043729868748782,0.9062609373906261,0.9836522870292533,ACOS,24.0,20.0,4.0,20.0,4.0,24.0,0.67,,0.24049416858204564,0.26103148572645835,18.75854514939956,1.0,
2809,Q9QYG0_S328___1,,0.48448139512495475,0.07814921850781492,0.5245437011922015,ACOS,24.0,8.0,16.0,8.0,16.0,24.0,0.67,,0.004428713520216645,0.029725873473476612,0.3454396545768983,1.0,
2810,Q9QYG0_S332___1,,0.3913118960624634,0.21876781232187678,0.7543227814475101,ACOS,24.0,14.0,16.0,14.0,16.0,24.0,0.92,,0.017251591034782986,0.059484382074478995,1.345624100713073,1.0,
2811,Q9QYG0_S338___1,,0.503115294937453,0.06251937480625194,0.49060770476039084,COS,24.0,8.0,20.0,8.0,20.0,24.0,0.5,,0.0032820864904672107,0.025755486597607225,0.2560027462564424,1.0,
2812,Q9QYG0_S344___1,,0.42857969568745996,0.15626843731562684,0.6959989393582299,ACOS,24.0,20.0,0.0,20.0,0.0,24.0,0.83,,0.010293111274975088,0.04584415543625904,0.8028626794480569,1.0,
2813,Q9QYG0_S350___1,,0.13043729868748782,0.9062609373906261,0.9836522870292533,ACOS,24.0,10.0,2.0,10.0,2.0,24.0,0.33,,0.24049416858204564,0.26103148572645835,18.75854514939956,1.0,
2814,Q9QYG0_S353___1,,0.3354101966249687,0.34376656233437664,0.8386535601185869,ACOS,24.0,10.0,20.0,10.0,20.0,24.0,0.58,,0.03498372787327912,0.08730403942892999,2.7287307741157716,1.0,
2815,Q9QYP6_S214___1,,0.2795084971874739,0.5000149998500015,0.9204821588147755,ACOS,24.0,8.0,18.0,8.0,18.0,24.0,0.58,,0.06550881647134288,0.1205957757767903,5.1096876847647446,1.0,
2816,Q9QYY0_S420___1,,0.18633899812498259,0.8125118748812512,0.9836522870292533,ACOS,24.0,8.0,16.0,8.0,16.0,24.0,0.67,,0.15703129585716225,0.19764355093531163,12.248441076858654,1.0,
2817,Q9QYY0_S455___1,,0.5962847939999443,0.011739882601173987,0.2093466378769048,ACOS,24.0,14.0,4.0,14.0,4.0,24.0,0.42,,6.374983385533969E-4,0.011367927462487626,0.04972487040716496,0.8866983420740349,
2818,Q9QYY8_S205___1,,0.46584749531245645,0.0937690623093769,0.5471579350140564,COS,24.0,8.0,20.0,8.0,20.0,24.0,0.5,,0.005920711107451196,0.03454832525336907,0.4618154663811933,1.0,
2819,Q9QYY8_S99___1,,0.4099457958749617,0.18751812481875182,0.7309536040039274,ACOS,24.0,10.0,2.0,10.0,2.0,24.0,0.33,,0.013386385243419103,0.05218069745375196,1.04413804898669,1.0,
2820,Q9QZI9_S369___1,,0.3354101966249687,0.34376656233437664,0.8386535601185869,ACOS,24.0,10.0,2.0,10.0,2.0,24.0,0.33,,0.03498372787327912,0.08730403942892999,2.7287307741157716,1.0,
2821,Q9QZI9_S371___1,,0.26087459737497565,0.5625143748562514,0.9536205028159013,ACOS,24.0,12.0,20.0,12.0,20.0,24.0,0.67,,0.07935437224874475,0.1345280400768894,6.189641035402091,1.0,
2822,Q9QZK2_S284___1,,0.16770509831248434,0.8437615623843762,0.9836522870292533,ACOS,24.0,4.0,20.0,4.0,20.0,24.0,0.33,,0.1824518756760124,0.21722409413444527,14.231246302728968,1.0,
2823,Q9QZN4_S276___1,,0.14907119849998607,0.8750112498875011,0.9836522870292533,ACOS,24.0,2.0,12.0,2.0,12.0,24.0,0.58,,0.21029812498078254,0.23917533062426458,16.403253748501037,1.0,
2824,Q9QZN4_S278___1,,0.20497289793748086,0.7500124998750013,0.9836522870292533,ACOS,24.0,2.0,4.0,2.0,4.0,24.0,0.92,,0.13405890065957154,0.18041889221405025,10.45659425144658,1.0,
2825,Q9QZQ1_S1167___1,,0.5590169943749478,0.023459765402345976,0.28673713262867373,ACOS,24.0,20.0,4.0,20.0,4.0,24.0,0.67,,0.0012630300532244254,0.015437392901175266,0.09851634415150518,1.0,
2826,Q9QZQ1_S1223___1,,0.5590169943749478,0.023459765402345976,0.28673713262867373,COS,24.0,8.0,20.0,8.0,20.0,24.0,0.5,,0.0012630300532244254,0.015437392901175266,0.09851634415150518,1.0,
2827,Q9QZQ1_S1092___1,,0.11180339887498955,0.937510624893751,0.9899167645530791,ACOS,24.0,14.0,14.0,14.0,14.0,24.0,0.0,,0.2729083801775865,0.2881637536165899,21.286853653851747,1.0,
2828,Q9QZQ1_S1755___1,,0.42857969568745996,0.15626843731562684,0.6959989393582299,COS,24.0,8.0,20.0,8.0,20.0,24.0,0.5,,0.010293111274975088,0.04584415543625904,0.8028626794480569,1.0,
2829,Q9QZQ1_S1068___1,,0.29814239699997214,0.43751562484375156,0.8852189547537208,ACOS,24.0,16.0,8.0,16.0,8.0,24.0,0.33,,0.05361444160464873,0.10847731432202215,4.181926445162601,1.0,
2830,Q9QZW0_S1105___1,,0.3354101966249687,0.34376656233437664,0.8386535601185869,ACOS,24.0,4.0,20.0,4.0,20.0,24.0,0.33,,0.03498372787327912,0.08730403942892999,2.7287307741157716,1.0,
2831,Q9QZW0_S201___1,,0.2236067977499791,0.6875131248687513,0.9836522870292533,ACOS,24.0,14.0,16.0,14.0,16.0,24.0,0.92,,0.11350807917025535,0.16368591139247143,8.853630175279918,1.0,
2832,Q9QZW0_S542___1,,0.2236067977499791,0.6875131248687513,0.9836522870292533,ACOS,24.0,14.0,14.0,14.0,14.0,24.0,0.0,,0.11350807917025535,0.16368591139247143,8.853630175279918,1.0,
2833,Q9QZW0_S1123___1,,0.6335525936249408,0.005879941200587994,0.1643288830269592,COS,24.0,8.0,20.0,8.0,20.0,24.0,0.5,,3.0978912629739484E-4,0.008657790845469297,0.0241635518511968,0.6753076859466053,
2834,Q9QZW0_S30___1,,0.37267799624996517,0.25001749982500177,0.783497463386022,ACOS,24.0,14.0,16.0,14.0,16.0,24.0,0.92,,0.02203270318362918,0.06904543509151728,1.718550848323076,1.0,
2835,Q9R049_S548___1,,0.2236067977499791,0.6875131248687513,0.9836522870292533,ACOS,24.0,12.0,20.0,12.0,20.0,24.0,0.67,,0.11350807917025535,0.16368591139247143,8.853630175279918,1.0,
2836,Q9R049_S505___1,,0.6149186938124426,0.007829921700782993,0.17567697562460996,COS,24.0,8.0,20.0,8.0,20.0,24.0,0.5,,4.465174392780171E-4,0.010018341982674385,0.03482836026368533,0.7814306746486018,
2837,Q9R049_S512___1,,0.4099457958749617,0.18751812481875182,0.7309536040039274,ACOS,24.0,12.0,20.0,12.0,20.0,24.0,0.67,,0.013386385243419103,0.05218069745375196,1.04413804898669,1.0,
2838,Q9R049_S518___1,,0.16770509831248434,0.8437615623843762,0.9836522870292533,ACOS,24.0,12.0,20.0,12.0,20.0,24.0,0.67,,0.1824518756760124,0.21722409413444527,14.231246302728968,1.0,
2839,Q9R049_S538___1,,0.2236067977499791,0.6875131248687513,0.9836522870292533,ACOS,24.0,14.0,16.0,14.0,16.0,24.0,0.92,,0.11350807917025535,0.16368591139247143,8.853630175279918,1.0,
2840,Q9R078_S182___1,,0.3354101966249687,0.34376656233437664,0.8386535601185869,ACOS,24.0,8.0,8.0,8.0,8.0,24.0,0.0,,0.03498372787327912,0.08730403942892999,2.7287307741157716,1.0,
2841,Q9R078_S96___1,,0.37267799624996517,0.25001749982500177,0.783497463386022,ACOS,24.0,16.0,12.0,16.0,12.0,24.0,0.17,,0.02203270318362918,0.06904543509151728,1.718550848323076,1.0,
2842,Q9R078_S101___1,,0.5217491947499513,0.04689953100468995,0.4127676955274646,ACOS,24.0,20.0,4.0,20.0,4.0,24.0,0.67,,0.0024097615294134673,0.021208564178760516,0.18796139929425046,1.0,
2843,Q9R078_S108___1,,0.14907119849998607,0.8750112498875011,0.9836522870292533,ACOS,24.0,16.0,16.0,16.0,16.0,24.0,0.0,,0.21029812498078254,0.23917533062426458,16.403253748501037,1.0,
2844,Q9R0A0_S15___1,,0.2236067977499791,0.6875131248687513,0.9836522870292533,ACOS,24.0,16.0,22.0,16.0,22.0,24.0,0.75,,0.11350807917025535,0.16368591139247143,8.853630175279918,1.0,
2845,Q9R0A0_S334___1,,0.24224069756247738,0.6250137498625014,0.9735791103627425,ACOS,24.0,2.0,2.0,2.0,2.0,24.0,0.0,,0.0953088004769263,0.14846178535828905,7.434086437200252,1.0,
2846,Q9R0H0_S26___1,,0.37267799624996517,0.25001749982500177,0.783497463386022,ACOS,24.0,14.0,4.0,14.0,4.0,24.0,0.42,,0.02203270318362918,0.06904543509151728,1.718550848323076,1.0,
2847,Q9R0H0_S358___1,,0.16770509831248434,0.8437615623843762,0.9836522870292533,ACOS,24.0,20.0,4.0,20.0,4.0,24.0,0.67,,0.1824518756760124,0.21722409413444527,14.231246302728968,1.0,
2848,Q9R0M6_S179___1,,0.14907119849998607,0.8750112498875011,0.9836522870292533,ACOS,24.0,14.0,4.0,14.0,4.0,24.0,0.42,,0.21029812498078254,0.23917533062426458,16.403253748501037,1.0,
2849,Q9R0P4_S17___1,,0.26087459737497565,0.5625143748562514,0.9536205028159013,COS,24.0,14.0,2.0,14.0,2.0,24.0,0.5,,0.07935437224874475,0.1345280400768894,6.189641035402091,1.0,
2850,Q9R0P5_S3___1,,0.5403830945624495,0.031269687303126965,0.31931161457616186,ACOS,24.0,14.0,20.0,14.0,20.0,24.0,0.75,,0.0017528052122483628,0.01789883784045924,0.1367188065553723,1.0,
2851,Q9R0Q7_S113___1,,0.24224069756247738,0.6250137498625014,0.9735791103627425,ACOS,24.0,10.0,6.0,10.0,6.0,24.0,0.17,,0.0953088004769263,0.14846178535828905,7.434086437200252,1.0,
2852,Q9R0Q7_S44___1,,0.24224069756247738,0.6250137498625014,0.9735791103627425,ACOS,24.0,10.0,2.0,10.0,2.0,24.0,0.33,,0.0953088004769263,0.14846178535828905,7.434086437200252,1.0,
2853,Q9R0U0_S106___1,,0.7080881928749339,9.89990100098999E-4,0.09098389785332915,ACOS,24.0,2.0,18.0,2.0,18.0,24.0,0.33,,6.522978591822107E-5,0.005835764267952787,0.005087923301621243,0.45518961290031734,
2854,Q9R0U0_S133___1,,0.2795084971874739,0.5000149998500015,0.9204821588147755,ACOS,24.0,2.0,4.0,2.0,4.0,24.0,0.92,,0.06550881647134288,0.1205957757767903,5.1096876847647446,1.0,
2855,Q9R0Z9_S550___1,,0.2236067977499791,0.6875131248687513,0.9836522870292533,ACOS,24.0,2.0,4.0,2.0,4.0,24.0,0.92,,0.11350807917025535,0.16368591139247143,8.853630175279918,1.0,
2856,Q9R0Z9_S89___1,,0.2795084971874739,0.5000149998500015,0.9204821588147755,ACOS,24.0,20.0,4.0,20.0,4.0,24.0,0.67,,0.06550881647134288,0.1205957757767903,5.1096876847647446,1.0,
2857,Q9R190_S435___1,,0.5217491947499513,0.04689953100468995,0.4127676955274646,ACOS,24.0,2.0,10.0,2.0,10.0,24.0,0.67,,0.0024097615294134673,0.021208564178760516,0.18796139929425046,1.0,
2858,Q9R1R2_S7___1,,0.3167762968124704,0.37501624983750165,0.8386535601185869,ACOS,24.0,10.0,2.0,10.0,2.0,24.0,0.33,,0.04349923101882863,0.097277877884409,3.392940019468633,1.0,
2859,Q9R1S7_S904___1,,0.37267799624996517,0.25001749982500177,0.783497463386022,ACOS,24.0,14.0,14.0,14.0,14.0,24.0,0.0,,0.02203270318362918,0.06904543509151728,1.718550848323076,1.0,
2860,Q9R1T2_S16___1,,0.11180339887498955,0.937510624893751,0.9899167645530791,ACOS,24.0,16.0,22.0,16.0,22.0,24.0,0.75,,0.2729083801775865,0.2881637536165899,21.286853653851747,1.0,
2861,Q9R1Z7_S27___1,,0.3913118960624634,0.21876781232187678,0.7543227814475101,ACOS,24.0,20.0,12.0,20.0,12.0,24.0,0.33,,0.017251591034782986,0.059484382074478995,1.345624100713073,1.0,
2862,Q9R1Z7_S31___1,,0.46584749531245645,0.0937690623093769,0.5471579350140564,ACOS,24.0,16.0,8.0,16.0,8.0,24.0,0.33,,0.005920711107451196,0.03454832525336907,0.4618154663811933,1.0,
2863,Q9R1Z8_S412___1,,0.5590169943749478,0.023459765402345976,0.28673713262867373,ACOS,24.0,8.0,18.0,8.0,18.0,24.0,0.58,,0.0012630300532244254,0.015437392901175266,0.09851634415150518,1.0,
2864,Q9R257_S111___1,,0.4099457958749617,0.18751812481875182,0.7309536040039274,ACOS,24.0,20.0,10.0,20.0,10.0,24.0,0.42,,0.013386385243419103,0.05218069745375196,1.04413804898669,1.0,
2865,Q9WTN3_S448___1,,0.3354101966249687,0.34376656233437664,0.8386535601185869,ACOS,24.0,4.0,20.0,4.0,20.0,24.0,0.33,,0.03498372787327912,0.08730403942892999,2.7287307741157716,1.0,
2866,Q9WTQ5_S493___1,,0.16770509831248434,0.8437615623843762,0.9836522870292533,ACOS,24.0,2.0,2.0,2.0,2.0,24.0,0.0,,0.1824518756760124,0.21722409413444527,14.231246302728968,1.0,
2867,Q9WTQ5_S532___1,,0.18633899812498259,0.8125118748812512,0.9836522870292533,ACOS,24.0,16.0,16.0,16.0,16.0,24.0,0.0,,0.15703129585716225,0.19764355093531163,12.248441076858654,1.0,
2868,Q9WTU0_S677___1,,0.16770509831248434,0.8437615623843762,0.9836522870292533,ACOS,24.0,16.0,22.0,16.0,22.0,24.0,0.75,,0.1824518756760124,0.21722409413444527,14.231246302728968,1.0,
2869,Q9WTU0_S876___1,,0.26087459737497565,0.5625143748562514,0.9536205028159013,ACOS,24.0,10.0,4.0,10.0,4.0,24.0,0.25,,0.07935437224874475,0.1345280400768894,6.189641035402091,1.0,
2870,Q9WTU0_S899___1,,0.24224069756247738,0.6250137498625014,0.9735791103627425,ACOS,24.0,10.0,2.0,10.0,2.0,24.0,0.33,,0.0953088004769263,0.14846178535828905,7.434086437200252,1.0,
2871,Q9WTU0_S701___1,,0.5217491947499513,0.04689953100468995,0.4127676955274646,ACOS,24.0,12.0,20.0,12.0,20.0,24.0,0.67,,0.0024097615294134673,0.021208564178760516,0.18796139929425046,1.0,
2872,Q9WTX2_S18___1,,0.26087459737497565,0.5625143748562514,0.9536205028159013,ACOS,24.0,10.0,4.0,10.0,4.0,24.0,0.25,,0.07935437224874475,0.1345280400768894,6.189641035402091,1.0,
2873,Q9WTX2_S167___1,,0.6708203932499374,0.002949970500294997,0.1270081893775657,ACOS,24.0,8.0,18.0,8.0,18.0,24.0,0.58,,1.449047398848948E-4,0.006238736503692902,0.011302569711021794,0.4866214472880464,
2874,Q9WTX2_S130___1,,0.29814239699997214,0.43751562484375156,0.8852189547537208,ACOS,24.0,10.0,2.0,10.0,2.0,24.0,0.33,,0.05361444160464873,0.10847731432202215,4.181926445162601,1.0,
2875,Q9WU19_S194___1,,0.46584749531245645,0.0937690623093769,0.5471579350140564,ACOS,24.0,20.0,0.0,20.0,0.0,24.0,0.83,,0.005920711107451196,0.03454832525336907,0.4618154663811933,1.0,
2876,Q9WU40_S140___1,,0.2795084971874739,0.5000149998500015,0.9204821588147755,ACOS,24.0,10.0,4.0,10.0,4.0,24.0,0.25,,0.06550881647134288,0.1205957757767903,5.1096876847647446,1.0,
2877,Q9WU42_S1528___1,,0.26087459737497565,0.5625143748562514,0.9536205028159013,ACOS,24.0,10.0,8.0,10.0,8.0,24.0,0.08,,0.07935437224874475,0.1345280400768894,6.189641035402091,1.0,
2878,Q9WU42_S1449___1,,0.16770509831248434,0.8437615623843762,0.9836522870292533,ACOS,24.0,16.0,12.0,16.0,12.0,24.0,0.17,,0.1824518756760124,0.21722409413444527,14.231246302728968,1.0,
2879,Q9WU42_S743___1,,0.14907119849998607,0.8750112498875011,0.9836522870292533,ACOS,24.0,14.0,6.0,14.0,6.0,24.0,0.33,,0.21029812498078254,0.23917533062426458,16.403253748501037,1.0,
2880,Q9WU42_S2411___1,,0.24224069756247738,0.6250137498625014,0.9735791103627425,ACOS,24.0,20.0,4.0,20.0,4.0,24.0,0.67,,0.0953088004769263,0.14846178535828905,7.434086437200252,1.0,
2881,Q9WUB0_S227___1,,0.4099457958749617,0.18751812481875182,0.7309536040039274,ACOS,24.0,14.0,16.0,14.0,16.0,24.0,0.92,,0.013386385243419103,0.05218069745375196,1.04413804898669,1.0,
2882,Q9WUK2_S193___1,,0.42857969568745996,0.15626843731562684,0.6959989393582299,ACOS,24.0,4.0,14.0,4.0,14.0,24.0,0.58,,0.010293111274975088,0.04584415543625904,0.8028626794480569,1.0,
2883,Q9WUK2_S230___1,,0.46584749531245645,0.0937690623093769,0.5471579350140564,ACOS,24.0,8.0,10.0,8.0,10.0,24.0,0.92,,0.005920711107451196,0.03454832525336907,0.4618154663811933,1.0,
2884,Q9WUL7_S5___1,,0.3354101966249687,0.34376656233437664,0.8386535601185869,ACOS,24.0,14.0,18.0,14.0,18.0,24.0,0.83,,0.03498372787327912,0.08730403942892999,2.7287307741157716,1.0,
2885,Q9WUR2_S91___1,,0.16770509831248434,0.8437615623843762,0.9836522870292533,ACOS,24.0,20.0,4.0,20.0,4.0,24.0,0.67,,0.1824518756760124,0.21722409413444527,14.231246302728968,1.0,
2886,Q9WV55_S164___1,,0.24224069756247738,0.6250137498625014,0.9735791103627425,ACOS,24.0,2.0,10.0,2.0,10.0,24.0,0.67,,0.0953088004769263,0.14846178535828905,7.434086437200252,1.0,
2887,Q9WV55_S166___1,,0.2236067977499791,0.6875131248687513,0.9836522870292533,ACOS,24.0,16.0,22.0,16.0,22.0,24.0,0.75,,0.11350807917025535,0.16368591139247143,8.853630175279918,1.0,
2888,Q9WV68_S233___1,,0.3540440964374669,0.3125168748312517,0.8386535601185869,ACOS,24.0,20.0,14.0,20.0,14.0,24.0,0.25,,0.027887169552556004,0.07848809381134579,2.175199225099368,1.0,
2889,Q9WV68_S287___1,,0.13043729868748782,0.9062609373906261,0.9836522870292533,ACOS,24.0,14.0,14.0,14.0,14.0,24.0,0.0,,0.24049416858204564,0.26103148572645835,18.75854514939956,1.0,
2890,Q9WV92_S96___1,,0.16770509831248434,0.8437615623843762,0.9836522870292533,ACOS,24.0,12.0,20.0,12.0,20.0,24.0,0.67,,0.1824518756760124,0.21722409413444527,14.231246302728968,1.0,
2891,Q9WVA4_S163___1,,0.4099457958749617,0.18751812481875182,0.7309536040039274,ACOS,24.0,20.0,4.0,20.0,4.0,24.0,0.67,,0.013386385243419103,0.05218069745375196,1.04413804898669,1.0,
2892,Q9WVL0_S181___1,,0.503115294937453,0.06251937480625194,0.49060770476039084,ACOS,24.0,14.0,4.0,14.0,4.0,24.0,0.42,,0.0032820864904672107,0.025755486597607225,0.2560027462564424,1.0,
2893,Q9WVL0_S137___1,,0.26087459737497565,0.5625143748562514,0.9536205028159013,ACOS,24.0,20.0,4.0,20.0,4.0,24.0,0.67,,0.07935437224874475,0.1345280400768894,6.189641035402091,1.0,
2894,Q9WVL3_S33___1,,0.37267799624996517,0.25001749982500177,0.783497463386022,ACOS,24.0,4.0,14.0,4.0,14.0,24.0,0.58,,0.02203270318362918,0.06904543509151728,1.718550848323076,1.0,
2895,Q9WVL3_S62___1,,0.48448139512495475,0.07814921850781492,0.5245437011922015,COS,24.0,8.0,20.0,8.0,20.0,24.0,0.5,,0.004428713520216645,0.029725873473476612,0.3454396545768983,1.0,
2896,Q9WVL3_S108___1,,0.14907119849998607,0.8750112498875011,0.9836522870292533,ACOS,24.0,20.0,20.0,20.0,20.0,24.0,0.0,,0.21029812498078254,0.23917533062426458,16.403253748501037,1.0,
2897,Q9WVQ5_S60___1,,0.2795084971874739,0.5000149998500015,0.9204821588147755,ACOS,24.0,22.0,16.0,22.0,16.0,24.0,0.25,,0.06550881647134288,0.1205957757767903,5.1096876847647446,1.0,
2898,Q9WVR4_S567___1,,0.42857969568745996,0.15626843731562684,0.6959989393582299,ACOS,24.0,10.0,8.0,10.0,8.0,24.0,0.08,,0.010293111274975088,0.04584415543625904,0.8028626794480569,1.0,
2899,Q9WVR4_S602___1,,0.503115294937453,0.06251937480625194,0.49060770476039084,COS,24.0,8.0,20.0,8.0,20.0,24.0,0.5,,0.0032820864904672107,0.025755486597607225,0.2560027462564424,1.0,
2900,Q9WVR4_S455___1,,0.09316949906249129,0.968760312396876,0.9974177898103224,ACOS,24.0,10.0,10.0,10.0,10.0,24.0,0.0,,0.30735312441432305,0.3173127201503672,23.973543704317198,1.0,
2901,Q9WVT6_S325___1,,0.13043729868748782,0.9062609373906261,0.9836522870292533,ACOS,24.0,10.0,2.0,10.0,2.0,24.0,0.33,,0.24049416858204564,0.26103148572645835,18.75854514939956,1.0,
2902,Q9Z0F8_S794___1,,0.29814239699997214,0.43751562484375156,0.8852189547537208,ACOS,24.0,4.0,20.0,4.0,20.0,24.0,0.33,,0.05361444160464873,0.10847731432202215,4.181926445162601,1.0,
2903,Q9Z0N1_S16___1,,0.18633899812498259,0.8125118748812512,0.9836522870292533,ACOS,24.0,14.0,16.0,14.0,16.0,24.0,0.92,,0.15703129585716225,0.19764355093531163,12.248441076858654,1.0,
2904,Q9Z0R4_S334___1,,0.26087459737497565,0.5625143748562514,0.9536205028159013,ACOS,24.0,20.0,4.0,20.0,4.0,24.0,0.67,,0.07935437224874475,0.1345280400768894,6.189641035402091,1.0,
2905,Q9Z0R4_S335___1,,0.3354101966249687,0.34376656233437664,0.8386535601185869,ACOS,24.0,16.0,8.0,16.0,8.0,24.0,0.33,,0.03498372787327912,0.08730403942892999,2.7287307741157716,1.0,
2906,Q9Z0R4_S315___1,,0.03726779962499652,0.998060019399806,0.9997391989244612,ACOS,24.0,20.0,10.0,20.0,10.0,24.0,0.42,,0.42021370096225497,0.42109483684181515,32.77666867505589,1.0,
2907,Q9Z0R6_S211___1,,0.2795084971874739,0.5000149998500015,0.9204821588147755,ACOS,24.0,10.0,20.0,10.0,20.0,24.0,0.58,,0.06550881647134288,0.1205957757767903,5.1096876847647446,1.0,
2908,Q9Z0R6_S843___1,,0.6149186938124426,0.007829921700782993,0.17567697562460996,ACOS,24.0,8.0,18.0,8.0,18.0,24.0,0.58,,4.465174392780171E-4,0.010018341982674385,0.03482836026368533,0.7814306746486018,
2909,Q9Z0U1_S968___1,,0.4472135954999582,0.12501874981250188,0.6403693519334903,ACOS,24.0,20.0,10.0,20.0,10.0,24.0,0.42,,0.007842546279573382,0.04017098464103022,0.6117186098067239,1.0,
2910,Q9Z0U1_S127___1,,0.42857969568745996,0.15626843731562684,0.6959989393582299,ACOS,24.0,4.0,0.0,4.0,0.0,24.0,0.17,,0.010293111274975088,0.04584415543625904,0.8028626794480569,1.0,
2911,Q9Z0U1_S1136___1,,0.14907119849998607,0.8750112498875011,0.9836522870292533,ACOS,24.0,16.0,10.0,16.0,10.0,24.0,0.25,,0.21029812498078254,0.23917533062426458,16.403253748501037,1.0,
2912,Q9Z0U1_S107___1,,0.20497289793748086,0.7500124998750013,0.9836522870292533,ACOS,24.0,10.0,20.0,10.0,20.0,24.0,0.58,,0.13405890065957154,0.18041889221405025,10.45659425144658,1.0,
2913,Q9Z0U1_S441___1,,0.29814239699997214,0.43751562484375156,0.8852189547537208,ACOS,24.0,4.0,20.0,4.0,20.0,24.0,0.33,,0.05361444160464873,0.10847731432202215,4.181926445162601,1.0,
2914,Q9Z0U1_S1044___1,,0.18633899812498259,0.8125118748812512,0.9836522870292533,ACOS,24.0,12.0,20.0,12.0,20.0,24.0,0.67,,0.15703129585716225,0.19764355093531163,12.248441076858654,1.0,
2915,Q9Z0U1_S378___1,,0.29814239699997214,0.43751562484375156,0.8852189547537208,ACOS,24.0,16.0,12.0,16.0,12.0,24.0,0.17,,0.05361444160464873,0.10847731432202215,4.181926445162601,1.0,
2916,Q9Z0U1_S213___1,,0.11180339887498955,0.937510624893751,0.9899167645530791,ACOS,24.0,14.0,16.0,14.0,16.0,24.0,0.92,,0.2729083801775865,0.2881637536165899,21.286853653851747,1.0,
2917,Q9Z0U1_S684___1,,0.48448139512495475,0.07814921850781492,0.5245437011922015,ACOS,24.0,4.0,20.0,4.0,20.0,24.0,0.33,,0.004428713520216645,0.029725873473476612,0.3454396545768983,1.0,
2918,Q9Z0X4_S310___1,,0.29814239699997214,0.43751562484375156,0.8852189547537208,ACOS,24.0,20.0,12.0,20.0,12.0,24.0,0.33,,0.05361444160464873,0.10847731432202215,4.181926445162601,1.0,
2919,Q9Z103_S959___1,,0.4099457958749617,0.18751812481875182,0.7309536040039274,ACOS,24.0,20.0,4.0,20.0,4.0,24.0,0.67,,0.013386385243419103,0.05218069745375196,1.04413804898669,1.0,
2920,Q9Z160_S959___1,,0.46584749531245645,0.0937690623093769,0.5471579350140564,ACOS,24.0,10.0,20.0,10.0,20.0,24.0,0.58,,0.005920711107451196,0.03454832525336907,0.4618154663811933,1.0,
2921,Q9Z1D1_S42___1,,0.07453559924999303,0.984390156098439,0.9974177898103224,ACOS,24.0,16.0,16.0,16.0,16.0,24.0,0.0,,0.34358681309626693,0.3483244335568646,26.799771421508822,1.0,
2922,Q9Z1E4_S711___1,,0.29814239699997214,0.43751562484375156,0.8852189547537208,ACOS,24.0,8.0,8.0,8.0,8.0,24.0,0.0,,0.05361444160464873,0.10847731432202215,4.181926445162601,1.0,
2923,Q9Z1F9_S207___1,,0.2795084971874739,0.5000149998500015,0.9204821588147755,ACOS,24.0,16.0,8.0,16.0,8.0,24.0,0.33,,0.06550881647134288,0.1205957757767903,5.1096876847647446,1.0,
2924,Q9Z1R2_S995___1,,0.11180339887498955,0.937510624893751,0.9899167645530791,ACOS,24.0,14.0,14.0,14.0,14.0,24.0,0.0,,0.2729083801775865,0.2881637536165899,21.286853653851747,1.0,
2925,Q9Z1R2_S986___1,,0.3540440964374669,0.3125168748312517,0.8386535601185869,ACOS,24.0,14.0,6.0,14.0,6.0,24.0,0.33,,0.027887169552556004,0.07848809381134579,2.175199225099368,1.0,
2926,Q9Z1T1_S276___1,,0.24224069756247738,0.6250137498625014,0.9735791103627425,ACOS,24.0,2.0,2.0,2.0,2.0,24.0,0.0,,0.0953088004769263,0.14846178535828905,7.434086437200252,1.0,
2927,Q9Z1T6_S475___1,,0.2795084971874739,0.5000149998500015,0.9204821588147755,ACOS,24.0,10.0,20.0,10.0,20.0,24.0,0.58,,0.06550881647134288,0.1205957757767903,5.1096876847647446,1.0,
2928,Q9Z1W9_S397___1,,0.24224069756247738,0.6250137498625014,0.9735791103627425,ACOS,24.0,22.0,22.0,22.0,22.0,24.0,0.0,,0.0953088004769263,0.14846178535828905,7.434086437200252,1.0,
2929,Q9Z1Z0_S940___1,,0.20497289793748086,0.7500124998750013,0.9836522870292533,ACOS,24.0,20.0,10.0,20.0,10.0,24.0,0.42,,0.13405890065957154,0.18041889221405025,10.45659425144658,1.0,
2930,Q9Z204_S293___1,,0.18633899812498259,0.8125118748812512,0.9836522870292533,ACOS,24.0,20.0,22.0,20.0,22.0,24.0,0.92,,0.15703129585716225,0.19764355093531163,12.248441076858654,1.0,
2931,Q9Z204_S255___1,,0.24224069756247738,0.6250137498625014,0.9735791103627425,ACOS,24.0,20.0,0.0,20.0,0.0,24.0,0.83,,0.0953088004769263,0.14846178535828905,7.434086437200252,1.0,
2932,Q9Z204_S228___1,,0.24224069756247738,0.6250137498625014,0.9735791103627425,ACOS,24.0,22.0,22.0,22.0,22.0,24.0,0.0,,0.0953088004769263,0.14846178535828905,7.434086437200252,1.0,
2933,Q9Z204_S219___1,,0.16770509831248434,0.8437615623843762,0.9836522870292533,ACOS,24.0,22.0,22.0,22.0,22.0,24.0,0.0,,0.1824518756760124,0.21722409413444527,14.231246302728968,1.0,
2934,Q9Z266_S133___1,,0.14907119849998607,0.8750112498875011,0.9836522870292533,ACOS,24.0,16.0,22.0,16.0,22.0,24.0,0.75,,0.21029812498078254,0.23917533062426458,16.403253748501037,1.0,
2935,Q9Z277_S1464___1,,0.4099457958749617,0.18751812481875182,0.7309536040039274,ACOS,24.0,10.0,2.0,10.0,2.0,24.0,0.33,,0.013386385243419103,0.05218069745375196,1.04413804898669,1.0,
2936,Q9Z2A0_S244___1,,0.18633899812498259,0.8125118748812512,0.9836522870292533,ACOS,24.0,20.0,4.0,20.0,4.0,24.0,0.67,,0.15703129585716225,0.19764355093531163,12.248441076858654,1.0,
2937,Q9Z2A0_S50___1,,0.5590169943749478,0.023459765402345976,0.28673713262867373,ACOS,24.0,8.0,16.0,8.0,16.0,24.0,0.67,,0.0012630300532244254,0.015437392901175266,0.09851634415150518,1.0,
2938,Q9Z2A5_S174___1,,0.18633899812498259,0.8125118748812512,0.9836522870292533,ACOS,24.0,14.0,14.0,14.0,14.0,24.0,0.0,,0.15703129585716225,0.19764355093531163,12.248441076858654,1.0,
2939,Q9Z2A5_S166___1,,0.2236067977499791,0.6875131248687513,0.9836522870292533,COS,24.0,2.0,14.0,2.0,14.0,24.0,0.5,,0.11350807917025535,0.16368591139247143,8.853630175279918,1.0,
2940,Q9Z2A7_S40___1,,0.20497289793748086,0.7500124998750013,0.9836522870292533,ACOS,24.0,14.0,14.0,14.0,14.0,24.0,0.0,,0.13405890065957154,0.18041889221405025,10.45659425144658,1.0,
2941,Q9Z2D6_S97___1,,0.4099457958749617,0.18751812481875182,0.7309536040039274,ACOS,24.0,2.0,10.0,2.0,10.0,24.0,0.67,,0.013386385243419103,0.05218069745375196,1.04413804898669,1.0,
2942,Q9Z2E1_S410___1,,0.14907119849998607,0.8750112498875011,0.9836522870292533,ACOS,24.0,14.0,14.0,14.0,14.0,24.0,0.0,,0.21029812498078254,0.23917533062426458,16.403253748501037,1.0,
2943,Q9Z2I8_S162___1,,0.09316949906249129,0.968760312396876,0.9974177898103224,ACOS,24.0,14.0,16.0,14.0,16.0,24.0,0.92,,0.30735312441432305,0.3173127201503672,23.973543704317198,1.0,
2944,Q9Z2Q2_S57___1,,0.42857969568745996,0.15626843731562684,0.6959989393582299,COS,24.0,14.0,2.0,14.0,2.0,24.0,0.5,,0.010293111274975088,0.04584415543625904,0.8028626794480569,1.0,
2945,Q9Z2V4_S19___1,,0.7080881928749339,9.89990100098999E-4,0.09098389785332915,ACOS,24.0,8.0,16.0,8.0,16.0,24.0,0.67,,6.522978591822107E-5,0.005835764267952787,0.005087923301621243,0.45518961290031734,
2946,Q9Z2V4_S286___1,,0.6708203932499374,0.002949970500294997,0.1270081893775657,ACOS,24.0,8.0,16.0,8.0,16.0,24.0,0.67,,1.449047398848948E-4,0.006238736503692902,0.011302569711021794,0.4866214472880464,
2947,Q9Z2V5_S21___1,,0.055901699437494776,0.99220007799922,0.9974177898103224,ACOS,24.0,4.0,14.0,4.0,14.0,24.0,0.58,,0.3813183256938952,0.38332357561866326,29.742829404123825,1.0,
2948,Q9Z315_S604___1,,0.18633899812498259,0.8125118748812512,0.9836522870292533,ACOS,24.0,12.0,18.0,12.0,18.0,24.0,0.75,,0.15703129585716225,0.19764355093531163,12.248441076858654,1.0,
2949,Q9Z329_S1709___1,,0.48448139512495475,0.07814921850781492,0.5245437011922015,ACOS,24.0,20.0,10.0,20.0,10.0,24.0,0.42,,0.004428713520216645,0.029725873473476612,0.3454396545768983,1.0,
2950,A2AN08_T2721___1,,0.18633899812498259,0.8125118748812512,0.9836522870292533,ACOS,24.0,14.0,14.0,14.0,14.0,24.0,0.0,,0.15703129585716225,0.19764355093531163,12.248441076858654,1.0,
2951,A2APT9_T771___1,,0.26087459737497565,0.5625143748562514,0.9536205028159013,ACOS,24.0,16.0,16.0,16.0,16.0,24.0,0.0,,0.07935437224874475,0.1345280400768894,6.189641035402091,1.0,
2952,A2RSQ0_T820___1,,0.16770509831248434,0.8437615623843762,0.9836522870292533,ACOS,24.0,20.0,20.0,20.0,20.0,24.0,0.0,,0.1824518756760124,0.21722409413444527,14.231246302728968,1.0,
2953,B9EJ86_T54___1,,0.5962847939999443,0.011739882601173987,0.2093466378769048,ACOS,24.0,8.0,16.0,8.0,16.0,24.0,0.67,,6.374983385533969E-4,0.011367927462487626,0.04972487040716496,0.8866983420740349,
2954,E9Q394_T2409___1,,0.24224069756247738,0.6250137498625014,0.9735791103627425,ACOS,24.0,16.0,16.0,16.0,16.0,24.0,0.0,,0.0953088004769263,0.14846178535828905,7.434086437200252,1.0,
2955,E9Q3C1_T430___1,,0.3913118960624634,0.21876781232187678,0.7543227814475101,ACOS,24.0,8.0,16.0,8.0,16.0,24.0,0.67,,0.017251591034782986,0.059484382074478995,1.345624100713073,1.0,
2956,E9Q3L2_T1437___1,,0.3354101966249687,0.34376656233437664,0.8386535601185869,ACOS,24.0,8.0,16.0,8.0,16.0,24.0,0.67,,0.03498372787327912,0.08730403942892999,2.7287307741157716,1.0,
2957,E9Q4Z2_T1341___1,,0.3354101966249687,0.34376656233437664,0.8386535601185869,ACOS,24.0,8.0,16.0,8.0,16.0,24.0,0.67,,0.03498372787327912,0.08730403942892999,2.7287307741157716,1.0,
2958,E9Q7G0_T1997___1,,0.24224069756247738,0.6250137498625014,0.9735791103627425,ACOS,24.0,20.0,20.0,20.0,20.0,24.0,0.0,,0.0953088004769263,0.14846178535828905,7.434086437200252,1.0,
2959,F6ZDS4_T2184___1,,0.26087459737497565,0.5625143748562514,0.9536205028159013,ACOS,24.0,10.0,20.0,10.0,20.0,24.0,0.58,,0.07935437224874475,0.1345280400768894,6.189641035402091,1.0,
2960,F6ZDS4_T2205___1,,0.4099457958749617,0.18751812481875182,0.7309536040039274,ACOS,24.0,4.0,14.0,4.0,14.0,24.0,0.58,,0.013386385243419103,0.05218069745375196,1.04413804898669,1.0,
2961,F8VPU2_T24___1,,0.09316949906249129,0.968760312396876,0.9974177898103224,ACOS,24.0,16.0,8.0,16.0,8.0,24.0,0.33,,0.30735312441432305,0.3173127201503672,23.973543704317198,1.0,
2962,F8VPU2_T527___1,,0.42857969568745996,0.15626843731562684,0.6959989393582299,ACOS,24.0,14.0,16.0,14.0,16.0,24.0,0.92,,0.010293111274975088,0.04584415543625904,0.8028626794480569,1.0,
2963,G5E829_T1165___1,,0.2236067977499791,0.6875131248687513,0.9836522870292533,ACOS,24.0,20.0,4.0,20.0,4.0,24.0,0.67,,0.11350807917025535,0.16368591139247143,8.853630175279918,1.0,
2964,G5E870_T1410___1,,0.11180339887498955,0.937510624893751,0.9899167645530791,ACOS,24.0,16.0,16.0,16.0,16.0,24.0,0.0,,0.2729083801775865,0.2881637536165899,21.286853653851747,1.0,
2965,O08705_T330___1,,0.3913118960624634,0.21876781232187678,0.7543227814475101,ACOS,24.0,10.0,20.0,10.0,20.0,24.0,0.58,,0.017251591034782986,0.059484382074478995,1.345624100713073,1.0,
2966,O08709_T44___1,,0.2795084971874739,0.5000149998500015,0.9204821588147755,ACOS,24.0,20.0,4.0,20.0,4.0,24.0,0.67,,0.06550881647134288,0.1205957757767903,5.1096876847647446,1.0,
2967,O35381_T15___1,,0.4099457958749617,0.18751812481875182,0.7309536040039274,ACOS,24.0,20.0,4.0,20.0,4.0,24.0,0.67,,0.013386385243419103,0.05218069745375196,1.04413804898669,1.0,
2968,O35711_T523___1,,0.503115294937453,0.06251937480625194,0.49060770476039084,ACOS,24.0,10.0,20.0,10.0,20.0,24.0,0.58,,0.0032820864904672107,0.025755486597607225,0.2560027462564424,1.0,
2969,O55022_T74___1,,0.42857969568745996,0.15626843731562684,0.6959989393582299,ACOS,24.0,16.0,8.0,16.0,8.0,24.0,0.33,,0.010293111274975088,0.04584415543625904,0.8028626794480569,1.0,
2970,O55131_T425___1,,0.3913118960624634,0.21876781232187678,0.7543227814475101,ACOS,24.0,2.0,10.0,2.0,10.0,24.0,0.67,,0.017251591034782986,0.059484382074478995,1.345624100713073,1.0,
2971,O70475_T474___1,,0.577650894187446,0.015639843601563983,0.22997788483653625,ACOS,24.0,4.0,0.0,4.0,0.0,24.0,0.17,,9.015710203196908E-4,0.013257255095716316,0.07032253958493588,1.0,
2972,O70551_T448___1,,0.24224069756247738,0.6250137498625014,0.9735791103627425,ACOS,24.0,14.0,14.0,14.0,14.0,24.0,0.0,,0.0953088004769263,0.14846178535828905,7.434086437200252,1.0,
2973,O88908_T34___1,,0.16770509831248434,0.8437615623843762,0.9836522870292533,ACOS,24.0,22.0,16.0,22.0,16.0,24.0,0.25,,0.1824518756760124,0.21722409413444527,14.231246302728968,1.0,
2974,O89053_T418___1,,0.14907119849998607,0.8750112498875011,0.9836522870292533,COS,24.0,14.0,2.0,14.0,2.0,24.0,0.5,,0.21029812498078254,0.23917533062426458,16.403253748501037,1.0,
2975,P01942_T135___1,,0.18633899812498259,0.8125118748812512,0.9836522870292533,ACOS,24.0,14.0,4.0,14.0,4.0,24.0,0.42,,0.15703129585716225,0.19764355093531163,12.248441076858654,1.0,
2976,P01942_T138___1,,0.29814239699997214,0.43751562484375156,0.8852189547537208,ACOS,24.0,14.0,4.0,14.0,4.0,24.0,0.42,,0.05361444160464873,0.10847731432202215,4.181926445162601,1.0,
2977,P84244_T81___1,,0.14907119849998607,0.8750112498875011,0.9836522870292533,ACOS,24.0,16.0,16.0,16.0,16.0,24.0,0.0,,0.21029812498078254,0.23917533062426458,16.403253748501037,1.0,
2978,P04627_T181___1,,0.2236067977499791,0.6875131248687513,0.9836522870292533,ACOS,24.0,14.0,16.0,14.0,16.0,24.0,0.92,,0.11350807917025535,0.16368591139247143,8.853630175279918,1.0,
2979,P05132_T198___1,,0.13043729868748782,0.9062609373906261,0.9836522870292533,ACOS,24.0,8.0,8.0,8.0,8.0,24.0,0.0,,0.24049416858204564,0.26103148572645835,18.75854514939956,1.0,
2980,P05213_T225___1,,0.3354101966249687,0.34376656233437664,0.8386535601185869,ACOS,24.0,10.0,4.0,10.0,4.0,24.0,0.25,,0.03498372787327912,0.08730403942892999,2.7287307741157716,1.0,
2981,P06537_T159___1,,0.14907119849998607,0.8750112498875011,0.9836522870292533,ACOS,24.0,10.0,10.0,10.0,10.0,24.0,0.0,,0.21029812498078254,0.23917533062426458,16.403253748501037,1.0,
2982,P07310_T322___1,,0.29814239699997214,0.43751562484375156,0.8852189547537208,ACOS,24.0,2.0,10.0,2.0,10.0,24.0,0.67,,0.05361444160464873,0.10847731432202215,4.181926445162601,1.0,
2983,P10126_T239___1,,0.14907119849998607,0.8750112498875011,0.9836522870292533,ACOS,24.0,10.0,2.0,10.0,2.0,24.0,0.33,,0.21029812498078254,0.23917533062426458,16.403253748501037,1.0,
2984,P10649_T34___1,,0.2795084971874739,0.5000149998500015,0.9204821588147755,ACOS,24.0,20.0,4.0,20.0,4.0,24.0,0.67,,0.06550881647134288,0.1205957757767903,5.1096876847647446,1.0,
2985,P10649_T206___1,,0.5590169943749478,0.023459765402345976,0.28673713262867373,ACOS,24.0,10.0,2.0,10.0,2.0,24.0,0.33,,0.0012630300532244254,0.015437392901175266,0.09851634415150518,1.0,
2986,P11352_T143___1,,0.13043729868748782,0.9062609373906261,0.9836522870292533,ACOS,24.0,14.0,14.0,14.0,14.0,24.0,0.0,,0.24049416858204564,0.26103148572645835,18.75854514939956,1.0,
2987,P11862_T282___1,,0.18633899812498259,0.8125118748812512,0.9836522870292533,ACOS,24.0,14.0,14.0,14.0,14.0,24.0,0.0,,0.15703129585716225,0.19764355093531163,12.248441076858654,1.0,
2988,P14733_T21___1,,0.37267799624996517,0.25001749982500177,0.783497463386022,ACOS,24.0,10.0,4.0,10.0,4.0,24.0,0.25,,0.02203270318362918,0.06904543509151728,1.718550848323076,1.0,
2989,P15508_T2072___1,,0.11180339887498955,0.937510624893751,0.9899167645530791,ACOS,24.0,8.0,10.0,8.0,10.0,24.0,0.92,,0.2729083801775865,0.2881637536165899,21.286853653851747,1.0,
2990,P15508_T2104___1,,0.11180339887498955,0.937510624893751,0.9899167645530791,COS,24.0,20.0,8.0,20.0,8.0,24.0,0.5,,0.2729083801775865,0.2881637536165899,21.286853653851747,1.0,
2991,P15532_T94___1,,0.11180339887498955,0.937510624893751,0.9899167645530791,ACOS,24.0,14.0,14.0,14.0,14.0,24.0,0.0,,0.2729083801775865,0.2881637536165899,21.286853653851747,1.0,
2992,P16858_T209___1,,0.18633899812498259,0.8125118748812512,0.9836522870292533,ACOS,24.0,4.0,14.0,4.0,14.0,24.0,0.58,,0.15703129585716225,0.19764355093531163,12.248441076858654,1.0,
2993,P16858_T81___1,,0.18633899812498259,0.8125118748812512,0.9836522870292533,ACOS,24.0,14.0,14.0,14.0,14.0,24.0,0.0,,0.15703129585716225,0.19764355093531163,12.248441076858654,1.0,
2994,P16858_T175___1,,0.2236067977499791,0.6875131248687513,0.9836522870292533,ACOS,24.0,10.0,4.0,10.0,4.0,24.0,0.25,,0.11350807917025535,0.16368591139247143,8.853630175279918,1.0,
2995,P16858_T180___1,,0.24224069756247738,0.6250137498625014,0.9735791103627425,ACOS,24.0,8.0,12.0,8.0,12.0,24.0,0.83,,0.0953088004769263,0.14846178535828905,7.434086437200252,1.0,
2996,P16858_T182___1,,0.20497289793748086,0.7500124998750013,0.9836522870292533,ACOS,24.0,14.0,14.0,14.0,14.0,24.0,0.0,,0.13405890065957154,0.18041889221405025,10.45659425144658,1.0,
2997,P24549_T337___1,,0.6149186938124426,0.007829921700782993,0.17567697562460996,ACOS,24.0,8.0,16.0,8.0,16.0,24.0,0.67,,4.465174392780171E-4,0.010018341982674385,0.03482836026368533,0.7814306746486018,
2998,P25688_T180___1,,0.46584749531245645,0.0937690623093769,0.5471579350140564,ACOS,24.0,10.0,2.0,10.0,2.0,24.0,0.33,,0.005920711107451196,0.03454832525336907,0.4618154663811933,1.0,
2999,P26231_T658___1,,0.46584749531245645,0.0937690623093769,0.5471579350140564,ACOS,24.0,4.0,0.0,4.0,0.0,24.0,0.17,,0.005920711107451196,0.03454832525336907,0.4618154663811933,1.0,
3000,P26645_T143___1,,0.3354101966249687,0.34376656233437664,0.8386535601185869,ACOS,24.0,10.0,4.0,10.0,4.0,24.0,0.25,,0.03498372787327912,0.08730403942892999,2.7287307741157716,1.0,
3001,P28656_T62___1,,0.26087459737497565,0.5625143748562514,0.9536205028159013,ACOS,24.0,14.0,16.0,14.0,16.0,24.0,0.92,,0.07935437224874475,0.1345280400768894,6.189641035402091,1.0,
3002,P28667_T170___1,,0.18633899812498259,0.8125118748812512,0.9836522870292533,ACOS,24.0,10.0,2.0,10.0,2.0,24.0,0.33,,0.15703129585716225,0.19764355093531163,12.248441076858654,1.0,
3003,P28667_T85___1,,0.20497289793748086,0.7500124998750013,0.9836522870292533,ACOS,24.0,14.0,14.0,14.0,14.0,24.0,0.0,,0.13405890065957154,0.18041889221405025,10.45659425144658,1.0,
3004,P28867_T505___1,,0.37267799624996517,0.25001749982500177,0.783497463386022,ACOS,24.0,20.0,4.0,20.0,4.0,24.0,0.67,,0.02203270318362918,0.06904543509151728,1.718550848323076,1.0,
3005,P30999_T916___1,,0.3540440964374669,0.3125168748312517,0.8386535601185869,COS,24.0,8.0,20.0,8.0,20.0,24.0,0.5,,0.027887169552556004,0.07848809381134579,2.175199225099368,1.0,
3006,P30999_T59___1,,0.5590169943749478,0.023459765402345976,0.28673713262867373,ACOS,24.0,8.0,16.0,8.0,16.0,24.0,0.67,,0.0012630300532244254,0.015437392901175266,0.09851634415150518,1.0,
3007,P31649_T587___1,,0.3354101966249687,0.34376656233437664,0.8386535601185869,ACOS,24.0,14.0,16.0,14.0,16.0,24.0,0.92,,0.03498372787327912,0.08730403942892999,2.7287307741157716,1.0,
3008,P31938_T286___1,,0.503115294937453,0.06251937480625194,0.49060770476039084,ACOS,24.0,10.0,2.0,10.0,2.0,24.0,0.33,,0.0032820864904672107,0.025755486597607225,0.2560027462564424,1.0,
3009,P34927_T2___1,,0.3354101966249687,0.34376656233437664,0.8386535601185869,ACOS,24.0,16.0,22.0,16.0,22.0,24.0,0.75,,0.03498372787327912,0.08730403942892999,2.7287307741157716,1.0,
3010,P35492_T650___1,,0.7080881928749339,9.89990100098999E-4,0.09098389785332915,COS,24.0,20.0,8.0,20.0,8.0,24.0,0.5,,6.522978591822107E-5,0.005835764267952787,0.005087923301621243,0.45518961290031734,
3011,P35492_T637___1,,0.13043729868748782,0.9062609373906261,0.9836522870292533,ACOS,24.0,14.0,16.0,14.0,16.0,24.0,0.92,,0.24049416858204564,0.26103148572645835,18.75854514939956,1.0,
3012,P35505_T313___1,,0.46584749531245645,0.0937690623093769,0.5471579350140564,ACOS,24.0,22.0,16.0,22.0,16.0,24.0,0.25,,0.005920711107451196,0.03454832525336907,0.4618154663811933,1.0,
3013,P42227_T714___1,,0.3167762968124704,0.37501624983750165,0.8386535601185869,ACOS,24.0,10.0,4.0,10.0,4.0,24.0,0.25,,0.04349923101882863,0.097277877884409,3.392940019468633,1.0,
3014,P46935_T287___1,,0.3913118960624634,0.21876781232187678,0.7543227814475101,ACOS,24.0,14.0,14.0,14.0,14.0,24.0,0.0,,0.017251591034782986,0.059484382074478995,1.345624100713073,1.0,
3015,P46938_T48___1,,0.2795084971874739,0.5000149998500015,0.9204821588147755,ACOS,24.0,20.0,4.0,20.0,4.0,24.0,0.67,,0.06550881647134288,0.1205957757767903,5.1096876847647446,1.0,
3016,P46938_T95___1,,0.18633899812498259,0.8125118748812512,0.9836522870292533,ACOS,24.0,2.0,2.0,2.0,2.0,24.0,0.0,,0.15703129585716225,0.19764355093531163,12.248441076858654,1.0,
3017,P47811_T180___1,,0.20497289793748086,0.7500124998750013,0.9836522870292533,ACOS,24.0,10.0,10.0,10.0,10.0,24.0,0.0,,0.13405890065957154,0.18041889221405025,10.45659425144658,1.0,
3018,P47856_T260___1,,0.2795084971874739,0.5000149998500015,0.9204821588147755,ACOS,24.0,20.0,4.0,20.0,4.0,24.0,0.67,,0.06550881647134288,0.1205957757767903,5.1096876847647446,1.0,
3019,P48962_T84___1,,0.6149186938124426,0.007829921700782993,0.17567697562460996,ACOS,24.0,2.0,10.0,2.0,10.0,24.0,0.67,,4.465174392780171E-4,0.010018341982674385,0.03482836026368533,0.7814306746486018,
3020,P49586_T342___1,,0.20497289793748086,0.7500124998750013,0.9836522870292533,ACOS,24.0,8.0,8.0,8.0,8.0,24.0,0.0,,0.13405890065957154,0.18041889221405025,10.45659425144658,1.0,
3021,P51125_T479___1,,0.13043729868748782,0.9062609373906261,0.9836522870292533,ACOS,24.0,2.0,2.0,2.0,2.0,24.0,0.0,,0.24049416858204564,0.26103148572645835,18.75854514939956,1.0,
3022,P54726_T132___1,,0.07453559924999303,0.984390156098439,0.9974177898103224,ACOS,24.0,8.0,10.0,8.0,10.0,24.0,0.92,,0.34358681309626693,0.3483244335568646,26.799771421508822,1.0,
3023,P56395_T70___1,,0.42857969568745996,0.15626843731562684,0.6959989393582299,ACOS,24.0,14.0,6.0,14.0,6.0,24.0,0.33,,0.010293111274975088,0.04584415543625904,0.8028626794480569,1.0,
3024,P57080_T61___1,,0.11180339887498955,0.937510624893751,0.9899167645530791,ACOS,24.0,14.0,14.0,14.0,14.0,24.0,0.0,,0.2729083801775865,0.2881637536165899,21.286853653851747,1.0,
3025,P58252_T57___1,,0.13043729868748782,0.9062609373906261,0.9836522870292533,ACOS,24.0,20.0,4.0,20.0,4.0,24.0,0.67,,0.24049416858204564,0.26103148572645835,18.75854514939956,1.0,
3026,P58735_T13___1,,0.5962847939999443,0.011739882601173987,0.2093466378769048,ACOS,24.0,14.0,4.0,14.0,4.0,24.0,0.42,,6.374983385533969E-4,0.011367927462487626,0.04972487040716496,0.8866983420740349,
3027,P58771_T282___1,,0.29814239699997214,0.43751562484375156,0.8852189547537208,ACOS,24.0,2.0,10.0,2.0,10.0,24.0,0.67,,0.05361444160464873,0.10847731432202215,4.181926445162601,1.0,
3028,P58871_T533___1,,0.13043729868748782,0.9062609373906261,0.9836522870292533,ACOS,24.0,14.0,14.0,14.0,14.0,24.0,0.0,,0.24049416858204564,0.26103148572645835,18.75854514939956,1.0,
3029,P62137_T320___1,,0.4472135954999582,0.12501874981250188,0.6403693519334903,ACOS,24.0,10.0,20.0,10.0,20.0,24.0,0.58,,0.007842546279573382,0.04017098464103022,0.6117186098067239,1.0,
3030,P62141_T316___1,,0.42857969568745996,0.15626843731562684,0.6959989393582299,ACOS,24.0,4.0,0.0,4.0,0.0,24.0,0.17,,0.010293111274975088,0.04584415543625904,0.8028626794480569,1.0,
3031,P62774_T31___1,,0.3354101966249687,0.34376656233437664,0.8386535601185869,ACOS,24.0,16.0,16.0,16.0,16.0,24.0,0.0,,0.03498372787327912,0.08730403942892999,2.7287307741157716,1.0,
3032,P62897_T29___1,,0.20497289793748086,0.7500124998750013,0.9836522870292533,ACOS,24.0,10.0,10.0,10.0,10.0,24.0,0.0,,0.13405890065957154,0.18041889221405025,10.45659425144658,1.0,
3033,P62908_T221___1,,0.13043729868748782,0.9062609373906261,0.9836522870292533,ACOS,24.0,20.0,10.0,20.0,10.0,24.0,0.42,,0.24049416858204564,0.26103148572645835,18.75854514939956,1.0,
3034,P62996_T201___1,,0.14907119849998607,0.8750112498875011,0.9836522870292533,ACOS,24.0,16.0,10.0,16.0,10.0,24.0,0.25,,0.21029812498078254,0.23917533062426458,16.403253748501037,1.0,
3035,P70268_T778___1,,0.09316949906249129,0.968760312396876,0.9974177898103224,ACOS,24.0,20.0,20.0,20.0,20.0,24.0,0.0,,0.30735312441432305,0.3173127201503672,23.973543704317198,1.0,
3036,P70290_T407___1,,0.29814239699997214,0.43751562484375156,0.8852189547537208,ACOS,24.0,14.0,14.0,14.0,14.0,24.0,0.0,,0.05361444160464873,0.10847731432202215,4.181926445162601,1.0,
3037,P70295_T367___1,,0.5403830945624495,0.031269687303126965,0.31931161457616186,COS,24.0,8.0,20.0,8.0,20.0,24.0,0.5,,0.0017528052122483628,0.01789883784045924,0.1367188065553723,1.0,
3038,P70441_T288___1,,0.46584749531245645,0.0937690623093769,0.5471579350140564,ACOS,24.0,12.0,20.0,12.0,20.0,24.0,0.67,,0.005920711107451196,0.03454832525336907,0.4618154663811933,1.0,
3039,P70445_T70___1,,0.5962847939999443,0.011739882601173987,0.2093466378769048,ACOS,24.0,20.0,4.0,20.0,4.0,24.0,0.67,,6.374983385533969E-4,0.011367927462487626,0.04972487040716496,0.8866983420740349,
3040,P70445_T46___1,,0.24224069756247738,0.6250137498625014,0.9735791103627425,ACOS,24.0,22.0,22.0,22.0,22.0,24.0,0.0,,0.0953088004769263,0.14846178535828905,7.434086437200252,1.0,
3041,P84091_T156___1,,0.4099457958749617,0.18751812481875182,0.7309536040039274,ACOS,24.0,4.0,20.0,4.0,20.0,24.0,0.33,,0.013386385243419103,0.05218069745375196,1.04413804898669,1.0,
3042,P97868_T985___1,,0.26087459737497565,0.5625143748562514,0.9536205028159013,ACOS,24.0,8.0,8.0,8.0,8.0,24.0,0.0,,0.07935437224874475,0.1345280400768894,6.189641035402091,1.0,
3043,P98203_T643___1,,0.3913118960624634,0.21876781232187678,0.7543227814475101,ACOS,24.0,8.0,12.0,8.0,12.0,24.0,0.83,,0.017251591034782986,0.059484382074478995,1.345624100713073,1.0,
3044,Q00PI9_T163___1,,0.20497289793748086,0.7500124998750013,0.9836522870292533,ACOS,24.0,14.0,16.0,14.0,16.0,24.0,0.92,,0.13405890065957154,0.18041889221405025,10.45659425144658,1.0,
3045,Q01279_T695___1,,0.4472135954999582,0.12501874981250188,0.6403693519334903,ACOS,24.0,8.0,18.0,8.0,18.0,24.0,0.58,,0.007842546279573382,0.04017098464103022,0.6117186098067239,1.0,
3046,Q02248_T551___1,,0.3354101966249687,0.34376656233437664,0.8386535601185869,ACOS,24.0,8.0,18.0,8.0,18.0,24.0,0.58,,0.03498372787327912,0.08730403942892999,2.7287307741157716,1.0,
3047,Q02357_T957___1,,0.3354101966249687,0.34376656233437664,0.8386535601185869,ACOS,24.0,14.0,18.0,14.0,18.0,24.0,0.83,,0.03498372787327912,0.08730403942892999,2.7287307741157716,1.0,
3048,Q02357_T1374___1,,0.11180339887498955,0.937510624893751,0.9899167645530791,ACOS,24.0,8.0,8.0,8.0,8.0,24.0,0.0,,0.2729083801775865,0.2881637536165899,21.286853653851747,1.0,
3049,Q02819_T147___1,,0.5962847939999443,0.011739882601173987,0.2093466378769048,ACOS,24.0,16.0,22.0,16.0,22.0,24.0,0.75,,6.374983385533969E-4,0.011367927462487626,0.04972487040716496,0.8866983420740349,
3050,Q03141_T211___1,,0.14907119849998607,0.8750112498875011,0.9836522870292533,ACOS,24.0,10.0,2.0,10.0,2.0,24.0,0.33,,0.21029812498078254,0.23917533062426458,16.403253748501037,1.0,
3051,Q0VBL3_T567___1,,0.24224069756247738,0.6250137498625014,0.9735791103627425,ACOS,24.0,16.0,14.0,16.0,14.0,24.0,0.08,,0.0953088004769263,0.14846178535828905,7.434086437200252,1.0,
3052,Q14AX6_T889___1,,0.42857969568745996,0.15626843731562684,0.6959989393582299,ACOS,24.0,20.0,4.0,20.0,4.0,24.0,0.67,,0.010293111274975088,0.04584415543625904,0.8028626794480569,1.0,
3053,Q3THE2_T19___1,,0.3167762968124704,0.37501624983750165,0.8386535601185869,ACOS,24.0,12.0,20.0,12.0,20.0,24.0,0.67,,0.04349923101882863,0.097277877884409,3.392940019468633,1.0,
3054,Q3THK3_T437___1,,0.3167762968124704,0.37501624983750165,0.8386535601185869,ACOS,24.0,4.0,20.0,4.0,20.0,24.0,0.33,,0.04349923101882863,0.097277877884409,3.392940019468633,1.0,
3055,Q3TLH4_T2625___1,,0.18633899812498259,0.8125118748812512,0.9836522870292533,ACOS,24.0,14.0,4.0,14.0,4.0,24.0,0.42,,0.15703129585716225,0.19764355093531163,12.248441076858654,1.0,
3056,Q3TXS7_T273___1,,0.16770509831248434,0.8437615623843762,0.9836522870292533,ACOS,24.0,20.0,0.0,20.0,0.0,24.0,0.83,,0.1824518756760124,0.21722409413444527,14.231246302728968,1.0,
3057,Q3U0V1_T101___1,,0.2795084971874739,0.5000149998500015,0.9204821588147755,ACOS,24.0,14.0,16.0,14.0,16.0,24.0,0.92,,0.06550881647134288,0.1205957757767903,5.1096876847647446,1.0,
3058,Q3UHJ0_T604___1,,0.46584749531245645,0.0937690623093769,0.5471579350140564,ACOS,24.0,10.0,2.0,10.0,2.0,24.0,0.33,,0.005920711107451196,0.03454832525336907,0.4618154663811933,1.0,
3059,Q3UI43_T10___1,,0.26087459737497565,0.5625143748562514,0.9536205028159013,ACOS,24.0,16.0,22.0,16.0,22.0,24.0,0.75,,0.07935437224874475,0.1345280400768894,6.189641035402091,1.0,
3060,Q3UMF0_T304___1,,0.5217491947499513,0.04689953100468995,0.4127676955274646,ACOS,24.0,8.0,16.0,8.0,16.0,24.0,0.67,,0.0024097615294134673,0.021208564178760516,0.18796139929425046,1.0,
3061,Q3UPF5_T349___1,,0.26087459737497565,0.5625143748562514,0.9536205028159013,ACOS,24.0,8.0,16.0,8.0,16.0,24.0,0.67,,0.07935437224874475,0.1345280400768894,6.189641035402091,1.0,
3062,Q3UYV9_T21___1,,0.4472135954999582,0.12501874981250188,0.6403693519334903,COS,24.0,8.0,20.0,8.0,20.0,24.0,0.5,,0.007842546279573382,0.04017098464103022,0.6117186098067239,1.0,
3063,Q52KI8_T913___1,,0.29814239699997214,0.43751562484375156,0.8852189547537208,COS,24.0,20.0,8.0,20.0,8.0,24.0,0.5,,0.05361444160464873,0.10847731432202215,4.181926445162601,1.0,
3064,Q569Z6_T870___1,,0.3913118960624634,0.21876781232187678,0.7543227814475101,ACOS,24.0,16.0,22.0,16.0,22.0,24.0,0.75,,0.017251591034782986,0.059484382074478995,1.345624100713073,1.0,
3065,Q570Y9_T241___1,,0.2795084971874739,0.5000149998500015,0.9204821588147755,COS,24.0,8.0,20.0,8.0,20.0,24.0,0.5,,0.06550881647134288,0.1205957757767903,5.1096876847647446,1.0,
3066,Q58A65_T217___1,,0.42857969568745996,0.15626843731562684,0.6959989393582299,COS,24.0,8.0,20.0,8.0,20.0,24.0,0.5,,0.010293111274975088,0.04584415543625904,0.8028626794480569,1.0,
3067,Q5BLK4_T865___1,,0.20497289793748086,0.7500124998750013,0.9836522870292533,ACOS,24.0,22.0,22.0,22.0,22.0,24.0,0.0,,0.13405890065957154,0.18041889221405025,10.45659425144658,1.0,
3068,Q5EG47_T183___1,,0.2795084971874739,0.5000149998500015,0.9204821588147755,ACOS,24.0,8.0,16.0,8.0,16.0,24.0,0.67,,0.06550881647134288,0.1205957757767903,5.1096876847647446,1.0,
3069,Q5F2F2_T142___1,,0.18633899812498259,0.8125118748812512,0.9836522870292533,ACOS,24.0,14.0,6.0,14.0,6.0,24.0,0.33,,0.15703129585716225,0.19764355093531163,12.248441076858654,1.0,
3070,Q5HZI1_T1144___1,,0.5217491947499513,0.04689953100468995,0.4127676955274646,ACOS,24.0,4.0,20.0,4.0,20.0,24.0,0.33,,0.0024097615294134673,0.021208564178760516,0.18796139929425046,1.0,
3071,Q5U3K5_T597___1,,0.2795084971874739,0.5000149998500015,0.9204821588147755,ACOS,24.0,8.0,8.0,8.0,8.0,24.0,0.0,,0.06550881647134288,0.1205957757767903,5.1096876847647446,1.0,
3072,Q5U3K5_T601___1,,0.3913118960624634,0.21876781232187678,0.7543227814475101,ACOS,24.0,20.0,4.0,20.0,4.0,24.0,0.67,,0.017251591034782986,0.059484382074478995,1.345624100713073,1.0,
3073,Q5XJE5_T189___1,,0.07453559924999303,0.984390156098439,0.9974177898103224,ACOS,24.0,20.0,20.0,20.0,20.0,24.0,0.0,,0.34358681309626693,0.3483244335568646,26.799771421508822,1.0,
3074,Q60823_T451___1,,0.09316949906249129,0.968760312396876,0.9974177898103224,ACOS,24.0,14.0,6.0,14.0,6.0,24.0,0.33,,0.30735312441432305,0.3173127201503672,23.973543704317198,1.0,
3075,Q60876_T45___1,,0.09316949906249129,0.968760312396876,0.9974177898103224,ACOS,24.0,16.0,16.0,16.0,16.0,24.0,0.0,,0.30735312441432305,0.3173127201503672,23.973543704317198,1.0,
3076,Q61029_T159___1,,0.5403830945624495,0.031269687303126965,0.31931161457616186,ACOS,24.0,16.0,22.0,16.0,22.0,24.0,0.75,,0.0017528052122483628,0.01789883784045924,0.1367188065553723,1.0,
3077,Q61029_T74___1,,0.4099457958749617,0.18751812481875182,0.7309536040039274,ACOS,24.0,14.0,6.0,14.0,6.0,24.0,0.33,,0.013386385243419103,0.05218069745375196,1.04413804898669,1.0,
3078,Q61029_T278___1,,0.37267799624996517,0.25001749982500177,0.783497463386022,ACOS,24.0,10.0,20.0,10.0,20.0,24.0,0.58,,0.02203270318362918,0.06904543509151728,1.718550848323076,1.0,
3079,Q61112_T192___1,,0.09316949906249129,0.968760312396876,0.9974177898103224,ACOS,24.0,14.0,14.0,14.0,14.0,24.0,0.0,,0.30735312441432305,0.3173127201503672,23.973543704317198,1.0,
3080,Q61146_T303___1,,0.3167762968124704,0.37501624983750165,0.8386535601185869,ACOS,24.0,16.0,12.0,16.0,12.0,24.0,0.17,,0.04349923101882863,0.097277877884409,3.392940019468633,1.0,
3081,Q61160_T204___1,,0.37267799624996517,0.25001749982500177,0.783497463386022,ACOS,24.0,8.0,8.0,8.0,8.0,24.0,0.0,,0.02203270318362918,0.06904543509151728,1.718550848323076,1.0,
3082,Q61176_T281___1,,0.2795084971874739,0.5000149998500015,0.9204821588147755,ACOS,24.0,14.0,14.0,14.0,14.0,24.0,0.0,,0.06550881647134288,0.1205957757767903,5.1096876847647446,1.0,
3083,Q61316_T540___1,,0.5590169943749478,0.023459765402345976,0.28673713262867373,ACOS,24.0,8.0,18.0,8.0,18.0,24.0,0.58,,0.0012630300532244254,0.015437392901175266,0.09851634415150518,1.0,
3084,Q61458_T315___1,,0.2236067977499791,0.6875131248687513,0.9836522870292533,ACOS,24.0,14.0,14.0,14.0,14.0,24.0,0.0,,0.11350807917025535,0.16368591139247143,8.853630175279918,1.0,
3085,Q61792_T104___1,,0.5217491947499513,0.04689953100468995,0.4127676955274646,ACOS,24.0,10.0,20.0,10.0,20.0,24.0,0.58,,0.0024097615294134673,0.021208564178760516,0.18796139929425046,1.0,
3086,Q61823_T93___1,,0.26087459737497565,0.5625143748562514,0.9536205028159013,ACOS,24.0,20.0,4.0,20.0,4.0,24.0,0.67,,0.07935437224874475,0.1345280400768894,6.189641035402091,1.0,
3087,Q62018_T925___1,,0.20497289793748086,0.7500124998750013,0.9836522870292533,ACOS,24.0,14.0,6.0,14.0,6.0,24.0,0.33,,0.13405890065957154,0.18041889221405025,10.45659425144658,1.0,
3088,Q62165_T788___1,,0.24224069756247738,0.6250137498625014,0.9735791103627425,ACOS,24.0,10.0,6.0,10.0,6.0,24.0,0.17,,0.0953088004769263,0.14846178535828905,7.434086437200252,1.0,
3089,Q62172_T27___1,,0.37267799624996517,0.25001749982500177,0.783497463386022,ACOS,24.0,22.0,22.0,22.0,22.0,24.0,0.0,,0.02203270318362918,0.06904543509151728,1.718550848323076,1.0,
3090,Q62383_T1523___1,,0.4472135954999582,0.12501874981250188,0.6403693519334903,ACOS,24.0,10.0,20.0,10.0,20.0,24.0,0.58,,0.007842546279573382,0.04017098464103022,0.6117186098067239,1.0,
3091,Q62418_T299___1,,0.29814239699997214,0.43751562484375156,0.8852189547537208,ACOS,24.0,8.0,16.0,8.0,16.0,24.0,0.67,,0.05361444160464873,0.10847731432202215,4.181926445162601,1.0,
3092,Q62448_T507___1,,0.16770509831248434,0.8437615623843762,0.9836522870292533,ACOS,24.0,8.0,8.0,8.0,8.0,24.0,0.0,,0.1824518756760124,0.21722409413444527,14.231246302728968,1.0,
3093,Q64012_T304___1,,0.2795084971874739,0.5000149998500015,0.9204821588147755,ACOS,24.0,10.0,4.0,10.0,4.0,24.0,0.25,,0.06550881647134288,0.1205957757767903,5.1096876847647446,1.0,
3094,Q64012_T274___1,,0.3540440964374669,0.3125168748312517,0.8386535601185869,COS,24.0,14.0,2.0,14.0,2.0,24.0,0.5,,0.027887169552556004,0.07848809381134579,2.175199225099368,1.0,
3095,Q64442_T122___1,,0.3913118960624634,0.21876781232187678,0.7543227814475101,ACOS,24.0,10.0,2.0,10.0,2.0,24.0,0.33,,0.017251591034782986,0.059484382074478995,1.345624100713073,1.0,
3096,Q68FD5_T394___1,,0.3540440964374669,0.3125168748312517,0.8386535601185869,COS,24.0,20.0,8.0,20.0,8.0,24.0,0.5,,0.027887169552556004,0.07848809381134579,2.175199225099368,1.0,
3097,Q69Z38_T1141___1,,0.46584749531245645,0.0937690623093769,0.5471579350140564,ACOS,24.0,4.0,20.0,4.0,20.0,24.0,0.33,,0.005920711107451196,0.03454832525336907,0.4618154663811933,1.0,
3098,Q69ZA1_T1245___1,,0.2236067977499791,0.6875131248687513,0.9836522870292533,ACOS,24.0,20.0,20.0,20.0,20.0,24.0,0.0,,0.11350807917025535,0.16368591139247143,8.853630175279918,1.0,
3099,Q69ZA1_T871___1,,0.2236067977499791,0.6875131248687513,0.9836522870292533,ACOS,24.0,20.0,0.0,20.0,0.0,24.0,0.83,,0.11350807917025535,0.16368591139247143,8.853630175279918,1.0,
3100,Q6NXI6_T742___1,,0.2795084971874739,0.5000149998500015,0.9204821588147755,COS,24.0,20.0,8.0,20.0,8.0,24.0,0.5,,0.06550881647134288,0.1205957757767903,5.1096876847647446,1.0,
3101,Q6NZJ6_T212___1,,0.24224069756247738,0.6250137498625014,0.9735791103627425,ACOS,24.0,12.0,20.0,12.0,20.0,24.0,0.67,,0.0953088004769263,0.14846178535828905,7.434086437200252,1.0,
3102,Q6P4S6_T163___1,,0.26087459737497565,0.5625143748562514,0.9536205028159013,ACOS,24.0,10.0,2.0,10.0,2.0,24.0,0.33,,0.07935437224874475,0.1345280400768894,6.189641035402091,1.0,
3103,Q6P8I4_T139___1,,0.726722092687432,4.999950000499995E-4,0.06827074586396994,COS,24.0,8.0,20.0,8.0,20.0,24.0,0.5,,4.3137942030421135E-5,0.005835764267952787,0.0033647594783728484,0.45518961290031734,
3104,Q6P8X1_T406___1,,0.46584749531245645,0.0937690623093769,0.5471579350140564,ACOS,24.0,14.0,4.0,14.0,4.0,24.0,0.42,,0.005920711107451196,0.03454832525336907,0.4618154663811933,1.0,
3105,Q6PFD9_T670___1,,0.5217491947499513,0.04689953100468995,0.4127676955274646,COS,24.0,8.0,20.0,8.0,20.0,24.0,0.5,,0.0024097615294134673,0.021208564178760516,0.18796139929425046,1.0,
3106,Q6PFR5_T200___1,,0.2236067977499791,0.6875131248687513,0.9836522870292533,ACOS,24.0,10.0,10.0,10.0,10.0,24.0,0.0,,0.11350807917025535,0.16368591139247143,8.853630175279918,1.0,
3107,Q6PGL7_T322___1,,0.16770509831248434,0.8437615623843762,0.9836522870292533,ACOS,24.0,14.0,16.0,14.0,16.0,24.0,0.92,,0.1824518756760124,0.21722409413444527,14.231246302728968,1.0,
3108,Q6Y7W8_T383___1,,0.09316949906249129,0.968760312396876,0.9974177898103224,ACOS,24.0,8.0,10.0,8.0,10.0,24.0,0.92,,0.30735312441432305,0.3173127201503672,23.973543704317198,1.0,
3109,Q6ZQ58_T1048___1,,0.26087459737497565,0.5625143748562514,0.9536205028159013,ACOS,24.0,10.0,10.0,10.0,10.0,24.0,0.0,,0.07935437224874475,0.1345280400768894,6.189641035402091,1.0,
3110,Q6ZQ58_T626___1,,0.2795084971874739,0.5000149998500015,0.9204821588147755,ACOS,24.0,10.0,10.0,10.0,10.0,24.0,0.0,,0.06550881647134288,0.1205957757767903,5.1096876847647446,1.0,
3111,Q6ZQ89_T901___1,,0.48448139512495475,0.07814921850781492,0.5245437011922015,ACOS,24.0,8.0,16.0,8.0,16.0,24.0,0.67,,0.004428713520216645,0.029725873473476612,0.3454396545768983,1.0,
3112,Q78PY7_T235___1,,0.2236067977499791,0.6875131248687513,0.9836522870292533,ACOS,24.0,8.0,16.0,8.0,16.0,24.0,0.67,,0.11350807917025535,0.16368591139247143,8.853630175279918,1.0,
3113,Q7TQE6_T306___1,,0.3167762968124704,0.37501624983750165,0.8386535601185869,COS,24.0,8.0,20.0,8.0,20.0,24.0,0.5,,0.04349923101882863,0.097277877884409,3.392940019468633,1.0,
3114,Q7TSC1_T608___1,,0.3167762968124704,0.37501624983750165,0.8386535601185869,ACOS,24.0,10.0,0.0,10.0,0.0,24.0,0.42,,0.04349923101882863,0.097277877884409,3.392940019468633,1.0,
3115,Q80UG5_T136___1,,0.5403830945624495,0.031269687303126965,0.31931161457616186,COS,24.0,8.0,20.0,8.0,20.0,24.0,0.5,,0.0017528052122483628,0.01789883784045924,0.1367188065553723,1.0,
3116,Q80VP1_T469___1,,0.29814239699997214,0.43751562484375156,0.8852189547537208,ACOS,24.0,4.0,20.0,4.0,20.0,24.0,0.33,,0.05361444160464873,0.10847731432202215,4.181926445162601,1.0,
3117,Q80VP1_T493___1,,0.18633899812498259,0.8125118748812512,0.9836522870292533,COS,24.0,14.0,2.0,14.0,2.0,24.0,0.5,,0.15703129585716225,0.19764355093531163,12.248441076858654,1.0,
3118,Q80WJ7_T456___1,,0.4472135954999582,0.12501874981250188,0.6403693519334903,ACOS,24.0,22.0,22.0,22.0,22.0,24.0,0.0,,0.007842546279573382,0.04017098464103022,0.6117186098067239,1.0,
3119,Q80WJ7_T96___1,,0.3913118960624634,0.21876781232187678,0.7543227814475101,ACOS,24.0,10.0,10.0,10.0,10.0,24.0,0.0,,0.017251591034782986,0.059484382074478995,1.345624100713073,1.0,
3120,Q80X50_T864___1,,0.726722092687432,4.999950000499995E-4,0.06827074586396994,COS,24.0,8.0,20.0,8.0,20.0,24.0,0.5,,4.3137942030421135E-5,0.005835764267952787,0.0033647594783728484,0.45518961290031734,
3121,Q80XI4_T322___1,,0.24224069756247738,0.6250137498625014,0.9735791103627425,ACOS,24.0,22.0,22.0,22.0,22.0,24.0,0.0,,0.0953088004769263,0.14846178535828905,7.434086437200252,1.0,
3122,Q80XN0_T245___1,,0.2236067977499791,0.6875131248687513,0.9836522870292533,ACOS,24.0,16.0,22.0,16.0,22.0,24.0,0.75,,0.11350807917025535,0.16368591139247143,8.853630175279918,1.0,
3123,Q80Y55_T323___1,,0.13043729868748782,0.9062609373906261,0.9836522870292533,ACOS,24.0,12.0,20.0,12.0,20.0,24.0,0.67,,0.24049416858204564,0.26103148572645835,18.75854514939956,1.0,
3124,Q8BG73_T104___1,,0.26087459737497565,0.5625143748562514,0.9536205028159013,ACOS,24.0,14.0,16.0,14.0,16.0,24.0,0.92,,0.07935437224874475,0.1345280400768894,6.189641035402091,1.0,
3125,Q8BGD9_T610___1,,0.11180339887498955,0.937510624893751,0.9899167645530791,ACOS,24.0,10.0,10.0,10.0,10.0,24.0,0.0,,0.2729083801775865,0.2881637536165899,21.286853653851747,1.0,
3126,Q8BGS1_T387___1,,0.2795084971874739,0.5000149998500015,0.9204821588147755,ACOS,24.0,8.0,16.0,8.0,16.0,24.0,0.67,,0.06550881647134288,0.1205957757767903,5.1096876847647446,1.0,
3127,Q8BJM3_T362___1,,0.07453559924999303,0.984390156098439,0.9974177898103224,ACOS,24.0,8.0,8.0,8.0,8.0,24.0,0.0,,0.34358681309626693,0.3483244335568646,26.799771421508822,1.0,
3128,Q8BJU0_T82___1,,0.3540440964374669,0.3125168748312517,0.8386535601185869,ACOS,24.0,10.0,2.0,10.0,2.0,24.0,0.33,,0.027887169552556004,0.07848809381134579,2.175199225099368,1.0,
3129,Q8BK03_T206___1,,0.09316949906249129,0.968760312396876,0.9974177898103224,COS,24.0,14.0,2.0,14.0,2.0,24.0,0.5,,0.30735312441432305,0.3173127201503672,23.973543704317198,1.0,
3130,Q8BKT7_T328___1,,0.3354101966249687,0.34376656233437664,0.8386535601185869,ACOS,24.0,4.0,0.0,4.0,0.0,24.0,0.17,,0.03498372787327912,0.08730403942892999,2.7287307741157716,1.0,
3131,Q8BQM4_T31___1,,0.2795084971874739,0.5000149998500015,0.9204821588147755,ACOS,24.0,4.0,20.0,4.0,20.0,24.0,0.33,,0.06550881647134288,0.1205957757767903,5.1096876847647446,1.0,
3132,Q8BSE0_T53___1,,0.26087459737497565,0.5625143748562514,0.9536205028159013,ACOS,24.0,14.0,14.0,14.0,14.0,24.0,0.0,,0.07935437224874475,0.1345280400768894,6.189641035402091,1.0,
3133,Q8BTI8_T1153___1,,0.4099457958749617,0.18751812481875182,0.7309536040039274,ACOS,24.0,14.0,14.0,14.0,14.0,24.0,0.0,,0.013386385243419103,0.05218069745375196,1.04413804898669,1.0,
3134,Q8BTI8_T955___1,,0.055901699437494776,0.99220007799922,0.9974177898103224,ACOS,24.0,20.0,4.0,20.0,4.0,24.0,0.67,,0.3813183256938952,0.38332357561866326,29.742829404123825,1.0,
3135,Q8BTI8_T973___1,,0.37267799624996517,0.25001749982500177,0.783497463386022,COS,24.0,20.0,8.0,20.0,8.0,24.0,0.5,,0.02203270318362918,0.06904543509151728,1.718550848323076,1.0,
3136,Q8BTI8_T2268___1,,0.18633899812498259,0.8125118748812512,0.9836522870292533,ACOS,24.0,10.0,4.0,10.0,4.0,24.0,0.25,,0.15703129585716225,0.19764355093531163,12.248441076858654,1.0,
3137,Q8BTI8_T1370___1,,0.16770509831248434,0.8437615623843762,0.9836522870292533,ACOS,24.0,12.0,20.0,12.0,20.0,24.0,0.67,,0.1824518756760124,0.21722409413444527,14.231246302728968,1.0,
3138,Q8BTM8_T1750___1,,0.055901699437494776,0.99220007799922,0.9974177898103224,COS,24.0,14.0,2.0,14.0,2.0,24.0,0.5,,0.3813183256938952,0.38332357561866326,29.742829404123825,1.0,
3139,Q8BTV2_T203___1,,0.42857969568745996,0.15626843731562684,0.6959989393582299,ACOS,24.0,20.0,4.0,20.0,4.0,24.0,0.67,,0.010293111274975088,0.04584415543625904,0.8028626794480569,1.0,
3140,Q8BU14_T375___1,,0.3913118960624634,0.21876781232187678,0.7543227814475101,ACOS,24.0,10.0,6.0,10.0,6.0,24.0,0.17,,0.017251591034782986,0.059484382074478995,1.345624100713073,1.0,
3141,Q8BWG8_T373___1,,0.18633899812498259,0.8125118748812512,0.9836522870292533,ACOS,24.0,8.0,16.0,8.0,16.0,24.0,0.67,,0.15703129585716225,0.19764355093531163,12.248441076858654,1.0,
3142,Q8BWS5_T646___1,,0.29814239699997214,0.43751562484375156,0.8852189547537208,ACOS,24.0,14.0,16.0,14.0,16.0,24.0,0.92,,0.05361444160464873,0.10847731432202215,4.181926445162601,1.0,
3143,Q8BWW9_T957___1,,0.20497289793748086,0.7500124998750013,0.9836522870292533,ACOS,24.0,14.0,14.0,14.0,14.0,24.0,0.0,,0.13405890065957154,0.18041889221405025,10.45659425144658,1.0,
3144,Q8BWW9_T815___1,,0.2236067977499791,0.6875131248687513,0.9836522870292533,ACOS,24.0,8.0,16.0,8.0,16.0,24.0,0.67,,0.11350807917025535,0.16368591139247143,8.853630175279918,1.0,
3145,Q8C196_T900___1,,0.13043729868748782,0.9062609373906261,0.9836522870292533,ACOS,24.0,10.0,20.0,10.0,20.0,24.0,0.58,,0.24049416858204564,0.26103148572645835,18.75854514939956,1.0,
3146,Q8C196_T407___1,,0.46584749531245645,0.0937690623093769,0.5471579350140564,ACOS,24.0,10.0,4.0,10.0,4.0,24.0,0.25,,0.005920711107451196,0.03454832525336907,0.4618154663811933,1.0,
3147,Q8C196_T1078___1,,0.03726779962499652,0.998060019399806,0.9997391989244612,ACOS,24.0,10.0,20.0,10.0,20.0,24.0,0.58,,0.42021370096225497,0.42109483684181515,32.77666867505589,1.0,
3148,Q8C2Q3_T206___1,,0.18633899812498259,0.8125118748812512,0.9836522870292533,ACOS,24.0,8.0,8.0,8.0,8.0,24.0,0.0,,0.15703129585716225,0.19764355093531163,12.248441076858654,1.0,
3149,Q8C3Q9_T140___1,,0.11180339887498955,0.937510624893751,0.9899167645530791,ACOS,24.0,16.0,22.0,16.0,22.0,24.0,0.75,,0.2729083801775865,0.2881637536165899,21.286853653851747,1.0,
3150,Q8C4X2_T374___1,,0.3167762968124704,0.37501624983750165,0.8386535601185869,ACOS,24.0,14.0,18.0,14.0,18.0,24.0,0.83,,0.04349923101882863,0.097277877884409,3.392940019468633,1.0,
3151,Q8CHH9_T4___1,,0.20497289793748086,0.7500124998750013,0.9836522870292533,ACOS,24.0,20.0,10.0,20.0,10.0,24.0,0.42,,0.13405890065957154,0.18041889221405025,10.45659425144658,1.0,
3152,Q8CIE4_T959___1,,0.2236067977499791,0.6875131248687513,0.9836522870292533,ACOS,24.0,8.0,16.0,8.0,16.0,24.0,0.67,,0.11350807917025535,0.16368591139247143,8.853630175279918,1.0,
3153,Q8CIN4_T169___1,,0.26087459737497565,0.5625143748562514,0.9536205028159013,ACOS,24.0,16.0,16.0,16.0,16.0,24.0,0.0,,0.07935437224874475,0.1345280400768894,6.189641035402091,1.0,
3154,Q8K019_T839___1,,0.20497289793748086,0.7500124998750013,0.9836522870292533,ACOS,24.0,16.0,16.0,16.0,16.0,24.0,0.0,,0.13405890065957154,0.18041889221405025,10.45659425144658,1.0,
3155,Q8K0L9_T211___1,,0.18633899812498259,0.8125118748812512,0.9836522870292533,ACOS,24.0,14.0,16.0,14.0,16.0,24.0,0.92,,0.15703129585716225,0.19764355093531163,12.248441076858654,1.0,
3156,Q8K0L9_T360___1,,0.5217491947499513,0.04689953100468995,0.4127676955274646,ACOS,24.0,10.0,2.0,10.0,2.0,24.0,0.33,,0.0024097615294134673,0.021208564178760516,0.18796139929425046,1.0,
3157,Q8K284_T1196___1,,0.2795084971874739,0.5000149998500015,0.9204821588147755,ACOS,24.0,14.0,4.0,14.0,4.0,24.0,0.42,,0.06550881647134288,0.1205957757767903,5.1096876847647446,1.0,
3158,Q8K2K6_T177___1,,0.4099457958749617,0.18751812481875182,0.7309536040039274,ACOS,24.0,4.0,20.0,4.0,20.0,24.0,0.33,,0.013386385243419103,0.05218069745375196,1.04413804898669,1.0,
3159,Q8K2Q9_T537___1,,0.2236067977499791,0.6875131248687513,0.9836522870292533,ACOS,24.0,10.0,4.0,10.0,4.0,24.0,0.25,,0.11350807917025535,0.16368591139247143,8.853630175279918,1.0,
3160,Q8K394_T585___1,,0.24224069756247738,0.6250137498625014,0.9735791103627425,ACOS,24.0,16.0,8.0,16.0,8.0,24.0,0.33,,0.0953088004769263,0.14846178535828905,7.434086437200252,1.0,
3161,Q8K4G5_T395___1,,0.11180339887498955,0.937510624893751,0.9899167645530791,ACOS,24.0,14.0,6.0,14.0,6.0,24.0,0.33,,0.2729083801775865,0.2881637536165899,21.286853653851747,1.0,
3162,Q8K4L3_T811___1,,0.3354101966249687,0.34376656233437664,0.8386535601185869,ACOS,24.0,14.0,16.0,14.0,16.0,24.0,0.92,,0.03498372787327912,0.08730403942892999,2.7287307741157716,1.0,
3163,Q8R0Y6_T544___1,,0.26087459737497565,0.5625143748562514,0.9536205028159013,ACOS,24.0,22.0,16.0,22.0,16.0,24.0,0.25,,0.07935437224874475,0.1345280400768894,6.189641035402091,1.0,
3164,Q8R1S4_T262___1,,0.26087459737497565,0.5625143748562514,0.9536205028159013,ACOS,24.0,8.0,18.0,8.0,18.0,24.0,0.58,,0.07935437224874475,0.1345280400768894,6.189641035402091,1.0,
3165,Q8R310_T48___1,,0.14907119849998607,0.8750112498875011,0.9836522870292533,ACOS,24.0,22.0,22.0,22.0,22.0,24.0,0.0,,0.21029812498078254,0.23917533062426458,16.403253748501037,1.0,
3166,Q8VCB3_T626___1,,0.3354101966249687,0.34376656233437664,0.8386535601185869,ACOS,24.0,22.0,16.0,22.0,16.0,24.0,0.25,,0.03498372787327912,0.08730403942892999,2.7287307741157716,1.0,
3167,Q8VCH8_T487___1,,0.42857969568745996,0.15626843731562684,0.6959989393582299,COS,24.0,8.0,20.0,8.0,20.0,24.0,0.5,,0.010293111274975088,0.04584415543625904,0.8028626794480569,1.0,
3168,Q8VCI5_T236___1,,0.2795084971874739,0.5000149998500015,0.9204821588147755,ACOS,24.0,20.0,12.0,20.0,12.0,24.0,0.33,,0.06550881647134288,0.1205957757767903,5.1096876847647446,1.0,
3169,Q8VDC1_T372___1,,0.14907119849998607,0.8750112498875011,0.9836522870292533,ACOS,24.0,16.0,8.0,16.0,8.0,24.0,0.33,,0.21029812498078254,0.23917533062426458,16.403253748501037,1.0,
3170,Q8VIJ6_T679___1,,0.577650894187446,0.015639843601563983,0.22997788483653625,COS,24.0,8.0,20.0,8.0,20.0,24.0,0.5,,9.015710203196908E-4,0.013257255095716316,0.07032253958493588,1.0,
3171,Q91V92_T447___1,,0.6335525936249408,0.005879941200587994,0.1643288830269592,ACOS,24.0,2.0,18.0,2.0,18.0,24.0,0.33,,3.0978912629739484E-4,0.008657790845469297,0.0241635518511968,0.6753076859466053,
3172,Q91VA6_T292___1,,0.29814239699997214,0.43751562484375156,0.8852189547537208,ACOS,24.0,14.0,16.0,14.0,16.0,24.0,0.92,,0.05361444160464873,0.10847731432202215,4.181926445162601,1.0,
3173,Q91VJ4_T282___1,,0.16770509831248434,0.8437615623843762,0.9836522870292533,COS,24.0,2.0,14.0,2.0,14.0,24.0,0.5,,0.1824518756760124,0.21722409413444527,14.231246302728968,1.0,
3174,Q91WM6_T110___1,,0.07453559924999303,0.984390156098439,0.9974177898103224,ACOS,24.0,10.0,10.0,10.0,10.0,24.0,0.0,,0.34358681309626693,0.3483244335568646,26.799771421508822,1.0,
3175,Q91X91_T291___1,,0.37267799624996517,0.25001749982500177,0.783497463386022,ACOS,24.0,4.0,20.0,4.0,20.0,24.0,0.33,,0.02203270318362918,0.06904543509151728,1.718550848323076,1.0,
3176,Q91XD4_T132___1,,0.2236067977499791,0.6875131248687513,0.9836522870292533,ACOS,24.0,10.0,4.0,10.0,4.0,24.0,0.25,,0.11350807917025535,0.16368591139247143,8.853630175279918,1.0,
3177,Q91XU0_T116___1,,0.3354101966249687,0.34376656233437664,0.8386535601185869,ACOS,24.0,4.0,14.0,4.0,14.0,24.0,0.58,,0.03498372787327912,0.08730403942892999,2.7287307741157716,1.0,
3178,Q91Y97_T39___1,,0.4472135954999582,0.12501874981250188,0.6403693519334903,COS,24.0,2.0,14.0,2.0,14.0,24.0,0.5,,0.007842546279573382,0.04017098464103022,0.6117186098067239,1.0,
3179,Q91YR1_T349___1,,0.3354101966249687,0.34376656233437664,0.8386535601185869,ACOS,24.0,10.0,2.0,10.0,2.0,24.0,0.33,,0.03498372787327912,0.08730403942892999,2.7287307741157716,1.0,
3180,Q91Z96_T644___1,,0.18633899812498259,0.8125118748812512,0.9836522870292533,ACOS,24.0,14.0,14.0,14.0,14.0,24.0,0.0,,0.15703129585716225,0.19764355093531163,12.248441076858654,1.0,
3181,Q922B9_T741___1,,0.20497289793748086,0.7500124998750013,0.9836522870292533,ACOS,24.0,14.0,6.0,14.0,6.0,24.0,0.33,,0.13405890065957154,0.18041889221405025,10.45659425144658,1.0,
3182,Q922E4_T360___1,,0.07453559924999303,0.984390156098439,0.9974177898103224,ACOS,24.0,14.0,16.0,14.0,16.0,24.0,0.92,,0.34358681309626693,0.3483244335568646,26.799771421508822,1.0,
3183,Q922J3_T349___1,,0.3354101966249687,0.34376656233437664,0.8386535601185869,ACOS,24.0,8.0,16.0,8.0,16.0,24.0,0.67,,0.03498372787327912,0.08730403942892999,2.7287307741157716,1.0,
3184,Q922K7_T169___1,,0.24224069756247738,0.6250137498625014,0.9735791103627425,ACOS,24.0,10.0,2.0,10.0,2.0,24.0,0.33,,0.0953088004769263,0.14846178535828905,7.434086437200252,1.0,
3185,Q99J09_T5___1,,0.18633899812498259,0.8125118748812512,0.9836522870292533,ACOS,24.0,8.0,16.0,8.0,16.0,24.0,0.67,,0.15703129585716225,0.19764355093531163,12.248441076858654,1.0,
3186,Q99J95_T186___1,,0.3354101966249687,0.34376656233437664,0.8386535601185869,ACOS,24.0,16.0,16.0,16.0,16.0,24.0,0.0,,0.03498372787327912,0.08730403942892999,2.7287307741157716,1.0,
3187,Q99JF8_T122___1,,0.37267799624996517,0.25001749982500177,0.783497463386022,ACOS,24.0,20.0,4.0,20.0,4.0,24.0,0.67,,0.02203270318362918,0.06904543509151728,1.718550848323076,1.0,
3188,Q99JR8_T217___1,,0.09316949906249129,0.968760312396876,0.9974177898103224,ACOS,24.0,20.0,20.0,20.0,20.0,24.0,0.0,,0.30735312441432305,0.3173127201503672,23.973543704317198,1.0,
3189,Q99JZ7_T126___1,,0.24224069756247738,0.6250137498625014,0.9735791103627425,ACOS,24.0,14.0,16.0,14.0,16.0,24.0,0.92,,0.0953088004769263,0.14846178535828905,7.434086437200252,1.0,
3190,Q99K48_T452___1,,0.055901699437494776,0.99220007799922,0.9974177898103224,ACOS,24.0,14.0,6.0,14.0,6.0,24.0,0.33,,0.3813183256938952,0.38332357561866326,29.742829404123825,1.0,
3191,Q99KH8_T172___1,,0.3167762968124704,0.37501624983750165,0.8386535601185869,ACOS,24.0,8.0,10.0,8.0,10.0,24.0,0.92,,0.04349923101882863,0.097277877884409,3.392940019468633,1.0,
3192,Q99KN9_T302___1,,0.5217491947499513,0.04689953100468995,0.4127676955274646,ACOS,24.0,10.0,20.0,10.0,20.0,24.0,0.58,,0.0024097615294134673,0.021208564178760516,0.18796139929425046,1.0,
3193,Q99KW3_T1650___1,,0.6894542930624356,0.001969980300196998,0.11768169818301817,COS,24.0,8.0,20.0,8.0,20.0,24.0,0.5,,9.769013212726992E-5,0.005835764267952787,0.007619830305927054,0.45518961290031734,
3194,Q99L43_T30___1,,0.42857969568745996,0.15626843731562684,0.6959989393582299,ACOS,24.0,22.0,22.0,22.0,22.0,24.0,0.0,,0.010293111274975088,0.04584415543625904,0.8028626794480569,1.0,
3195,Q99L48_T470___1,,0.3167762968124704,0.37501624983750165,0.8386535601185869,ACOS,24.0,4.0,14.0,4.0,14.0,24.0,0.58,,0.04349923101882863,0.097277877884409,3.392940019468633,1.0,
3196,Q99L48_T433___1,,0.14907119849998607,0.8750112498875011,0.9836522870292533,ACOS,24.0,14.0,4.0,14.0,4.0,24.0,0.42,,0.21029812498078254,0.23917533062426458,16.403253748501037,1.0,
3197,Q99L88_T213___1,,0.29814239699997214,0.43751562484375156,0.8852189547537208,ACOS,24.0,22.0,22.0,22.0,22.0,24.0,0.0,,0.05361444160464873,0.10847731432202215,4.181926445162601,1.0,
3198,Q99MR6_T543___1,,0.2236067977499791,0.6875131248687513,0.9836522870292533,ACOS,24.0,16.0,22.0,16.0,22.0,24.0,0.75,,0.11350807917025535,0.16368591139247143,8.853630175279918,1.0,
3199,Q99MZ3_T555___1,,0.3913118960624634,0.21876781232187678,0.7543227814475101,ACOS,24.0,10.0,20.0,10.0,20.0,24.0,0.58,,0.017251591034782986,0.059484382074478995,1.345624100713073,1.0,
3200,Q99MZ3_T559___1,,0.42857969568745996,0.15626843731562684,0.6959989393582299,ACOS,24.0,10.0,20.0,10.0,20.0,24.0,0.58,,0.010293111274975088,0.04584415543625904,0.8028626794480569,1.0,
3201,Q99N42_T6___1,,0.48448139512495475,0.07814921850781492,0.5245437011922015,ACOS,24.0,2.0,10.0,2.0,10.0,24.0,0.67,,0.004428713520216645,0.029725873473476612,0.3454396545768983,1.0,
3202,Q99NH2_T943___1,,0.18633899812498259,0.8125118748812512,0.9836522870292533,ACOS,24.0,16.0,16.0,16.0,16.0,24.0,0.0,,0.15703129585716225,0.19764355093531163,12.248441076858654,1.0,
3203,Q99PG2_T613___1,,0.2795084971874739,0.5000149998500015,0.9204821588147755,ACOS,24.0,20.0,22.0,20.0,22.0,24.0,0.92,,0.06550881647134288,0.1205957757767903,5.1096876847647446,1.0,
3204,Q9CQ22_T28___1,,0.24224069756247738,0.6250137498625014,0.9735791103627425,ACOS,24.0,14.0,14.0,14.0,14.0,24.0,0.0,,0.0953088004769263,0.14846178535828905,7.434086437200252,1.0,
3205,Q9CQV4_T440___1,,0.2795084971874739,0.5000149998500015,0.9204821588147755,ACOS,24.0,22.0,16.0,22.0,16.0,24.0,0.25,,0.06550881647134288,0.1205957757767903,5.1096876847647446,1.0,
3206,Q9CQX2_T3___1,,0.3167762968124704,0.37501624983750165,0.8386535601185869,ACOS,24.0,4.0,20.0,4.0,20.0,24.0,0.33,,0.04349923101882863,0.097277877884409,3.392940019468633,1.0,
3207,Q9CXN7_T29___1,,0.18633899812498259,0.8125118748812512,0.9836522870292533,ACOS,24.0,20.0,4.0,20.0,4.0,24.0,0.67,,0.15703129585716225,0.19764355093531163,12.248441076858654,1.0,
3208,Q9CZ13_T214___1,,0.24224069756247738,0.6250137498625014,0.9735791103627425,ACOS,24.0,16.0,16.0,16.0,16.0,24.0,0.0,,0.0953088004769263,0.14846178535828905,7.434086437200252,1.0,
3209,Q9CZJ2_T42___1,,0.37267799624996517,0.25001749982500177,0.783497463386022,ACOS,24.0,20.0,10.0,20.0,10.0,24.0,0.42,,0.02203270318362918,0.06904543509151728,1.718550848323076,1.0,
3210,Q9D0F9_T357___1,,0.42857969568745996,0.15626843731562684,0.6959989393582299,ACOS,24.0,4.0,14.0,4.0,14.0,24.0,0.58,,0.010293111274975088,0.04584415543625904,0.8028626794480569,1.0,
3211,Q9D0F9_T507___1,,0.2795084971874739,0.5000149998500015,0.9204821588147755,ACOS,24.0,10.0,2.0,10.0,2.0,24.0,0.33,,0.06550881647134288,0.1205957757767903,5.1096876847647446,1.0,
3212,Q9D0F9_T19___1,,0.24224069756247738,0.6250137498625014,0.9735791103627425,ACOS,24.0,20.0,10.0,20.0,10.0,24.0,0.42,,0.0953088004769263,0.14846178535828905,7.434086437200252,1.0,
3213,Q9D0M1_T205___1,,0.6521864934374391,0.003919960800391996,0.13674082237279817,ACOS,24.0,10.0,2.0,10.0,2.0,24.0,0.33,,2.1288795232688796E-4,0.007426215504891954,0.01660526028149726,0.5792448093815723,
3214,Q9D281_T197___1,,0.2795084971874739,0.5000149998500015,0.9204821588147755,ACOS,24.0,8.0,8.0,8.0,8.0,24.0,0.0,,0.06550881647134288,0.1205957757767903,5.1096876847647446,1.0,
3215,Q9D281_T186___1,,0.5590169943749478,0.023459765402345976,0.28673713262867373,ACOS,24.0,16.0,22.0,16.0,22.0,24.0,0.75,,0.0012630300532244254,0.015437392901175266,0.09851634415150518,1.0,
3216,Q9DB30_T397___1,,0.16770509831248434,0.8437615623843762,0.9836522870292533,ACOS,24.0,8.0,18.0,8.0,18.0,24.0,0.58,,0.1824518756760124,0.21722409413444527,14.231246302728968,1.0,
3217,Q9DBD5_T751___1,,0.18633899812498259,0.8125118748812512,0.9836522870292533,ACOS,24.0,20.0,20.0,20.0,20.0,24.0,0.0,,0.15703129585716225,0.19764355093531163,12.248441076858654,1.0,
3218,Q9DBG5_T220___1,,0.3913118960624634,0.21876781232187678,0.7543227814475101,ACOS,24.0,16.0,12.0,16.0,12.0,24.0,0.17,,0.017251591034782986,0.059484382074478995,1.345624100713073,1.0,
3219,Q9DBJ3_T335___1,,0.37267799624996517,0.25001749982500177,0.783497463386022,ACOS,24.0,10.0,2.0,10.0,2.0,24.0,0.33,,0.02203270318362918,0.06904543509151728,1.718550848323076,1.0,
3220,Q9DBM2_T305___1,,0.3167762968124704,0.37501624983750165,0.8386535601185869,ACOS,24.0,8.0,16.0,8.0,16.0,24.0,0.67,,0.04349923101882863,0.097277877884409,3.392940019468633,1.0,
3221,Q9DCP2_T30___1,,0.5403830945624495,0.031269687303126965,0.31931161457616186,COS,24.0,8.0,20.0,8.0,20.0,24.0,0.5,,0.0017528052122483628,0.01789883784045924,0.1367188065553723,1.0,
3222,Q9DCP2_T32___1,,0.4472135954999582,0.12501874981250188,0.6403693519334903,COS,24.0,8.0,20.0,8.0,20.0,24.0,0.5,,0.007842546279573382,0.04017098464103022,0.6117186098067239,1.0,
3223,Q9EQ32_T152___1,,0.20497289793748086,0.7500124998750013,0.9836522870292533,ACOS,24.0,20.0,0.0,20.0,0.0,24.0,0.83,,0.13405890065957154,0.18041889221405025,10.45659425144658,1.0,
3224,Q9EQN3_T223___1,,0.2795084971874739,0.5000149998500015,0.9204821588147755,ACOS,24.0,16.0,16.0,16.0,16.0,24.0,0.0,,0.06550881647134288,0.1205957757767903,5.1096876847647446,1.0,
3225,Q9ER69_T298___1,,0.2236067977499791,0.6875131248687513,0.9836522870292533,COS,24.0,14.0,2.0,14.0,2.0,24.0,0.5,,0.11350807917025535,0.16368591139247143,8.853630175279918,1.0,
3226,Q9ERU9_T2130___1,,0.29814239699997214,0.43751562484375156,0.8852189547537208,ACOS,24.0,10.0,2.0,10.0,2.0,24.0,0.33,,0.05361444160464873,0.10847731432202215,4.181926445162601,1.0,
3227,Q9ERU9_T2578___1,,0.18633899812498259,0.8125118748812512,0.9836522870292533,ACOS,24.0,10.0,4.0,10.0,4.0,24.0,0.25,,0.15703129585716225,0.19764355093531163,12.248441076858654,1.0,
3228,Q9ES00_T234___1,,0.3354101966249687,0.34376656233437664,0.8386535601185869,ACOS,24.0,10.0,2.0,10.0,2.0,24.0,0.33,,0.03498372787327912,0.08730403942892999,2.7287307741157716,1.0,
3229,Q9ESN6_T371___1,,0.5403830945624495,0.031269687303126965,0.31931161457616186,ACOS,24.0,14.0,4.0,14.0,4.0,24.0,0.42,,0.0017528052122483628,0.01789883784045924,0.1367188065553723,1.0,
3230,Q9JI99_T103___1,,0.13043729868748782,0.9062609373906261,0.9836522870292533,ACOS,24.0,14.0,14.0,14.0,14.0,24.0,0.0,,0.24049416858204564,0.26103148572645835,18.75854514939956,1.0,
3231,Q9JIX8_T253___1,,0.42857969568745996,0.15626843731562684,0.6959989393582299,ACOS,24.0,16.0,8.0,16.0,8.0,24.0,0.33,,0.010293111274975088,0.04584415543625904,0.8028626794480569,1.0,
3232,Q9JJL3_T662___1,,0.16770509831248434,0.8437615623843762,0.9836522870292533,ACOS,24.0,20.0,12.0,20.0,12.0,24.0,0.33,,0.1824518756760124,0.21722409413444527,14.231246302728968,1.0,
3233,Q9JLN9_T1262___1,,0.4099457958749617,0.18751812481875182,0.7309536040039274,ACOS,24.0,2.0,10.0,2.0,10.0,24.0,0.67,,0.013386385243419103,0.05218069745375196,1.04413804898669,1.0,
3234,Q9JLV6_T122___1,,0.24224069756247738,0.6250137498625014,0.9735791103627425,ACOS,24.0,10.0,20.0,10.0,20.0,24.0,0.58,,0.0953088004769263,0.14846178535828905,7.434086437200252,1.0,
3235,Q9JMH9_T228___1,,0.26087459737497565,0.5625143748562514,0.9536205028159013,ACOS,24.0,20.0,12.0,20.0,12.0,24.0,0.33,,0.07935437224874475,0.1345280400768894,6.189641035402091,1.0,
3236,Q9QX47_T97___1,,0.503115294937453,0.06251937480625194,0.49060770476039084,COS,24.0,8.0,20.0,8.0,20.0,24.0,0.5,,0.0032820864904672107,0.025755486597607225,0.2560027462564424,1.0,
3237,Q9QX47_T954___1,,0.3354101966249687,0.34376656233437664,0.8386535601185869,ACOS,24.0,14.0,14.0,14.0,14.0,24.0,0.0,,0.03498372787327912,0.08730403942892999,2.7287307741157716,1.0,
3238,Q9QXD6_T28___1,,0.18633899812498259,0.8125118748812512,0.9836522870292533,ACOS,24.0,14.0,14.0,14.0,14.0,24.0,0.0,,0.15703129585716225,0.19764355093531163,12.248441076858654,1.0,
3239,Q9QXF8_T228___1,,0.26087459737497565,0.5625143748562514,0.9536205028159013,ACOS,24.0,14.0,14.0,14.0,14.0,24.0,0.0,,0.07935437224874475,0.1345280400768894,6.189641035402091,1.0,
3240,Q9QY06_T1346___1,,0.18633899812498259,0.8125118748812512,0.9836522870292533,ACOS,24.0,12.0,20.0,12.0,20.0,24.0,0.67,,0.15703129585716225,0.19764355093531163,12.248441076858654,1.0,
3241,Q9QYG0_T330___1,,0.46584749531245645,0.0937690623093769,0.5471579350140564,ACOS,24.0,8.0,16.0,8.0,16.0,24.0,0.67,,0.005920711107451196,0.03454832525336907,0.4618154663811933,1.0,
3242,Q9QYG0_T334___1,,0.503115294937453,0.06251937480625194,0.49060770476039084,ACOS,24.0,8.0,18.0,8.0,18.0,24.0,0.58,,0.0032820864904672107,0.025755486597607225,0.2560027462564424,1.0,
3243,Q9QZQ8_T178___1,,0.13043729868748782,0.9062609373906261,0.9836522870292533,ACOS,24.0,20.0,22.0,20.0,22.0,24.0,0.92,,0.24049416858204564,0.26103148572645835,18.75854514939956,1.0,
3244,Q9QZW0_T32___1,,0.4472135954999582,0.12501874981250188,0.6403693519334903,ACOS,24.0,10.0,20.0,10.0,20.0,24.0,0.58,,0.007842546279573382,0.04017098464103022,0.6117186098067239,1.0,
3245,Q9WTU0_T538___1,,0.2795084971874739,0.5000149998500015,0.9204821588147755,ACOS,24.0,10.0,2.0,10.0,2.0,24.0,0.33,,0.06550881647134288,0.1205957757767903,5.1096876847647446,1.0,
3246,Q9WV70_T512___1,,0.5217491947499513,0.04689953100468995,0.4127676955274646,ACOS,24.0,8.0,18.0,8.0,18.0,24.0,0.58,,0.0024097615294134673,0.021208564178760516,0.18796139929425046,1.0,
3247,Q9WVB0_T12___1,,0.5217491947499513,0.04689953100468995,0.4127676955274646,ACOS,24.0,16.0,8.0,16.0,8.0,24.0,0.33,,0.0024097615294134673,0.021208564178760516,0.18796139929425046,1.0,
3248,Q9WVB0_T118___1,,0.26087459737497565,0.5625143748562514,0.9536205028159013,ACOS,24.0,14.0,16.0,14.0,16.0,24.0,0.92,,0.07935437224874475,0.1345280400768894,6.189641035402091,1.0,
3249,Q9Z120_T262___1,,0.18633899812498259,0.8125118748812512,0.9836522870292533,ACOS,24.0,2.0,4.0,2.0,4.0,24.0,0.92,,0.15703129585716225,0.19764355093531163,12.248441076858654,1.0,
3250,Q9Z1R2_T985___1,,0.16770509831248434,0.8437615623843762,0.9836522870292533,COS,24.0,20.0,8.0,20.0,8.0,24.0,0.5,,0.1824518756760124,0.21722409413444527,14.231246302728968,1.0,
3251,Q9Z1X4_T67___1,,0.3167762968124704,0.37501624983750165,0.8386535601185869,COS,24.0,20.0,8.0,20.0,8.0,24.0,0.5,,0.04349923101882863,0.097277877884409,3.392940019468633,1.0,
3252,O35945_Y484___1,,0.2236067977499791,0.6875131248687513,0.9836522870292533,ACOS,24.0,22.0,22.0,22.0,22.0,24.0,0.0,,0.11350807917025535,0.16368591139247143,8.853630175279918,1.0,
3253,P01942_Y25___1,,0.42857969568745996,0.15626843731562684,0.6959989393582299,ACOS,24.0,16.0,8.0,16.0,8.0,24.0,0.33,,0.010293111274975088,0.04584415543625904,0.8028626794480569,1.0,
3254,P05202_Y96___1,,0.29814239699997214,0.43751562484375156,0.8852189547537208,ACOS,24.0,20.0,4.0,20.0,4.0,24.0,0.67,,0.05361444160464873,0.10847731432202215,4.181926445162601,1.0,
3255,P10126_Y141___1,,0.26087459737497565,0.5625143748562514,0.9536205028159013,ACOS,24.0,14.0,6.0,14.0,6.0,24.0,0.33,,0.07935437224874475,0.1345280400768894,6.189641035402091,1.0,
3256,P11352_Y96___1,,0.14907119849998607,0.8750112498875011,0.9836522870292533,ACOS,24.0,14.0,6.0,14.0,6.0,24.0,0.33,,0.21029812498078254,0.23917533062426458,16.403253748501037,1.0,
3257,P17182_Y25___1,,0.18633899812498259,0.8125118748812512,0.9836522870292533,ACOS,24.0,14.0,16.0,14.0,16.0,24.0,0.92,,0.15703129585716225,0.19764355093531163,12.248441076858654,1.0,
3258,P19157_Y109___1,,0.37267799624996517,0.25001749982500177,0.783497463386022,ACOS,24.0,14.0,6.0,14.0,6.0,24.0,0.33,,0.02203270318362918,0.06904543509151728,1.718550848323076,1.0,
3259,P24549_Y426___1,,0.11180339887498955,0.937510624893751,0.9899167645530791,ACOS,24.0,10.0,4.0,10.0,4.0,24.0,0.25,,0.2729083801775865,0.2881637536165899,21.286853653851747,1.0,
3260,P25688_Y288___1,,0.24224069756247738,0.6250137498625014,0.9735791103627425,ACOS,24.0,14.0,6.0,14.0,6.0,24.0,0.33,,0.0953088004769263,0.14846178535828905,7.434086437200252,1.0,
3261,P26039_Y1116___1,,0.2236067977499791,0.6875131248687513,0.9836522870292533,COS,24.0,14.0,2.0,14.0,2.0,24.0,0.5,,0.11350807917025535,0.16368591139247143,8.853630175279918,1.0,
3262,P31786_Y29___1,,0.26087459737497565,0.5625143748562514,0.9536205028159013,ACOS,24.0,14.0,6.0,14.0,6.0,24.0,0.33,,0.07935437224874475,0.1345280400768894,6.189641035402091,1.0,
3263,P47811_Y182___1,,0.2795084971874739,0.5000149998500015,0.9204821588147755,ACOS,24.0,4.0,2.0,4.0,2.0,24.0,0.08,,0.06550881647134288,0.1205957757767903,5.1096876847647446,1.0,
3264,P63325_Y12___1,,0.11180339887498955,0.937510624893751,0.9899167645530791,ACOS,24.0,20.0,4.0,20.0,4.0,24.0,0.67,,0.2729083801775865,0.2881637536165899,21.286853653851747,1.0,
3265,P67778_Y249___1,,0.2236067977499791,0.6875131248687513,0.9836522870292533,ACOS,24.0,8.0,8.0,8.0,8.0,24.0,0.0,,0.11350807917025535,0.16368591139247143,8.853630175279918,1.0,
3266,P98083_Y423___1,,0.20497289793748086,0.7500124998750013,0.9836522870292533,ACOS,24.0,14.0,16.0,14.0,16.0,24.0,0.92,,0.13405890065957154,0.18041889221405025,10.45659425144658,1.0,
3267,Q01279_Y1197___1,,0.46584749531245645,0.0937690623093769,0.5471579350140564,ACOS,24.0,4.0,0.0,4.0,0.0,24.0,0.17,,0.005920711107451196,0.03454832525336907,0.4618154663811933,1.0,
3268,Q01279_Y1172___1,,0.5403830945624495,0.031269687303126965,0.31931161457616186,ACOS,24.0,4.0,0.0,4.0,0.0,24.0,0.17,,0.0017528052122483628,0.01789883784045924,0.1367188065553723,1.0,
3269,Q2NL51_Y216___1,,0.16770509831248434,0.8437615623843762,0.9836522870292533,ACOS,24.0,22.0,16.0,22.0,16.0,24.0,0.25,,0.1824518756760124,0.21722409413444527,14.231246302728968,1.0,
3270,Q3U7R1_Y997___1,,0.3167762968124704,0.37501624983750165,0.8386535601185869,ACOS,24.0,14.0,4.0,14.0,4.0,24.0,0.42,,0.04349923101882863,0.097277877884409,3.392940019468633,1.0,
3271,Q4ACU6_Y930___1,,0.26087459737497565,0.5625143748562514,0.9536205028159013,ACOS,24.0,22.0,16.0,22.0,16.0,24.0,0.25,,0.07935437224874475,0.1345280400768894,6.189641035402091,1.0,
3272,Q61136_Y849___1,,0.24224069756247738,0.6250137498625014,0.9735791103627425,ACOS,24.0,2.0,10.0,2.0,10.0,24.0,0.67,,0.0953088004769263,0.14846178535828905,7.434086437200252,1.0,
3273,Q64459_Y431___1,,0.29814239699997214,0.43751562484375156,0.8852189547537208,ACOS,24.0,16.0,8.0,16.0,8.0,24.0,0.33,,0.05361444160464873,0.10847731432202215,4.181926445162601,1.0,
3274,Q64727_Y822___1,,0.26087459737497565,0.5625143748562514,0.9536205028159013,ACOS,24.0,20.0,12.0,20.0,12.0,24.0,0.33,,0.07935437224874475,0.1345280400768894,6.189641035402091,1.0,
3275,Q8CGB6_Y483___1,,0.48448139512495475,0.07814921850781492,0.5245437011922015,COS,24.0,8.0,20.0,8.0,20.0,24.0,0.5,,0.004428713520216645,0.029725873473476612,0.3454396545768983,1.0,
3276,Q8VCN5_Y113___1,,0.26087459737497565,0.5625143748562514,0.9536205028159013,ACOS,24.0,10.0,4.0,10.0,4.0,24.0,0.25,,0.07935437224874475,0.1345280400768894,6.189641035402091,1.0,
3277,Q8VDJ3_Y437___1,,0.16770509831248434,0.8437615623843762,0.9836522870292533,ACOS,24.0,20.0,14.0,20.0,14.0,24.0,0.25,,0.1824518756760124,0.21722409413444527,14.231246302728968,1.0,
3278,Q8VHK1_Y253___1,,0.3167762968124704,0.37501624983750165,0.8386535601185869,ACOS,24.0,14.0,16.0,14.0,16.0,24.0,0.92,,0.04349923101882863,0.097277877884409,3.392940019468633,1.0,
3279,Q91V64_Y159___1,,0.2795084971874739,0.5000149998500015,0.9204821588147755,ACOS,24.0,20.0,4.0,20.0,4.0,24.0,0.67,,0.06550881647134288,0.1205957757767903,5.1096876847647446,1.0,
3280,Q9ERU9_Y2514___1,,0.3540440964374669,0.3125168748312517,0.8386535601185869,ACOS,24.0,14.0,14.0,14.0,14.0,24.0,0.0,,0.027887169552556004,0.07848809381134579,2.175199225099368,1.0,
3281,Q9QXD6_Y216___1,,0.42857969568745996,0.15626843731562684,0.6959989393582299,COS,24.0,20.0,8.0,20.0,8.0,24.0,0.5,,0.010293111274975088,0.04584415543625904,0.8028626794480569,1.0,
3282,Q9QXD6_Y259___1,,0.37267799624996517,0.25001749982500177,0.783497463386022,ACOS,24.0,20.0,4.0,20.0,4.0,24.0,0.67,,0.02203270318362918,0.06904543509151728,1.718550848323076,1.0,
3283,Q9QXD6_Y265___1,,0.3354101966249687,0.34376656233437664,0.8386535601185869,ACOS,24.0,22.0,16.0,22.0,16.0,24.0,0.25,,0.03498372787327912,0.08730403942892999,2.7287307741157716,1.0,
3284,Q9QXF8_Y221___1,,0.24224069756247738,0.6250137498625014,0.9735791103627425,ACOS,24.0,14.0,14.0,14.0,14.0,24.0,0.0,,0.0953088004769263,0.14846178535828905,7.434086437200252,1.0,
3285,Q9WTU6_Y185___1,,0.503115294937453,0.06251937480625194,0.49060770476039084,COS,24.0,8.0,20.0,8.0,20.0,24.0,0.5,,0.0032820864904672107,0.025755486597607225,0.2560027462564424,1.0,
3286,A2A5R2_S218___2,,0.2236067977499791,0.6875131248687513,0.9836522870292533,ACOS,24.0,22.0,20.0,22.0,20.0,24.0,0.08,,0.11350807917025535,0.16368591139247143,8.853630175279918,1.0,
3287,A2A5R2_S227___2,,0.2236067977499791,0.6875131248687513,0.9836522870292533,ACOS,24.0,22.0,20.0,22.0,20.0,24.0,0.08,,0.11350807917025535,0.16368591139247143,8.853630175279918,1.0,
3288,A2A5R2_S1518___2,,0.4472135954999582,0.12501874981250188,0.6403693519334903,COS,24.0,8.0,20.0,8.0,20.0,24.0,0.5,,0.007842546279573382,0.04017098464103022,0.6117186098067239,1.0,
3289,A2A5R2_S1521___2,,0.37267799624996517,0.25001749982500177,0.783497463386022,ACOS,24.0,8.0,18.0,8.0,18.0,24.0,0.58,,0.02203270318362918,0.06904543509151728,1.718550848323076,1.0,
3290,A2A5R2_S621___2,,0.3167762968124704,0.37501624983750165,0.8386535601185869,ACOS,24.0,16.0,22.0,16.0,22.0,24.0,0.75,,0.04349923101882863,0.097277877884409,3.392940019468633,1.0,
3291,A2A6A1_S1179___2,,0.46584749531245645,0.0937690623093769,0.5471579350140564,ACOS,24.0,14.0,4.0,14.0,4.0,24.0,0.42,,0.005920711107451196,0.03454832525336907,0.4618154663811933,1.0,
3292,A2A6A1_S1185___2,,0.46584749531245645,0.0937690623093769,0.5471579350140564,ACOS,24.0,14.0,4.0,14.0,4.0,24.0,0.42,,0.005920711107451196,0.03454832525336907,0.4618154663811933,1.0,
3293,A2AAE1_S1320___2,,0.24224069756247738,0.6250137498625014,0.9735791103627425,ACOS,24.0,14.0,14.0,14.0,14.0,24.0,0.0,,0.0953088004769263,0.14846178535828905,7.434086437200252,1.0,
3294,A2AJ88_S1280___2,,0.3167762968124704,0.37501624983750165,0.8386535601185869,ACOS,24.0,8.0,8.0,8.0,8.0,24.0,0.0,,0.04349923101882863,0.097277877884409,3.392940019468633,1.0,
3295,A2AJI0_S95___2,,0.16770509831248434,0.8437615623843762,0.9836522870292533,ACOS,24.0,14.0,16.0,14.0,16.0,24.0,0.92,,0.1824518756760124,0.21722409413444527,14.231246302728968,1.0,
3296,A2ALK8_S372___2,,0.11180339887498955,0.937510624893751,0.9899167645530791,ACOS,24.0,14.0,16.0,14.0,16.0,24.0,0.92,,0.2729083801775865,0.2881637536165899,21.286853653851747,1.0,
3297,A2ALU4_S1043___2,,0.2795084971874739,0.5000149998500015,0.9204821588147755,ACOS,24.0,4.0,20.0,4.0,20.0,24.0,0.33,,0.06550881647134288,0.1205957757767903,5.1096876847647446,1.0,
3298,A2AR02_S354___2,,0.2795084971874739,0.5000149998500015,0.9204821588147755,ACOS,24.0,2.0,2.0,2.0,2.0,24.0,0.0,,0.06550881647134288,0.1205957757767903,5.1096876847647446,1.0,
3299,A2ASQ1_S569___2,,0.07453559924999303,0.984390156098439,0.9974177898103224,ACOS,24.0,6.0,10.0,6.0,10.0,24.0,0.83,,0.34358681309626693,0.3483244335568646,26.799771421508822,1.0,
3300,A2ASQ1_S571___2,,0.07453559924999303,0.984390156098439,0.9974177898103224,ACOS,24.0,6.0,10.0,6.0,10.0,24.0,0.83,,0.34358681309626693,0.3483244335568646,26.799771421508822,1.0,
3301,A2ASS6_S33875___2,,0.14907119849998607,0.8750112498875011,0.9836522870292533,ACOS,24.0,10.0,10.0,10.0,10.0,24.0,0.0,,0.21029812498078254,0.23917533062426458,16.403253748501037,1.0,
3302,A2ASS6_S33880___2,,0.14907119849998607,0.8750112498875011,0.9836522870292533,ACOS,24.0,10.0,10.0,10.0,10.0,24.0,0.0,,0.21029812498078254,0.23917533062426458,16.403253748501037,1.0,
3303,A2ASS6_S34063___2,,0.18633899812498259,0.8125118748812512,0.9836522870292533,ACOS,24.0,8.0,8.0,8.0,8.0,24.0,0.0,,0.15703129585716225,0.19764355093531163,12.248441076858654,1.0,
3304,A2ASS6_S34065___2,,0.18633899812498259,0.8125118748812512,0.9836522870292533,ACOS,24.0,8.0,8.0,8.0,8.0,24.0,0.0,,0.15703129585716225,0.19764355093531163,12.248441076858654,1.0,
3305,A2BH40_S697___2,,0.13043729868748782,0.9062609373906261,0.9836522870292533,ACOS,24.0,8.0,8.0,8.0,8.0,24.0,0.0,,0.24049416858204564,0.26103148572645835,18.75854514939956,1.0,
3306,A2BH40_S699___2,,0.14907119849998607,0.8750112498875011,0.9836522870292533,ACOS,24.0,8.0,16.0,8.0,16.0,24.0,0.67,,0.21029812498078254,0.23917533062426458,16.403253748501037,1.0,
3307,A2BH40_S703___2,,0.16770509831248434,0.8437615623843762,0.9836522870292533,ACOS,24.0,8.0,8.0,8.0,8.0,24.0,0.0,,0.1824518756760124,0.21722409413444527,14.231246302728968,1.0,
3308,A2BH40_S1756___2,,0.18633899812498259,0.8125118748812512,0.9836522870292533,ACOS,24.0,8.0,8.0,8.0,8.0,24.0,0.0,,0.15703129585716225,0.19764355093531163,12.248441076858654,1.0,
3309,A3KGS3_S373___2,,0.503115294937453,0.06251937480625194,0.49060770476039084,ACOS,24.0,16.0,8.0,16.0,8.0,24.0,0.33,,0.0032820864904672107,0.025755486597607225,0.2560027462564424,1.0,
3310,A3KGS3_S376___2,,0.503115294937453,0.06251937480625194,0.49060770476039084,ACOS,24.0,16.0,8.0,16.0,8.0,24.0,0.33,,0.0032820864904672107,0.025755486597607225,0.2560027462564424,1.0,
3311,A3KGS3_S820___2,,0.14907119849998607,0.8750112498875011,0.9836522870292533,ACOS,24.0,16.0,8.0,16.0,8.0,24.0,0.33,,0.21029812498078254,0.23917533062426458,16.403253748501037,1.0,
3312,A6X8Z5_S343___2,,0.16770509831248434,0.8437615623843762,0.9836522870292533,ACOS,24.0,8.0,16.0,8.0,16.0,24.0,0.67,,0.1824518756760124,0.21722409413444527,14.231246302728968,1.0,
3313,A6X8Z5_S765___2,,0.24224069756247738,0.6250137498625014,0.9735791103627425,ACOS,24.0,22.0,16.0,22.0,16.0,24.0,0.25,,0.0953088004769263,0.14846178535828905,7.434086437200252,1.0,
3314,A6X919_S22___2,,0.26087459737497565,0.5625143748562514,0.9536205028159013,ACOS,24.0,10.0,20.0,10.0,20.0,24.0,0.58,,0.07935437224874475,0.1345280400768894,6.189641035402091,1.0,
3315,B1AY13_S2078___2,,0.2795084971874739,0.5000149998500015,0.9204821588147755,ACOS,24.0,10.0,20.0,10.0,20.0,24.0,0.58,,0.06550881647134288,0.1205957757767903,5.1096876847647446,1.0,
3316,B2RQE8_S665___2,,0.3354101966249687,0.34376656233437664,0.8386535601185869,ACOS,24.0,10.0,2.0,10.0,2.0,24.0,0.33,,0.03498372787327912,0.08730403942892999,2.7287307741157716,1.0,
3317,B2RQE8_S680___2,,0.3354101966249687,0.34376656233437664,0.8386535601185869,ACOS,24.0,10.0,2.0,10.0,2.0,24.0,0.33,,0.03498372787327912,0.08730403942892999,2.7287307741157716,1.0,
3318,B2RQE8_S707___2,,0.503115294937453,0.06251937480625194,0.49060770476039084,COS,24.0,8.0,20.0,8.0,20.0,24.0,0.5,,0.0032820864904672107,0.025755486597607225,0.2560027462564424,1.0,
3319,B2RQE8_S720___2,,0.577650894187446,0.015639843601563983,0.22997788483653625,COS,24.0,8.0,20.0,8.0,20.0,24.0,0.5,,9.015710203196908E-4,0.013257255095716316,0.07032253958493588,1.0,
3320,B2RQE8_S723___2,,0.577650894187446,0.015639843601563983,0.22997788483653625,COS,24.0,8.0,20.0,8.0,20.0,24.0,0.5,,9.015710203196908E-4,0.013257255095716316,0.07032253958493588,1.0,
3321,B2RX12_S903___2,,0.24224069756247738,0.6250137498625014,0.9735791103627425,ACOS,24.0,8.0,18.0,8.0,18.0,24.0,0.58,,0.0953088004769263,0.14846178535828905,7.434086437200252,1.0,
3322,B2RX12_S906___2,,0.24224069756247738,0.6250137498625014,0.9735791103627425,ACOS,24.0,8.0,16.0,8.0,16.0,24.0,0.67,,0.0953088004769263,0.14846178535828905,7.434086437200252,1.0,
3323,D3YXK2_S623___2,,0.6521864934374391,0.003919960800391996,0.13674082237279817,ACOS,24.0,4.0,0.0,4.0,0.0,24.0,0.17,,2.1288795232688796E-4,0.007426215504891954,0.01660526028149726,0.5792448093815723,
3324,D3YXK2_S626___2,,0.6521864934374391,0.003919960800391996,0.13674082237279817,ACOS,24.0,4.0,0.0,4.0,0.0,24.0,0.17,,2.1288795232688796E-4,0.007426215504891954,0.01660526028149726,0.5792448093815723,
3325,D3YZP9_S233___2,,0.2236067977499791,0.6875131248687513,0.9836522870292533,ACOS,24.0,2.0,2.0,2.0,2.0,24.0,0.0,,0.11350807917025535,0.16368591139247143,8.853630175279918,1.0,
3326,D3YZP9_S237___2,,0.2236067977499791,0.6875131248687513,0.9836522870292533,ACOS,24.0,2.0,2.0,2.0,2.0,24.0,0.0,,0.11350807917025535,0.16368591139247143,8.853630175279918,1.0,
3327,E9Q1P8_S440___2,,0.20497289793748086,0.7500124998750013,0.9836522870292533,ACOS,24.0,2.0,2.0,2.0,2.0,24.0,0.0,,0.13405890065957154,0.18041889221405025,10.45659425144658,1.0,
3328,E9Q1P8_S443___2,,0.16770509831248434,0.8437615623843762,0.9836522870292533,ACOS,24.0,10.0,2.0,10.0,2.0,24.0,0.33,,0.1824518756760124,0.21722409413444527,14.231246302728968,1.0,
3329,E9Q394_S1870___2,,0.5962847939999443,0.011739882601173987,0.2093466378769048,COS,24.0,8.0,20.0,8.0,20.0,24.0,0.5,,6.374983385533969E-4,0.011367927462487626,0.04972487040716496,0.8866983420740349,
3330,E9Q394_S1873___2,,0.5962847939999443,0.011739882601173987,0.2093466378769048,COS,24.0,8.0,20.0,8.0,20.0,24.0,0.5,,6.374983385533969E-4,0.011367927462487626,0.04972487040716496,0.8866983420740349,
3331,E9Q394_S1586___2,,0.3167762968124704,0.37501624983750165,0.8386535601185869,ACOS,24.0,2.0,18.0,2.0,18.0,24.0,0.33,,0.04349923101882863,0.097277877884409,3.392940019468633,1.0,
3332,E9Q394_S1591___2,,0.3167762968124704,0.37501624983750165,0.8386535601185869,ACOS,24.0,2.0,18.0,2.0,18.0,24.0,0.33,,0.04349923101882863,0.097277877884409,3.392940019468633,1.0,
3333,E9Q557_S2832___2,,0.37267799624996517,0.25001749982500177,0.783497463386022,ACOS,24.0,8.0,16.0,8.0,16.0,24.0,0.67,,0.02203270318362918,0.06904543509151728,1.718550848323076,1.0,
3334,E9Q557_S2836___2,,0.5403830945624495,0.031269687303126965,0.31931161457616186,ACOS,24.0,8.0,16.0,8.0,16.0,24.0,0.67,,0.0017528052122483628,0.01789883784045924,0.1367188065553723,1.0,
3335,E9Q557_S2618___2,,0.5962847939999443,0.011739882601173987,0.2093466378769048,COS,24.0,8.0,20.0,8.0,20.0,24.0,0.5,,6.374983385533969E-4,0.011367927462487626,0.04972487040716496,0.8866983420740349,
3336,E9Q634_S1001___2,,0.7080881928749339,9.89990100098999E-4,0.09098389785332915,COS,24.0,8.0,20.0,8.0,20.0,24.0,0.5,,6.522978591822107E-5,0.005835764267952787,0.005087923301621243,0.45518961290031734,
3337,E9Q634_S1004___2,,0.7453559924999303,2.599974000259997E-4,0.06212637873621263,COS,24.0,8.0,20.0,8.0,20.0,24.0,0.5,,2.825417584497489E-5,0.005835764267952787,0.0022038257159080416,0.45518961290031734,
3338,E9Q6P5_S677___2,,0.37267799624996517,0.25001749982500177,0.783497463386022,ACOS,24.0,10.0,20.0,10.0,20.0,24.0,0.58,,0.02203270318362918,0.06904543509151728,1.718550848323076,1.0,
3339,E9Q6P5_S678___2,,0.3354101966249687,0.34376656233437664,0.8386535601185869,ACOS,24.0,10.0,20.0,10.0,20.0,24.0,0.58,,0.03498372787327912,0.08730403942892999,2.7287307741157716,1.0,
3340,E9QAT4_S2053___2,,0.20497289793748086,0.7500124998750013,0.9836522870292533,ACOS,24.0,14.0,6.0,14.0,6.0,24.0,0.33,,0.13405890065957154,0.18041889221405025,10.45659425144658,1.0,
3341,E9QAT4_S2058___2,,0.18633899812498259,0.8125118748812512,0.9836522870292533,ACOS,24.0,10.0,2.0,10.0,2.0,24.0,0.33,,0.15703129585716225,0.19764355093531163,12.248441076858654,1.0,
3342,E9QAT4_S2063___2,,0.14907119849998607,0.8750112498875011,0.9836522870292533,COS,24.0,14.0,2.0,14.0,2.0,24.0,0.5,,0.21029812498078254,0.23917533062426458,16.403253748501037,1.0,
3343,E9QAT4_S2070___2,,0.18633899812498259,0.8125118748812512,0.9836522870292533,ACOS,24.0,16.0,16.0,16.0,16.0,24.0,0.0,,0.15703129585716225,0.19764355093531163,12.248441076858654,1.0,
3344,E9QAT4_S1028___2,,0.3167762968124704,0.37501624983750165,0.8386535601185869,ACOS,24.0,8.0,8.0,8.0,8.0,24.0,0.0,,0.04349923101882863,0.097277877884409,3.392940019468633,1.0,
3345,E9QAT4_S1030___2,,0.2795084971874739,0.5000149998500015,0.9204821588147755,ACOS,24.0,10.0,2.0,10.0,2.0,24.0,0.33,,0.06550881647134288,0.1205957757767903,5.1096876847647446,1.0,
3346,E9QAT4_S1032___2,,0.3913118960624634,0.21876781232187678,0.7543227814475101,ACOS,24.0,10.0,2.0,10.0,2.0,24.0,0.33,,0.017251591034782986,0.059484382074478995,1.345624100713073,1.0,
3347,F8VPU2_S892___2,,0.09316949906249129,0.968760312396876,0.9974177898103224,ACOS,24.0,14.0,16.0,14.0,16.0,24.0,0.92,,0.30735312441432305,0.3173127201503672,23.973543704317198,1.0,
3348,F8VPU2_S899___2,,0.18633899812498259,0.8125118748812512,0.9836522870292533,ACOS,24.0,10.0,20.0,10.0,20.0,24.0,0.58,,0.15703129585716225,0.19764355093531163,12.248441076858654,1.0,
3349,F8VPU2_S902___2,,0.16770509831248434,0.8437615623843762,0.9836522870292533,ACOS,24.0,6.0,10.0,6.0,10.0,24.0,0.83,,0.1824518756760124,0.21722409413444527,14.231246302728968,1.0,
3350,G5E829_S1155___2,,0.3913118960624634,0.21876781232187678,0.7543227814475101,ACOS,24.0,8.0,16.0,8.0,16.0,24.0,0.67,,0.017251591034782986,0.059484382074478995,1.345624100713073,1.0,
3351,G5E829_S1177___2,,0.18633899812498259,0.8125118748812512,0.9836522870292533,ACOS,24.0,20.0,4.0,20.0,4.0,24.0,0.67,,0.15703129585716225,0.19764355093531163,12.248441076858654,1.0,
3352,G5E829_S1178___2,,0.20497289793748086,0.7500124998750013,0.9836522870292533,ACOS,24.0,20.0,4.0,20.0,4.0,24.0,0.67,,0.13405890065957154,0.18041889221405025,10.45659425144658,1.0,
3353,G5E870_S310___2,,0.055901699437494776,0.99220007799922,0.9974177898103224,ACOS,24.0,22.0,22.0,22.0,22.0,24.0,0.0,,0.3813183256938952,0.38332357561866326,29.742829404123825,1.0,
3354,G5E870_S312___2,,0.055901699437494776,0.99220007799922,0.9974177898103224,ACOS,24.0,22.0,22.0,22.0,22.0,24.0,0.0,,0.3813183256938952,0.38332357561866326,29.742829404123825,1.0,
3355,G5E870_S1350___2,,0.46584749531245645,0.0937690623093769,0.5471579350140564,ACOS,24.0,20.0,4.0,20.0,4.0,24.0,0.67,,0.005920711107451196,0.03454832525336907,0.4618154663811933,1.0,
3356,G5E870_S1355___2,,0.46584749531245645,0.0937690623093769,0.5471579350140564,ACOS,24.0,20.0,4.0,20.0,4.0,24.0,0.67,,0.005920711107451196,0.03454832525336907,0.4618154663811933,1.0,
3357,G5E8K5_S917___2,,0.26087459737497565,0.5625143748562514,0.9536205028159013,ACOS,24.0,8.0,16.0,8.0,16.0,24.0,0.67,,0.07935437224874475,0.1345280400768894,6.189641035402091,1.0,
3358,O08539_S296___2,,0.3913118960624634,0.21876781232187678,0.7543227814475101,ACOS,24.0,22.0,16.0,22.0,16.0,24.0,0.25,,0.017251591034782986,0.059484382074478995,1.345624100713073,1.0,
3359,O08539_S298___2,,0.29814239699997214,0.43751562484375156,0.8852189547537208,ACOS,24.0,22.0,16.0,22.0,16.0,24.0,0.25,,0.05361444160464873,0.10847731432202215,4.181926445162601,1.0,
3360,O08539_S304___2,,0.3913118960624634,0.21876781232187678,0.7543227814475101,ACOS,24.0,20.0,10.0,20.0,10.0,24.0,0.42,,0.017251591034782986,0.059484382074478995,1.345624100713073,1.0,
3361,O08582_S44___2,,0.13043729868748782,0.9062609373906261,0.9836522870292533,ACOS,24.0,22.0,22.0,22.0,22.0,24.0,0.0,,0.24049416858204564,0.26103148572645835,18.75854514939956,1.0,
3362,O08582_S47___2,,0.13043729868748782,0.9062609373906261,0.9836522870292533,ACOS,24.0,22.0,22.0,22.0,22.0,24.0,0.0,,0.24049416858204564,0.26103148572645835,18.75854514939956,1.0,
3363,O08582_S8___2,,0.2236067977499791,0.6875131248687513,0.9836522870292533,ACOS,24.0,22.0,16.0,22.0,16.0,24.0,0.25,,0.11350807917025535,0.16368591139247143,8.853630175279918,1.0,
3364,O08582_S25___2,,0.24224069756247738,0.6250137498625014,0.9735791103627425,ACOS,24.0,22.0,16.0,22.0,16.0,24.0,0.25,,0.0953088004769263,0.14846178535828905,7.434086437200252,1.0,
3365,O08609_S45___2,,0.2795084971874739,0.5000149998500015,0.9204821588147755,ACOS,24.0,4.0,20.0,4.0,20.0,24.0,0.33,,0.06550881647134288,0.1205957757767903,5.1096876847647446,1.0,
3366,O08609_S48___2,,0.2795084971874739,0.5000149998500015,0.9204821588147755,ACOS,24.0,4.0,20.0,4.0,20.0,24.0,0.33,,0.06550881647134288,0.1205957757767903,5.1096876847647446,1.0,
3367,O08715_S101___2,,0.6335525936249408,0.005879941200587994,0.1643288830269592,ACOS,24.0,8.0,16.0,8.0,16.0,24.0,0.67,,3.0978912629739484E-4,0.008657790845469297,0.0241635518511968,0.6753076859466053,
3368,O08715_S103___2,,0.6335525936249408,0.005879941200587994,0.1643288830269592,ACOS,24.0,8.0,16.0,8.0,16.0,24.0,0.67,,3.0978912629739484E-4,0.008657790845469297,0.0241635518511968,0.6753076859466053,
3369,O08784_S169___2,,0.2795084971874739,0.5000149998500015,0.9204821588147755,ACOS,24.0,16.0,22.0,16.0,22.0,24.0,0.75,,0.06550881647134288,0.1205957757767903,5.1096876847647446,1.0,
3370,O08796_S440___2,,0.6149186938124426,0.007829921700782993,0.17567697562460996,ACOS,24.0,2.0,18.0,2.0,18.0,24.0,0.33,,4.465174392780171E-4,0.010018341982674385,0.03482836026368533,0.7814306746486018,
3371,O08796_S444___2,,0.48448139512495475,0.07814921850781492,0.5245437011922015,ACOS,24.0,4.0,14.0,4.0,14.0,24.0,0.58,,0.004428713520216645,0.029725873473476612,0.3454396545768983,1.0,
3372,O08796_S448___2,,0.3354101966249687,0.34376656233437664,0.8386535601185869,ACOS,24.0,8.0,8.0,8.0,8.0,24.0,0.0,,0.03498372787327912,0.08730403942892999,2.7287307741157716,1.0,
3373,O09106_S421___2,,0.3540440964374669,0.3125168748312517,0.8386535601185869,ACOS,24.0,16.0,22.0,16.0,22.0,24.0,0.75,,0.027887169552556004,0.07848809381134579,2.175199225099368,1.0,
3374,O09106_S423___2,,0.3540440964374669,0.3125168748312517,0.8386535601185869,ACOS,24.0,16.0,22.0,16.0,22.0,24.0,0.75,,0.027887169552556004,0.07848809381134579,2.175199225099368,1.0,
3375,O35099_S1036___2,,0.4472135954999582,0.12501874981250188,0.6403693519334903,ACOS,24.0,8.0,16.0,8.0,16.0,24.0,0.67,,0.007842546279573382,0.04017098464103022,0.6117186098067239,1.0,
3376,O35099_S1040___2,,0.4472135954999582,0.12501874981250188,0.6403693519334903,ACOS,24.0,8.0,16.0,8.0,16.0,24.0,0.67,,0.007842546279573382,0.04017098464103022,0.6117186098067239,1.0,
3377,O35099_S973___2,,0.3540440964374669,0.3125168748312517,0.8386535601185869,ACOS,24.0,4.0,0.0,4.0,0.0,24.0,0.17,,0.027887169552556004,0.07848809381134579,2.175199225099368,1.0,
3378,O35099_S993___2,,0.37267799624996517,0.25001749982500177,0.783497463386022,ACOS,24.0,4.0,0.0,4.0,0.0,24.0,0.17,,0.02203270318362918,0.06904543509151728,1.718550848323076,1.0,
3379,O35295_S6___2,,0.09316949906249129,0.968760312396876,0.9974177898103224,ACOS,24.0,14.0,16.0,14.0,16.0,24.0,0.92,,0.30735312441432305,0.3173127201503672,23.973543704317198,1.0,
3380,O35295_S8___2,,0.09316949906249129,0.968760312396876,0.9974177898103224,ACOS,24.0,14.0,16.0,14.0,16.0,24.0,0.92,,0.30735312441432305,0.3173127201503672,23.973543704317198,1.0,
3381,O35295_S310___2,,0.26087459737497565,0.5625143748562514,0.9536205028159013,ACOS,24.0,16.0,8.0,16.0,8.0,24.0,0.33,,0.07935437224874475,0.1345280400768894,6.189641035402091,1.0,
3382,O35295_S316___2,,0.26087459737497565,0.5625143748562514,0.9536205028159013,ACOS,24.0,16.0,8.0,16.0,8.0,24.0,0.33,,0.07935437224874475,0.1345280400768894,6.189641035402091,1.0,
3383,O35344_S56___2,,0.2795084971874739,0.5000149998500015,0.9204821588147755,ACOS,24.0,10.0,2.0,10.0,2.0,24.0,0.33,,0.06550881647134288,0.1205957757767903,5.1096876847647446,1.0,
3384,O35344_S60___2,,0.2795084971874739,0.5000149998500015,0.9204821588147755,ACOS,24.0,10.0,2.0,10.0,2.0,24.0,0.33,,0.06550881647134288,0.1205957757767903,5.1096876847647446,1.0,
3385,O35930_S711___2,,0.3540440964374669,0.3125168748312517,0.8386535601185869,COS,24.0,14.0,2.0,14.0,2.0,24.0,0.5,,0.027887169552556004,0.07848809381134579,2.175199225099368,1.0,
3386,O35930_S714___2,,0.3540440964374669,0.3125168748312517,0.8386535601185869,COS,24.0,14.0,2.0,14.0,2.0,24.0,0.5,,0.027887169552556004,0.07848809381134579,2.175199225099368,1.0,
3387,O54724_S38___2,,0.46584749531245645,0.0937690623093769,0.5471579350140564,ACOS,24.0,20.0,10.0,20.0,10.0,24.0,0.42,,0.005920711107451196,0.03454832525336907,0.4618154663811933,1.0,
3388,O54724_S42___2,,0.13043729868748782,0.9062609373906261,0.9836522870292533,ACOS,24.0,10.0,10.0,10.0,10.0,24.0,0.0,,0.24049416858204564,0.26103148572645835,18.75854514939956,1.0,
3389,O54774_S755___2,,0.13043729868748782,0.9062609373906261,0.9836522870292533,ACOS,24.0,14.0,14.0,14.0,14.0,24.0,0.0,,0.24049416858204564,0.26103148572645835,18.75854514939956,1.0,
3390,O54774_S760___2,,0.18633899812498259,0.8125118748812512,0.9836522870292533,ACOS,24.0,14.0,14.0,14.0,14.0,24.0,0.0,,0.15703129585716225,0.19764355093531163,12.248441076858654,1.0,
3391,O54774_S685___2,,0.6708203932499374,0.002949970500294997,0.1270081893775657,ACOS,24.0,16.0,8.0,16.0,8.0,24.0,0.33,,1.449047398848948E-4,0.006238736503692902,0.011302569711021794,0.4866214472880464,
3392,O54774_S686___2,,0.6708203932499374,0.002949970500294997,0.1270081893775657,ACOS,24.0,16.0,8.0,16.0,8.0,24.0,0.33,,1.449047398848948E-4,0.006238736503692902,0.011302569711021794,0.4866214472880464,
3393,O54988_S647___2,,0.2236067977499791,0.6875131248687513,0.9836522870292533,ACOS,24.0,8.0,8.0,8.0,8.0,24.0,0.0,,0.11350807917025535,0.16368591139247143,8.853630175279918,1.0,
3394,O55033_S94___2,,0.2795084971874739,0.5000149998500015,0.9204821588147755,ACOS,24.0,22.0,16.0,22.0,16.0,24.0,0.25,,0.06550881647134288,0.1205957757767903,5.1096876847647446,1.0,
3395,O55201_S664___2,,0.14907119849998607,0.8750112498875011,0.9836522870292533,ACOS,24.0,20.0,20.0,20.0,20.0,24.0,0.0,,0.21029812498078254,0.23917533062426458,16.403253748501037,1.0,
3396,O70194_S529___2,,0.16770509831248434,0.8437615623843762,0.9836522870292533,ACOS,24.0,14.0,14.0,14.0,14.0,24.0,0.0,,0.1824518756760124,0.21722409413444527,14.231246302728968,1.0,
3397,O70305_S832___2,,0.14907119849998607,0.8750112498875011,0.9836522870292533,ACOS,24.0,20.0,20.0,20.0,20.0,24.0,0.0,,0.21029812498078254,0.23917533062426458,16.403253748501037,1.0,
3398,O70305_S834___2,,0.18633899812498259,0.8125118748812512,0.9836522870292533,ACOS,24.0,16.0,8.0,16.0,8.0,24.0,0.33,,0.15703129585716225,0.19764355093531163,12.248441076858654,1.0,
3399,O70305_S836___2,,0.26087459737497565,0.5625143748562514,0.9536205028159013,ACOS,24.0,16.0,16.0,16.0,16.0,24.0,0.0,,0.07935437224874475,0.1345280400768894,6.189641035402091,1.0,
3400,O70551_S450___2,,0.2236067977499791,0.6875131248687513,0.9836522870292533,ACOS,24.0,20.0,14.0,20.0,14.0,24.0,0.25,,0.11350807917025535,0.16368591139247143,8.853630175279918,1.0,
3401,O70570_S680___2,,0.3540440964374669,0.3125168748312517,0.8386535601185869,ACOS,24.0,20.0,4.0,20.0,4.0,24.0,0.67,,0.027887169552556004,0.07848809381134579,2.175199225099368,1.0,
3402,O70585_S524___2,,0.3167762968124704,0.37501624983750165,0.8386535601185869,ACOS,24.0,8.0,10.0,8.0,10.0,24.0,0.92,,0.04349923101882863,0.097277877884409,3.392940019468633,1.0,
3403,O88286_S1045___2,,0.2795084971874739,0.5000149998500015,0.9204821588147755,COS,24.0,2.0,14.0,2.0,14.0,24.0,0.5,,0.06550881647134288,0.1205957757767903,5.1096876847647446,1.0,
3404,O88286_S1050___2,,0.2795084971874739,0.5000149998500015,0.9204821588147755,COS,24.0,2.0,14.0,2.0,14.0,24.0,0.5,,0.06550881647134288,0.1205957757767903,5.1096876847647446,1.0,
3405,O88343_S1029___2,,0.26087459737497565,0.5625143748562514,0.9536205028159013,ACOS,24.0,4.0,20.0,4.0,20.0,24.0,0.33,,0.07935437224874475,0.1345280400768894,6.189641035402091,1.0,
3406,O88343_S1034___2,,0.26087459737497565,0.5625143748562514,0.9536205028159013,ACOS,24.0,4.0,20.0,4.0,20.0,24.0,0.33,,0.07935437224874475,0.1345280400768894,6.189641035402091,1.0,
3407,O88343_S65___2,,0.37267799624996517,0.25001749982500177,0.783497463386022,ACOS,24.0,20.0,4.0,20.0,4.0,24.0,0.67,,0.02203270318362918,0.06904543509151728,1.718550848323076,1.0,
3408,O88343_S68___2,,0.37267799624996517,0.25001749982500177,0.783497463386022,ACOS,24.0,20.0,4.0,20.0,4.0,24.0,0.67,,0.02203270318362918,0.06904543509151728,1.718550848323076,1.0,
3409,O88343_S262___2,,0.29814239699997214,0.43751562484375156,0.8852189547537208,ACOS,24.0,16.0,16.0,16.0,16.0,24.0,0.0,,0.05361444160464873,0.10847731432202215,4.181926445162601,1.0,
3410,O88622_S311___2,,0.2795084971874739,0.5000149998500015,0.9204821588147755,ACOS,24.0,10.0,4.0,10.0,4.0,24.0,0.25,,0.06550881647134288,0.1205957757767903,5.1096876847647446,1.0,
3411,O88792_S285___2,,0.13043729868748782,0.9062609373906261,0.9836522870292533,ACOS,24.0,22.0,22.0,22.0,22.0,24.0,0.0,,0.24049416858204564,0.26103148572645835,18.75854514939956,1.0,
3412,O88792_S288___2,,0.11180339887498955,0.937510624893751,0.9899167645530791,ACOS,24.0,20.0,20.0,20.0,20.0,24.0,0.0,,0.2729083801775865,0.2881637536165899,21.286853653851747,1.0,
3413,O88874_S325___2,,0.29814239699997214,0.43751562484375156,0.8852189547537208,ACOS,24.0,2.0,2.0,2.0,2.0,24.0,0.0,,0.05361444160464873,0.10847731432202215,4.181926445162601,1.0,
3414,O88874_S329___2,,0.29814239699997214,0.43751562484375156,0.8852189547537208,ACOS,24.0,2.0,2.0,2.0,2.0,24.0,0.0,,0.05361444160464873,0.10847731432202215,4.181926445162601,1.0,
3415,P01901_S351___2,,0.37267799624996517,0.25001749982500177,0.783497463386022,COS,24.0,8.0,20.0,8.0,20.0,24.0,0.5,,0.02203270318362918,0.06904543509151728,1.718550848323076,1.0,
3416,P01901_S354___2,,0.29814239699997214,0.43751562484375156,0.8852189547537208,ACOS,24.0,10.0,20.0,10.0,20.0,24.0,0.58,,0.05361444160464873,0.10847731432202215,4.181926445162601,1.0,
3417,P08775_S1913___2,,0.29814239699997214,0.43751562484375156,0.8852189547537208,ACOS,24.0,4.0,0.0,4.0,0.0,24.0,0.17,,0.05361444160464873,0.10847731432202215,4.181926445162601,1.0,
3418,P11679_S21___2,,0.6708203932499374,0.002949970500294997,0.1270081893775657,ACOS,24.0,8.0,18.0,8.0,18.0,24.0,0.58,,1.449047398848948E-4,0.006238736503692902,0.011302569711021794,0.4866214472880464,
3419,P11679_S22___2,,0.726722092687432,4.999950000499995E-4,0.06827074586396994,ACOS,24.0,8.0,16.0,8.0,16.0,24.0,0.67,,4.3137942030421135E-5,0.005835764267952787,0.0033647594783728484,0.45518961290031734,
3420,P11679_S24___2,,0.726722092687432,4.999950000499995E-4,0.06827074586396994,COS,24.0,8.0,20.0,8.0,20.0,24.0,0.5,,4.3137942030421135E-5,0.005835764267952787,0.0033647594783728484,0.45518961290031734,
3421,P11679_S43___2,,0.8012576919374251,7.999920000799993E-5,0.06212637873621263,COS,24.0,8.0,20.0,8.0,20.0,24.0,0.5,,7.490877968268921E-6,0.005835764267952787,5.842884815249759E-4,0.45518961290031734,
3422,P11679_S47___2,,0.7453559924999303,2.599974000259997E-4,0.06212637873621263,COS,24.0,8.0,20.0,8.0,20.0,24.0,0.5,,2.825417584497489E-5,0.005835764267952787,0.0022038257159080416,0.45518961290031734,
3423,P11862_S184___2,,0.4099457958749617,0.18751812481875182,0.7309536040039274,ACOS,24.0,8.0,18.0,8.0,18.0,24.0,0.58,,0.013386385243419103,0.05218069745375196,1.04413804898669,1.0,
3424,P11862_S188___2,,0.4099457958749617,0.18751812481875182,0.7309536040039274,ACOS,24.0,8.0,18.0,8.0,18.0,24.0,0.58,,0.013386385243419103,0.05218069745375196,1.04413804898669,1.0,
3425,P14869_S304___2,,0.14907119849998607,0.8750112498875011,0.9836522870292533,ACOS,24.0,14.0,6.0,14.0,6.0,24.0,0.33,,0.21029812498078254,0.23917533062426458,16.403253748501037,1.0,
3426,P14869_S307___2,,0.14907119849998607,0.8750112498875011,0.9836522870292533,ACOS,24.0,14.0,6.0,14.0,6.0,24.0,0.33,,0.21029812498078254,0.23917533062426458,16.403253748501037,1.0,
3427,P15508_S2116___2,,0.16770509831248434,0.8437615623843762,0.9836522870292533,ACOS,24.0,2.0,2.0,2.0,2.0,24.0,0.0,,0.1824518756760124,0.21722409413444527,14.231246302728968,1.0,
3428,P15508_S2119___2,,0.24224069756247738,0.6250137498625014,0.9735791103627425,ACOS,24.0,2.0,2.0,2.0,2.0,24.0,0.0,,0.0953088004769263,0.14846178535828905,7.434086437200252,1.0,
3429,P15920_S695___2,,0.6894542930624356,0.001969980300196998,0.11768169818301817,ACOS,24.0,4.0,20.0,4.0,20.0,24.0,0.33,,9.769013212726992E-5,0.005835764267952787,0.007619830305927054,0.45518961290031734,
3430,P15920_S700___2,,0.6894542930624356,0.001969980300196998,0.11768169818301817,ACOS,24.0,4.0,20.0,4.0,20.0,24.0,0.33,,9.769013212726992E-5,0.005835764267952787,0.007619830305927054,0.45518961290031734,
3431,P17095_S102___2,,0.3540440964374669,0.3125168748312517,0.8386535601185869,ACOS,24.0,14.0,6.0,14.0,6.0,24.0,0.33,,0.027887169552556004,0.07848809381134579,2.175199225099368,1.0,
3432,P17095_S103___2,,0.3540440964374669,0.3125168748312517,0.8386535601185869,ACOS,24.0,14.0,6.0,14.0,6.0,24.0,0.33,,0.027887169552556004,0.07848809381134579,2.175199225099368,1.0,
3433,P19973_S168___2,,0.20497289793748086,0.7500124998750013,0.9836522870292533,ACOS,24.0,10.0,4.0,10.0,4.0,24.0,0.25,,0.13405890065957154,0.18041889221405025,10.45659425144658,1.0,
3434,P19973_S180___2,,0.3354101966249687,0.34376656233437664,0.8386535601185869,ACOS,24.0,14.0,6.0,14.0,6.0,24.0,0.33,,0.03498372787327912,0.08730403942892999,2.7287307741157716,1.0,
3435,P19973_S184___2,,0.3354101966249687,0.34376656233437664,0.8386535601185869,ACOS,24.0,14.0,6.0,14.0,6.0,24.0,0.33,,0.03498372787327912,0.08730403942892999,2.7287307741157716,1.0,
3436,P23188_S772___2,,0.2795084971874739,0.5000149998500015,0.9204821588147755,ACOS,24.0,4.0,2.0,4.0,2.0,24.0,0.08,,0.06550881647134288,0.1205957757767903,5.1096876847647446,1.0,
3437,P23188_S774___2,,0.2795084971874739,0.5000149998500015,0.9204821588147755,ACOS,24.0,4.0,2.0,4.0,2.0,24.0,0.08,,0.06550881647134288,0.1205957757767903,5.1096876847647446,1.0,
3438,P24788_S578___2,,0.13043729868748782,0.9062609373906261,0.9836522870292533,ACOS,24.0,20.0,6.0,20.0,6.0,24.0,0.58,,0.24049416858204564,0.26103148572645835,18.75854514939956,1.0,
3439,P24788_S741___2,,0.26087459737497565,0.5625143748562514,0.9536205028159013,ACOS,24.0,16.0,8.0,16.0,8.0,24.0,0.33,,0.07935437224874475,0.1345280400768894,6.189641035402091,1.0,
3440,P26231_S641___2,,0.37267799624996517,0.25001749982500177,0.783497463386022,ACOS,24.0,14.0,16.0,14.0,16.0,24.0,0.92,,0.02203270318362918,0.06904543509151728,1.718550848323076,1.0,
3441,P26231_S652___2,,0.6149186938124426,0.007829921700782993,0.17567697562460996,ACOS,24.0,4.0,20.0,4.0,20.0,24.0,0.33,,4.465174392780171E-4,0.010018341982674385,0.03482836026368533,0.7814306746486018,
3442,P26231_S655___2,,0.24224069756247738,0.6250137498625014,0.9735791103627425,ACOS,24.0,14.0,14.0,14.0,14.0,24.0,0.0,,0.0953088004769263,0.14846178535828905,7.434086437200252,1.0,
3443,P29699_S309___2,,0.26087459737497565,0.5625143748562514,0.9536205028159013,ACOS,24.0,4.0,0.0,4.0,0.0,24.0,0.17,,0.07935437224874475,0.1345280400768894,6.189641035402091,1.0,
3444,P29699_S312___2,,0.3167762968124704,0.37501624983750165,0.8386535601185869,ACOS,24.0,14.0,18.0,14.0,18.0,24.0,0.83,,0.04349923101882863,0.097277877884409,3.392940019468633,1.0,
3445,P29699_S314___2,,0.2795084971874739,0.5000149998500015,0.9204821588147755,COS,24.0,14.0,2.0,14.0,2.0,24.0,0.5,,0.06550881647134288,0.1205957757767903,5.1096876847647446,1.0,
3446,P30204_S22___2,,0.20497289793748086,0.7500124998750013,0.9836522870292533,COS,24.0,20.0,8.0,20.0,8.0,24.0,0.5,,0.13405890065957154,0.18041889221405025,10.45659425144658,1.0,
3447,P30204_S25___2,,0.20497289793748086,0.7500124998750013,0.9836522870292533,COS,24.0,20.0,8.0,20.0,8.0,24.0,0.5,,0.13405890065957154,0.18041889221405025,10.45659425144658,1.0,
3448,P30999_S920___2,,0.3354101966249687,0.34376656233437664,0.8386535601185869,ACOS,24.0,10.0,2.0,10.0,2.0,24.0,0.33,,0.03498372787327912,0.08730403942892999,2.7287307741157716,1.0,
3449,P30999_S346___2,,0.4472135954999582,0.12501874981250188,0.6403693519334903,ACOS,24.0,10.0,8.0,10.0,8.0,24.0,0.08,,0.007842546279573382,0.04017098464103022,0.6117186098067239,1.0,
3450,P30999_S349___2,,0.37267799624996517,0.25001749982500177,0.783497463386022,ACOS,24.0,16.0,8.0,16.0,8.0,24.0,0.33,,0.02203270318362918,0.06904543509151728,1.718550848323076,1.0,
3451,P30999_S352___2,,0.4472135954999582,0.12501874981250188,0.6403693519334903,ACOS,24.0,16.0,8.0,16.0,8.0,24.0,0.33,,0.007842546279573382,0.04017098464103022,0.6117186098067239,1.0,
3452,P31001_S28___2,,0.24224069756247738,0.6250137498625014,0.9735791103627425,ACOS,24.0,16.0,16.0,16.0,16.0,24.0,0.0,,0.0953088004769263,0.14846178535828905,7.434086437200252,1.0,
3453,P31001_S32___2,,0.20497289793748086,0.7500124998750013,0.9836522870292533,ACOS,24.0,16.0,16.0,16.0,16.0,24.0,0.0,,0.13405890065957154,0.18041889221405025,10.45659425144658,1.0,
3454,P31324_S83___2,,0.4099457958749617,0.18751812481875182,0.7309536040039274,ACOS,24.0,14.0,6.0,14.0,6.0,24.0,0.33,,0.013386385243419103,0.05218069745375196,1.04413804898669,1.0,
3455,P31324_S85___2,,0.4099457958749617,0.18751812481875182,0.7309536040039274,ACOS,24.0,14.0,6.0,14.0,6.0,24.0,0.33,,0.013386385243419103,0.05218069745375196,1.04413804898669,1.0,
3456,P31750_S129___2,,0.29814239699997214,0.43751562484375156,0.8852189547537208,ACOS,24.0,8.0,8.0,8.0,8.0,24.0,0.0,,0.05361444160464873,0.10847731432202215,4.181926445162601,1.0,
3457,P35486_S293___2,,0.577650894187446,0.015639843601563983,0.22997788483653625,ACOS,24.0,2.0,18.0,2.0,18.0,24.0,0.33,,9.015710203196908E-4,0.013257255095716316,0.07032253958493588,1.0,
3458,P35486_S300___2,,0.577650894187446,0.015639843601563983,0.22997788483653625,ACOS,24.0,2.0,18.0,2.0,18.0,24.0,0.33,,9.015710203196908E-4,0.013257255095716316,0.07032253958493588,1.0,
3459,P35492_S631___2,,0.48448139512495475,0.07814921850781492,0.5245437011922015,ACOS,24.0,20.0,4.0,20.0,4.0,24.0,0.67,,0.004428713520216645,0.029725873473476612,0.3454396545768983,1.0,
3460,P35492_S635___2,,0.48448139512495475,0.07814921850781492,0.5245437011922015,ACOS,24.0,20.0,4.0,20.0,4.0,24.0,0.67,,0.004428713520216645,0.029725873473476612,0.3454396545768983,1.0,
3461,P35564_S553___2,,0.3913118960624634,0.21876781232187678,0.7543227814475101,COS,24.0,20.0,8.0,20.0,8.0,24.0,0.5,,0.017251591034782986,0.059484382074478995,1.345624100713073,1.0,
3462,P35564_S563___2,,0.3913118960624634,0.21876781232187678,0.7543227814475101,COS,24.0,20.0,8.0,20.0,8.0,24.0,0.5,,0.017251591034782986,0.059484382074478995,1.345624100713073,1.0,
3463,P35831_S603___2,,0.29814239699997214,0.43751562484375156,0.8852189547537208,ACOS,24.0,10.0,4.0,10.0,4.0,24.0,0.25,,0.05361444160464873,0.10847731432202215,4.181926445162601,1.0,
3464,P35831_S606___2,,0.2795084971874739,0.5000149998500015,0.9204821588147755,COS,24.0,14.0,2.0,14.0,2.0,24.0,0.5,,0.06550881647134288,0.1205957757767903,5.1096876847647446,1.0,
3465,P35918_S1233___2,,0.11180339887498955,0.937510624893751,0.9899167645530791,ACOS,24.0,4.0,2.0,4.0,2.0,24.0,0.08,,0.2729083801775865,0.2881637536165899,21.286853653851747,1.0,
3466,P38532_S303___2,,0.16770509831248434,0.8437615623843762,0.9836522870292533,ACOS,24.0,14.0,4.0,14.0,4.0,24.0,0.42,,0.1824518756760124,0.21722409413444527,14.231246302728968,1.0,
3467,P38532_S307___2,,0.16770509831248434,0.8437615623843762,0.9836522870292533,ACOS,24.0,14.0,4.0,14.0,4.0,24.0,0.42,,0.1824518756760124,0.21722409413444527,14.231246302728968,1.0,
3468,P39447_S125___2,,0.24224069756247738,0.6250137498625014,0.9735791103627425,ACOS,24.0,2.0,2.0,2.0,2.0,24.0,0.0,,0.0953088004769263,0.14846178535828905,7.434086437200252,1.0,
3469,P39447_S131___2,,0.24224069756247738,0.6250137498625014,0.9735791103627425,ACOS,24.0,2.0,2.0,2.0,2.0,24.0,0.0,,0.0953088004769263,0.14846178535828905,7.434086437200252,1.0,
3470,P42128_S402___2,,0.24224069756247738,0.6250137498625014,0.9735791103627425,ACOS,24.0,8.0,16.0,8.0,16.0,24.0,0.67,,0.0953088004769263,0.14846178535828905,7.434086437200252,1.0,
3471,P42128_S406___2,,0.26087459737497565,0.5625143748562514,0.9536205028159013,ACOS,24.0,16.0,8.0,16.0,8.0,24.0,0.33,,0.07935437224874475,0.1345280400768894,6.189641035402091,1.0,
3472,P42128_S414___2,,0.37267799624996517,0.25001749982500177,0.783497463386022,ACOS,24.0,16.0,8.0,16.0,8.0,24.0,0.33,,0.02203270318362918,0.06904543509151728,1.718550848323076,1.0,
3473,P42128_S229___2,,0.46584749531245645,0.0937690623093769,0.5471579350140564,ACOS,24.0,14.0,4.0,14.0,4.0,24.0,0.42,,0.005920711107451196,0.03454832525336907,0.4618154663811933,1.0,
3474,P42859_S398___2,,0.09316949906249129,0.968760312396876,0.9974177898103224,ACOS,24.0,22.0,22.0,22.0,22.0,24.0,0.0,,0.30735312441432305,0.3173127201503672,23.973543704317198,1.0,
3475,P42859_S411___2,,0.09316949906249129,0.968760312396876,0.9974177898103224,ACOS,24.0,22.0,22.0,22.0,22.0,24.0,0.0,,0.30735312441432305,0.3173127201503672,23.973543704317198,1.0,
3476,P48437_S291___2,,0.26087459737497565,0.5625143748562514,0.9536205028159013,ACOS,24.0,20.0,14.0,20.0,14.0,24.0,0.25,,0.07935437224874475,0.1345280400768894,6.189641035402091,1.0,
3477,P48437_S295___2,,0.26087459737497565,0.5625143748562514,0.9536205028159013,ACOS,24.0,20.0,14.0,20.0,14.0,24.0,0.25,,0.07935437224874475,0.1345280400768894,6.189641035402091,1.0,
3478,P48437_S177___2,,0.46584749531245645,0.0937690623093769,0.5471579350140564,ACOS,24.0,8.0,16.0,8.0,16.0,24.0,0.67,,0.005920711107451196,0.03454832525336907,0.4618154663811933,1.0,
3479,P48437_S179___2,,0.46584749531245645,0.0937690623093769,0.5471579350140564,ACOS,24.0,8.0,16.0,8.0,16.0,24.0,0.67,,0.005920711107451196,0.03454832525336907,0.4618154663811933,1.0,
3480,P48678_S390___2,,0.4099457958749617,0.18751812481875182,0.7309536040039274,ACOS,24.0,20.0,4.0,20.0,4.0,24.0,0.67,,0.013386385243419103,0.05218069745375196,1.04413804898669,1.0,
3481,P48678_S392___2,,0.503115294937453,0.06251937480625194,0.49060770476039084,ACOS,24.0,20.0,4.0,20.0,4.0,24.0,0.67,,0.0032820864904672107,0.025755486597607225,0.2560027462564424,1.0,
3482,P49138_S3___2,,0.37267799624996517,0.25001749982500177,0.783497463386022,ACOS,24.0,14.0,4.0,14.0,4.0,24.0,0.42,,0.02203270318362918,0.06904543509151728,1.718550848323076,1.0,
3483,P49138_S5___2,,0.37267799624996517,0.25001749982500177,0.783497463386022,ACOS,24.0,14.0,4.0,14.0,4.0,24.0,0.42,,0.02203270318362918,0.06904543509151728,1.718550848323076,1.0,
3484,P49138_S16___2,,0.26087459737497565,0.5625143748562514,0.9536205028159013,ACOS,24.0,14.0,4.0,14.0,4.0,24.0,0.42,,0.07935437224874475,0.1345280400768894,6.189641035402091,1.0,
3485,P49586_S319___2,,0.5403830945624495,0.031269687303126965,0.31931161457616186,ACOS,24.0,20.0,10.0,20.0,10.0,24.0,0.42,,0.0017528052122483628,0.01789883784045924,0.1367188065553723,1.0,
3486,P49586_S343___2,,0.2795084971874739,0.5000149998500015,0.9204821588147755,ACOS,24.0,22.0,16.0,22.0,16.0,24.0,0.25,,0.06550881647134288,0.1205957757767903,5.1096876847647446,1.0,
3487,P49586_S347___2,,0.2795084971874739,0.5000149998500015,0.9204821588147755,ACOS,24.0,22.0,16.0,22.0,16.0,24.0,0.25,,0.06550881647134288,0.1205957757767903,5.1096876847647446,1.0,
3488,P49698_S436___2,,0.5962847939999443,0.011739882601173987,0.2093466378769048,ACOS,24.0,4.0,20.0,4.0,20.0,24.0,0.33,,6.374983385533969E-4,0.011367927462487626,0.04972487040716496,0.8866983420740349,
3489,P51612_S875___2,,0.26087459737497565,0.5625143748562514,0.9536205028159013,ACOS,24.0,8.0,8.0,8.0,8.0,24.0,0.0,,0.07935437224874475,0.1345280400768894,6.189641035402091,1.0,
3490,P51612_S876___2,,0.26087459737497565,0.5625143748562514,0.9536205028159013,ACOS,24.0,8.0,8.0,8.0,8.0,24.0,0.0,,0.07935437224874475,0.1345280400768894,6.189641035402091,1.0,
3491,P51859_S132___2,,0.2795084971874739,0.5000149998500015,0.9204821588147755,COS,24.0,14.0,2.0,14.0,2.0,24.0,0.5,,0.06550881647134288,0.1205957757767903,5.1096876847647446,1.0,
3492,P51859_S133___2,,0.2795084971874739,0.5000149998500015,0.9204821588147755,COS,24.0,14.0,2.0,14.0,2.0,24.0,0.5,,0.06550881647134288,0.1205957757767903,5.1096876847647446,1.0,
3493,P52479_S208___2,,0.5403830945624495,0.031269687303126965,0.31931161457616186,COS,24.0,8.0,20.0,8.0,20.0,24.0,0.5,,0.0017528052122483628,0.01789883784045924,0.1367188065553723,1.0,
3494,P52479_S217___2,,0.42857969568745996,0.15626843731562684,0.6959989393582299,ACOS,24.0,8.0,18.0,8.0,18.0,24.0,0.58,,0.010293111274975088,0.04584415543625904,0.8028626794480569,1.0,
3495,P52479_S223___2,,0.5590169943749478,0.023459765402345976,0.28673713262867373,COS,24.0,8.0,20.0,8.0,20.0,24.0,0.5,,0.0012630300532244254,0.015437392901175266,0.09851634415150518,1.0,
3496,P53986_S220___2,,0.13043729868748782,0.9062609373906261,0.9836522870292533,ACOS,24.0,16.0,16.0,16.0,16.0,24.0,0.0,,0.24049416858204564,0.26103148572645835,18.75854514939956,1.0,
3497,P54103_S60___2,,0.13043729868748782,0.9062609373906261,0.9836522870292533,COS,24.0,20.0,8.0,20.0,8.0,24.0,0.5,,0.24049416858204564,0.26103148572645835,18.75854514939956,1.0,
3498,P54103_S63___2,,0.13043729868748782,0.9062609373906261,0.9836522870292533,COS,24.0,20.0,8.0,20.0,8.0,24.0,0.5,,0.24049416858204564,0.26103148572645835,18.75854514939956,1.0,
3499,P58468_S76___2,,0.3167762968124704,0.37501624983750165,0.8386535601185869,ACOS,24.0,4.0,0.0,4.0,0.0,24.0,0.17,,0.04349923101882863,0.097277877884409,3.392940019468633,1.0,
3500,P58468_S79___2,,0.3167762968124704,0.37501624983750165,0.8386535601185869,ACOS,24.0,4.0,0.0,4.0,0.0,24.0,0.17,,0.04349923101882863,0.097277877884409,3.392940019468633,1.0,
3501,P58501_S559___2,,0.4099457958749617,0.18751812481875182,0.7309536040039274,ACOS,24.0,22.0,22.0,22.0,22.0,24.0,0.0,,0.013386385243419103,0.05218069745375196,1.04413804898669,1.0,
3502,P58501_S560___2,,0.4099457958749617,0.18751812481875182,0.7309536040039274,ACOS,24.0,22.0,22.0,22.0,22.0,24.0,0.0,,0.013386385243419103,0.05218069745375196,1.04413804898669,1.0,
3503,P58735_S587___2,,0.2236067977499791,0.6875131248687513,0.9836522870292533,ACOS,24.0,8.0,8.0,8.0,8.0,24.0,0.0,,0.11350807917025535,0.16368591139247143,8.853630175279918,1.0,
3504,P58735_S590___2,,0.2236067977499791,0.6875131248687513,0.9836522870292533,ACOS,24.0,8.0,8.0,8.0,8.0,24.0,0.0,,0.11350807917025535,0.16368591139247143,8.853630175279918,1.0,
3505,P58871_S1611___2,,0.2236067977499791,0.6875131248687513,0.9836522870292533,ACOS,24.0,22.0,22.0,22.0,22.0,24.0,0.0,,0.11350807917025535,0.16368591139247143,8.853630175279918,1.0,
3506,P58871_S1612___2,,0.2236067977499791,0.6875131248687513,0.9836522870292533,ACOS,24.0,22.0,22.0,22.0,22.0,24.0,0.0,,0.11350807917025535,0.16368591139247143,8.853630175279918,1.0,
3507,P58871_S539___2,,0.3167762968124704,0.37501624983750165,0.8386535601185869,ACOS,24.0,4.0,14.0,4.0,14.0,24.0,0.58,,0.04349923101882863,0.097277877884409,3.392940019468633,1.0,
3508,P58871_S496___2,,0.14907119849998607,0.8750112498875011,0.9836522870292533,ACOS,24.0,2.0,2.0,2.0,2.0,24.0,0.0,,0.21029812498078254,0.23917533062426458,16.403253748501037,1.0,
3509,P58871_S500___2,,0.14907119849998607,0.8750112498875011,0.9836522870292533,ACOS,24.0,2.0,2.0,2.0,2.0,24.0,0.0,,0.21029812498078254,0.23917533062426458,16.403253748501037,1.0,
3510,P58871_S887___2,,0.3913118960624634,0.21876781232187678,0.7543227814475101,ACOS,24.0,4.0,14.0,4.0,14.0,24.0,0.58,,0.017251591034782986,0.059484382074478995,1.345624100713073,1.0,
3511,P58871_S1373___2,,0.09316949906249129,0.968760312396876,0.9974177898103224,ACOS,24.0,4.0,4.0,4.0,4.0,24.0,0.0,,0.30735312441432305,0.3173127201503672,23.973543704317198,1.0,
3512,P58871_S1375___2,,0.09316949906249129,0.968760312396876,0.9974177898103224,ACOS,24.0,4.0,4.0,4.0,4.0,24.0,0.0,,0.30735312441432305,0.3173127201503672,23.973543704317198,1.0,
3513,P59017_S343___2,,0.7453559924999303,2.599974000259997E-4,0.06212637873621263,ACOS,24.0,8.0,16.0,8.0,16.0,24.0,0.67,,2.825417584497489E-5,0.005835764267952787,0.0022038257159080416,0.45518961290031734,
3514,P59017_S347___2,,0.6335525936249408,0.005879941200587994,0.1643288830269592,ACOS,24.0,8.0,16.0,8.0,16.0,24.0,0.67,,3.0978912629739484E-4,0.008657790845469297,0.0241635518511968,0.6753076859466053,
3515,P59325_S387___2,,0.07453559924999303,0.984390156098439,0.9974177898103224,ACOS,24.0,2.0,10.0,2.0,10.0,24.0,0.67,,0.34358681309626693,0.3483244335568646,26.799771421508822,1.0,
3516,P59325_S388___2,,0.07453559924999303,0.984390156098439,0.9974177898103224,ACOS,24.0,2.0,10.0,2.0,10.0,24.0,0.67,,0.34358681309626693,0.3483244335568646,26.799771421508822,1.0,
3517,P62046_S518___2,,0.3167762968124704,0.37501624983750165,0.8386535601185869,ACOS,24.0,2.0,2.0,2.0,2.0,24.0,0.0,,0.04349923101882863,0.097277877884409,3.392940019468633,1.0,
3518,P62046_S522___2,,0.2795084971874739,0.5000149998500015,0.9204821588147755,ACOS,24.0,20.0,4.0,20.0,4.0,24.0,0.67,,0.06550881647134288,0.1205957757767903,5.1096876847647446,1.0,
3519,P62754_S236___2,,0.29814239699997214,0.43751562484375156,0.8852189547537208,ACOS,24.0,22.0,16.0,22.0,16.0,24.0,0.25,,0.05361444160464873,0.10847731432202215,4.181926445162601,1.0,
3520,P62960_S172___2,,0.3167762968124704,0.37501624983750165,0.8386535601185869,ACOS,24.0,12.0,20.0,12.0,20.0,24.0,0.67,,0.04349923101882863,0.097277877884409,3.392940019468633,1.0,
3521,P62960_S163___2,,0.3167762968124704,0.37501624983750165,0.8386535601185869,ACOS,24.0,12.0,20.0,12.0,20.0,24.0,0.67,,0.04349923101882863,0.097277877884409,3.392940019468633,1.0,
3522,P70255_S324___2,,0.3354101966249687,0.34376656233437664,0.8386535601185869,ACOS,24.0,16.0,8.0,16.0,8.0,24.0,0.33,,0.03498372787327912,0.08730403942892999,2.7287307741157716,1.0,
3523,P70255_S328___2,,0.24224069756247738,0.6250137498625014,0.9735791103627425,ACOS,24.0,16.0,8.0,16.0,8.0,24.0,0.33,,0.0953088004769263,0.14846178535828905,7.434086437200252,1.0,
3524,P70255_S330___2,,0.20497289793748086,0.7500124998750013,0.9836522870292533,ACOS,24.0,14.0,14.0,14.0,14.0,24.0,0.0,,0.13405890065957154,0.18041889221405025,10.45659425144658,1.0,
3525,P70255_S334___2,,0.3354101966249687,0.34376656233437664,0.8386535601185869,ACOS,24.0,4.0,20.0,4.0,20.0,24.0,0.33,,0.03498372787327912,0.08730403942892999,2.7287307741157716,1.0,
3526,P70255_S275___2,,0.3167762968124704,0.37501624983750165,0.8386535601185869,ACOS,24.0,14.0,20.0,14.0,20.0,24.0,0.75,,0.04349923101882863,0.097277877884409,3.392940019468633,1.0,
3527,P70255_S285___2,,0.5962847939999443,0.011739882601173987,0.2093466378769048,ACOS,24.0,16.0,8.0,16.0,8.0,24.0,0.33,,6.374983385533969E-4,0.011367927462487626,0.04972487040716496,0.8866983420740349,
3528,P70255_S296___2,,0.5403830945624495,0.031269687303126965,0.31931161457616186,ACOS,24.0,14.0,14.0,14.0,14.0,24.0,0.0,,0.0017528052122483628,0.01789883784045924,0.1367188065553723,1.0,
3529,P70302_S567___2,,0.5217491947499513,0.04689953100468995,0.4127676955274646,COS,24.0,8.0,20.0,8.0,20.0,24.0,0.5,,0.0024097615294134673,0.021208564178760516,0.18796139929425046,1.0,
3530,P70302_S575___2,,0.5217491947499513,0.04689953100468995,0.4127676955274646,COS,24.0,8.0,20.0,8.0,20.0,24.0,0.5,,0.0024097615294134673,0.021208564178760516,0.18796139929425046,1.0,
3531,P70302_S512___2,,0.2795084971874739,0.5000149998500015,0.9204821588147755,ACOS,24.0,14.0,14.0,14.0,14.0,24.0,0.0,,0.06550881647134288,0.1205957757767903,5.1096876847647446,1.0,
3532,P70335_S1102___2,,0.09316949906249129,0.968760312396876,0.9974177898103224,ACOS,24.0,14.0,14.0,14.0,14.0,24.0,0.0,,0.30735312441432305,0.3173127201503672,23.973543704317198,1.0,
3533,P70335_S1105___2,,0.09316949906249129,0.968760312396876,0.9974177898103224,ACOS,24.0,14.0,16.0,14.0,16.0,24.0,0.92,,0.30735312441432305,0.3173127201503672,23.973543704317198,1.0,
3534,P70398_S1593___2,,0.01863389981249826,0.999530004699953,0.9997391989244612,ACOS,24.0,16.0,16.0,16.0,16.0,24.0,0.0,,0.4599048616735564,0.460001116353689,35.872579210537396,1.0,
3535,P70398_S1600___2,,0.01863389981249826,0.999530004699953,0.9997391989244612,ACOS,24.0,16.0,16.0,16.0,16.0,24.0,0.0,,0.4599048616735564,0.460001116353689,35.872579210537396,1.0,
3536,P70441_S275___2,,0.577650894187446,0.015639843601563983,0.22997788483653625,ACOS,24.0,14.0,20.0,14.0,20.0,24.0,0.75,,9.015710203196908E-4,0.013257255095716316,0.07032253958493588,1.0,
3537,P70441_S285___2,,0.4099457958749617,0.18751812481875182,0.7309536040039274,ACOS,24.0,12.0,20.0,12.0,20.0,24.0,0.67,,0.013386385243419103,0.05218069745375196,1.04413804898669,1.0,
3538,P70441_S286___2,,0.3540440964374669,0.3125168748312517,0.8386535601185869,ACOS,24.0,10.0,2.0,10.0,2.0,24.0,0.33,,0.027887169552556004,0.07848809381134579,2.175199225099368,1.0,
3539,P70441_S297___2,,0.42857969568745996,0.15626843731562684,0.6959989393582299,ACOS,24.0,10.0,4.0,10.0,4.0,24.0,0.25,,0.010293111274975088,0.04584415543625904,0.8028626794480569,1.0,
3540,P70445_S65___2,,0.4099457958749617,0.18751812481875182,0.7309536040039274,ACOS,24.0,14.0,4.0,14.0,4.0,24.0,0.42,,0.013386385243419103,0.05218069745375196,1.04413804898669,1.0,
3541,P70459_S433___2,,0.18633899812498259,0.8125118748812512,0.9836522870292533,ACOS,24.0,20.0,4.0,20.0,4.0,24.0,0.67,,0.15703129585716225,0.19764355093531163,12.248441076858654,1.0,
3542,P70459_S446___2,,0.18633899812498259,0.8125118748812512,0.9836522870292533,ACOS,24.0,20.0,4.0,20.0,4.0,24.0,0.67,,0.15703129585716225,0.19764355093531163,12.248441076858654,1.0,
3543,P97366_S776___2,,0.29814239699997214,0.43751562484375156,0.8852189547537208,ACOS,24.0,14.0,4.0,14.0,4.0,24.0,0.42,,0.05361444160464873,0.10847731432202215,4.181926445162601,1.0,
3544,P97366_S778___2,,0.29814239699997214,0.43751562484375156,0.8852189547537208,ACOS,24.0,14.0,4.0,14.0,4.0,24.0,0.42,,0.05361444160464873,0.10847731432202215,4.181926445162601,1.0,
3545,P97434_S221___2,,0.20497289793748086,0.7500124998750013,0.9836522870292533,ACOS,24.0,4.0,20.0,4.0,20.0,24.0,0.33,,0.13405890065957154,0.18041889221405025,10.45659425144658,1.0,
3546,P97434_S225___2,,0.24224069756247738,0.6250137498625014,0.9735791103627425,ACOS,24.0,4.0,20.0,4.0,20.0,24.0,0.33,,0.0953088004769263,0.14846178535828905,7.434086437200252,1.0,
3547,P97452_S113___2,,0.16770509831248434,0.8437615623843762,0.9836522870292533,COS,24.0,20.0,8.0,20.0,8.0,24.0,0.5,,0.1824518756760124,0.21722409413444527,14.231246302728968,1.0,
3548,P97863_S264___2,,0.3354101966249687,0.34376656233437664,0.8386535601185869,ACOS,24.0,8.0,10.0,8.0,10.0,24.0,0.92,,0.03498372787327912,0.08730403942892999,2.7287307741157716,1.0,
3549,P97863_S265___2,,0.3354101966249687,0.34376656233437664,0.8386535601185869,ACOS,24.0,8.0,10.0,8.0,10.0,24.0,0.92,,0.03498372787327912,0.08730403942892999,2.7287307741157716,1.0,
3550,P97863_S284___2,,0.055901699437494776,0.99220007799922,0.9974177898103224,ACOS,24.0,16.0,16.0,16.0,16.0,24.0,0.0,,0.3813183256938952,0.38332357561866326,29.742829404123825,1.0,
3551,P97863_S292___2,,0.09316949906249129,0.968760312396876,0.9974177898103224,ACOS,24.0,16.0,16.0,16.0,16.0,24.0,0.0,,0.30735312441432305,0.3173127201503672,23.973543704317198,1.0,
3552,P97863_S295___2,,0.16770509831248434,0.8437615623843762,0.9836522870292533,ACOS,24.0,10.0,2.0,10.0,2.0,24.0,0.33,,0.1824518756760124,0.21722409413444527,14.231246302728968,1.0,
3553,P98203_S334___2,,0.24224069756247738,0.6250137498625014,0.9735791103627425,ACOS,24.0,22.0,22.0,22.0,22.0,24.0,0.0,,0.0953088004769263,0.14846178535828905,7.434086437200252,1.0,
3554,P98203_S337___2,,0.24224069756247738,0.6250137498625014,0.9735791103627425,ACOS,24.0,10.0,4.0,10.0,4.0,24.0,0.25,,0.0953088004769263,0.14846178535828905,7.434086437200252,1.0,
3555,P99027_S102___2,,0.11180339887498955,0.937510624893751,0.9899167645530791,ACOS,24.0,8.0,8.0,8.0,8.0,24.0,0.0,,0.2729083801775865,0.2881637536165899,21.286853653851747,1.0,
3556,P99027_S105___2,,0.11180339887498955,0.937510624893751,0.9899167645530791,ACOS,24.0,8.0,8.0,8.0,8.0,24.0,0.0,,0.2729083801775865,0.2881637536165899,21.286853653851747,1.0,
3557,Q00PI9_S159___2,,0.2236067977499791,0.6875131248687513,0.9836522870292533,ACOS,24.0,20.0,6.0,20.0,6.0,24.0,0.58,,0.11350807917025535,0.16368591139247143,8.853630175279918,1.0,
3558,Q00PI9_S166___2,,0.20497289793748086,0.7500124998750013,0.9836522870292533,ACOS,24.0,16.0,8.0,16.0,8.0,24.0,0.33,,0.13405890065957154,0.18041889221405025,10.45659425144658,1.0,
3559,Q01279_S1041___2,,0.5403830945624495,0.031269687303126965,0.31931161457616186,ACOS,24.0,14.0,16.0,14.0,16.0,24.0,0.92,,0.0017528052122483628,0.01789883784045924,0.1367188065553723,1.0,
3560,Q01279_S1044___2,,0.46584749531245645,0.0937690623093769,0.5471579350140564,COS,24.0,8.0,20.0,8.0,20.0,24.0,0.5,,0.005920711107451196,0.03454832525336907,0.4618154663811933,1.0,
3561,Q01279_S1047___2,,0.3540440964374669,0.3125168748312517,0.8386535601185869,ACOS,24.0,14.0,16.0,14.0,16.0,24.0,0.92,,0.027887169552556004,0.07848809381134579,2.175199225099368,1.0,
3562,Q02257_S665___2,,0.24224069756247738,0.6250137498625014,0.9735791103627425,COS,24.0,14.0,2.0,14.0,2.0,24.0,0.5,,0.0953088004769263,0.14846178535828905,7.434086437200252,1.0,
3563,Q02257_S671___2,,0.24224069756247738,0.6250137498625014,0.9735791103627425,COS,24.0,14.0,2.0,14.0,2.0,24.0,0.5,,0.0953088004769263,0.14846178535828905,7.434086437200252,1.0,
3564,Q02780_S272___2,,0.4472135954999582,0.12501874981250188,0.6403693519334903,ACOS,24.0,4.0,0.0,4.0,0.0,24.0,0.17,,0.007842546279573382,0.04017098464103022,0.6117186098067239,1.0,
3565,Q02780_S279___2,,0.4472135954999582,0.12501874981250188,0.6403693519334903,ACOS,24.0,4.0,0.0,4.0,0.0,24.0,0.17,,0.007842546279573382,0.04017098464103022,0.6117186098067239,1.0,
3566,Q03141_S543___2,,0.24224069756247738,0.6250137498625014,0.9735791103627425,ACOS,24.0,14.0,14.0,14.0,14.0,24.0,0.0,,0.0953088004769263,0.14846178535828905,7.434086437200252,1.0,
3567,Q05D44_S137___2,,0.3913118960624634,0.21876781232187678,0.7543227814475101,ACOS,24.0,20.0,4.0,20.0,4.0,24.0,0.67,,0.017251591034782986,0.059484382074478995,1.345624100713073,1.0,
3568,Q05D44_S139___2,,0.3913118960624634,0.21876781232187678,0.7543227814475101,ACOS,24.0,20.0,4.0,20.0,4.0,24.0,0.67,,0.017251591034782986,0.059484382074478995,1.345624100713073,1.0,
3569,Q05D44_S114___2,,0.5217491947499513,0.04689953100468995,0.4127676955274646,COS,24.0,20.0,8.0,20.0,8.0,24.0,0.5,,0.0024097615294134673,0.021208564178760516,0.18796139929425046,1.0,
3570,Q07113_S2471___2,,0.2236067977499791,0.6875131248687513,0.9836522870292533,ACOS,24.0,14.0,14.0,14.0,14.0,24.0,0.0,,0.11350807917025535,0.16368591139247143,8.853630175279918,1.0,
3571,Q07113_S2476___2,,0.2236067977499791,0.6875131248687513,0.9836522870292533,ACOS,24.0,14.0,14.0,14.0,14.0,24.0,0.0,,0.11350807917025535,0.16368591139247143,8.853630175279918,1.0,
3572,Q0P678_S45___2,,0.3913118960624634,0.21876781232187678,0.7543227814475101,ACOS,24.0,10.0,2.0,10.0,2.0,24.0,0.33,,0.017251591034782986,0.059484382074478995,1.345624100713073,1.0,
3573,Q0P678_S114___2,,0.26087459737497565,0.5625143748562514,0.9536205028159013,ACOS,24.0,12.0,20.0,12.0,20.0,24.0,0.67,,0.07935437224874475,0.1345280400768894,6.189641035402091,1.0,
3574,Q0P678_S33___2,,0.3913118960624634,0.21876781232187678,0.7543227814475101,ACOS,24.0,10.0,2.0,10.0,2.0,24.0,0.33,,0.017251591034782986,0.059484382074478995,1.345624100713073,1.0,
3575,Q0P678_S92___2,,0.16770509831248434,0.8437615623843762,0.9836522870292533,ACOS,24.0,12.0,20.0,12.0,20.0,24.0,0.67,,0.1824518756760124,0.21722409413444527,14.231246302728968,1.0,
3576,Q0P678_S106___2,,0.14907119849998607,0.8750112498875011,0.9836522870292533,ACOS,24.0,14.0,16.0,14.0,16.0,24.0,0.92,,0.21029812498078254,0.23917533062426458,16.403253748501037,1.0,
3577,Q148V7_S22___2,,0.20497289793748086,0.7500124998750013,0.9836522870292533,ACOS,24.0,14.0,14.0,14.0,14.0,24.0,0.0,,0.13405890065957154,0.18041889221405025,10.45659425144658,1.0,
3578,Q148V7_S193___2,,0.42857969568745996,0.15626843731562684,0.6959989393582299,ACOS,24.0,20.0,0.0,20.0,0.0,24.0,0.83,,0.010293111274975088,0.04584415543625904,0.8028626794480569,1.0,
3579,Q148V8_S1041___2,,0.48448139512495475,0.07814921850781492,0.5245437011922015,ACOS,24.0,4.0,0.0,4.0,0.0,24.0,0.17,,0.004428713520216645,0.029725873473476612,0.3454396545768983,1.0,
3580,Q148V8_S1035___2,,0.48448139512495475,0.07814921850781492,0.5245437011922015,ACOS,24.0,4.0,0.0,4.0,0.0,24.0,0.17,,0.004428713520216645,0.029725873473476612,0.3454396545768983,1.0,
3581,Q148V8_S937___2,,0.24224069756247738,0.6250137498625014,0.9735791103627425,ACOS,24.0,2.0,4.0,2.0,4.0,24.0,0.92,,0.0953088004769263,0.14846178535828905,7.434086437200252,1.0,
3582,Q148V8_S926___2,,0.29814239699997214,0.43751562484375156,0.8852189547537208,ACOS,24.0,2.0,10.0,2.0,10.0,24.0,0.67,,0.05361444160464873,0.10847731432202215,4.181926445162601,1.0,
3583,Q148V8_S835___2,,0.18633899812498259,0.8125118748812512,0.9836522870292533,ACOS,24.0,12.0,20.0,12.0,20.0,24.0,0.67,,0.15703129585716225,0.19764355093531163,12.248441076858654,1.0,
3584,Q148V8_S841___2,,0.18633899812498259,0.8125118748812512,0.9836522870292533,ACOS,24.0,12.0,20.0,12.0,20.0,24.0,0.67,,0.15703129585716225,0.19764355093531163,12.248441076858654,1.0,
3585,Q14AX6_S677___2,,0.3540440964374669,0.3125168748312517,0.8386535601185869,ACOS,24.0,10.0,2.0,10.0,2.0,24.0,0.33,,0.027887169552556004,0.07848809381134579,2.175199225099368,1.0,
3586,Q14AX6_S681___2,,0.3540440964374669,0.3125168748312517,0.8386535601185869,ACOS,24.0,10.0,2.0,10.0,2.0,24.0,0.33,,0.027887169552556004,0.07848809381134579,2.175199225099368,1.0,
3587,Q14AX6_S384___2,,0.3167762968124704,0.37501624983750165,0.8386535601185869,ACOS,24.0,10.0,2.0,10.0,2.0,24.0,0.33,,0.04349923101882863,0.097277877884409,3.392940019468633,1.0,
3588,Q91VK1_S412___2,,0.14907119849998607,0.8750112498875011,0.9836522870292533,ACOS,24.0,16.0,22.0,16.0,22.0,24.0,0.75,,0.21029812498078254,0.23917533062426458,16.403253748501037,1.0,
3589,Q3B7Z2_S188___2,,0.20497289793748086,0.7500124998750013,0.9836522870292533,ACOS,24.0,14.0,4.0,14.0,4.0,24.0,0.42,,0.13405890065957154,0.18041889221405025,10.45659425144658,1.0,
3590,Q3B7Z2_S191___2,,0.16770509831248434,0.8437615623843762,0.9836522870292533,ACOS,24.0,14.0,4.0,14.0,4.0,24.0,0.42,,0.1824518756760124,0.21722409413444527,14.231246302728968,1.0,
3591,Q3B7Z2_S196___2,,0.09316949906249129,0.968760312396876,0.9974177898103224,ACOS,24.0,8.0,8.0,8.0,8.0,24.0,0.0,,0.30735312441432305,0.3173127201503672,23.973543704317198,1.0,
3592,Q3B7Z2_S380___2,,0.4099457958749617,0.18751812481875182,0.7309536040039274,ACOS,24.0,16.0,8.0,16.0,8.0,24.0,0.33,,0.013386385243419103,0.05218069745375196,1.04413804898669,1.0,
3593,Q3T9X0_S510___2,,0.26087459737497565,0.5625143748562514,0.9536205028159013,ACOS,24.0,16.0,22.0,16.0,22.0,24.0,0.75,,0.07935437224874475,0.1345280400768894,6.189641035402091,1.0,
3594,Q3T9X0_S511___2,,0.18633899812498259,0.8125118748812512,0.9836522870292533,ACOS,24.0,16.0,16.0,16.0,16.0,24.0,0.0,,0.15703129585716225,0.19764355093531163,12.248441076858654,1.0,
3595,Q3TDQ1_S495___2,,0.16770509831248434,0.8437615623843762,0.9836522870292533,ACOS,24.0,20.0,12.0,20.0,12.0,24.0,0.33,,0.1824518756760124,0.21722409413444527,14.231246302728968,1.0,
3596,Q3TDQ1_S496___2,,0.16770509831248434,0.8437615623843762,0.9836522870292533,ACOS,24.0,20.0,12.0,20.0,12.0,24.0,0.33,,0.1824518756760124,0.21722409413444527,14.231246302728968,1.0,
3597,Q3THE2_S20___2,,0.42857969568745996,0.15626843731562684,0.6959989393582299,ACOS,24.0,4.0,20.0,4.0,20.0,24.0,0.33,,0.010293111274975088,0.04584415543625904,0.8028626794480569,1.0,
3598,Q3TLH4_S610___2,,0.503115294937453,0.06251937480625194,0.49060770476039084,ACOS,24.0,14.0,14.0,14.0,14.0,24.0,0.0,,0.0032820864904672107,0.025755486597607225,0.2560027462564424,1.0,
3599,Q3TLH4_S613___2,,0.6521864934374391,0.003919960800391996,0.13674082237279817,COS,24.0,8.0,20.0,8.0,20.0,24.0,0.5,,2.1288795232688796E-4,0.007426215504891954,0.01660526028149726,0.5792448093815723,
3600,Q3TLH4_S1219___2,,0.09316949906249129,0.968760312396876,0.9974177898103224,ACOS,24.0,22.0,16.0,22.0,16.0,24.0,0.25,,0.30735312441432305,0.3173127201503672,23.973543704317198,1.0,
3601,Q3TLH4_S1221___2,,0.11180339887498955,0.937510624893751,0.9899167645530791,ACOS,24.0,22.0,22.0,22.0,22.0,24.0,0.0,,0.2729083801775865,0.2881637536165899,21.286853653851747,1.0,
3602,Q3TLH4_S1222___2,,0.055901699437494776,0.99220007799922,0.9974177898103224,ACOS,24.0,20.0,12.0,20.0,12.0,24.0,0.33,,0.3813183256938952,0.38332357561866326,29.742829404123825,1.0,
3603,Q3TWW8_S314___2,,0.2795084971874739,0.5000149998500015,0.9204821588147755,ACOS,24.0,8.0,8.0,8.0,8.0,24.0,0.0,,0.06550881647134288,0.1205957757767903,5.1096876847647446,1.0,
3604,Q3TWW8_S316___2,,0.2795084971874739,0.5000149998500015,0.9204821588147755,ACOS,24.0,8.0,8.0,8.0,8.0,24.0,0.0,,0.06550881647134288,0.1205957757767903,5.1096876847647446,1.0,
3605,Q3TXS7_S315___2,,0.42857969568745996,0.15626843731562684,0.6959989393582299,ACOS,24.0,10.0,2.0,10.0,2.0,24.0,0.33,,0.010293111274975088,0.04584415543625904,0.8028626794480569,1.0,
3606,Q3TYA6_S136___2,,0.2795084971874739,0.5000149998500015,0.9204821588147755,ACOS,24.0,16.0,8.0,16.0,8.0,24.0,0.33,,0.06550881647134288,0.1205957757767903,5.1096876847647446,1.0,
3607,Q3TYA6_S138___2,,0.18633899812498259,0.8125118748812512,0.9836522870292533,ACOS,24.0,16.0,22.0,16.0,22.0,24.0,0.75,,0.15703129585716225,0.19764355093531163,12.248441076858654,1.0,
3608,Q3TZZ7_S679___2,,0.18633899812498259,0.8125118748812512,0.9836522870292533,ACOS,24.0,14.0,4.0,14.0,4.0,24.0,0.42,,0.15703129585716225,0.19764355093531163,12.248441076858654,1.0,
3609,Q3TZZ7_S682___2,,0.2236067977499791,0.6875131248687513,0.9836522870292533,ACOS,24.0,14.0,6.0,14.0,6.0,24.0,0.33,,0.11350807917025535,0.16368591139247143,8.853630175279918,1.0,
3610,Q3TZZ7_S685___2,,0.2795084971874739,0.5000149998500015,0.9204821588147755,ACOS,24.0,8.0,8.0,8.0,8.0,24.0,0.0,,0.06550881647134288,0.1205957757767903,5.1096876847647446,1.0,
3611,Q3U0S6_S41___2,,0.3167762968124704,0.37501624983750165,0.8386535601185869,ACOS,24.0,20.0,14.0,20.0,14.0,24.0,0.25,,0.04349923101882863,0.097277877884409,3.392940019468633,1.0,
3612,Q3U0S6_S44___2,,0.3167762968124704,0.37501624983750165,0.8386535601185869,ACOS,24.0,20.0,14.0,20.0,14.0,24.0,0.25,,0.04349923101882863,0.097277877884409,3.392940019468633,1.0,
3613,Q3U0S6_S325___2,,0.2795084971874739,0.5000149998500015,0.9204821588147755,ACOS,24.0,4.0,20.0,4.0,20.0,24.0,0.33,,0.06550881647134288,0.1205957757767903,5.1096876847647446,1.0,
3614,Q3U1J4_S766___2,,0.5962847939999443,0.011739882601173987,0.2093466378769048,ACOS,24.0,8.0,8.0,8.0,8.0,24.0,0.0,,6.374983385533969E-4,0.011367927462487626,0.04972487040716496,0.8866983420740349,
3615,Q3UBG2_S214___2,,0.5403830945624495,0.031269687303126965,0.31931161457616186,ACOS,24.0,12.0,20.0,12.0,20.0,24.0,0.67,,0.0017528052122483628,0.01789883784045924,0.1367188065553723,1.0,
3616,Q3UGC7_S14___2,,0.13043729868748782,0.9062609373906261,0.9836522870292533,ACOS,24.0,20.0,4.0,20.0,4.0,24.0,0.67,,0.24049416858204564,0.26103148572645835,18.75854514939956,1.0,
3617,Q3UGC7_S16___2,,0.13043729868748782,0.9062609373906261,0.9836522870292533,ACOS,24.0,20.0,4.0,20.0,4.0,24.0,0.67,,0.24049416858204564,0.26103148572645835,18.75854514939956,1.0,
3618,Q3UHJ0_S676___2,,0.503115294937453,0.06251937480625194,0.49060770476039084,ACOS,24.0,8.0,16.0,8.0,16.0,24.0,0.67,,0.0032820864904672107,0.025755486597607225,0.2560027462564424,1.0,
3619,Q3UHJ0_S622___2,,0.13043729868748782,0.9062609373906261,0.9836522870292533,ACOS,24.0,8.0,8.0,8.0,8.0,24.0,0.0,,0.24049416858204564,0.26103148572645835,18.75854514939956,1.0,
3620,Q3UHX0_S783___2,,0.14907119849998607,0.8750112498875011,0.9836522870292533,ACOS,24.0,4.0,20.0,4.0,20.0,24.0,0.33,,0.21029812498078254,0.23917533062426458,16.403253748501037,1.0,
3621,Q3UHX0_S787___2,,0.16770509831248434,0.8437615623843762,0.9836522870292533,ACOS,24.0,4.0,20.0,4.0,20.0,24.0,0.33,,0.1824518756760124,0.21722409413444527,14.231246302728968,1.0,
3622,Q3UHX0_S300___2,,0.20497289793748086,0.7500124998750013,0.9836522870292533,ACOS,24.0,4.0,20.0,4.0,20.0,24.0,0.33,,0.13405890065957154,0.18041889221405025,10.45659425144658,1.0,
3623,Q3UHX0_S306___2,,0.20497289793748086,0.7500124998750013,0.9836522870292533,ACOS,24.0,4.0,20.0,4.0,20.0,24.0,0.33,,0.13405890065957154,0.18041889221405025,10.45659425144658,1.0,
3624,Q3UHX2_S60___2,,0.3167762968124704,0.37501624983750165,0.8386535601185869,ACOS,24.0,16.0,16.0,16.0,16.0,24.0,0.0,,0.04349923101882863,0.097277877884409,3.392940019468633,1.0,
3625,Q3UHX2_S63___2,,0.37267799624996517,0.25001749982500177,0.783497463386022,ACOS,24.0,12.0,18.0,12.0,18.0,24.0,0.75,,0.02203270318362918,0.06904543509151728,1.718550848323076,1.0,
3626,Q3UHX9_S361___2,,0.46584749531245645,0.0937690623093769,0.5471579350140564,ACOS,24.0,8.0,16.0,8.0,16.0,24.0,0.67,,0.005920711107451196,0.03454832525336907,0.4618154663811933,1.0,
3627,Q3UHX9_S374___2,,0.2236067977499791,0.6875131248687513,0.9836522870292533,ACOS,24.0,20.0,10.0,20.0,10.0,24.0,0.42,,0.11350807917025535,0.16368591139247143,8.853630175279918,1.0,
3628,Q3UHX9_S378___2,,0.3540440964374669,0.3125168748312517,0.8386535601185869,ACOS,24.0,16.0,16.0,16.0,16.0,24.0,0.0,,0.027887169552556004,0.07848809381134579,2.175199225099368,1.0,
3629,Q3UIL6_S533___2,,0.07453559924999303,0.984390156098439,0.9974177898103224,ACOS,24.0,22.0,22.0,22.0,22.0,24.0,0.0,,0.34358681309626693,0.3483244335568646,26.799771421508822,1.0,
3630,Q3UIL6_S542___2,,0.09316949906249129,0.968760312396876,0.9974177898103224,ACOS,24.0,4.0,20.0,4.0,20.0,24.0,0.33,,0.30735312441432305,0.3173127201503672,23.973543704317198,1.0,
3631,Q3UIL6_S900___2,,0.11180339887498955,0.937510624893751,0.9899167645530791,ACOS,24.0,22.0,16.0,22.0,16.0,24.0,0.25,,0.2729083801775865,0.2881637536165899,21.286853653851747,1.0,
3632,Q3UIL6_S904___2,,0.11180339887498955,0.937510624893751,0.9899167645530791,ACOS,24.0,22.0,16.0,22.0,16.0,24.0,0.25,,0.2729083801775865,0.2881637536165899,21.286853653851747,1.0,
3633,Q3UIR3_S9___2,,0.42857969568745996,0.15626843731562684,0.6959989393582299,ACOS,24.0,10.0,2.0,10.0,2.0,24.0,0.33,,0.010293111274975088,0.04584415543625904,0.8028626794480569,1.0,
3634,Q3UJB9_S727___2,,0.29814239699997214,0.43751562484375156,0.8852189547537208,ACOS,24.0,8.0,8.0,8.0,8.0,24.0,0.0,,0.05361444160464873,0.10847731432202215,4.181926445162601,1.0,
3635,Q3UJU9_S46___2,,0.16770509831248434,0.8437615623843762,0.9836522870292533,ACOS,24.0,4.0,2.0,4.0,2.0,24.0,0.08,,0.1824518756760124,0.21722409413444527,14.231246302728968,1.0,
3636,Q3UJU9_S50___2,,0.13043729868748782,0.9062609373906261,0.9836522870292533,ACOS,24.0,2.0,12.0,2.0,12.0,24.0,0.58,,0.24049416858204564,0.26103148572645835,18.75854514939956,1.0,
3637,Q3UJU9_S57___2,,0.2795084971874739,0.5000149998500015,0.9204821588147755,ACOS,24.0,4.0,14.0,4.0,14.0,24.0,0.58,,0.06550881647134288,0.1205957757767903,5.1096876847647446,1.0,
3638,Q3UM45_S45___2,,0.5962847939999443,0.011739882601173987,0.2093466378769048,ACOS,24.0,4.0,20.0,4.0,20.0,24.0,0.33,,6.374983385533969E-4,0.011367927462487626,0.04972487040716496,0.8866983420740349,
3639,Q3UM45_S48___2,,0.5962847939999443,0.011739882601173987,0.2093466378769048,ACOS,24.0,4.0,20.0,4.0,20.0,24.0,0.33,,6.374983385533969E-4,0.011367927462487626,0.04972487040716496,0.8866983420740349,
3640,Q3UM45_S24___2,,0.29814239699997214,0.43751562484375156,0.8852189547537208,ACOS,24.0,20.0,4.0,20.0,4.0,24.0,0.67,,0.05361444160464873,0.10847731432202215,4.181926445162601,1.0,
3641,Q3UM45_S27___2,,0.29814239699997214,0.43751562484375156,0.8852189547537208,ACOS,24.0,20.0,4.0,20.0,4.0,24.0,0.67,,0.05361444160464873,0.10847731432202215,4.181926445162601,1.0,
3642,Q3UMF0_S546___2,,0.2236067977499791,0.6875131248687513,0.9836522870292533,ACOS,24.0,16.0,16.0,16.0,16.0,24.0,0.0,,0.11350807917025535,0.16368591139247143,8.853630175279918,1.0,
3643,Q3UMF0_S551___2,,0.18633899812498259,0.8125118748812512,0.9836522870292533,ACOS,24.0,10.0,10.0,10.0,10.0,24.0,0.0,,0.15703129585716225,0.19764355093531163,12.248441076858654,1.0,
3644,Q3UMF0_S300___2,,0.577650894187446,0.015639843601563983,0.22997788483653625,COS,24.0,8.0,20.0,8.0,20.0,24.0,0.5,,9.015710203196908E-4,0.013257255095716316,0.07032253958493588,1.0,
3645,Q3UMF0_S366___2,,0.5403830945624495,0.031269687303126965,0.31931161457616186,ACOS,24.0,4.0,20.0,4.0,20.0,24.0,0.33,,0.0017528052122483628,0.01789883784045924,0.1367188065553723,1.0,
3646,Q3UMF0_S384___2,,0.5590169943749478,0.023459765402345976,0.28673713262867373,ACOS,24.0,14.0,16.0,14.0,16.0,24.0,0.92,,0.0012630300532244254,0.015437392901175266,0.09851634415150518,1.0,
3647,Q3UMF0_S396___2,,0.5590169943749478,0.023459765402345976,0.28673713262867373,ACOS,24.0,14.0,16.0,14.0,16.0,24.0,0.92,,0.0012630300532244254,0.015437392901175266,0.09851634415150518,1.0,
3648,Q3UMU9_S366___2,,0.20497289793748086,0.7500124998750013,0.9836522870292533,ACOS,24.0,2.0,18.0,2.0,18.0,24.0,0.33,,0.13405890065957154,0.18041889221405025,10.45659425144658,1.0,
3649,Q3UMU9_S367___2,,0.20497289793748086,0.7500124998750013,0.9836522870292533,ACOS,24.0,2.0,18.0,2.0,18.0,24.0,0.33,,0.13405890065957154,0.18041889221405025,10.45659425144658,1.0,
3650,Q3UMU9_S669___2,,0.11180339887498955,0.937510624893751,0.9899167645530791,ACOS,24.0,10.0,8.0,10.0,8.0,24.0,0.08,,0.2729083801775865,0.2881637536165899,21.286853653851747,1.0,
3651,Q3UMY5_S144___2,,0.5590169943749478,0.023459765402345976,0.28673713262867373,ACOS,24.0,22.0,20.0,22.0,20.0,24.0,0.08,,0.0012630300532244254,0.015437392901175266,0.09851634415150518,1.0,
3652,Q3UMY5_S146___2,,0.5590169943749478,0.023459765402345976,0.28673713262867373,ACOS,24.0,22.0,20.0,22.0,20.0,24.0,0.08,,0.0012630300532244254,0.015437392901175266,0.09851634415150518,1.0,
3653,Q3UPL0_S526___2,,0.3354101966249687,0.34376656233437664,0.8386535601185869,ACOS,24.0,10.0,2.0,10.0,2.0,24.0,0.33,,0.03498372787327912,0.08730403942892999,2.7287307741157716,1.0,
3654,Q3UPL0_S531___2,,0.3354101966249687,0.34376656233437664,0.8386535601185869,ACOS,24.0,10.0,2.0,10.0,2.0,24.0,0.33,,0.03498372787327912,0.08730403942892999,2.7287307741157716,1.0,
3655,Q3UQN2_S510___2,,0.24224069756247738,0.6250137498625014,0.9735791103627425,ACOS,24.0,20.0,4.0,20.0,4.0,24.0,0.67,,0.0953088004769263,0.14846178535828905,7.434086437200252,1.0,
3656,Q3UQN2_S487___2,,0.2236067977499791,0.6875131248687513,0.9836522870292533,ACOS,24.0,14.0,16.0,14.0,16.0,24.0,0.92,,0.11350807917025535,0.16368591139247143,8.853630175279918,1.0,
3657,Q3UQN2_S467___2,,0.5590169943749478,0.023459765402345976,0.28673713262867373,ACOS,24.0,10.0,20.0,10.0,20.0,24.0,0.58,,0.0012630300532244254,0.015437392901175266,0.09851634415150518,1.0,
3658,Q3UW53_S581___2,,0.2795084971874739,0.5000149998500015,0.9204821588147755,ACOS,24.0,10.0,2.0,10.0,2.0,24.0,0.33,,0.06550881647134288,0.1205957757767903,5.1096876847647446,1.0,
3659,Q3UYI5_S568___2,,0.42857969568745996,0.15626843731562684,0.6959989393582299,ACOS,24.0,8.0,16.0,8.0,16.0,24.0,0.67,,0.010293111274975088,0.04584415543625904,0.8028626794480569,1.0,
3660,Q3UYI5_S572___2,,0.42857969568745996,0.15626843731562684,0.6959989393582299,ACOS,24.0,8.0,16.0,8.0,16.0,24.0,0.67,,0.010293111274975088,0.04584415543625904,0.8028626794480569,1.0,
3661,Q3UYI5_S544___2,,0.26087459737497565,0.5625143748562514,0.9536205028159013,ACOS,24.0,14.0,14.0,14.0,14.0,24.0,0.0,,0.07935437224874475,0.1345280400768894,6.189641035402091,1.0,
3662,Q3UYI5_S553___2,,0.11180339887498955,0.937510624893751,0.9899167645530791,ACOS,24.0,14.0,14.0,14.0,14.0,24.0,0.0,,0.2729083801775865,0.2881637536165899,21.286853653851747,1.0,
3663,Q3UYI5_S506___2,,0.4472135954999582,0.12501874981250188,0.6403693519334903,ACOS,24.0,14.0,16.0,14.0,16.0,24.0,0.92,,0.007842546279573382,0.04017098464103022,0.6117186098067239,1.0,
3664,Q3UYI5_S510___2,,0.4472135954999582,0.12501874981250188,0.6403693519334903,ACOS,24.0,14.0,16.0,14.0,16.0,24.0,0.92,,0.007842546279573382,0.04017098464103022,0.6117186098067239,1.0,
3665,Q3V1V3_S651___2,,0.24224069756247738,0.6250137498625014,0.9735791103627425,ACOS,24.0,20.0,4.0,20.0,4.0,24.0,0.67,,0.0953088004769263,0.14846178535828905,7.434086437200252,1.0,
3666,Q3V1V3_S657___2,,0.24224069756247738,0.6250137498625014,0.9735791103627425,ACOS,24.0,20.0,4.0,20.0,4.0,24.0,0.67,,0.0953088004769263,0.14846178535828905,7.434086437200252,1.0,
3667,Q4ACU6_S387___2,,0.46584749531245645,0.0937690623093769,0.5471579350140564,ACOS,24.0,22.0,16.0,22.0,16.0,24.0,0.25,,0.005920711107451196,0.03454832525336907,0.4618154663811933,1.0,
3668,Q4ACU6_S1253___2,,0.14907119849998607,0.8750112498875011,0.9836522870292533,ACOS,24.0,20.0,14.0,20.0,14.0,24.0,0.25,,0.21029812498078254,0.23917533062426458,16.403253748501037,1.0,
3669,Q4ACU6_S375___2,,0.46584749531245645,0.0937690623093769,0.5471579350140564,ACOS,24.0,22.0,16.0,22.0,16.0,24.0,0.25,,0.005920711107451196,0.03454832525336907,0.4618154663811933,1.0,
3670,Q4ACU6_S1134___2,,0.42857969568745996,0.15626843731562684,0.6959989393582299,COS,24.0,2.0,14.0,2.0,14.0,24.0,0.5,,0.010293111274975088,0.04584415543625904,0.8028626794480569,1.0,
3671,Q4ACU6_S1636___2,,0.2795084971874739,0.5000149998500015,0.9204821588147755,ACOS,24.0,18.0,12.0,18.0,12.0,24.0,0.25,,0.06550881647134288,0.1205957757767903,5.1096876847647446,1.0,
3672,Q4ACU6_S1638___2,,0.20497289793748086,0.7500124998750013,0.9836522870292533,ACOS,24.0,18.0,12.0,18.0,12.0,24.0,0.25,,0.13405890065957154,0.18041889221405025,10.45659425144658,1.0,
3673,Q4FK66_S193___2,,0.29814239699997214,0.43751562484375156,0.8852189547537208,COS,24.0,14.0,2.0,14.0,2.0,24.0,0.5,,0.05361444160464873,0.10847731432202215,4.181926445162601,1.0,
3674,Q4FK66_S194___2,,0.29814239699997214,0.43751562484375156,0.8852189547537208,COS,24.0,14.0,2.0,14.0,2.0,24.0,0.5,,0.05361444160464873,0.10847731432202215,4.181926445162601,1.0,
3675,Q4KL35_S261___2,,0.3540440964374669,0.3125168748312517,0.8386535601185869,ACOS,24.0,14.0,14.0,14.0,14.0,24.0,0.0,,0.027887169552556004,0.07848809381134579,2.175199225099368,1.0,
3676,Q4VA53_S1418___2,,0.09316949906249129,0.968760312396876,0.9974177898103224,ACOS,24.0,14.0,6.0,14.0,6.0,24.0,0.33,,0.30735312441432305,0.3173127201503672,23.973543704317198,1.0,
3677,Q4VA53_S1166___2,,0.2236067977499791,0.6875131248687513,0.9836522870292533,COS,24.0,8.0,20.0,8.0,20.0,24.0,0.5,,0.11350807917025535,0.16368591139247143,8.853630175279918,1.0,
3678,Q4VAC9_S759___2,,0.4099457958749617,0.18751812481875182,0.7309536040039274,ACOS,24.0,8.0,16.0,8.0,16.0,24.0,0.67,,0.013386385243419103,0.05218069745375196,1.04413804898669,1.0,
3679,Q4VAC9_S766___2,,0.3913118960624634,0.21876781232187678,0.7543227814475101,ACOS,24.0,8.0,16.0,8.0,16.0,24.0,0.67,,0.017251591034782986,0.059484382074478995,1.345624100713073,1.0,
3680,Q501J7_S264___2,,0.2795084971874739,0.5000149998500015,0.9204821588147755,ACOS,24.0,14.0,16.0,14.0,16.0,24.0,0.92,,0.06550881647134288,0.1205957757767903,5.1096876847647446,1.0,
3681,Q501J7_S285___2,,0.3354101966249687,0.34376656233437664,0.8386535601185869,ACOS,24.0,14.0,16.0,14.0,16.0,24.0,0.92,,0.03498372787327912,0.08730403942892999,2.7287307741157716,1.0,
3682,Q52KI8_S779___2,,0.14907119849998607,0.8750112498875011,0.9836522870292533,ACOS,24.0,22.0,22.0,22.0,22.0,24.0,0.0,,0.21029812498078254,0.23917533062426458,16.403253748501037,1.0,
3683,Q52KI8_S781___2,,0.2236067977499791,0.6875131248687513,0.9836522870292533,ACOS,24.0,20.0,4.0,20.0,4.0,24.0,0.67,,0.11350807917025535,0.16368591139247143,8.853630175279918,1.0,
3684,Q52KI8_S915___2,,0.29814239699997214,0.43751562484375156,0.8852189547537208,ACOS,24.0,20.0,12.0,20.0,12.0,24.0,0.33,,0.05361444160464873,0.10847731432202215,4.181926445162601,1.0,
3685,Q52KI8_S810___2,,0.3354101966249687,0.34376656233437664,0.8386535601185869,ACOS,24.0,20.0,4.0,20.0,4.0,24.0,0.67,,0.03498372787327912,0.08730403942892999,2.7287307741157716,1.0,
3686,Q52KI8_S816___2,,0.3167762968124704,0.37501624983750165,0.8386535601185869,ACOS,24.0,20.0,4.0,20.0,4.0,24.0,0.67,,0.04349923101882863,0.097277877884409,3.392940019468633,1.0,
3687,Q52KI8_S387___2,,0.48448139512495475,0.07814921850781492,0.5245437011922015,ACOS,24.0,16.0,16.0,16.0,16.0,24.0,0.0,,0.004428713520216645,0.029725873473476612,0.3454396545768983,1.0,
3688,Q52KI8_S389___2,,0.4472135954999582,0.12501874981250188,0.6403693519334903,ACOS,24.0,22.0,16.0,22.0,16.0,24.0,0.25,,0.007842546279573382,0.04017098464103022,0.6117186098067239,1.0,
3689,Q52KI8_S391___2,,0.4099457958749617,0.18751812481875182,0.7309536040039274,ACOS,24.0,22.0,16.0,22.0,16.0,24.0,0.25,,0.013386385243419103,0.05218069745375196,1.04413804898669,1.0,
3690,Q52KI8_S572___2,,0.3913118960624634,0.21876781232187678,0.7543227814475101,ACOS,24.0,22.0,16.0,22.0,16.0,24.0,0.25,,0.017251591034782986,0.059484382074478995,1.345624100713073,1.0,
3691,Q52KI8_S574___2,,0.3913118960624634,0.21876781232187678,0.7543227814475101,ACOS,24.0,22.0,16.0,22.0,16.0,24.0,0.25,,0.017251591034782986,0.059484382074478995,1.345624100713073,1.0,
3692,Q52KI8_S561___2,,0.18633899812498259,0.8125118748812512,0.9836522870292533,ACOS,24.0,20.0,12.0,20.0,12.0,24.0,0.33,,0.15703129585716225,0.19764355093531163,12.248441076858654,1.0,
3693,Q52KI8_S563___2,,0.18633899812498259,0.8125118748812512,0.9836522870292533,ACOS,24.0,20.0,12.0,20.0,12.0,24.0,0.33,,0.15703129585716225,0.19764355093531163,12.248441076858654,1.0,
3694,Q52KI8_S624___2,,0.3354101966249687,0.34376656233437664,0.8386535601185869,ACOS,24.0,20.0,10.0,20.0,10.0,24.0,0.42,,0.03498372787327912,0.08730403942892999,2.7287307741157716,1.0,
3695,Q52KI8_S626___2,,0.3354101966249687,0.34376656233437664,0.8386535601185869,ACOS,24.0,20.0,10.0,20.0,10.0,24.0,0.42,,0.03498372787327912,0.08730403942892999,2.7287307741157716,1.0,
3696,Q52KI8_S635___2,,0.42857969568745996,0.15626843731562684,0.6959989393582299,ACOS,24.0,20.0,14.0,20.0,14.0,24.0,0.25,,0.010293111274975088,0.04584415543625904,0.8028626794480569,1.0,
3697,Q569Z6_S243___2,,0.3354101966249687,0.34376656233437664,0.8386535601185869,ACOS,24.0,12.0,18.0,12.0,18.0,24.0,0.75,,0.03498372787327912,0.08730403942892999,2.7287307741157716,1.0,
3698,Q569Z6_S248___2,,0.46584749531245645,0.0937690623093769,0.5471579350140564,ACOS,24.0,16.0,22.0,16.0,22.0,24.0,0.75,,0.005920711107451196,0.03454832525336907,0.4618154663811933,1.0,
3699,Q569Z6_S253___2,,0.46584749531245645,0.0937690623093769,0.5471579350140564,ACOS,24.0,16.0,22.0,16.0,22.0,24.0,0.75,,0.005920711107451196,0.03454832525336907,0.4618154663811933,1.0,
3700,Q569Z6_S924___2,,0.4099457958749617,0.18751812481875182,0.7309536040039274,ACOS,24.0,16.0,22.0,16.0,22.0,24.0,0.75,,0.013386385243419103,0.05218069745375196,1.04413804898669,1.0,
3701,Q569Z6_S935___2,,0.4099457958749617,0.18751812481875182,0.7309536040039274,ACOS,24.0,16.0,22.0,16.0,22.0,24.0,0.75,,0.013386385243419103,0.05218069745375196,1.04413804898669,1.0,
3702,Q569Z6_S315___2,,0.3167762968124704,0.37501624983750165,0.8386535601185869,ACOS,24.0,14.0,6.0,14.0,6.0,24.0,0.33,,0.04349923101882863,0.097277877884409,3.392940019468633,1.0,
3703,Q569Z6_S320___2,,0.3167762968124704,0.37501624983750165,0.8386535601185869,ACOS,24.0,14.0,6.0,14.0,6.0,24.0,0.33,,0.04349923101882863,0.097277877884409,3.392940019468633,1.0,
3704,Q58A65_S718___2,,0.20497289793748086,0.7500124998750013,0.9836522870292533,COS,24.0,14.0,2.0,14.0,2.0,24.0,0.5,,0.13405890065957154,0.18041889221405025,10.45659425144658,1.0,
3705,Q58A65_S719___2,,0.20497289793748086,0.7500124998750013,0.9836522870292533,ACOS,24.0,16.0,22.0,16.0,22.0,24.0,0.75,,0.13405890065957154,0.18041889221405025,10.45659425144658,1.0,
3706,Q5EG47_S486___2,,0.3167762968124704,0.37501624983750165,0.8386535601185869,ACOS,24.0,8.0,8.0,8.0,8.0,24.0,0.0,,0.04349923101882863,0.097277877884409,3.392940019468633,1.0,
3707,Q5F2E7_S213___2,,0.3354101966249687,0.34376656233437664,0.8386535601185869,ACOS,24.0,10.0,20.0,10.0,20.0,24.0,0.58,,0.03498372787327912,0.08730403942892999,2.7287307741157716,1.0,
3708,Q5F2E7_S215___2,,0.3354101966249687,0.34376656233437664,0.8386535601185869,ACOS,24.0,10.0,20.0,10.0,20.0,24.0,0.58,,0.03498372787327912,0.08730403942892999,2.7287307741157716,1.0,
3709,Q5HZI1_S1203___2,,0.4472135954999582,0.12501874981250188,0.6403693519334903,ACOS,24.0,4.0,0.0,4.0,0.0,24.0,0.17,,0.007842546279573382,0.04017098464103022,0.6117186098067239,1.0,
3710,Q5HZI1_S1204___2,,0.3540440964374669,0.3125168748312517,0.8386535601185869,ACOS,24.0,10.0,0.0,10.0,0.0,24.0,0.42,,0.027887169552556004,0.07848809381134579,2.175199225099368,1.0,
3711,Q5HZI1_S1208___2,,0.37267799624996517,0.25001749982500177,0.783497463386022,ACOS,24.0,14.0,16.0,14.0,16.0,24.0,0.92,,0.02203270318362918,0.06904543509151728,1.718550848323076,1.0,
3712,Q5HZI1_S380___2,,0.3913118960624634,0.21876781232187678,0.7543227814475101,ACOS,24.0,14.0,16.0,14.0,16.0,24.0,0.92,,0.017251591034782986,0.059484382074478995,1.345624100713073,1.0,
3713,Q5HZI1_S384___2,,0.42857969568745996,0.15626843731562684,0.6959989393582299,ACOS,24.0,14.0,16.0,14.0,16.0,24.0,0.92,,0.010293111274975088,0.04584415543625904,0.8028626794480569,1.0,
3714,Q5SSI6_S114___2,,0.18633899812498259,0.8125118748812512,0.9836522870292533,ACOS,24.0,14.0,6.0,14.0,6.0,24.0,0.33,,0.15703129585716225,0.19764355093531163,12.248441076858654,1.0,
3715,Q5SSI6_S115___2,,0.18633899812498259,0.8125118748812512,0.9836522870292533,ACOS,24.0,14.0,6.0,14.0,6.0,24.0,0.33,,0.15703129585716225,0.19764355093531163,12.248441076858654,1.0,
3716,Q5SSI6_S202___2,,0.13043729868748782,0.9062609373906261,0.9836522870292533,COS,24.0,14.0,2.0,14.0,2.0,24.0,0.5,,0.24049416858204564,0.26103148572645835,18.75854514939956,1.0,
3717,Q5SSI6_S206___2,,0.09316949906249129,0.968760312396876,0.9974177898103224,COS,24.0,14.0,2.0,14.0,2.0,24.0,0.5,,0.30735312441432305,0.3173127201503672,23.973543704317198,1.0,
3718,Q5SSZ5_S686___2,,0.37267799624996517,0.25001749982500177,0.783497463386022,ACOS,24.0,14.0,4.0,14.0,4.0,24.0,0.42,,0.02203270318362918,0.06904543509151728,1.718550848323076,1.0,
3719,Q5SSZ5_S690___2,,0.26087459737497565,0.5625143748562514,0.9536205028159013,COS,24.0,14.0,2.0,14.0,2.0,24.0,0.5,,0.07935437224874475,0.1345280400768894,6.189641035402091,1.0,
3720,Q5SUF2_S425___2,,0.055901699437494776,0.99220007799922,0.9974177898103224,ACOS,24.0,2.0,2.0,2.0,2.0,24.0,0.0,,0.3813183256938952,0.38332357561866326,29.742829404123825,1.0,
3721,Q5SUF2_S431___2,,0.055901699437494776,0.99220007799922,0.9974177898103224,ACOS,24.0,2.0,2.0,2.0,2.0,24.0,0.0,,0.3813183256938952,0.38332357561866326,29.742829404123825,1.0,
3722,Q5SWU9_S23___2,,0.5217491947499513,0.04689953100468995,0.4127676955274646,COS,24.0,8.0,20.0,8.0,20.0,24.0,0.5,,0.0024097615294134673,0.021208564178760516,0.18796139929425046,1.0,
3723,Q5SWU9_S25___2,,0.07453559924999303,0.984390156098439,0.9974177898103224,ACOS,24.0,10.0,2.0,10.0,2.0,24.0,0.33,,0.34358681309626693,0.3483244335568646,26.799771421508822,1.0,
3724,Q5SWU9_S29___2,,0.16770509831248434,0.8437615623843762,0.9836522870292533,COS,24.0,8.0,20.0,8.0,20.0,24.0,0.5,,0.1824518756760124,0.21722409413444527,14.231246302728968,1.0,
3725,Q5SWU9_S34___2,,0.29814239699997214,0.43751562484375156,0.8852189547537208,ACOS,24.0,22.0,20.0,22.0,20.0,24.0,0.08,,0.05361444160464873,0.10847731432202215,4.181926445162601,1.0,
3726,Q5SX79_S49___2,,0.577650894187446,0.015639843601563983,0.22997788483653625,ACOS,24.0,4.0,0.0,4.0,0.0,24.0,0.17,,9.015710203196908E-4,0.013257255095716316,0.07032253958493588,1.0,
3727,Q5SX79_S385___2,,0.48448139512495475,0.07814921850781492,0.5245437011922015,ACOS,24.0,4.0,14.0,4.0,14.0,24.0,0.58,,0.004428713520216645,0.029725873473476612,0.3454396545768983,1.0,
3728,Q5U3K5_S594___2,,0.5590169943749478,0.023459765402345976,0.28673713262867373,ACOS,24.0,10.0,10.0,10.0,10.0,24.0,0.0,,0.0012630300532244254,0.015437392901175266,0.09851634415150518,1.0,
3729,Q5U3K5_S436___2,,0.24224069756247738,0.6250137498625014,0.9735791103627425,ACOS,24.0,10.0,2.0,10.0,2.0,24.0,0.33,,0.0953088004769263,0.14846178535828905,7.434086437200252,1.0,
3730,Q5U3K5_S438___2,,0.24224069756247738,0.6250137498625014,0.9735791103627425,ACOS,24.0,10.0,2.0,10.0,2.0,24.0,0.33,,0.0953088004769263,0.14846178535828905,7.434086437200252,1.0,
3731,Q5U3K5_S482___2,,0.29814239699997214,0.43751562484375156,0.8852189547537208,COS,24.0,8.0,20.0,8.0,20.0,24.0,0.5,,0.05361444160464873,0.10847731432202215,4.181926445162601,1.0,
3732,Q5U3K5_S483___2,,0.16770509831248434,0.8437615623843762,0.9836522870292533,ACOS,24.0,8.0,18.0,8.0,18.0,24.0,0.58,,0.1824518756760124,0.21722409413444527,14.231246302728968,1.0,
3733,Q5UAK0_S487___2,,0.3913118960624634,0.21876781232187678,0.7543227814475101,ACOS,24.0,10.0,20.0,10.0,20.0,24.0,0.58,,0.017251591034782986,0.059484382074478995,1.345624100713073,1.0,
3734,Q5UAK0_S482___2,,0.4472135954999582,0.12501874981250188,0.6403693519334903,ACOS,24.0,10.0,0.0,10.0,0.0,24.0,0.42,,0.007842546279573382,0.04017098464103022,0.6117186098067239,1.0,
3735,Q5XG73_S151___2,,0.4099457958749617,0.18751812481875182,0.7309536040039274,ACOS,24.0,16.0,22.0,16.0,22.0,24.0,0.75,,0.013386385243419103,0.05218069745375196,1.04413804898669,1.0,
3736,Q5XG73_S155___2,,0.4099457958749617,0.18751812481875182,0.7309536040039274,ACOS,24.0,16.0,22.0,16.0,22.0,24.0,0.75,,0.013386385243419103,0.05218069745375196,1.04413804898669,1.0,
3737,Q60575_S1655___2,,0.2236067977499791,0.6875131248687513,0.9836522870292533,ACOS,24.0,2.0,18.0,2.0,18.0,24.0,0.33,,0.11350807917025535,0.16368591139247143,8.853630175279918,1.0,
3738,Q60596_S446___2,,0.3913118960624634,0.21876781232187678,0.7543227814475101,ACOS,24.0,16.0,10.0,16.0,10.0,24.0,0.25,,0.017251591034782986,0.059484382074478995,1.345624100713073,1.0,
3739,Q60598_S405___2,,0.18633899812498259,0.8125118748812512,0.9836522870292533,ACOS,24.0,16.0,8.0,16.0,8.0,24.0,0.33,,0.15703129585716225,0.19764355093531163,12.248441076858654,1.0,
3740,Q60598_S407___2,,0.3167762968124704,0.37501624983750165,0.8386535601185869,ACOS,24.0,14.0,6.0,14.0,6.0,24.0,0.33,,0.04349923101882863,0.097277877884409,3.392940019468633,1.0,
3741,Q60668_S80___2,,0.2795084971874739,0.5000149998500015,0.9204821588147755,ACOS,24.0,10.0,2.0,10.0,2.0,24.0,0.33,,0.06550881647134288,0.1205957757767903,5.1096876847647446,1.0,
3742,Q60749_S58___2,,0.18633899812498259,0.8125118748812512,0.9836522870292533,ACOS,24.0,8.0,16.0,8.0,16.0,24.0,0.67,,0.15703129585716225,0.19764355093531163,12.248441076858654,1.0,
3743,Q60953_S528___2,,0.4472135954999582,0.12501874981250188,0.6403693519334903,COS,24.0,2.0,14.0,2.0,14.0,24.0,0.5,,0.007842546279573382,0.04017098464103022,0.6117186098067239,1.0,
3744,Q60953_S514___2,,0.3167762968124704,0.37501624983750165,0.8386535601185869,ACOS,24.0,20.0,4.0,20.0,4.0,24.0,0.67,,0.04349923101882863,0.097277877884409,3.392940019468633,1.0,
3745,Q60953_S515___2,,0.3167762968124704,0.37501624983750165,0.8386535601185869,ACOS,24.0,20.0,4.0,20.0,4.0,24.0,0.67,,0.04349923101882863,0.097277877884409,3.392940019468633,1.0,
3746,Q60953_S519___2,,0.26087459737497565,0.5625143748562514,0.9536205028159013,ACOS,24.0,20.0,4.0,20.0,4.0,24.0,0.67,,0.07935437224874475,0.1345280400768894,6.189641035402091,1.0,
3747,Q60953_S503___2,,0.16770509831248434,0.8437615623843762,0.9836522870292533,ACOS,24.0,10.0,4.0,10.0,4.0,24.0,0.25,,0.1824518756760124,0.21722409413444527,14.231246302728968,1.0,
3748,Q61026_S487___2,,0.29814239699997214,0.43751562484375156,0.8852189547537208,COS,24.0,14.0,2.0,14.0,2.0,24.0,0.5,,0.05361444160464873,0.10847731432202215,4.181926445162601,1.0,
3749,Q61026_S493___2,,0.09316949906249129,0.968760312396876,0.9974177898103224,ACOS,24.0,16.0,8.0,16.0,8.0,24.0,0.33,,0.30735312441432305,0.3173127201503672,23.973543704317198,1.0,
3750,Q61026_S499___2,,0.09316949906249129,0.968760312396876,0.9974177898103224,ACOS,24.0,16.0,8.0,16.0,8.0,24.0,0.33,,0.30735312441432305,0.3173127201503672,23.973543704317198,1.0,
3751,Q61029_S155___2,,0.4099457958749617,0.18751812481875182,0.7309536040039274,ACOS,24.0,10.0,20.0,10.0,20.0,24.0,0.58,,0.013386385243419103,0.05218069745375196,1.04413804898669,1.0,
3752,Q61029_S157___2,,0.3354101966249687,0.34376656233437664,0.8386535601185869,ACOS,24.0,10.0,2.0,10.0,2.0,24.0,0.33,,0.03498372787327912,0.08730403942892999,2.7287307741157716,1.0,
3753,Q61029_S158___2,,0.4472135954999582,0.12501874981250188,0.6403693519334903,COS,24.0,8.0,20.0,8.0,20.0,24.0,0.5,,0.007842546279573382,0.04017098464103022,0.6117186098067239,1.0,
3754,Q61029_S66___2,,0.24224069756247738,0.6250137498625014,0.9735791103627425,ACOS,24.0,20.0,20.0,20.0,20.0,24.0,0.0,,0.0953088004769263,0.14846178535828905,7.434086437200252,1.0,
3755,Q61029_S67___2,,0.24224069756247738,0.6250137498625014,0.9735791103627425,ACOS,24.0,20.0,20.0,20.0,20.0,24.0,0.0,,0.0953088004769263,0.14846178535828905,7.434086437200252,1.0,
3756,Q61029_S179___2,,0.29814239699997214,0.43751562484375156,0.8852189547537208,ACOS,24.0,16.0,8.0,16.0,8.0,24.0,0.33,,0.05361444160464873,0.10847731432202215,4.181926445162601,1.0,
3757,Q61029_S189___2,,0.3540440964374669,0.3125168748312517,0.8386535601185869,ACOS,24.0,16.0,8.0,16.0,8.0,24.0,0.33,,0.027887169552556004,0.07848809381134579,2.175199225099368,1.0,
3758,Q61037_S1318___2,,0.26087459737497565,0.5625143748562514,0.9536205028159013,ACOS,24.0,8.0,16.0,8.0,16.0,24.0,0.67,,0.07935437224874475,0.1345280400768894,6.189641035402091,1.0,
3759,Q61037_S1321___2,,0.26087459737497565,0.5625143748562514,0.9536205028159013,ACOS,24.0,8.0,16.0,8.0,16.0,24.0,0.67,,0.07935437224874475,0.1345280400768894,6.189641035402091,1.0,
3760,Q61136_S431___2,,0.14907119849998607,0.8750112498875011,0.9836522870292533,ACOS,24.0,22.0,16.0,22.0,16.0,24.0,0.25,,0.21029812498078254,0.23917533062426458,16.403253748501037,1.0,
3761,Q61136_S88___2,,0.09316949906249129,0.968760312396876,0.9974177898103224,ACOS,24.0,2.0,10.0,2.0,10.0,24.0,0.67,,0.30735312441432305,0.3173127201503672,23.973543704317198,1.0,
3762,Q61136_S94___2,,0.09316949906249129,0.968760312396876,0.9974177898103224,ACOS,24.0,2.0,10.0,2.0,10.0,24.0,0.67,,0.30735312441432305,0.3173127201503672,23.973543704317198,1.0,
3763,Q61136_S427___2,,0.24224069756247738,0.6250137498625014,0.9735791103627425,ACOS,24.0,18.0,12.0,18.0,12.0,24.0,0.25,,0.0953088004769263,0.14846178535828905,7.434086437200252,1.0,
3764,Q61136_S143___2,,0.3354101966249687,0.34376656233437664,0.8386535601185869,ACOS,24.0,20.0,14.0,20.0,14.0,24.0,0.25,,0.03498372787327912,0.08730403942892999,2.7287307741157716,1.0,
3765,Q61136_S145___2,,0.3167762968124704,0.37501624983750165,0.8386535601185869,ACOS,24.0,22.0,8.0,22.0,8.0,24.0,0.58,,0.04349923101882863,0.097277877884409,3.392940019468633,1.0,
3766,Q61165_S603___2,,0.42857969568745996,0.15626843731562684,0.6959989393582299,ACOS,24.0,8.0,8.0,8.0,8.0,24.0,0.0,,0.010293111274975088,0.04584415543625904,0.8028626794480569,1.0,
3767,Q61165_S606___2,,0.3354101966249687,0.34376656233437664,0.8386535601185869,ACOS,24.0,10.0,2.0,10.0,2.0,24.0,0.33,,0.03498372787327912,0.08730403942892999,2.7287307741157716,1.0,
3768,Q61165_S609___2,,0.3540440964374669,0.3125168748312517,0.8386535601185869,ACOS,24.0,8.0,16.0,8.0,16.0,24.0,0.67,,0.027887169552556004,0.07848809381134579,2.175199225099368,1.0,
3769,Q61214_S748___2,,0.5217491947499513,0.04689953100468995,0.4127676955274646,ACOS,24.0,16.0,22.0,16.0,22.0,24.0,0.75,,0.0024097615294134673,0.021208564178760516,0.18796139929425046,1.0,
3770,Q61214_S758___2,,0.5217491947499513,0.04689953100468995,0.4127676955274646,ACOS,24.0,16.0,22.0,16.0,22.0,24.0,0.75,,0.0024097615294134673,0.021208564178760516,0.18796139929425046,1.0,
3771,Q61464_S1569___2,,0.3913118960624634,0.21876781232187678,0.7543227814475101,ACOS,24.0,14.0,14.0,14.0,14.0,24.0,0.0,,0.017251591034782986,0.059484382074478995,1.345624100713073,1.0,
3772,Q61464_S1571___2,,0.3913118960624634,0.21876781232187678,0.7543227814475101,ACOS,24.0,14.0,14.0,14.0,14.0,24.0,0.0,,0.017251591034782986,0.059484382074478995,1.345624100713073,1.0,
3773,Q61584_S449___2,,0.3913118960624634,0.21876781232187678,0.7543227814475101,ACOS,24.0,8.0,16.0,8.0,16.0,24.0,0.67,,0.017251591034782986,0.059484382074478995,1.345624100713073,1.0,
3774,Q61584_S452___2,,0.3913118960624634,0.21876781232187678,0.7543227814475101,ACOS,24.0,8.0,16.0,8.0,16.0,24.0,0.67,,0.017251591034782986,0.059484382074478995,1.345624100713073,1.0,
3775,Q61584_S435___2,,0.16770509831248434,0.8437615623843762,0.9836522870292533,ACOS,24.0,8.0,10.0,8.0,10.0,24.0,0.92,,0.1824518756760124,0.21722409413444527,14.231246302728968,1.0,
3776,Q61584_S438___2,,0.16770509831248434,0.8437615623843762,0.9836522870292533,ACOS,24.0,8.0,10.0,8.0,10.0,24.0,0.92,,0.1824518756760124,0.21722409413444527,14.231246302728968,1.0,
3777,Q61586_S687___2,,0.24224069756247738,0.6250137498625014,0.9735791103627425,ACOS,24.0,14.0,6.0,14.0,6.0,24.0,0.33,,0.0953088004769263,0.14846178535828905,7.434086437200252,1.0,
3778,Q61586_S694___2,,0.24224069756247738,0.6250137498625014,0.9735791103627425,ACOS,24.0,14.0,6.0,14.0,6.0,24.0,0.33,,0.0953088004769263,0.14846178535828905,7.434086437200252,1.0,
3779,Q61687_S717___2,,0.09316949906249129,0.968760312396876,0.9974177898103224,ACOS,24.0,14.0,6.0,14.0,6.0,24.0,0.33,,0.30735312441432305,0.3173127201503672,23.973543704317198,1.0,
3780,Q61687_S719___2,,0.09316949906249129,0.968760312396876,0.9974177898103224,ACOS,24.0,14.0,6.0,14.0,6.0,24.0,0.33,,0.30735312441432305,0.3173127201503672,23.973543704317198,1.0,
3781,Q61687_S1223___2,,0.13043729868748782,0.9062609373906261,0.9836522870292533,ACOS,24.0,20.0,4.0,20.0,4.0,24.0,0.67,,0.24049416858204564,0.26103148572645835,18.75854514939956,1.0,
3782,Q61687_S1224___2,,0.13043729868748782,0.9062609373906261,0.9836522870292533,ACOS,24.0,20.0,4.0,20.0,4.0,24.0,0.67,,0.24049416858204564,0.26103148572645835,18.75854514939956,1.0,
3783,Q61712_S477___2,,0.14907119849998607,0.8750112498875011,0.9836522870292533,ACOS,24.0,14.0,14.0,14.0,14.0,24.0,0.0,,0.21029812498078254,0.23917533062426458,16.403253748501037,1.0,
3784,Q61712_S478___2,,0.14907119849998607,0.8750112498875011,0.9836522870292533,ACOS,24.0,14.0,14.0,14.0,14.0,24.0,0.0,,0.21029812498078254,0.23917533062426458,16.403253748501037,1.0,
3785,Q61879_S1952___2,,0.29814239699997214,0.43751562484375156,0.8852189547537208,ACOS,24.0,12.0,20.0,12.0,20.0,24.0,0.67,,0.05361444160464873,0.10847731432202215,4.181926445162601,1.0,
3786,Q61879_S1956___2,,0.29814239699997214,0.43751562484375156,0.8852189547537208,ACOS,24.0,12.0,20.0,12.0,20.0,24.0,0.67,,0.05361444160464873,0.10847731432202215,4.181926445162601,1.0,
3787,Q62172_S92___2,,0.2795084971874739,0.5000149998500015,0.9204821588147755,ACOS,24.0,20.0,4.0,20.0,4.0,24.0,0.67,,0.06550881647134288,0.1205957757767903,5.1096876847647446,1.0,
3788,Q62172_S93___2,,0.2795084971874739,0.5000149998500015,0.9204821588147755,ACOS,24.0,20.0,4.0,20.0,4.0,24.0,0.67,,0.06550881647134288,0.1205957757767903,5.1096876847647446,1.0,
3789,Q62261_S2163___2,,0.5590169943749478,0.023459765402345976,0.28673713262867373,ACOS,24.0,20.0,0.0,20.0,0.0,24.0,0.83,,0.0012630300532244254,0.015437392901175266,0.09851634415150518,1.0,
3790,Q62261_S2164___2,,0.503115294937453,0.06251937480625194,0.49060770476039084,ACOS,24.0,14.0,4.0,14.0,4.0,24.0,0.42,,0.0032820864904672107,0.025755486597607225,0.2560027462564424,1.0,
3791,Q62261_S2168___2,,0.3540440964374669,0.3125168748312517,0.8386535601185869,ACOS,24.0,16.0,8.0,16.0,8.0,24.0,0.33,,0.027887169552556004,0.07848809381134579,2.175199225099368,1.0,
3792,Q62261_S2137___2,,0.48448139512495475,0.07814921850781492,0.5245437011922015,ACOS,24.0,10.0,10.0,10.0,10.0,24.0,0.0,,0.004428713520216645,0.029725873473476612,0.3454396545768983,1.0,
3793,Q62261_S2160___2,,0.6521864934374391,0.003919960800391996,0.13674082237279817,ACOS,24.0,14.0,6.0,14.0,6.0,24.0,0.33,,2.1288795232688796E-4,0.007426215504891954,0.01660526028149726,0.5792448093815723,
3794,Q62318_S26___2,,0.2236067977499791,0.6875131248687513,0.9836522870292533,ACOS,24.0,14.0,4.0,14.0,4.0,24.0,0.42,,0.11350807917025535,0.16368591139247143,8.853630175279918,1.0,
3795,Q62383_S1535___2,,0.3167762968124704,0.37501624983750165,0.8386535601185869,COS,24.0,8.0,20.0,8.0,20.0,24.0,0.5,,0.04349923101882863,0.097277877884409,3.392940019468633,1.0,
3796,Q62433_S330___2,,0.3354101966249687,0.34376656233437664,0.8386535601185869,COS,24.0,20.0,8.0,20.0,8.0,24.0,0.5,,0.03498372787327912,0.08730403942892999,2.7287307741157716,1.0,
3797,Q63918_S287___2,,0.16770509831248434,0.8437615623843762,0.9836522870292533,ACOS,24.0,16.0,22.0,16.0,22.0,24.0,0.75,,0.1824518756760124,0.21722409413444527,14.231246302728968,1.0,
3798,Q63918_S288___2,,0.24224069756247738,0.6250137498625014,0.9735791103627425,COS,24.0,14.0,2.0,14.0,2.0,24.0,0.5,,0.0953088004769263,0.14846178535828905,7.434086437200252,1.0,
3799,Q63918_S293___2,,0.13043729868748782,0.9062609373906261,0.9836522870292533,COS,24.0,14.0,2.0,14.0,2.0,24.0,0.5,,0.24049416858204564,0.26103148572645835,18.75854514939956,1.0,
3800,Q63918_S296___2,,0.24224069756247738,0.6250137498625014,0.9735791103627425,ACOS,24.0,8.0,16.0,8.0,16.0,24.0,0.67,,0.0953088004769263,0.14846178535828905,7.434086437200252,1.0,
3801,Q63918_S218___2,,0.13043729868748782,0.9062609373906261,0.9836522870292533,ACOS,24.0,10.0,10.0,10.0,10.0,24.0,0.0,,0.24049416858204564,0.26103148572645835,18.75854514939956,1.0,
3802,Q63918_S359___2,,0.18633899812498259,0.8125118748812512,0.9836522870292533,ACOS,24.0,20.0,14.0,20.0,14.0,24.0,0.25,,0.15703129585716225,0.19764355093531163,12.248441076858654,1.0,
3803,Q63918_S363___2,,0.16770509831248434,0.8437615623843762,0.9836522870292533,ACOS,24.0,16.0,16.0,16.0,16.0,24.0,0.0,,0.1824518756760124,0.21722409413444527,14.231246302728968,1.0,
3804,Q63918_S203___2,,0.11180339887498955,0.937510624893751,0.9899167645530791,ACOS,24.0,10.0,10.0,10.0,10.0,24.0,0.0,,0.2729083801775865,0.2881637536165899,21.286853653851747,1.0,
3805,Q63918_S204___2,,0.11180339887498955,0.937510624893751,0.9899167645530791,ACOS,24.0,10.0,10.0,10.0,10.0,24.0,0.0,,0.2729083801775865,0.2881637536165899,21.286853653851747,1.0,
3806,Q64012_S294___2,,0.18633899812498259,0.8125118748812512,0.9836522870292533,ACOS,24.0,12.0,18.0,12.0,18.0,24.0,0.75,,0.15703129585716225,0.19764355093531163,12.248441076858654,1.0,
3807,Q64012_S301___2,,0.4099457958749617,0.18751812481875182,0.7309536040039274,ACOS,24.0,10.0,2.0,10.0,2.0,24.0,0.33,,0.013386385243419103,0.05218069745375196,1.04413804898669,1.0,
3808,Q64012_S270___2,,0.42857969568745996,0.15626843731562684,0.6959989393582299,ACOS,24.0,16.0,22.0,16.0,22.0,24.0,0.75,,0.010293111274975088,0.04584415543625904,0.8028626794480569,1.0,
3809,Q640L3_S187___2,,0.13043729868748782,0.9062609373906261,0.9836522870292533,ACOS,24.0,16.0,10.0,16.0,10.0,24.0,0.25,,0.24049416858204564,0.26103148572645835,18.75854514939956,1.0,
3810,Q640L3_S189___2,,0.055901699437494776,0.99220007799922,0.9974177898103224,COS,24.0,20.0,8.0,20.0,8.0,24.0,0.5,,0.3813183256938952,0.38332357561866326,29.742829404123825,1.0,
3811,Q640L3_S191___2,,0.07453559924999303,0.984390156098439,0.9974177898103224,ACOS,24.0,22.0,20.0,22.0,20.0,24.0,0.08,,0.34358681309626693,0.3483244335568646,26.799771421508822,1.0,
3812,Q640M1_S341___2,,0.18633899812498259,0.8125118748812512,0.9836522870292533,ACOS,24.0,16.0,16.0,16.0,16.0,24.0,0.0,,0.15703129585716225,0.19764355093531163,12.248441076858654,1.0,
3813,Q640M1_S343___2,,0.18633899812498259,0.8125118748812512,0.9836522870292533,ACOS,24.0,16.0,16.0,16.0,16.0,24.0,0.0,,0.15703129585716225,0.19764355093531163,12.248441076858654,1.0,
3814,Q64213_S80___2,,0.24224069756247738,0.6250137498625014,0.9735791103627425,ACOS,24.0,10.0,2.0,10.0,2.0,24.0,0.33,,0.0953088004769263,0.14846178535828905,7.434086437200252,1.0,
3815,Q64213_S82___2,,0.24224069756247738,0.6250137498625014,0.9735791103627425,ACOS,24.0,10.0,2.0,10.0,2.0,24.0,0.33,,0.0953088004769263,0.14846178535828905,7.434086437200252,1.0,
3816,Q64337_S357___2,,0.46584749531245645,0.0937690623093769,0.5471579350140564,COS,24.0,8.0,20.0,8.0,20.0,24.0,0.5,,0.005920711107451196,0.03454832525336907,0.4618154663811933,1.0,
3817,Q64446_S1395___2,,0.48448139512495475,0.07814921850781492,0.5245437011922015,ACOS,24.0,20.0,4.0,20.0,4.0,24.0,0.67,,0.004428713520216645,0.029725873473476612,0.3454396545768983,1.0,
3818,Q64446_S1398___2,,0.48448139512495475,0.07814921850781492,0.5245437011922015,ACOS,24.0,20.0,4.0,20.0,4.0,24.0,0.67,,0.004428713520216645,0.029725873473476612,0.3454396545768983,1.0,
3819,Q64511_S1537___2,,0.5590169943749478,0.023459765402345976,0.28673713262867373,ACOS,24.0,20.0,4.0,20.0,4.0,24.0,0.67,,0.0012630300532244254,0.015437392901175266,0.09851634415150518,1.0,
3820,Q64511_S1539___2,,0.5590169943749478,0.023459765402345976,0.28673713262867373,ACOS,24.0,20.0,4.0,20.0,4.0,24.0,0.67,,0.0012630300532244254,0.015437392901175266,0.09851634415150518,1.0,
3821,Q64511_S1400___2,,0.46584749531245645,0.0937690623093769,0.5471579350140564,ACOS,24.0,16.0,12.0,16.0,12.0,24.0,0.17,,0.005920711107451196,0.03454832525336907,0.4618154663811933,1.0,
3822,Q64511_S1509___2,,0.2795084971874739,0.5000149998500015,0.9204821588147755,ACOS,24.0,20.0,4.0,20.0,4.0,24.0,0.67,,0.06550881647134288,0.1205957757767903,5.1096876847647446,1.0,
3823,Q64511_S1511___2,,0.29814239699997214,0.43751562484375156,0.8852189547537208,ACOS,24.0,20.0,4.0,20.0,4.0,24.0,0.67,,0.05361444160464873,0.10847731432202215,4.181926445162601,1.0,
3824,Q64511_S1513___2,,0.48448139512495475,0.07814921850781492,0.5245437011922015,ACOS,24.0,20.0,4.0,20.0,4.0,24.0,0.67,,0.004428713520216645,0.029725873473476612,0.3454396545768983,1.0,
3825,Q64511_S1448___2,,0.2795084971874739,0.5000149998500015,0.9204821588147755,ACOS,24.0,20.0,4.0,20.0,4.0,24.0,0.67,,0.06550881647134288,0.1205957757767903,5.1096876847647446,1.0,
3826,Q64511_S1453___2,,0.13043729868748782,0.9062609373906261,0.9836522870292533,ACOS,24.0,10.0,10.0,10.0,10.0,24.0,0.0,,0.24049416858204564,0.26103148572645835,18.75854514939956,1.0,
3827,Q65Z40_S468___2,,0.14907119849998607,0.8750112498875011,0.9836522870292533,ACOS,24.0,14.0,14.0,14.0,14.0,24.0,0.0,,0.21029812498078254,0.23917533062426458,16.403253748501037,1.0,
3828,Q65Z40_S470___2,,0.14907119849998607,0.8750112498875011,0.9836522870292533,ACOS,24.0,14.0,14.0,14.0,14.0,24.0,0.0,,0.21029812498078254,0.23917533062426458,16.403253748501037,1.0,
3829,Q68FF6_S601___2,,0.14907119849998607,0.8750112498875011,0.9836522870292533,ACOS,24.0,8.0,10.0,8.0,10.0,24.0,0.92,,0.21029812498078254,0.23917533062426458,16.403253748501037,1.0,
3830,Q68FF6_S397___2,,0.055901699437494776,0.99220007799922,0.9974177898103224,ACOS,24.0,8.0,8.0,8.0,8.0,24.0,0.0,,0.3813183256938952,0.38332357561866326,29.742829404123825,1.0,
3831,Q68FH0_S272___2,,0.3913118960624634,0.21876781232187678,0.7543227814475101,ACOS,24.0,4.0,20.0,4.0,20.0,24.0,0.33,,0.017251591034782986,0.059484382074478995,1.345624100713073,1.0,
3832,Q69ZA1_S1054___2,,0.3540440964374669,0.3125168748312517,0.8386535601185869,ACOS,24.0,8.0,18.0,8.0,18.0,24.0,0.58,,0.027887169552556004,0.07848809381134579,2.175199225099368,1.0,
3833,Q69ZA1_S438___2,,0.03726779962499652,0.998060019399806,0.9997391989244612,ACOS,24.0,20.0,20.0,20.0,20.0,24.0,0.0,,0.42021370096225497,0.42109483684181515,32.77666867505589,1.0,
3834,Q69ZR9_S628___2,,0.24224069756247738,0.6250137498625014,0.9735791103627425,ACOS,24.0,18.0,12.0,18.0,12.0,24.0,0.25,,0.0953088004769263,0.14846178535828905,7.434086437200252,1.0,
3835,Q69ZX8_S502___2,,0.20497289793748086,0.7500124998750013,0.9836522870292533,ACOS,24.0,10.0,20.0,10.0,20.0,24.0,0.58,,0.13405890065957154,0.18041889221405025,10.45659425144658,1.0,
3836,Q69ZX8_S503___2,,0.20497289793748086,0.7500124998750013,0.9836522870292533,ACOS,24.0,10.0,20.0,10.0,20.0,24.0,0.58,,0.13405890065957154,0.18041889221405025,10.45659425144658,1.0,
3837,Q69ZX8_S277___2,,0.4472135954999582,0.12501874981250188,0.6403693519334903,ACOS,24.0,10.0,20.0,10.0,20.0,24.0,0.58,,0.007842546279573382,0.04017098464103022,0.6117186098067239,1.0,
3838,Q69ZX8_S282___2,,0.2795084971874739,0.5000149998500015,0.9204821588147755,ACOS,24.0,14.0,14.0,14.0,14.0,24.0,0.0,,0.06550881647134288,0.1205957757767903,5.1096876847647446,1.0,
3839,Q6A0A2_S601___2,,0.16770509831248434,0.8437615623843762,0.9836522870292533,ACOS,24.0,14.0,6.0,14.0,6.0,24.0,0.33,,0.1824518756760124,0.21722409413444527,14.231246302728968,1.0,
3840,Q6A0A2_S603___2,,0.18633899812498259,0.8125118748812512,0.9836522870292533,COS,24.0,14.0,2.0,14.0,2.0,24.0,0.5,,0.15703129585716225,0.19764355093531163,12.248441076858654,1.0,
3841,Q6A0A2_S739___2,,0.29814239699997214,0.43751562484375156,0.8852189547537208,ACOS,24.0,16.0,22.0,16.0,22.0,24.0,0.75,,0.05361444160464873,0.10847731432202215,4.181926445162601,1.0,
3842,Q6AW69_S199___2,,0.6521864934374391,0.003919960800391996,0.13674082237279817,ACOS,24.0,4.0,14.0,4.0,14.0,24.0,0.58,,2.1288795232688796E-4,0.007426215504891954,0.01660526028149726,0.5792448093815723,
3843,Q6AW69_S203___2,,0.6521864934374391,0.003919960800391996,0.13674082237279817,ACOS,24.0,4.0,14.0,4.0,14.0,24.0,0.58,,2.1288795232688796E-4,0.007426215504891954,0.01660526028149726,0.5792448093815723,
3844,Q6DFV3_S1655___2,,0.2236067977499791,0.6875131248687513,0.9836522870292533,ACOS,24.0,16.0,16.0,16.0,16.0,24.0,0.0,,0.11350807917025535,0.16368591139247143,8.853630175279918,1.0,
3845,Q6DFW4_S509___2,,0.13043729868748782,0.9062609373906261,0.9836522870292533,ACOS,24.0,16.0,16.0,16.0,16.0,24.0,0.0,,0.24049416858204564,0.26103148572645835,18.75854514939956,1.0,
3846,Q6DFW4_S521___2,,0.13043729868748782,0.9062609373906261,0.9836522870292533,ACOS,24.0,16.0,16.0,16.0,16.0,24.0,0.0,,0.24049416858204564,0.26103148572645835,18.75854514939956,1.0,
3847,Q6NZF1_S740___2,,0.7639898923124286,1.999980000199998E-4,0.06212637873621263,COS,24.0,8.0,20.0,8.0,20.0,24.0,0.5,,1.8327684552914936E-5,0.005835764267952787,0.001429559395127365,0.45518961290031734,
3848,Q6NZF1_S743___2,,0.7453559924999303,2.599974000259997E-4,0.06212637873621263,COS,24.0,8.0,20.0,8.0,20.0,24.0,0.5,,2.825417584497489E-5,0.005835764267952787,0.0022038257159080416,0.45518961290031734,
3849,Q6P2K6_S127___2,,0.26087459737497565,0.5625143748562514,0.9536205028159013,ACOS,24.0,2.0,2.0,2.0,2.0,24.0,0.0,,0.07935437224874475,0.1345280400768894,6.189641035402091,1.0,
3850,Q6P4S6_S533___2,,0.3913118960624634,0.21876781232187678,0.7543227814475101,ACOS,24.0,14.0,4.0,14.0,4.0,24.0,0.42,,0.017251591034782986,0.059484382074478995,1.345624100713073,1.0,
3851,Q6P4S6_S534___2,,0.3913118960624634,0.21876781232187678,0.7543227814475101,ACOS,24.0,14.0,4.0,14.0,4.0,24.0,0.42,,0.017251591034782986,0.059484382074478995,1.345624100713073,1.0,
3852,Q6P4S8_S1320___2,,0.20497289793748086,0.7500124998750013,0.9836522870292533,COS,24.0,14.0,2.0,14.0,2.0,24.0,0.5,,0.13405890065957154,0.18041889221405025,10.45659425144658,1.0,
3853,Q6P4S8_S1329___2,,0.20497289793748086,0.7500124998750013,0.9836522870292533,COS,24.0,14.0,2.0,14.0,2.0,24.0,0.5,,0.13405890065957154,0.18041889221405025,10.45659425144658,1.0,
3854,Q6P4T0_S875___2,,0.3913118960624634,0.21876781232187678,0.7543227814475101,ACOS,24.0,14.0,4.0,14.0,4.0,24.0,0.42,,0.017251591034782986,0.059484382074478995,1.345624100713073,1.0,
3855,Q6P4T0_S877___2,,0.3913118960624634,0.21876781232187678,0.7543227814475101,ACOS,24.0,14.0,4.0,14.0,4.0,24.0,0.42,,0.017251591034782986,0.059484382074478995,1.345624100713073,1.0,
3856,Q6P542_S103___2,,0.577650894187446,0.015639843601563983,0.22997788483653625,COS,24.0,8.0,20.0,8.0,20.0,24.0,0.5,,9.015710203196908E-4,0.013257255095716316,0.07032253958493588,1.0,
3857,Q6P542_S107___2,,0.577650894187446,0.015639843601563983,0.22997788483653625,COS,24.0,8.0,20.0,8.0,20.0,24.0,0.5,,9.015710203196908E-4,0.013257255095716316,0.07032253958493588,1.0,
3858,Q6P5G6_S258___2,,0.3913118960624634,0.21876781232187678,0.7543227814475101,ACOS,24.0,10.0,20.0,10.0,20.0,24.0,0.58,,0.017251591034782986,0.059484382074478995,1.345624100713073,1.0,
3859,Q6P5G6_S266___2,,0.3913118960624634,0.21876781232187678,0.7543227814475101,ACOS,24.0,10.0,20.0,10.0,20.0,24.0,0.58,,0.017251591034782986,0.059484382074478995,1.345624100713073,1.0,
3860,Q6P9Q6_S306___2,,0.26087459737497565,0.5625143748562514,0.9536205028159013,COS,24.0,8.0,20.0,8.0,20.0,24.0,0.5,,0.07935437224874475,0.1345280400768894,6.189641035402091,1.0,
3861,Q6P9Q6_S310___2,,0.29814239699997214,0.43751562484375156,0.8852189547537208,COS,24.0,8.0,20.0,8.0,20.0,24.0,0.5,,0.05361444160464873,0.10847731432202215,4.181926445162601,1.0,
3862,Q6PAR5_S758___2,,0.2236067977499791,0.6875131248687513,0.9836522870292533,ACOS,24.0,14.0,20.0,14.0,20.0,24.0,0.75,,0.11350807917025535,0.16368591139247143,8.853630175279918,1.0,
3863,Q6PDG5_S302___2,,0.42857969568745996,0.15626843731562684,0.6959989393582299,ACOS,24.0,22.0,16.0,22.0,16.0,24.0,0.25,,0.010293111274975088,0.04584415543625904,0.8028626794480569,1.0,
3864,Q6PDG5_S304___2,,0.3913118960624634,0.21876781232187678,0.7543227814475101,ACOS,24.0,22.0,16.0,22.0,16.0,24.0,0.25,,0.017251591034782986,0.059484382074478995,1.345624100713073,1.0,
3865,Q6PDG5_S283___2,,0.29814239699997214,0.43751562484375156,0.8852189547537208,ACOS,24.0,16.0,16.0,16.0,16.0,24.0,0.0,,0.05361444160464873,0.10847731432202215,4.181926445162601,1.0,
3866,Q6PDG5_S286___2,,0.29814239699997214,0.43751562484375156,0.8852189547537208,ACOS,24.0,16.0,16.0,16.0,16.0,24.0,0.0,,0.05361444160464873,0.10847731432202215,4.181926445162601,1.0,
3867,Q6PDM2_S234___2,,0.3167762968124704,0.37501624983750165,0.8386535601185869,ACOS,24.0,22.0,16.0,22.0,16.0,24.0,0.25,,0.04349923101882863,0.097277877884409,3.392940019468633,1.0,
3868,Q6PDM2_S238___2,,0.26087459737497565,0.5625143748562514,0.9536205028159013,ACOS,24.0,22.0,16.0,22.0,16.0,24.0,0.25,,0.07935437224874475,0.1345280400768894,6.189641035402091,1.0,
3869,Q6PDM2_S199___2,,0.29814239699997214,0.43751562484375156,0.8852189547537208,ACOS,24.0,20.0,10.0,20.0,10.0,24.0,0.42,,0.05361444160464873,0.10847731432202215,4.181926445162601,1.0,
3870,Q6PDM2_S201___2,,0.29814239699997214,0.43751562484375156,0.8852189547537208,COS,24.0,20.0,8.0,20.0,8.0,24.0,0.5,,0.05361444160464873,0.10847731432202215,4.181926445162601,1.0,
3871,Q6PDM2_S205___2,,0.26087459737497565,0.5625143748562514,0.9536205028159013,ACOS,24.0,22.0,16.0,22.0,16.0,24.0,0.25,,0.07935437224874475,0.1345280400768894,6.189641035402091,1.0,
3872,Q6PGL7_S157___2,,0.3167762968124704,0.37501624983750165,0.8386535601185869,ACOS,24.0,10.0,2.0,10.0,2.0,24.0,0.33,,0.04349923101882863,0.097277877884409,3.392940019468633,1.0,
3873,Q6PGL7_S159___2,,0.3167762968124704,0.37501624983750165,0.8386535601185869,ACOS,24.0,10.0,2.0,10.0,2.0,24.0,0.33,,0.04349923101882863,0.097277877884409,3.392940019468633,1.0,
3874,Q6URW6_S1973___2,,0.37267799624996517,0.25001749982500177,0.783497463386022,COS,24.0,8.0,20.0,8.0,20.0,24.0,0.5,,0.02203270318362918,0.06904543509151728,1.718550848323076,1.0,
3875,Q6VN19_S361___2,,0.13043729868748782,0.9062609373906261,0.9836522870292533,ACOS,24.0,14.0,16.0,14.0,16.0,24.0,0.92,,0.24049416858204564,0.26103148572645835,18.75854514939956,1.0,
3876,Q6WVG3_S178___2,,0.03726779962499652,0.998060019399806,0.9997391989244612,ACOS,24.0,20.0,20.0,20.0,20.0,24.0,0.0,,0.42021370096225497,0.42109483684181515,32.77666867505589,1.0,
3877,Q6Y7W8_S26___2,,0.46584749531245645,0.0937690623093769,0.5471579350140564,COS,24.0,8.0,20.0,8.0,20.0,24.0,0.5,,0.005920711107451196,0.03454832525336907,0.4618154663811933,1.0,
3878,Q6Y7W8_S30___2,,0.48448139512495475,0.07814921850781492,0.5245437011922015,COS,24.0,8.0,20.0,8.0,20.0,24.0,0.5,,0.004428713520216645,0.029725873473476612,0.3454396545768983,1.0,
3879,Q6ZPJ0_S791___2,,0.2795084971874739,0.5000149998500015,0.9204821588147755,ACOS,24.0,10.0,2.0,10.0,2.0,24.0,0.33,,0.06550881647134288,0.1205957757767903,5.1096876847647446,1.0,
3880,Q6ZPJ0_S795___2,,0.2795084971874739,0.5000149998500015,0.9204821588147755,ACOS,24.0,10.0,2.0,10.0,2.0,24.0,0.33,,0.06550881647134288,0.1205957757767903,5.1096876847647446,1.0,
3881,Q6ZPJ0_S203___2,,0.48448139512495475,0.07814921850781492,0.5245437011922015,ACOS,24.0,8.0,16.0,8.0,16.0,24.0,0.67,,0.004428713520216645,0.029725873473476612,0.3454396545768983,1.0,
3882,Q6ZPZ3_S1104___2,,0.11180339887498955,0.937510624893751,0.9899167645530791,ACOS,24.0,10.0,10.0,10.0,10.0,24.0,0.0,,0.2729083801775865,0.2881637536165899,21.286853653851747,1.0,
3883,Q6ZPZ3_S1270___2,,0.2236067977499791,0.6875131248687513,0.9836522870292533,ACOS,24.0,8.0,18.0,8.0,18.0,24.0,0.58,,0.11350807917025535,0.16368591139247143,8.853630175279918,1.0,
3884,Q6ZPZ3_S1276___2,,0.2236067977499791,0.6875131248687513,0.9836522870292533,ACOS,24.0,8.0,18.0,8.0,18.0,24.0,0.58,,0.11350807917025535,0.16368591139247143,8.853630175279918,1.0,
3885,Q6ZQ58_S68___2,,0.5962847939999443,0.011739882601173987,0.2093466378769048,ACOS,24.0,4.0,20.0,4.0,20.0,24.0,0.33,,6.374983385533969E-4,0.011367927462487626,0.04972487040716496,0.8866983420740349,
3886,Q6ZQ58_S81___2,,0.5962847939999443,0.011739882601173987,0.2093466378769048,ACOS,24.0,4.0,20.0,4.0,20.0,24.0,0.33,,6.374983385533969E-4,0.011367927462487626,0.04972487040716496,0.8866983420740349,
3887,Q6ZQ58_S494___2,,0.3913118960624634,0.21876781232187678,0.7543227814475101,ACOS,24.0,8.0,16.0,8.0,16.0,24.0,0.67,,0.017251591034782986,0.059484382074478995,1.345624100713073,1.0,
3888,Q6ZQ58_S498___2,,0.3913118960624634,0.21876781232187678,0.7543227814475101,ACOS,24.0,8.0,16.0,8.0,16.0,24.0,0.67,,0.017251591034782986,0.059484382074478995,1.345624100713073,1.0,
3889,Q6ZQ58_S604___2,,0.09316949906249129,0.968760312396876,0.9974177898103224,ACOS,24.0,14.0,14.0,14.0,14.0,24.0,0.0,,0.30735312441432305,0.3173127201503672,23.973543704317198,1.0,
3890,Q6ZQ58_S608___2,,0.09316949906249129,0.968760312396876,0.9974177898103224,ACOS,24.0,14.0,14.0,14.0,14.0,24.0,0.0,,0.30735312441432305,0.3173127201503672,23.973543704317198,1.0,
3891,Q6ZQ58_S743___2,,0.46584749531245645,0.0937690623093769,0.5471579350140564,COS,24.0,14.0,2.0,14.0,2.0,24.0,0.5,,0.005920711107451196,0.03454832525336907,0.4618154663811933,1.0,
3892,Q6ZQ58_S751___2,,0.46584749531245645,0.0937690623093769,0.5471579350140564,COS,24.0,14.0,2.0,14.0,2.0,24.0,0.5,,0.005920711107451196,0.03454832525336907,0.4618154663811933,1.0,
3893,Q6ZQ58_S826___2,,0.3540440964374669,0.3125168748312517,0.8386535601185869,ACOS,24.0,8.0,18.0,8.0,18.0,24.0,0.58,,0.027887169552556004,0.07848809381134579,2.175199225099368,1.0,
3894,Q6ZQ58_S828___2,,0.3167762968124704,0.37501624983750165,0.8386535601185869,ACOS,24.0,10.0,20.0,10.0,20.0,24.0,0.58,,0.04349923101882863,0.097277877884409,3.392940019468633,1.0,
3895,Q6ZQ58_S302___2,,0.577650894187446,0.015639843601563983,0.22997788483653625,ACOS,24.0,4.0,20.0,4.0,20.0,24.0,0.33,,9.015710203196908E-4,0.013257255095716316,0.07032253958493588,1.0,
3896,Q6ZQ88_S132___2,,0.13043729868748782,0.9062609373906261,0.9836522870292533,ACOS,24.0,22.0,22.0,22.0,22.0,24.0,0.0,,0.24049416858204564,0.26103148572645835,18.75854514939956,1.0,
3897,Q6ZQ88_S138___2,,0.13043729868748782,0.9062609373906261,0.9836522870292533,ACOS,24.0,22.0,22.0,22.0,22.0,24.0,0.0,,0.24049416858204564,0.26103148572645835,18.75854514939956,1.0,
3898,Q6ZQB6_S499___2,,0.20497289793748086,0.7500124998750013,0.9836522870292533,ACOS,24.0,22.0,22.0,22.0,22.0,24.0,0.0,,0.13405890065957154,0.18041889221405025,10.45659425144658,1.0,
3899,Q7SIG6_S704___2,,0.3167762968124704,0.37501624983750165,0.8386535601185869,COS,24.0,14.0,2.0,14.0,2.0,24.0,0.5,,0.04349923101882863,0.097277877884409,3.392940019468633,1.0,
3900,Q7SIG6_S715___2,,0.3167762968124704,0.37501624983750165,0.8386535601185869,COS,24.0,14.0,2.0,14.0,2.0,24.0,0.5,,0.04349923101882863,0.097277877884409,3.392940019468633,1.0,
3901,Q7TN98_S97___2,,0.3167762968124704,0.37501624983750165,0.8386535601185869,ACOS,24.0,20.0,14.0,20.0,14.0,24.0,0.25,,0.04349923101882863,0.097277877884409,3.392940019468633,1.0,
3902,Q7TN98_S99___2,,0.3167762968124704,0.37501624983750165,0.8386535601185869,ACOS,24.0,20.0,14.0,20.0,14.0,24.0,0.25,,0.04349923101882863,0.097277877884409,3.392940019468633,1.0,
3903,Q7TPE5_S299___2,,0.2795084971874739,0.5000149998500015,0.9204821588147755,ACOS,24.0,10.0,2.0,10.0,2.0,24.0,0.33,,0.06550881647134288,0.1205957757767903,5.1096876847647446,1.0,
3904,Q7TPE5_S305___2,,0.2795084971874739,0.5000149998500015,0.9204821588147755,ACOS,24.0,10.0,2.0,10.0,2.0,24.0,0.33,,0.06550881647134288,0.1205957757767903,5.1096876847647446,1.0,
3905,Q7TQG1_S1142___2,,0.09316949906249129,0.968760312396876,0.9974177898103224,ACOS,24.0,16.0,22.0,16.0,22.0,24.0,0.75,,0.30735312441432305,0.3173127201503672,23.973543704317198,1.0,
3906,Q7TQG1_S967___2,,0.5962847939999443,0.011739882601173987,0.2093466378769048,COS,24.0,8.0,20.0,8.0,20.0,24.0,0.5,,6.374983385533969E-4,0.011367927462487626,0.04972487040716496,0.8866983420740349,
3907,Q7TQG1_S973___2,,0.5962847939999443,0.011739882601173987,0.2093466378769048,COS,24.0,8.0,20.0,8.0,20.0,24.0,0.5,,6.374983385533969E-4,0.011367927462487626,0.04972487040716496,0.8866983420740349,
3908,Q7TQH0_S337___2,,0.7453559924999303,2.599974000259997E-4,0.06212637873621263,COS,24.0,8.0,20.0,8.0,20.0,24.0,0.5,,2.825417584497489E-5,0.005835764267952787,0.0022038257159080416,0.45518961290031734,
3909,Q7TSC1_S759___2,,0.4099457958749617,0.18751812481875182,0.7309536040039274,ACOS,24.0,10.0,2.0,10.0,2.0,24.0,0.33,,0.013386385243419103,0.05218069745375196,1.04413804898669,1.0,
3910,Q7TSC1_S761___2,,0.4099457958749617,0.18751812481875182,0.7309536040039274,ACOS,24.0,10.0,2.0,10.0,2.0,24.0,0.33,,0.013386385243419103,0.05218069745375196,1.04413804898669,1.0,
3911,Q7TSC1_S808___2,,0.5590169943749478,0.023459765402345976,0.28673713262867373,COS,24.0,8.0,20.0,8.0,20.0,24.0,0.5,,0.0012630300532244254,0.015437392901175266,0.09851634415150518,1.0,
3912,Q7TSC1_S1087___2,,0.2236067977499791,0.6875131248687513,0.9836522870292533,ACOS,24.0,20.0,6.0,20.0,6.0,24.0,0.58,,0.11350807917025535,0.16368591139247143,8.853630175279918,1.0,
3913,Q7TSC1_S1090___2,,0.20497289793748086,0.7500124998750013,0.9836522870292533,ACOS,24.0,2.0,2.0,2.0,2.0,24.0,0.0,,0.13405890065957154,0.18041889221405025,10.45659425144658,1.0,
3914,Q7TSH6_S1161___2,,0.3913118960624634,0.21876781232187678,0.7543227814475101,COS,24.0,14.0,2.0,14.0,2.0,24.0,0.5,,0.017251591034782986,0.059484382074478995,1.345624100713073,1.0,
3915,Q7TSH6_S1167___2,,0.3913118960624634,0.21876781232187678,0.7543227814475101,COS,24.0,14.0,2.0,14.0,2.0,24.0,0.5,,0.017251591034782986,0.059484382074478995,1.345624100713073,1.0,
3916,Q7TSI3_S668___2,,0.18633899812498259,0.8125118748812512,0.9836522870292533,ACOS,24.0,4.0,14.0,4.0,14.0,24.0,0.58,,0.15703129585716225,0.19764355093531163,12.248441076858654,1.0,
3917,Q80TH2_S599___2,,0.37267799624996517,0.25001749982500177,0.783497463386022,ACOS,24.0,8.0,8.0,8.0,8.0,24.0,0.0,,0.02203270318362918,0.06904543509151728,1.718550848323076,1.0,
3918,Q80TH2_S600___2,,0.37267799624996517,0.25001749982500177,0.783497463386022,ACOS,24.0,8.0,8.0,8.0,8.0,24.0,0.0,,0.02203270318362918,0.06904543509151728,1.718550848323076,1.0,
3919,Q80TJ7_S790___2,,0.24224069756247738,0.6250137498625014,0.9735791103627425,ACOS,24.0,14.0,14.0,14.0,14.0,24.0,0.0,,0.0953088004769263,0.14846178535828905,7.434086437200252,1.0,
3920,Q80TJ7_S797___2,,0.24224069756247738,0.6250137498625014,0.9735791103627425,ACOS,24.0,14.0,14.0,14.0,14.0,24.0,0.0,,0.0953088004769263,0.14846178535828905,7.434086437200252,1.0,
3921,Q80TQ2_S543___2,,0.29814239699997214,0.43751562484375156,0.8852189547537208,ACOS,24.0,8.0,16.0,8.0,16.0,24.0,0.67,,0.05361444160464873,0.10847731432202215,4.181926445162601,1.0,
3922,Q80TQ2_S548___2,,0.29814239699997214,0.43751562484375156,0.8852189547537208,ACOS,24.0,8.0,16.0,8.0,16.0,24.0,0.67,,0.05361444160464873,0.10847731432202215,4.181926445162601,1.0,
3923,Q80TQ2_S414___2,,0.26087459737497565,0.5625143748562514,0.9536205028159013,ACOS,24.0,22.0,16.0,22.0,16.0,24.0,0.25,,0.07935437224874475,0.1345280400768894,6.189641035402091,1.0,
3924,Q80TQ2_S418___2,,0.26087459737497565,0.5625143748562514,0.9536205028159013,ACOS,24.0,22.0,16.0,22.0,16.0,24.0,0.25,,0.07935437224874475,0.1345280400768894,6.189641035402091,1.0,
3925,Q80VI1_S454___2,,0.20497289793748086,0.7500124998750013,0.9836522870292533,COS,24.0,8.0,20.0,8.0,20.0,24.0,0.5,,0.13405890065957154,0.18041889221405025,10.45659425144658,1.0,
3926,Q80VI1_S450___2,,0.20497289793748086,0.7500124998750013,0.9836522870292533,COS,24.0,8.0,20.0,8.0,20.0,24.0,0.5,,0.13405890065957154,0.18041889221405025,10.45659425144658,1.0,
3927,Q80VP1_S453___2,,0.26087459737497565,0.5625143748562514,0.9536205028159013,ACOS,24.0,16.0,22.0,16.0,22.0,24.0,0.75,,0.07935437224874475,0.1345280400768894,6.189641035402091,1.0,
3928,Q80X80_S613___2,,0.3354101966249687,0.34376656233437664,0.8386535601185869,ACOS,24.0,20.0,4.0,20.0,4.0,24.0,0.67,,0.03498372787327912,0.08730403942892999,2.7287307741157716,1.0,
3929,Q80YV2_S353___2,,0.2236067977499791,0.6875131248687513,0.9836522870292533,ACOS,24.0,8.0,16.0,8.0,16.0,24.0,0.67,,0.11350807917025535,0.16368591139247143,8.853630175279918,1.0,
3930,Q80YV2_S369___2,,0.2795084971874739,0.5000149998500015,0.9204821588147755,ACOS,24.0,14.0,14.0,14.0,14.0,24.0,0.0,,0.06550881647134288,0.1205957757767903,5.1096876847647446,1.0,
3931,Q810A7_S109___2,,0.14907119849998607,0.8750112498875011,0.9836522870292533,ACOS,24.0,14.0,14.0,14.0,14.0,24.0,0.0,,0.21029812498078254,0.23917533062426458,16.403253748501037,1.0,
3932,Q810A7_S111___2,,0.14907119849998607,0.8750112498875011,0.9836522870292533,ACOS,24.0,14.0,14.0,14.0,14.0,24.0,0.0,,0.21029812498078254,0.23917533062426458,16.403253748501037,1.0,
3933,Q812E0_S21___2,,0.26087459737497565,0.5625143748562514,0.9536205028159013,ACOS,24.0,22.0,16.0,22.0,16.0,24.0,0.25,,0.07935437224874475,0.1345280400768894,6.189641035402091,1.0,
3934,Q812E0_S24___2,,0.26087459737497565,0.5625143748562514,0.9536205028159013,ACOS,24.0,22.0,16.0,22.0,16.0,24.0,0.25,,0.07935437224874475,0.1345280400768894,6.189641035402091,1.0,
3935,Q8BGB2_S690___2,,0.14907119849998607,0.8750112498875011,0.9836522870292533,ACOS,24.0,14.0,16.0,14.0,16.0,24.0,0.92,,0.21029812498078254,0.23917533062426458,16.403253748501037,1.0,
3936,Q8BGC0_S441___2,,0.29814239699997214,0.43751562484375156,0.8852189547537208,ACOS,24.0,14.0,14.0,14.0,14.0,24.0,0.0,,0.05361444160464873,0.10847731432202215,4.181926445162601,1.0,
3937,Q8BGC0_S446___2,,0.29814239699997214,0.43751562484375156,0.8852189547537208,ACOS,24.0,14.0,14.0,14.0,14.0,24.0,0.0,,0.05361444160464873,0.10847731432202215,4.181926445162601,1.0,
3938,Q8BGD9_S406___2,,0.13043729868748782,0.9062609373906261,0.9836522870292533,ACOS,24.0,16.0,22.0,16.0,22.0,24.0,0.75,,0.24049416858204564,0.26103148572645835,18.75854514939956,1.0,
3939,Q8BGD9_S409___2,,0.13043729868748782,0.9062609373906261,0.9836522870292533,ACOS,24.0,16.0,22.0,16.0,22.0,24.0,0.75,,0.24049416858204564,0.26103148572645835,18.75854514939956,1.0,
3940,Q8BGD9_S498___2,,0.2795084971874739,0.5000149998500015,0.9204821588147755,COS,24.0,20.0,8.0,20.0,8.0,24.0,0.5,,0.06550881647134288,0.1205957757767903,5.1096876847647446,1.0,
3941,Q8BGD9_S504___2,,0.26087459737497565,0.5625143748562514,0.9536205028159013,ACOS,24.0,20.0,4.0,20.0,4.0,24.0,0.67,,0.07935437224874475,0.1345280400768894,6.189641035402091,1.0,
3942,Q8BGD9_S425___2,,0.6149186938124426,0.007829921700782993,0.17567697562460996,ACOS,24.0,14.0,4.0,14.0,4.0,24.0,0.42,,4.465174392780171E-4,0.010018341982674385,0.03482836026368533,0.7814306746486018,
3943,Q8BGQ1_S106___2,,0.7080881928749339,9.89990100098999E-4,0.09098389785332915,ACOS,24.0,4.0,20.0,4.0,20.0,24.0,0.33,,6.522978591822107E-5,0.005835764267952787,0.005087923301621243,0.45518961290031734,
3944,Q8BGQ1_S119___2,,0.6335525936249408,0.005879941200587994,0.1643288830269592,COS,24.0,8.0,20.0,8.0,20.0,24.0,0.5,,3.0978912629739484E-4,0.008657790845469297,0.0241635518511968,0.6753076859466053,
3945,Q8BGQ1_S124___2,,0.577650894187446,0.015639843601563983,0.22997788483653625,COS,24.0,8.0,20.0,8.0,20.0,24.0,0.5,,9.015710203196908E-4,0.013257255095716316,0.07032253958493588,1.0,
3946,Q8BGS0_S197___2,,0.16770509831248434,0.8437615623843762,0.9836522870292533,ACOS,24.0,22.0,22.0,22.0,22.0,24.0,0.0,,0.1824518756760124,0.21722409413444527,14.231246302728968,1.0,
3947,Q8BGS0_S199___2,,0.16770509831248434,0.8437615623843762,0.9836522870292533,ACOS,24.0,22.0,22.0,22.0,22.0,24.0,0.0,,0.1824518756760124,0.21722409413444527,14.231246302728968,1.0,
3948,Q8BI84_S1915___2,,0.577650894187446,0.015639843601563983,0.22997788483653625,ACOS,24.0,4.0,20.0,4.0,20.0,24.0,0.33,,9.015710203196908E-4,0.013257255095716316,0.07032253958493588,1.0,
3949,Q8BI84_S1917___2,,0.5590169943749478,0.023459765402345976,0.28673713262867373,ACOS,24.0,8.0,10.0,8.0,10.0,24.0,0.92,,0.0012630300532244254,0.015437392901175266,0.09851634415150518,1.0,
3950,Q8BI84_S1918___2,,0.5590169943749478,0.023459765402345976,0.28673713262867373,ACOS,24.0,4.0,20.0,4.0,20.0,24.0,0.33,,0.0012630300532244254,0.015437392901175266,0.09851634415150518,1.0,
3951,Q8BI84_S1754___2,,0.29814239699997214,0.43751562484375156,0.8852189547537208,ACOS,24.0,8.0,16.0,8.0,16.0,24.0,0.67,,0.05361444160464873,0.10847731432202215,4.181926445162601,1.0,
3952,Q8BJ34_S1686___2,,0.29814239699997214,0.43751562484375156,0.8852189547537208,ACOS,24.0,8.0,16.0,8.0,16.0,24.0,0.67,,0.05361444160464873,0.10847731432202215,4.181926445162601,1.0,
3953,Q8BK03_S220___2,,0.37267799624996517,0.25001749982500177,0.783497463386022,ACOS,24.0,10.0,2.0,10.0,2.0,24.0,0.33,,0.02203270318362918,0.06904543509151728,1.718550848323076,1.0,
3954,Q8BK03_S224___2,,0.3913118960624634,0.21876781232187678,0.7543227814475101,ACOS,24.0,10.0,2.0,10.0,2.0,24.0,0.33,,0.017251591034782986,0.059484382074478995,1.345624100713073,1.0,
3955,Q8BKI2_S1793___2,,0.2236067977499791,0.6875131248687513,0.9836522870292533,ACOS,24.0,14.0,14.0,14.0,14.0,24.0,0.0,,0.11350807917025535,0.16368591139247143,8.853630175279918,1.0,
3956,Q8BKI2_S1809___2,,0.2236067977499791,0.6875131248687513,0.9836522870292533,ACOS,24.0,14.0,14.0,14.0,14.0,24.0,0.0,,0.11350807917025535,0.16368591139247143,8.853630175279918,1.0,
3957,Q8BKX6_S3567___2,,0.6708203932499374,0.002949970500294997,0.1270081893775657,ACOS,24.0,8.0,16.0,8.0,16.0,24.0,0.67,,1.449047398848948E-4,0.006238736503692902,0.011302569711021794,0.4866214472880464,
3958,Q8BL97_S210___2,,0.3913118960624634,0.21876781232187678,0.7543227814475101,ACOS,24.0,2.0,2.0,2.0,2.0,24.0,0.0,,0.017251591034782986,0.059484382074478995,1.345624100713073,1.0,
3959,Q8BL97_S212___2,,0.3913118960624634,0.21876781232187678,0.7543227814475101,ACOS,24.0,2.0,2.0,2.0,2.0,24.0,0.0,,0.017251591034782986,0.059484382074478995,1.345624100713073,1.0,
3960,Q8BLK9_S634___2,,0.42857969568745996,0.15626843731562684,0.6959989393582299,ACOS,24.0,4.0,20.0,4.0,20.0,24.0,0.33,,0.010293111274975088,0.04584415543625904,0.8028626794480569,1.0,
3961,Q8BLK9_S638___2,,0.5962847939999443,0.011739882601173987,0.2093466378769048,ACOS,24.0,4.0,20.0,4.0,20.0,24.0,0.33,,6.374983385533969E-4,0.011367927462487626,0.04972487040716496,0.8866983420740349,
3962,Q8BLK9_S655___2,,0.16770509831248434,0.8437615623843762,0.9836522870292533,ACOS,24.0,4.0,20.0,4.0,20.0,24.0,0.33,,0.1824518756760124,0.21722409413444527,14.231246302728968,1.0,
3963,Q8BLK9_S661___2,,0.16770509831248434,0.8437615623843762,0.9836522870292533,ACOS,24.0,4.0,20.0,4.0,20.0,24.0,0.33,,0.1824518756760124,0.21722409413444527,14.231246302728968,1.0,
3964,Q8BLK9_S423___2,,0.24224069756247738,0.6250137498625014,0.9735791103627425,ACOS,24.0,20.0,14.0,20.0,14.0,24.0,0.25,,0.0953088004769263,0.14846178535828905,7.434086437200252,1.0,
3965,Q8BLK9_S426___2,,0.24224069756247738,0.6250137498625014,0.9735791103627425,ACOS,24.0,20.0,14.0,20.0,14.0,24.0,0.25,,0.0953088004769263,0.14846178535828905,7.434086437200252,1.0,
3966,Q8BLK9_S599___2,,0.5962847939999443,0.011739882601173987,0.2093466378769048,ACOS,24.0,2.0,18.0,2.0,18.0,24.0,0.33,,6.374983385533969E-4,0.011367927462487626,0.04972487040716496,0.8866983420740349,
3967,Q8BLK9_S602___2,,0.5962847939999443,0.011739882601173987,0.2093466378769048,ACOS,24.0,2.0,18.0,2.0,18.0,24.0,0.33,,6.374983385533969E-4,0.011367927462487626,0.04972487040716496,0.8866983420740349,
3968,Q8BP27_S67___2,,0.2795084971874739,0.5000149998500015,0.9204821588147755,ACOS,24.0,16.0,22.0,16.0,22.0,24.0,0.75,,0.06550881647134288,0.1205957757767903,5.1096876847647446,1.0,
3969,Q8BP27_S71___2,,0.18633899812498259,0.8125118748812512,0.9836522870292533,ACOS,24.0,14.0,16.0,14.0,16.0,24.0,0.92,,0.15703129585716225,0.19764355093531163,12.248441076858654,1.0,
3970,Q8BPN8_S1141___2,,0.3354101966249687,0.34376656233437664,0.8386535601185869,ACOS,24.0,4.0,20.0,4.0,20.0,24.0,0.33,,0.03498372787327912,0.08730403942892999,2.7287307741157716,1.0,
3971,Q8BPN8_S1144___2,,0.3354101966249687,0.34376656233437664,0.8386535601185869,ACOS,24.0,4.0,20.0,4.0,20.0,24.0,0.33,,0.03498372787327912,0.08730403942892999,2.7287307741157716,1.0,
3972,Q8BSE0_S142___2,,0.3354101966249687,0.34376656233437664,0.8386535601185869,ACOS,24.0,20.0,4.0,20.0,4.0,24.0,0.67,,0.03498372787327912,0.08730403942892999,2.7287307741157716,1.0,
3973,Q8BSE0_S148___2,,0.3354101966249687,0.34376656233437664,0.8386535601185869,ACOS,24.0,20.0,4.0,20.0,4.0,24.0,0.67,,0.03498372787327912,0.08730403942892999,2.7287307741157716,1.0,
3974,Q8BSM7_S267___2,,0.20497289793748086,0.7500124998750013,0.9836522870292533,ACOS,24.0,12.0,20.0,12.0,20.0,24.0,0.67,,0.13405890065957154,0.18041889221405025,10.45659425144658,1.0,
3975,Q8BSM7_S277___2,,0.20497289793748086,0.7500124998750013,0.9836522870292533,ACOS,24.0,14.0,16.0,14.0,16.0,24.0,0.92,,0.13405890065957154,0.18041889221405025,10.45659425144658,1.0,
3976,Q8BTI8_S1276___2,,0.26087459737497565,0.5625143748562514,0.9536205028159013,ACOS,24.0,14.0,6.0,14.0,6.0,24.0,0.33,,0.07935437224874475,0.1345280400768894,6.189641035402091,1.0,
3977,Q8BTI8_S1229___2,,0.20497289793748086,0.7500124998750013,0.9836522870292533,ACOS,24.0,14.0,6.0,14.0,6.0,24.0,0.33,,0.13405890065957154,0.18041889221405025,10.45659425144658,1.0,
3978,Q8BTI8_S1230___2,,0.20497289793748086,0.7500124998750013,0.9836522870292533,ACOS,24.0,14.0,6.0,14.0,6.0,24.0,0.33,,0.13405890065957154,0.18041889221405025,10.45659425144658,1.0,
3979,Q8BTI8_S1048___2,,0.20497289793748086,0.7500124998750013,0.9836522870292533,ACOS,24.0,16.0,22.0,16.0,22.0,24.0,0.75,,0.13405890065957154,0.18041889221405025,10.45659425144658,1.0,
3980,Q8BTI8_S1068___2,,0.5590169943749478,0.023459765402345976,0.28673713262867373,ACOS,24.0,20.0,4.0,20.0,4.0,24.0,0.67,,0.0012630300532244254,0.015437392901175266,0.09851634415150518,1.0,
3981,Q8BTI8_S2073___2,,0.13043729868748782,0.9062609373906261,0.9836522870292533,COS,24.0,8.0,20.0,8.0,20.0,24.0,0.5,,0.24049416858204564,0.26103148572645835,18.75854514939956,1.0,
3982,Q8BTI8_S2075___2,,0.09316949906249129,0.968760312396876,0.9974177898103224,COS,24.0,8.0,20.0,8.0,20.0,24.0,0.5,,0.30735312441432305,0.3173127201503672,23.973543704317198,1.0,
3983,Q8BTI8_S850___2,,0.20497289793748086,0.7500124998750013,0.9836522870292533,ACOS,24.0,10.0,2.0,10.0,2.0,24.0,0.33,,0.13405890065957154,0.18041889221405025,10.45659425144658,1.0,
3984,Q8BTI8_S851___2,,0.20497289793748086,0.7500124998750013,0.9836522870292533,ACOS,24.0,10.0,2.0,10.0,2.0,24.0,0.33,,0.13405890065957154,0.18041889221405025,10.45659425144658,1.0,
3985,Q8BTI8_S2656___2,,0.11180339887498955,0.937510624893751,0.9899167645530791,ACOS,24.0,16.0,16.0,16.0,16.0,24.0,0.0,,0.2729083801775865,0.2881637536165899,21.286853653851747,1.0,
3986,Q8BTI8_S2660___2,,0.11180339887498955,0.937510624893751,0.9899167645530791,ACOS,24.0,16.0,16.0,16.0,16.0,24.0,0.0,,0.2729083801775865,0.2881637536165899,21.286853653851747,1.0,
3987,Q8BTI8_S1339___2,,0.42857969568745996,0.15626843731562684,0.6959989393582299,ACOS,24.0,10.0,2.0,10.0,2.0,24.0,0.33,,0.010293111274975088,0.04584415543625904,0.8028626794480569,1.0,
3988,Q8BTI8_S1343___2,,0.46584749531245645,0.0937690623093769,0.5471579350140564,ACOS,24.0,10.0,2.0,10.0,2.0,24.0,0.33,,0.005920711107451196,0.03454832525336907,0.4618154663811933,1.0,
3989,Q8BTI8_S349___2,,0.13043729868748782,0.9062609373906261,0.9836522870292533,ACOS,24.0,16.0,16.0,16.0,16.0,24.0,0.0,,0.24049416858204564,0.26103148572645835,18.75854514939956,1.0,
3990,Q8BTI8_S351___2,,0.13043729868748782,0.9062609373906261,0.9836522870292533,ACOS,24.0,16.0,16.0,16.0,16.0,24.0,0.0,,0.24049416858204564,0.26103148572645835,18.75854514939956,1.0,
3991,Q8BTI8_S829___2,,0.3167762968124704,0.37501624983750165,0.8386535601185869,ACOS,24.0,8.0,16.0,8.0,16.0,24.0,0.67,,0.04349923101882863,0.097277877884409,3.392940019468633,1.0,
3992,Q8BTI8_S2648___2,,0.6149186938124426,0.007829921700782993,0.17567697562460996,ACOS,24.0,14.0,6.0,14.0,6.0,24.0,0.33,,4.465174392780171E-4,0.010018341982674385,0.03482836026368533,0.7814306746486018,
3993,Q8BTI8_S982___2,,0.18633899812498259,0.8125118748812512,0.9836522870292533,ACOS,24.0,14.0,18.0,14.0,18.0,24.0,0.83,,0.15703129585716225,0.19764355093531163,12.248441076858654,1.0,
3994,Q8BTI8_S1878___2,,0.18633899812498259,0.8125118748812512,0.9836522870292533,ACOS,24.0,20.0,20.0,20.0,20.0,24.0,0.0,,0.15703129585716225,0.19764355093531163,12.248441076858654,1.0,
3995,Q8BTI8_S1077___2,,0.577650894187446,0.015639843601563983,0.22997788483653625,ACOS,24.0,20.0,4.0,20.0,4.0,24.0,0.67,,9.015710203196908E-4,0.013257255095716316,0.07032253958493588,1.0,
3996,Q8BTI8_S882___2,,0.03726779962499652,0.998060019399806,0.9997391989244612,ACOS,24.0,20.0,0.0,20.0,0.0,24.0,0.83,,0.42021370096225497,0.42109483684181515,32.77666867505589,1.0,
3997,Q8BTI8_S1360___2,,0.3540440964374669,0.3125168748312517,0.8386535601185869,COS,24.0,20.0,8.0,20.0,8.0,24.0,0.5,,0.027887169552556004,0.07848809381134579,2.175199225099368,1.0,
3998,Q8BTY2_S238___2,,0.577650894187446,0.015639843601563983,0.22997788483653625,ACOS,24.0,4.0,20.0,4.0,20.0,24.0,0.33,,9.015710203196908E-4,0.013257255095716316,0.07032253958493588,1.0,
3999,Q8BTY2_S250___2,,0.577650894187446,0.015639843601563983,0.22997788483653625,ACOS,24.0,4.0,20.0,4.0,20.0,24.0,0.33,,9.015710203196908E-4,0.013257255095716316,0.07032253958493588,1.0,
4000,Q8BU03_S895___2,,0.24224069756247738,0.6250137498625014,0.9735791103627425,ACOS,24.0,10.0,2.0,10.0,2.0,24.0,0.33,,0.0953088004769263,0.14846178535828905,7.434086437200252,1.0,
4001,Q8BU03_S898___2,,0.24224069756247738,0.6250137498625014,0.9735791103627425,ACOS,24.0,10.0,2.0,10.0,2.0,24.0,0.33,,0.0953088004769263,0.14846178535828905,7.434086437200252,1.0,
4002,Q8BUV3_S188___2,,0.09316949906249129,0.968760312396876,0.9974177898103224,ACOS,24.0,8.0,16.0,8.0,16.0,24.0,0.67,,0.30735312441432305,0.3173127201503672,23.973543704317198,1.0,
4003,Q8BUV3_S194___2,,0.09316949906249129,0.968760312396876,0.9974177898103224,ACOS,24.0,8.0,16.0,8.0,16.0,24.0,0.67,,0.30735312441432305,0.3173127201503672,23.973543704317198,1.0,
4004,Q8BWS5_S323___2,,0.13043729868748782,0.9062609373906261,0.9836522870292533,ACOS,24.0,14.0,16.0,14.0,16.0,24.0,0.92,,0.24049416858204564,0.26103148572645835,18.75854514939956,1.0,
4005,Q8BX17_S1410___2,,0.11180339887498955,0.937510624893751,0.9899167645530791,ACOS,24.0,22.0,22.0,22.0,22.0,24.0,0.0,,0.2729083801775865,0.2881637536165899,21.286853653851747,1.0,
4006,Q8BX17_S1414___2,,0.11180339887498955,0.937510624893751,0.9899167645530791,ACOS,24.0,22.0,22.0,22.0,22.0,24.0,0.0,,0.2729083801775865,0.2881637536165899,21.286853653851747,1.0,
4007,Q8BXB6_S21___2,,0.6521864934374391,0.003919960800391996,0.13674082237279817,ACOS,24.0,20.0,4.0,20.0,4.0,24.0,0.67,,2.1288795232688796E-4,0.007426215504891954,0.01660526028149726,0.5792448093815723,
4008,Q8BXB6_S27___2,,0.6521864934374391,0.003919960800391996,0.13674082237279817,ACOS,24.0,20.0,4.0,20.0,4.0,24.0,0.67,,2.1288795232688796E-4,0.007426215504891954,0.01660526028149726,0.5792448093815723,
4009,Q8C0D4_S238___2,,0.26087459737497565,0.5625143748562514,0.9536205028159013,ACOS,24.0,8.0,8.0,8.0,8.0,24.0,0.0,,0.07935437224874475,0.1345280400768894,6.189641035402091,1.0,
4010,Q8C0T5_S1687___2,,0.37267799624996517,0.25001749982500177,0.783497463386022,ACOS,24.0,4.0,14.0,4.0,14.0,24.0,0.58,,0.02203270318362918,0.06904543509151728,1.718550848323076,1.0,
4011,Q8C1D8_S343___2,,0.3167762968124704,0.37501624983750165,0.8386535601185869,ACOS,24.0,2.0,2.0,2.0,2.0,24.0,0.0,,0.04349923101882863,0.097277877884409,3.392940019468633,1.0,
4012,Q8C1D8_S345___2,,0.3167762968124704,0.37501624983750165,0.8386535601185869,ACOS,24.0,2.0,2.0,2.0,2.0,24.0,0.0,,0.04349923101882863,0.097277877884409,3.392940019468633,1.0,
4013,Q8C1D8_S209___2,,0.11180339887498955,0.937510624893751,0.9899167645530791,ACOS,24.0,22.0,16.0,22.0,16.0,24.0,0.25,,0.2729083801775865,0.2881637536165899,21.286853653851747,1.0,
4014,Q8C1D8_S211___2,,0.11180339887498955,0.937510624893751,0.9899167645530791,ACOS,24.0,22.0,16.0,22.0,16.0,24.0,0.25,,0.2729083801775865,0.2881637536165899,21.286853653851747,1.0,
4015,Q8C1D8_S366___2,,0.5590169943749478,0.023459765402345976,0.28673713262867373,ACOS,24.0,10.0,2.0,10.0,2.0,24.0,0.33,,0.0012630300532244254,0.015437392901175266,0.09851634415150518,1.0,
4016,Q8C1D8_S368___2,,0.5590169943749478,0.023459765402345976,0.28673713262867373,ACOS,24.0,10.0,2.0,10.0,2.0,24.0,0.33,,0.0012630300532244254,0.015437392901175266,0.09851634415150518,1.0,
4017,Q8C5W3_S41___2,,0.29814239699997214,0.43751562484375156,0.8852189547537208,COS,24.0,14.0,2.0,14.0,2.0,24.0,0.5,,0.05361444160464873,0.10847731432202215,4.181926445162601,1.0,
4018,Q8C7E7_S220___2,,0.6894542930624356,0.001969980300196998,0.11768169818301817,COS,24.0,8.0,20.0,8.0,20.0,24.0,0.5,,9.769013212726992E-5,0.005835764267952787,0.007619830305927054,0.45518961290031734,
4019,Q8C7E7_S223___2,,0.6894542930624356,0.001969980300196998,0.11768169818301817,COS,24.0,8.0,20.0,8.0,20.0,24.0,0.5,,9.769013212726992E-5,0.005835764267952787,0.007619830305927054,0.45518961290031734,
4020,Q8C9B9_S802___2,,0.2795084971874739,0.5000149998500015,0.9204821588147755,ACOS,24.0,20.0,4.0,20.0,4.0,24.0,0.67,,0.06550881647134288,0.1205957757767903,5.1096876847647446,1.0,
4021,Q8C9B9_S806___2,,0.2795084971874739,0.5000149998500015,0.9204821588147755,ACOS,24.0,20.0,4.0,20.0,4.0,24.0,0.67,,0.06550881647134288,0.1205957757767903,5.1096876847647446,1.0,
4022,Q8CCF0_S450___2,,0.24224069756247738,0.6250137498625014,0.9735791103627425,ACOS,24.0,12.0,18.0,12.0,18.0,24.0,0.75,,0.0953088004769263,0.14846178535828905,7.434086437200252,1.0,
4023,Q8CGB6_S830___2,,0.14907119849998607,0.8750112498875011,0.9836522870292533,ACOS,24.0,4.0,14.0,4.0,14.0,24.0,0.58,,0.21029812498078254,0.23917533062426458,16.403253748501037,1.0,
4024,Q8CGB6_S832___2,,0.18633899812498259,0.8125118748812512,0.9836522870292533,ACOS,24.0,4.0,4.0,4.0,4.0,24.0,0.0,,0.15703129585716225,0.19764355093531163,12.248441076858654,1.0,
4025,Q8CGB6_S820___2,,0.16770509831248434,0.8437615623843762,0.9836522870292533,ACOS,24.0,22.0,22.0,22.0,22.0,24.0,0.0,,0.1824518756760124,0.21722409413444527,14.231246302728968,1.0,
4026,Q8CGB6_S825___2,,0.16770509831248434,0.8437615623843762,0.9836522870292533,ACOS,24.0,22.0,22.0,22.0,22.0,24.0,0.0,,0.1824518756760124,0.21722409413444527,14.231246302728968,1.0,
4027,Q8CGB6_S455___2,,0.07453559924999303,0.984390156098439,0.9974177898103224,ACOS,24.0,14.0,14.0,14.0,14.0,24.0,0.0,,0.34358681309626693,0.3483244335568646,26.799771421508822,1.0,
4028,Q8CGB6_S466___2,,0.07453559924999303,0.984390156098439,0.9974177898103224,ACOS,24.0,14.0,14.0,14.0,14.0,24.0,0.0,,0.34358681309626693,0.3483244335568646,26.799771421508822,1.0,
4029,Q8CGF1_S171___2,,0.5590169943749478,0.023459765402345976,0.28673713262867373,ACOS,24.0,8.0,16.0,8.0,16.0,24.0,0.67,,0.0012630300532244254,0.015437392901175266,0.09851634415150518,1.0,
4030,Q8CGF1_S176___2,,0.5403830945624495,0.031269687303126965,0.31931161457616186,ACOS,24.0,8.0,16.0,8.0,16.0,24.0,0.67,,0.0017528052122483628,0.01789883784045924,0.1367188065553723,1.0,
4031,Q8CGF1_S179___2,,0.5217491947499513,0.04689953100468995,0.4127676955274646,ACOS,24.0,8.0,16.0,8.0,16.0,24.0,0.67,,0.0024097615294134673,0.021208564178760516,0.18796139929425046,1.0,
4032,Q8CGZ0_S826___2,,0.24224069756247738,0.6250137498625014,0.9735791103627425,ACOS,24.0,4.0,2.0,4.0,2.0,24.0,0.08,,0.0953088004769263,0.14846178535828905,7.434086437200252,1.0,
4033,Q8CH25_S549___2,,0.4099457958749617,0.18751812481875182,0.7309536040039274,COS,24.0,8.0,20.0,8.0,20.0,24.0,0.5,,0.013386385243419103,0.05218069745375196,1.04413804898669,1.0,
4034,Q8CH25_S550___2,,0.4099457958749617,0.18751812481875182,0.7309536040039274,COS,24.0,8.0,20.0,8.0,20.0,24.0,0.5,,0.013386385243419103,0.05218069745375196,1.04413804898669,1.0,
4035,Q8CH25_S552___2,,0.4099457958749617,0.18751812481875182,0.7309536040039274,COS,24.0,8.0,20.0,8.0,20.0,24.0,0.5,,0.013386385243419103,0.05218069745375196,1.04413804898669,1.0,
4036,Q8CHY6_S96___2,,0.24224069756247738,0.6250137498625014,0.9735791103627425,ACOS,24.0,14.0,4.0,14.0,4.0,24.0,0.42,,0.0953088004769263,0.14846178535828905,7.434086437200252,1.0,
4037,Q8CHY6_S110___2,,0.24224069756247738,0.6250137498625014,0.9735791103627425,ACOS,24.0,16.0,12.0,16.0,12.0,24.0,0.17,,0.0953088004769263,0.14846178535828905,7.434086437200252,1.0,
4038,Q8CI08_S316___2,,0.3167762968124704,0.37501624983750165,0.8386535601185869,ACOS,24.0,14.0,14.0,14.0,14.0,24.0,0.0,,0.04349923101882863,0.097277877884409,3.392940019468633,1.0,
4039,Q8CI08_S324___2,,0.3167762968124704,0.37501624983750165,0.8386535601185869,ACOS,24.0,14.0,14.0,14.0,14.0,24.0,0.0,,0.04349923101882863,0.097277877884409,3.392940019468633,1.0,
4040,Q8CI59_S55___2,,0.2236067977499791,0.6875131248687513,0.9836522870292533,ACOS,24.0,22.0,20.0,22.0,20.0,24.0,0.08,,0.11350807917025535,0.16368591139247143,8.853630175279918,1.0,
4041,Q8CI59_S58___2,,0.2236067977499791,0.6875131248687513,0.9836522870292533,ACOS,24.0,22.0,20.0,22.0,20.0,24.0,0.08,,0.11350807917025535,0.16368591139247143,8.853630175279918,1.0,
4042,Q8CIN4_S152___2,,0.055901699437494776,0.99220007799922,0.9974177898103224,ACOS,24.0,14.0,14.0,14.0,14.0,24.0,0.0,,0.3813183256938952,0.38332357561866326,29.742829404123825,1.0,
4043,Q8CIN4_S141___2,,0.055901699437494776,0.99220007799922,0.9974177898103224,ACOS,24.0,14.0,14.0,14.0,14.0,24.0,0.0,,0.3813183256938952,0.38332357561866326,29.742829404123825,1.0,
4044,Q8CJ53_S296___2,,0.3540440964374669,0.3125168748312517,0.8386535601185869,ACOS,24.0,20.0,4.0,20.0,4.0,24.0,0.67,,0.027887169552556004,0.07848809381134579,2.175199225099368,1.0,
4045,Q8JZQ9_S68___2,,0.7080881928749339,9.89990100098999E-4,0.09098389785332915,ACOS,24.0,16.0,8.0,16.0,8.0,24.0,0.33,,6.522978591822107E-5,0.005835764267952787,0.005087923301621243,0.45518961290031734,
4046,Q8JZQ9_S75___2,,0.6335525936249408,0.005879941200587994,0.1643288830269592,ACOS,24.0,16.0,8.0,16.0,8.0,24.0,0.33,,3.0978912629739484E-4,0.008657790845469297,0.0241635518511968,0.6753076859466053,
4047,Q8JZQ9_S79___2,,0.29814239699997214,0.43751562484375156,0.8852189547537208,ACOS,24.0,14.0,16.0,14.0,16.0,24.0,0.92,,0.05361444160464873,0.10847731432202215,4.181926445162601,1.0,
4048,Q8JZQ9_S143___2,,0.16770509831248434,0.8437615623843762,0.9836522870292533,ACOS,24.0,22.0,22.0,22.0,22.0,24.0,0.0,,0.1824518756760124,0.21722409413444527,14.231246302728968,1.0,
4049,Q8JZQ9_S153___2,,0.16770509831248434,0.8437615623843762,0.9836522870292533,ACOS,24.0,22.0,22.0,22.0,22.0,24.0,0.0,,0.1824518756760124,0.21722409413444527,14.231246302728968,1.0,
4050,Q8JZQ9_S120___2,,0.14907119849998607,0.8750112498875011,0.9836522870292533,ACOS,24.0,16.0,22.0,16.0,22.0,24.0,0.75,,0.21029812498078254,0.23917533062426458,16.403253748501037,1.0,
4051,Q8JZQ9_S123___2,,0.14907119849998607,0.8750112498875011,0.9836522870292533,ACOS,24.0,16.0,22.0,16.0,22.0,24.0,0.75,,0.21029812498078254,0.23917533062426458,16.403253748501037,1.0,
4052,Q8JZQ9_S37___2,,0.26087459737497565,0.5625143748562514,0.9536205028159013,ACOS,24.0,20.0,4.0,20.0,4.0,24.0,0.67,,0.07935437224874475,0.1345280400768894,6.189641035402091,1.0,
4053,Q8JZQ9_S40___2,,0.26087459737497565,0.5625143748562514,0.9536205028159013,ACOS,24.0,20.0,4.0,20.0,4.0,24.0,0.67,,0.07935437224874475,0.1345280400768894,6.189641035402091,1.0,
4054,Q8K019_S383___2,,0.13043729868748782,0.9062609373906261,0.9836522870292533,ACOS,24.0,16.0,22.0,16.0,22.0,24.0,0.75,,0.24049416858204564,0.26103148572645835,18.75854514939956,1.0,
4055,Q8K019_S387___2,,0.13043729868748782,0.9062609373906261,0.9836522870292533,ACOS,24.0,16.0,22.0,16.0,22.0,24.0,0.75,,0.24049416858204564,0.26103148572645835,18.75854514939956,1.0,
4056,Q8K019_S395___2,,0.16770509831248434,0.8437615623843762,0.9836522870292533,ACOS,24.0,14.0,14.0,14.0,14.0,24.0,0.0,,0.1824518756760124,0.21722409413444527,14.231246302728968,1.0,
4057,Q8K0B2_S525___2,,0.07453559924999303,0.984390156098439,0.9974177898103224,ACOS,24.0,10.0,8.0,10.0,8.0,24.0,0.08,,0.34358681309626693,0.3483244335568646,26.799771421508822,1.0,
4058,Q8K1N2_S510___2,,0.4472135954999582,0.12501874981250188,0.6403693519334903,ACOS,24.0,4.0,0.0,4.0,0.0,24.0,0.17,,0.007842546279573382,0.04017098464103022,0.6117186098067239,1.0,
4059,Q8K1N2_S486___2,,0.13043729868748782,0.9062609373906261,0.9836522870292533,ACOS,24.0,20.0,4.0,20.0,4.0,24.0,0.67,,0.24049416858204564,0.26103148572645835,18.75854514939956,1.0,
4060,Q8K1N2_S490___2,,0.13043729868748782,0.9062609373906261,0.9836522870292533,ACOS,24.0,20.0,4.0,20.0,4.0,24.0,0.67,,0.24049416858204564,0.26103148572645835,18.75854514939956,1.0,
4061,Q8K2K6_S181___2,,0.503115294937453,0.06251937480625194,0.49060770476039084,ACOS,24.0,4.0,20.0,4.0,20.0,24.0,0.33,,0.0032820864904672107,0.025755486597607225,0.2560027462564424,1.0,
4062,Q8K2K6_S167___2,,0.5403830945624495,0.031269687303126965,0.31931161457616186,ACOS,24.0,4.0,20.0,4.0,20.0,24.0,0.33,,0.0017528052122483628,0.01789883784045924,0.1367188065553723,1.0,
4063,Q8K2L8_S125___2,,0.09316949906249129,0.968760312396876,0.9974177898103224,ACOS,24.0,8.0,16.0,8.0,16.0,24.0,0.67,,0.30735312441432305,0.3173127201503672,23.973543704317198,1.0,
4064,Q8K2L8_S128___2,,0.29814239699997214,0.43751562484375156,0.8852189547537208,ACOS,24.0,8.0,8.0,8.0,8.0,24.0,0.0,,0.05361444160464873,0.10847731432202215,4.181926445162601,1.0,
4065,Q8K3K8_S218___2,,0.3540440964374669,0.3125168748312517,0.8386535601185869,ACOS,24.0,22.0,20.0,22.0,20.0,24.0,0.08,,0.027887169552556004,0.07848809381134579,2.175199225099368,1.0,
4066,Q8K3X4_S636___2,,0.3167762968124704,0.37501624983750165,0.8386535601185869,ACOS,24.0,4.0,20.0,4.0,20.0,24.0,0.33,,0.04349923101882863,0.097277877884409,3.392940019468633,1.0,
4067,Q8K3X4_S638___2,,0.24224069756247738,0.6250137498625014,0.9735791103627425,ACOS,24.0,4.0,20.0,4.0,20.0,24.0,0.33,,0.0953088004769263,0.14846178535828905,7.434086437200252,1.0,
4068,Q8K3X4_S641___2,,0.3167762968124704,0.37501624983750165,0.8386535601185869,ACOS,24.0,16.0,8.0,16.0,8.0,24.0,0.33,,0.04349923101882863,0.097277877884409,3.392940019468633,1.0,
4069,Q8K4G5_S466___2,,0.16770509831248434,0.8437615623843762,0.9836522870292533,ACOS,24.0,8.0,16.0,8.0,16.0,24.0,0.67,,0.1824518756760124,0.21722409413444527,14.231246302728968,1.0,
4070,Q8K4G5_S470___2,,0.29814239699997214,0.43751562484375156,0.8852189547537208,ACOS,24.0,8.0,16.0,8.0,16.0,24.0,0.67,,0.05361444160464873,0.10847731432202215,4.181926445162601,1.0,
4071,Q8K4G5_S494___2,,0.6335525936249408,0.005879941200587994,0.1643288830269592,ACOS,24.0,4.0,20.0,4.0,20.0,24.0,0.33,,3.0978912629739484E-4,0.008657790845469297,0.0241635518511968,0.6753076859466053,
4072,Q8K4G5_S499___2,,0.5962847939999443,0.011739882601173987,0.2093466378769048,ACOS,24.0,4.0,20.0,4.0,20.0,24.0,0.33,,6.374983385533969E-4,0.011367927462487626,0.04972487040716496,0.8866983420740349,
4073,Q8K4G5_S502___2,,0.5590169943749478,0.023459765402345976,0.28673713262867373,ACOS,24.0,10.0,20.0,10.0,20.0,24.0,0.58,,0.0012630300532244254,0.015437392901175266,0.09851634415150518,1.0,
4074,Q8K4L3_S234___2,,0.5217491947499513,0.04689953100468995,0.4127676955274646,ACOS,24.0,8.0,18.0,8.0,18.0,24.0,0.58,,0.0024097615294134673,0.021208564178760516,0.18796139929425046,1.0,
4075,Q8K4L3_S241___2,,0.4472135954999582,0.12501874981250188,0.6403693519334903,ACOS,24.0,8.0,16.0,8.0,16.0,24.0,0.67,,0.007842546279573382,0.04017098464103022,0.6117186098067239,1.0,
4076,Q8K4L3_S248___2,,0.4099457958749617,0.18751812481875182,0.7309536040039274,ACOS,24.0,8.0,16.0,8.0,16.0,24.0,0.67,,0.013386385243419103,0.05218069745375196,1.04413804898669,1.0,
4077,Q8K4L3_S227___2,,0.6894542930624356,0.001969980300196998,0.11768169818301817,COS,24.0,8.0,20.0,8.0,20.0,24.0,0.5,,9.769013212726992E-5,0.005835764267952787,0.007619830305927054,0.45518961290031734,
4078,Q8K4Q0_S859___2,,0.13043729868748782,0.9062609373906261,0.9836522870292533,COS,24.0,14.0,2.0,14.0,2.0,24.0,0.5,,0.24049416858204564,0.26103148572645835,18.75854514939956,1.0,
4079,Q8K4Q0_S863___2,,0.13043729868748782,0.9062609373906261,0.9836522870292533,COS,24.0,14.0,2.0,14.0,2.0,24.0,0.5,,0.24049416858204564,0.26103148572645835,18.75854514939956,1.0,
4080,Q8K4R4_S270___2,,0.2236067977499791,0.6875131248687513,0.9836522870292533,ACOS,24.0,4.0,2.0,4.0,2.0,24.0,0.08,,0.11350807917025535,0.16368591139247143,8.853630175279918,1.0,
4081,Q8N7N5_S123___2,,0.3540440964374669,0.3125168748312517,0.8386535601185869,ACOS,24.0,14.0,4.0,14.0,4.0,24.0,0.42,,0.027887169552556004,0.07848809381134579,2.175199225099368,1.0,
4082,Q8N7N5_S124___2,,0.3167762968124704,0.37501624983750165,0.8386535601185869,ACOS,24.0,14.0,4.0,14.0,4.0,24.0,0.42,,0.04349923101882863,0.097277877884409,3.392940019468633,1.0,
4083,Q8N7N5_S118___2,,0.11180339887498955,0.937510624893751,0.9899167645530791,ACOS,24.0,16.0,16.0,16.0,16.0,24.0,0.0,,0.2729083801775865,0.2881637536165899,21.286853653851747,1.0,
4084,Q8R1A4_S896___2,,0.3167762968124704,0.37501624983750165,0.8386535601185869,ACOS,24.0,22.0,22.0,22.0,22.0,24.0,0.0,,0.04349923101882863,0.097277877884409,3.392940019468633,1.0,
4085,Q8R1A4_S900___2,,0.3167762968124704,0.37501624983750165,0.8386535601185869,ACOS,24.0,22.0,22.0,22.0,22.0,24.0,0.0,,0.04349923101882863,0.097277877884409,3.392940019468633,1.0,
4086,Q8R1A4_S180___2,,0.42857969568745996,0.15626843731562684,0.6959989393582299,ACOS,24.0,8.0,16.0,8.0,16.0,24.0,0.67,,0.010293111274975088,0.04584415543625904,0.8028626794480569,1.0,
4087,Q8R1A4_S182___2,,0.42857969568745996,0.15626843731562684,0.6959989393582299,ACOS,24.0,8.0,16.0,8.0,16.0,24.0,0.67,,0.010293111274975088,0.04584415543625904,0.8028626794480569,1.0,
4088,Q8R1Q8_S516___2,,0.7080881928749339,9.89990100098999E-4,0.09098389785332915,ACOS,24.0,8.0,18.0,8.0,18.0,24.0,0.58,,6.522978591822107E-5,0.005835764267952787,0.005087923301621243,0.45518961290031734,
4089,Q8R2R3_S311___2,,0.18633899812498259,0.8125118748812512,0.9836522870292533,ACOS,24.0,16.0,22.0,16.0,22.0,24.0,0.75,,0.15703129585716225,0.19764355093531163,12.248441076858654,1.0,
4090,Q8R2R3_S312___2,,0.18633899812498259,0.8125118748812512,0.9836522870292533,ACOS,24.0,16.0,22.0,16.0,22.0,24.0,0.75,,0.15703129585716225,0.19764355093531163,12.248441076858654,1.0,
4091,Q8R3S6_S472___2,,0.42857969568745996,0.15626843731562684,0.6959989393582299,ACOS,24.0,4.0,20.0,4.0,20.0,24.0,0.33,,0.010293111274975088,0.04584415543625904,0.8028626794480569,1.0,
4092,Q8R3S6_S473___2,,0.37267799624996517,0.25001749982500177,0.783497463386022,ACOS,24.0,4.0,20.0,4.0,20.0,24.0,0.33,,0.02203270318362918,0.06904543509151728,1.718550848323076,1.0,
4093,Q8R4X3_S422___2,,0.26087459737497565,0.5625143748562514,0.9536205028159013,ACOS,24.0,10.0,4.0,10.0,4.0,24.0,0.25,,0.07935437224874475,0.1345280400768894,6.189641035402091,1.0,
4094,Q8R5F7_S289___2,,0.4472135954999582,0.12501874981250188,0.6403693519334903,ACOS,24.0,20.0,4.0,20.0,4.0,24.0,0.67,,0.007842546279573382,0.04017098464103022,0.6117186098067239,1.0,
4095,Q8R5F7_S291___2,,0.4472135954999582,0.12501874981250188,0.6403693519334903,ACOS,24.0,20.0,4.0,20.0,4.0,24.0,0.67,,0.007842546279573382,0.04017098464103022,0.6117186098067239,1.0,
4096,Q8R5F7_S645___2,,0.18633899812498259,0.8125118748812512,0.9836522870292533,ACOS,24.0,14.0,14.0,14.0,14.0,24.0,0.0,,0.15703129585716225,0.19764355093531163,12.248441076858654,1.0,
4097,Q8R5F7_S648___2,,0.18633899812498259,0.8125118748812512,0.9836522870292533,ACOS,24.0,14.0,14.0,14.0,14.0,24.0,0.0,,0.15703129585716225,0.19764355093531163,12.248441076858654,1.0,
4098,Q8VCB3_S6___2,,0.6894542930624356,0.001969980300196998,0.11768169818301817,COS,24.0,8.0,20.0,8.0,20.0,24.0,0.5,,9.769013212726992E-5,0.005835764267952787,0.007619830305927054,0.45518961290031734,
4099,Q8VCB3_S8___2,,0.6894542930624356,0.001969980300196998,0.11768169818301817,COS,24.0,8.0,20.0,8.0,20.0,24.0,0.5,,9.769013212726992E-5,0.005835764267952787,0.007619830305927054,0.45518961290031734,
4100,Q8VCB3_S11___2,,0.7453559924999303,2.599974000259997E-4,0.06212637873621263,COS,24.0,8.0,20.0,8.0,20.0,24.0,0.5,,2.825417584497489E-5,0.005835764267952787,0.0022038257159080416,0.45518961290031734,
4101,Q8VCB3_S652___2,,0.6149186938124426,0.007829921700782993,0.17567697562460996,ACOS,24.0,20.0,4.0,20.0,4.0,24.0,0.67,,4.465174392780171E-4,0.010018341982674385,0.03482836026368533,0.7814306746486018,
4102,Q8VCB3_S653___2,,0.5403830945624495,0.031269687303126965,0.31931161457616186,ACOS,24.0,20.0,4.0,20.0,4.0,24.0,0.67,,0.0017528052122483628,0.01789883784045924,0.1367188065553723,1.0,
4103,Q8VCB3_S657___2,,0.5590169943749478,0.023459765402345976,0.28673713262867373,ACOS,24.0,20.0,4.0,20.0,4.0,24.0,0.67,,0.0012630300532244254,0.015437392901175266,0.09851634415150518,1.0,
4104,Q8VD04_S653___2,,0.13043729868748782,0.9062609373906261,0.9836522870292533,ACOS,24.0,20.0,4.0,20.0,4.0,24.0,0.67,,0.24049416858204564,0.26103148572645835,18.75854514939956,1.0,
4105,Q8VD04_S634___2,,0.4099457958749617,0.18751812481875182,0.7309536040039274,ACOS,24.0,8.0,16.0,8.0,16.0,24.0,0.67,,0.013386385243419103,0.05218069745375196,1.04413804898669,1.0,
4106,Q8VDG3_S569___2,,0.14907119849998607,0.8750112498875011,0.9836522870292533,ACOS,24.0,16.0,22.0,16.0,22.0,24.0,0.75,,0.21029812498078254,0.23917533062426458,16.403253748501037,1.0,
4107,Q8VDG3_S573___2,,0.09316949906249129,0.968760312396876,0.9974177898103224,ACOS,24.0,14.0,14.0,14.0,14.0,24.0,0.0,,0.30735312441432305,0.3173127201503672,23.973543704317198,1.0,
4108,Q8VDG3_S575___2,,0.3354101966249687,0.34376656233437664,0.8386535601185869,ACOS,24.0,20.0,4.0,20.0,4.0,24.0,0.67,,0.03498372787327912,0.08730403942892999,2.7287307741157716,1.0,
4109,Q8VDJ3_S919___2,,0.46584749531245645,0.0937690623093769,0.5471579350140564,COS,24.0,8.0,20.0,8.0,20.0,24.0,0.5,,0.005920711107451196,0.03454832525336907,0.4618154663811933,1.0,
4110,Q8VDJ3_S923___2,,0.46584749531245645,0.0937690623093769,0.5471579350140564,COS,24.0,8.0,20.0,8.0,20.0,24.0,0.5,,0.005920711107451196,0.03454832525336907,0.4618154663811933,1.0,
4111,Q8VDP4_S677___2,,0.3354101966249687,0.34376656233437664,0.8386535601185869,ACOS,24.0,2.0,2.0,2.0,2.0,24.0,0.0,,0.03498372787327912,0.08730403942892999,2.7287307741157716,1.0,
4112,Q8VDP4_S680___2,,0.3167762968124704,0.37501624983750165,0.8386535601185869,ACOS,24.0,10.0,2.0,10.0,2.0,24.0,0.33,,0.04349923101882863,0.097277877884409,3.392940019468633,1.0,
4113,Q8VDQ8_S23___2,,0.4099457958749617,0.18751812481875182,0.7309536040039274,ACOS,24.0,10.0,2.0,10.0,2.0,24.0,0.33,,0.013386385243419103,0.05218069745375196,1.04413804898669,1.0,
4114,Q8VDQ8_S25___2,,0.3354101966249687,0.34376656233437664,0.8386535601185869,ACOS,24.0,10.0,4.0,10.0,4.0,24.0,0.25,,0.03498372787327912,0.08730403942892999,2.7287307741157716,1.0,
4115,Q8VDR9_S882___2,,0.13043729868748782,0.9062609373906261,0.9836522870292533,COS,24.0,14.0,2.0,14.0,2.0,24.0,0.5,,0.24049416858204564,0.26103148572645835,18.75854514939956,1.0,
4116,Q8VDZ4_S432___2,,0.3540440964374669,0.3125168748312517,0.8386535601185869,ACOS,24.0,10.0,20.0,10.0,20.0,24.0,0.58,,0.027887169552556004,0.07848809381134579,2.175199225099368,1.0,
4117,Q8VDZ4_S636___2,,0.29814239699997214,0.43751562484375156,0.8852189547537208,ACOS,24.0,4.0,20.0,4.0,20.0,24.0,0.33,,0.05361444160464873,0.10847731432202215,4.181926445162601,1.0,
4118,Q8VDZ4_S639___2,,0.29814239699997214,0.43751562484375156,0.8852189547537208,ACOS,24.0,4.0,20.0,4.0,20.0,24.0,0.33,,0.05361444160464873,0.10847731432202215,4.181926445162601,1.0,
4119,Q8VDZ4_S296___2,,0.37267799624996517,0.25001749982500177,0.783497463386022,ACOS,24.0,14.0,14.0,14.0,14.0,24.0,0.0,,0.02203270318362918,0.06904543509151728,1.718550848323076,1.0,
4120,Q8VHR5_S123___2,,0.14907119849998607,0.8750112498875011,0.9836522870292533,ACOS,24.0,16.0,16.0,16.0,16.0,24.0,0.0,,0.21029812498078254,0.23917533062426458,16.403253748501037,1.0,
4121,Q8VHR5_S130___2,,0.3354101966249687,0.34376656233437664,0.8386535601185869,ACOS,24.0,20.0,4.0,20.0,4.0,24.0,0.67,,0.03498372787327912,0.08730403942892999,2.7287307741157716,1.0,
4122,Q8VHR5_S136___2,,0.26087459737497565,0.5625143748562514,0.9536205028159013,ACOS,24.0,16.0,16.0,16.0,16.0,24.0,0.0,,0.07935437224874475,0.1345280400768894,6.189641035402091,1.0,
4123,Q8VI36_S126___2,,0.2236067977499791,0.6875131248687513,0.9836522870292533,ACOS,24.0,4.0,20.0,4.0,20.0,24.0,0.33,,0.11350807917025535,0.16368591139247143,8.853630175279918,1.0,
4124,Q8VI36_S130___2,,0.11180339887498955,0.937510624893751,0.9899167645530791,ACOS,24.0,4.0,20.0,4.0,20.0,24.0,0.33,,0.2729083801775865,0.2881637536165899,21.286853653851747,1.0,
4125,Q91VN6_S21___2,,0.14907119849998607,0.8750112498875011,0.9836522870292533,ACOS,24.0,16.0,22.0,16.0,22.0,24.0,0.75,,0.21029812498078254,0.23917533062426458,16.403253748501037,1.0,
4126,Q91VN6_S23___2,,0.14907119849998607,0.8750112498875011,0.9836522870292533,ACOS,24.0,16.0,22.0,16.0,22.0,24.0,0.75,,0.21029812498078254,0.23917533062426458,16.403253748501037,1.0,
4127,Q91VU6_S73___2,,0.16770509831248434,0.8437615623843762,0.9836522870292533,ACOS,24.0,14.0,6.0,14.0,6.0,24.0,0.33,,0.1824518756760124,0.21722409413444527,14.231246302728968,1.0,
4128,Q91VU6_S75___2,,0.16770509831248434,0.8437615623843762,0.9836522870292533,ACOS,24.0,14.0,6.0,14.0,6.0,24.0,0.33,,0.1824518756760124,0.21722409413444527,14.231246302728968,1.0,
4129,Q91WG5_S65___2,,0.37267799624996517,0.25001749982500177,0.783497463386022,ACOS,24.0,8.0,16.0,8.0,16.0,24.0,0.67,,0.02203270318362918,0.06904543509151728,1.718550848323076,1.0,
4130,Q91WG5_S71___2,,0.37267799624996517,0.25001749982500177,0.783497463386022,ACOS,24.0,8.0,16.0,8.0,16.0,24.0,0.67,,0.02203270318362918,0.06904543509151728,1.718550848323076,1.0,
4131,Q91WG5_S87___2,,0.18633899812498259,0.8125118748812512,0.9836522870292533,ACOS,24.0,20.0,14.0,20.0,14.0,24.0,0.25,,0.15703129585716225,0.19764355093531163,12.248441076858654,1.0,
4132,Q91WG5_S90___2,,0.18633899812498259,0.8125118748812512,0.9836522870292533,ACOS,24.0,20.0,14.0,20.0,14.0,24.0,0.25,,0.15703129585716225,0.19764355093531163,12.248441076858654,1.0,
4133,Q91WG5_S113___2,,0.13043729868748782,0.9062609373906261,0.9836522870292533,ACOS,24.0,20.0,4.0,20.0,4.0,24.0,0.67,,0.24049416858204564,0.26103148572645835,18.75854514939956,1.0,
4134,Q91WG5_S117___2,,0.13043729868748782,0.9062609373906261,0.9836522870292533,ACOS,24.0,20.0,4.0,20.0,4.0,24.0,0.67,,0.24049416858204564,0.26103148572645835,18.75854514939956,1.0,
4135,Q91WK0_S111___2,,0.26087459737497565,0.5625143748562514,0.9536205028159013,COS,24.0,8.0,20.0,8.0,20.0,24.0,0.5,,0.07935437224874475,0.1345280400768894,6.189641035402091,1.0,
4136,Q91X51_S367___2,,0.13043729868748782,0.9062609373906261,0.9836522870292533,ACOS,24.0,12.0,20.0,12.0,20.0,24.0,0.67,,0.24049416858204564,0.26103148572645835,18.75854514939956,1.0,
4137,Q91X51_S372___2,,0.13043729868748782,0.9062609373906261,0.9836522870292533,ACOS,24.0,12.0,20.0,12.0,20.0,24.0,0.67,,0.24049416858204564,0.26103148572645835,18.75854514939956,1.0,
4138,Q91XT4_S182___2,,0.3540440964374669,0.3125168748312517,0.8386535601185869,ACOS,24.0,8.0,16.0,8.0,16.0,24.0,0.67,,0.027887169552556004,0.07848809381134579,2.175199225099368,1.0,
4139,Q91XT4_S185___2,,0.3540440964374669,0.3125168748312517,0.8386535601185869,ACOS,24.0,8.0,16.0,8.0,16.0,24.0,0.67,,0.027887169552556004,0.07848809381134579,2.175199225099368,1.0,
4140,Q91XU0_S91___2,,0.6708203932499374,0.002949970500294997,0.1270081893775657,ACOS,24.0,20.0,4.0,20.0,4.0,24.0,0.67,,1.449047398848948E-4,0.006238736503692902,0.011302569711021794,0.4866214472880464,
4141,Q91XU0_S92___2,,0.6335525936249408,0.005879941200587994,0.1643288830269592,ACOS,24.0,20.0,4.0,20.0,4.0,24.0,0.67,,3.0978912629739484E-4,0.008657790845469297,0.0241635518511968,0.6753076859466053,
4142,Q91YD9_S480___2,,0.20497289793748086,0.7500124998750013,0.9836522870292533,ACOS,24.0,10.0,2.0,10.0,2.0,24.0,0.33,,0.13405890065957154,0.18041889221405025,10.45659425144658,1.0,
4143,Q91YD9_S481___2,,0.20497289793748086,0.7500124998750013,0.9836522870292533,ACOS,24.0,10.0,2.0,10.0,2.0,24.0,0.33,,0.13405890065957154,0.18041889221405025,10.45659425144658,1.0,
4144,Q91YM2_S773___2,,0.5403830945624495,0.031269687303126965,0.31931161457616186,COS,24.0,8.0,20.0,8.0,20.0,24.0,0.5,,0.0017528052122483628,0.01789883784045924,0.1367188065553723,1.0,
4145,Q91YT8_S734___2,,0.2236067977499791,0.6875131248687513,0.9836522870292533,ACOS,24.0,20.0,4.0,20.0,4.0,24.0,0.67,,0.11350807917025535,0.16368591139247143,8.853630175279918,1.0,
4146,Q91YT8_S738___2,,0.2236067977499791,0.6875131248687513,0.9836522870292533,ACOS,24.0,20.0,4.0,20.0,4.0,24.0,0.67,,0.11350807917025535,0.16368591139247143,8.853630175279918,1.0,
4147,Q91Z96_S1010___2,,0.4099457958749617,0.18751812481875182,0.7309536040039274,ACOS,24.0,10.0,2.0,10.0,2.0,24.0,0.33,,0.013386385243419103,0.05218069745375196,1.04413804898669,1.0,
4148,Q91ZU6_S7333___2,,0.4099457958749617,0.18751812481875182,0.7309536040039274,ACOS,24.0,4.0,14.0,4.0,14.0,24.0,0.58,,0.013386385243419103,0.05218069745375196,1.04413804898669,1.0,
4149,Q91ZU6_S7336___2,,0.4099457958749617,0.18751812481875182,0.7309536040039274,ACOS,24.0,4.0,14.0,4.0,14.0,24.0,0.58,,0.013386385243419103,0.05218069745375196,1.04413804898669,1.0,
4150,Q91ZV0_S1131___2,,0.577650894187446,0.015639843601563983,0.22997788483653625,ACOS,24.0,4.0,20.0,4.0,20.0,24.0,0.33,,9.015710203196908E-4,0.013257255095716316,0.07032253958493588,1.0,
4151,Q91ZV0_S1143___2,,0.577650894187446,0.015639843601563983,0.22997788483653625,ACOS,24.0,4.0,20.0,4.0,20.0,24.0,0.33,,9.015710203196908E-4,0.013257255095716316,0.07032253958493588,1.0,
4152,Q91ZV0_S1185___2,,0.3540440964374669,0.3125168748312517,0.8386535601185869,ACOS,24.0,8.0,10.0,8.0,10.0,24.0,0.92,,0.027887169552556004,0.07848809381134579,2.175199225099368,1.0,
4153,Q91ZV0_S1188___2,,0.5217491947499513,0.04689953100468995,0.4127676955274646,ACOS,24.0,8.0,10.0,8.0,10.0,24.0,0.92,,0.0024097615294134673,0.021208564178760516,0.18796139929425046,1.0,
4154,Q91ZV0_S1190___2,,0.5217491947499513,0.04689953100468995,0.4127676955274646,ACOS,24.0,8.0,10.0,8.0,10.0,24.0,0.92,,0.0024097615294134673,0.021208564178760516,0.18796139929425046,1.0,
4155,Q91ZV0_S1117___2,,0.6708203932499374,0.002949970500294997,0.1270081893775657,ACOS,24.0,4.0,20.0,4.0,20.0,24.0,0.33,,1.449047398848948E-4,0.006238736503692902,0.011302569711021794,0.4866214472880464,
4156,Q91ZV0_S1124___2,,0.6335525936249408,0.005879941200587994,0.1643288830269592,ACOS,24.0,4.0,20.0,4.0,20.0,24.0,0.33,,3.0978912629739484E-4,0.008657790845469297,0.0241635518511968,0.6753076859466053,
4157,Q91ZV0_S1178___2,,0.4472135954999582,0.12501874981250188,0.6403693519334903,ACOS,24.0,4.0,14.0,4.0,14.0,24.0,0.58,,0.007842546279573382,0.04017098464103022,0.6117186098067239,1.0,
4158,Q91ZX7_S4521___2,,0.2236067977499791,0.6875131248687513,0.9836522870292533,ACOS,24.0,16.0,8.0,16.0,8.0,24.0,0.33,,0.11350807917025535,0.16368591139247143,8.853630175279918,1.0,
4159,Q91ZX7_S4524___2,,0.2236067977499791,0.6875131248687513,0.9836522870292533,ACOS,24.0,16.0,8.0,16.0,8.0,24.0,0.33,,0.11350807917025535,0.16368591139247143,8.853630175279918,1.0,
4160,Q920R0_S477___2,,0.20497289793748086,0.7500124998750013,0.9836522870292533,ACOS,24.0,4.0,0.0,4.0,0.0,24.0,0.17,,0.13405890065957154,0.18041889221405025,10.45659425144658,1.0,
4161,Q920R0_S486___2,,0.20497289793748086,0.7500124998750013,0.9836522870292533,ACOS,24.0,4.0,0.0,4.0,0.0,24.0,0.17,,0.13405890065957154,0.18041889221405025,10.45659425144658,1.0,
4162,Q921N6_S23___2,,0.14907119849998607,0.8750112498875011,0.9836522870292533,ACOS,24.0,10.0,4.0,10.0,4.0,24.0,0.25,,0.21029812498078254,0.23917533062426458,16.403253748501037,1.0,
4163,Q921N6_S25___2,,0.14907119849998607,0.8750112498875011,0.9836522870292533,ACOS,24.0,10.0,4.0,10.0,4.0,24.0,0.25,,0.21029812498078254,0.23917533062426458,16.403253748501037,1.0,
4164,Q922B9_S90___2,,0.29814239699997214,0.43751562484375156,0.8852189547537208,ACOS,24.0,4.0,20.0,4.0,20.0,24.0,0.33,,0.05361444160464873,0.10847731432202215,4.181926445162601,1.0,
4165,Q922B9_S736___2,,0.11180339887498955,0.937510624893751,0.9899167645530791,ACOS,24.0,14.0,14.0,14.0,14.0,24.0,0.0,,0.2729083801775865,0.2881637536165899,21.286853653851747,1.0,
4166,Q922B9_S738___2,,0.11180339887498955,0.937510624893751,0.9899167645530791,ACOS,24.0,14.0,14.0,14.0,14.0,24.0,0.0,,0.2729083801775865,0.2881637536165899,21.286853653851747,1.0,
4167,Q922B9_S1051___2,,0.13043729868748782,0.9062609373906261,0.9836522870292533,ACOS,24.0,22.0,20.0,22.0,20.0,24.0,0.08,,0.24049416858204564,0.26103148572645835,18.75854514939956,1.0,
4168,Q922B9_S1056___2,,0.14907119849998607,0.8750112498875011,0.9836522870292533,ACOS,24.0,14.0,16.0,14.0,16.0,24.0,0.92,,0.21029812498078254,0.23917533062426458,16.403253748501037,1.0,
4169,Q922B9_S1059___2,,0.11180339887498955,0.937510624893751,0.9899167645530791,ACOS,24.0,14.0,16.0,14.0,16.0,24.0,0.92,,0.2729083801775865,0.2881637536165899,21.286853653851747,1.0,
4170,Q922H1_S22___2,,0.2795084971874739,0.5000149998500015,0.9204821588147755,ACOS,24.0,16.0,8.0,16.0,8.0,24.0,0.33,,0.06550881647134288,0.1205957757767903,5.1096876847647446,1.0,
4171,Q922H1_S24___2,,0.2795084971874739,0.5000149998500015,0.9204821588147755,ACOS,24.0,16.0,8.0,16.0,8.0,24.0,0.33,,0.06550881647134288,0.1205957757767903,5.1096876847647446,1.0,
4172,Q922J3_S194___2,,0.48448139512495475,0.07814921850781492,0.5245437011922015,ACOS,24.0,14.0,14.0,14.0,14.0,24.0,0.0,,0.004428713520216645,0.029725873473476612,0.3454396545768983,1.0,
4173,Q922J3_S199___2,,0.26087459737497565,0.5625143748562514,0.9536205028159013,ACOS,24.0,22.0,22.0,22.0,22.0,24.0,0.0,,0.07935437224874475,0.1345280400768894,6.189641035402091,1.0,
4174,Q922J3_S203___2,,0.577650894187446,0.015639843601563983,0.22997788483653625,ACOS,24.0,12.0,20.0,12.0,20.0,24.0,0.67,,9.015710203196908E-4,0.013257255095716316,0.07032253958493588,1.0,
4175,Q922K7_S179___2,,0.20497289793748086,0.7500124998750013,0.9836522870292533,ACOS,24.0,14.0,6.0,14.0,6.0,24.0,0.33,,0.13405890065957154,0.18041889221405025,10.45659425144658,1.0,
4176,Q922Y1_S199___2,,0.14907119849998607,0.8750112498875011,0.9836522870292533,ACOS,24.0,22.0,22.0,22.0,22.0,24.0,0.0,,0.21029812498078254,0.23917533062426458,16.403253748501037,1.0,
4177,Q923B1_S489___2,,0.3354101966249687,0.34376656233437664,0.8386535601185869,ACOS,24.0,8.0,16.0,8.0,16.0,24.0,0.67,,0.03498372787327912,0.08730403942892999,2.7287307741157716,1.0,
4178,Q923B1_S491___2,,0.3167762968124704,0.37501624983750165,0.8386535601185869,ACOS,24.0,8.0,16.0,8.0,16.0,24.0,0.67,,0.04349923101882863,0.097277877884409,3.392940019468633,1.0,
4179,Q923T9_S315___2,,0.6708203932499374,0.002949970500294997,0.1270081893775657,ACOS,24.0,4.0,20.0,4.0,20.0,24.0,0.33,,1.449047398848948E-4,0.006238736503692902,0.011302569711021794,0.4866214472880464,
4180,Q923T9_S319___2,,0.6708203932499374,0.002949970500294997,0.1270081893775657,ACOS,24.0,4.0,20.0,4.0,20.0,24.0,0.33,,1.449047398848948E-4,0.006238736503692902,0.011302569711021794,0.4866214472880464,
4181,Q924Z6_S208___2,,0.2236067977499791,0.6875131248687513,0.9836522870292533,COS,24.0,8.0,20.0,8.0,20.0,24.0,0.5,,0.11350807917025535,0.16368591139247143,8.853630175279918,1.0,
4182,Q99JZ7_S272___2,,0.07453559924999303,0.984390156098439,0.9974177898103224,ACOS,24.0,14.0,16.0,14.0,16.0,24.0,0.92,,0.34358681309626693,0.3483244335568646,26.799771421508822,1.0,
4183,Q99JZ7_S275___2,,0.07453559924999303,0.984390156098439,0.9974177898103224,ACOS,24.0,14.0,16.0,14.0,16.0,24.0,0.92,,0.34358681309626693,0.3483244335568646,26.799771421508822,1.0,
4184,Q99JZ7_S249___2,,0.3167762968124704,0.37501624983750165,0.8386535601185869,ACOS,24.0,16.0,22.0,16.0,22.0,24.0,0.75,,0.04349923101882863,0.097277877884409,3.392940019468633,1.0,
4185,Q99JZ7_S256___2,,0.3167762968124704,0.37501624983750165,0.8386535601185869,ACOS,24.0,16.0,22.0,16.0,22.0,24.0,0.75,,0.04349923101882863,0.097277877884409,3.392940019468633,1.0,
4186,Q99K74_S860___2,,0.3540440964374669,0.3125168748312517,0.8386535601185869,ACOS,24.0,20.0,10.0,20.0,10.0,24.0,0.42,,0.027887169552556004,0.07848809381134579,2.175199225099368,1.0,
4187,Q99KG3_S733___2,,0.26087459737497565,0.5625143748562514,0.9536205028159013,ACOS,24.0,22.0,22.0,22.0,22.0,24.0,0.0,,0.07935437224874475,0.1345280400768894,6.189641035402091,1.0,
4188,Q99KG3_S736___2,,0.20497289793748086,0.7500124998750013,0.9836522870292533,ACOS,24.0,8.0,10.0,8.0,10.0,24.0,0.92,,0.13405890065957154,0.18041889221405025,10.45659425144658,1.0,
4189,Q99KG3_S738___2,,0.18633899812498259,0.8125118748812512,0.9836522870292533,ACOS,24.0,22.0,16.0,22.0,16.0,24.0,0.25,,0.15703129585716225,0.19764355093531163,12.248441076858654,1.0,
4190,Q99KG5_S436___2,,0.48448139512495475,0.07814921850781492,0.5245437011922015,COS,24.0,8.0,20.0,8.0,20.0,24.0,0.5,,0.004428713520216645,0.029725873473476612,0.3454396545768983,1.0,
4191,Q99KG5_S448___2,,0.5217491947499513,0.04689953100468995,0.4127676955274646,ACOS,24.0,20.0,4.0,20.0,4.0,24.0,0.67,,0.0024097615294134673,0.021208564178760516,0.18796139929425046,1.0,
4192,Q99KG5_S325___2,,0.3354101966249687,0.34376656233437664,0.8386535601185869,COS,24.0,8.0,20.0,8.0,20.0,24.0,0.5,,0.03498372787327912,0.08730403942892999,2.7287307741157716,1.0,
4193,Q99KG5_S328___2,,0.3354101966249687,0.34376656233437664,0.8386535601185869,COS,24.0,8.0,20.0,8.0,20.0,24.0,0.5,,0.03498372787327912,0.08730403942892999,2.7287307741157716,1.0,
4194,Q99KK1_S209___2,,0.18633899812498259,0.8125118748812512,0.9836522870292533,ACOS,24.0,10.0,2.0,10.0,2.0,24.0,0.33,,0.15703129585716225,0.19764355093531163,12.248441076858654,1.0,
4195,Q99KY4_S824___2,,0.14907119849998607,0.8750112498875011,0.9836522870292533,ACOS,24.0,16.0,8.0,16.0,8.0,24.0,0.33,,0.21029812498078254,0.23917533062426458,16.403253748501037,1.0,
4196,Q99KY4_S827___2,,0.14907119849998607,0.8750112498875011,0.9836522870292533,ACOS,24.0,16.0,8.0,16.0,8.0,24.0,0.33,,0.21029812498078254,0.23917533062426458,16.403253748501037,1.0,
4197,Q99L43_S34___2,,0.26087459737497565,0.5625143748562514,0.9536205028159013,ACOS,24.0,20.0,4.0,20.0,4.0,24.0,0.67,,0.07935437224874475,0.1345280400768894,6.189641035402091,1.0,
4198,Q99L88_S86___2,,0.37267799624996517,0.25001749982500177,0.783497463386022,ACOS,24.0,4.0,20.0,4.0,20.0,24.0,0.33,,0.02203270318362918,0.06904543509151728,1.718550848323076,1.0,
4199,Q99L88_S204___2,,0.2795084971874739,0.5000149998500015,0.9204821588147755,ACOS,24.0,12.0,20.0,12.0,20.0,24.0,0.67,,0.06550881647134288,0.1205957757767903,5.1096876847647446,1.0,
4200,Q99L88_S218___2,,0.29814239699997214,0.43751562484375156,0.8852189547537208,ACOS,24.0,12.0,20.0,12.0,20.0,24.0,0.67,,0.05361444160464873,0.10847731432202215,4.181926445162601,1.0,
4201,Q99LD4_S463___2,,0.48448139512495475,0.07814921850781492,0.5245437011922015,ACOS,24.0,8.0,18.0,8.0,18.0,24.0,0.58,,0.004428713520216645,0.029725873473476612,0.3454396545768983,1.0,
4202,Q99LD4_S448___2,,0.3540440964374669,0.3125168748312517,0.8386535601185869,ACOS,24.0,8.0,18.0,8.0,18.0,24.0,0.58,,0.027887169552556004,0.07848809381134579,2.175199225099368,1.0,
4203,Q99LL5_S49___2,,0.09316949906249129,0.968760312396876,0.9974177898103224,ACOS,24.0,16.0,16.0,16.0,16.0,24.0,0.0,,0.30735312441432305,0.3173127201503672,23.973543704317198,1.0,
4204,Q99LL5_S58___2,,0.09316949906249129,0.968760312396876,0.9974177898103224,ACOS,24.0,16.0,16.0,16.0,16.0,24.0,0.0,,0.30735312441432305,0.3173127201503672,23.973543704317198,1.0,
4205,Q99MI1_S17___2,,0.3540440964374669,0.3125168748312517,0.8386535601185869,COS,24.0,2.0,14.0,2.0,14.0,24.0,0.5,,0.027887169552556004,0.07848809381134579,2.175199225099368,1.0,
4206,Q99MI1_S21___2,,0.3540440964374669,0.3125168748312517,0.8386535601185869,COS,24.0,2.0,14.0,2.0,14.0,24.0,0.5,,0.027887169552556004,0.07848809381134579,2.175199225099368,1.0,
4207,Q99MR6_S67___2,,0.3354101966249687,0.34376656233437664,0.8386535601185869,ACOS,24.0,8.0,8.0,8.0,8.0,24.0,0.0,,0.03498372787327912,0.08730403942892999,2.7287307741157716,1.0,
4208,Q99MR6_S74___2,,0.3354101966249687,0.34376656233437664,0.8386535601185869,ACOS,24.0,8.0,8.0,8.0,8.0,24.0,0.0,,0.03498372787327912,0.08730403942892999,2.7287307741157716,1.0,
4209,Q99MS7_S284___2,,0.16770509831248434,0.8437615623843762,0.9836522870292533,ACOS,24.0,16.0,12.0,16.0,12.0,24.0,0.17,,0.1824518756760124,0.21722409413444527,14.231246302728968,1.0,
4210,Q99MU3_S231___2,,0.29814239699997214,0.43751562484375156,0.8852189547537208,ACOS,24.0,10.0,0.0,10.0,0.0,24.0,0.42,,0.05361444160464873,0.10847731432202215,4.181926445162601,1.0,
4211,Q99MU3_S238___2,,0.29814239699997214,0.43751562484375156,0.8852189547537208,ACOS,24.0,10.0,0.0,10.0,0.0,24.0,0.42,,0.05361444160464873,0.10847731432202215,4.181926445162601,1.0,
4212,Q99MZ3_S23___2,,0.3354101966249687,0.34376656233437664,0.8386535601185869,ACOS,24.0,10.0,2.0,10.0,2.0,24.0,0.33,,0.03498372787327912,0.08730403942892999,2.7287307741157716,1.0,
4213,Q99MZ3_S25___2,,0.3354101966249687,0.34376656233437664,0.8386535601185869,ACOS,24.0,10.0,2.0,10.0,2.0,24.0,0.33,,0.03498372787327912,0.08730403942892999,2.7287307741157716,1.0,
4214,Q99NB9_S129___2,,0.18633899812498259,0.8125118748812512,0.9836522870292533,ACOS,24.0,4.0,20.0,4.0,20.0,24.0,0.33,,0.15703129585716225,0.19764355093531163,12.248441076858654,1.0,
4215,Q99NH0_S2038___2,,0.18633899812498259,0.8125118748812512,0.9836522870292533,ACOS,24.0,16.0,16.0,16.0,16.0,24.0,0.0,,0.15703129585716225,0.19764355093531163,12.248441076858654,1.0,
4216,Q99NH0_S2041___2,,0.14907119849998607,0.8750112498875011,0.9836522870292533,ACOS,24.0,20.0,10.0,20.0,10.0,24.0,0.42,,0.21029812498078254,0.23917533062426458,16.403253748501037,1.0,
4217,Q99NH0_S2043___2,,0.3167762968124704,0.37501624983750165,0.8386535601185869,COS,24.0,20.0,8.0,20.0,8.0,24.0,0.5,,0.04349923101882863,0.097277877884409,3.392940019468633,1.0,
4218,Q99NH2_S378___2,,0.07453559924999303,0.984390156098439,0.9974177898103224,ACOS,24.0,2.0,12.0,2.0,12.0,24.0,0.58,,0.34358681309626693,0.3483244335568646,26.799771421508822,1.0,
4219,Q99NH2_S888___2,,0.07453559924999303,0.984390156098439,0.9974177898103224,ACOS,24.0,14.0,14.0,14.0,14.0,24.0,0.0,,0.34358681309626693,0.3483244335568646,26.799771421508822,1.0,
4220,Q99PG2_S359___2,,0.18633899812498259,0.8125118748812512,0.9836522870292533,ACOS,24.0,8.0,8.0,8.0,8.0,24.0,0.0,,0.15703129585716225,0.19764355093531163,12.248441076858654,1.0,
4221,Q99PG2_S361___2,,0.18633899812498259,0.8125118748812512,0.9836522870292533,ACOS,24.0,8.0,8.0,8.0,8.0,24.0,0.0,,0.15703129585716225,0.19764355093531163,12.248441076858654,1.0,
4222,Q99PL5_S191___2,,0.6521864934374391,0.003919960800391996,0.13674082237279817,COS,24.0,8.0,20.0,8.0,20.0,24.0,0.5,,2.1288795232688796E-4,0.007426215504891954,0.01660526028149726,0.5792448093815723,
4223,Q99PL5_S187___2,,0.7826237921249268,1.3999860001399987E-4,0.06212637873621263,COS,24.0,8.0,20.0,8.0,20.0,24.0,0.5,,1.1774072260825224E-5,0.005835764267952787,9.183776363443675E-4,0.45518961290031734,
4224,Q9CQ20_S71___2,,0.20497289793748086,0.7500124998750013,0.9836522870292533,ACOS,24.0,10.0,20.0,10.0,20.0,24.0,0.58,,0.13405890065957154,0.18041889221405025,10.45659425144658,1.0,
4225,Q9CQS5_S433___2,,0.18633899812498259,0.8125118748812512,0.9836522870292533,ACOS,24.0,10.0,10.0,10.0,10.0,24.0,0.0,,0.15703129585716225,0.19764355093531163,12.248441076858654,1.0,
4226,Q9CQS5_S437___2,,0.18633899812498259,0.8125118748812512,0.9836522870292533,ACOS,24.0,10.0,10.0,10.0,10.0,24.0,0.0,,0.15703129585716225,0.19764355093531163,12.248441076858654,1.0,
4227,Q9CQV4_S435___2,,0.16770509831248434,0.8437615623843762,0.9836522870292533,ACOS,24.0,16.0,22.0,16.0,22.0,24.0,0.75,,0.1824518756760124,0.21722409413444527,14.231246302728968,1.0,
4228,Q9CQV4_S436___2,,0.42857969568745996,0.15626843731562684,0.6959989393582299,ACOS,24.0,4.0,20.0,4.0,20.0,24.0,0.33,,0.010293111274975088,0.04584415543625904,0.8028626794480569,1.0,
4229,Q9CQV4_S258___2,,0.4472135954999582,0.12501874981250188,0.6403693519334903,ACOS,24.0,14.0,16.0,14.0,16.0,24.0,0.92,,0.007842546279573382,0.04017098464103022,0.6117186098067239,1.0,
4230,Q9CQV4_S260___2,,0.4472135954999582,0.12501874981250188,0.6403693519334903,ACOS,24.0,14.0,16.0,14.0,16.0,24.0,0.92,,0.007842546279573382,0.04017098464103022,0.6117186098067239,1.0,
4231,Q9CQV4_S285___2,,0.26087459737497565,0.5625143748562514,0.9536205028159013,COS,24.0,14.0,2.0,14.0,2.0,24.0,0.5,,0.07935437224874475,0.1345280400768894,6.189641035402091,1.0,
4232,Q9CQV4_S288___2,,0.26087459737497565,0.5625143748562514,0.9536205028159013,COS,24.0,14.0,2.0,14.0,2.0,24.0,0.5,,0.07935437224874475,0.1345280400768894,6.189641035402091,1.0,
4233,Q9CQV4_S313___2,,0.2795084971874739,0.5000149998500015,0.9204821588147755,ACOS,24.0,16.0,22.0,16.0,22.0,24.0,0.75,,0.06550881647134288,0.1205957757767903,5.1096876847647446,1.0,
4234,Q9CQV4_S320___2,,0.3354101966249687,0.34376656233437664,0.8386535601185869,ACOS,24.0,16.0,16.0,16.0,16.0,24.0,0.0,,0.03498372787327912,0.08730403942892999,2.7287307741157716,1.0,
4235,Q9CR86_S31___2,,0.6521864934374391,0.003919960800391996,0.13674082237279817,ACOS,24.0,8.0,18.0,8.0,18.0,24.0,0.58,,2.1288795232688796E-4,0.007426215504891954,0.01660526028149726,0.5792448093815723,
4236,Q9CR86_S33___2,,0.6521864934374391,0.003919960800391996,0.13674082237279817,ACOS,24.0,8.0,18.0,8.0,18.0,24.0,0.58,,2.1288795232688796E-4,0.007426215504891954,0.01660526028149726,0.5792448093815723,
4237,Q9CSN1_S224___2,,0.09316949906249129,0.968760312396876,0.9974177898103224,ACOS,24.0,16.0,16.0,16.0,16.0,24.0,0.0,,0.30735312441432305,0.3173127201503672,23.973543704317198,1.0,
4238,Q9CSN1_S232___2,,0.09316949906249129,0.968760312396876,0.9974177898103224,ACOS,24.0,16.0,16.0,16.0,16.0,24.0,0.0,,0.30735312441432305,0.3173127201503672,23.973543704317198,1.0,
4239,Q9CT10_S33___2,,0.3913118960624634,0.21876781232187678,0.7543227814475101,ACOS,24.0,10.0,0.0,10.0,0.0,24.0,0.42,,0.017251591034782986,0.059484382074478995,1.345624100713073,1.0,
4240,Q9CT10_S40___2,,0.37267799624996517,0.25001749982500177,0.783497463386022,ACOS,24.0,10.0,20.0,10.0,20.0,24.0,0.58,,0.02203270318362918,0.06904543509151728,1.718550848323076,1.0,
4241,Q9CW79_S36___2,,0.3167762968124704,0.37501624983750165,0.8386535601185869,ACOS,24.0,14.0,16.0,14.0,16.0,24.0,0.92,,0.04349923101882863,0.097277877884409,3.392940019468633,1.0,
4242,Q9CW79_S41___2,,0.2236067977499791,0.6875131248687513,0.9836522870292533,ACOS,24.0,10.0,6.0,10.0,6.0,24.0,0.17,,0.11350807917025535,0.16368591139247143,8.853630175279918,1.0,
4243,Q9CW79_S30___2,,0.4099457958749617,0.18751812481875182,0.7309536040039274,ACOS,24.0,4.0,20.0,4.0,20.0,24.0,0.33,,0.013386385243419103,0.05218069745375196,1.04413804898669,1.0,
4244,Q9CWE0_S100___2,,0.20497289793748086,0.7500124998750013,0.9836522870292533,ACOS,24.0,8.0,16.0,8.0,16.0,24.0,0.67,,0.13405890065957154,0.18041889221405025,10.45659425144658,1.0,
4245,Q9CWE0_S107___2,,0.20497289793748086,0.7500124998750013,0.9836522870292533,ACOS,24.0,8.0,16.0,8.0,16.0,24.0,0.67,,0.13405890065957154,0.18041889221405025,10.45659425144658,1.0,
4246,Q9CWK8_S97___2,,0.13043729868748782,0.9062609373906261,0.9836522870292533,ACOS,24.0,16.0,22.0,16.0,22.0,24.0,0.75,,0.24049416858204564,0.26103148572645835,18.75854514939956,1.0,
4247,Q9CWY3_S14___2,,0.26087459737497565,0.5625143748562514,0.9536205028159013,ACOS,24.0,14.0,20.0,14.0,20.0,24.0,0.75,,0.07935437224874475,0.1345280400768894,6.189641035402091,1.0,
4248,Q9CWY3_S22___2,,0.26087459737497565,0.5625143748562514,0.9536205028159013,ACOS,24.0,14.0,20.0,14.0,20.0,24.0,0.75,,0.07935437224874475,0.1345280400768894,6.189641035402091,1.0,
4249,Q9CZJ2_S46___2,,0.20497289793748086,0.7500124998750013,0.9836522870292533,ACOS,24.0,22.0,20.0,22.0,20.0,24.0,0.08,,0.13405890065957154,0.18041889221405025,10.45659425144658,1.0,
4250,Q9CZV8_S421___2,,0.09316949906249129,0.968760312396876,0.9974177898103224,ACOS,24.0,4.0,2.0,4.0,2.0,24.0,0.08,,0.30735312441432305,0.3173127201503672,23.973543704317198,1.0,
4251,Q9D0B0_S212___2,,0.16770509831248434,0.8437615623843762,0.9836522870292533,ACOS,24.0,16.0,8.0,16.0,8.0,24.0,0.33,,0.1824518756760124,0.21722409413444527,14.231246302728968,1.0,
4252,Q9D0B0_S217___2,,0.16770509831248434,0.8437615623843762,0.9836522870292533,ACOS,24.0,16.0,8.0,16.0,8.0,24.0,0.33,,0.1824518756760124,0.21722409413444527,14.231246302728968,1.0,
4253,Q9D0F9_S117___2,,0.3540440964374669,0.3125168748312517,0.8386535601185869,COS,24.0,2.0,14.0,2.0,14.0,24.0,0.5,,0.027887169552556004,0.07848809381134579,2.175199225099368,1.0,
4254,Q9D0J8_S2___2,,0.6335525936249408,0.005879941200587994,0.1643288830269592,ACOS,24.0,4.0,20.0,4.0,20.0,24.0,0.33,,3.0978912629739484E-4,0.008657790845469297,0.0241635518511968,0.6753076859466053,
4255,Q9D0J8_S5___2,,0.6335525936249408,0.005879941200587994,0.1643288830269592,ACOS,24.0,4.0,20.0,4.0,20.0,24.0,0.33,,3.0978912629739484E-4,0.008657790845469297,0.0241635518511968,0.6753076859466053,
4256,Q9D0L8_S11___2,,0.29814239699997214,0.43751562484375156,0.8852189547537208,ACOS,24.0,8.0,8.0,8.0,8.0,24.0,0.0,,0.05361444160464873,0.10847731432202215,4.181926445162601,1.0,
4257,Q9D0L8_S15___2,,0.29814239699997214,0.43751562484375156,0.8852189547537208,ACOS,24.0,8.0,8.0,8.0,8.0,24.0,0.0,,0.05361444160464873,0.10847731432202215,4.181926445162601,1.0,
4258,Q9D1F4_S88___2,,0.24224069756247738,0.6250137498625014,0.9735791103627425,COS,24.0,2.0,14.0,2.0,14.0,24.0,0.5,,0.0953088004769263,0.14846178535828905,7.434086437200252,1.0,
4259,Q9D1F4_S92___2,,0.24224069756247738,0.6250137498625014,0.9735791103627425,COS,24.0,2.0,14.0,2.0,14.0,24.0,0.5,,0.0953088004769263,0.14846178535828905,7.434086437200252,1.0,
4260,Q9D1F4_S203___2,,0.2236067977499791,0.6875131248687513,0.9836522870292533,ACOS,24.0,22.0,16.0,22.0,16.0,24.0,0.25,,0.11350807917025535,0.16368591139247143,8.853630175279918,1.0,
4261,Q9D1F4_S204___2,,0.16770509831248434,0.8437615623843762,0.9836522870292533,ACOS,24.0,14.0,14.0,14.0,14.0,24.0,0.0,,0.1824518756760124,0.21722409413444527,14.231246302728968,1.0,
4262,Q9D1F4_S213___2,,0.11180339887498955,0.937510624893751,0.9899167645530791,ACOS,24.0,14.0,14.0,14.0,14.0,24.0,0.0,,0.2729083801775865,0.2881637536165899,21.286853653851747,1.0,
4263,Q9D1M0_S309___2,,0.3167762968124704,0.37501624983750165,0.8386535601185869,ACOS,24.0,4.0,20.0,4.0,20.0,24.0,0.33,,0.04349923101882863,0.097277877884409,3.392940019468633,1.0,
4264,Q9D1M0_S313___2,,0.3167762968124704,0.37501624983750165,0.8386535601185869,ACOS,24.0,4.0,20.0,4.0,20.0,24.0,0.33,,0.04349923101882863,0.097277877884409,3.392940019468633,1.0,
4265,Q9D1P2_S37___2,,0.2795084971874739,0.5000149998500015,0.9204821588147755,ACOS,24.0,16.0,22.0,16.0,22.0,24.0,0.75,,0.06550881647134288,0.1205957757767903,5.1096876847647446,1.0,
4266,Q9D1P2_S42___2,,0.16770509831248434,0.8437615623843762,0.9836522870292533,ACOS,24.0,14.0,14.0,14.0,14.0,24.0,0.0,,0.1824518756760124,0.21722409413444527,14.231246302728968,1.0,
4267,Q9D3A8_S367___2,,0.14907119849998607,0.8750112498875011,0.9836522870292533,ACOS,24.0,14.0,14.0,14.0,14.0,24.0,0.0,,0.21029812498078254,0.23917533062426458,16.403253748501037,1.0,
4268,Q9D3A8_S370___2,,0.14907119849998607,0.8750112498875011,0.9836522870292533,ACOS,24.0,14.0,14.0,14.0,14.0,24.0,0.0,,0.21029812498078254,0.23917533062426458,16.403253748501037,1.0,
4269,Q9D6Z1_S536___2,,0.18633899812498259,0.8125118748812512,0.9836522870292533,ACOS,24.0,20.0,4.0,20.0,4.0,24.0,0.67,,0.15703129585716225,0.19764355093531163,12.248441076858654,1.0,
4270,Q9D6Z1_S543___2,,0.3913118960624634,0.21876781232187678,0.7543227814475101,ACOS,24.0,20.0,6.0,20.0,6.0,24.0,0.58,,0.017251591034782986,0.059484382074478995,1.345624100713073,1.0,
4271,Q9D7S7_S118___2,,0.13043729868748782,0.9062609373906261,0.9836522870292533,ACOS,24.0,8.0,18.0,8.0,18.0,24.0,0.58,,0.24049416858204564,0.26103148572645835,18.75854514939956,1.0,
4272,Q9D7S7_S120___2,,0.13043729868748782,0.9062609373906261,0.9836522870292533,ACOS,24.0,8.0,18.0,8.0,18.0,24.0,0.58,,0.24049416858204564,0.26103148572645835,18.75854514939956,1.0,
4273,Q9D824_S479___2,,0.4472135954999582,0.12501874981250188,0.6403693519334903,ACOS,24.0,20.0,6.0,20.0,6.0,24.0,0.58,,0.007842546279573382,0.04017098464103022,0.6117186098067239,1.0,
4274,Q9D824_S483___2,,0.07453559924999303,0.984390156098439,0.9974177898103224,ACOS,24.0,14.0,14.0,14.0,14.0,24.0,0.0,,0.34358681309626693,0.3483244335568646,26.799771421508822,1.0,
4275,Q9D824_S487___2,,0.5403830945624495,0.031269687303126965,0.31931161457616186,ACOS,24.0,20.0,4.0,20.0,4.0,24.0,0.67,,0.0017528052122483628,0.01789883784045924,0.1367188065553723,1.0,
4276,Q9DBC7_S83___2,,0.18633899812498259,0.8125118748812512,0.9836522870292533,ACOS,24.0,16.0,16.0,16.0,16.0,24.0,0.0,,0.15703129585716225,0.19764355093531163,12.248441076858654,1.0,
4277,Q9DBC7_S77___2,,0.18633899812498259,0.8125118748812512,0.9836522870292533,ACOS,24.0,16.0,16.0,16.0,16.0,24.0,0.0,,0.15703129585716225,0.19764355093531163,12.248441076858654,1.0,
4278,Q9DBJ3_S261___2,,0.5403830945624495,0.031269687303126965,0.31931161457616186,COS,24.0,8.0,20.0,8.0,20.0,24.0,0.5,,0.0017528052122483628,0.01789883784045924,0.1367188065553723,1.0,
4279,Q9DBR0_S320___2,,0.5217491947499513,0.04689953100468995,0.4127676955274646,ACOS,24.0,16.0,8.0,16.0,8.0,24.0,0.33,,0.0024097615294134673,0.021208564178760516,0.18796139929425046,1.0,
4280,Q9DBR0_S325___2,,0.2795084971874739,0.5000149998500015,0.9204821588147755,ACOS,24.0,16.0,8.0,16.0,8.0,24.0,0.33,,0.06550881647134288,0.1205957757767903,5.1096876847647446,1.0,
4281,Q9DBR0_S336___2,,0.24224069756247738,0.6250137498625014,0.9735791103627425,ACOS,24.0,14.0,6.0,14.0,6.0,24.0,0.33,,0.0953088004769263,0.14846178535828905,7.434086437200252,1.0,
4282,Q9DBR1_S499___2,,0.3540440964374669,0.3125168748312517,0.8386535601185869,ACOS,24.0,2.0,2.0,2.0,2.0,24.0,0.0,,0.027887169552556004,0.07848809381134579,2.175199225099368,1.0,
4283,Q9DBR1_S501___2,,0.3540440964374669,0.3125168748312517,0.8386535601185869,ACOS,24.0,2.0,2.0,2.0,2.0,24.0,0.0,,0.027887169552556004,0.07848809381134579,2.175199225099368,1.0,
4284,Q9DBR1_S475___2,,0.20497289793748086,0.7500124998750013,0.9836522870292533,ACOS,24.0,8.0,16.0,8.0,16.0,24.0,0.67,,0.13405890065957154,0.18041889221405025,10.45659425144658,1.0,
4285,Q9DCL8_S122___2,,0.48448139512495475,0.07814921850781492,0.5245437011922015,ACOS,24.0,10.0,20.0,10.0,20.0,24.0,0.58,,0.004428713520216645,0.029725873473476612,0.3454396545768983,1.0,
4286,Q9DCL8_S123___2,,0.48448139512495475,0.07814921850781492,0.5245437011922015,ACOS,24.0,10.0,20.0,10.0,20.0,24.0,0.58,,0.004428713520216645,0.029725873473476612,0.3454396545768983,1.0,
4287,Q9DD18_S205___2,,0.4099457958749617,0.18751812481875182,0.7309536040039274,ACOS,24.0,10.0,2.0,10.0,2.0,24.0,0.33,,0.013386385243419103,0.05218069745375196,1.04413804898669,1.0,
4288,Q9EP97_S71___2,,0.2795084971874739,0.5000149998500015,0.9204821588147755,ACOS,24.0,16.0,22.0,16.0,22.0,24.0,0.75,,0.06550881647134288,0.1205957757767903,5.1096876847647446,1.0,
4289,Q9EP97_S73___2,,0.2795084971874739,0.5000149998500015,0.9204821588147755,ACOS,24.0,16.0,22.0,16.0,22.0,24.0,0.75,,0.06550881647134288,0.1205957757767903,5.1096876847647446,1.0,
4290,Q9EP97_S163___2,,0.46584749531245645,0.0937690623093769,0.5471579350140564,ACOS,24.0,16.0,22.0,16.0,22.0,24.0,0.75,,0.005920711107451196,0.03454832525336907,0.4618154663811933,1.0,
4291,Q9EP97_S175___2,,0.503115294937453,0.06251937480625194,0.49060770476039084,ACOS,24.0,16.0,22.0,16.0,22.0,24.0,0.75,,0.0032820864904672107,0.025755486597607225,0.2560027462564424,1.0,
4292,Q9EPC1_S14___2,,0.3913118960624634,0.21876781232187678,0.7543227814475101,COS,24.0,2.0,14.0,2.0,14.0,24.0,0.5,,0.017251591034782986,0.059484382074478995,1.345624100713073,1.0,
4293,Q9EPU0_S1102___2,,0.20497289793748086,0.7500124998750013,0.9836522870292533,ACOS,24.0,14.0,14.0,14.0,14.0,24.0,0.0,,0.13405890065957154,0.18041889221405025,10.45659425144658,1.0,
4294,Q9EPU0_S1105___2,,0.2236067977499791,0.6875131248687513,0.9836522870292533,ACOS,24.0,14.0,14.0,14.0,14.0,24.0,0.0,,0.11350807917025535,0.16368591139247143,8.853630175279918,1.0,
4295,Q9EQ32_S150___2,,0.13043729868748782,0.9062609373906261,0.9836522870292533,ACOS,24.0,14.0,14.0,14.0,14.0,24.0,0.0,,0.24049416858204564,0.26103148572645835,18.75854514939956,1.0,
4296,Q9EQG9_S123___2,,0.5403830945624495,0.031269687303126965,0.31931161457616186,ACOS,24.0,10.0,20.0,10.0,20.0,24.0,0.58,,0.0017528052122483628,0.01789883784045924,0.1367188065553723,1.0,
4297,Q9EQG9_S126___2,,0.503115294937453,0.06251937480625194,0.49060770476039084,ACOS,24.0,10.0,2.0,10.0,2.0,24.0,0.33,,0.0032820864904672107,0.025755486597607225,0.2560027462564424,1.0,
4298,Q9EQG9_S377___2,,0.24224069756247738,0.6250137498625014,0.9735791103627425,ACOS,24.0,8.0,16.0,8.0,16.0,24.0,0.67,,0.0953088004769263,0.14846178535828905,7.434086437200252,1.0,
4299,Q9EQG9_S380___2,,0.2795084971874739,0.5000149998500015,0.9204821588147755,ACOS,24.0,4.0,14.0,4.0,14.0,24.0,0.58,,0.06550881647134288,0.1205957757767903,5.1096876847647446,1.0,
4300,Q9EQJ9_S572___2,,0.29814239699997214,0.43751562484375156,0.8852189547537208,ACOS,24.0,14.0,4.0,14.0,4.0,24.0,0.42,,0.05361444160464873,0.10847731432202215,4.181926445162601,1.0,
4301,Q9EQJ9_S575___2,,0.29814239699997214,0.43751562484375156,0.8852189547537208,ACOS,24.0,14.0,4.0,14.0,4.0,24.0,0.42,,0.05361444160464873,0.10847731432202215,4.181926445162601,1.0,
4302,Q9EQN3_S258___2,,0.29814239699997214,0.43751562484375156,0.8852189547537208,ACOS,24.0,8.0,8.0,8.0,8.0,24.0,0.0,,0.05361444160464873,0.10847731432202215,4.181926445162601,1.0,
4303,Q9ERR1_S194___2,,0.055901699437494776,0.99220007799922,0.9974177898103224,ACOS,24.0,22.0,22.0,22.0,22.0,24.0,0.0,,0.3813183256938952,0.38332357561866326,29.742829404123825,1.0,
4304,Q9ES00_S79___2,,0.46584749531245645,0.0937690623093769,0.5471579350140564,COS,24.0,14.0,2.0,14.0,2.0,24.0,0.5,,0.005920711107451196,0.03454832525336907,0.4618154663811933,1.0,
4305,Q9ES00_S84___2,,0.2236067977499791,0.6875131248687513,0.9836522870292533,ACOS,24.0,10.0,2.0,10.0,2.0,24.0,0.33,,0.11350807917025535,0.16368591139247143,8.853630175279918,1.0,
4306,Q9ES00_S88___2,,0.3913118960624634,0.21876781232187678,0.7543227814475101,ACOS,24.0,10.0,2.0,10.0,2.0,24.0,0.33,,0.017251591034782986,0.059484382074478995,1.345624100713073,1.0,
4307,Q9ES00_S101___2,,0.37267799624996517,0.25001749982500177,0.783497463386022,ACOS,24.0,10.0,2.0,10.0,2.0,24.0,0.33,,0.02203270318362918,0.06904543509151728,1.718550848323076,1.0,
4308,Q9ESE1_S1003___2,,0.29814239699997214,0.43751562484375156,0.8852189547537208,ACOS,24.0,16.0,8.0,16.0,8.0,24.0,0.33,,0.05361444160464873,0.10847731432202215,4.181926445162601,1.0,
4309,Q9ESE1_S1219___2,,0.4099457958749617,0.18751812481875182,0.7309536040039274,ACOS,24.0,10.0,20.0,10.0,20.0,24.0,0.58,,0.013386385243419103,0.05218069745375196,1.04413804898669,1.0,
4310,Q9ESE1_S1221___2,,0.3354101966249687,0.34376656233437664,0.8386535601185869,ACOS,24.0,10.0,0.0,10.0,0.0,24.0,0.42,,0.03498372787327912,0.08730403942892999,2.7287307741157716,1.0,
4311,Q9ESE1_S1245___2,,0.14907119849998607,0.8750112498875011,0.9836522870292533,ACOS,24.0,4.0,20.0,4.0,20.0,24.0,0.33,,0.21029812498078254,0.23917533062426458,16.403253748501037,1.0,
4312,Q9ESE1_S1248___2,,0.14907119849998607,0.8750112498875011,0.9836522870292533,ACOS,24.0,4.0,20.0,4.0,20.0,24.0,0.33,,0.21029812498078254,0.23917533062426458,16.403253748501037,1.0,
4313,Q9ESK9_S261___2,,0.4099457958749617,0.18751812481875182,0.7309536040039274,ACOS,24.0,14.0,14.0,14.0,14.0,24.0,0.0,,0.013386385243419103,0.05218069745375196,1.04413804898669,1.0,
4314,Q9ESK9_S257___2,,0.4099457958749617,0.18751812481875182,0.7309536040039274,ACOS,24.0,14.0,14.0,14.0,14.0,24.0,0.0,,0.013386385243419103,0.05218069745375196,1.04413804898669,1.0,
4315,Q9ESN6_S375___2,,0.42857969568745996,0.15626843731562684,0.6959989393582299,COS,24.0,14.0,2.0,14.0,2.0,24.0,0.5,,0.010293111274975088,0.04584415543625904,0.8028626794480569,1.0,
4316,Q9ESX5_S451___2,,0.14907119849998607,0.8750112498875011,0.9836522870292533,ACOS,24.0,2.0,10.0,2.0,10.0,24.0,0.67,,0.21029812498078254,0.23917533062426458,16.403253748501037,1.0,
4317,Q9ESX5_S453___2,,0.13043729868748782,0.9062609373906261,0.9836522870292533,ACOS,24.0,2.0,10.0,2.0,10.0,24.0,0.67,,0.24049416858204564,0.26103148572645835,18.75854514939956,1.0,
4318,Q9ESX5_S481___2,,0.18633899812498259,0.8125118748812512,0.9836522870292533,ACOS,24.0,2.0,2.0,2.0,2.0,24.0,0.0,,0.15703129585716225,0.19764355093531163,12.248441076858654,1.0,
4319,Q9ET54_S259___2,,0.3913118960624634,0.21876781232187678,0.7543227814475101,ACOS,24.0,10.0,2.0,10.0,2.0,24.0,0.33,,0.017251591034782986,0.059484382074478995,1.345624100713073,1.0,
4320,Q9ET54_S264___2,,0.3913118960624634,0.21876781232187678,0.7543227814475101,ACOS,24.0,10.0,2.0,10.0,2.0,24.0,0.33,,0.017251591034782986,0.059484382074478995,1.345624100713073,1.0,
4321,Q9ET54_S35___2,,0.577650894187446,0.015639843601563983,0.22997788483653625,ACOS,24.0,12.0,18.0,12.0,18.0,24.0,0.75,,9.015710203196908E-4,0.013257255095716316,0.07032253958493588,1.0,
4322,Q9JHE7_S57___2,,0.3354101966249687,0.34376656233437664,0.8386535601185869,ACOS,24.0,10.0,2.0,10.0,2.0,24.0,0.33,,0.03498372787327912,0.08730403942892999,2.7287307741157716,1.0,
4323,Q9JHE7_S64___2,,0.3354101966249687,0.34376656233437664,0.8386535601185869,ACOS,24.0,10.0,2.0,10.0,2.0,24.0,0.33,,0.03498372787327912,0.08730403942892999,2.7287307741157716,1.0,
4324,Q9JIA7_S364___2,,0.16770509831248434,0.8437615623843762,0.9836522870292533,ACOS,24.0,16.0,16.0,16.0,16.0,24.0,0.0,,0.1824518756760124,0.21722409413444527,14.231246302728968,1.0,
4325,Q9JIA7_S379___2,,0.16770509831248434,0.8437615623843762,0.9836522870292533,ACOS,24.0,16.0,16.0,16.0,16.0,24.0,0.0,,0.1824518756760124,0.21722409413444527,14.231246302728968,1.0,
4326,Q9JIK5_S243___2,,0.5590169943749478,0.023459765402345976,0.28673713262867373,ACOS,24.0,20.0,4.0,20.0,4.0,24.0,0.67,,0.0012630300532244254,0.015437392901175266,0.09851634415150518,1.0,
4327,Q9JIL4_S489___2,,0.24224069756247738,0.6250137498625014,0.9735791103627425,ACOS,24.0,16.0,8.0,16.0,8.0,24.0,0.33,,0.0953088004769263,0.14846178535828905,7.434086437200252,1.0,
4328,Q9JIL4_S492___2,,0.24224069756247738,0.6250137498625014,0.9735791103627425,ACOS,24.0,16.0,8.0,16.0,8.0,24.0,0.33,,0.0953088004769263,0.14846178535828905,7.434086437200252,1.0,
4329,Q9JIX8_S413___2,,0.24224069756247738,0.6250137498625014,0.9735791103627425,ACOS,24.0,14.0,4.0,14.0,4.0,24.0,0.42,,0.0953088004769263,0.14846178535828905,7.434086437200252,1.0,
4330,Q9JIX8_S428___2,,0.2236067977499791,0.6875131248687513,0.9836522870292533,ACOS,24.0,14.0,6.0,14.0,6.0,24.0,0.33,,0.11350807917025535,0.16368591139247143,8.853630175279918,1.0,
4331,Q9JIX8_S454___2,,0.2236067977499791,0.6875131248687513,0.9836522870292533,ACOS,24.0,14.0,6.0,14.0,6.0,24.0,0.33,,0.11350807917025535,0.16368591139247143,8.853630175279918,1.0,
4332,Q9JIX8_S479___2,,0.3540440964374669,0.3125168748312517,0.8386535601185869,COS,24.0,20.0,8.0,20.0,8.0,24.0,0.5,,0.027887169552556004,0.07848809381134579,2.175199225099368,1.0,
4333,Q9JIX8_S389___2,,0.18633899812498259,0.8125118748812512,0.9836522870292533,ACOS,24.0,8.0,8.0,8.0,8.0,24.0,0.0,,0.15703129585716225,0.19764355093531163,12.248441076858654,1.0,
4334,Q9JIX8_S391___2,,0.18633899812498259,0.8125118748812512,0.9836522870292533,ACOS,24.0,8.0,8.0,8.0,8.0,24.0,0.0,,0.15703129585716225,0.19764355093531163,12.248441076858654,1.0,
4335,Q9JKF6_S433___2,,0.29814239699997214,0.43751562484375156,0.8852189547537208,ACOS,24.0,16.0,8.0,16.0,8.0,24.0,0.33,,0.05361444160464873,0.10847731432202215,4.181926445162601,1.0,
4336,Q9JKF6_S434___2,,0.29814239699997214,0.43751562484375156,0.8852189547537208,ACOS,24.0,16.0,8.0,16.0,8.0,24.0,0.33,,0.05361444160464873,0.10847731432202215,4.181926445162601,1.0,
4337,Q9JLM9_S370___2,,0.2795084971874739,0.5000149998500015,0.9204821588147755,ACOS,24.0,14.0,16.0,14.0,16.0,24.0,0.92,,0.06550881647134288,0.1205957757767903,5.1096876847647446,1.0,
4338,Q9JLM9_S373___2,,0.2795084971874739,0.5000149998500015,0.9204821588147755,ACOS,24.0,14.0,16.0,14.0,16.0,24.0,0.92,,0.06550881647134288,0.1205957757767903,5.1096876847647446,1.0,
4339,Q9JLV1_S382___2,,0.5590169943749478,0.023459765402345976,0.28673713262867373,COS,24.0,8.0,20.0,8.0,20.0,24.0,0.5,,0.0012630300532244254,0.015437392901175266,0.09851634415150518,1.0,
4340,Q9JLV1_S390___2,,0.4472135954999582,0.12501874981250188,0.6403693519334903,ACOS,24.0,8.0,16.0,8.0,16.0,24.0,0.67,,0.007842546279573382,0.04017098464103022,0.6117186098067239,1.0,
4341,Q9JMD3_S284___2,,0.48448139512495475,0.07814921850781492,0.5245437011922015,ACOS,24.0,8.0,16.0,8.0,16.0,24.0,0.67,,0.004428713520216645,0.029725873473476612,0.3454396545768983,1.0,
4342,Q9JMD3_S289___2,,0.42857969568745996,0.15626843731562684,0.6959989393582299,ACOS,24.0,8.0,16.0,8.0,16.0,24.0,0.67,,0.010293111274975088,0.04584415543625904,0.8028626794480569,1.0,
4343,Q9JMH9_S2037___2,,0.5403830945624495,0.031269687303126965,0.31931161457616186,ACOS,24.0,20.0,4.0,20.0,4.0,24.0,0.67,,0.0017528052122483628,0.01789883784045924,0.1367188065553723,1.0,
4344,Q9JMH9_S2039___2,,0.5403830945624495,0.031269687303126965,0.31931161457616186,ACOS,24.0,16.0,12.0,16.0,12.0,24.0,0.17,,0.0017528052122483628,0.01789883784045924,0.1367188065553723,1.0,
4345,Q9JMH9_S1966___2,,0.42857969568745996,0.15626843731562684,0.6959989393582299,COS,24.0,8.0,20.0,8.0,20.0,24.0,0.5,,0.010293111274975088,0.04584415543625904,0.8028626794480569,1.0,
4346,Q9JMH9_S1970___2,,0.42857969568745996,0.15626843731562684,0.6959989393582299,COS,24.0,8.0,20.0,8.0,20.0,24.0,0.5,,0.010293111274975088,0.04584415543625904,0.8028626794480569,1.0,
4347,Q9QWY8_S854___2,,0.4099457958749617,0.18751812481875182,0.7309536040039274,ACOS,24.0,14.0,16.0,14.0,16.0,24.0,0.92,,0.013386385243419103,0.05218069745375196,1.04413804898669,1.0,
4348,Q9QWY8_S858___2,,0.4099457958749617,0.18751812481875182,0.7309536040039274,ACOS,24.0,14.0,16.0,14.0,16.0,24.0,0.92,,0.013386385243419103,0.05218069745375196,1.04413804898669,1.0,
4349,Q9QXG4_S263___2,,0.3540440964374669,0.3125168748312517,0.8386535601185869,COS,24.0,20.0,8.0,20.0,8.0,24.0,0.5,,0.027887169552556004,0.07848809381134579,2.175199225099368,1.0,
4350,Q9QXG4_S265___2,,0.2795084971874739,0.5000149998500015,0.9204821588147755,COS,24.0,20.0,8.0,20.0,8.0,24.0,0.5,,0.06550881647134288,0.1205957757767903,5.1096876847647446,1.0,
4351,Q9QXG4_S267___2,,0.2236067977499791,0.6875131248687513,0.9836522870292533,COS,24.0,20.0,8.0,20.0,8.0,24.0,0.5,,0.11350807917025535,0.16368591139247143,8.853630175279918,1.0,
4352,Q9QXL2_S1660___2,,0.2236067977499791,0.6875131248687513,0.9836522870292533,ACOS,24.0,16.0,8.0,16.0,8.0,24.0,0.33,,0.11350807917025535,0.16368591139247143,8.853630175279918,1.0,
4353,Q9QXL2_S1671___2,,0.2236067977499791,0.6875131248687513,0.9836522870292533,ACOS,24.0,16.0,8.0,16.0,8.0,24.0,0.33,,0.11350807917025535,0.16368591139247143,8.853630175279918,1.0,
4354,Q9QXN0_S912___2,,0.2236067977499791,0.6875131248687513,0.9836522870292533,ACOS,24.0,8.0,16.0,8.0,16.0,24.0,0.67,,0.11350807917025535,0.16368591139247143,8.853630175279918,1.0,
4355,Q9QXY1_S319___2,,0.3540440964374669,0.3125168748312517,0.8386535601185869,ACOS,24.0,14.0,6.0,14.0,6.0,24.0,0.33,,0.027887169552556004,0.07848809381134579,2.175199225099368,1.0,
4356,Q9QXY1_S156___2,,0.4099457958749617,0.18751812481875182,0.7309536040039274,ACOS,24.0,4.0,2.0,4.0,2.0,24.0,0.08,,0.013386385243419103,0.05218069745375196,1.04413804898669,1.0,
4357,Q9QXY1_S161___2,,0.42857969568745996,0.15626843731562684,0.6959989393582299,ACOS,24.0,4.0,0.0,4.0,0.0,24.0,0.17,,0.010293111274975088,0.04584415543625904,0.8028626794480569,1.0,
4358,Q9QXY1_S356___2,,0.2236067977499791,0.6875131248687513,0.9836522870292533,ACOS,24.0,14.0,16.0,14.0,16.0,24.0,0.92,,0.11350807917025535,0.16368591139247143,8.853630175279918,1.0,
4359,Q9QXY1_S359___2,,0.2236067977499791,0.6875131248687513,0.9836522870292533,ACOS,24.0,14.0,16.0,14.0,16.0,24.0,0.92,,0.11350807917025535,0.16368591139247143,8.853630175279918,1.0,
4360,Q9QY06_S1978___2,,0.42857969568745996,0.15626843731562684,0.6959989393582299,ACOS,24.0,14.0,4.0,14.0,4.0,24.0,0.42,,0.010293111274975088,0.04584415543625904,0.8028626794480569,1.0,
4361,Q9QY30_S688___2,,0.37267799624996517,0.25001749982500177,0.783497463386022,COS,24.0,14.0,2.0,14.0,2.0,24.0,0.5,,0.02203270318362918,0.06904543509151728,1.718550848323076,1.0,
4362,Q9QY30_S692___2,,0.2795084971874739,0.5000149998500015,0.9204821588147755,ACOS,24.0,14.0,16.0,14.0,16.0,24.0,0.92,,0.06550881647134288,0.1205957757767903,5.1096876847647446,1.0,
4363,Q9QY30_S696___2,,0.46584749531245645,0.0937690623093769,0.5471579350140564,ACOS,24.0,14.0,16.0,14.0,16.0,24.0,0.92,,0.005920711107451196,0.03454832525336907,0.4618154663811933,1.0,
4364,Q9QYG0_S328___2,,0.6708203932499374,0.002949970500294997,0.1270081893775657,COS,24.0,8.0,20.0,8.0,20.0,24.0,0.5,,1.449047398848948E-4,0.006238736503692902,0.011302569711021794,0.4866214472880464,
4365,Q9QYG0_S332___2,,0.5217491947499513,0.04689953100468995,0.4127676955274646,ACOS,24.0,14.0,16.0,14.0,16.0,24.0,0.92,,0.0024097615294134673,0.021208564178760516,0.18796139929425046,1.0,
4366,Q9QYG0_S338___2,,0.4472135954999582,0.12501874981250188,0.6403693519334903,ACOS,24.0,4.0,0.0,4.0,0.0,24.0,0.17,,0.007842546279573382,0.04017098464103022,0.6117186098067239,1.0,
4367,Q9QYG0_S342___2,,0.2795084971874739,0.5000149998500015,0.9204821588147755,ACOS,24.0,12.0,20.0,12.0,20.0,24.0,0.67,,0.06550881647134288,0.1205957757767903,5.1096876847647446,1.0,
4368,Q9QYG0_S344___2,,0.2795084971874739,0.5000149998500015,0.9204821588147755,COS,24.0,14.0,2.0,14.0,2.0,24.0,0.5,,0.06550881647134288,0.1205957757767903,5.1096876847647446,1.0,
4369,Q9QYG0_S350___2,,0.16770509831248434,0.8437615623843762,0.9836522870292533,ACOS,24.0,22.0,22.0,22.0,22.0,24.0,0.0,,0.1824518756760124,0.21722409413444527,14.231246302728968,1.0,
4370,Q9QZI9_S369___2,,0.26087459737497565,0.5625143748562514,0.9536205028159013,ACOS,24.0,4.0,0.0,4.0,0.0,24.0,0.17,,0.07935437224874475,0.1345280400768894,6.189641035402091,1.0,
4371,Q9QZI9_S371___2,,0.2236067977499791,0.6875131248687513,0.9836522870292533,ACOS,24.0,4.0,0.0,4.0,0.0,24.0,0.17,,0.11350807917025535,0.16368591139247143,8.853630175279918,1.0,
4372,Q9QZQ1_S1157___2,,0.4472135954999582,0.12501874981250188,0.6403693519334903,ACOS,24.0,8.0,18.0,8.0,18.0,24.0,0.58,,0.007842546279573382,0.04017098464103022,0.6117186098067239,1.0,
4373,Q9QZQ1_S1158___2,,0.3913118960624634,0.21876781232187678,0.7543227814475101,ACOS,24.0,4.0,20.0,4.0,20.0,24.0,0.33,,0.017251591034782986,0.059484382074478995,1.345624100713073,1.0,
4374,Q9QZQ1_S1167___2,,0.29814239699997214,0.43751562484375156,0.8852189547537208,ACOS,24.0,4.0,14.0,4.0,14.0,24.0,0.58,,0.05361444160464873,0.10847731432202215,4.181926445162601,1.0,
4375,Q9QZQ8_S170___2,,0.3167762968124704,0.37501624983750165,0.8386535601185869,ACOS,24.0,16.0,22.0,16.0,22.0,24.0,0.75,,0.04349923101882863,0.097277877884409,3.392940019468633,1.0,
4376,Q9QZQ8_S173___2,,0.11180339887498955,0.937510624893751,0.9899167645530791,ACOS,24.0,20.0,20.0,20.0,20.0,24.0,0.0,,0.2729083801775865,0.2881637536165899,21.286853653851747,1.0,
4377,Q9QZW0_S1123___2,,0.4099457958749617,0.18751812481875182,0.7309536040039274,COS,24.0,8.0,20.0,8.0,20.0,24.0,0.5,,0.013386385243419103,0.05218069745375196,1.04413804898669,1.0,
4378,Q9QZW0_S1126___2,,0.4099457958749617,0.18751812481875182,0.7309536040039274,COS,24.0,8.0,20.0,8.0,20.0,24.0,0.5,,0.013386385243419103,0.05218069745375196,1.04413804898669,1.0,
4379,Q9R078_S96___2,,0.46584749531245645,0.0937690623093769,0.5471579350140564,ACOS,24.0,20.0,6.0,20.0,6.0,24.0,0.58,,0.005920711107451196,0.03454832525336907,0.4618154663811933,1.0,
4380,Q9R078_S101___2,,0.46584749531245645,0.0937690623093769,0.5471579350140564,ACOS,24.0,20.0,6.0,20.0,6.0,24.0,0.58,,0.005920711107451196,0.03454832525336907,0.4618154663811933,1.0,
4381,Q9R0P4_S15___2,,0.16770509831248434,0.8437615623843762,0.9836522870292533,COS,24.0,14.0,2.0,14.0,2.0,24.0,0.5,,0.1824518756760124,0.21722409413444527,14.231246302728968,1.0,
4382,Q9R0P4_S17___2,,0.16770509831248434,0.8437615623843762,0.9836522870292533,COS,24.0,14.0,2.0,14.0,2.0,24.0,0.5,,0.1824518756760124,0.21722409413444527,14.231246302728968,1.0,
4383,Q9R0U0_S131___2,,0.3167762968124704,0.37501624983750165,0.8386535601185869,COS,24.0,2.0,14.0,2.0,14.0,24.0,0.5,,0.04349923101882863,0.097277877884409,3.392940019468633,1.0,
4384,Q9R1C7_S934___2,,0.18633899812498259,0.8125118748812512,0.9836522870292533,ACOS,24.0,20.0,22.0,20.0,22.0,24.0,0.92,,0.15703129585716225,0.19764355093531163,12.248441076858654,1.0,
4385,Q9WTN3_S446___2,,0.16770509831248434,0.8437615623843762,0.9836522870292533,ACOS,24.0,4.0,20.0,4.0,20.0,24.0,0.33,,0.1824518756760124,0.21722409413444527,14.231246302728968,1.0,
4386,Q9WTN3_S448___2,,0.16770509831248434,0.8437615623843762,0.9836522870292533,ACOS,24.0,4.0,20.0,4.0,20.0,24.0,0.33,,0.1824518756760124,0.21722409413444527,14.231246302728968,1.0,
4387,Q9WU42_S149___2,,0.29814239699997214,0.43751562484375156,0.8852189547537208,ACOS,24.0,10.0,2.0,10.0,2.0,24.0,0.33,,0.05361444160464873,0.10847731432202215,4.181926445162601,1.0,
4388,Q9WU42_S152___2,,0.29814239699997214,0.43751562484375156,0.8852189547537208,ACOS,24.0,10.0,2.0,10.0,2.0,24.0,0.33,,0.05361444160464873,0.10847731432202215,4.181926445162601,1.0,
4389,Q9WV70_S673___2,,0.16770509831248434,0.8437615623843762,0.9836522870292533,ACOS,24.0,20.0,6.0,20.0,6.0,24.0,0.58,,0.1824518756760124,0.21722409413444527,14.231246302728968,1.0,
4390,Q9WV70_S674___2,,0.13043729868748782,0.9062609373906261,0.9836522870292533,ACOS,24.0,20.0,14.0,20.0,14.0,24.0,0.25,,0.24049416858204564,0.26103148572645835,18.75854514939956,1.0,
4391,Q9WVR4_S602___2,,0.4472135954999582,0.12501874981250188,0.6403693519334903,ACOS,24.0,14.0,14.0,14.0,14.0,24.0,0.0,,0.007842546279573382,0.04017098464103022,0.6117186098067239,1.0,
4392,Q9WVR4_S604___2,,0.5403830945624495,0.031269687303126965,0.31931161457616186,ACOS,24.0,8.0,16.0,8.0,16.0,24.0,0.67,,0.0017528052122483628,0.01789883784045924,0.1367188065553723,1.0,
4393,Q9Z0R4_S315___2,,0.20497289793748086,0.7500124998750013,0.9836522870292533,ACOS,24.0,4.0,14.0,4.0,14.0,24.0,0.58,,0.13405890065957154,0.18041889221405025,10.45659425144658,1.0,
4394,Q9Z0R4_S318___2,,0.24224069756247738,0.6250137498625014,0.9735791103627425,ACOS,24.0,8.0,16.0,8.0,16.0,24.0,0.67,,0.0953088004769263,0.14846178535828905,7.434086437200252,1.0,
4395,Q9Z0U1_S1044___2,,0.2795084971874739,0.5000149998500015,0.9204821588147755,ACOS,24.0,14.0,16.0,14.0,16.0,24.0,0.92,,0.06550881647134288,0.1205957757767903,5.1096876847647446,1.0,
4396,Q9Z0U1_S378___2,,0.2236067977499791,0.6875131248687513,0.9836522870292533,ACOS,24.0,20.0,4.0,20.0,4.0,24.0,0.67,,0.11350807917025535,0.16368591139247143,8.853630175279918,1.0,
4397,Q9Z0U1_S380___2,,0.18633899812498259,0.8125118748812512,0.9836522870292533,ACOS,24.0,14.0,6.0,14.0,6.0,24.0,0.33,,0.15703129585716225,0.19764355093531163,12.248441076858654,1.0,
4398,Q9Z103_S959___2,,0.37267799624996517,0.25001749982500177,0.783497463386022,ACOS,24.0,20.0,4.0,20.0,4.0,24.0,0.67,,0.02203270318362918,0.06904543509151728,1.718550848323076,1.0,
4399,Q9Z103_S961___2,,0.37267799624996517,0.25001749982500177,0.783497463386022,ACOS,24.0,20.0,4.0,20.0,4.0,24.0,0.67,,0.02203270318362918,0.06904543509151728,1.718550848323076,1.0,
4400,Q9Z1D1_S42___2,,0.24224069756247738,0.6250137498625014,0.9735791103627425,ACOS,24.0,14.0,6.0,14.0,6.0,24.0,0.33,,0.0953088004769263,0.14846178535828905,7.434086437200252,1.0,
4401,Q9Z1E4_S652___2,,0.726722092687432,4.999950000499995E-4,0.06827074586396994,COS,24.0,20.0,8.0,20.0,8.0,24.0,0.5,,4.3137942030421135E-5,0.005835764267952787,0.0033647594783728484,0.45518961290031734,
4402,Q9Z1E4_S653___2,,0.7453559924999303,2.599974000259997E-4,0.06212637873621263,COS,24.0,20.0,8.0,20.0,8.0,24.0,0.5,,2.825417584497489E-5,0.005835764267952787,0.0022038257159080416,0.45518961290031734,
4403,Q9Z1E4_S657___2,,0.726722092687432,4.999950000499995E-4,0.06827074586396994,COS,24.0,20.0,8.0,20.0,8.0,24.0,0.5,,4.3137942030421135E-5,0.005835764267952787,0.0033647594783728484,0.45518961290031734,
4404,Q9Z1P7_S279___2,,0.5217491947499513,0.04689953100468995,0.4127676955274646,ACOS,24.0,10.0,20.0,10.0,20.0,24.0,0.58,,0.0024097615294134673,0.021208564178760516,0.18796139929425046,1.0,
4405,Q9Z1R2_S995___2,,0.2795084971874739,0.5000149998500015,0.9204821588147755,ACOS,24.0,16.0,16.0,16.0,16.0,24.0,0.0,,0.06550881647134288,0.1205957757767903,5.1096876847647446,1.0,
4406,Q9Z1R2_S986___2,,0.18633899812498259,0.8125118748812512,0.9836522870292533,ACOS,24.0,16.0,16.0,16.0,16.0,24.0,0.0,,0.15703129585716225,0.19764355093531163,12.248441076858654,1.0,
4407,Q9Z277_S1464___2,,0.16770509831248434,0.8437615623843762,0.9836522870292533,COS,24.0,20.0,8.0,20.0,8.0,24.0,0.5,,0.1824518756760124,0.21722409413444527,14.231246302728968,1.0,
4408,Q9Z2B9_S343___2,,0.20497289793748086,0.7500124998750013,0.9836522870292533,COS,24.0,2.0,14.0,2.0,14.0,24.0,0.5,,0.13405890065957154,0.18041889221405025,10.45659425144658,1.0,
4409,Q9Z2B9_S347___2,,0.20497289793748086,0.7500124998750013,0.9836522870292533,COS,24.0,2.0,14.0,2.0,14.0,24.0,0.5,,0.13405890065957154,0.18041889221405025,10.45659425144658,1.0,
4410,Q9Z2F7_S117___2,,0.3167762968124704,0.37501624983750165,0.8386535601185869,ACOS,24.0,14.0,14.0,14.0,14.0,24.0,0.0,,0.04349923101882863,0.097277877884409,3.392940019468633,1.0,
4411,Q9Z2F7_S119___2,,0.4472135954999582,0.12501874981250188,0.6403693519334903,ACOS,24.0,10.0,2.0,10.0,2.0,24.0,0.33,,0.007842546279573382,0.04017098464103022,0.6117186098067239,1.0,
4412,Q9Z2F7_S64___2,,0.2236067977499791,0.6875131248687513,0.9836522870292533,ACOS,24.0,8.0,16.0,8.0,16.0,24.0,0.67,,0.11350807917025535,0.16368591139247143,8.853630175279918,1.0,
4413,Q9Z315_S480___2,,0.3167762968124704,0.37501624983750165,0.8386535601185869,ACOS,24.0,20.0,4.0,20.0,4.0,24.0,0.67,,0.04349923101882863,0.097277877884409,3.392940019468633,1.0,
4414,Q9Z315_S492___2,,0.3167762968124704,0.37501624983750165,0.8386535601185869,ACOS,24.0,20.0,4.0,20.0,4.0,24.0,0.67,,0.04349923101882863,0.097277877884409,3.392940019468633,1.0,
4415,A2A5R2_T623___2,,0.3354101966249687,0.34376656233437664,0.8386535601185869,ACOS,24.0,16.0,22.0,16.0,22.0,24.0,0.75,,0.03498372787327912,0.08730403942892999,2.7287307741157716,1.0,
4416,A2AJ88_T1284___2,,0.3167762968124704,0.37501624983750165,0.8386535601185869,ACOS,24.0,8.0,8.0,8.0,8.0,24.0,0.0,,0.04349923101882863,0.097277877884409,3.392940019468633,1.0,
4417,A2AJI0_T99___2,,0.16770509831248434,0.8437615623843762,0.9836522870292533,ACOS,24.0,14.0,16.0,14.0,16.0,24.0,0.92,,0.1824518756760124,0.21722409413444527,14.231246302728968,1.0,
4418,A2ALK8_T376___2,,0.14907119849998607,0.8750112498875011,0.9836522870292533,ACOS,24.0,14.0,16.0,14.0,16.0,24.0,0.92,,0.21029812498078254,0.23917533062426458,16.403253748501037,1.0,
4419,A2AR02_T356___2,,0.2795084971874739,0.5000149998500015,0.9204821588147755,ACOS,24.0,2.0,2.0,2.0,2.0,24.0,0.0,,0.06550881647134288,0.1205957757767903,5.1096876847647446,1.0,
4420,A2BH40_T1760___2,,0.18633899812498259,0.8125118748812512,0.9836522870292533,ACOS,24.0,8.0,8.0,8.0,8.0,24.0,0.0,,0.15703129585716225,0.19764355093531163,12.248441076858654,1.0,
4421,A6X8Z5_T776___2,,0.24224069756247738,0.6250137498625014,0.9735791103627425,ACOS,24.0,22.0,16.0,22.0,16.0,24.0,0.25,,0.0953088004769263,0.14846178535828905,7.434086437200252,1.0,
4422,A6X919_T43___2,,0.3540440964374669,0.3125168748312517,0.8386535601185869,COS,24.0,14.0,2.0,14.0,2.0,24.0,0.5,,0.027887169552556004,0.07848809381134579,2.175199225099368,1.0,
4423,E9Q634_T1002___2,,0.6335525936249408,0.005879941200587994,0.1643288830269592,COS,24.0,8.0,20.0,8.0,20.0,24.0,0.5,,3.0978912629739484E-4,0.008657790845469297,0.0241635518511968,0.6753076859466053,
4424,G5E829_T1165___2,,0.3913118960624634,0.21876781232187678,0.7543227814475101,ACOS,24.0,8.0,16.0,8.0,16.0,24.0,0.67,,0.017251591034782986,0.059484382074478995,1.345624100713073,1.0,
4425,O08784_T171___2,,0.2795084971874739,0.5000149998500015,0.9204821588147755,ACOS,24.0,16.0,22.0,16.0,22.0,24.0,0.75,,0.06550881647134288,0.1205957757767903,5.1096876847647446,1.0,
4426,O54774_T758___2,,0.46584749531245645,0.0937690623093769,0.5471579350140564,ACOS,24.0,20.0,4.0,20.0,4.0,24.0,0.67,,0.005920711107451196,0.03454832525336907,0.4618154663811933,1.0,
4427,O70194_T548___2,,0.16770509831248434,0.8437615623843762,0.9836522870292533,ACOS,24.0,14.0,14.0,14.0,14.0,24.0,0.0,,0.1824518756760124,0.21722409413444527,14.231246302728968,1.0,
4428,O70551_T448___2,,0.2236067977499791,0.6875131248687513,0.9836522870292533,ACOS,24.0,20.0,14.0,20.0,14.0,24.0,0.25,,0.11350807917025535,0.16368591139247143,8.853630175279918,1.0,
4429,O88792_T286___2,,0.18633899812498259,0.8125118748812512,0.9836522870292533,ACOS,24.0,14.0,20.0,14.0,20.0,24.0,0.75,,0.15703129585716225,0.19764355093531163,12.248441076858654,1.0,
4430,P19973_T166___2,,0.20497289793748086,0.7500124998750013,0.9836522870292533,ACOS,24.0,10.0,4.0,10.0,4.0,24.0,0.25,,0.13405890065957154,0.18041889221405025,10.45659425144658,1.0,
4431,P24788_T584___2,,0.13043729868748782,0.9062609373906261,0.9836522870292533,ACOS,24.0,20.0,6.0,20.0,6.0,24.0,0.58,,0.24049416858204564,0.26103148572645835,18.75854514939956,1.0,
4432,P24788_T740___2,,0.26087459737497565,0.5625143748562514,0.9536205028159013,ACOS,24.0,16.0,8.0,16.0,8.0,24.0,0.33,,0.07935437224874475,0.1345280400768894,6.189641035402091,1.0,
4433,P26231_T645___2,,0.20497289793748086,0.7500124998750013,0.9836522870292533,ACOS,24.0,12.0,20.0,12.0,20.0,24.0,0.67,,0.13405890065957154,0.18041889221405025,10.45659425144658,1.0,
4434,P26231_T658___2,,0.4099457958749617,0.18751812481875182,0.7309536040039274,ACOS,24.0,4.0,0.0,4.0,0.0,24.0,0.17,,0.013386385243419103,0.05218069745375196,1.04413804898669,1.0,
4435,P30999_T916___2,,0.3354101966249687,0.34376656233437664,0.8386535601185869,ACOS,24.0,10.0,2.0,10.0,2.0,24.0,0.33,,0.03498372787327912,0.08730403942892999,2.7287307741157716,1.0,
4436,P35918_T1236___2,,0.11180339887498955,0.937510624893751,0.9899167645530791,ACOS,24.0,4.0,2.0,4.0,2.0,24.0,0.08,,0.2729083801775865,0.2881637536165899,21.286853653851747,1.0,
4437,P42128_T408___2,,0.2236067977499791,0.6875131248687513,0.9836522870292533,ACOS,24.0,10.0,10.0,10.0,10.0,24.0,0.0,,0.11350807917025535,0.16368591139247143,8.853630175279918,1.0,
4438,P47811_T180___2,,0.503115294937453,0.06251937480625194,0.49060770476039084,COS,24.0,8.0,20.0,8.0,20.0,24.0,0.5,,0.0032820864904672107,0.025755486597607225,0.2560027462564424,1.0,
4439,P49138_T9___2,,0.26087459737497565,0.5625143748562514,0.9536205028159013,ACOS,24.0,14.0,4.0,14.0,4.0,24.0,0.42,,0.07935437224874475,0.1345280400768894,6.189641035402091,1.0,
4440,P49586_T342___2,,0.07453559924999303,0.984390156098439,0.9974177898103224,ACOS,24.0,22.0,22.0,22.0,22.0,24.0,0.0,,0.34358681309626693,0.3483244335568646,26.799771421508822,1.0,
4441,P49698_T432___2,,0.5962847939999443,0.011739882601173987,0.2093466378769048,ACOS,24.0,4.0,20.0,4.0,20.0,24.0,0.33,,6.374983385533969E-4,0.011367927462487626,0.04972487040716496,0.8866983420740349,
4442,P58252_T57___2,,0.5403830945624495,0.031269687303126965,0.31931161457616186,ACOS,24.0,8.0,16.0,8.0,16.0,24.0,0.67,,0.0017528052122483628,0.01789883784045924,0.1367188065553723,1.0,
4443,P58252_T59___2,,0.5403830945624495,0.031269687303126965,0.31931161457616186,ACOS,24.0,8.0,16.0,8.0,16.0,24.0,0.67,,0.0017528052122483628,0.01789883784045924,0.1367188065553723,1.0,
4444,P58871_T533___2,,0.3167762968124704,0.37501624983750165,0.8386535601185869,ACOS,24.0,4.0,14.0,4.0,14.0,24.0,0.58,,0.04349923101882863,0.097277877884409,3.392940019468633,1.0,
4445,P59017_T345___2,,0.6521864934374391,0.003919960800391996,0.13674082237279817,ACOS,24.0,8.0,16.0,8.0,16.0,24.0,0.67,,2.1288795232688796E-4,0.007426215504891954,0.01660526028149726,0.5792448093815723,
4446,P59114_T150___2,,0.4099457958749617,0.18751812481875182,0.7309536040039274,ACOS,24.0,16.0,16.0,16.0,16.0,24.0,0.0,,0.013386385243419103,0.05218069745375196,1.04413804898669,1.0,
4447,P70302_T504___2,,0.2795084971874739,0.5000149998500015,0.9204821588147755,ACOS,24.0,14.0,14.0,14.0,14.0,24.0,0.0,,0.06550881647134288,0.1205957757767903,5.1096876847647446,1.0,
4448,P70445_T70___2,,0.4099457958749617,0.18751812481875182,0.7309536040039274,ACOS,24.0,14.0,4.0,14.0,4.0,24.0,0.42,,0.013386385243419103,0.05218069745375196,1.04413804898669,1.0,
4449,P70445_T46___2,,0.46584749531245645,0.0937690623093769,0.5471579350140564,COS,24.0,14.0,2.0,14.0,2.0,24.0,0.5,,0.005920711107451196,0.03454832525336907,0.4618154663811933,1.0,
4450,P70459_T3___2,,0.46584749531245645,0.0937690623093769,0.5471579350140564,COS,24.0,8.0,20.0,8.0,20.0,24.0,0.5,,0.005920711107451196,0.03454832525336907,0.4618154663811933,1.0,
4451,P97864_T2___2,,0.2236067977499791,0.6875131248687513,0.9836522870292533,ACOS,24.0,8.0,8.0,8.0,8.0,24.0,0.0,,0.11350807917025535,0.16368591139247143,8.853630175279918,1.0,
4452,Q01279_T1043___2,,0.46584749531245645,0.0937690623093769,0.5471579350140564,ACOS,24.0,14.0,16.0,14.0,16.0,24.0,0.92,,0.005920711107451196,0.03454832525336907,0.4618154663811933,1.0,
4453,Q0P678_T105___2,,0.11180339887498955,0.937510624893751,0.9899167645530791,ACOS,24.0,20.0,4.0,20.0,4.0,24.0,0.67,,0.2729083801775865,0.2881637536165899,21.286853653851747,1.0,
4454,Q3THE2_T19___2,,0.42857969568745996,0.15626843731562684,0.6959989393582299,ACOS,24.0,4.0,20.0,4.0,20.0,24.0,0.33,,0.010293111274975088,0.04584415543625904,0.8028626794480569,1.0,
4455,Q3THK3_T389___2,,0.18633899812498259,0.8125118748812512,0.9836522870292533,ACOS,24.0,10.0,10.0,10.0,10.0,24.0,0.0,,0.15703129585716225,0.19764355093531163,12.248441076858654,1.0,
4456,Q3TXS7_T311___2,,0.42857969568745996,0.15626843731562684,0.6959989393582299,ACOS,24.0,10.0,2.0,10.0,2.0,24.0,0.33,,0.010293111274975088,0.04584415543625904,0.8028626794480569,1.0,
4457,Q3UHJ0_T618___2,,0.13043729868748782,0.9062609373906261,0.9836522870292533,ACOS,24.0,8.0,8.0,8.0,8.0,24.0,0.0,,0.24049416858204564,0.26103148572645835,18.75854514939956,1.0,
4458,Q3UIA2_T730___2,,0.48448139512495475,0.07814921850781492,0.5245437011922015,ACOS,24.0,20.0,4.0,20.0,4.0,24.0,0.67,,0.004428713520216645,0.029725873473476612,0.3454396545768983,1.0,
4459,Q3UIA2_T734___2,,0.26087459737497565,0.5625143748562514,0.9536205028159013,ACOS,24.0,20.0,4.0,20.0,4.0,24.0,0.67,,0.07935437224874475,0.1345280400768894,6.189641035402091,1.0,
4460,Q3UIA2_T736___2,,0.46584749531245645,0.0937690623093769,0.5471579350140564,ACOS,24.0,20.0,4.0,20.0,4.0,24.0,0.67,,0.005920711107451196,0.03454832525336907,0.4618154663811933,1.0,
4461,Q3UIA2_T740___2,,0.46584749531245645,0.0937690623093769,0.5471579350140564,ACOS,24.0,16.0,8.0,16.0,8.0,24.0,0.33,,0.005920711107451196,0.03454832525336907,0.4618154663811933,1.0,
4462,Q3UIA2_T691___2,,0.48448139512495475,0.07814921850781492,0.5245437011922015,COS,24.0,8.0,20.0,8.0,20.0,24.0,0.5,,0.004428713520216645,0.029725873473476612,0.3454396545768983,1.0,
4463,Q3UMF0_T550___2,,0.3167762968124704,0.37501624983750165,0.8386535601185869,ACOS,24.0,4.0,14.0,4.0,14.0,24.0,0.58,,0.04349923101882863,0.097277877884409,3.392940019468633,1.0,
4464,Q3UMF0_T304___2,,0.577650894187446,0.015639843601563983,0.22997788483653625,COS,24.0,8.0,20.0,8.0,20.0,24.0,0.5,,9.015710203196908E-4,0.013257255095716316,0.07032253958493588,1.0,
4465,Q3UMF0_T328___2,,0.5403830945624495,0.031269687303126965,0.31931161457616186,ACOS,24.0,8.0,18.0,8.0,18.0,24.0,0.58,,0.0017528052122483628,0.01789883784045924,0.1367188065553723,1.0,
4466,Q3UQN2_T452___2,,0.5590169943749478,0.023459765402345976,0.28673713262867373,ACOS,24.0,10.0,20.0,10.0,20.0,24.0,0.58,,0.0012630300532244254,0.015437392901175266,0.09851634415150518,1.0,
4467,Q4ACU6_T1234___2,,0.14907119849998607,0.8750112498875011,0.9836522870292533,ACOS,24.0,20.0,14.0,20.0,14.0,24.0,0.25,,0.21029812498078254,0.23917533062426458,16.403253748501037,1.0,
4468,Q52KI8_T913___2,,0.29814239699997214,0.43751562484375156,0.8852189547537208,ACOS,24.0,20.0,12.0,20.0,12.0,24.0,0.33,,0.05361444160464873,0.10847731432202215,4.181926445162601,1.0,
4469,Q52KI8_T633___2,,0.42857969568745996,0.15626843731562684,0.6959989393582299,ACOS,24.0,20.0,14.0,20.0,14.0,24.0,0.25,,0.010293111274975088,0.04584415543625904,0.8028626794480569,1.0,
4470,Q52KI8_T409___2,,0.2236067977499791,0.6875131248687513,0.9836522870292533,ACOS,24.0,20.0,4.0,20.0,4.0,24.0,0.67,,0.11350807917025535,0.16368591139247143,8.853630175279918,1.0,
4471,Q52KI8_T414___2,,0.2236067977499791,0.6875131248687513,0.9836522870292533,ACOS,24.0,20.0,4.0,20.0,4.0,24.0,0.67,,0.11350807917025535,0.16368591139247143,8.853630175279918,1.0,
4472,Q570Y9_T234___2,,0.03726779962499652,0.998060019399806,0.9997391989244612,ACOS,24.0,20.0,20.0,20.0,20.0,24.0,0.0,,0.42021370096225497,0.42109483684181515,32.77666867505589,1.0,
4473,Q570Y9_T241___2,,0.07453559924999303,0.984390156098439,0.9974177898103224,ACOS,24.0,20.0,20.0,20.0,20.0,24.0,0.0,,0.34358681309626693,0.3483244335568646,26.799771421508822,1.0,
4474,Q5EG47_T490___2,,0.3167762968124704,0.37501624983750165,0.8386535601185869,ACOS,24.0,8.0,8.0,8.0,8.0,24.0,0.0,,0.04349923101882863,0.097277877884409,3.392940019468633,1.0,
4475,Q5SSH7_T1519___2,,0.2795084971874739,0.5000149998500015,0.9204821588147755,ACOS,24.0,14.0,16.0,14.0,16.0,24.0,0.92,,0.06550881647134288,0.1205957757767903,5.1096876847647446,1.0,
4476,Q5SX79_T383___2,,0.48448139512495475,0.07814921850781492,0.5245437011922015,ACOS,24.0,4.0,14.0,4.0,14.0,24.0,0.58,,0.004428713520216645,0.029725873473476612,0.3454396545768983,1.0,
4477,Q5U3K5_T597___2,,0.16770509831248434,0.8437615623843762,0.9836522870292533,ACOS,24.0,8.0,16.0,8.0,16.0,24.0,0.67,,0.1824518756760124,0.21722409413444527,14.231246302728968,1.0,
4478,Q5U3K5_T601___2,,0.5590169943749478,0.023459765402345976,0.28673713262867373,ACOS,24.0,10.0,10.0,10.0,10.0,24.0,0.0,,0.0012630300532244254,0.015437392901175266,0.09851634415150518,1.0,
4479,Q60596_T452___2,,0.3913118960624634,0.21876781232187678,0.7543227814475101,ACOS,24.0,16.0,10.0,16.0,10.0,24.0,0.25,,0.017251591034782986,0.059484382074478995,1.345624100713073,1.0,
4480,Q60598_T401___2,,0.20497289793748086,0.7500124998750013,0.9836522870292533,ACOS,24.0,14.0,6.0,14.0,6.0,24.0,0.33,,0.13405890065957154,0.18041889221405025,10.45659425144658,1.0,
4481,Q60876_T45___2,,0.11180339887498955,0.937510624893751,0.9899167645530791,ACOS,24.0,22.0,22.0,22.0,22.0,24.0,0.0,,0.2729083801775865,0.2881637536165899,21.286853653851747,1.0,
4482,Q60953_T535___2,,0.16770509831248434,0.8437615623843762,0.9836522870292533,ACOS,24.0,22.0,20.0,22.0,20.0,24.0,0.08,,0.1824518756760124,0.21722409413444527,14.231246302728968,1.0,
4483,Q61029_T159___2,,0.3354101966249687,0.34376656233437664,0.8386535601185869,ACOS,24.0,10.0,20.0,10.0,20.0,24.0,0.58,,0.03498372787327912,0.08730403942892999,2.7287307741157716,1.0,
4484,Q61029_T74___2,,0.29814239699997214,0.43751562484375156,0.8852189547537208,ACOS,24.0,20.0,0.0,20.0,0.0,24.0,0.83,,0.05361444160464873,0.10847731432202215,4.181926445162601,1.0,
4485,Q61136_T439___2,,0.26087459737497565,0.5625143748562514,0.9536205028159013,ACOS,24.0,18.0,12.0,18.0,12.0,24.0,0.25,,0.07935437224874475,0.1345280400768894,6.189641035402091,1.0,
4486,Q62433_T328___2,,0.4099457958749617,0.18751812481875182,0.7309536040039274,COS,24.0,20.0,8.0,20.0,8.0,24.0,0.5,,0.013386385243419103,0.05218069745375196,1.04413804898669,1.0,
4487,Q63844_T203___2,,0.48448139512495475,0.07814921850781492,0.5245437011922015,COS,24.0,8.0,20.0,8.0,20.0,24.0,0.5,,0.004428713520216645,0.029725873473476612,0.3454396545768983,1.0,
4488,Q63918_T368___2,,0.09316949906249129,0.968760312396876,0.9974177898103224,ACOS,24.0,20.0,14.0,20.0,14.0,24.0,0.25,,0.30735312441432305,0.3173127201503672,23.973543704317198,1.0,
4489,Q64012_T304___2,,0.18633899812498259,0.8125118748812512,0.9836522870292533,ACOS,24.0,12.0,18.0,12.0,18.0,24.0,0.75,,0.15703129585716225,0.19764355093531163,12.248441076858654,1.0,
4490,Q64012_T268___2,,0.42857969568745996,0.15626843731562684,0.6959989393582299,ACOS,24.0,16.0,22.0,16.0,22.0,24.0,0.75,,0.010293111274975088,0.04584415543625904,0.8028626794480569,1.0,
4491,Q64012_T274___2,,0.6335525936249408,0.005879941200587994,0.1643288830269592,ACOS,24.0,10.0,20.0,10.0,20.0,24.0,0.58,,3.0978912629739484E-4,0.008657790845469297,0.0241635518511968,0.6753076859466053,
4492,Q64213_T67___2,,0.20497289793748086,0.7500124998750013,0.9836522870292533,ACOS,24.0,16.0,16.0,16.0,16.0,24.0,0.0,,0.13405890065957154,0.18041889221405025,10.45659425144658,1.0,
4493,Q68FF6_T401___2,,0.03726779962499652,0.998060019399806,0.9997391989244612,ACOS,24.0,8.0,8.0,8.0,8.0,24.0,0.0,,0.42021370096225497,0.42109483684181515,32.77666867505589,1.0,
4494,Q69ZX8_T276___2,,0.14907119849998607,0.8750112498875011,0.9836522870292533,COS,24.0,20.0,8.0,20.0,8.0,24.0,0.5,,0.21029812498078254,0.23917533062426458,16.403253748501037,1.0,
4495,Q6A0A2_T735___2,,0.29814239699997214,0.43751562484375156,0.8852189547537208,ACOS,24.0,16.0,22.0,16.0,22.0,24.0,0.75,,0.05361444160464873,0.10847731432202215,4.181926445162601,1.0,
4496,Q6IQX8_T699___2,,0.3913118960624634,0.21876781232187678,0.7543227814475101,ACOS,24.0,8.0,16.0,8.0,16.0,24.0,0.67,,0.017251591034782986,0.059484382074478995,1.345624100713073,1.0,
4497,Q6NZJ6_T212___2,,0.07453559924999303,0.984390156098439,0.9974177898103224,ACOS,24.0,14.0,16.0,14.0,16.0,24.0,0.92,,0.34358681309626693,0.3483244335568646,26.799771421508822,1.0,
4498,Q6NZJ6_T214___2,,0.07453559924999303,0.984390156098439,0.9974177898103224,ACOS,24.0,14.0,16.0,14.0,16.0,24.0,0.92,,0.34358681309626693,0.3483244335568646,26.799771421508822,1.0,
4499,Q6P4S6_T527___2,,0.16770509831248434,0.8437615623843762,0.9836522870292533,ACOS,24.0,4.0,0.0,4.0,0.0,24.0,0.17,,0.1824518756760124,0.21722409413444527,14.231246302728968,1.0,
4500,Q6PAR5_T762___2,,0.3167762968124704,0.37501624983750165,0.8386535601185869,ACOS,24.0,10.0,20.0,10.0,20.0,24.0,0.58,,0.04349923101882863,0.097277877884409,3.392940019468633,1.0,
4501,Q6URW6_T1998___2,,0.37267799624996517,0.25001749982500177,0.783497463386022,COS,24.0,8.0,20.0,8.0,20.0,24.0,0.5,,0.02203270318362918,0.06904543509151728,1.718550848323076,1.0,
4502,Q6WVG3_T198___2,,0.2236067977499791,0.6875131248687513,0.9836522870292533,ACOS,24.0,4.0,4.0,4.0,4.0,24.0,0.0,,0.11350807917025535,0.16368591139247143,8.853630175279918,1.0,
4503,Q6ZPZ3_T1266___2,,0.20497289793748086,0.7500124998750013,0.9836522870292533,ACOS,24.0,10.0,10.0,10.0,10.0,24.0,0.0,,0.13405890065957154,0.18041889221405025,10.45659425144658,1.0,
4504,Q6ZQ93_T3401___2,,0.26087459737497565,0.5625143748562514,0.9536205028159013,ACOS,24.0,14.0,18.0,14.0,18.0,24.0,0.83,,0.07935437224874475,0.1345280400768894,6.189641035402091,1.0,
4505,Q7TQG1_T1140___2,,0.09316949906249129,0.968760312396876,0.9974177898103224,ACOS,24.0,16.0,22.0,16.0,22.0,24.0,0.75,,0.30735312441432305,0.3173127201503672,23.973543704317198,1.0,
4506,Q7TSI3_T666___2,,0.18633899812498259,0.8125118748812512,0.9836522870292533,ACOS,24.0,4.0,14.0,4.0,14.0,24.0,0.58,,0.15703129585716225,0.19764355093531163,12.248441076858654,1.0,
4507,Q80VP1_T469___2,,0.4472135954999582,0.12501874981250188,0.6403693519334903,ACOS,24.0,4.0,0.0,4.0,0.0,24.0,0.17,,0.007842546279573382,0.04017098464103022,0.6117186098067239,1.0,
4508,Q80VP1_T459___2,,0.3167762968124704,0.37501624983750165,0.8386535601185869,ACOS,24.0,14.0,16.0,14.0,16.0,24.0,0.92,,0.04349923101882863,0.097277877884409,3.392940019468633,1.0,
4509,Q80XI3_T259___2,,0.6708203932499374,0.002949970500294997,0.1270081893775657,COS,24.0,8.0,20.0,8.0,20.0,24.0,0.5,,1.449047398848948E-4,0.006238736503692902,0.011302569711021794,0.4866214472880464,
4510,Q8BGB2_T693___2,,0.20497289793748086,0.7500124998750013,0.9836522870292533,ACOS,24.0,14.0,16.0,14.0,16.0,24.0,0.92,,0.13405890065957154,0.18041889221405025,10.45659425144658,1.0,
4511,Q8BGB2_T695___2,,0.20497289793748086,0.7500124998750013,0.9836522870292533,ACOS,24.0,14.0,16.0,14.0,16.0,24.0,0.92,,0.13405890065957154,0.18041889221405025,10.45659425144658,1.0,
4512,Q8BGD9_T420___2,,0.6149186938124426,0.007829921700782993,0.17567697562460996,ACOS,24.0,14.0,4.0,14.0,4.0,24.0,0.42,,4.465174392780171E-4,0.010018341982674385,0.03482836026368533,0.7814306746486018,
4513,Q8BK03_T206___2,,0.3167762968124704,0.37501624983750165,0.8386535601185869,COS,24.0,14.0,2.0,14.0,2.0,24.0,0.5,,0.04349923101882863,0.097277877884409,3.392940019468633,1.0,
4514,Q8BK03_T208___2,,0.20497289793748086,0.7500124998750013,0.9836522870292533,ACOS,24.0,16.0,22.0,16.0,22.0,24.0,0.75,,0.13405890065957154,0.18041889221405025,10.45659425144658,1.0,
4515,Q8BK03_T218___2,,0.37267799624996517,0.25001749982500177,0.783497463386022,ACOS,24.0,10.0,6.0,10.0,6.0,24.0,0.17,,0.02203270318362918,0.06904543509151728,1.718550848323076,1.0,
4516,Q8BKX6_T3570___2,,0.6708203932499374,0.002949970500294997,0.1270081893775657,ACOS,24.0,8.0,16.0,8.0,16.0,24.0,0.67,,1.449047398848948E-4,0.006238736503692902,0.011302569711021794,0.4866214472880464,
4517,Q8BP27_T70___2,,0.26087459737497565,0.5625143748562514,0.9536205028159013,ACOS,24.0,16.0,22.0,16.0,22.0,24.0,0.75,,0.07935437224874475,0.1345280400768894,6.189641035402091,1.0,
4518,Q8BTI8_T823___2,,0.26087459737497565,0.5625143748562514,0.9536205028159013,ACOS,24.0,4.0,2.0,4.0,2.0,24.0,0.08,,0.07935437224874475,0.1345280400768894,6.189641035402091,1.0,
4519,Q8BTI8_T831___2,,0.3540440964374669,0.3125168748312517,0.8386535601185869,ACOS,24.0,4.0,0.0,4.0,0.0,24.0,0.17,,0.027887169552556004,0.07848809381134579,2.175199225099368,1.0,
4520,Q8BTI8_T841___2,,0.11180339887498955,0.937510624893751,0.9899167645530791,ACOS,24.0,8.0,8.0,8.0,8.0,24.0,0.0,,0.2729083801775865,0.2881637536165899,21.286853653851747,1.0,
4521,Q8BTI8_T973___2,,0.16770509831248434,0.8437615623843762,0.9836522870292533,ACOS,24.0,4.0,4.0,4.0,4.0,24.0,0.0,,0.1824518756760124,0.21722409413444527,14.231246302728968,1.0,
4522,Q8BTI8_T877___2,,0.03726779962499652,0.998060019399806,0.9997391989244612,ACOS,24.0,20.0,10.0,20.0,10.0,24.0,0.42,,0.42021370096225497,0.42109483684181515,32.77666867505589,1.0,
4523,Q8BWS5_T326___2,,0.09316949906249129,0.968760312396876,0.9974177898103224,ACOS,24.0,14.0,16.0,14.0,16.0,24.0,0.92,,0.30735312441432305,0.3173127201503672,23.973543704317198,1.0,
4524,Q8BX17_T1416___2,,0.14907119849998607,0.8750112498875011,0.9836522870292533,ACOS,24.0,22.0,22.0,22.0,22.0,24.0,0.0,,0.21029812498078254,0.23917533062426458,16.403253748501037,1.0,
4525,Q8C0D4_T229___2,,0.26087459737497565,0.5625143748562514,0.9536205028159013,ACOS,24.0,8.0,8.0,8.0,8.0,24.0,0.0,,0.07935437224874475,0.1345280400768894,6.189641035402091,1.0,
4526,Q8C5W3_T37___2,,0.29814239699997214,0.43751562484375156,0.8852189547537208,COS,24.0,14.0,2.0,14.0,2.0,24.0,0.5,,0.05361444160464873,0.10847731432202215,4.181926445162601,1.0,
4527,Q8CCF0_T455___2,,0.37267799624996517,0.25001749982500177,0.783497463386022,ACOS,24.0,14.0,16.0,14.0,16.0,24.0,0.92,,0.02203270318362918,0.06904543509151728,1.718550848323076,1.0,
4528,Q8CGZ0_T828___2,,0.24224069756247738,0.6250137498625014,0.9735791103627425,ACOS,24.0,4.0,2.0,4.0,2.0,24.0,0.08,,0.0953088004769263,0.14846178535828905,7.434086437200252,1.0,
4529,Q8CHP6_T607___2,,0.2236067977499791,0.6875131248687513,0.9836522870292533,ACOS,24.0,4.0,20.0,4.0,20.0,24.0,0.33,,0.11350807917025535,0.16368591139247143,8.853630175279918,1.0,
4530,Q8CHP6_T612___2,,0.2236067977499791,0.6875131248687513,0.9836522870292533,ACOS,24.0,4.0,20.0,4.0,20.0,24.0,0.33,,0.11350807917025535,0.16368591139247143,8.853630175279918,1.0,
4531,Q8JZQ9_T74___2,,0.2795084971874739,0.5000149998500015,0.9204821588147755,ACOS,24.0,14.0,16.0,14.0,16.0,24.0,0.92,,0.06550881647134288,0.1205957757767903,5.1096876847647446,1.0,
4532,Q8K019_T400___2,,0.16770509831248434,0.8437615623843762,0.9836522870292533,ACOS,24.0,14.0,14.0,14.0,14.0,24.0,0.0,,0.1824518756760124,0.21722409413444527,14.231246302728968,1.0,
4533,Q8K0L9_T695___2,,0.3540440964374669,0.3125168748312517,0.8386535601185869,ACOS,24.0,8.0,8.0,8.0,8.0,24.0,0.0,,0.027887169552556004,0.07848809381134579,2.175199225099368,1.0,
4534,Q8K2K6_T177___2,,0.42857969568745996,0.15626843731562684,0.6959989393582299,ACOS,24.0,4.0,20.0,4.0,20.0,24.0,0.33,,0.010293111274975088,0.04584415543625904,0.8028626794480569,1.0,
4535,Q8K2L8_T123___2,,0.26087459737497565,0.5625143748562514,0.9536205028159013,ACOS,24.0,2.0,4.0,2.0,4.0,24.0,0.92,,0.07935437224874475,0.1345280400768894,6.189641035402091,1.0,
4536,Q8K2L8_T130___2,,0.07453559924999303,0.984390156098439,0.9974177898103224,ACOS,24.0,8.0,16.0,8.0,16.0,24.0,0.67,,0.34358681309626693,0.3483244335568646,26.799771421508822,1.0,
4537,Q8K3A9_T188___2,,0.2236067977499791,0.6875131248687513,0.9836522870292533,ACOS,24.0,22.0,22.0,22.0,22.0,24.0,0.0,,0.11350807917025535,0.16368591139247143,8.853630175279918,1.0,
4538,Q8K4G5_T473___2,,0.48448139512495475,0.07814921850781492,0.5245437011922015,ACOS,24.0,8.0,16.0,8.0,16.0,24.0,0.67,,0.004428713520216645,0.029725873473476612,0.3454396545768983,1.0,
4539,Q8R1Q8_T513___2,,0.6521864934374391,0.003919960800391996,0.13674082237279817,ACOS,24.0,8.0,18.0,8.0,18.0,24.0,0.58,,2.1288795232688796E-4,0.007426215504891954,0.01660526028149726,0.5792448093815723,
4540,Q8VDQ8_T27___2,,0.20497289793748086,0.7500124998750013,0.9836522870292533,COS,24.0,14.0,2.0,14.0,2.0,24.0,0.5,,0.13405890065957154,0.18041889221405025,10.45659425144658,1.0,
4541,Q8VHR5_T121___2,,0.14907119849998607,0.8750112498875011,0.9836522870292533,ACOS,24.0,16.0,16.0,16.0,16.0,24.0,0.0,,0.21029812498078254,0.23917533062426458,16.403253748501037,1.0,
4542,Q8VI36_T132___2,,0.13043729868748782,0.9062609373906261,0.9836522870292533,ACOS,24.0,4.0,20.0,4.0,20.0,24.0,0.33,,0.24049416858204564,0.26103148572645835,18.75854514939956,1.0,
4543,Q91VS8_T876___2,,0.5590169943749478,0.023459765402345976,0.28673713262867373,COS,24.0,8.0,20.0,8.0,20.0,24.0,0.5,,0.0012630300532244254,0.015437392901175266,0.09851634415150518,1.0,
4544,Q91XU0_T87___2,,0.29814239699997214,0.43751562484375156,0.8852189547537208,ACOS,24.0,10.0,2.0,10.0,2.0,24.0,0.33,,0.05361444160464873,0.10847731432202215,4.181926445162601,1.0,
4545,Q91ZV0_T1126___2,,0.503115294937453,0.06251937480625194,0.49060770476039084,ACOS,24.0,2.0,18.0,2.0,18.0,24.0,0.33,,0.0032820864904672107,0.025755486597607225,0.2560027462564424,1.0,
4546,Q922B9_T85___2,,0.29814239699997214,0.43751562484375156,0.8852189547537208,ACOS,24.0,4.0,20.0,4.0,20.0,24.0,0.33,,0.05361444160464873,0.10847731432202215,4.181926445162601,1.0,
4547,Q922K7_T169___2,,0.20497289793748086,0.7500124998750013,0.9836522870292533,ACOS,24.0,14.0,6.0,14.0,6.0,24.0,0.33,,0.13405890065957154,0.18041889221405025,10.45659425144658,1.0,
4548,Q924Z6_T204___2,,0.2236067977499791,0.6875131248687513,0.9836522870292533,COS,24.0,8.0,20.0,8.0,20.0,24.0,0.5,,0.11350807917025535,0.16368591139247143,8.853630175279918,1.0,
4549,Q99JZ7_T126___2,,0.6894542930624356,0.001969980300196998,0.11768169818301817,COS,24.0,8.0,20.0,8.0,20.0,24.0,0.5,,9.769013212726992E-5,0.005835764267952787,0.007619830305927054,0.45518961290031734,
4550,Q99JZ7_T130___2,,0.6894542930624356,0.001969980300196998,0.11768169818301817,COS,24.0,8.0,20.0,8.0,20.0,24.0,0.5,,9.769013212726992E-5,0.005835764267952787,0.007619830305927054,0.45518961290031734,
4551,Q99KK1_T200___2,,0.18633899812498259,0.8125118748812512,0.9836522870292533,ACOS,24.0,10.0,2.0,10.0,2.0,24.0,0.33,,0.15703129585716225,0.19764355093531163,12.248441076858654,1.0,
4552,Q99L43_T30___2,,0.26087459737497565,0.5625143748562514,0.9536205028159013,ACOS,24.0,20.0,4.0,20.0,4.0,24.0,0.67,,0.07935437224874475,0.1345280400768894,6.189641035402091,1.0,
4553,Q99L88_T213___2,,0.18633899812498259,0.8125118748812512,0.9836522870292533,ACOS,24.0,22.0,22.0,22.0,22.0,24.0,0.0,,0.15703129585716225,0.19764355093531163,12.248441076858654,1.0,
4554,Q99LD4_T459___2,,0.503115294937453,0.06251937480625194,0.49060770476039084,ACOS,24.0,8.0,18.0,8.0,18.0,24.0,0.58,,0.0032820864904672107,0.025755486597607225,0.2560027462564424,1.0,
4555,Q99MS7_T278___2,,0.16770509831248434,0.8437615623843762,0.9836522870292533,ACOS,24.0,16.0,12.0,16.0,12.0,24.0,0.17,,0.1824518756760124,0.21722409413444527,14.231246302728968,1.0,
4556,Q99NB9_T142___2,,0.18633899812498259,0.8125118748812512,0.9836522870292533,ACOS,24.0,4.0,20.0,4.0,20.0,24.0,0.33,,0.15703129585716225,0.19764355093531163,12.248441076858654,1.0,
4557,Q9CQV4_T440___2,,0.20497289793748086,0.7500124998750013,0.9836522870292533,ACOS,24.0,22.0,22.0,22.0,22.0,24.0,0.0,,0.13405890065957154,0.18041889221405025,10.45659425144658,1.0,
4558,Q9CQV4_T307___2,,0.42857969568745996,0.15626843731562684,0.6959989393582299,ACOS,24.0,16.0,22.0,16.0,22.0,24.0,0.75,,0.010293111274975088,0.04584415543625904,0.8028626794480569,1.0,
4559,Q9CWK8_T101___2,,0.13043729868748782,0.9062609373906261,0.9836522870292533,ACOS,24.0,16.0,22.0,16.0,22.0,24.0,0.75,,0.24049416858204564,0.26103148572645835,18.75854514939956,1.0,
4560,Q9CZJ2_T42___2,,0.20497289793748086,0.7500124998750013,0.9836522870292533,ACOS,24.0,22.0,20.0,22.0,20.0,24.0,0.08,,0.13405890065957154,0.18041889221405025,10.45659425144658,1.0,
4561,Q9D0F9_T115___2,,0.3540440964374669,0.3125168748312517,0.8386535601185869,COS,24.0,2.0,14.0,2.0,14.0,24.0,0.5,,0.027887169552556004,0.07848809381134579,2.175199225099368,1.0,
4562,Q9D824_T481___2,,0.5217491947499513,0.04689953100468995,0.4127676955274646,ACOS,24.0,4.0,20.0,4.0,20.0,24.0,0.33,,0.0024097615294134673,0.021208564178760516,0.18796139929425046,1.0,
4563,Q9DBJ3_T257___2,,0.5590169943749478,0.023459765402345976,0.28673713262867373,COS,24.0,8.0,20.0,8.0,20.0,24.0,0.5,,0.0012630300532244254,0.015437392901175266,0.09851634415150518,1.0,
4564,Q9EP97_T170___2,,0.46584749531245645,0.0937690623093769,0.5471579350140564,ACOS,24.0,16.0,22.0,16.0,22.0,24.0,0.75,,0.005920711107451196,0.03454832525336907,0.4618154663811933,1.0,
4565,Q9EQ32_T154___2,,0.13043729868748782,0.9062609373906261,0.9836522870292533,ACOS,24.0,22.0,22.0,22.0,22.0,24.0,0.0,,0.24049416858204564,0.26103148572645835,18.75854514939956,1.0,
4566,Q9ESN6_T371___2,,0.42857969568745996,0.15626843731562684,0.6959989393582299,COS,24.0,14.0,2.0,14.0,2.0,24.0,0.5,,0.010293111274975088,0.04584415543625904,0.8028626794480569,1.0,
4567,Q9ESX5_T485___2,,0.18633899812498259,0.8125118748812512,0.9836522870292533,ACOS,24.0,2.0,2.0,2.0,2.0,24.0,0.0,,0.15703129585716225,0.19764355093531163,12.248441076858654,1.0,
4568,Q9JIX8_T417___2,,0.24224069756247738,0.6250137498625014,0.9735791103627425,ACOS,24.0,14.0,4.0,14.0,4.0,24.0,0.42,,0.0953088004769263,0.14846178535828905,7.434086437200252,1.0,
4569,Q9QYC0_T610___2,,0.11180339887498955,0.937510624893751,0.9899167645530791,ACOS,24.0,10.0,0.0,10.0,0.0,24.0,0.42,,0.2729083801775865,0.2881637536165899,21.286853653851747,1.0,
4570,Q9QYC0_T614___2,,0.11180339887498955,0.937510624893751,0.9899167645530791,ACOS,24.0,10.0,0.0,10.0,0.0,24.0,0.42,,0.2729083801775865,0.2881637536165899,21.286853653851747,1.0,
4571,Q9QYG0_T330___2,,0.4472135954999582,0.12501874981250188,0.6403693519334903,ACOS,24.0,14.0,16.0,14.0,16.0,24.0,0.92,,0.007842546279573382,0.04017098464103022,0.6117186098067239,1.0,
4572,Q9QYG0_T334___2,,0.3540440964374669,0.3125168748312517,0.8386535601185869,ACOS,24.0,22.0,22.0,22.0,22.0,24.0,0.0,,0.027887169552556004,0.07848809381134579,2.175199225099368,1.0,
4573,Q9QZQ8_T174___2,,0.3540440964374669,0.3125168748312517,0.8386535601185869,ACOS,24.0,16.0,22.0,16.0,22.0,24.0,0.75,,0.027887169552556004,0.07848809381134579,2.175199225099368,1.0,
4574,Q9QZQ8_T178___2,,0.18633899812498259,0.8125118748812512,0.9836522870292533,ACOS,24.0,20.0,20.0,20.0,20.0,24.0,0.0,,0.15703129585716225,0.19764355093531163,12.248441076858654,1.0,
4575,Q9Z1D1_T41___2,,0.24224069756247738,0.6250137498625014,0.9735791103627425,ACOS,24.0,14.0,6.0,14.0,6.0,24.0,0.33,,0.0953088004769263,0.14846178535828905,7.434086437200252,1.0,
4576,Q9Z1R2_T985___2,,0.29814239699997214,0.43751562484375156,0.8852189547537208,ACOS,24.0,16.0,16.0,16.0,16.0,24.0,0.0,,0.05361444160464873,0.10847731432202215,4.181926445162601,1.0,
4577,Q9Z2B9_T687___2,,0.5962847939999443,0.011739882601173987,0.2093466378769048,ACOS,24.0,2.0,4.0,2.0,4.0,24.0,0.92,,6.374983385533969E-4,0.011367927462487626,0.04972487040716496,0.8866983420740349,
4578,P47811_Y182___2,,0.503115294937453,0.06251937480625194,0.49060770476039084,COS,24.0,8.0,20.0,8.0,20.0,24.0,0.5,,0.0032820864904672107,0.025755486597607225,0.2560027462564424,1.0,
4579,P97452_Y108___2,,0.16770509831248434,0.8437615623843762,0.9836522870292533,COS,24.0,20.0,8.0,20.0,8.0,24.0,0.5,,0.1824518756760124,0.21722409413444527,14.231246302728968,1.0,
4580,Q60876_Y33___2,,0.09316949906249129,0.968760312396876,0.9974177898103224,ACOS,24.0,20.0,20.0,20.0,20.0,24.0,0.0,,0.30735312441432305,0.3173127201503672,23.973543704317198,1.0,
4581,Q61136_Y141___2,,0.3354101966249687,0.34376656233437664,0.8386535601185869,ACOS,24.0,20.0,6.0,20.0,6.0,24.0,0.58,,0.03498372787327912,0.08730403942892999,2.7287307741157716,1.0,
4582,Q63844_Y205___2,,0.577650894187446,0.015639843601563983,0.22997788483653625,COS,24.0,8.0,20.0,8.0,20.0,24.0,0.5,,9.015710203196908E-4,0.013257255095716316,0.07032253958493588,1.0,
4583,Q6WVG3_Y163___2,,0.16770509831248434,0.8437615623843762,0.9836522870292533,COS,24.0,20.0,8.0,20.0,8.0,24.0,0.5,,0.1824518756760124,0.21722409413444527,14.231246302728968,1.0,
4584,Q9CZV8_Y412___2,,0.13043729868748782,0.9062609373906261,0.9836522870292533,ACOS,24.0,4.0,0.0,4.0,0.0,24.0,0.17,,0.24049416858204564,0.26103148572645835,18.75854514939956,1.0,
4585,Q9R0U0_Y136___2,,0.2236067977499791,0.6875131248687513,0.9836522870292533,ACOS,24.0,8.0,8.0,8.0,8.0,24.0,0.0,,0.11350807917025535,0.16368591139247143,8.853630175279918,1.0,
4586,A2ALK8_S367___3,,0.20497289793748086,0.7500124998750013,0.9836522870292533,ACOS,24.0,16.0,22.0,16.0,22.0,24.0,0.75,,0.13405890065957154,0.18041889221405025,10.45659425144658,1.0,
4587,A2ALK8_S372___3,,0.20497289793748086,0.7500124998750013,0.9836522870292533,ACOS,24.0,16.0,22.0,16.0,22.0,24.0,0.75,,0.13405890065957154,0.18041889221405025,10.45659425144658,1.0,
4588,A6X919_S28___3,,0.6149186938124426,0.007829921700782993,0.17567697562460996,ACOS,24.0,10.0,20.0,10.0,20.0,24.0,0.58,,4.465174392780171E-4,0.010018341982674385,0.03482836026368533,0.7814306746486018,
4589,E9QAT4_S1242___3,,0.3354101966249687,0.34376656233437664,0.8386535601185869,ACOS,24.0,8.0,10.0,8.0,10.0,24.0,0.92,,0.03498372787327912,0.08730403942892999,2.7287307741157716,1.0,
4590,E9QAT4_S1245___3,,0.3540440964374669,0.3125168748312517,0.8386535601185869,ACOS,24.0,8.0,10.0,8.0,10.0,24.0,0.92,,0.027887169552556004,0.07848809381134579,2.175199225099368,1.0,
4591,E9QAT4_S1238___3,,0.29814239699997214,0.43751562484375156,0.8852189547537208,ACOS,24.0,8.0,10.0,8.0,10.0,24.0,0.92,,0.05361444160464873,0.10847731432202215,4.181926445162601,1.0,
4592,E9QAT4_S1239___3,,0.3540440964374669,0.3125168748312517,0.8386535601185869,ACOS,24.0,8.0,10.0,8.0,10.0,24.0,0.92,,0.027887169552556004,0.07848809381134579,2.175199225099368,1.0,
4593,F8VPU2_S892___3,,0.5403830945624495,0.031269687303126965,0.31931161457616186,ACOS,24.0,4.0,20.0,4.0,20.0,24.0,0.33,,0.0017528052122483628,0.01789883784045924,0.1367188065553723,1.0,
4594,F8VPU2_S897___3,,0.5962847939999443,0.011739882601173987,0.2093466378769048,ACOS,24.0,4.0,20.0,4.0,20.0,24.0,0.33,,6.374983385533969E-4,0.011367927462487626,0.04972487040716496,0.8866983420740349,
4595,F8VPU2_S899___3,,0.5962847939999443,0.011739882601173987,0.2093466378769048,ACOS,24.0,4.0,20.0,4.0,20.0,24.0,0.33,,6.374983385533969E-4,0.011367927462487626,0.04972487040716496,0.8866983420740349,
4596,O54774_S755___3,,0.3354101966249687,0.34376656233437664,0.8386535601185869,ACOS,24.0,14.0,14.0,14.0,14.0,24.0,0.0,,0.03498372787327912,0.08730403942892999,2.7287307741157716,1.0,
4597,O54774_S760___3,,0.3354101966249687,0.34376656233437664,0.8386535601185869,ACOS,24.0,14.0,14.0,14.0,14.0,24.0,0.0,,0.03498372787327912,0.08730403942892999,2.7287307741157716,1.0,
4598,P10637_S688___3,,0.20497289793748086,0.7500124998750013,0.9836522870292533,ACOS,24.0,14.0,16.0,14.0,16.0,24.0,0.92,,0.13405890065957154,0.18041889221405025,10.45659425144658,1.0,
4599,P10637_S692___3,,0.20497289793748086,0.7500124998750013,0.9836522870292533,ACOS,24.0,14.0,16.0,14.0,16.0,24.0,0.92,,0.13405890065957154,0.18041889221405025,10.45659425144658,1.0,
4600,P19973_S168___3,,0.20497289793748086,0.7500124998750013,0.9836522870292533,ACOS,24.0,14.0,6.0,14.0,6.0,24.0,0.33,,0.13405890065957154,0.18041889221405025,10.45659425144658,1.0,
4601,P19973_S179___3,,0.16770509831248434,0.8437615623843762,0.9836522870292533,ACOS,24.0,14.0,6.0,14.0,6.0,24.0,0.33,,0.1824518756760124,0.21722409413444527,14.231246302728968,1.0,
4602,P26231_S652___3,,0.29814239699997214,0.43751562484375156,0.8852189547537208,ACOS,24.0,8.0,18.0,8.0,18.0,24.0,0.58,,0.05361444160464873,0.10847731432202215,4.181926445162601,1.0,
4603,P26231_S655___3,,0.29814239699997214,0.43751562484375156,0.8852189547537208,ACOS,24.0,8.0,18.0,8.0,18.0,24.0,0.58,,0.05361444160464873,0.10847731432202215,4.181926445162601,1.0,
4604,P29699_S309___3,,0.3354101966249687,0.34376656233437664,0.8386535601185869,ACOS,24.0,8.0,16.0,8.0,16.0,24.0,0.67,,0.03498372787327912,0.08730403942892999,2.7287307741157716,1.0,
4605,P29699_S312___3,,0.3354101966249687,0.34376656233437664,0.8386535601185869,ACOS,24.0,8.0,16.0,8.0,16.0,24.0,0.67,,0.03498372787327912,0.08730403942892999,2.7287307741157716,1.0,
4606,P29699_S314___3,,0.3167762968124704,0.37501624983750165,0.8386535601185869,ACOS,24.0,8.0,16.0,8.0,16.0,24.0,0.67,,0.04349923101882863,0.097277877884409,3.392940019468633,1.0,
4607,P30999_S346___3,,0.3167762968124704,0.37501624983750165,0.8386535601185869,COS,24.0,8.0,20.0,8.0,20.0,24.0,0.5,,0.04349923101882863,0.097277877884409,3.392940019468633,1.0,
4608,P30999_S349___3,,0.3167762968124704,0.37501624983750165,0.8386535601185869,COS,24.0,8.0,20.0,8.0,20.0,24.0,0.5,,0.04349923101882863,0.097277877884409,3.392940019468633,1.0,
4609,P30999_S352___3,,0.3167762968124704,0.37501624983750165,0.8386535601185869,COS,24.0,8.0,20.0,8.0,20.0,24.0,0.5,,0.04349923101882863,0.097277877884409,3.392940019468633,1.0,
4610,P42128_S431___3,,0.6335525936249408,0.005879941200587994,0.1643288830269592,ACOS,24.0,8.0,16.0,8.0,16.0,24.0,0.67,,3.0978912629739484E-4,0.008657790845469297,0.0241635518511968,0.6753076859466053,
4611,P42128_S402___3,,0.18633899812498259,0.8125118748812512,0.9836522870292533,ACOS,24.0,10.0,10.0,10.0,10.0,24.0,0.0,,0.15703129585716225,0.19764355093531163,12.248441076858654,1.0,
4612,P42128_S406___3,,0.18633899812498259,0.8125118748812512,0.9836522870292533,ACOS,24.0,10.0,10.0,10.0,10.0,24.0,0.0,,0.15703129585716225,0.19764355093531163,12.248441076858654,1.0,
4613,P42128_S414___3,,0.18633899812498259,0.8125118748812512,0.9836522870292533,ACOS,24.0,10.0,10.0,10.0,10.0,24.0,0.0,,0.15703129585716225,0.19764355093531163,12.248441076858654,1.0,
4614,P42128_S225___3,,0.37267799624996517,0.25001749982500177,0.783497463386022,ACOS,24.0,20.0,0.0,20.0,0.0,24.0,0.83,,0.02203270318362918,0.06904543509151728,1.718550848323076,1.0,
4615,P42128_S229___3,,0.3913118960624634,0.21876781232187678,0.7543227814475101,ACOS,24.0,20.0,0.0,20.0,0.0,24.0,0.83,,0.017251591034782986,0.059484382074478995,1.345624100713073,1.0,
4616,P42128_S243___3,,0.3913118960624634,0.21876781232187678,0.7543227814475101,ACOS,24.0,20.0,0.0,20.0,0.0,24.0,0.83,,0.017251591034782986,0.059484382074478995,1.345624100713073,1.0,
4617,P42128_S427___3,,0.6335525936249408,0.005879941200587994,0.1643288830269592,ACOS,24.0,8.0,16.0,8.0,16.0,24.0,0.67,,3.0978912629739484E-4,0.008657790845469297,0.0241635518511968,0.6753076859466053,
4618,P49138_S3___3,,0.24224069756247738,0.6250137498625014,0.9735791103627425,ACOS,24.0,14.0,6.0,14.0,6.0,24.0,0.33,,0.0953088004769263,0.14846178535828905,7.434086437200252,1.0,
4619,P49138_S5___3,,0.24224069756247738,0.6250137498625014,0.9735791103627425,ACOS,24.0,14.0,6.0,14.0,6.0,24.0,0.33,,0.0953088004769263,0.14846178535828905,7.434086437200252,1.0,
4620,P49138_S16___3,,0.24224069756247738,0.6250137498625014,0.9735791103627425,ACOS,24.0,14.0,6.0,14.0,6.0,24.0,0.33,,0.0953088004769263,0.14846178535828905,7.434086437200252,1.0,
4621,P49698_S436___3,,0.13043729868748782,0.9062609373906261,0.9836522870292533,ACOS,24.0,14.0,14.0,14.0,14.0,24.0,0.0,,0.24049416858204564,0.26103148572645835,18.75854514939956,1.0,
4622,P51859_S202___3,,0.24224069756247738,0.6250137498625014,0.9735791103627425,ACOS,24.0,8.0,8.0,8.0,8.0,24.0,0.0,,0.0953088004769263,0.14846178535828905,7.434086437200252,1.0,
4623,P51859_S206___3,,0.24224069756247738,0.6250137498625014,0.9735791103627425,ACOS,24.0,8.0,8.0,8.0,8.0,24.0,0.0,,0.0953088004769263,0.14846178535828905,7.434086437200252,1.0,
4624,P62754_S236___3,,0.4099457958749617,0.18751812481875182,0.7309536040039274,ACOS,24.0,20.0,4.0,20.0,4.0,24.0,0.67,,0.013386385243419103,0.05218069745375196,1.04413804898669,1.0,
4625,Q0P678_S114___3,,0.16770509831248434,0.8437615623843762,0.9836522870292533,ACOS,24.0,14.0,16.0,14.0,16.0,24.0,0.92,,0.1824518756760124,0.21722409413444527,14.231246302728968,1.0,
4626,Q0P678_S92___3,,0.18633899812498259,0.8125118748812512,0.9836522870292533,ACOS,24.0,14.0,16.0,14.0,16.0,24.0,0.92,,0.15703129585716225,0.19764355093531163,12.248441076858654,1.0,
4627,Q0P678_S106___3,,0.18633899812498259,0.8125118748812512,0.9836522870292533,ACOS,24.0,14.0,16.0,14.0,16.0,24.0,0.92,,0.15703129585716225,0.19764355093531163,12.248441076858654,1.0,
4628,Q0VBL3_S670___3,,0.3354101966249687,0.34376656233437664,0.8386535601185869,ACOS,24.0,10.0,4.0,10.0,4.0,24.0,0.25,,0.03498372787327912,0.08730403942892999,2.7287307741157716,1.0,
4629,Q0VBL3_S674___3,,0.3354101966249687,0.34376656233437664,0.8386535601185869,ACOS,24.0,10.0,4.0,10.0,4.0,24.0,0.25,,0.03498372787327912,0.08730403942892999,2.7287307741157716,1.0,
4630,Q148V7_S186___3,,0.26087459737497565,0.5625143748562514,0.9536205028159013,ACOS,24.0,22.0,22.0,22.0,22.0,24.0,0.0,,0.07935437224874475,0.1345280400768894,6.189641035402091,1.0,
4631,Q148V7_S193___3,,0.26087459737497565,0.5625143748562514,0.9536205028159013,ACOS,24.0,22.0,22.0,22.0,22.0,24.0,0.0,,0.07935437224874475,0.1345280400768894,6.189641035402091,1.0,
4632,Q148V8_S5___3,,0.13043729868748782,0.9062609373906261,0.9836522870292533,ACOS,24.0,20.0,22.0,20.0,22.0,24.0,0.92,,0.24049416858204564,0.26103148572645835,18.75854514939956,1.0,
4633,Q148V8_S7___3,,0.13043729868748782,0.9062609373906261,0.9836522870292533,ACOS,24.0,20.0,20.0,20.0,20.0,24.0,0.0,,0.24049416858204564,0.26103148572645835,18.75854514939956,1.0,
4634,Q148V8_S8___3,,0.13043729868748782,0.9062609373906261,0.9836522870292533,ACOS,24.0,20.0,20.0,20.0,20.0,24.0,0.0,,0.24049416858204564,0.26103148572645835,18.75854514939956,1.0,
4635,Q148V8_S9___3,,0.13043729868748782,0.9062609373906261,0.9836522870292533,ACOS,24.0,20.0,20.0,20.0,20.0,24.0,0.0,,0.24049416858204564,0.26103148572645835,18.75854514939956,1.0,
4636,Q3B7Z2_S377___3,,0.3167762968124704,0.37501624983750165,0.8386535601185869,ACOS,24.0,8.0,10.0,8.0,10.0,24.0,0.92,,0.04349923101882863,0.097277877884409,3.392940019468633,1.0,
4637,Q3B7Z2_S380___3,,0.29814239699997214,0.43751562484375156,0.8852189547537208,ACOS,24.0,4.0,20.0,4.0,20.0,24.0,0.33,,0.05361444160464873,0.10847731432202215,4.181926445162601,1.0,
4638,Q3B7Z2_S383___3,,0.42857969568745996,0.15626843731562684,0.6959989393582299,ACOS,24.0,8.0,10.0,8.0,10.0,24.0,0.92,,0.010293111274975088,0.04584415543625904,0.8028626794480569,1.0,
4639,Q3B7Z2_S384___3,,0.42857969568745996,0.15626843731562684,0.6959989393582299,ACOS,24.0,8.0,10.0,8.0,10.0,24.0,0.92,,0.010293111274975088,0.04584415543625904,0.8028626794480569,1.0,
4640,Q3TKT4_S1536___3,,0.2795084971874739,0.5000149998500015,0.9204821588147755,ACOS,24.0,10.0,4.0,10.0,4.0,24.0,0.25,,0.06550881647134288,0.1205957757767903,5.1096876847647446,1.0,
4641,Q3TKT4_S1541___3,,0.2795084971874739,0.5000149998500015,0.9204821588147755,ACOS,24.0,10.0,4.0,10.0,4.0,24.0,0.25,,0.06550881647134288,0.1205957757767903,5.1096876847647446,1.0,
4642,Q3TKT4_S1552___3,,0.2795084971874739,0.5000149998500015,0.9204821588147755,ACOS,24.0,10.0,4.0,10.0,4.0,24.0,0.25,,0.06550881647134288,0.1205957757767903,5.1096876847647446,1.0,
4643,Q3TLH4_S1219___3,,0.2795084971874739,0.5000149998500015,0.9204821588147755,ACOS,24.0,14.0,18.0,14.0,18.0,24.0,0.83,,0.06550881647134288,0.1205957757767903,5.1096876847647446,1.0,
4644,Q3TLH4_S1221___3,,0.2795084971874739,0.5000149998500015,0.9204821588147755,ACOS,24.0,14.0,18.0,14.0,18.0,24.0,0.83,,0.06550881647134288,0.1205957757767903,5.1096876847647446,1.0,
4645,Q3TLH4_S1222___3,,0.2795084971874739,0.5000149998500015,0.9204821588147755,ACOS,24.0,10.0,6.0,10.0,6.0,24.0,0.17,,0.06550881647134288,0.1205957757767903,5.1096876847647446,1.0,
4646,Q52KI8_S810___3,,0.3540440964374669,0.3125168748312517,0.8386535601185869,ACOS,24.0,20.0,10.0,20.0,10.0,24.0,0.42,,0.027887169552556004,0.07848809381134579,2.175199225099368,1.0,
4647,Q5SSI6_S201___3,,0.13043729868748782,0.9062609373906261,0.9836522870292533,ACOS,24.0,14.0,14.0,14.0,14.0,24.0,0.0,,0.24049416858204564,0.26103148572645835,18.75854514939956,1.0,
4648,Q5SSI6_S202___3,,0.13043729868748782,0.9062609373906261,0.9836522870292533,ACOS,24.0,14.0,14.0,14.0,14.0,24.0,0.0,,0.24049416858204564,0.26103148572645835,18.75854514939956,1.0,
4649,Q5SSI6_S206___3,,0.13043729868748782,0.9062609373906261,0.9836522870292533,ACOS,24.0,14.0,14.0,14.0,14.0,24.0,0.0,,0.24049416858204564,0.26103148572645835,18.75854514939956,1.0,
4650,Q60598_S407___3,,0.4099457958749617,0.18751812481875182,0.7309536040039274,COS,24.0,8.0,20.0,8.0,20.0,24.0,0.5,,0.013386385243419103,0.05218069745375196,1.04413804898669,1.0,
4651,Q61029_S66___3,,0.3540440964374669,0.3125168748312517,0.8386535601185869,ACOS,24.0,20.0,22.0,20.0,22.0,24.0,0.92,,0.027887169552556004,0.07848809381134579,2.175199225099368,1.0,
4652,Q61029_S67___3,,0.3540440964374669,0.3125168748312517,0.8386535601185869,ACOS,24.0,20.0,22.0,20.0,22.0,24.0,0.92,,0.027887169552556004,0.07848809381134579,2.175199225099368,1.0,
4653,Q62261_S2168___3,,0.18633899812498259,0.8125118748812512,0.9836522870292533,ACOS,24.0,16.0,16.0,16.0,16.0,24.0,0.0,,0.15703129585716225,0.19764355093531163,12.248441076858654,1.0,
4654,Q62261_S2160___3,,0.20497289793748086,0.7500124998750013,0.9836522870292533,ACOS,24.0,16.0,16.0,16.0,16.0,24.0,0.0,,0.13405890065957154,0.18041889221405025,10.45659425144658,1.0,
4655,Q64012_S270___3,,0.3167762968124704,0.37501624983750165,0.8386535601185869,ACOS,24.0,10.0,2.0,10.0,2.0,24.0,0.33,,0.04349923101882863,0.097277877884409,3.392940019468633,1.0,
4656,Q6ZPZ3_S1104___3,,0.2236067977499791,0.6875131248687513,0.9836522870292533,ACOS,24.0,8.0,8.0,8.0,8.0,24.0,0.0,,0.11350807917025535,0.16368591139247143,8.853630175279918,1.0,
4657,Q6ZPZ3_S1109___3,,0.24224069756247738,0.6250137498625014,0.9735791103627425,ACOS,24.0,8.0,8.0,8.0,8.0,24.0,0.0,,0.0953088004769263,0.14846178535828905,7.434086437200252,1.0,
4658,Q6ZPZ3_S1111___3,,0.2236067977499791,0.6875131248687513,0.9836522870292533,ACOS,24.0,8.0,8.0,8.0,8.0,24.0,0.0,,0.11350807917025535,0.16368591139247143,8.853630175279918,1.0,
4659,Q6ZQ58_S494___3,,0.4472135954999582,0.12501874981250188,0.6403693519334903,ACOS,24.0,8.0,16.0,8.0,16.0,24.0,0.67,,0.007842546279573382,0.04017098464103022,0.6117186098067239,1.0,
4660,Q6ZQ58_S498___3,,0.4472135954999582,0.12501874981250188,0.6403693519334903,ACOS,24.0,8.0,16.0,8.0,16.0,24.0,0.67,,0.007842546279573382,0.04017098464103022,0.6117186098067239,1.0,
4661,Q80U49_S534___3,,0.3354101966249687,0.34376656233437664,0.8386535601185869,ACOS,24.0,8.0,18.0,8.0,18.0,24.0,0.58,,0.03498372787327912,0.08730403942892999,2.7287307741157716,1.0,
4662,Q80U49_S539___3,,0.3354101966249687,0.34376656233437664,0.8386535601185869,ACOS,24.0,8.0,18.0,8.0,18.0,24.0,0.58,,0.03498372787327912,0.08730403942892999,2.7287307741157716,1.0,
4663,Q80X80_S613___3,,0.3354101966249687,0.34376656233437664,0.8386535601185869,ACOS,24.0,22.0,20.0,22.0,20.0,24.0,0.08,,0.03498372787327912,0.08730403942892999,2.7287307741157716,1.0,
4664,Q80Y81_S191___3,,0.26087459737497565,0.5625143748562514,0.9536205028159013,ACOS,24.0,20.0,4.0,20.0,4.0,24.0,0.67,,0.07935437224874475,0.1345280400768894,6.189641035402091,1.0,
4665,Q80Y81_S195___3,,0.26087459737497565,0.5625143748562514,0.9536205028159013,ACOS,24.0,20.0,4.0,20.0,4.0,24.0,0.67,,0.07935437224874475,0.1345280400768894,6.189641035402091,1.0,
4666,Q80Y81_S200___3,,0.2795084971874739,0.5000149998500015,0.9204821588147755,ACOS,24.0,20.0,4.0,20.0,4.0,24.0,0.67,,0.06550881647134288,0.1205957757767903,5.1096876847647446,1.0,
4667,Q8BK03_S224___3,,0.3540440964374669,0.3125168748312517,0.8386535601185869,ACOS,24.0,4.0,2.0,4.0,2.0,24.0,0.08,,0.027887169552556004,0.07848809381134579,2.175199225099368,1.0,
4668,Q8BTI8_S1338___3,,0.29814239699997214,0.43751562484375156,0.8852189547537208,ACOS,24.0,20.0,4.0,20.0,4.0,24.0,0.67,,0.05361444160464873,0.10847731432202215,4.181926445162601,1.0,
4669,Q8BTI8_S1339___3,,0.3354101966249687,0.34376656233437664,0.8386535601185869,ACOS,24.0,20.0,0.0,20.0,0.0,24.0,0.83,,0.03498372787327912,0.08730403942892999,2.7287307741157716,1.0,
4670,Q8BTI8_S1340___3,,0.3167762968124704,0.37501624983750165,0.8386535601185869,ACOS,24.0,20.0,4.0,20.0,4.0,24.0,0.67,,0.04349923101882863,0.097277877884409,3.392940019468633,1.0,
4671,Q8BTI8_S1343___3,,0.3167762968124704,0.37501624983750165,0.8386535601185869,ACOS,24.0,20.0,4.0,20.0,4.0,24.0,0.67,,0.04349923101882863,0.097277877884409,3.392940019468633,1.0,
4672,Q8BTI8_S829___3,,0.4472135954999582,0.12501874981250188,0.6403693519334903,ACOS,24.0,12.0,18.0,12.0,18.0,24.0,0.75,,0.007842546279573382,0.04017098464103022,0.6117186098067239,1.0,
4673,Q8BUV3_S188___3,,0.29814239699997214,0.43751562484375156,0.8852189547537208,COS,24.0,14.0,2.0,14.0,2.0,24.0,0.5,,0.05361444160464873,0.10847731432202215,4.181926445162601,1.0,
4674,Q8BUV3_S194___3,,0.29814239699997214,0.43751562484375156,0.8852189547537208,COS,24.0,14.0,2.0,14.0,2.0,24.0,0.5,,0.05361444160464873,0.10847731432202215,4.181926445162601,1.0,
4675,Q8CGZ0_S824___3,,0.29814239699997214,0.43751562484375156,0.8852189547537208,ACOS,24.0,4.0,0.0,4.0,0.0,24.0,0.17,,0.05361444160464873,0.10847731432202215,4.181926445162601,1.0,
4676,Q8CGZ0_S826___3,,0.29814239699997214,0.43751562484375156,0.8852189547537208,ACOS,24.0,4.0,0.0,4.0,0.0,24.0,0.17,,0.05361444160464873,0.10847731432202215,4.181926445162601,1.0,
4677,Q8CHY6_S96___3,,0.14907119849998607,0.8750112498875011,0.9836522870292533,ACOS,24.0,20.0,20.0,20.0,20.0,24.0,0.0,,0.21029812498078254,0.23917533062426458,16.403253748501037,1.0,
4678,Q8CHY6_S103___3,,0.14907119849998607,0.8750112498875011,0.9836522870292533,ACOS,24.0,20.0,20.0,20.0,20.0,24.0,0.0,,0.21029812498078254,0.23917533062426458,16.403253748501037,1.0,
4679,Q8JZQ9_S28___3,,0.2795084971874739,0.5000149998500015,0.9204821588147755,COS,24.0,14.0,2.0,14.0,2.0,24.0,0.5,,0.06550881647134288,0.1205957757767903,5.1096876847647446,1.0,
4680,Q8JZQ9_S37___3,,0.2795084971874739,0.5000149998500015,0.9204821588147755,COS,24.0,14.0,2.0,14.0,2.0,24.0,0.5,,0.06550881647134288,0.1205957757767903,5.1096876847647446,1.0,
4681,Q8JZQ9_S40___3,,0.2795084971874739,0.5000149998500015,0.9204821588147755,COS,24.0,14.0,2.0,14.0,2.0,24.0,0.5,,0.06550881647134288,0.1205957757767903,5.1096876847647446,1.0,
4682,Q8K2K6_S181___3,,0.4099457958749617,0.18751812481875182,0.7309536040039274,ACOS,24.0,4.0,20.0,4.0,20.0,24.0,0.33,,0.013386385243419103,0.05218069745375196,1.04413804898669,1.0,
4683,Q8K2K6_S167___3,,0.4099457958749617,0.18751812481875182,0.7309536040039274,ACOS,24.0,4.0,20.0,4.0,20.0,24.0,0.33,,0.013386385243419103,0.05218069745375196,1.04413804898669,1.0,
4684,Q8K2Q9_S467___3,,0.5962847939999443,0.011739882601173987,0.2093466378769048,COS,24.0,8.0,20.0,8.0,20.0,24.0,0.5,,6.374983385533969E-4,0.011367927462487626,0.04972487040716496,0.8866983420740349,
4685,Q8K2Q9_S464___3,,0.4472135954999582,0.12501874981250188,0.6403693519334903,ACOS,24.0,22.0,22.0,22.0,22.0,24.0,0.0,,0.007842546279573382,0.04017098464103022,0.6117186098067239,1.0,
4686,Q8K2Q9_S461___3,,0.46584749531245645,0.0937690623093769,0.5471579350140564,ACOS,24.0,8.0,18.0,8.0,18.0,24.0,0.58,,0.005920711107451196,0.03454832525336907,0.4618154663811933,1.0,
4687,Q8VCB3_S647___3,,0.5590169943749478,0.023459765402345976,0.28673713262867373,ACOS,24.0,20.0,6.0,20.0,6.0,24.0,0.58,,0.0012630300532244254,0.015437392901175266,0.09851634415150518,1.0,
4688,Q8VCB3_S652___3,,0.5590169943749478,0.023459765402345976,0.28673713262867373,ACOS,24.0,20.0,6.0,20.0,6.0,24.0,0.58,,0.0012630300532244254,0.015437392901175266,0.09851634415150518,1.0,
4689,Q8VCB3_S657___3,,0.5217491947499513,0.04689953100468995,0.4127676955274646,ACOS,24.0,20.0,6.0,20.0,6.0,24.0,0.58,,0.0024097615294134673,0.021208564178760516,0.18796139929425046,1.0,
4690,Q8VHR5_S123___3,,0.26087459737497565,0.5625143748562514,0.9536205028159013,ACOS,24.0,20.0,4.0,20.0,4.0,24.0,0.67,,0.07935437224874475,0.1345280400768894,6.189641035402091,1.0,
4691,Q8VHR5_S136___3,,0.20497289793748086,0.7500124998750013,0.9836522870292533,ACOS,24.0,20.0,4.0,20.0,4.0,24.0,0.67,,0.13405890065957154,0.18041889221405025,10.45659425144658,1.0,
4692,Q922J3_S199___3,,0.37267799624996517,0.25001749982500177,0.783497463386022,ACOS,24.0,16.0,22.0,16.0,22.0,24.0,0.75,,0.02203270318362918,0.06904543509151728,1.718550848323076,1.0,
4693,Q922J3_S203___3,,0.37267799624996517,0.25001749982500177,0.783497463386022,ACOS,24.0,16.0,22.0,16.0,22.0,24.0,0.75,,0.02203270318362918,0.06904543509151728,1.718550848323076,1.0,
4694,Q924Z4_S341___3,,0.24224069756247738,0.6250137498625014,0.9735791103627425,ACOS,24.0,14.0,14.0,14.0,14.0,24.0,0.0,,0.0953088004769263,0.14846178535828905,7.434086437200252,1.0,
4695,Q924Z4_S348___3,,0.24224069756247738,0.6250137498625014,0.9735791103627425,ACOS,24.0,14.0,14.0,14.0,14.0,24.0,0.0,,0.0953088004769263,0.14846178535828905,7.434086437200252,1.0,
4696,Q924Z4_S349___3,,0.24224069756247738,0.6250137498625014,0.9735791103627425,ACOS,24.0,14.0,14.0,14.0,14.0,24.0,0.0,,0.0953088004769263,0.14846178535828905,7.434086437200252,1.0,
4697,Q99KG5_S451___3,,0.46584749531245645,0.0937690623093769,0.5471579350140564,COS,24.0,20.0,8.0,20.0,8.0,24.0,0.5,,0.005920711107451196,0.03454832525336907,0.4618154663811933,1.0,
4698,Q99KG5_S454___3,,0.46584749531245645,0.0937690623093769,0.5471579350140564,COS,24.0,20.0,8.0,20.0,8.0,24.0,0.5,,0.005920711107451196,0.03454832525336907,0.4618154663811933,1.0,
4699,Q9CQV4_S256___3,,0.2236067977499791,0.6875131248687513,0.9836522870292533,ACOS,24.0,22.0,22.0,22.0,22.0,24.0,0.0,,0.11350807917025535,0.16368591139247143,8.853630175279918,1.0,
4700,Q9CQV4_S258___3,,0.2236067977499791,0.6875131248687513,0.9836522870292533,ACOS,24.0,22.0,22.0,22.0,22.0,24.0,0.0,,0.11350807917025535,0.16368591139247143,8.853630175279918,1.0,
4701,Q9CQV4_S260___3,,0.2236067977499791,0.6875131248687513,0.9836522870292533,ACOS,24.0,22.0,22.0,22.0,22.0,24.0,0.0,,0.11350807917025535,0.16368591139247143,8.853630175279918,1.0,
4702,Q9CQV4_S313___3,,0.3913118960624634,0.21876781232187678,0.7543227814475101,COS,24.0,8.0,20.0,8.0,20.0,24.0,0.5,,0.017251591034782986,0.059484382074478995,1.345624100713073,1.0,
4703,Q9CQV4_S320___3,,0.3913118960624634,0.21876781232187678,0.7543227814475101,COS,24.0,8.0,20.0,8.0,20.0,24.0,0.5,,0.017251591034782986,0.059484382074478995,1.345624100713073,1.0,
4704,Q9CR86_S31___3,,0.6708203932499374,0.002949970500294997,0.1270081893775657,ACOS,24.0,8.0,18.0,8.0,18.0,24.0,0.58,,1.449047398848948E-4,0.006238736503692902,0.011302569711021794,0.4866214472880464,
4705,Q9CR86_S33___3,,0.6708203932499374,0.002949970500294997,0.1270081893775657,ACOS,24.0,8.0,18.0,8.0,18.0,24.0,0.58,,1.449047398848948E-4,0.006238736503692902,0.011302569711021794,0.4866214472880464,
4706,Q9CR86_S42___3,,0.6708203932499374,0.002949970500294997,0.1270081893775657,ACOS,24.0,8.0,18.0,8.0,18.0,24.0,0.58,,1.449047398848948E-4,0.006238736503692902,0.011302569711021794,0.4866214472880464,
4707,Q9D1F4_S203___3,,0.20497289793748086,0.7500124998750013,0.9836522870292533,ACOS,24.0,16.0,16.0,16.0,16.0,24.0,0.0,,0.13405890065957154,0.18041889221405025,10.45659425144658,1.0,
4708,Q9D1F4_S212___3,,0.18633899812498259,0.8125118748812512,0.9836522870292533,ACOS,24.0,16.0,16.0,16.0,16.0,24.0,0.0,,0.15703129585716225,0.19764355093531163,12.248441076858654,1.0,
4709,Q9D1F4_S213___3,,0.24224069756247738,0.6250137498625014,0.9735791103627425,ACOS,24.0,22.0,20.0,22.0,20.0,24.0,0.08,,0.0953088004769263,0.14846178535828905,7.434086437200252,1.0,
4710,Q9D6Z1_S536___3,,0.37267799624996517,0.25001749982500177,0.783497463386022,ACOS,24.0,14.0,6.0,14.0,6.0,24.0,0.33,,0.02203270318362918,0.06904543509151728,1.718550848323076,1.0,
4711,Q9D6Z1_S543___3,,0.37267799624996517,0.25001749982500177,0.783497463386022,ACOS,24.0,14.0,6.0,14.0,6.0,24.0,0.33,,0.02203270318362918,0.06904543509151728,1.718550848323076,1.0,
4712,Q9D824_S479___3,,0.20497289793748086,0.7500124998750013,0.9836522870292533,ACOS,24.0,4.0,20.0,4.0,20.0,24.0,0.33,,0.13405890065957154,0.18041889221405025,10.45659425144658,1.0,
4713,Q9D824_S487___3,,0.29814239699997214,0.43751562484375156,0.8852189547537208,ACOS,24.0,22.0,22.0,22.0,22.0,24.0,0.0,,0.05361444160464873,0.10847731432202215,4.181926445162601,1.0,
4714,Q9DBG7_S295___3,,0.3540440964374669,0.3125168748312517,0.8386535601185869,ACOS,24.0,16.0,22.0,16.0,22.0,24.0,0.75,,0.027887169552556004,0.07848809381134579,2.175199225099368,1.0,
4715,Q9DBG7_S296___3,,0.3540440964374669,0.3125168748312517,0.8386535601185869,ACOS,24.0,16.0,22.0,16.0,22.0,24.0,0.75,,0.027887169552556004,0.07848809381134579,2.175199225099368,1.0,
4716,Q9DBG7_S297___3,,0.3540440964374669,0.3125168748312517,0.8386535601185869,ACOS,24.0,16.0,22.0,16.0,22.0,24.0,0.75,,0.027887169552556004,0.07848809381134579,2.175199225099368,1.0,
4717,Q9ET54_S398___3,,0.3167762968124704,0.37501624983750165,0.8386535601185869,COS,24.0,8.0,20.0,8.0,20.0,24.0,0.5,,0.04349923101882863,0.097277877884409,3.392940019468633,1.0,
4718,Q9ET54_S401___3,,0.3167762968124704,0.37501624983750165,0.8386535601185869,COS,24.0,8.0,20.0,8.0,20.0,24.0,0.5,,0.04349923101882863,0.097277877884409,3.392940019468633,1.0,
4719,Q9ET54_S396___3,,0.3167762968124704,0.37501624983750165,0.8386535601185869,COS,24.0,8.0,20.0,8.0,20.0,24.0,0.5,,0.04349923101882863,0.097277877884409,3.392940019468633,1.0,
4720,Q9JIL4_S511___3,,0.24224069756247738,0.6250137498625014,0.9735791103627425,ACOS,24.0,10.0,6.0,10.0,6.0,24.0,0.17,,0.0953088004769263,0.14846178535828905,7.434086437200252,1.0,
4721,Q9QY06_S1978___3,,0.07453559924999303,0.984390156098439,0.9974177898103224,ACOS,24.0,20.0,20.0,20.0,20.0,24.0,0.0,,0.34358681309626693,0.3483244335568646,26.799771421508822,1.0,
4722,Q9QY06_S1985___3,,0.07453559924999303,0.984390156098439,0.9974177898103224,ACOS,24.0,20.0,20.0,20.0,20.0,24.0,0.0,,0.34358681309626693,0.3483244335568646,26.799771421508822,1.0,
4723,Q9QY06_S1988___3,,0.07453559924999303,0.984390156098439,0.9974177898103224,ACOS,24.0,20.0,20.0,20.0,20.0,24.0,0.0,,0.34358681309626693,0.3483244335568646,26.799771421508822,1.0,
4724,Q9QYG0_S328___3,,0.42857969568745996,0.15626843731562684,0.6959989393582299,ACOS,24.0,14.0,16.0,14.0,16.0,24.0,0.92,,0.010293111274975088,0.04584415543625904,0.8028626794480569,1.0,
4725,Q9QYG0_S332___3,,0.37267799624996517,0.25001749982500177,0.783497463386022,ACOS,24.0,14.0,16.0,14.0,16.0,24.0,0.92,,0.02203270318362918,0.06904543509151728,1.718550848323076,1.0,
4726,Q9QYG0_S338___3,,0.3354101966249687,0.34376656233437664,0.8386535601185869,ACOS,24.0,14.0,16.0,14.0,16.0,24.0,0.92,,0.03498372787327912,0.08730403942892999,2.7287307741157716,1.0,
4727,Q9QYG0_S342___3,,0.26087459737497565,0.5625143748562514,0.9536205028159013,ACOS,24.0,14.0,16.0,14.0,16.0,24.0,0.92,,0.07935437224874475,0.1345280400768894,6.189641035402091,1.0,
4728,A2ALK8_T376___3,,0.20497289793748086,0.7500124998750013,0.9836522870292533,ACOS,24.0,16.0,22.0,16.0,22.0,24.0,0.75,,0.13405890065957154,0.18041889221405025,10.45659425144658,1.0,
4729,O54774_T758___3,,0.3354101966249687,0.34376656233437664,0.8386535601185869,ACOS,24.0,14.0,14.0,14.0,14.0,24.0,0.0,,0.03498372787327912,0.08730403942892999,2.7287307741157716,1.0,
4730,P19973_T166___3,,0.18633899812498259,0.8125118748812512,0.9836522870292533,ACOS,24.0,14.0,6.0,14.0,6.0,24.0,0.33,,0.15703129585716225,0.19764355093531163,12.248441076858654,1.0,
4731,P26231_T658___3,,0.29814239699997214,0.43751562484375156,0.8852189547537208,ACOS,24.0,8.0,18.0,8.0,18.0,24.0,0.58,,0.05361444160464873,0.10847731432202215,4.181926445162601,1.0,
4732,P29699_T317___3,,0.24224069756247738,0.6250137498625014,0.9735791103627425,ACOS,24.0,8.0,18.0,8.0,18.0,24.0,0.58,,0.0953088004769263,0.14846178535828905,7.434086437200252,1.0,
4733,P42128_T422___3,,0.6335525936249408,0.005879941200587994,0.1643288830269592,ACOS,24.0,8.0,16.0,8.0,16.0,24.0,0.67,,3.0978912629739484E-4,0.008657790845469297,0.0241635518511968,0.6753076859466053,
4734,P49138_T9___3,,0.24224069756247738,0.6250137498625014,0.9735791103627425,ACOS,24.0,14.0,6.0,14.0,6.0,24.0,0.33,,0.0953088004769263,0.14846178535828905,7.434086437200252,1.0,
4735,P49698_T429___3,,0.13043729868748782,0.9062609373906261,0.9836522870292533,ACOS,24.0,14.0,14.0,14.0,14.0,24.0,0.0,,0.24049416858204564,0.26103148572645835,18.75854514939956,1.0,
4736,P49698_T432___3,,0.13043729868748782,0.9062609373906261,0.9836522870292533,ACOS,24.0,14.0,14.0,14.0,14.0,24.0,0.0,,0.24049416858204564,0.26103148572645835,18.75854514939956,1.0,
4737,P51859_T200___3,,0.24224069756247738,0.6250137498625014,0.9735791103627425,ACOS,24.0,8.0,8.0,8.0,8.0,24.0,0.0,,0.0953088004769263,0.14846178535828905,7.434086437200252,1.0,
4738,Q0P678_T105___3,,0.16770509831248434,0.8437615623843762,0.9836522870292533,ACOS,24.0,14.0,16.0,14.0,16.0,24.0,0.92,,0.1824518756760124,0.21722409413444527,14.231246302728968,1.0,
4739,Q0VBL3_T668___3,,0.3354101966249687,0.34376656233437664,0.8386535601185869,ACOS,24.0,10.0,4.0,10.0,4.0,24.0,0.25,,0.03498372787327912,0.08730403942892999,2.7287307741157716,1.0,
4740,Q3UIA2_T730___3,,0.11180339887498955,0.937510624893751,0.9899167645530791,ACOS,24.0,8.0,8.0,8.0,8.0,24.0,0.0,,0.2729083801775865,0.2881637536165899,21.286853653851747,1.0,
4741,Q3UIA2_T734___3,,0.16770509831248434,0.8437615623843762,0.9836522870292533,ACOS,24.0,8.0,8.0,8.0,8.0,24.0,0.0,,0.1824518756760124,0.21722409413444527,14.231246302728968,1.0,
4742,Q3UIA2_T736___3,,0.16770509831248434,0.8437615623843762,0.9836522870292533,ACOS,24.0,8.0,8.0,8.0,8.0,24.0,0.0,,0.1824518756760124,0.21722409413444527,14.231246302728968,1.0,
4743,Q3UIA2_T740___3,,0.14907119849998607,0.8750112498875011,0.9836522870292533,ACOS,24.0,10.0,8.0,10.0,8.0,24.0,0.08,,0.21029812498078254,0.23917533062426458,16.403253748501037,1.0,
4744,Q60598_T401___3,,0.37267799624996517,0.25001749982500177,0.783497463386022,COS,24.0,8.0,20.0,8.0,20.0,24.0,0.5,,0.02203270318362918,0.06904543509151728,1.718550848323076,1.0,
4745,Q61029_T74___3,,0.3540440964374669,0.3125168748312517,0.8386535601185869,ACOS,24.0,20.0,22.0,20.0,22.0,24.0,0.92,,0.027887169552556004,0.07848809381134579,2.175199225099368,1.0,
4746,Q64012_T268___3,,0.3167762968124704,0.37501624983750165,0.8386535601185869,ACOS,24.0,10.0,2.0,10.0,2.0,24.0,0.33,,0.04349923101882863,0.097277877884409,3.392940019468633,1.0,
4747,Q64012_T274___3,,0.3167762968124704,0.37501624983750165,0.8386535601185869,ACOS,24.0,10.0,2.0,10.0,2.0,24.0,0.33,,0.04349923101882863,0.097277877884409,3.392940019468633,1.0,
4748,Q6ZQ58_T503___3,,0.4472135954999582,0.12501874981250188,0.6403693519334903,ACOS,24.0,8.0,16.0,8.0,16.0,24.0,0.67,,0.007842546279573382,0.04017098464103022,0.6117186098067239,1.0,
4749,Q80Y81_T194___3,,0.26087459737497565,0.5625143748562514,0.9536205028159013,ACOS,24.0,20.0,4.0,20.0,4.0,24.0,0.67,,0.07935437224874475,0.1345280400768894,6.189641035402091,1.0,
4750,Q8BK03_T206___3,,0.37267799624996517,0.25001749982500177,0.783497463386022,ACOS,24.0,4.0,4.0,4.0,4.0,24.0,0.0,,0.02203270318362918,0.06904543509151728,1.718550848323076,1.0,
4751,Q8BK03_T218___3,,0.29814239699997214,0.43751562484375156,0.8852189547537208,ACOS,24.0,4.0,2.0,4.0,2.0,24.0,0.08,,0.05361444160464873,0.10847731432202215,4.181926445162601,1.0,
4752,Q8BTI8_T823___3,,0.3913118960624634,0.21876781232187678,0.7543227814475101,ACOS,24.0,10.0,20.0,10.0,20.0,24.0,0.58,,0.017251591034782986,0.059484382074478995,1.345624100713073,1.0,
4753,Q8BTI8_T831___3,,0.29814239699997214,0.43751562484375156,0.8852189547537208,ACOS,24.0,22.0,22.0,22.0,22.0,24.0,0.0,,0.05361444160464873,0.10847731432202215,4.181926445162601,1.0,
4754,Q8BTI8_T841___3,,0.42857969568745996,0.15626843731562684,0.6959989393582299,ACOS,24.0,12.0,20.0,12.0,20.0,24.0,0.67,,0.010293111274975088,0.04584415543625904,0.8028626794480569,1.0,
4755,Q8CGZ0_T828___3,,0.29814239699997214,0.43751562484375156,0.8852189547537208,ACOS,24.0,4.0,0.0,4.0,0.0,24.0,0.17,,0.05361444160464873,0.10847731432202215,4.181926445162601,1.0,
4756,Q8K2K6_T177___3,,0.4099457958749617,0.18751812481875182,0.7309536040039274,ACOS,24.0,4.0,20.0,4.0,20.0,24.0,0.33,,0.013386385243419103,0.05218069745375196,1.04413804898669,1.0,
4757,Q8VHR5_T121___3,,0.26087459737497565,0.5625143748562514,0.9536205028159013,ACOS,24.0,20.0,4.0,20.0,4.0,24.0,0.67,,0.07935437224874475,0.1345280400768894,6.189641035402091,1.0,
4758,Q924Z4_T346___3,,0.20497289793748086,0.7500124998750013,0.9836522870292533,ACOS,24.0,14.0,14.0,14.0,14.0,24.0,0.0,,0.13405890065957154,0.18041889221405025,10.45659425144658,1.0,
4759,Q9CQV4_T307___3,,0.14907119849998607,0.8750112498875011,0.9836522870292533,ACOS,24.0,10.0,10.0,10.0,10.0,24.0,0.0,,0.21029812498078254,0.23917533062426458,16.403253748501037,1.0,
4760,Q9CQV4_T310___3,,0.3913118960624634,0.21876781232187678,0.7543227814475101,COS,24.0,8.0,20.0,8.0,20.0,24.0,0.5,,0.017251591034782986,0.059484382074478995,1.345624100713073,1.0,
4761,Q9D824_T481___3,,0.29814239699997214,0.43751562484375156,0.8852189547537208,ACOS,24.0,22.0,22.0,22.0,22.0,24.0,0.0,,0.05361444160464873,0.10847731432202215,4.181926445162601,1.0,
4762,Q9QYG0_T330___3,,0.4099457958749617,0.18751812481875182,0.7309536040039274,ACOS,24.0,14.0,16.0,14.0,16.0,24.0,0.92,,0.013386385243419103,0.05218069745375196,1.04413804898669,1.0,
4763,Q9QYG0_T334___3,,0.2236067977499791,0.6875131248687513,0.9836522870292533,ACOS,24.0,16.0,16.0,16.0,16.0,24.0,0.0,,0.11350807917025535,0.16368591139247143,8.853630175279918,1.0,
4764,P70261_Y781___3,,0.13043729868748782,0.9062609373906261,0.9836522870292533,ACOS,24.0,14.0,16.0,14.0,16.0,24.0,0.92,,0.24049416858204564,0.26103148572645835,18.75854514939956,1.0,
4765,P70261_Y783___3,,0.13043729868748782,0.9062609373906261,0.9836522870292533,ACOS,24.0,14.0,16.0,14.0,16.0,24.0,0.92,,0.24049416858204564,0.26103148572645835,18.75854514939956,1.0,
4766,P70261_Y790___3,,0.13043729868748782,0.9062609373906261,0.9836522870292533,ACOS,24.0,14.0,16.0,14.0,16.0,24.0,0.92,,0.24049416858204564,0.26103148572645835,18.75854514939956,1.0,
4767,O35226-2_S259___1,,0.3167762968124704,0.37501624983750165,0.8386535601185869,ACOS,24.0,14.0,6.0,14.0,6.0,24.0,0.33,,0.04349923101882863,0.097277877884409,3.392940019468633,1.0,
4768,O70133-2_S132___1,,0.26087459737497565,0.5625143748562514,0.9536205028159013,ACOS,24.0,16.0,8.0,16.0,8.0,24.0,0.33,,0.07935437224874475,0.1345280400768894,6.189641035402091,1.0,
4769,O70133-2_S137___1,,0.2236067977499791,0.6875131248687513,0.9836522870292533,ACOS,24.0,8.0,8.0,8.0,8.0,24.0,0.0,,0.11350807917025535,0.16368591139247143,8.853630175279918,1.0,
4770,O70589-3_S571___1,,0.24224069756247738,0.6250137498625014,0.9735791103627425,ACOS,24.0,20.0,4.0,20.0,4.0,24.0,0.67,,0.0953088004769263,0.14846178535828905,7.434086437200252,1.0,
4771,P16546-2_S1055___1,,0.29814239699997214,0.43751562484375156,0.8852189547537208,ACOS,24.0,14.0,16.0,14.0,16.0,24.0,0.92,,0.05361444160464873,0.10847731432202215,4.181926445162601,1.0,
4772,Q80U72-4_S1299___1,,0.6521864934374391,0.003919960800391996,0.13674082237279817,ACOS,24.0,8.0,16.0,8.0,16.0,24.0,0.67,,2.1288795232688796E-4,0.007426215504891954,0.01660526028149726,0.5792448093815723,
4773,Q8CC35-2_S892___1,,0.4472135954999582,0.12501874981250188,0.6403693519334903,ACOS,24.0,10.0,10.0,10.0,10.0,24.0,0.0,,0.007842546279573382,0.04017098464103022,0.6117186098067239,1.0,
4774,Q8CC35-2_S838___1,,0.3167762968124704,0.37501624983750165,0.8386535601185869,ACOS,24.0,2.0,10.0,2.0,10.0,24.0,0.67,,0.04349923101882863,0.097277877884409,3.392940019468633,1.0,
4775,Q9D394-2_S53___1,,0.16770509831248434,0.8437615623843762,0.9836522870292533,ACOS,24.0,8.0,8.0,8.0,8.0,24.0,0.0,,0.1824518756760124,0.21722409413444527,14.231246302728968,1.0,
4776,O35226-2_T250___1,,0.14907119849998607,0.8750112498875011,0.9836522870292533,ACOS,24.0,14.0,14.0,14.0,14.0,24.0,0.0,,0.21029812498078254,0.23917533062426458,16.403253748501037,1.0,
4777,P97379-2_T227___1,,0.07453559924999303,0.984390156098439,0.9974177898103224,ACOS,24.0,16.0,22.0,16.0,22.0,24.0,0.75,,0.34358681309626693,0.3483244335568646,26.799771421508822,1.0,
4778,Q9D394-2_S89___2,,0.3354101966249687,0.34376656233437664,0.8386535601185869,COS,24.0,8.0,20.0,8.0,20.0,24.0,0.5,,0.03498372787327912,0.08730403942892999,2.7287307741157716,1.0,
4779,O35226-2_T250___2,,0.14907119849998607,0.8750112498875011,0.9836522870292533,ACOS,24.0,16.0,16.0,16.0,16.0,24.0,0.0,,0.21029812498078254,0.23917533062426458,16.403253748501037,1.0,
