Phosphosite,Mean Diff.,Discovery?,q value,Individual P Value
A1A5B6_S560___1,0.06414,No,0.9716,0.7661
A1L3T7_S384___1,-0.3258,No,0.6034,0.1307
A2A3V1_S343___1,0.22,No,0.819,0.3073
A2A432_S17___1,-0.2476,No,0.7669,0.2506
A2A432_S200___1,0.4942,No,0.235,0.0219
A2A432_S82___1,0.3586,No,0.5218,0.0962
A2A4P0_S484___1,-0.09027,No,0.9556,0.6754
A2A5R2_S227___1,0.1077,No,0.9401,0.6174
A2A5R2_S1535___1,0.2,No,0.8506,0.3535
A2A5R2_S1518___1,-0.003634,No,>0.9999,0.9865
A2A5R2_S1521___1,-0.3255,No,0.6046,0.131
A2A5R2_S356___1,0.4342,No,0.3494,0.044
A2A5R2_S1022___1,-0.9363,Yes,0.0011,<0.0001
A2A690_S1462___1,0.1463,No,0.9138,0.4973
A2A690_S294___1,0.07816,No,0.9656,0.7169
A2A690_S1726___1,-0.4188,No,0.384,0.052
A2A690_S1564___1,0.2097,No,0.8383,0.3307
A2A690_S1744___1,-0.2061,No,0.8443,0.3391
A2A690_S1583___1,0.2643,No,0.7372,0.2201
A2A6A1_S753___1,-0.2567,No,0.7503,0.2336
A2A6A1_S1179___1,0.1034,No,0.9437,0.6313
A2A6A1_S1082___1,0.1798,No,0.8795,0.4041
A2A6A1_S733___1,-0.2529,No,0.7571,0.2408
A2A6A1_S735___1,0.08838,No,0.9566,0.6818
A2A6A1_S1018___1,-0.07867,No,0.9653,0.7151
A2A6A1_S1039___1,0.04074,No,0.9834,0.8501
A2A6A1_S648___1,0.1556,No,0.9086,0.4704
A2A6A1_S980___1,-0.6643,Yes,0.0481,0.0021
A2A6T1_S179___1,0.01785,No,0.9955,0.934
A2A6T1_S407___1,0.4638,No,0.2898,0.0314
A2A6T1_S344___1,0.142,No,0.9194,0.5102
A2A6T1_S393___1,-0.2294,No,0.8053,0.2873
A2A870_S370___1,0.1655,No,0.9001,0.4426
A2A884_S2024___1,0.2569,No,0.7503,0.2333
A2A884_S1991___1,0.01184,No,0.9979,0.9562
A2A884_S2347___1,-0.1736,No,0.8914,0.4207
A2A884_S555___1,0.01026,No,0.9987,0.962
A2A884_S2324___1,0.08596,No,0.9598,0.69
A2A884_S930___1,-0.114,No,0.9382,0.5968
A2A884_S2036___1,0.06719,No,0.9712,0.7553
A2A8U2_S441___1,-0.1239,No,0.9344,0.5654
A2A8U2_S466___1,-0.09294,No,0.9524,0.6664
A2A9C3_S1395___1,0.2024,No,0.8483,0.3477
A2A9C3_S2135___1,0.1612,No,0.9036,0.4546
A2A9C3_S1650___1,0.2142,No,0.8291,0.3205
A2AAY5_S769___1,-0.06877,No,0.9706,0.7497
A2AAY5_S339___1,-0.5451,No,0.1577,0.0114
A2ADA5_S199___1,0.1146,No,0.9372,0.5948
A2ADZ8_S190___1,-0.1492,No,0.9129,0.4888
A2AEV7_S283___1,-0.05909,No,0.9747,0.784
A2AF47_S1237___1,-0.2524,No,0.7582,0.2417
A2AF47_S1240___1,-0.1864,No,0.8701,0.3873
A2AF47_S1225___1,-0.1143,No,0.9379,0.5958
A2AF47_S1350___1,-0.5986,No,0.0973,0.0055
A2AF47_S31___1,-0.1156,No,0.9363,0.5916
A2AF47_S12___1,0.2741,No,0.714,0.2035
A2AG58_S307___1,0.02872,No,0.9906,0.894
A2AG58_S592___1,0.354,No,0.5321,0.1005
A2AG58_S410___1,0.1637,No,0.9028,0.4475
A2AG58_S210___1,-0.05967,No,0.9747,0.7819
A2AG58_S78___1,-0.06293,No,0.973,0.7703
A2AG58_S205___1,0.05721,No,0.9761,0.7907
A2AHC3_S1069___1,-0.04108,No,0.9833,0.8489
A2AHC3_S445___1,-0.2912,No,0.6784,0.1766
A2AHC3_S1353___1,-1.406,Yes,<0.0001,<0.0001
A2AHC3_S553___1,-0.2824,No,0.6987,0.1901
A2AHC3_S560___1,-0.3294,No,0.5952,0.1265
A2AHC3_S572___1,-0.0916,No,0.9537,0.6709
A2AHJ4_S1760___1,-0.1112,No,0.9395,0.6061
A2AI08_S196___1,0.2063,No,0.8443,0.3386
A2AI08_S184___1,0.5809,No,0.1144,0.007
A2AI08_S274___1,-0.3733,No,0.4904,0.0833
A2AI08_S457___1,0.1137,No,0.9382,0.5978
A2AIV2_S173___1,0.3202,No,0.6158,0.1374
A2AIV2_S1758___1,-0.1034,No,0.9437,0.6314
A2AIV2_S1578___1,0.2211,No,0.8179,0.305
A2AIV2_S584___1,0.06355,No,0.9727,0.7681
A2AIV2_S138___1,0.0261,No,0.9915,0.9036
A2AJ15_S102___1,0.11,No,0.9401,0.61
A2AJ88_S341___1,-0.01973,No,0.9948,0.9271
A2AJI0_S256___1,-0.2743,No,0.714,0.2032
A2AJI0_S275___1,-0.4847,No,0.2525,0.0245
A2AJI0_S460___1,-0.2198,No,0.8192,0.3079
A2AJI0_S78___1,-0.1469,No,0.9137,0.4954
A2AJI0_S401___1,-0.8912,Yes,0.0024,<0.0001
A2AJI0_S448___1,-0.1233,No,0.9347,0.5674
A2AJI0_S118___1,-0.6039,No,0.0921,0.0051
A2AJI0_S315___1,-0.5205,No,0.192,0.0157
A2AJT4_S211___1,0.1597,No,0.9053,0.4588
A2AJT4_S290___1,-0.1925,No,0.8633,0.3719
A2AKB9_S96___1,-0.05514,No,0.9776,0.7981
A2AKB9_S356___1,-0.1175,No,0.9359,0.5858
A2ALK8_S359___1,0.9269,Yes,0.0013,<0.0001
A2ALK8_S469___1,0.5818,No,0.1135,0.007
A2ALU4_S236___1,0.4198,No,0.3812,0.0515
A2ALU4_S1041___1,0.1341,No,0.9249,0.5339
A2ALU4_S1043___1,-0.1932,No,0.8628,0.3702
A2ALU4_S1165___1,0.05359,No,0.9779,0.8037
A2ALU4_S318___1,-0.1359,No,0.9234,0.5284
A2ALU4_S213___1,-0.2554,No,0.7535,0.2361
A2ALU4_S116___1,-0.2601,No,0.7441,0.2276
A2ALU4_S676___1,0.0232,No,0.9922,0.9143
A2ALU4_S285___1,0.03152,No,0.9888,0.8838
A2ALU4_S935___1,0.3024,No,0.6561,0.1607
A2ALU4_S254___1,-0.1547,No,0.9096,0.473
A2ALU4_S140___1,0.03071,No,0.9899,0.8867
A2AM29_S289___1,0.04223,No,0.9833,0.8447
A2APB8_S737___1,0.2855,No,0.6918,0.1854
A2APV2_S687___1,-0.1472,No,0.9132,0.4947
A2APV2_S1015___1,0.1456,No,0.9157,0.4992
A2APV2_S171___1,-0.04803,No,0.983,0.8237
A2APV2_S1075___1,-0.3683,No,0.4985,0.0876
A2APV2_S205___1,-0.3791,No,0.4775,0.0786
A2AQ25_S1899___1,0.1582,No,0.9073,0.4631
A2AQ25_S1905___1,0.2756,No,0.7111,0.201
A2AQ25_S1466___1,-0.01291,No,0.9978,0.9522
A2AQ25_S361___1,0.04093,No,0.9833,0.8494
A2AQ25_S1843___1,0.3372,No,0.5758,0.1177
A2AQ25_S169___1,0.2101,No,0.8369,0.3298
A2AR02_S354___1,-0.1354,No,0.9234,0.5299
A2AR02_S374___1,-0.3876,No,0.4578,0.0722
A2AR02_S395___1,0.1287,No,0.9306,0.5504
A2ARV4_S4624___1,-0.3179,No,0.6206,0.1402
A2ASS6_S9764___1,-0.3073,No,0.6459,0.154
A2AUM9_S1733___1,0.1523,No,0.9129,0.4799
A2AWA9_S987___1,0.09669,No,0.9489,0.6537
A2AWA9_S42___1,0.3939,No,0.4425,0.0676
A2AWT3_S131___1,-0.1201,No,0.9357,0.5775
A2AWT3_S281___1,-0.07681,No,0.9669,0.7216
A2BH40_S697___1,0.1677,No,0.8976,0.4366
A2BH40_S773___1,0.175,No,0.8884,0.4168
A2BH40_S234___1,0.1944,No,0.8616,0.3672
A2BH40_S365___1,0.1195,No,0.9358,0.5793
A2BH40_S1185___1,0.09101,No,0.9546,0.6729
A2BH40_S384___1,0.02213,No,0.9929,0.9182
Q0KL02_S1779___1,-0.2171,No,0.8245,0.3139
A2RSJ4_S774___1,-0.7097,Yes,0.0283,0.001
A2RSQ0_S178___1,-0.01232,No,0.9979,0.9544
A2RSY6_S607___1,0.3367,No,0.5761,0.1183
A2RTL5_S45___1,-0.3644,No,0.5085,0.0909
A3KGF9_S190___1,-0.2153,No,0.8283,0.3179
A3KGF9_S317___1,-0.5973,No,0.0984,0.0056
A6H619_S1201___1,-0.1216,No,0.9352,0.5727
A6H619_S919___1,-0.05263,No,0.9785,0.8071
A6H619_S1043___1,-0.1301,No,0.9286,0.5463
A6H619_S1045___1,-0.1301,No,0.9286,0.5463
A6H619_S867___1,0.1567,No,0.9084,0.4672
A6H619_S622___1,-1.024,Yes,0.0002,<0.0001
A6H687_S236___1,0.1207,No,0.9353,0.5755
A6H8H2_S1310___1,-0.08919,No,0.9559,0.679
A6H8H2_S971___1,0.2298,No,0.8048,0.2863
A6H8H2_S1274___1,-0.2032,No,0.8483,0.3459
A6H8H2_S1321___1,0.1344,No,0.9245,0.533
A6H8H2_S1096___1,-0.2244,No,0.811,0.2978
A6H8H2_S1221___1,0.4072,No,0.4111,0.0589
A6X8Z5_S1093___1,0.2194,No,0.8193,0.3088
A6X8Z5_S935___1,-0.1961,No,0.86,0.363
A6X8Z5_S765___1,0.07953,No,0.9653,0.7121
A6X8Z5_S1163___1,0.1925,No,0.8633,0.3718
A6X8Z5_S1413___1,-0.4542,No,0.3053,0.0351
B1AQJ2_S578___1,0.485,No,0.2521,0.0244
B1AQJ2_S547___1,0.437,No,0.3441,0.0426
B1AQJ2_S554___1,1.034,Yes,0.0002,<0.0001
B1AVY7_S838___1,-0.09682,No,0.9489,0.6533
B1AVY7_S662___1,-0.807,Yes,0.0081,0.0002
B1AVZ0_S25___1,-0.01297,No,0.9978,0.952
B1AWL2_S1083___1,-0.5475,No,0.1552,0.0111
B1AX39_S117___1,0.3939,No,0.4426,0.0677
B1AXD8_S21___1,0.0816,No,0.9643,0.705
B1AXH1_S800___1,-1.119,Yes,<0.0001,<0.0001
B1AY10_S147___1,-0.5086,No,0.2123,0.0183
B1AY10_S273___1,-0.5104,No,0.2095,0.0179
B1AY13_S2601___1,-0.01532,No,0.9976,0.9433
B1AY13_S1940___1,-0.7334,Yes,0.0214,0.0007
B1AY13_S1138___1,0.03897,No,0.9834,0.8565
B1AY13_S2044___1,0.04783,No,0.983,0.8244
B1AYB6_S264___1,-0.137,No,0.9234,0.5252
B1AZA5_S12___1,0.1127,No,0.939,0.6011
B1AZA5_S16___1,-0.03973,No,0.9834,0.8538
B1AZA5_S327___1,0.006914,No,>0.9999,0.9744
B1AZA5_S329___1,0.1356,No,0.9234,0.5294
B1AZI6_S1393___1,0.1769,No,0.8848,0.4117
B1AZP2_S405___1,-0.3899,No,0.4527,0.0705
B1AZP2_S666___1,0.03753,No,0.9847,0.8618
B1AZP2_S973___1,-0.2156,No,0.8274,0.3172
B1AZP2_S716___1,0.05049,No,0.9809,0.8148
B2RPY5_S376___1,-0.03529,No,0.9855,0.87
B2RQC2_S1125___1,-0.2478,No,0.7669,0.2502
B2RQC2_S1234___1,0.2095,No,0.8389,0.3312
B2RQC2_S74___1,0.07943,No,0.9653,0.7125
B2RQC6_S64___1,0.08234,No,0.9637,0.7025
B2RQC6_S1859___1,0.4268,No,0.3662,0.0477
B2RQC6_S1407___1,0.253,No,0.7571,0.2404
B2RQC6_S1038___1,-0.2117,No,0.8344,0.326
B2RQE8_S778___1,0.1509,No,0.9129,0.4838
B2RQE8_S553___1,0.299,No,0.6642,0.1654
B2RR83_S1105___1,0.12,No,0.9358,0.5778
B2RR83_S1444___1,0.1611,No,0.9036,0.4548
B2RR83_S1278___1,-0.06512,No,0.9712,0.7626
B2RRD7_S858___1,0.09472,No,0.9504,0.6603
B2RRD7_S75___1,-0.5285,No,0.1803,0.0142
B2RRE7_S970___1,-0.3174,No,0.6218,0.1408
B2RRE7_S442___1,-0.1632,No,0.9028,0.4491
B2RRE7_S1017___1,-0.1829,No,0.8765,0.3962
B2RRE7_S1000___1,0.2464,No,0.769,0.2529
B2RU80_S1667___1,-0.09634,No,0.9496,0.6549
B2RU80_S1659___1,-0.2874,No,0.6867,0.1824
B2RUR8_S467___1,-0.05393,No,0.9779,0.8024
B2RUR8_S449___1,0.0675,No,0.9706,0.7542
B2RWS6_S1725___1,-0.0001062,No,>0.9999,0.9996
B2RWS6_S500___1,-0.02444,No,0.9915,0.9097
B2RWS6_S1037___1,-0.3466,No,0.554,0.1078
B2RX14_S120___1,-0.1956,No,0.86,0.3643
B2RX14_S47___1,-0.6406,No,0.0615,0.003
B2RX88_S831___1,0.01368,No,0.9978,0.9494
B2RX88_S915___1,-0.0465,No,0.9832,0.8292
B2RXR6_S983___1,0.2915,No,0.6784,0.1763
B2RXS4_S1248___1,-0.1672,No,0.8976,0.4379
B2RXS4_S1574___1,-0.03576,No,0.9855,0.8682
B2RY04_S1867___1,-0.08327,No,0.9623,0.6993
B2RY04_S1788___1,0.1416,No,0.9199,0.5113
B2RY04_S1832___1,0.1932,No,0.8628,0.3702
B2RY04_S1765___1,0.1794,No,0.8795,0.4052
B2RY56_S698___1,-0.03643,No,0.9853,0.8658
B2RY56_S672___1,0.2172,No,0.8245,0.3137
B2RY56_S578___1,0.6297,No,0.0684,0.0035
B5TVM2_S594___1,-0.2033,No,0.8483,0.3456
B5TVM2_S487___1,-0.5724,No,0.1217,0.0079
B5TVM2_S633___1,-0.4135,No,0.3967,0.0551
B5TVM2_S626___1,-0.4387,No,0.3414,0.0418
B5TVM2_S562___1,0.01276,No,0.9979,0.9528
B7ZNG0_S662___1,0.2476,No,0.7669,0.2508
B8JK39_S297___1,-0.4091,No,0.4058,0.0577
B8JKV0_S101___1,-0.3091,No,0.6417,0.1516
B9EHT4_S407___1,-0.3558,No,0.5284,0.0988
B9EJ80_S968___1,0.5424,No,0.1606,0.0119
B9EJ80_S973___1,0.3745,No,0.4874,0.0823
B9EJ80_S960___1,0.005589,No,>0.9999,0.9793
B9EJ80_S532___1,0.04775,No,0.983,0.8247
B9EJ80_S515___1,0.2769,No,0.7095,0.1989
B9EJ86_S305___1,0.2418,No,0.781,0.2619
B9EJ86_S314___1,0.1575,No,0.9081,0.4649
B9EKI3_S742___1,-0.7205,Yes,0.0253,0.0008
B9EKI3_S23___1,-0.552,No,0.1493,0.0105
B9EKI3_S138___1,0.2998,No,0.6625,0.1642
B9EKI3_S340___1,0.00258,No,>0.9999,0.9905
B9EKR1_S2052___1,0.01306,No,0.9978,0.9517
B9EKR1_S2310___1,-0.5247,No,0.1842,0.0149
C0HKD9_S80___1,0.4135,No,0.3967,0.0551
C0HKD9_S81___1,0.2983,No,0.6642,0.1664
C0HKD9_S82___1,0.09411,No,0.9509,0.6624
C0HKD9_S116___1,0.01359,No,0.9978,0.9497
C0HKD9_S94___1,0.0657,No,0.9712,0.7605
C0HKD9_S52___1,0.3669,No,0.5016,0.0887
C0HKD9_S53___1,0.2292,No,0.8053,0.2877
C8YR32_S500___1,-0.4516,No,0.3121,0.0362
D2EAC2_S383___1,0.002524,No,>0.9999,0.9907
D3YVF0_S171___1,0.05512,No,0.9776,0.7982
D3YVF0_S262___1,0.127,No,0.9332,0.5558
D3YWE6_S988___1,0.06619,No,0.9712,0.7588
D3YWE6_S1056___1,0.01835,No,0.9953,0.9321
D3YX43_S543___1,0.2054,No,0.8459,0.3406
D3YXK1_S150___1,0.05959,No,0.9747,0.7822
D3YXK2_S366___1,0.2423,No,0.7799,0.261
D3YXK2_S792___1,-0.1672,No,0.8976,0.438
D3YXK2_S623___1,-0.08676,No,0.9586,0.6873
D3YXK2_S626___1,0.1677,No,0.8976,0.4365
D3YXK2_S395___1,-0.008507,No,>0.9999,0.9685
D3YXK2_S602___1,-0.001482,No,>0.9999,0.9945
D3YXK2_S816___1,0.02851,No,0.9906,0.8948
D3YXK2_S235___1,0.08483,No,0.9608,0.6939
D3YXK2_S465___1,-0.8105,Yes,0.0078,0.0002
D3YYI7_S27___1,-0.2188,No,0.8213,0.3101
D3YYI7_S384___1,-0.2529,No,0.7571,0.2406
D3YYU8_S10___1,0.03245,No,0.9883,0.8803
D3YZP9_S237___1,0.4487,No,0.3186,0.0374
D3YZP9_S45___1,-0.355,No,0.5302,0.0996
D3Z2R5_S13___1,0.04448,No,0.9833,0.8365
E2JF22_S1864___1,-0.08402,No,0.9612,0.6967
E2JF22_S1385___1,0.003253,No,>0.9999,0.988
E2JF22_S1390___1,0.01705,No,0.9959,0.937
E2JF22_S1646___1,0.1889,No,0.8674,0.3809
E2JF22_S1631___1,0.02973,No,0.9906,0.8903
E9PUQ8_S1215___1,-0.1337,No,0.9249,0.5352
E9PV82_S265___1,0.03646,No,0.9853,0.8657
E9PV82_S119___1,-0.152,No,0.9129,0.4807
E9PYH6_S521___1,0.1459,No,0.9149,0.4985
E9PYH6_S1160___1,0.321,No,0.6144,0.1364
E9PYH6_S1176___1,0.02194,No,0.9929,0.9189
E9PYH6_S477___1,-0.225,No,0.8106,0.2966
E9PYK3_S1967___1,-0.02175,No,0.993,0.9196
E9PYL2_S441___1,-0.4743,No,0.2702,0.0278
E9PYL2_S383___1,-0.3059,No,0.6494,0.1559
E9PYL2_S1299___1,-0.5199,No,0.1927,0.0159
E9PYL2_S1924___1,-0.7508,Yes,0.0172,0.0005
E9PZ19_S1215___1,0.03572,No,0.9855,0.8684
E9PZJ8_S2197___1,-0.08423,No,0.9612,0.696
E9PZM4_S1365___1,-0.1993,No,0.8511,0.3553
E9Q1P8_S71___1,0.3408,No,0.5677,0.1138
E9Q1P8_S250___1,0.2341,No,0.7935,0.2774
E9Q1P8_S300___1,-0.1516,No,0.9129,0.4818
E9Q1P8_S169___1,0.06817,No,0.9706,0.7518
E9Q1P8_S440___1,-0.3209,No,0.6144,0.1366
E9Q1P8_S443___1,0.135,No,0.9236,0.531
E9Q1P8_S343___1,0.0556,No,0.9775,0.7964
E9Q1P8_S15___1,-0.1761,No,0.8854,0.4138
E9Q286_S1209___1,-0.0461,No,0.9833,0.8306
E9Q286_S1820___1,-0.4713,No,0.2755,0.0288
E9Q286_S910___1,0.01698,No,0.9959,0.9372
E9Q309_S468___1,-0.6181,No,0.0787,0.0041
E9Q309_S2221___1,-0.1753,No,0.888,0.4161
E9Q309_S1641___1,-0.4408,No,0.3366,0.0409
E9Q3C1_S649___1,-0.3212,No,0.6138,0.1362
E9Q3C1_S506___1,-0.09863,No,0.9473,0.6473
E9Q3L2_S259___1,-0.1354,No,0.9234,0.53
E9Q3L2_S263___1,-0.7631,Yes,0.0146,0.0004
E9Q3L2_S265___1,-0.3676,No,0.4999,0.0881
E9Q3L2_S268___1,0.307,No,0.6469,0.1544
E9Q4F7_S2354___1,-0.6184,No,0.0785,0.0041
E9Q4F7_S1676___1,-0.577,No,0.1175,0.0074
E9Q4F7_S1777___1,-0.9449,Yes,0.001,<0.0001
E9Q4N7_S454___1,0.1416,No,0.9199,0.5113
E9Q4N7_S587___1,-0.2321,No,0.8,0.2817
E9Q4S1_S377___1,0.4038,No,0.4184,0.061
E9Q4S1_S387___1,-0.2599,No,0.7445,0.2278
E9Q555_S2492___1,-0.003415,No,>0.9999,0.9874
E9Q555_S298___1,-0.1596,No,0.9053,0.459
E9Q5C9_S563___1,0.5477,No,0.155,0.0111
E9Q5C9_S554___1,-0.1097,No,0.9401,0.6108
E9Q5C9_S626___1,-0.8358,Yes,0.0056,0.0001
E9Q5C9_S424___1,-0.1747,No,0.8887,0.4176
E9Q5C9_S701___1,0.1914,No,0.864,0.3746
E9Q5C9_S394___1,0.3902,No,0.4524,0.0703
E9Q5C9_S646___1,-0.836,Yes,0.0056,0.0001
E9Q5G3_S936___1,0.1174,No,0.9359,0.5859
E9Q5G3_S160___1,0.4145,No,0.3946,0.0545
E9Q5G3_S860___1,0.3844,No,0.4676,0.0745
E9Q5K9_S309___1,0.2247,No,0.8106,0.2972
E9Q5K9_S119___1,-0.04868,No,0.9828,0.8213
E9Q5K9_S120___1,-0.6143,No,0.0818,0.0044
E9Q5K9_S546___1,0.08413,No,0.9612,0.6963
E9Q634_S1008___1,-0.3121,No,0.6342,0.1476
E9Q6B2_S247___1,0.09728,No,0.9481,0.6518
E9Q6B2_S259___1,0.04638,No,0.9832,0.8296
E9Q6P5_S630___1,-0.07786,No,0.9658,0.718
E9Q784_S242___1,0.1112,No,0.9395,0.6058
E9Q784_S682___1,0.4875,No,0.248,0.0237
E9Q784_S704___1,-0.8577,Yes,0.004,<0.0001
E9Q784_S198___1,0.03353,No,0.9869,0.8764
E9Q784_S1002___1,-0.2594,No,0.7448,0.2289
E9Q784_S64___1,0.008184,No,>0.9999,0.9697
E9Q784_S1069___1,0.191,No,0.8649,0.3755
E9Q784_S265___1,-0.2076,No,0.8427,0.3355
E9Q784_S949___1,-0.2257,No,0.8106,0.295
E9Q784_S953___1,-0.05982,No,0.9747,0.7814
E9Q784_S207___1,0.2051,No,0.8462,0.3414
E9Q784_S110___1,-0.7145,Yes,0.0268,0.0009
E9Q784_S77___1,-0.1437,No,0.9171,0.5051
E9Q784_S1357___1,-0.1179,No,0.9359,0.5845
E9Q784_S624___1,-0.1597,No,0.9053,0.4589
E9Q784_S25___1,-0.4459,No,0.325,0.0386
E9Q7D5_S1121___1,-0.4807,No,0.2587,0.0257
E9Q7D5_S990___1,-0.5189,No,0.1944,0.0161
E9Q7D5_S720___1,-0.005992,No,>0.9999,0.9778
E9Q7D5_S1109___1,-0.08961,No,0.9556,0.6776
E9Q7D5_S1110___1,-0.151,No,0.9129,0.4836
E9Q7D5_S169___1,0.2623,No,0.7416,0.2237
E9Q7D5_S782___1,0.1517,No,0.9129,0.4817
E9Q7D5_S319___1,-0.04033,No,0.9834,0.8516
E9Q7D5_S957___1,0.2755,No,0.7112,0.2012
E9Q7D5_S851___1,0.00202,No,>0.9999,0.9925
E9Q7D5_S593___1,-0.1956,No,0.86,0.3642
E9Q7D5_S760___1,-0.2872,No,0.6871,0.1828
E9Q7F2_S44___1,-0.3017,No,0.6577,0.1616
E9Q7F2_S326___1,-0.1895,No,0.8667,0.3794
E9Q7F2_S279___1,-0.03712,No,0.985,0.8633
E9Q7F2_S234___1,-0.3231,No,0.6091,0.1338
E9Q7G0_S198___1,0.08865,No,0.9566,0.6809
E9Q7G0_S270___1,0.07871,No,0.9653,0.715
E9Q7G0_S1812___1,0.5859,No,0.1091,0.0066
E9Q7G0_S1826___1,-0.08674,No,0.9586,0.6874
E9Q7G0_S1973___1,-0.182,No,0.8767,0.3986
E9Q7G0_S1844___1,0.1355,No,0.9234,0.5295
E9Q7G0_S398___1,-0.3285,No,0.5963,0.1275
E9Q7G0_S2029___1,0.04637,No,0.9832,0.8297
E9Q7G0_S1951___1,0.3673,No,0.5006,0.0884
E9Q7G0_S1739___1,0.1576,No,0.9081,0.4646
E9Q7X6_S1275___1,-0.04495,No,0.9833,0.8348
E9Q7X6_S401___1,-0.5805,No,0.1149,0.0071
E9Q7X6_S428___1,-0.1729,No,0.8923,0.4224
E9Q7X6_S1249___1,0.04265,No,0.9833,0.8432
E9Q8D0_S283___1,-0.5125,No,0.2061,0.0174
E9Q8D0_S370___1,-0.7345,Yes,0.0211,0.0007
E9Q942_S61___1,-0.769,Yes,0.0135,0.0004
E9Q9R9_S1254___1,-0.2295,No,0.8053,0.2871
E9Q9R9_S1222___1,0.1572,No,0.9081,0.4658
E9Q9R9_S264___1,-0.006445,No,>0.9999,0.9761
E9Q9R9_S1263___1,0.05368,No,0.9779,0.8033
E9Q9R9_S841___1,0.1927,No,0.8633,0.3713
E9Q9R9_S1797___1,-0.1156,No,0.9364,0.5919
E9Q9R9_S1021___1,-1.068,Yes,<0.0001,<0.0001
E9Q9R9_S803___1,-0.1173,No,0.9359,0.5864
F6ZDS4_S2105___1,-0.1033,No,0.9437,0.6317
F6ZDS4_S2111___1,0.1745,No,0.8892,0.4183
F6ZDS4_S2116___1,0.6868,Yes,0.0367,0.0014
F6ZDS4_S2118___1,0.1776,No,0.883,0.41
F6ZDS4_S2141___1,0.05907,No,0.9747,0.7841
F6ZDS4_S453___1,0.1064,No,0.9407,0.6217
F6ZDS4_S1917___1,-0.03688,No,0.9853,0.8642
F6ZDS4_S2223___1,-0.1179,No,0.9359,0.5844
F7BJB9_S879___1,0.1623,No,0.9028,0.4514
F8VPQ2_S867___1,0.2804,No,0.7008,0.1934
F8VPU2_S427___1,0.01947,No,0.9951,0.928
F8VPU2_S1041___1,-0.1539,No,0.9104,0.4752
F8VPU2_S1045___1,-0.312,No,0.6343,0.1478
F8VPU2_S20___1,-0.0003096,No,>0.9999,0.9989
F8VPU2_S836___1,-0.1997,No,0.8511,0.3542
F8VPU2_S336___1,-0.01969,No,0.9948,0.9272
F8VPU2_S340___1,-0.07078,No,0.9703,0.7426
F8VPU2_S373___1,-0.03188,No,0.9888,0.8824
F8VPU2_S615___1,-0.08543,No,0.9606,0.6918
F8VPU2_S512___1,0.0813,No,0.9643,0.706
F8VPU2_S394___1,0.1397,No,0.9206,0.517
F8VPU2_S403___1,0.124,No,0.9344,0.565
F8VPU2_S875___1,-0.8205,Yes,0.0069,0.0001
F8VPU2_S892___1,-0.01108,No,0.9985,0.959
F8VPU2_S902___1,0.03292,No,0.9873,0.8786
F8VPZ9_S1427___1,-0.1436,No,0.9172,0.5053
F8VPZ9_S1267___1,-0.05672,No,0.9767,0.7924
F8VQB6_S1887___1,-0.04699,No,0.9832,0.8274
F8VQB6_S1134___1,0.1166,No,0.9359,0.5885
G3X9J0_S136___1,-1.317,Yes,<0.0001,<0.0001
G3X9J0_S94___1,-0.05295,No,0.9785,0.8059
G3X9J0_S1358___1,0.05771,No,0.9759,0.7889
G3X9J0_S1489___1,-0.3262,No,0.6017,0.1302
G3X9J0_S229___1,-0.1244,No,0.9344,0.5639
G3X9J0_S140___1,0.09008,No,0.9556,0.676
G3X9J0_S1538___1,0.06902,No,0.9706,0.7488
G3X9K3_S394___1,0.2107,No,0.8361,0.3282
G3XA57_S150___1,-0.2292,No,0.8053,0.2876
G3XA57_S277___1,-0.2229,No,0.8139,0.3011
G5E829_S17___1,0.03811,No,0.9842,0.8597
G5E829_S1155___1,-0.02812,No,0.9906,0.8962
G5E829_S1178___1,-0.7169,Yes,0.0263,0.0009
G5E829_S1127___1,0.1175,No,0.9359,0.5858
G5E870_S1024___1,-0.2625,No,0.7407,0.2233
G5E870_S267___1,-0.2964,No,0.6669,0.1691
G5E870_S77___1,-0.5797,No,0.1154,0.0072
G5E870_S312___1,-0.16,No,0.9048,0.4579
G5E870_S1610___1,-0.04143,No,0.9833,0.8476
G5E870_S1409___1,-0.3128,No,0.6335,0.1467
G5E870_S1281___1,0.1109,No,0.9398,0.6071
G5E870_S1355___1,-0.2977,No,0.6642,0.1672
G5E870_S1049___1,-0.1848,No,0.8723,0.3914
L0N7N1_S1326___1,0.3891,No,0.4546,0.071
L0N7N1_S1478___1,-0.408,No,0.4085,0.0584
O08529_S462___1,-0.1486,No,0.9129,0.4905
O08530_S351___1,-0.1989,No,0.8526,0.3562
O08539_S296___1,0.08091,No,0.9643,0.7074
O08539_S298___1,0.2823,No,0.6987,0.1903
O08539_S304___1,0.04197,No,0.9833,0.8456
O08539_S324___1,0.3196,No,0.6164,0.1382
O08539_S332___1,-0.2316,No,0.8016,0.2827
O08547_S175___1,-0.1919,No,0.8635,0.3733
O08547_S137___1,-0.2247,No,0.8106,0.2972
O08550_S941___1,-0.6272,No,0.0703,0.0036
O08550_S849___1,-0.5605,No,0.1364,0.0093
O08550_S2082___1,0.0572,No,0.9761,0.7907
O08550_S2346___1,0.202,No,0.8487,0.3488
O08550_S1098___1,-0.532,No,0.1741,0.0136
O08553_S570___1,0.04826,No,0.983,0.8228
O08553_S522___1,0.1545,No,0.9099,0.4736
O08579_S29___1,0.3212,No,0.6138,0.1361
O08582_S580___1,0.3265,No,0.6007,0.1298
O08582_S25___1,-0.09024,No,0.9556,0.6755
O08583_S237___1,-0.1173,No,0.9359,0.5865
O08585_S223___1,-0.03265,No,0.988,0.8796
O08609_S45___1,0.1545,No,0.9098,0.4735
O08609_S48___1,0.1296,No,0.9295,0.5476
O08638_S1954___1,-0.2162,No,0.8265,0.3159
O08715_S55___1,-0.1093,No,0.9401,0.612
O08715_S101___1,-0.0805,No,0.9643,0.7088
O08715_S103___1,-0.1557,No,0.9086,0.4702
O08734_S17___1,0.01026,No,0.9987,0.9621
O08734_S19___1,0.02028,No,0.9943,0.925
O08736_S89___1,-0.1868,No,0.8697,0.3863
O08750_S301___1,-0.3841,No,0.468,0.0748
O08750_S286___1,-0.1809,No,0.8781,0.4013
O08759_S8___1,0.4541,No,0.3057,0.0352
O08784_S593___1,-0.07484,No,0.9691,0.7285
O08784_S1216___1,0.3169,No,0.6231,0.1415
O08784_S1073___1,0.2306,No,0.8036,0.2847
O08784_S1303___1,0.07984,No,0.9647,0.7111
O08784_S1263___1,0.1526,No,0.9127,0.4791
O08784_S1191___1,0.2338,No,0.7938,0.278
O08784_S169___1,0.04585,No,0.9833,0.8316
O08784_S1128___1,0.09636,No,0.9496,0.6548
O08784_S853___1,0.1149,No,0.9371,0.5938
O08784_S444___1,0.05415,No,0.9779,0.8017
O08784_S154___1,0.2548,No,0.7537,0.2371
O08784_S88___1,-0.256,No,0.7522,0.235
O08785_S427___1,0.4599,No,0.297,0.0329
O08796_S469___1,-0.6947,Yes,0.0335,0.0013
O08796_S365___1,-0.1539,No,0.9104,0.4753
O08856_S300___1,-0.1266,No,0.9335,0.5569
O08917_S163___1,0.04124,No,0.9833,0.8483
O08917_S385___1,0.01067,No,0.9985,0.9605
O08919_S228___1,-0.1064,No,0.9407,0.6217
O08919_S324___1,0.1875,No,0.868,0.3845
O08999_S491___1,-0.1248,No,0.9344,0.5625
O09000_S847___1,-0.1439,No,0.9168,0.5043
O09000_S720___1,0.278,No,0.7072,0.1972
O09000_S687___1,0.1571,No,0.9081,0.4662
O09000_S215___1,0.04796,No,0.983,0.8239
O09039_S102___1,0.1158,No,0.9359,0.5912
O09044_S20___1,0.08575,No,0.9602,0.6908
O09044_S23___1,0.1122,No,0.9395,0.6026
O09044_S110___1,0.09135,No,0.9543,0.6717
O09044_S120___1,-0.2434,No,0.777,0.2587
O09044_S160___1,-0.1709,No,0.8957,0.428
O09100_S192___1,-0.309,No,0.6421,0.1517
O09106_S421___1,0.1479,No,0.9129,0.4927
O09106_S423___1,-0.03329,No,0.987,0.8773
O09106_S410___1,-0.2089,No,0.8396,0.3326
O09106_S393___1,0.388,No,0.457,0.0718
O09110_S28___1,-0.5041,No,0.2196,0.0194
O09110_S218___1,-0.1011,No,0.9449,0.6389
O09126_S856___1,-0.559,No,0.1381,0.0095
O09174_S323___1,0.2772,No,0.7084,0.1984
O35066_S764___1,-0.06298,No,0.973,0.7702
O35071_S674___1,0.05651,No,0.9768,0.7932
O35071_S1089___1,-0.145,No,0.9163,0.5011
O35074_S255___1,-0.004824,No,>0.9999,0.9821
O35098_S570___1,0.05965,No,0.9747,0.782
O35098_S572___1,0.2257,No,0.8106,0.2951
O35099_S965___1,0.1167,No,0.9359,0.5883
O35126_S34___1,-0.4263,No,0.3675,0.048
O35126_S881___1,0.02031,No,0.9943,0.9249
O35126_S77___1,0.1577,No,0.9079,0.4643
O35126_S79___1,-0.1911,No,0.8649,0.3752
O35126_S630___1,-0.6777,Yes,0.041,0.0017
O35126_S646___1,-0.1028,No,0.9441,0.6335
O35126_S101___1,0.1026,No,0.9443,0.6341
O35130_S16___1,0.2762,No,0.7099,0.2
O35149_S36___1,0.1368,No,0.9234,0.5257
O35182_S148___1,-0.02858,No,0.9906,0.8945
O35182_S26___1,-0.3425,No,0.5635,0.112
O35188_S262___1,0.21,No,0.8369,0.3299
O35216_S30___1,-0.3266,No,0.6007,0.1297
O35216_S15___1,-0.7171,Yes,0.0263,0.0009
O35216_S16___1,-0.7437,Yes,0.0187,0.0006
O35226_S256___1,0.2688,No,0.726,0.2124
O35295_S113___1,-0.04782,No,0.983,0.8244
O35295_S310___1,0.2648,No,0.7362,0.2193
O35295_S316___1,0.07575,No,0.9686,0.7253
O35326_S86___1,-0.4789,No,0.2619,0.0263
O35326_S90___1,-0.5532,No,0.1473,0.0103
O35343_S60___1,0.1917,No,0.8635,0.3738
O35344_S60___1,0.1945,No,0.8616,0.367
O35379_S882___1,0.3497,No,0.5449,0.1047
O35379_S884___1,0.3736,No,0.4898,0.083
O35382_S32___1,-0.04378,No,0.9833,0.839
O35392_S96___1,-0.2659,No,0.7336,0.2173
O35450_S38___1,0.05811,No,0.9754,0.7875
O35491_S141___1,-0.2614,No,0.7434,0.2253
O35492_S88___1,-0.4465,No,0.3238,0.0383
O35492_S21___1,-0.3936,No,0.4431,0.0678
O35492_S157___1,-0.007715,No,>0.9999,0.9714
O35492_S283___1,-0.06061,No,0.9747,0.7786
O35493_S138___1,-0.4585,No,0.2985,0.0334
O35495_S134___1,-0.3696,No,0.4964,0.0864
O35495_S95___1,0.09518,No,0.9503,0.6588
O35495_S78___1,-0.3495,No,0.545,0.105
O35516_S2116___1,-0.2478,No,0.7669,0.2503
O35526_S14___1,0.1451,No,0.9163,0.501
O35551_S407___1,0.0708,No,0.9703,0.7426
O35551_S410___1,-0.1795,No,0.8795,0.405
O35598_S741___1,-0.3397,No,0.57,0.1151
O35607_S375___1,-0.2486,No,0.7659,0.2489
O35607_S586___1,-1.606,Yes,<0.0001,<0.0001
O35607_S940___1,-0.3237,No,0.6084,0.1332
O35607_S757___1,-0.3667,No,0.5019,0.0889
O35609_S78___1,-0.1859,No,0.8705,0.3884
O35613_S593___1,-0.05534,No,0.9776,0.7974
O35613_S515___1,-0.07153,No,0.9697,0.74
O35613_S736___1,0.1839,No,0.8739,0.3937
O35615_S286___1,0.04429,No,0.9833,0.8372
O35615_S651___1,0.1186,No,0.9359,0.5823
O35615_S925___1,0.3309,No,0.5917,0.1247
O35615_S927___1,0.07983,No,0.9647,0.7111
O35615_S497___1,0.4829,No,0.2548,0.0251
O35615_S500___1,0.3555,No,0.529,0.0991
O35615_S681___1,0.1857,No,0.8705,0.3889
O35623_S50___1,-0.3789,No,0.4778,0.0788
O35638_S1058___1,-0.471,No,0.2759,0.0289
O35638_S1061___1,0.1717,No,0.8936,0.4256
O35639_S146___1,-0.01369,No,0.9978,0.9494
O35664_S448___1,-0.1173,No,0.9359,0.5864
O35671_S41___1,0.04369,No,0.9833,0.8394
O35678_S189___1,0.2066,No,0.8436,0.3378
O35682_S15___1,0.3577,No,0.5246,0.097
O35682_S16___1,0.02633,No,0.9915,0.9028
O35691_S84___1,-0.3934,No,0.4441,0.068
O35691_S380___1,0.05136,No,0.9798,0.8117
O35691_S66___1,0.1359,No,0.9234,0.5283
O35691_S442___1,0.2848,No,0.6926,0.1864
O35709_S406___1,0.07529,No,0.9691,0.7269
O35730_S324___1,0.1587,No,0.9069,0.4614
O35730_S38___1,0.1433,No,0.918,0.5061
O35737_S310___1,0.2626,No,0.7406,0.2231
O35737_S63___1,0.09173,No,0.9537,0.6704
O35737_S23___1,-0.1977,No,0.8562,0.359
O35737_S104___1,0.3151,No,0.6281,0.1438
O35841_S464___1,-0.8948,Yes,0.0023,<0.0001
O35887_S69___1,0.5861,No,0.109,0.0065
O35892_S314___1,-0.005104,No,>0.9999,0.9811
O35900_S65___1,-0.1159,No,0.9359,0.5907
O35914_S541___1,-0.2813,No,0.6993,0.1919
O35929_S18___1,-0.1606,No,0.9036,0.4562
O35929_S256___1,-0.2652,No,0.7352,0.2187
O35954_S621___1,0.08622,No,0.9594,0.6892
O35954_S358___1,-0.05208,No,0.9786,0.8091
O35954_S664___1,-0.09163,No,0.9537,0.6708
O35963_S98___1,-0.02696,No,0.991,0.9004
O35973_S663___1,-0.03041,No,0.99,0.8878
O35973_S1280___1,-0.5662,No,0.1291,0.0086
O35984_S395___1,0.1094,No,0.9401,0.6118
O54692_S438___1,0.3534,No,0.5331,0.1011
O54724_S42___1,-0.3315,No,0.5903,0.1241
O54724_S302___1,-0.5151,No,0.2019,0.0169
O54774_S760___1,0.1831,No,0.8764,0.3957
O54774_S784___1,0.3658,No,0.5052,0.0897
O54781_S490___1,0.1254,No,0.9336,0.5607
O54784_S313___1,-0.6571,No,0.0519,0.0023
O54784_S316___1,-0.4818,No,0.2566,0.0254
O54786_S314___1,0.1003,No,0.9455,0.6416
O54786_S110___1,-0.2696,No,0.7242,0.2111
O54824_S468___1,-0.04535,No,0.9833,0.8334
O54824_S839___1,-0.1002,No,0.9457,0.6421
O54824_S583___1,-0.03398,No,0.9865,0.8747
O54824_S680___1,0.01021,No,0.9987,0.9622
O54824_S967___1,0.2131,No,0.8316,0.3228
O54825_S97___1,0.2893,No,0.6835,0.1796
O54827_S470___1,0.06395,No,0.9718,0.7667
Q60737_S194___1,-0.2976,No,0.6642,0.1674
O54833_S18___1,-0.2061,No,0.8443,0.339
O54833_S21___1,-0.02211,No,0.9929,0.9183
O54910_S18___1,-0.06072,No,0.9747,0.7782
O54916_S708___1,-0.7565,Yes,0.016,0.0004
O54916_S536___1,0.0395,No,0.9834,0.8546
O54916_S272___1,0.1779,No,0.8824,0.4092
O54916_S273___1,0.1737,No,0.8906,0.4202
O54916_S561___1,-0.497,No,0.2301,0.0211
O54916_S735___1,-0.2964,No,0.6669,0.1691
O54940_S114___1,0.05553,No,0.9775,0.7967
O55003_S88___1,-0.06788,No,0.9706,0.7528
O55022_S181___1,0.1905,No,0.8664,0.3769
O55022_S54___1,0.1232,No,0.9347,0.5676
O55028_S31___1,0.09365,No,0.9513,0.664
O55033_S90___1,0.1028,No,0.9441,0.6333
O55047_S717___1,0.03624,No,0.9853,0.8665
O55060_S34___1,-0.1962,No,0.8599,0.3628
O55060_S2___1,-0.5294,No,0.1784,0.014
O55091_S137___1,-0.1359,No,0.9234,0.5285
O55098_S437___1,0.003841,No,>0.9999,0.9858
O55106_S245___1,0.1491,No,0.9129,0.4892
O55131_S333___1,0.09355,No,0.9513,0.6643
O55131_S76___1,-0.01295,No,0.9978,0.9521
O55135_S239___1,0.08048,No,0.9643,0.7089
O55137_S56___1,-0.142,No,0.9194,0.5099
O55143_S661___1,0.1105,No,0.9398,0.6082
O55143_S663___1,-0.2106,No,0.8361,0.3286
O55176_S88___1,-0.1569,No,0.9081,0.4668
O55187_S410___1,-0.02647,No,0.9915,0.9023
O55201_S664___1,0.05819,No,0.9754,0.7872
O55201_S757___1,-0.5369,No,0.1676,0.0127
O55222_S186___1,0.1902,No,0.8666,0.3775
O70133_S136___1,0.4538,No,0.3063,0.0353
O70133_S323___1,-0.04935,No,0.9826,0.8189
O70133_S451___1,0.1966,No,0.8583,0.3616
O70146_S604___1,-0.01838,No,0.9953,0.932
O70152_S13___1,0.1573,No,0.9081,0.4655
O70157_S408___1,-0.4821,No,0.2562,0.0253
O70251_S106___1,0.4567,No,0.3018,0.0341
O70251_S174___1,0.2739,No,0.7143,0.2038
O70279_S295___1,-0.01836,No,0.9953,0.9321
O70305_S741___1,0.4101,No,0.4039,0.0571
O70305_S727___1,-0.3388,No,0.5723,0.116
O70305_S585___1,-0.9148,Yes,0.0016,<0.0001
O70305_S593___1,-0.0704,No,0.9703,0.744
O70305_S860___1,0.03933,No,0.9834,0.8552
O70305_S653___1,-0.01619,No,0.9967,0.9401
O70305_S435___1,0.3564,No,0.5275,0.0983
O70309_S770___1,0.0857,No,0.9602,0.6909
O70310_S69___1,0.07697,No,0.9669,0.721
O70310_S31___1,0.2269,No,0.809,0.2926
O70310_S47___1,-0.04507,No,0.9833,0.8344
O70311_S68___1,-0.2603,No,0.7437,0.2271
O70311_S70___1,0.1609,No,0.9036,0.4554
O70311_S38___1,-0.3032,No,0.6545,0.1595
O70318_S698___1,0.06188,No,0.9743,0.774
O70318_S38___1,0.2193,No,0.8194,0.3089
O70318_S46___1,0.3306,No,0.5929,0.1251
O70318_S116___1,-0.02584,No,0.9915,0.9046
O70318_S201___1,-0.1832,No,0.876,0.3953
O70318_S630___1,-0.8639,Yes,0.0036,<0.0001
O70318_S86___1,-0.1747,No,0.8887,0.4176
O70318_S492___1,0.0507,No,0.9806,0.8141
O70318_S395___1,0.06489,No,0.9712,0.7634
O70318_S666___1,0.07276,No,0.9696,0.7357
O70318_S7___1,-0.1164,No,0.9359,0.5891
O70326_S77___1,-0.08888,No,0.9566,0.6801
O70348_S47___1,0.4022,No,0.4226,0.0621
O70374_S400___1,0.2149,No,0.8291,0.3188
O70374_S255___1,-0.04153,No,0.9833,0.8472
O70374_S24___1,0.1879,No,0.8678,0.3833
O70400_S90___1,0.1667,No,0.8979,0.4392
O70400_S130___1,-0.3141,No,0.6308,0.1451
O70405_S757___1,0.05029,No,0.9809,0.8155
O70405_S450___1,0.3711,No,0.4935,0.0852
O70405_S555___1,0.2238,No,0.8118,0.2992
O70405_S622___1,0.6313,No,0.0674,0.0034
O70405_S521___1,-0.0685,No,0.9706,0.7506
O70435_S250___1,0.08601,No,0.9597,0.6899
O70439_S129___1,-0.2686,No,0.7262,0.2128
O70439_S75___1,0.06137,No,0.9747,0.7759
O70439_S144___1,0.4027,No,0.4212,0.0617
O70439_S147___1,-0.1353,No,0.9234,0.5302
O70439_S45___1,0.07099,No,0.9703,0.7419
P68254_S45___1,0.2039,No,0.8478,0.3441
O70472_S1596___1,0.09067,No,0.9556,0.674
O70472_S1601___1,-0.1055,No,0.9418,0.6244
O70479_S280___1,-0.05904,No,0.9747,0.7842
O70480_S17___1,-0.5463,No,0.1563,0.0113
O70480_S30___1,0.03525,No,0.9855,0.8701
O70481_S1601___1,-0.1537,No,0.9107,0.4758
O70492_S26___1,0.1674,No,0.8976,0.4375
O70492_S72___1,0.1542,No,0.9101,0.4744
O70494_S565___1,-0.03604,No,0.9853,0.8672
O70496_S49___1,-0.1886,No,0.8677,0.3816
O70546_S829___1,0.2342,No,0.7935,0.2773
O70551_S51___1,0.1487,No,0.9129,0.4904
O70551_S450___1,0.4284,No,0.3639,0.0469
O70551_S311___1,0.6246,No,0.0729,0.0038
O70566_S69___1,-0.8018,Yes,0.0087,0.0002
O70572_S404___1,0.278,No,0.7072,0.1971
O70583_S92___1,-0.2523,No,0.7583,0.2419
O70583_S96___1,-0.08131,No,0.9643,0.706
O70583_S66___1,0.04137,No,0.9833,0.8478
O70583_S524___1,-0.07863,No,0.9653,0.7153
O88286_S1550___1,0.0234,No,0.9922,0.9136
O88286_S1179___1,-0.2503,No,0.7623,0.2456
O88286_S1050___1,-0.1766,No,0.8848,0.4126
O88291_S91___1,0.3065,No,0.6474,0.155
O88291_S81___1,0.0006684,No,>0.9999,0.9975
O88291_S270___1,0.08025,No,0.9643,0.7097
O88322_S360___1,-0.3598,No,0.5186,0.0951
O88327_S373___1,-0.123,No,0.9347,0.5682
O88351_S672___1,0.1672,No,0.8976,0.438
O88379_S284___1,-0.04694,No,0.9832,0.8276
O88413_S65___1,-0.2559,No,0.7522,0.2351
O88413_S167___1,0.02845,No,0.9906,0.895
O88413_S372___1,0.07243,No,0.9696,0.7369
O88447_S459___1,0.2172,No,0.8245,0.3136
O88447_S520___1,0.1254,No,0.9336,0.5606
O88448_S443___1,0.09587,No,0.9496,0.6565
O88448_S575___1,0.02044,No,0.9943,0.9244
O88448_S515___1,0.08354,No,0.962,0.6983
O88448_S505___1,-0.08177,No,0.9643,0.7044
O88448_S537___1,0.2162,No,0.8265,0.3158
O88448_S539___1,0.08537,No,0.9606,0.6921
O88448_S550___1,0.3521,No,0.5381,0.1023
O88466_S1041___1,-0.231,No,0.8024,0.2839
O88466_S1381___1,0.01794,No,0.9955,0.9337
O88466_S878___1,0.02294,No,0.9924,0.9152
O88477_S181___1,-0.3006,No,0.6609,0.1632
O88487_S81___1,0.1498,No,0.9129,0.4871
O88487_S51___1,0.127,No,0.9332,0.5558
O88487_S91___1,0.2194,No,0.8193,0.3087
O88487_S95___1,0.05638,No,0.9768,0.7937
O88487_S98___1,0.1923,No,0.8633,0.3724
O88491_S2369___1,-0.3738,No,0.4895,0.0829
O88491_S844___1,-0.8587,Yes,0.004,<0.0001
O88502_S382___1,-0.434,No,0.3498,0.0441
O88502_S452___1,0.2785,No,0.7058,0.1964
O88502_S18___1,-0.01438,No,0.9978,0.9468
O88508_S102___1,0.3369,No,0.5759,0.1181
O88532_S1054___1,-0.1375,No,0.9234,0.5236
O88543_S421___1,0.04338,No,0.9833,0.8405
O88543_S423___1,0.3538,No,0.5325,0.1007
O88569_S189___1,0.06383,No,0.9721,0.7671
O88569_S198___1,0.3792,No,0.4775,0.0786
O88569_S199___1,0.5853,No,0.1097,0.0066
O88569_S259___1,0.6599,No,0.0505,0.0022
O88569_S85___1,0.1144,No,0.9379,0.5956
O88569_S225___1,0.3626,No,0.5126,0.0925
O88569_S231___1,-0.2115,No,0.8344,0.3264
O88569_S212___1,0.3993,No,0.4301,0.064
O88569_S344___1,0.1575,No,0.9081,0.4651
O88569_S201___1,-0.01864,No,0.9953,0.9311
O88572_S1490___1,-0.1588,No,0.9067,0.4612
O88573_S524___1,-0.3409,No,0.5675,0.1138
O88622_S311___1,0.3617,No,0.5149,0.0933
O88643_S204___1,-0.2433,No,0.777,0.259
O88643_S144___1,0.003011,No,>0.9999,0.9889
O88665_S279___1,0.2924,No,0.6765,0.175
O88665_S265___1,0.3124,No,0.6337,0.1472
O88667_S26___1,-0.1683,No,0.8976,0.4349
O88667_S39___1,-0.0863,No,0.9594,0.6889
O88685_S12___1,-0.02601,No,0.9915,0.9039
O88746_S472___1,-0.1188,No,0.9359,0.5815
O88746_S359___1,-0.002476,No,>0.9999,0.9908
O88746_S405___1,-0.07735,No,0.9667,0.7197
O88746_S176___1,0.05359,No,0.9779,0.8037
O88746_S180___1,0.06233,No,0.974,0.7724
O88792_S285___1,-0.225,No,0.8106,0.2966
O88792_S288___1,-0.07576,No,0.9686,0.7252
O88792_S297___1,0.02623,No,0.9915,0.9031
O88796_S251___1,0.158,No,0.9079,0.4636
O88842_S442___1,-0.1849,No,0.8718,0.3911
O88842_S543___1,-0.1131,No,0.9385,0.5996
O88852_S51___1,0.07282,No,0.9696,0.7355
O88874_S325___1,0.1159,No,0.9359,0.5906
O88874_S329___1,-0.03586,No,0.9855,0.8679
O88878_S48___1,0.1217,No,0.9352,0.5724
O88895_S74___1,0.239,No,0.7851,0.2675
O88907_S503___1,0.1951,No,0.8613,0.3654
O88907_S485___1,0.02042,No,0.9943,0.9245
O88907_S488___1,0.3711,No,0.4935,0.0852
O88939_S331___1,0.3537,No,0.5326,0.1009
O88939_S537___1,0.2676,No,0.7291,0.2144
O88939_S141___1,0.5393,No,0.1643,0.0124
P57780_S160___1,-0.02016,No,0.9943,0.9255
O89026_S901___1,-0.04726,No,0.9832,0.8265
O89026_S1016___1,-0.1606,No,0.9036,0.4563
O89032_S1029___1,0.3672,No,0.5008,0.0884
O89032_S1034___1,-0.2571,No,0.7503,0.2329
O89032_S764___1,-0.1292,No,0.9301,0.5489
O89032_S766___1,-0.03734,No,0.9847,0.8625
O89032_S774___1,-0.05441,No,0.9779,0.8007
O89032_S420___1,0.08952,No,0.9556,0.6779
O89032_S1047___1,0.1069,No,0.9406,0.62
O89032_S643___1,0.1168,No,0.9359,0.5879
O89032_S405___1,-0.3414,No,0.5666,0.1132
O89032_S993___1,-0.4813,No,0.2576,0.0256
O89032_S812___1,0.03794,No,0.9843,0.8603
O89032_S592___1,0.07129,No,0.97,0.7409
O89032_S596___1,-0.3693,No,0.4971,0.0867
O89032_S721___1,-0.3364,No,0.5771,0.1187
O89032_S661___1,0.04329,No,0.9833,0.8408
O89032_S566___1,0.01675,No,0.9959,0.938
O89079_S13___1,0.03634,No,0.9853,0.8661
O89084_S333___1,-0.02912,No,0.9906,0.8925
O89084_S60___1,-0.437,No,0.3441,0.0426
O89086_S71___1,0.03521,No,0.9855,0.8702
O89086_S133___1,-0.4378,No,0.3435,0.0423
O89086_S129___1,-0.2809,No,0.7001,0.1925
O89090_S7___1,0.2364,No,0.7909,0.2727
O89091_S205___1,-0.0006549,No,>0.9999,0.9976
O89091_S248___1,-0.1657,No,0.8995,0.4421
O89110_S213___1,0.3088,No,0.6426,0.152
O89110_S188___1,0.04734,No,0.9832,0.8262
P02340_S312___1,-0.003169,No,>0.9999,0.9883
P02469_S1666___1,0.08936,No,0.9558,0.6785
P04627_S255___1,-0.3047,No,0.6521,0.1575
P04627_S257___1,0.4691,No,0.2794,0.0295
P04627_S157___1,-0.4227,No,0.3752,0.0499
P04627_S162___1,-0.3905,No,0.4517,0.0701
P04627_S186___1,0.07325,No,0.9694,0.734
P04627_S580___1,-0.525,No,0.1842,0.0149
P05064_S36___1,-0.05677,No,0.9766,0.7923
P05064_S39___1,-0.04938,No,0.9826,0.8188
P05064_S46___1,-0.1308,No,0.9286,0.544
P05132_S339___1,0.1191,No,0.9358,0.5807
P05213_S439___1,0.08806,No,0.957,0.6829
P05213_S340___1,0.05857,No,0.9752,0.7858
P05213_S48___1,0.2903,No,0.6807,0.178
P05480_S68___1,-0.03605,No,0.9853,0.8672
P05480_S74___1,0.5249,No,0.1842,0.0149
P05622_S854___1,-0.1905,No,0.8664,0.3769
P05622_S996___1,-0.07173,No,0.9697,0.7393
P05627_S63___1,0.2989,No,0.6642,0.1655
P06795_S681___1,-0.257,No,0.7503,0.2331
P06795_S669___1,-0.9784,Yes,0.0005,<0.0001
P06837_S142___1,-0.1362,No,0.9234,0.5273
P07141_S530___1,-0.1652,No,0.9008,0.4435
P07141_S539___1,-0.3456,No,0.557,0.1089
P07356_S184___1,0.04007,No,0.9834,0.8525
P07356_S127___1,0.04703,No,0.9832,0.8273
P07901_S231___1,-0.06622,No,0.9712,0.7587
P07901_S263___1,1.089,Yes,<0.0001,<0.0001
P07901_S642___1,-0.07741,No,0.9667,0.7195
P11499_S164___1,-0.5672,No,0.1281,0.0085
P07901_S454___1,0.09459,No,0.9504,0.6608
P08030_S15___1,0.1158,No,0.9359,0.5911
P08113_S42___1,-0.05839,No,0.9752,0.7865
P08113_S447___1,-0.1282,No,0.9309,0.5519
P08752_S62___1,0.2864,No,0.6896,0.184
P08775_S1966___1,-0.0163,No,0.9965,0.9397
P08775_S1836___1,-0.4406,No,0.3367,0.0409
P08775_S1913___1,-0.06033,No,0.9747,0.7796
P08775_S1917___1,-0.2053,No,0.846,0.3409
P08775_S1920___1,0.3947,No,0.4406,0.0671
P09242_S110___1,-0.3702,No,0.4956,0.0859
P09405_S616___1,0.02482,No,0.9915,0.9083
P09405_S460___1,0.09258,No,0.9527,0.6675
P09411_S203___1,0.02024,No,0.9943,0.9252
P09450_S117___1,0.1155,No,0.9365,0.5921
P09926_S93___1,0.02737,No,0.991,0.899
P0C7T6_S359___1,-0.08842,No,0.9566,0.6817
P0C7T6_S282___1,0.2901,No,0.6816,0.1783
P0CL69_S257___1,0.1777,No,0.8829,0.4098
P10107_S34___1,-0.07812,No,0.9656,0.717
P10404_S639___1,0.07035,No,0.9704,0.7441
P10518_S215___1,0.1411,No,0.9206,0.5126
P10711_S139___1,0.2967,No,0.6661,0.1687
P10711_S100___1,0.1669,No,0.8976,0.4387
P10833_S201___1,-0.3752,No,0.4859,0.0817
Q8CGP1_S37___1,-0.1154,No,0.9365,0.5925
Q8CGP1_S39___1,0.1229,No,0.9347,0.5684
Q8CGP1_S113___1,-0.5252,No,0.1842,0.0148
Q8CGP1_S79___1,0.3925,No,0.4463,0.0687
Q8CGP1_S56___1,-0.08388,No,0.9613,0.6972
P10923_S290___1,0.2023,No,0.8483,0.3479
P11031_S17___1,-0.5672,No,0.1281,0.0085
P11031_S58___1,0.1231,No,0.9347,0.568
P11157_S20___1,1.273,Yes,<0.0001,<0.0001
P11276_S285___1,-0.3241,No,0.608,0.1327
P11276_S2475___1,-0.5956,No,0.1003,0.0057
P11276_S1382___1,-0.2149,No,0.8291,0.3189
P11352_S201___1,0.1468,No,0.9138,0.4958
P11499_S226___1,0.8521,Yes,0.0044,<0.0001
P11499_S255___1,0.08899,No,0.9565,0.6797
P11499_S445___1,-0.1786,No,0.8806,0.4073
P11531_S3606___1,0.2651,No,0.7352,0.2187
P11688_S1051___1,0.188,No,0.8678,0.3831
P11983_S544___1,0.04698,No,0.9832,0.8275
P11983_S551___1,0.3816,No,0.4717,0.0767
P12367_S96___1,-0.2959,No,0.6679,0.1698
P12382_S775___1,0.1894,No,0.8667,0.3796
P13405_S31___1,0.09436,No,0.9505,0.6615
P13405_S243___1,-0.05662,No,0.9767,0.7928
P13504_S547___1,0.1594,No,0.9056,0.4595
P13595_S946___1,-0.2066,No,0.8437,0.3379
P13595_S1005___1,-0.3953,No,0.4395,0.0666
P13595_S887___1,-0.0262,No,0.9915,0.9033
P13864_S125___1,-1.204,Yes,<0.0001,<0.0001
P13864_S717___1,-0.2143,No,0.8291,0.3202
P13864_S140___1,-0.5896,No,0.1059,0.0062
P13864_S150___1,-0.3737,No,0.4898,0.083
P14152_S241___1,-0.1931,No,0.8629,0.3703
P14206_S43___1,0.02425,No,0.9915,0.9104
P14602_S86___1,0.3813,No,0.4726,0.0769
P14602_S13___1,-0.2817,No,0.6992,0.1913
P14602_S15___1,0.8873,Yes,0.0025,<0.0001
P14733_S14___1,0.1821,No,0.8766,0.3981
P14733_S17___1,0.6836,Yes,0.0382,0.0015
P14733_S24___1,0.3223,No,0.6122,0.1349
P14733_S29___1,0.1409,No,0.9206,0.5134
P14733_S201___1,0.4127,No,0.3984,0.0556
P14733_S233___1,0.02529,No,0.9915,0.9066
P14733_S392___1,1.576,Yes,<0.0001,<0.0001
P14733_S394___1,0.5253,No,0.1842,0.0148
P14733_S396___1,0.8103,Yes,0.0078,0.0002
P14733_S405___1,-0.2304,No,0.8036,0.2851
P14869_S304___1,0.3575,No,0.5246,0.0972
P14869_S307___1,0.3121,No,0.6342,0.1477
P14873_S1384___1,-0.02764,No,0.9907,0.898
P14873_S1141___1,-0.1293,No,0.93,0.5486
P14873_S1151___1,0.08492,No,0.9608,0.6936
P14873_S561___1,-0.6065,No,0.0899,0.0049
P14873_S1793___1,0.1894,No,0.8667,0.3795
P14873_S1815___1,0.1884,No,0.8678,0.382
P14873_S614___1,1.006,Yes,0.0003,<0.0001
P14873_S2207___1,-0.2415,No,0.781,0.2626
P14873_S967___1,-0.3491,No,0.5461,0.1054
P14873_S343___1,-0.2305,No,0.8036,0.2849
P14873_S1497___1,-0.05138,No,0.9798,0.8116
P14873_S1260___1,-0.06802,No,0.9706,0.7523
P14873_S1438___1,0.07877,No,0.9653,0.7148
P14873_S1422___1,-0.4733,No,0.2716,0.0281
P14873_S1781___1,0.1794,No,0.8795,0.4053
P14873_S1649___1,0.5511,No,0.1506,0.0106
P14873_S2267___1,-0.1355,No,0.9234,0.5295
P14873_S2030___1,0.3798,No,0.4759,0.0781
P14873_S1293___1,-0.2373,No,0.7875,0.271
P14873_S1307___1,-0.1653,No,0.9005,0.4432
P14873_S1911___1,0.07911,No,0.9653,0.7136
P14873_S1395___1,-0.04605,No,0.9833,0.8308
P14873_S1775___1,-0.09126,No,0.9543,0.672
P14901_S242___1,0.1894,No,0.8667,0.3797
P15066_S249___1,-0.2314,No,0.802,0.283
P15208_S1340___1,-0.1408,No,0.9206,0.5135
P15261_S402___1,-0.02727,No,0.991,0.8993
P15306_S559___1,-0.3403,No,0.5685,0.1144
P15532_S120___1,-0.5449,No,0.1577,0.0115
P15864_S36___1,-0.122,No,0.9352,0.5714
P15920_S695___1,0.3208,No,0.6144,0.1367
P15975_S605___1,0.3509,No,0.5415,0.1036
P15975_S414___1,0.1754,No,0.8878,0.4159
P15975_S490___1,-0.8197,Yes,0.007,0.0001
P16054_S368___1,-0.4218,No,0.3767,0.0504
P16054_S729___1,-0.4063,No,0.4126,0.0594
P16054_S329___1,-0.1685,No,0.8976,0.4342
P16054_S337___1,-0.2042,No,0.8478,0.3434
P16056_S988___1,-0.0878,No,0.9574,0.6838
P16858_S208___1,0.5394,No,0.1643,0.0123
P17095_S102___1,-0.3985,No,0.4319,0.0645
P17095_S103___1,-0.2871,No,0.6872,0.1829
P17095_S2___1,-0.4465,No,0.3238,0.0383
P17095_S6___1,-0.2939,No,0.6726,0.1727
P17095_S9___1,-0.4642,No,0.2888,0.0313
P17141_S590___1,-1.654,Yes,<0.0001,<0.0001
P17182_S40___1,-0.08961,No,0.9556,0.6776
P17182_S63___1,0.3575,No,0.5246,0.0972
P17182_S427___1,0.2534,No,0.7563,0.2398
P17225_S16___1,0.1839,No,0.8739,0.3937
P17225_S472___1,-0.005459,No,>0.9999,0.9798
P17751_S212___1,0.08866,No,0.9566,0.6808
P18581_S621___1,0.1086,No,0.9401,0.6143
P18581_S645___1,0.03063,No,0.9899,0.887
P18608_S7___1,-0.4864,No,0.2509,0.024
P18608_S84___1,-0.2202,No,0.8187,0.307
P18653_S221___1,0.1439,No,0.9168,0.5043
P18654_S227___1,0.1215,No,0.9352,0.5729
P18654_S715___1,-0.1768,No,0.8848,0.4122
P18654_S369___1,0.2058,No,0.8443,0.3396
P18760_S3___1,-0.1785,No,0.8809,0.4077
P18760_S156___1,0.01741,No,0.9957,0.9356
P18762_S246___1,-0.1776,No,0.883,0.4101
P18762_S416___1,0.1117,No,0.9395,0.6043
P19096_S725___1,0.1819,No,0.8767,0.3989
P19182_S20___1,-0.3277,No,0.5972,0.1284
P19783_S26___1,0.05301,No,0.9785,0.8057
P20029_S650___1,-0.1714,No,0.8939,0.4266
P20152_S459___1,0.2393,No,0.7843,0.2669
P20152_S201___1,0.1951,No,0.8613,0.3654
P20152_S205___1,0.001312,No,>0.9999,0.9951
P20152_S214___1,0.2461,No,0.7701,0.2536
P20152_S430___1,0.09284,No,0.9525,0.6667
P20152_S438___1,0.3412,No,0.5672,0.1134
P20152_S299___1,0.1514,No,0.9129,0.4823
P20152_S144___1,0.4233,No,0.3745,0.0496
P20152_S412___1,-0.7525,Yes,0.0169,0.0005
P20152_S419___1,-0.01406,No,0.9978,0.948
P20152_S83___1,0.3685,No,0.4979,0.0873
P20152_S72___1,0.1142,No,0.9382,0.5963
P20152_S73___1,0.3037,No,0.6543,0.1588
P20152_S18___1,0.3822,No,0.4709,0.0762
P20152_S21___1,0.7918,Yes,0.01,0.0002
P20152_S22___1,0.1493,No,0.9129,0.4885
P20152_S26___1,0.3082,No,0.6448,0.1527
P20152_S29___1,0.263,No,0.7403,0.2225
P20152_S34___1,0.45,No,0.3159,0.0368
P20152_S278___1,-0.02071,No,0.9943,0.9235
P20152_S325___1,0.04673,No,0.9832,0.8284
P20152_S339___1,0.2995,No,0.6629,0.1647
P20152_S55___1,1.066,Yes,<0.0001,<0.0001
P20152_S56___1,0.7174,Yes,0.0262,0.0009
P20152_S65___1,0.6168,No,0.0795,0.0042
P20152_S66___1,-0.01888,No,0.9953,0.9302
P20152_S39___1,0.03527,No,0.9855,0.87
P20152_S42___1,0.2203,No,0.8185,0.3067
P20152_S47___1,0.311,No,0.6369,0.1491
P20357_S1783___1,0.005438,No,>0.9999,0.9799
P20357_S1560___1,-0.2255,No,0.8106,0.2955
P20444_S319___1,-0.2549,No,0.7535,0.2369
P21619_S401___1,0.0724,No,0.9696,0.737
P21619_S403___1,-0.009228,No,>0.9999,0.9659
P21619_S427___1,-0.2291,No,0.8053,0.2879
P21619_S383___1,1.576,Yes,<0.0001,<0.0001
P21619_S385___1,0.5253,No,0.1842,0.0148
P21619_S387___1,0.8103,Yes,0.0078,0.0002
P21981_S216___1,-0.1572,No,0.9081,0.4659
P22518_S137___1,-0.1137,No,0.9382,0.5979
P22518_S139___1,-0.1137,No,0.9382,0.5979
P22682_S692___1,0.1731,No,0.892,0.4219
P22682_S722___1,-0.4649,No,0.2875,0.031
P23116_S1149___1,-0.1477,No,0.9129,0.4932
P23116_S1028___1,0.01183,No,0.9979,0.9562
P23116_S1008___1,-0.05744,No,0.9761,0.7899
P23116_S988___1,-0.1247,No,0.9344,0.5628
P23198_S176___1,0.09586,No,0.9496,0.6565
P23198_S95___1,-0.2742,No,0.714,0.2034
P23242_S364___1,0.1036,No,0.9437,0.6308
P23242_S365___1,-0.3454,No,0.5577,0.1091
P23242_S296___1,-0.3643,No,0.5085,0.091
P23242_S297___1,-0.4762,No,0.267,0.0272
P23242_S328___1,-0.4,No,0.4278,0.0635
P23242_S306___1,0.7014,Yes,0.0312,0.0011
P23242_S314___1,0.1482,No,0.9129,0.4918
P23242_S273___1,-0.02081,No,0.9943,0.9231
P23249_S970___1,0.1162,No,0.9359,0.5898
P23249_S266___1,0.09907,No,0.9465,0.6458
P23881_S113___1,0.2086,No,0.8402,0.3331
P23881_S139___1,0.053,No,0.9785,0.8058
P23927_S19___1,-0.01365,No,0.9978,0.9495
P23949_S125___1,0.1948,No,0.8616,0.366
P23949_S127___1,-0.3494,No,0.5451,0.105
P23949_S480___1,0.0809,No,0.9643,0.7074
P23950_S192___1,-0.1633,No,0.9028,0.4486
P23950_S92___1,-0.1179,No,0.9359,0.5844
P23950_S54___1,-0.2407,No,0.7825,0.2642
P24668_S268___1,0.2923,No,0.6767,0.1751
P24788_S578___1,0.1208,No,0.9353,0.575
P24788_S65___1,-0.1238,No,0.9346,0.5657
P24788_S47___1,0.1857,No,0.8705,0.389
P24788_S234___1,-0.06405,No,0.9716,0.7664
P25206_S672___1,0.1878,No,0.8678,0.3836
P25233_S88___1,0.2679,No,0.7288,0.2138
P25233_S321___1,0.4476,No,0.3214,0.0379
P25444_S264___1,-0.1069,No,0.9406,0.6198
P25446_S220___1,0.1086,No,0.9401,0.6143
P25976_S546___1,0.03967,No,0.9834,0.854
P25976_S433___1,0.01846,No,0.9953,0.9317
P26039_S1637___1,-0.04859,No,0.9828,0.8217
P26039_S2162___1,-0.00128,No,>0.9999,0.9953
P26039_S1328___1,0.06316,No,0.973,0.7695
P26039_S1201___1,-0.01221,No,0.9979,0.9548
P26039_S425___1,0.266,No,0.7336,0.2172
P26039_S1679___1,-0.3692,No,0.4971,0.0867
P26039_S1130___1,-0.041,No,0.9833,0.8491
P26039_S883___1,-1.19,Yes,<0.0001,<0.0001
P26039_S1271___1,-0.07426,No,0.9691,0.7305
P26039_S1225___1,0.1271,No,0.9332,0.5553
P26039_S446___1,-0.4691,No,0.2794,0.0295
P26039_S2040___1,-0.07904,No,0.9653,0.7139
P26039_S729___1,0.01691,No,0.9959,0.9375
P26040_S149___1,-0.09326,No,0.9516,0.6653
P26040_S535___1,-0.07411,No,0.9691,0.731
P26040_S539___1,-0.3214,No,0.6137,0.136
P26041_S384___1,-0.2022,No,0.8483,0.3482
P26041_S576___1,-0.01922,No,0.9953,0.929
P26041_S74___1,-0.1647,No,0.901,0.4449
P26041_S468___1,0.06863,No,0.9706,0.7502
P26187_S199___1,0.2376,No,0.787,0.2704
P26231_S641___1,0.09248,No,0.9527,0.6679
P26231_S652___1,-0.002924,No,>0.9999,0.9892
P26231_S655___1,-0.02606,No,0.9915,0.9038
P26323_S39___1,-0.02013,No,0.9943,0.9256
P26323_S79___1,0.01209,No,0.9979,0.9553
P26369_S79___1,-0.02819,No,0.9906,0.8959
P26369_S2___1,-0.1013,No,0.9449,0.6383
P26443_S128___1,0.1732,No,0.892,0.4217
P26443_S153___1,0.09944,No,0.9459,0.6446
P26443_S450___1,-0.3592,No,0.5203,0.0956
P26618_S767___1,-1.147,Yes,<0.0001,<0.0001
P26645_S138___1,0.2471,No,0.7672,0.2516
P26645_S140___1,0.2184,No,0.8224,0.311
P26645_S141___1,0.1205,No,0.9353,0.5761
P26645_S113___1,0.6488,No,0.0566,0.0026
P26645_S156___1,-0.07845,No,0.9654,0.7159
P26645_S27___1,0.3265,No,0.6008,0.1299
P26645_S163___1,-0.3205,No,0.6151,0.137
P26645_S46___1,0.1299,No,0.9288,0.5467
P26687_S68___1,-0.009051,No,>0.9999,0.9665
P27046_S82___1,0.1246,No,0.9344,0.5633
P27577_S251___1,-0.02703,No,0.991,0.9002
P27659_S13___1,0.4054,No,0.4146,0.06
P27661_S140___1,-0.3159,No,0.6262,0.1428
P27773_S126___1,-0.07219,No,0.9697,0.7377
P28028_S454___1,-1.075,Yes,<0.0001,<0.0001
P28028_S135___1,0.1388,No,0.9215,0.5196
P28028_S483___1,0.01503,No,0.9976,0.9444
P28028_S766___1,-0.1556,No,0.9086,0.4703
P28028_S348___1,0.2953,No,0.6694,0.1706
P28229_S326___1,0.09476,No,0.9504,0.6602
P28352_S18___1,-0.2853,No,0.6921,0.1857
P28667_S151___1,0.2346,No,0.7932,0.2765
P28667_S36___1,0.1635,No,0.9028,0.4481
P28667_S117___1,-0.09819,No,0.9474,0.6487
P28667_S119___1,0.09726,No,0.9481,0.6518
P28667_S120___1,0.4578,No,0.2999,0.0337
P28667_S132___1,0.1221,No,0.935,0.5711
P28667_S135___1,0.2659,No,0.7336,0.2173
P28667_S22___1,0.7147,Yes,0.0268,0.0009
P28667_S104___1,-0.1082,No,0.9401,0.6158
P28700_S22___1,0.2249,No,0.8106,0.2967
P28740_S206___1,-0.02155,No,0.9935,0.9204
P28741_S689___1,-0.1169,No,0.9359,0.5875
P28862_S129___1,-0.2807,No,0.7001,0.1928
P28862_S132___1,0.8178,Yes,0.0071,0.0001
P28867_S298___1,-0.2634,No,0.7396,0.2216
P28867_S299___1,-0.1681,No,0.8976,0.4354
P29341_S51___1,0.01688,No,0.9959,0.9376
P29533_S166___1,0.0847,No,0.9608,0.6943
P30276_S397___1,0.8005,Yes,0.0089,0.0002
P30280_S271___1,0.6187,No,0.0783,0.0041
P30282_S264___1,0.08168,No,0.9643,0.7047
P30285_S300___1,0.234,No,0.7936,0.2776
P30415_S379___1,0.09169,No,0.9537,0.6706
P30415_S243___1,-0.2207,No,0.8179,0.3058
P30415_S390___1,-0.07381,No,0.9691,0.732
P30415_S468___1,-0.006301,No,>0.9999,0.9767
P30415_S470___1,0.3037,No,0.6543,0.1588
P30415_S255___1,-0.05121,No,0.9799,0.8122
P30415_S1195___1,-0.008816,No,>0.9999,0.9674
P30558_S423___1,-0.2974,No,0.6642,0.1677
P30999_S899___1,-0.2487,No,0.7653,0.2486
P31230_S99___1,0.1915,No,0.8638,0.3744
P31230_S138___1,-0.4303,No,0.3593,0.0459
P31324_S83___1,-0.01775,No,0.9955,0.9344
P31324_S85___1,0.1004,No,0.9455,0.6413
P31324_S112___1,0.02124,No,0.9938,0.9215
P31750_S124___1,0.1904,No,0.8664,0.3769
P31938_S25___1,0.1195,No,0.9358,0.5793
Q63932_S226___1,-0.3318,No,0.5892,0.1237
P33174_S1224___1,0.4622,No,0.2938,0.032
P33174_S1230___1,0.4731,No,0.272,0.0282
P33174_S952___1,0.08365,No,0.9618,0.698
P33215_S379___1,0.09994,No,0.9459,0.6429
P33609_S215___1,0.3431,No,0.5622,0.1114
P33611_S147___1,0.1714,No,0.8939,0.4266
P33611_S152___1,0.5318,No,0.1744,0.0136
P33611_S126___1,0.3366,No,0.5761,0.1184
P34022_S60___1,0.09113,No,0.9546,0.6725
P34152_S910___1,0.4741,No,0.2705,0.0278
P34152_S722___1,-0.07008,No,0.9705,0.7451
P34152_S390___1,0.04354,No,0.9833,0.8399
P34971_S417___1,-0.1953,No,0.8608,0.3648
P34971_S274___1,0.04729,No,0.9832,0.8263
P35283_S105___1,0.3459,No,0.5561,0.1085
P35283_S15___1,-0.1931,No,0.863,0.3704
P35283_S20___1,-0.0421,No,0.9833,0.8451
P35288_S187___1,-0.1314,No,0.9285,0.542
P35293_S144___1,0.2547,No,0.7539,0.2374
P35363_S298___1,0.1665,No,0.8981,0.4398
P35383_S329___1,0.06962,No,0.9706,0.7467
P35486_S232___1,-0.007629,No,>0.9999,0.9718
P35486_S293___1,0.01821,No,0.9954,0.9327
P35486_S300___1,0.08778,No,0.9574,0.6839
P35505_S417___1,0.1092,No,0.9401,0.6124
P35550_S132___1,-1.209,Yes,<0.0001,<0.0001
P35564_S582___1,0.1008,No,0.9451,0.64
P35564_S563___1,-0.06201,No,0.974,0.7736
P35569_S325___1,-0.09619,No,0.9496,0.6554
P35569_S336___1,-0.3904,No,0.4517,0.0701
P35569_S343___1,0.01932,No,0.9953,0.9286
P35569_S1097___1,-0.3462,No,0.5556,0.1082
P35569_S632___1,0.05925,No,0.9747,0.7834
P35569_S857___1,-0.1956,No,0.86,0.3641
P35569_S369___1,-0.3439,No,0.5618,0.1107
P35569_S765___1,-0.4206,No,0.3795,0.051
P35569_S265___1,-0.1924,No,0.8633,0.3721
P35569_S887___1,-0.1685,No,0.8976,0.4343
P35569_S318___1,-0.6781,Yes,0.0409,0.0017
P35583_S438___1,0.2621,No,0.7425,0.224
P35639_S81___1,0.3492,No,0.5457,0.1052
P35689_S572___1,-0.1368,No,0.9234,0.5255
P35689_S704___1,0.1352,No,0.9234,0.5304
P35689_S705___1,0.4287,No,0.3634,0.0467
P35689_S341___1,0.2776,No,0.7078,0.1978
P35689_S384___1,0.2451,No,0.7737,0.2555
P35802_S267___1,-0.3281,No,0.5967,0.1279
P35802_S270___1,-0.2746,No,0.7136,0.2026
P35821_S50___1,0.1488,No,0.9129,0.4899
P35822_S868___1,-0.145,No,0.9163,0.5011
P35831_S734___1,0.1342,No,0.9249,0.5335
P35831_S331___1,0.03014,No,0.99,0.8888
P35831_S434___1,-0.1153,No,0.9365,0.5928
P35831_S673___1,-0.1226,No,0.9347,0.5695
P35831_S19___1,-0.05648,No,0.9768,0.7933
P35831_S396___1,0.0627,No,0.9734,0.7711
P35917_S953___1,0.3375,No,0.5757,0.1174
P35917_S1296___1,-0.003179,No,>0.9999,0.9882
P35979_S38___1,0.1239,No,0.9344,0.5655
P35980_S130___1,-0.06098,No,0.9747,0.7772
P36916_S324___1,0.237,No,0.7885,0.2715
P36916_S51___1,0.1472,No,0.9132,0.4947
P37172_S226___1,0.3138,No,0.6314,0.1455
P37804_S181___1,-0.05404,No,0.9779,0.8021
P37804_S186___1,-0.2803,No,0.7008,0.1935
P37889_S415___1,-0.04228,No,0.9833,0.8445
P37889_S574___1,0.001983,No,>0.9999,0.9927
P37913_S911___1,0.357,No,0.5261,0.0977
P37913_S51___1,0.7601,Yes,0.0151,0.0004
P38647_S148___1,-0.06568,No,0.9712,0.7606
P39447_S1614___1,0.4447,No,0.3272,0.0391
P39447_S1616___1,0.2148,No,0.8291,0.319
P39447_S1115___1,-0.4731,No,0.272,0.0282
P39447_S1123___1,-0.6694,Yes,0.0454,0.0019
P39447_S212___1,-0.2073,No,0.8427,0.3363
P39447_S1138___1,0.176,No,0.8857,0.4141
P39447_S1567___1,0.04991,No,0.9814,0.8169
P39447_S1411___1,0.2914,No,0.6784,0.1764
P39447_S912___1,-0.135,No,0.9236,0.5312
P39447_S617___1,-0.07237,No,0.9696,0.7371
P39447_S125___1,-0.1401,No,0.9206,0.5158
P39447_S131___1,-0.02718,No,0.991,0.8996
P39447_S1051___1,-0.1495,No,0.9129,0.4879
P39447_S178___1,-0.7736,Yes,0.0128,0.0003
P39688_S21___1,-0.1352,No,0.9235,0.5305
P39688_S26___1,-0.2518,No,0.7593,0.2427
P40201_S1678___1,0.3023,No,0.6561,0.1608
P40201_S1684___1,0.2539,No,0.755,0.2388
P40201_S1619___1,0.356,No,0.5284,0.0986
P40201_S1079___1,-0.3058,No,0.6494,0.156
P40201_S1083___1,0.3104,No,0.6386,0.1498
P40201_S1088___1,0.3174,No,0.6218,0.1408
P40201_S1094___1,0.1058,No,0.941,0.6235
P40201_S1690___1,0.0662,No,0.9712,0.7587
P40336_S315___1,-0.03638,No,0.9853,0.866
P40338_S7___1,0.0384,No,0.9839,0.8586
P40694_S800___1,-0.2712,No,0.7194,0.2083
P41105_S68___1,-0.9058,Yes,0.0019,<0.0001
P41183_S405___1,0.2984,No,0.6642,0.1663
P41183_S334___1,0.006528,No,>0.9999,0.9758
P42128_S431___1,0.4944,No,0.235,0.0218
P42128_S87___1,0.0813,No,0.9643,0.706
P42128_S406___1,0.2025,No,0.8483,0.3475
P42128_S243___1,0.1923,No,0.8633,0.3724
P42208_S218___1,0.006012,No,>0.9999,0.9777
P42208_S352___1,-0.0578,No,0.9757,0.7886
P42225_S727___1,0.4722,No,0.2734,0.0285
P42227_S727___1,0.4204,No,0.3801,0.0511
P42230_S128___1,0.1351,No,0.9235,0.5307
P42230_S779___1,0.09345,No,0.9513,0.6646
P42232_S128___1,-0.442,No,0.3344,0.0403
P42669_S255___1,-0.08587,No,0.96,0.6904
P42859_S411___1,0.1791,No,0.88,0.4062
P42859_S1853___1,0.4068,No,0.4119,0.0591
P42932_S23___1,0.01352,No,0.9978,0.95
P42932_S317___1,0.2386,No,0.7854,0.2683
P43136_S41___1,0.2354,No,0.7922,0.2749
P43136_S143___1,0.4693,No,0.2792,0.0295
P43247_S921___1,-0.02749,No,0.9909,0.8985
P43274_S2___1,0.2024,No,0.8483,0.3477
P43346_S11___1,0.5758,No,0.1184,0.0076
P43406_S1042___1,-0.1214,No,0.9353,0.5733
P45481_S1077___1,0.07962,No,0.9652,0.7118
P45481_S1764___1,-0.1584,No,0.9073,0.4623
P45591_S3___1,-0.1626,No,0.9028,0.4507
P46061_S430___1,0.2064,No,0.8443,0.3383
P46062_S72___1,-0.369,No,0.4973,0.0869
P46062_S309___1,-0.04751,No,0.983,0.8255
P46062_S53___1,0.08392,No,0.9613,0.697
P46062_S65___1,0.2932,No,0.6741,0.1737
P46062_S903___1,-0.2072,No,0.8427,0.3363
P46062_S907___1,-0.06158,No,0.9747,0.7751
P46414_S178___1,-0.1098,No,0.9401,0.6105
P46414_S12___1,-0.2847,No,0.6926,0.1866
P46460_S739___1,-0.2062,No,0.8443,0.3387
P46460_S207___1,0.1337,No,0.9249,0.5349
P46467_S102___1,-0.04877,No,0.9828,0.821
P46638_S78___1,0.2677,No,0.7291,0.2143
P46656_S67___1,0.1671,No,0.8976,0.4382
P46664_S25___1,0.09815,No,0.9474,0.6489
P46694_S18___1,0.09816,No,0.9474,0.6488
P46694_S31___1,0.1388,No,0.9215,0.5196
P46935_S543___1,-0.0009864,No,>0.9999,0.9963
P46935_S456___1,0.07081,No,0.9703,0.7425
P46935_S309___1,-0.3237,No,0.6084,0.1331
P46938_S94___1,0.124,No,0.9344,0.5653
P46938_S274___1,0.1587,No,0.9072,0.4617
P46938_S352___1,0.0589,No,0.9749,0.7846
P46938_S367___1,0.3194,No,0.6172,0.1385
P46938_S404___1,0.1231,No,0.9347,0.5679
P46938_S415___1,0.1764,No,0.8849,0.4131
P47713_S726___1,0.04057,No,0.9834,0.8507
P47713_S728___1,0.3643,No,0.5085,0.091
P47713_S515___1,-0.1594,No,0.9057,0.4597
P47713_S437___1,0.2553,No,0.7535,0.2363
P47754_S9___1,0.0358,No,0.9855,0.8681
P47757_S263___1,-0.6471,No,0.0576,0.0027
P47758_S255___1,-0.2598,No,0.7448,0.2281
P47809_S88___1,0.1879,No,0.8678,0.3833
P47810_S150___1,0.556,No,0.1423,0.0099
P47857_S377___1,0.1202,No,0.9353,0.5771
P47915_S138___1,-0.2559,No,0.7522,0.2352
P47915_S66___1,-0.03257,No,0.988,0.8799
P47930_S120___1,0.5267,No,0.1828,0.0145
P47930_S19___1,-0.188,No,0.8678,0.383
P47930_S230___1,0.07652,No,0.9677,0.7226
P47930_S200___1,0.1475,No,0.9129,0.4938
P47930_S320___1,0.1826,No,0.8765,0.3969
P47955_S101___1,0.3779,No,0.4799,0.0795
P47955_S104___1,0.3196,No,0.6164,0.1382
P47963_S4___1,0.002876,No,>0.9999,0.9894
P47963_S106___1,0.3822,No,0.4709,0.0762
P48678_S617___1,-0.01431,No,0.9978,0.9471
P48678_S12___1,-0.01238,No,0.9979,0.9542
P48678_S17___1,0.1505,No,0.9129,0.485
P48678_S22___1,0.3356,No,0.5786,0.1195
P48678_S573___1,0.09308,No,0.952,0.6659
P48678_S575___1,-0.2298,No,0.8048,0.2864
P48678_S301___1,-0.1175,No,0.9359,0.5855
P48678_S66___1,0.01426,No,0.9978,0.9472
P48678_S94___1,-0.1602,No,0.9045,0.4574
P48678_S277___1,-0.0994,No,0.9459,0.6447
P48678_S282___1,0.003043,No,>0.9999,0.9887
P48678_S429___1,-0.0838,No,0.9616,0.6975
P48678_S390___1,-0.1137,No,0.9382,0.5979
P48678_S392___1,-0.01121,No,0.9985,0.9585
P48678_S395___1,0.1732,No,0.892,0.4217
P48678_S107___1,0.2749,No,0.7125,0.2022
P48678_S458___1,0.101,No,0.9449,0.6394
P48678_S463___1,0.1277,No,0.9322,0.5535
P48678_S398___1,0.2311,No,0.8024,0.2837
P48678_S546___1,-0.1475,No,0.9129,0.4937
P48678_S212___1,-0.04654,No,0.9832,0.829
P48678_S629___1,-0.01991,No,0.9945,0.9264
P48678_S633___1,-0.1003,No,0.9455,0.6416
P48678_S637___1,0.5448,No,0.1579,0.0115
P48678_S533___1,-0.06264,No,0.9734,0.7713
P48678_S51___1,0.08762,No,0.9574,0.6844
P48722_S74___1,-0.4313,No,0.3575,0.0454
P48725_S1437___1,-0.1464,No,0.9138,0.4971
P48725_S2820___1,0.07651,No,0.9677,0.7226
P48754_S706___1,0.2357,No,0.7922,0.2742
P48754_S717___1,-0.03022,No,0.99,0.8885
P48754_S1422___1,0.3498,No,0.5446,0.1046
P48754_S967___1,0.6732,Yes,0.0433,0.0018
P48754_S686___1,0.6058,No,0.0904,0.0049
P48755_S101___1,0.433,No,0.3529,0.0446
P48758_S30___1,-0.08746,No,0.9574,0.6849
P48962_S149___1,0.08643,No,0.9594,0.6884
P48962_S150___1,0.06799,No,0.9706,0.7524
P48997_S268___1,-0.1495,No,0.9129,0.4881
P48997_S283___1,0.01806,No,0.9955,0.9332
P49025_S1999___1,0.138,No,0.9233,0.5221
P49025_S2021___1,-0.2172,No,0.8245,0.3137
P49025_S698___1,-0.2501,No,0.7623,0.246
P49025_S581___1,0.8891,Yes,0.0024,<0.0001
P49070_S53___1,-0.1791,No,0.88,0.406
P49070_S55___1,-0.0219,No,0.9929,0.9191
P49070_S88___1,-0.1299,No,0.9288,0.5466
P49117_S219___1,0.104,No,0.9434,0.6295
P49117_S19___1,0.01059,No,0.9985,0.9608
P49135_S34___1,-0.116,No,0.9359,0.5904
P49138_S5___1,-0.03202,No,0.9888,0.8819
P49282_S567___1,0.04392,No,0.9833,0.8386
P49312_S285___1,0.1757,No,0.8871,0.4151
P49312_S286___1,0.1367,No,0.9234,0.5258
P49312_S312___1,0.08,No,0.9645,0.7105
P49312_S316___1,-0.2861,No,0.6902,0.1844
P49312_S6___1,0.304,No,0.6535,0.1585
P49443_S375___1,0.1393,No,0.9208,0.5181
P49443_S377___1,0.05071,No,0.9806,0.814
P49452_S699___1,-0.1556,No,0.9086,0.4704
P49452_S158___1,-0.664,Yes,0.0482,0.0021
P49586_S362___1,0.1256,No,0.9335,0.56
P49586_S331___1,-0.1178,No,0.9359,0.5847
P49586_S343___1,0.05852,No,0.9752,0.786
P49586_S347___1,-0.03371,No,0.9869,0.8757
P49717_S130___1,0.206,No,0.8443,0.3392
P49717_S119___1,0.1085,No,0.9401,0.6148
P49717_S32___1,0.304,No,0.6535,0.1584
P49718_S315___1,0.04214,No,0.9833,0.845
P49769_S365___1,-0.1673,No,0.8976,0.4377
P49769_S367___1,0.06409,No,0.9716,0.7662
P49769_S371___1,0.1197,No,0.9358,0.5785
P49769_S329___1,0.1087,No,0.9401,0.6141
P49769_S346___1,0.0958,No,0.9496,0.6567
P49769_S57___1,0.001539,No,>0.9999,0.9943
P49817_S9___1,-0.1036,No,0.9437,0.6307
P50136_S334___1,-0.6243,No,0.073,0.0038
P50171_S58___1,-0.4693,No,0.2792,0.0295
P50285_S403___1,-0.3735,No,0.4902,0.0831
P50580_S375___1,0.09015,No,0.9556,0.6758
P50580_S383___1,0.1644,No,0.9017,0.4457
P50636_S274___1,-0.541,No,0.1623,0.0121
P50636_S66___1,-0.1969,No,0.8583,0.3611
P50636_S284___1,-0.001071,No,>0.9999,0.996
P51125_S165___1,0.1374,No,0.9234,0.5239
P51125_S518___1,-0.5015,No,0.2243,0.02
P51125_S81___1,0.08065,No,0.9643,0.7083
P51141_S194___1,0.07027,No,0.9704,0.7444
P51141_S679___1,0.07572,No,0.9686,0.7254
P51141_S93___1,0.02246,No,0.9928,0.917
P51150_S72___1,-0.2234,No,0.8128,0.3
P51432_S1009___1,0.0313,No,0.9889,0.8845
P51432_S537___1,-0.1972,No,0.8576,0.3601
P51480_S164___1,-0.3688,No,0.4973,0.0871
P51612_S93___1,-0.8269,Yes,0.0064,0.0001
P51660_S308___1,0.3822,No,0.4709,0.0762
P51830_S613___1,0.09961,No,0.9459,0.644
P51859_S165___1,0.1207,No,0.9353,0.5755
P51859_S236___1,0.0677,No,0.9706,0.7535
P51912_S506___1,0.214,No,0.8291,0.3208
P51912_S551___1,-0.1847,No,0.8725,0.3915
P51949_S279___1,-0.01972,No,0.9948,0.9271
P51954_S1071___1,0.07077,No,0.9703,0.7427
P51954_S750___1,-0.07841,No,0.9655,0.716
P52293_S55___1,0.2568,No,0.7503,0.2336
P52293_S62___1,0.5387,No,0.165,0.0124
P52332_S568___1,-0.01163,No,0.9979,0.957
P52332_S228___1,-0.1771,No,0.8846,0.4114
P52479_S359___1,-0.1534,No,0.9111,0.4766
P52479_S208___1,0.1277,No,0.9323,0.5536
P52480_S434___1,-0.2031,No,0.8483,0.3462
P52480_S519___1,0.1135,No,0.9385,0.5984
P52480_S77___1,-0.0429,No,0.9833,0.8422
P52592_S330___1,-0.288,No,0.6846,0.1815
P52734_S135___1,0.1874,No,0.868,0.3846
P52734_S364___1,0.0814,No,0.9643,0.7057
P52734_S82___1,0.01856,No,0.9953,0.9314
P52795_S280___1,0.01635,No,0.9965,0.9395
P52795_S282___1,-0.2568,No,0.7503,0.2334
P52800_S287___1,0.1628,No,0.9028,0.45
P52927_S14___1,-0.4203,No,0.3802,0.0512
P52927_S100___1,-0.3974,No,0.4351,0.0653
P52927_S104___1,-0.2529,No,0.7571,0.2407
P52927_S44___1,-0.079,No,0.9653,0.714
P52963_S389___1,-0.2756,No,0.7111,0.2011
P52963_S393___1,-0.214,No,0.8291,0.3207
P52963_S304___1,-0.3767,No,0.4836,0.0806
P52963_S448___1,0.006183,No,>0.9999,0.9771
P52963_S433___1,-0.65,No,0.0559,0.0026
P52963_S543___1,-0.4676,No,0.2831,0.0301
P52963_S511___1,-0.2293,No,0.8053,0.2875
P53349_S518___1,0.1154,No,0.9365,0.5925
P53349_S142___1,0.1744,No,0.8892,0.4185
P53349_S999___1,0.0006434,No,>0.9999,0.9976
P53349_S287___1,-0.07498,No,0.9691,0.7279
P53668_S298___1,0.07393,No,0.9691,0.7316
P53668_S323___1,-0.1626,No,0.9028,0.4508
P53690_S577___1,0.06859,No,0.9706,0.7503
P53762_S77___1,-0.1487,No,0.9129,0.4904
P53762_S45___1,0.2001,No,0.8506,0.3532
P53986_S477___1,0.3321,No,0.5889,0.1234
P53986_S483___1,-0.1853,No,0.8712,0.3899
P53986_S491___1,0.05949,No,0.9747,0.7826
P53986_S461___1,0.1899,No,0.8667,0.3782
P53986_S213___1,0.192,No,0.8634,0.373
P53986_S210___1,-0.523,No,0.1868,0.0152
P53994_S70___1,-0.09353,No,0.9513,0.6644
P53995_S355___1,0.2544,No,0.754,0.2379
P53995_S699___1,0.4454,No,0.3257,0.0388
P53995_S703___1,0.2808,No,0.7001,0.1926
P53995_S688___1,0.2075,No,0.8427,0.3358
P53995_S1058___1,0.242,No,0.7807,0.2616
P54116_S141___1,0.1212,No,0.9353,0.574
P54227_S16___1,0.1066,No,0.9407,0.6208
P54227_S25___1,0.7118,Yes,0.0276,0.001
P54227_S46___1,0.09196,No,0.9537,0.6697
P54254_S87___1,0.1984,No,0.8541,0.3573
P54254_S382___1,0.09624,No,0.9496,0.6553
P54254_S384___1,-0.0424,No,0.9833,0.8441
P54254_S342___1,0.07507,No,0.9691,0.7276
P54254_S751___1,-0.06292,No,0.973,0.7704
P54276_S63___1,-0.04493,No,0.9833,0.8349
P54276_S137___1,0.2979,No,0.6642,0.167
P54279_S569___1,0.04553,No,0.9833,0.8327
P54731_S581___1,0.03817,No,0.984,0.8595
P54754_S790___1,0.01419,No,0.9978,0.9475
P54761_S769___1,0.1308,No,0.9286,0.544
P54763_S776___1,0.2732,No,0.7159,0.205
P54823_S475___1,0.2144,No,0.8291,0.3198
P54843_S365___1,-0.02618,No,0.9915,0.9033
P55012_S74___1,-0.3318,No,0.5892,0.1238
P55086_S377___1,0.1081,No,0.9401,0.6159
P55194_S262___1,0.2086,No,0.8402,0.3332
P55194_S535___1,0.1205,No,0.9353,0.576
P55194_S632___1,0.7423,Yes,0.019,0.0006
P55194_S589___1,-0.1373,No,0.9234,0.5243
P55258_S185___1,-0.7248,Yes,0.0238,0.0008
P55288_S788___1,0.14,No,0.9206,0.516
P55937_S381___1,0.1801,No,0.8787,0.4034
P55937_S60___1,-0.3353,No,0.5786,0.1198
P55937_S1479___1,0.00129,No,>0.9999,0.9952
P56212_S62___1,-0.3439,No,0.5618,0.1106
P56395_S90___1,0.2503,No,0.7623,0.2456
P56485_S350___1,0.4386,No,0.3417,0.0419
P56695_S158___1,0.007812,No,>0.9999,0.9711
P56726_S774___1,-0.2913,No,0.6784,0.1765
P56726_S791___1,-0.3192,No,0.6176,0.1387
P56812_S119___1,0.1278,No,0.9322,0.5533
P56818_S498___1,0.001951,No,>0.9999,0.9928
P57680_S987___1,-0.4551,No,0.3044,0.0347
P57680_S978___1,-0.1557,No,0.9086,0.47
P57776_S133___1,0.4002,No,0.4277,0.0634
P57776_S162___1,0.179,No,0.88,0.4064
P57776_S113___1,0.08374,No,0.9616,0.6976
P57776_S119___1,0.283,No,0.6976,0.1891
P57780_S424___1,0.002381,No,>0.9999,0.9912
P57780_S508___1,0.03912,No,0.9834,0.856
P57780_S368___1,-0.01529,No,0.9976,0.9434
P57780_S376___1,0.3218,No,0.6132,0.1355
P57780_S382___1,0.1315,No,0.9284,0.5418
P57780_S910___1,0.002074,No,>0.9999,0.9923
P57784_S236___1,0.2343,No,0.7935,0.277
P57784_S239___1,-0.0006704,No,>0.9999,0.9975
P57787_S469___1,-0.3646,No,0.5083,0.0907
P58058_S64___1,0.08843,No,0.9566,0.6816
P58069_S554___1,-0.1114,No,0.9395,0.6053
P58252_S48___1,0.08038,No,0.9643,0.7092
P58462_S468___1,0.3562,No,0.5278,0.0984
P58468_S38___1,-0.1219,No,0.9352,0.5718
P58501_S264___1,0.3395,No,0.5701,0.1153
P58660_S629___1,-0.1216,No,0.9352,0.5727
P58686_S82___1,0.2582,No,0.7478,0.231
P58742_S495___1,-0.05366,No,0.9779,0.8034
P58801_S411___1,0.1512,No,0.9129,0.4829
P58801_S178___1,0.9127,Yes,0.0017,<0.0001
P58801_S364___1,0.3173,No,0.6222,0.141
P58802_S407___1,-0.3021,No,0.6562,0.161
P58802_S409___1,-0.1421,No,0.9194,0.5096
P58802_S18___1,0.1778,No,0.8827,0.4095
P58802_S40___1,0.03577,No,0.9855,0.8682
P58802_S43___1,0.1521,No,0.9129,0.4803
P58802_S45___1,-0.1447,No,0.9166,0.5022
P58802_S383___1,0.01754,No,0.9955,0.9352
P58854_S894___1,0.4256,No,0.3689,0.0483
P58871_S713___1,0.1603,No,0.9045,0.4571
P58871_S1593___1,0.137,No,0.9234,0.5251
P58871_S1611___1,0.04159,No,0.9833,0.847
P58871_S1612___1,-0.02772,No,0.9907,0.8977
P58871_S887___1,0.007397,No,>0.9999,0.9726
P58871_S876___1,-0.01341,No,0.9978,0.9504
P58871_S568___1,0.2825,No,0.6987,0.19
P58871_S1040___1,0.104,No,0.9434,0.6296
P58871_S1241___1,0.1495,No,0.9129,0.488
P58871_S866___1,0.174,No,0.8899,0.4196
P58871_S869___1,0.1383,No,0.923,0.5212
P58871_S1022___1,0.4607,No,0.296,0.0326
P58871_S178___1,0.03582,No,0.9855,0.868
P58871_S602___1,0.2824,No,0.6987,0.1902
P58871_S796___1,-0.04814,No,0.983,0.8233
P58871_S807___1,-0.1119,No,0.9395,0.6037
P58871_S911___1,-0.3705,No,0.4954,0.0857
P58871_S912___1,-0.2751,No,0.7118,0.2018
P58871_S152___1,-0.2104,No,0.8369,0.3291
P58871_S300___1,0.03953,No,0.9834,0.8545
P58871_S496___1,0.09006,No,0.9556,0.6761
P58871_S1212___1,-0.2253,No,0.8106,0.2959
P58871_S1223___1,0.06187,No,0.9743,0.7741
P58871_S1063___1,0.04698,No,0.9832,0.8275
P58871_S247___1,-0.00196,No,>0.9999,0.9927
P58871_S1290___1,0.361,No,0.5158,0.094
P58871_S1657___1,-0.4427,No,0.3328,0.04
P58871_S429___1,0.1202,No,0.9353,0.577
P58871_S1136___1,0.1581,No,0.9073,0.4632
P58871_S976___1,0.00891,No,>0.9999,0.967
P58871_S980___1,0.2947,No,0.6711,0.1716
P58871_S1437___1,0.009606,No,0.9993,0.9645
P58871_S1375___1,0.03779,No,0.9843,0.8608
P58871_S214___1,-0.1574,No,0.9081,0.4653
P58871_S1645___1,-0.01113,No,0.9985,0.9588
P58871_S1131___1,-0.1057,No,0.9411,0.6238
P58871_S692___1,0.3899,No,0.4527,0.0705
P58873_S106___1,0.2467,No,0.7682,0.2524
P59017_S377___1,-0.03171,No,0.9888,0.883
Q3TJZ6_S258___1,0.05071,No,0.9806,0.814
P59110_S157___1,0.06884,No,0.9706,0.7495
P59114_S116___1,-0.1689,No,0.8976,0.4333
P59222_S672___1,-0.2725,No,0.7166,0.2062
P59222_S692___1,0.04237,No,0.9833,0.8442
P59222_S710___1,-0.03607,No,0.9853,0.8671
P59222_S638___1,-0.1648,No,0.901,0.4446
P59222_S640___1,-0.1182,No,0.9359,0.5836
P59222_S755___1,-0.461,No,0.2957,0.0325
P59240_S475___1,-0.1624,No,0.9028,0.4513
P59242_S445___1,-0.4235,No,0.3745,0.0495
P59242_S250___1,-0.1791,No,0.88,0.4059
P59242_S254___1,-0.3118,No,0.6348,0.1481
P59242_S268___1,-0.3914,No,0.4492,0.0694
P59242_S520___1,-0.09093,No,0.9546,0.6731
P59242_S129___1,-0.07398,No,0.9691,0.7314
P59242_S131___1,-0.3544,No,0.5312,0.1001
P59325_S388___1,0.5041,No,0.2196,0.0194
P59328_S821___1,0.178,No,0.8821,0.4089
P59328_S377___1,0.8025,Yes,0.0087,0.0002
P59383_S431___1,-0.003865,No,>0.9999,0.9857
P59672_S903___1,-0.0735,No,0.9691,0.7331
P59672_S693___1,0.05891,No,0.9749,0.7846
P59672_S663___1,-0.005184,No,>0.9999,0.9808
P59672_S642___1,0.06836,No,0.9706,0.7511
P59759_S66___1,-0.1831,No,0.8762,0.3955
P59759_S209___1,-0.002375,No,>0.9999,0.9912
P59759_S537___1,0.5014,No,0.2243,0.02
P59808_S500___1,-0.1521,No,0.9129,0.4805
P59808_S718___1,0.05389,No,0.9779,0.8026
P59808_S723___1,0.1738,No,0.8903,0.42
P59808_S163___1,-0.07203,No,0.9697,0.7383
P59808_S83___1,0.1248,No,0.9344,0.5627
P59808_S831___1,0.2535,No,0.7562,0.2397
P59808_S805___1,0.4446,No,0.3273,0.0391
P59808_S130___1,-0.215,No,0.8291,0.3184
P59808_S400___1,0.0135,No,0.9978,0.9501
P59941_S317___1,0.09104,No,0.9546,0.6728
P59997_S444___1,0.1994,No,0.8511,0.355
P59997_S692___1,0.1039,No,0.9437,0.6299
P59997_S558___1,0.03074,No,0.9899,0.8866
P59997_S868___1,0.4604,No,0.2961,0.0327
P59997_S28___1,0.1498,No,0.9129,0.4872
P59997_S718___1,0.1117,No,0.9395,0.6045
P59997_S422___1,-0.1897,No,0.8667,0.3789
P60229_S399___1,0.2943,No,0.6717,0.1721
P60330_S1504___1,0.1467,No,0.9138,0.4962
P60335_S173___1,0.04251,No,0.9833,0.8437
P60335_S246___1,0.2046,No,0.8466,0.3426
P60335_S264___1,0.3301,No,0.5933,0.1256
P60335_S190___1,0.2157,No,0.8273,0.317
P60710_S33___1,0.7466,Yes,0.0181,0.0005
P60710_S52___1,-0.02866,No,0.9906,0.8942
P60710_S60___1,0.1366,No,0.9234,0.5262
P60710_S233___1,-0.04755,No,0.983,0.8254
P60710_S368___1,0.2867,No,0.6888,0.1835
P60766_S124___1,-0.2626,No,0.7406,0.2232
P60904_S10___1,0.1368,No,0.9234,0.5255
P61028_S182___1,-0.2513,No,0.7611,0.2437
P61028_S183___1,0.00121,No,>0.9999,0.9955
P61255_S23___1,0.221,No,0.8179,0.3053
P61406_S830___1,-0.04346,No,0.9833,0.8402
P61406_S266___1,-0.6877,Yes,0.0364,0.0014
P61406_S239___1,-0.2399,No,0.7836,0.2658
P61620_S408___1,0.1202,No,0.9353,0.577
P61750_S147___1,0.07983,No,0.9647,0.7111
P61982_S71___1,0.2383,No,0.7861,0.2689
P62071_S186___1,0.009542,No,0.9993,0.9647
P62137_S325___1,-0.08843,No,0.9566,0.6816
P62274_S9___1,0.1442,No,0.9168,0.5036
P62281_S67___1,0.4851,No,0.2521,0.0244
P62484_S190___1,-0.7328,Yes,0.0214,0.0007
P62484_S301___1,0.2186,No,0.8219,0.3106
P62484_S221___1,0.1226,No,0.9347,0.5695
P62484_S177___1,0.1648,No,0.901,0.4446
P62700_S118___1,-0.04783,No,0.983,0.8244
P62702_S204___1,-0.05831,No,0.9753,0.7868
P62717_S123___1,0.07153,No,0.9697,0.74
P62717_S71___1,0.2074,No,0.8427,0.336
P62754_S235___1,-0.07476,No,0.9691,0.7287
P62754_S236___1,-0.3397,No,0.57,0.1151
P62806_S48___1,-0.1681,No,0.8976,0.4355
P62821_S78___1,-0.1889,No,0.8674,0.3808
P62821_S79___1,0.2415,No,0.781,0.2625
P62827_S135___1,-0.1765,No,0.8848,0.4129
Q99JI6_S11___1,0.1218,No,0.9352,0.5721
P62858_S23___1,-0.5328,No,0.1729,0.0134
P62874_S31___1,0.04189,No,0.9833,0.8459
P62889_S10___1,0.3828,No,0.4699,0.0758
P62915_S76___1,0.05078,No,0.9806,0.8138
P62960_S311___1,0.3764,No,0.4843,0.0808
P62960_S312___1,-0.03203,No,0.9888,0.8819
P62960_S172___1,-0.2716,No,0.7182,0.2076
P62960_S174___1,0.2059,No,0.8443,0.3395
P62960_S163___1,0.04873,No,0.9828,0.8211
P62960_S165___1,-0.4943,No,0.235,0.0218
P62960_S207___1,-0.2248,No,0.8106,0.297
P62983_S57___1,-0.2152,No,0.8287,0.3182
P62996_S264___1,0.3678,No,0.4997,0.088
P62996_S266___1,-0.2572,No,0.7503,0.2328
P63005_S109___1,0.2264,No,0.809,0.2935
P63013_S21___1,0.005515,No,>0.9999,0.9796
P63017_S329___1,0.275,No,0.7125,0.2021
P63017_S638___1,0.07328,No,0.9694,0.7339
P63017_S2___1,0.154,No,0.9104,0.475
P63024_S67___1,0.06227,No,0.974,0.7727
P63030_S47___1,-0.3692,No,0.4972,0.0868
P63038_S70___1,0.1768,No,0.8848,0.4121
P63073_S209___1,0.2927,No,0.6759,0.1745
P63085_S358___1,0.04005,No,0.9834,0.8526
P63101_S230___1,-0.009572,No,0.9993,0.9646
P63101_S110___1,-0.115,No,0.9371,0.5938
P63154_S689___1,0.09763,No,0.9481,0.6506
P63154_S342___1,-0.5461,No,0.1563,0.0113
P63158_S35___1,0.1598,No,0.9052,0.4584
P63158_S100___1,0.014,No,0.9978,0.9482
P63166_S2___1,0.4585,No,0.2985,0.0334
P63276_S113___1,0.01285,No,0.9978,0.9525
P63325_S146___1,-0.04339,No,0.9833,0.8405
P67778_S151___1,0.1624,No,0.9028,0.4511
P67871_S209___1,0.1499,No,0.9129,0.4869
P68254_S232___1,0.1246,No,0.9344,0.5633
P68372_S278___1,0.0357,No,0.9855,0.8685
P68373_S439___1,-0.2183,No,0.8224,0.3113
P84228_S29___1,-0.2124,No,0.8331,0.3244
P68510_S235___1,-0.04199,No,0.9833,0.8455
P70174_S344___1,0.1698,No,0.8967,0.4309
P70180_S528___1,-1.127,Yes,<0.0001,<0.0001
P70182_S443___1,-0.1661,No,0.8986,0.441
P70182_S453___1,-0.6594,No,0.0508,0.0022
P70182_S455___1,-1.342,Yes,<0.0001,<0.0001
P70182_S458___1,-0.09746,No,0.9481,0.6512
P70195_S277___1,0.1106,No,0.9398,0.6078
P70196_S291___1,0.2432,No,0.7771,0.2591
P70205_S462___1,-0.1051,No,0.9419,0.6258
P70206_S1670___1,0.01771,No,0.9955,0.9345
P70206_S1630___1,-0.7282,Yes,0.0228,0.0007
P70206_S1633___1,-0.9541,Yes,0.0008,<0.0001
P70207_S1630___1,0.5138,No,0.2034,0.0171
P70207_S1633___1,0.1715,No,0.8939,0.4263
P70210_S148___1,-0.02373,No,0.9922,0.9123
P70227_S1152___1,-0.145,No,0.9163,0.5012
P70227_S1832___1,0.0285,No,0.9906,0.8948
P70227_S934___1,0.4897,No,0.2435,0.0231
P70227_S2669___1,-0.09782,No,0.9478,0.65
P70227_S916___1,0.6307,No,0.0679,0.0034
P70261_S409___1,0.02192,No,0.9929,0.919
P70265_S469___1,0.1432,No,0.9184,0.5066
P70265_S486___1,-0.1153,No,0.9365,0.5927
Q8BWW9_S496___1,-0.6818,Yes,0.039,0.0016
P70268_S540___1,0.1819,No,0.8767,0.3987
P70268_S920___1,-0.1339,No,0.9249,0.5346
P70271_S111___1,0.1095,No,0.9401,0.6113
P70271_S119___1,0.2614,No,0.7433,0.2252
P70271_S124___1,0.01283,No,0.9978,0.9525
P70271_S229___1,-0.477,No,0.2658,0.0269
P70279_S97___1,0.07074,No,0.9703,0.7428
P70288_S422___1,0.2847,No,0.6926,0.1865
P70288_S424___1,0.1068,No,0.9407,0.6204
P70288_S394___1,0.3073,No,0.6459,0.154
P70290_S110___1,-0.5374,No,0.1668,0.0127
P70296_S52___1,-0.1818,No,0.8767,0.3991
P70302_S257___1,0.08528,No,0.9608,0.6924
P70302_S660___1,-0.2766,No,0.7095,0.1994
P70302_S667___1,0.4655,No,0.2868,0.0308
P70302_S668___1,0.4387,No,0.3414,0.0418
P70302_S575___1,-0.2937,No,0.6728,0.173
P70333_S104___1,0.3193,No,0.6175,0.1386
P70335_S456___1,-0.4364,No,0.3446,0.0429
P70335_S1102___1,-0.6495,No,0.0562,0.0026
P70335_S1105___1,0.1519,No,0.9129,0.481
P70335_S1328___1,-0.1537,No,0.9106,0.4757
P70335_S417___1,-0.1305,No,0.9286,0.545
P70335_S418___1,-0.0466,No,0.9832,0.8288
P70336_S1374___1,-1.103,Yes,<0.0001,<0.0001
P70336_S1362___1,-0.04594,No,0.9833,0.8312
P97454_S133___1,0.02584,No,0.9915,0.9046
P70351_S388___1,-0.1291,No,0.9301,0.5492
P70372_S202___1,0.3432,No,0.5622,0.1113
P70388_S237___1,0.2198,No,0.8192,0.3078
P70392_S633___1,0.182,No,0.8766,0.3984
P70398_S2547___1,0.4761,No,0.2671,0.0272
P70398_S588___1,-0.04827,No,0.983,0.8228
P70398_S866___1,0.1423,No,0.9194,0.509
P70398_S1600___1,0.4748,No,0.2699,0.0276
P70399_S1115___1,-0.1838,No,0.874,0.3938
P70399_S719___1,-0.2866,No,0.6889,0.1836
P70399_S1423___1,0.1063,No,0.9407,0.622
P70399_S1427___1,-0.1547,No,0.9096,0.4729
P70399_S1359___1,-0.7019,Yes,0.0312,0.0011
P70399_S622___1,0.1978,No,0.8561,0.3589
P70399_S1675___1,0.09739,No,0.9481,0.6514
P70399_S429___1,0.2005,No,0.8503,0.3522
P70399_S523___1,0.2211,No,0.8179,0.3049
P70399_S1096___1,0.1828,No,0.8765,0.3965
P70399_S533___1,-0.09705,No,0.9484,0.6525
P70399_S552___1,0.2142,No,0.8291,0.3204
P70399_S268___1,-0.01936,No,0.9953,0.9284
P70399_S1459___1,-0.1486,No,0.9129,0.4905
P70399_S1632___1,0.2595,No,0.7448,0.2286
P70399_S382___1,0.1236,No,0.9346,0.5664
P70414_S282___1,-0.03874,No,0.9835,0.8574
P70424_S1175___1,0.1939,No,0.8616,0.3683
P70429_S302___1,0.04208,No,0.9833,0.8452
P70429_S150___1,-0.2038,No,0.8478,0.3444
P70429_S244___1,-0.3087,No,0.6426,0.1521
P70429_S257___1,-0.01419,No,0.9978,0.9475
P70429_S329___1,0.4736,No,0.2713,0.028
P70429_S352___1,-0.02437,No,0.9915,0.91
P70429_S343___1,-0.929,Yes,0.0013,<0.0001
P70429_S367___1,0.1745,No,0.8892,0.4182
P70441_S181___1,0.2825,No,0.6987,0.19
P70441_S273___1,-0.1612,No,0.9036,0.4546
P70441_S275___1,-0.1875,No,0.868,0.3845
P70441_S283___1,0.1533,No,0.9113,0.4768
P70441_S285___1,-0.1771,No,0.8844,0.4112
P70441_S286___1,-0.08408,No,0.9612,0.6965
P70441_S289___1,0.5049,No,0.2183,0.0192
P70441_S294___1,0.008675,No,>0.9999,0.9679
P70441_S297___1,0.344,No,0.5616,0.1105
P70444_S66___1,-0.1662,No,0.8983,0.4406
P70452_S117___1,0.05355,No,0.9779,0.8038
P70452_S208___1,-0.08949,No,0.9556,0.678
P70452_S15___1,-0.06109,No,0.9747,0.7769
P70453_S58___1,-0.0007338,No,>0.9999,0.9973
Q9QXQ1_S74___1,-0.09115,No,0.9546,0.6724
P70459_S185___1,0.138,No,0.9233,0.522
P70460_S235___1,0.1234,No,0.9347,0.5671
P70662_S302___1,-0.4116,No,0.4014,0.0562
P70662_S410___1,-0.2655,No,0.7345,0.2181
P70670_S2175___1,0.4115,No,0.4014,0.0563
P70671_S123___1,0.2025,No,0.8483,0.3476
P70698_S571___1,0.1368,No,0.9234,0.5256
P70698_S562___1,-0.7642,Yes,0.0145,0.0004
P80315_S236___1,-0.3124,No,0.6337,0.1473
P80316_S485___1,-0.2095,No,0.8388,0.331
P80317_S200___1,-0.6422,No,0.0606,0.0029
P81122_S728___1,-0.1357,No,0.9234,0.5289
P81122_S604___1,-0.2648,No,0.7362,0.2193
P81122_S616___1,-0.1176,No,0.9359,0.5853
P81122_S66___1,0.05382,No,0.9779,0.8028
P81122_S965___1,-0.2171,No,0.8245,0.3139
P81122_S590___1,-0.1144,No,0.9379,0.5957
P81122_S1163___1,-0.3837,No,0.4684,0.0751
P81122_S1165___1,-0.3065,No,0.6474,0.1551
P81122_S556___1,-0.3722,No,0.492,0.0842
P81122_S675___1,-0.005347,No,>0.9999,0.9802
P81122_S1089___1,-0.2057,No,0.8444,0.3399
P83093_S523___1,-0.05944,No,0.9747,0.7827
P84086_S93___1,0.2415,No,0.781,0.2626
P84089_S24___1,0.04226,No,0.9833,0.8446
P84091_S45___1,0.3122,No,0.6342,0.1475
P84104_S5___1,0.3442,No,0.5609,0.1103
P97302_S448___1,0.07547,No,0.969,0.7262
P97310_S139___1,0.3329,No,0.5863,0.1225
P97310_S140___1,0.2532,No,0.7566,0.2401
P97310_S21___1,0.2157,No,0.8273,0.3171
P97310_S27___1,0.2365,No,0.7907,0.2726
P97310_S41___1,-0.3203,No,0.6155,0.1372
P97311_S271___1,0.4833,No,0.2542,0.025
P97311_S704___1,0.2549,No,0.7535,0.2369
P97311_S413___1,0.1983,No,0.8545,0.3577
P97311_S219___1,0.3675,No,0.4999,0.0882
P97311_S689___1,0.3725,No,0.492,0.0839
P97315_S192___1,0.001016,No,>0.9999,0.9962
P97329_S542___1,0.5497,No,0.1526,0.0108
P97348_S47___1,-0.0442,No,0.9833,0.8375
P97351_S263___1,0.0361,No,0.9853,0.867
P97351_S237___1,0.004992,No,>0.9999,0.9815
P97352_S32___1,0.3431,No,0.5622,0.1114
P97360_S22___1,0.1968,No,0.8583,0.3613
P97360_S215___1,-0.9218,Yes,0.0014,<0.0001
P97360_S185___1,0.03186,No,0.9888,0.8825
P97360_S194___1,0.2964,No,0.6669,0.1692
P97379_S225___1,0.1244,No,0.9344,0.5637
P97393_S1217___1,-0.1469,No,0.9137,0.4955
P97393_S765___1,0.007715,No,>0.9999,0.9714
P97393_S1194___1,-0.2163,No,0.8265,0.3157
P97393_S1201___1,-0.02806,No,0.9906,0.8964
P97412_S2203___1,0.04791,No,0.983,0.8241
P97412_S866___1,-0.3449,No,0.5583,0.1095
P97429_S12___1,-0.01818,No,0.9954,0.9328
P97432_S645___1,-0.1694,No,0.8972,0.432
P97433_S1535___1,-0.1002,No,0.9457,0.6421
P97434_S976___1,0.0631,No,0.973,0.7697
P97434_S292___1,-0.06198,No,0.974,0.7737
P97434_S221___1,0.119,No,0.9358,0.5809
P97434_S225___1,0.182,No,0.8766,0.3985
P97434_S564___1,-0.1134,No,0.9385,0.5987
P97434_S364___1,0.1866,No,0.8697,0.3867
P97434_S485___1,0.06613,No,0.9712,0.759
P97434_S617___1,0.1544,No,0.9101,0.4738
P97434_S502___1,-0.6422,No,0.0606,0.0029
P97434_S661___1,0.03684,No,0.9853,0.8643
P97434_S992___1,-0.3105,No,0.6386,0.1498
P97434_S1015___1,-0.0259,No,0.9915,0.9044
P97434_S266___1,-0.484,No,0.2534,0.0247
P97434_S270___1,0.1576,No,0.9081,0.4648
P97445_S2303___1,-0.04968,No,0.9817,0.8177
P97445_S2273___1,-0.2045,No,0.8466,0.3426
P97445_S2220___1,-0.002047,No,>0.9999,0.9924
P97452_S559___1,-0.7762,Yes,0.0124,0.0003
P97461_S52___1,-0.267,No,0.7303,0.2155
P97465_S48___1,0.1018,No,0.9449,0.6368
P97465_S269___1,0.03232,No,0.9886,0.8808
P97792_S332___1,-0.09458,No,0.9504,0.6608
P97792_S363___1,-0.2974,No,0.6643,0.1677
P97792_S323___1,-0.4597,No,0.297,0.033
P97801_S25___1,0.04666,No,0.9832,0.8286
P97813_S146___1,0.05754,No,0.9761,0.7895
P97813_S79___1,-0.1916,No,0.8635,0.3741
P97814_S318___1,-0.3698,No,0.4958,0.0862
P97817_S454___1,0.1066,No,0.9407,0.6211
P97820_S795___1,0.2057,No,0.8444,0.3398
P97820_S799___1,0.267,No,0.7303,0.2154
P97820_S629___1,0.1327,No,0.9251,0.538
P97820_S639___1,-0.07305,No,0.9696,0.7347
P97820_S646___1,0.0385,No,0.9837,0.8582
P97820_S543___1,-0.3287,No,0.5963,0.1272
P97820_S894___1,0.604,No,0.0921,0.0051
P97820_S862___1,0.02512,No,0.9915,0.9072
P97820_S708___1,-0.4545,No,0.3053,0.035
P97820_S556___1,-0.1312,No,0.9286,0.5426
P97820_S561___1,-0.007914,No,>0.9999,0.9707
P97820_S517___1,-0.04318,No,0.9833,0.8412
P97820_S824___1,0.1216,No,0.9352,0.5727
P97820_S621___1,-0.4261,No,0.3681,0.0481
P97825_S79___1,-1.165,Yes,<0.0001,<0.0001
P97825_S28___1,-0.3022,No,0.6562,0.1609
P97855_S231___1,0.06142,No,0.9747,0.7757
P97855_S149___1,-0.04902,No,0.9828,0.8201
P97863_S328___1,-0.3421,No,0.5644,0.1125
P97863_S410___1,0.4304,No,0.3591,0.0459
P97863_S262___1,-0.5028,No,0.222,0.0197
P97863_S265___1,-0.5468,No,0.1557,0.0112
P97863_S295___1,0.02434,No,0.9915,0.9101
P97863_S569___1,0.4382,No,0.3429,0.0421
P97863_S312___1,0.1754,No,0.8878,0.4159
P97864_S16___1,0.2716,No,0.7182,0.2077
P97946_S354___1,-1.271,Yes,<0.0001,<0.0001
P98078_S727___1,-0.8486,Yes,0.0046,<0.0001
P98078_S401___1,0.1008,No,0.9452,0.6401
P98083_S139___1,-0.5441,No,0.1589,0.0116
P98197_S740___1,0.2136,No,0.8304,0.3218
P98199_S638___1,-0.0297,No,0.9906,0.8904
P98199_S1169___1,-0.1099,No,0.9401,0.6102
P98199_S1175___1,-0.2707,No,0.721,0.2091
P98199_S1193___1,0.2792,No,0.7038,0.1953
P98199_S1187___1,-0.3521,No,0.5381,0.1024
P99024_S40___1,-0.09591,No,0.9496,0.6564
P99027_S105___1,0.7119,Yes,0.0276,0.001
P99027_S79___1,0.1691,No,0.8975,0.4327
P99027_S17___1,0.1781,No,0.882,0.4087
Q00322_S191___1,-0.7279,Yes,0.0229,0.0007
Q00560_S665___1,-0.2741,No,0.714,0.2035
Q00609_S290___1,-0.4355,No,0.3457,0.0433
Q00651_S1028___1,1.669,Yes,<0.0001,<0.0001
Q00993_S509___1,-0.02009,No,0.9943,0.9257
Q00PI9_S222___1,-0.1623,No,0.9028,0.4515
Q00PI9_S159___1,0.06989,No,0.9706,0.7458
Q00PI9_S226___1,0.1817,No,0.8767,0.3992
Q01063_S136___1,-0.3302,No,0.5933,0.1255
Q01063_S141___1,-0.01968,No,0.9948,0.9272
Q01231_S281___1,0.1555,No,0.9088,0.4707
Q01237_S864___1,-0.1521,No,0.9129,0.4804
Q01237_S871___1,-0.2881,No,0.6845,0.1814
Q01279_S1166___1,-0.4727,No,0.2726,0.0283
Q01279_S993___1,0.3039,No,0.6535,0.1585
Q01279_S997___1,-0.1265,No,0.9335,0.5574
Q01279_S1057___1,-0.2559,No,0.7522,0.2352
Q01279_S1104___1,-0.00372,No,>0.9999,0.9862
Q01279_S1044___1,0.3186,No,0.6184,0.1394
Q01320_S1211___1,0.512,No,0.2068,0.0175
Q01320_S1521___1,0.1088,No,0.9401,0.6138
Q01320_S1255___1,0.4889,No,0.2451,0.0233
Q01338_S346___1,-0.301,No,0.6597,0.1625
Q01338_S362___1,-0.7473,Yes,0.018,0.0005
Q01341_S573___1,-0.01119,No,0.9985,0.9586
Q01341_S35___1,0.06002,No,0.9747,0.7807
Q01341_S53___1,0.07927,No,0.9653,0.713
Q01341_S604___1,-0.3728,No,0.4913,0.0837
Q01853_S352___1,0.04719,No,0.9832,0.8267
Q01853_S702___1,0.1676,No,0.8976,0.437
Q01853_S705___1,-0.01507,No,0.9976,0.9442
Q01853_S775___1,0.1388,No,0.9216,0.5197
Q01853_S784___1,0.02091,No,0.9943,0.9227
Q01853_S787___1,0.09984,No,0.9459,0.6432
Q01853_S794___1,0.03104,No,0.9891,0.8855
Q02013_S247___1,0.221,No,0.8179,0.3052
Q02013_S262___1,-0.167,No,0.8976,0.4384
Q02053_S1044___1,0.7414,Yes,0.0191,0.0006
Q02053_S810___1,0.159,No,0.9066,0.4606
Q02053_S46___1,0.01407,No,0.9978,0.948
Q02053_S13___1,0.2188,No,0.8213,0.3102
Q02248_S222___1,-0.2307,No,0.8036,0.2845
Q02248_S191___1,-0.0006004,No,>0.9999,0.9978
Q02248_S675___1,-0.05219,No,0.9785,0.8087
Q02248_S552___1,0.3278,No,0.5972,0.1283
Q02257_S182___1,-0.05979,No,0.9747,0.7815
Q02257_S665___1,-0.001443,No,>0.9999,0.9947
Q02257_S77___1,-0.3204,No,0.6155,0.1372
Q02819_S368___1,-0.02562,No,0.9915,0.9054
Q02819_S456___1,0.09975,No,0.9459,0.6435
Q02819_S85___1,-0.04008,No,0.9834,0.8525
Q03145_S578___1,-0.4217,No,0.3767,0.0504
Q03145_S902___1,0.07147,No,0.9697,0.7402
Q03145_S893___1,-0.4228,No,0.3751,0.0498
Q03145_S776___1,-0.002196,No,>0.9999,0.9919
Q03145_S941___1,-0.009573,No,0.9993,0.9646
Q03147_S164___1,-0.2774,No,0.7083,0.1982
Q03172_S1721___1,-0.5773,No,0.1173,0.0074
Q03172_S148___1,-0.3999,No,0.428,0.0636
Q03347_S21___1,-0.03666,No,0.9853,0.865
Q03347_S212___1,0.1915,No,0.8636,0.3742
Q03963_S32___1,0.06759,No,0.9706,0.7538
Q03963_S223___1,0.2519,No,0.7593,0.2426
Q04573_S375___1,-0.1628,No,0.9028,0.45
Q04573_S367___1,-0.04817,No,0.983,0.8232
Q04573_S362___1,-0.2507,No,0.7623,0.2448
Q04692_S97___1,-0.04629,No,0.9833,0.83
Q04692_S124___1,-0.5352,No,0.1701,0.013
Q04692_S127___1,-0.1078,No,0.9401,0.6169
Q04692_S235___1,0.169,No,0.8975,0.433
Q04692_S79___1,0.1481,No,0.9129,0.492
Q04692_S210___1,-0.2558,No,0.7525,0.2354
Q04735_S153___1,0.05202,No,0.9786,0.8093
Q04735_S95___1,0.1782,No,0.8816,0.4084
Q04735_S119___1,-0.115,No,0.9371,0.5938
Q04735_S12___1,-0.5062,No,0.2169,0.0188
Q04744_S243___1,-0.4145,No,0.3946,0.0545
Q04750_S114___1,-0.102,No,0.9449,0.6361
Q04857_S465___1,-0.4013,No,0.4253,0.0627
Q04887_S199___1,-0.2087,No,0.8402,0.3329
Q04899_S109___1,-0.04051,No,0.9834,0.8509
Q04899_S66___1,0.1686,No,0.8976,0.4342
Q04899_S75___1,-0.03299,No,0.9873,0.8784
Q05186_S74___1,-0.2855,No,0.6918,0.1853
Q05512_S43___1,-0.00001788,No,>0.9999,>0.9999
Q05512_S421___1,-0.1054,No,0.9419,0.6249
Q05512_S483___1,-0.2822,No,0.6987,0.1905
Q05512_S476___1,-0.1766,No,0.8848,0.4126
Q05512_S453___1,-0.2068,No,0.8435,0.3375
Q05909_S1179___1,-0.1527,No,0.9125,0.4786
Q05915_S51___1,-0.1957,No,0.86,0.364
Q05AH6_S223___1,0.4943,No,0.235,0.0218
Q05CL8_S334___1,0.09269,No,0.9526,0.6672
Q05CL8_S253___1,0.6396,No,0.0621,0.003
Q05CL8_S256___1,0.1208,No,0.9353,0.5751
Q05D44_S137___1,-0.07423,No,0.9691,0.7306
Q05D44_S114___1,0.1124,No,0.9391,0.6019
Q05D44_S215___1,-0.03458,No,0.9858,0.8725
Q05D44_S187___1,-0.486,No,0.2511,0.0242
Q06185_S31___1,-0.1851,No,0.8715,0.3904
Q06649_S277___1,0.1321,No,0.9274,0.5401
Q06831_S322___1,-0.501,No,0.2247,0.0201
Q07079_S115___1,-0.04698,No,0.9832,0.8275
Q07113_S2401___1,0.221,No,0.8179,0.3053
Q07113_S2476___1,0.3605,No,0.5168,0.0944
Q07139_S716___1,0.2186,No,0.8219,0.3105
Q07174_S141___1,0.3822,No,0.4709,0.0762
Q07243_S5___1,0.1581,No,0.9073,0.4632
Q08093_S177___1,-0.03084,No,0.9897,0.8862
Q08274_S551___1,0.4006,No,0.427,0.0631
Q08274_S537___1,0.02771,No,0.9907,0.8977
Q08274_S487___1,-0.3611,No,0.5158,0.0939
Q08369_S405___1,0.05915,No,0.9747,0.7838
Q08509_S810___1,0.2114,No,0.8347,0.3266
Q08509_S658___1,-0.6733,Yes,0.0433,0.0018
Q08509_S661___1,0.1355,No,0.9234,0.5297
Q08509_S671___1,-0.1447,No,0.9165,0.502
Q08943_S444___1,0.2029,No,0.8483,0.3464
Q08943_S657___1,0.384,No,0.468,0.0748
Q09143_S616___1,-0.02667,No,0.9913,0.9015
Q09XV5_S2040___1,0.03762,No,0.9846,0.8615
Q09XV5_S1997___1,-0.5207,No,0.1918,0.0157
Q0GNC1_S1251___1,0.07912,No,0.9653,0.7136
Q0KL02_S2481___1,-0.1235,No,0.9346,0.5667
Q0KL02_S2503___1,-0.5703,No,0.1242,0.0082
Q0KL02_S1818___1,0.1196,No,0.9358,0.579
Q0KL02_S2634___1,0.1232,No,0.9347,0.5677
Q0P678_S847___1,-1.066,Yes,<0.0001,<0.0001
Q0P678_S45___1,-0.1033,No,0.9437,0.6317
Q0P678_S106___1,0.432,No,0.3556,0.045
Q0P678_S114___1,0.04948,No,0.9823,0.8184
Q0P678_S530___1,0.1203,No,0.9353,0.5766
Q0P678_S532___1,0.002121,No,>0.9999,0.9921
Q0P678_S888___1,-1.443,Yes,<0.0001,<0.0001
Q0P678_S863___1,-0.9827,Yes,0.0005,<0.0001
Q0P678_S80___1,0.2713,No,0.7194,0.2082
Q0P678_S58___1,0.48,No,0.2599,0.026
Q0P678_S64___1,-0.03757,No,0.9847,0.8616
Q0P678_S838___1,0.0254,No,0.9915,0.9062
Q0PHV7_S165___1,-0.2004,No,0.8503,0.3524
Q0PHV7_S481___1,-0.4005,No,0.4273,0.0632
Q0PHV7_S456___1,-0.3284,No,0.5963,0.1276
Q0PHV7_S203___1,0.3014,No,0.6586,0.1621
Q0PHV7_S409___1,-0.1012,No,0.9449,0.6387
Q0VGB7_S159___1,0.2439,No,0.7761,0.2577
Q0VGT2_S145___1,-0.2601,No,0.744,0.2276
Q0VGT2_S805___1,-0.7153,Yes,0.0266,0.0009
Q0VGY8_S267___1,-0.01309,No,0.9978,0.9516
Q0VGY8_S277___1,0.06581,No,0.9712,0.7601
Q0VGY8_S441___1,-0.143,No,0.9188,0.5071
Q0VGY8_S445___1,0.2475,No,0.7669,0.2509
Q0VGY8_S1436___1,-0.03523,No,0.9855,0.8702
Q148V7_S182___1,-0.7574,Yes,0.0158,0.0004
Q148V7_S422___1,-0.1257,No,0.9335,0.5597
Q148V8_S522___1,0.1187,No,0.9359,0.582
Q148V8_S1041___1,-0.223,No,0.8138,0.3009
Q148V8_S637___1,0.3091,No,0.6417,0.1516
Q148V8_S871___1,-0.01846,No,0.9953,0.9318
Q148V8_S904___1,-0.1117,No,0.9395,0.6042
Q148V8_S948___1,0.2227,No,0.8139,0.3015
Q148V8_S915___1,-0.184,No,0.8739,0.3933
Q148V8_S515___1,-0.0443,No,0.9833,0.8372
Q148V8_S1142___1,0.1121,No,0.9395,0.6031
Q148V8_S1006___1,0.3799,No,0.4757,0.078
Q148V8_S970___1,0.1243,No,0.9344,0.5642
Q148V8_S926___1,-0.1514,No,0.9129,0.4825
Q149C2_S409___1,-0.1744,No,0.8892,0.4185
Q14B71_S712___1,0.1917,No,0.8635,0.3738
Q14B71_S296___1,-0.1017,No,0.9449,0.6371
Q14BA6_S274___1,0.4366,No,0.3446,0.0428
Q14C51_S680___1,0.1239,No,0.9344,0.5653
Q14DQ1_S141___1,0.08919,No,0.9559,0.679
Q1HFZ0_S723___1,-0.1292,No,0.9301,0.5488
Q1HFZ0_S23___1,0.02199,No,0.9929,0.9187
Q2KHI9_S1079___1,0.0474,No,0.9832,0.8259
Q2KN98_S385___1,0.2616,No,0.743,0.2249
Q2KN98_S833___1,-0.1113,No,0.9395,0.6056
Q2KN98_S54___1,-0.05395,No,0.9779,0.8024
Q2KN98_S869___1,0.09162,No,0.9537,0.6708
Q2KN98_S882___1,0.005623,No,>0.9999,0.9792
Q2KN98_S888___1,0.01564,No,0.9974,0.9421
Q2KN98_S923___1,-0.3823,No,0.4709,0.0761
Q91VK1_S412___1,0.2551,No,0.7535,0.2367
Q2NL51_S21___1,-0.2409,No,0.7819,0.2638
Q2NL51_S278___1,0.1582,No,0.9073,0.4629
Q2PZL6_S4651___1,-0.5052,No,0.2179,0.0191
Q2PZL6_S4656___1,-0.03496,No,0.9855,0.8712
Q2PZL6_S4784___1,-0.1162,No,0.9359,0.5897
Q2PZL6_S4878___1,0.0001694,No,>0.9999,0.9994
Q2TBE6_S124___1,-0.1251,No,0.9339,0.5617
Q2TBE6_S462___1,-0.1798,No,0.8795,0.4043
Q2TBE6_S468___1,0.2833,No,0.6975,0.1888
Q2TBE6_S47___1,0.2353,No,0.7922,0.2751
Q2TBE6_S51___1,0.2353,No,0.7922,0.2751
Q2VPU4_S698___1,0.0542,No,0.9779,0.8015
Q2VPU4_S33___1,-0.1063,No,0.9407,0.6219
Q31125_S312___1,0.3207,No,0.6146,0.1368
Q32MD9_S1241___1,0.08352,No,0.962,0.6984
Q32NY4_S694___1,0.462,No,0.2938,0.0321
Q32NY4_S697___1,-0.1065,No,0.9407,0.6213
Q32NY4_S706___1,0.502,No,0.2234,0.0199
Q3B7Z2_S349___1,-0.01593,No,0.9972,0.9411
Q3B7Z2_S191___1,-0.1996,No,0.8511,0.3545
Q3TAA7_S388___1,0.06082,No,0.9747,0.7778
Q3TAA7_S405___1,0.01079,No,0.9985,0.9601
Q3TB48_S90___1,0.06475,No,0.9712,0.7639
Q3TB48_S94___1,0.1257,No,0.9335,0.5599
Q3TB48_S120___1,-0.1402,No,0.9206,0.5154
Q3TC46_S179___1,0.04436,No,0.9833,0.8369
Q3TCH7_S10___1,0.6126,No,0.0834,0.0045
Q3TCH7_S12___1,0.3251,No,0.6056,0.1316
Q3TCX3_S570___1,0.1007,No,0.9455,0.6405
Q3TDN0_S1172___1,-0.1945,No,0.8616,0.3669
Q3TDQ1_S495___1,-0.07055,No,0.9703,0.7434
Q3TDQ1_S496___1,1.11,Yes,<0.0001,<0.0001
Q3TDQ1_S29___1,0.06424,No,0.9716,0.7657
Q3TEA8_S513___1,-0.2777,No,0.7078,0.1976
Q3TEW6_S206___1,0.2593,No,0.7448,0.229
Q3TFK5_S258___1,0.2138,No,0.8299,0.3213
Q3THE2_S20___1,-0.1291,No,0.9301,0.5493
Q3THG9_S409___1,0.082,No,0.9642,0.7036
Q3THG9_S88___1,0.7119,Yes,0.0276,0.001
Q3THK3_S385___1,-0.121,No,0.9353,0.5747
Q3THK3_S433___1,0.07321,No,0.9694,0.7341
Q3THK7_S332___1,0.1522,No,0.9129,0.4802
Q3TIR3_S435___1,0.1015,No,0.9449,0.6378
Q3TIR3_S501___1,0.02695,No,0.991,0.9005
Q3TIX9_S81___1,0.06685,No,0.9712,0.7565
Q3TIX9_S46___1,-0.1099,No,0.9401,0.61
Q80Y17_S662___1,-0.7843,Yes,0.0111,0.0003
Q3TJ91_S1006___1,-0.5427,No,0.1605,0.0118
Q3TJ91_S1022___1,-0.273,No,0.7159,0.2053
Q3TJD7_S78___1,0.05948,No,0.9747,0.7826
Q3TJD7_S111___1,-0.05242,No,0.9785,0.8079
Q3TJD7_S247___1,0.2357,No,0.7922,0.2742
Q3TJM4_S279___1,-0.0572,No,0.9761,0.7907
Q3TKT4_S1388___1,-0.9346,Yes,0.0011,<0.0001
Q3TKT4_S1349___1,-0.03045,No,0.99,0.8877
Q3TKT4_S1419___1,-0.1716,No,0.8939,0.426
Q3TKT4_S695___1,-1.107,Yes,<0.0001,<0.0001
Q3TKT4_S699___1,-0.5753,No,0.1186,0.0076
Q3TKT4_S610___1,-0.1093,No,0.9401,0.6121
Q3TLD5_S439___1,0.3371,No,0.5759,0.1179
Q3TLH4_S755___1,-0.2268,No,0.809,0.2927
Q3TLH4_S1219___1,0.03137,No,0.9889,0.8843
Q3TLH4_S853___1,-0.4595,No,0.2972,0.033
Q3TLH4_S1541___1,-1.286,Yes,<0.0001,<0.0001
Q3TLH4_S610___1,0.06884,No,0.9706,0.7494
Q3TLH4_S1516___1,-0.5422,No,0.1609,0.0119
Q3TLI0_S708___1,0.4101,No,0.4039,0.0571
Q3TMW1_S536___1,0.03631,No,0.9853,0.8662
Q3TMW1_S12___1,-0.2196,No,0.8193,0.3082
Q3TMW1_S218___1,-0.7757,Yes,0.0125,0.0003
Q3TMW1_S26___1,-0.04913,No,0.9828,0.8197
Q3TMW1_S28___1,0.05061,No,0.9809,0.8144
Q3TN34_S655___1,0.2967,No,0.6661,0.1687
Q3TQI7_S15___1,0.1227,No,0.9347,0.5693
Q3TQI7_S17___1,-0.0981,No,0.9474,0.649
Q3TQI7_S261___1,0.1127,No,0.9389,0.601
Q3TSG4_S375___1,-0.3559,No,0.5284,0.0987
Q3TSG4_S384___1,0.2928,No,0.6758,0.1743
Q3TSG4_S385___1,0.05398,No,0.9779,0.8023
Q3TSG4_S362___1,-0.04299,No,0.9833,0.8419
Q3TSG4_S65___1,-0.1091,No,0.9401,0.6126
Q3TT38_S215___1,0.2373,No,0.7875,0.2709
Q3TTL0_S101___1,-0.1079,No,0.9401,0.6168
Q3TUF7_S371___1,-0.1152,No,0.9365,0.593
Q3TUF7_S118___1,1.713,Yes,<0.0001,<0.0001
Q3TUF7_S120___1,-0.03968,No,0.9834,0.854
Q3TUF7_S446___1,0.09454,No,0.9504,0.6609
Q3TUF7_S464___1,-0.05285,No,0.9785,0.8063
Q3TUF7_S534___1,0.01687,No,0.9959,0.9376
Q3TV70_S22___1,-0.6885,Yes,0.0362,0.0014
Q3TVI4_S75___1,-0.4599,No,0.297,0.0329
Q3TVI8_S164___1,0.3668,No,0.5018,0.0888
Q3TWF6_S641___1,0.04341,No,0.9833,0.8404
Q3TWI9_S752___1,-0.0348,No,0.9857,0.8717
Q3TWW8_S314___1,-0.2343,No,0.7935,0.2771
Q3TWW8_S316___1,-0.2009,No,0.8496,0.3514
Q3TWW8_S81___1,-0.396,No,0.4382,0.0662
Q3TWW8_S45___1,0.1299,No,0.9289,0.5468
Q3TWW8_S303___1,0.2756,No,0.7111,0.201
Q3TX08_S35___1,0.0432,No,0.9833,0.8412
Q3TX08_S121___1,-0.08561,No,0.9605,0.6912
Q3TY60_S102___1,0.1121,No,0.9395,0.603
Q3TY60_S117___1,0.1703,No,0.8962,0.4294
Q3TY60_S313___1,0.04443,No,0.9833,0.8367
Q3TY60_S322___1,-0.02661,No,0.9914,0.9018
Q3TY60_S47___1,0.2181,No,0.8224,0.3115
Q3TYA6_S51___1,-0.09763,No,0.9481,0.6506
Q3TYA6_S267___1,-0.3449,No,0.5583,0.1096
Q3TYS2_S168___1,-0.3307,No,0.5927,0.125
Q3TZW0_S207___1,0.4169,No,0.3889,0.0531
Q3TZZ7_S682___1,0.3328,No,0.5865,0.1226
Q3TZZ7_S685___1,0.02325,No,0.9922,0.9141
Q3U0J8_S959___1,0.2477,No,0.7669,0.2504
Q3U0V1_S182___1,0.1882,No,0.8678,0.3825
Q3U0V1_S481___1,0.08321,No,0.9623,0.6995
Q3U108_S283___1,0.7397,Yes,0.0195,0.0006
Q3U182_S612___1,-0.3438,No,0.5618,0.1107
Q3U1F9_S226___1,0.2699,No,0.723,0.2105
Q3U1F9_S236___1,0.02018,No,0.9943,0.9254
Q3U1F9_S247___1,-0.1096,No,0.9401,0.6112
Q3U1F9_S292___1,-0.06865,No,0.9706,0.7501
Q3U1F9_S295___1,-0.08686,No,0.9585,0.687
Q3U1J4_S745___1,0.04665,No,0.9832,0.8287
Q3U1T3_S174___1,0.1053,No,0.9419,0.6251
Q3U1V6_S365___1,0.8528,Yes,0.0044,<0.0001
Q3U214_S156___1,0.5274,No,0.182,0.0144
Q3U214_S168___1,-0.1185,No,0.9359,0.5826
Q9CU65_S305___1,0.1083,No,0.9401,0.6153
Q3U2I3_S863___1,-0.09868,No,0.9473,0.6471
Q3U2S4_S447___1,0.2588,No,0.7462,0.2299
Q3U2S4_S64___1,0.2762,No,0.7099,0.2
Q3U2S4_S177___1,-0.06082,No,0.9747,0.7778
Q3U319_S585___1,0.1753,No,0.8878,0.4159
Q3U3E2_S444___1,-0.7232,Yes,0.0244,0.0008
Q3U3E2_S302___1,-0.2998,No,0.6625,0.1643
Q3U3E2_S10___1,-0.0303,No,0.99,0.8882
Q3U3E2_S399___1,0.0798,No,0.9647,0.7112
Q3U3E2_S452___1,-0.1337,No,0.9249,0.535
Q3U3N6_S400___1,0.2093,No,0.8392,0.3315
Q3U3S3_S44___1,0.3922,No,0.4465,0.0688
Q3U3T8_S33___1,0.0781,No,0.9656,0.7171
Q3U5C7_S684___1,-0.1455,No,0.9158,0.4995
Q3U5C7_S592___1,0.2358,No,0.7922,0.2739
Q3U6N9_S31___1,0.03558,No,0.9855,0.8689
Q3UB74_S405___1,-0.4281,No,0.3645,0.047
Q3UD01_S92___1,0.2181,No,0.8226,0.3117
Q3UD82_S291___1,-0.1391,No,0.9208,0.5186
Q3UD82_S344___1,-0.1133,No,0.9385,0.5992
Q3UD82_S411___1,-0.1355,No,0.9234,0.5296
Q3UDP0_S459___1,0.2434,No,0.777,0.2589
Q3UE31_S324___1,0.3256,No,0.604,0.1309
Q3UE31_S304___1,-0.0317,No,0.9888,0.8831
Q3UE31_S306___1,-0.1104,No,0.9401,0.6086
Q3UFB2_S39___1,-0.02836,No,0.9906,0.8953
Q3UFF7_S238___1,-0.2288,No,0.8056,0.2885
Q3UFK8_S409___1,-1.229,Yes,<0.0001,<0.0001
Q3UFK8_S447___1,0.154,No,0.9104,0.475
Q3UFK8_S443___1,-0.282,No,0.699,0.1908
Q3UFY0_S66___1,0.1862,No,0.8701,0.3876
Q3UFY8_S79___1,0.04152,No,0.9833,0.8473
Q3UG20_S1002___1,-0.2703,No,0.7218,0.2099
Q3UG20_S1364___1,0.04024,No,0.9834,0.8519
Q3UGS4_S17___1,-0.04332,No,0.9833,0.8407
Q3UGS4_S18___1,0.1717,No,0.8936,0.4257
Q3UGS4_S21___1,0.3595,No,0.5195,0.0954
Q3UH60_S256___1,-0.2126,No,0.8326,0.3239
Q3UHA3_S776___1,0.03152,No,0.9888,0.8838
Q3UHC0_S714___1,0.01344,No,0.9978,0.9503
Q3UHC0_S465___1,-0.3864,No,0.4615,0.0731
Q3UHC0_S1672___1,0.09372,No,0.9513,0.6637
Q3UHD6_S49___1,-0.2132,No,0.8316,0.3226
Q3UHF7_S2413___1,-0.2044,No,0.8473,0.343
Q3UHF7_S2285___1,-0.1227,No,0.9347,0.5693
Q3UHF7_S2043___1,-0.7271,Yes,0.0232,0.0007
Q3UHJ0_S18___1,-0.2731,No,0.7159,0.2052
Q3UHJ0_S21___1,0.02944,No,0.9906,0.8914
Q3UHJ0_S635___1,-0.2506,No,0.7623,0.245
Q3UHJ0_S676___1,-0.7967,Yes,0.0094,0.0002
Q3UHK8_S1202___1,0.2884,No,0.684,0.1809
Q3UHK8_S724___1,0.09038,No,0.9556,0.675
Q80WC3_S2681___1,0.07188,No,0.9697,0.7388
Q3UHR0_S1249___1,-0.4663,No,0.2863,0.0305
Q3UHU5_S255___1,0.1976,No,0.8567,0.3592
Q3UHU5_S43___1,-0.1371,No,0.9234,0.5247
Q3UHU5_S768___1,0.1721,No,0.8936,0.4245
Q3UHX0_S716___1,0.05876,No,0.9751,0.7852
Q3UHX2_S60___1,0.4393,No,0.3399,0.0416
Q3UHX2_S63___1,0.07383,No,0.9691,0.732
Q3UHX2_S176___1,-0.1114,No,0.9395,0.6052
Q3UHX2_S178___1,-0.4037,No,0.4184,0.0611
Q3UIA2_S671___1,-0.007134,No,>0.9999,0.9736
Q3UJB9_S884___1,0.03422,No,0.9864,0.8739
Q3UJB9_S849___1,0.2951,No,0.6699,0.1709
Q3UJB9_S680___1,-0.05788,No,0.9757,0.7883
Q3UJB9_S733___1,0.07097,No,0.9703,0.742
Q3UJU9_S46___1,0.203,No,0.8483,0.3462
Q3UJV1_S330___1,-0.2163,No,0.8265,0.3157
Q3UKC1_S619___1,0.2103,No,0.8369,0.3291
Q3UKC1_S632___1,0.6554,No,0.0526,0.0024
Q3UKU1_S501___1,-0.02483,No,0.9915,0.9083
Q3UL36_S74___1,0.1077,No,0.9401,0.6174
Q3UL36_S75___1,0.01991,No,0.9945,0.9264
Q3ULW8_S167___1,0.3186,No,0.6184,0.1394
Q3ULW8_S274___1,-0.001934,No,>0.9999,0.9928
Q3ULZ2_S948___1,-0.2674,No,0.7298,0.2148
Q3ULZ2_S487___1,-0.08953,No,0.9556,0.6779
Q3ULZ2_S970___1,-0.5588,No,0.1382,0.0095
Q3UM45_S27___1,0.3673,No,0.5006,0.0884
Q3UMB5_S488___1,0.01896,No,0.9953,0.9299
Q3UMB5_S497___1,0.3828,No,0.4699,0.0758
Q3UMB5_S788___1,-0.1406,No,0.9206,0.5143
Q3UMC0_S18___1,-0.06428,No,0.9716,0.7655
Q3UMQ8_S308___1,0.2005,No,0.8503,0.3523
Q3UMR0_S634___1,-0.06636,No,0.9712,0.7582
Q3UMT1_S403___1,0.1993,No,0.8511,0.3551
Q3UMT1_S411___1,-0.0146,No,0.9978,0.946
Q3UMT1_S664___1,-0.2217,No,0.8162,0.3036
Q3UMT1_S647___1,-0.01061,No,0.9985,0.9607
Q3UMT1_S559___1,-0.8571,Yes,0.004,<0.0001
Q3UMY5_S144___1,0.4287,No,0.3634,0.0467
Q3UMY5_S146___1,0.09606,No,0.9496,0.6558
Q3UMY5_S908___1,-0.03547,No,0.9855,0.8693
Q3UPF5_S324___1,-0.1747,No,0.8887,0.4176
Q3UPF5_S350___1,0.1911,No,0.8649,0.3754
Q3UPF5_S805___1,0.1647,No,0.901,0.4448
Q3UPH7_S1511___1,0.09377,No,0.9513,0.6636
Q3UPH7_S388___1,-0.05264,No,0.9785,0.8071
Q3UPH7_S397___1,0.4622,No,0.2938,0.032
Q3UPH7_S959___1,-0.01683,No,0.9959,0.9378
Q3UPH7_S1485___1,0.02969,No,0.9906,0.8904
Q3UPH7_S1467___1,0.07725,No,0.9669,0.7201
Q3UPH7_S1472___1,0.2032,No,0.8483,0.3458
Q3UPL0_S794___1,0.1608,No,0.9036,0.4555
Q3UPL0_S798___1,0.5938,No,0.1021,0.0059
Q3UPL0_S801___1,0.359,No,0.5212,0.0958
Q3UPL0_S531___1,-0.05936,No,0.9747,0.783
Q3UPL0_S1173___1,0.07738,No,0.9667,0.7196
Q3UPL0_S820___1,0.397,No,0.4364,0.0655
Q3UQA7_S72___1,0.1497,No,0.9129,0.4874
Q3UQN2_S507___1,0.6467,No,0.0576,0.0027
Q3UQN2_S681___1,0.3628,No,0.5125,0.0924
Q3UQN2_S487___1,0.03363,No,0.9869,0.876
Q3UQN2_S495___1,0.134,No,0.9249,0.534
Q3UQU0_S565___1,-0.672,Yes,0.044,0.0018
Q3UQU0_S103___1,0.2349,No,0.7928,0.2759
Q3UR70_S853___1,-0.5353,No,0.17,0.013
Q3US17_S229___1,-0.7478,Yes,0.0179,0.0005
Q3USB7_S96___1,-0.09453,No,0.9504,0.661
Q3USB7_S570___1,-0.7595,Yes,0.0153,0.0004
Q3USH5_S821___1,-0.4277,No,0.3647,0.0472
Q3USH5_S903___1,0.1353,No,0.9234,0.5302
Q3USH5_S831___1,-0.3835,No,0.4684,0.0752
Q3USH5_S283___1,-0.06152,No,0.9747,0.7753
Q3USH5_S601___1,-0.1676,No,0.8976,0.437
Q3UTQ8_S407___1,-0.1041,No,0.9434,0.6291
Q3UTQ8_S479___1,-0.02804,No,0.9906,0.8965
Q3UTQ8_S306___1,-0.6053,No,0.091,0.005
Q3UTQ8_S691___1,-0.2838,No,0.6956,0.1879
Q3UTZ3_S517___1,-0.4735,No,0.2714,0.028
Q3UU96_S1638___1,0.06839,No,0.9706,0.751
Q3UU96_S1641___1,0.01439,No,0.9978,0.9468
Q3UU96_S856___1,0.1372,No,0.9234,0.5246
Q3UU96_S750___1,0.4588,No,0.298,0.0333
Q3UU96_S1532___1,0.2645,No,0.7372,0.2198
Q3UU96_S1706___1,0.07157,No,0.9697,0.7399
Q3UU96_S1708___1,1.158,Yes,<0.0001,<0.0001
Q3UU96_S1616___1,-0.2791,No,0.7038,0.1955
Q3UU96_S1622___1,0.3302,No,0.5933,0.1256
Q3UU96_S1603___1,-0.1115,No,0.9395,0.6049
Q3UVL4_S652___1,0.2387,No,0.7854,0.268
Q3UW53_S581___1,0.415,No,0.3936,0.0542
Q3UW53_S591___1,-0.2145,No,0.8291,0.3196
Q3UW53_S595___1,-0.506,No,0.2169,0.0189
Q3UW53_S755___1,0.09807,No,0.9475,0.6491
Q3UW53_S601___1,0.2204,No,0.8185,0.3066
Q3UWM4_S634___1,0.3334,No,0.5855,0.122
Q3UY34_S155___1,-0.01184,No,0.9979,0.9562
Q3UYI5_S707___1,0.6397,No,0.062,0.003
Q3UYI5_S568___1,-0.2502,No,0.7623,0.2458
Q3UYI5_S510___1,0.1869,No,0.8695,0.386
Q3UYV9_S22___1,0.4139,No,0.3957,0.0548
Q3UZ39_S302___1,0.3036,No,0.6545,0.159
Q3UZ39_S614___1,0.07007,No,0.9705,0.7451
Q3UZ39_S88___1,0.1565,No,0.9086,0.4679
Q3UZ39_S84___1,-0.1448,No,0.9165,0.5016
Q3UZ39_S547___1,0.2176,No,0.8236,0.3128
Q3V300_S407___1,0.4736,No,0.2713,0.028
Q3V3Q7_S424___1,-0.02627,No,0.9915,0.903
Q3V3Q7_S387___1,-0.2878,No,0.6854,0.1819
Q3V3R1_S356___1,0.1691,No,0.8975,0.4328
Q3ZT31_S274___1,0.006172,No,>0.9999,0.9772
Q497H0_S124___1,0.2656,No,0.7345,0.2179
Q497H0_S129___1,-0.3278,No,0.5972,0.1283
Q4FK66_S209___1,-0.1124,No,0.9391,0.602
Q4FK66_S216___1,-0.03747,No,0.9847,0.862
Q4FZH1_S280___1,0.2807,No,0.7001,0.1928
Q4JIM5_S621___1,-0.2208,No,0.8179,0.3056
Q4JIM5_S819___1,-0.9914,Yes,0.0004,<0.0001
Q4JIM5_S822___1,-0.07554,No,0.969,0.726
Q4LDD4_S430___1,-0.2632,No,0.7399,0.222
Q4LDD4_S232___1,-0.01493,No,0.9976,0.9448
Q4V9W2_S97___1,-0.2018,No,0.8487,0.3491
Q4V9W2_S144___1,-0.4537,No,0.3064,0.0353
Q4VA36_S176___1,-0.1106,No,0.9398,0.6077
Q4VA55_S25___1,-0.3402,No,0.5689,0.1145
Q4VAA2_S51___1,0.1087,No,0.9401,0.6139
Q4VAA2_S68___1,-0.6247,No,0.0728,0.0038
Q4VAA2_S70___1,-0.3985,No,0.4319,0.0645
Q4VAA7_S169___1,-0.1131,No,0.9385,0.5999
Q4VAA7_S261___1,-0.09923,No,0.946,0.6453
Q4VBD9_S193___1,-0.5042,No,0.2196,0.0193
Q4VBD9_S611___1,-0.006328,No,>0.9999,0.9766
Q4VGL6_S861___1,-0.192,No,0.8634,0.373
Q4VGL6_S1107___1,0.37,No,0.4956,0.0861
Q501J6_S492___1,0.1409,No,0.9206,0.5132
Q501J6_S493___1,-0.6763,Yes,0.0417,0.0017
Q501J7_S436___1,-0.08672,No,0.9586,0.6875
Q501J7_S444___1,-0.4982,No,0.2292,0.0208
Q501J7_S620___1,-0.839,Yes,0.0053,<0.0001
Q501J7_S148___1,0.06851,No,0.9706,0.7506
Q501J7_S557___1,-0.03197,No,0.9888,0.8821
Q501J7_S174___1,-0.5002,No,0.2253,0.0203
Q501J7_S118___1,0.224,No,0.8116,0.2988
Q505F1_S203___1,0.08028,No,0.9643,0.7096
Q505F5_S293___1,0.1994,No,0.8511,0.3549
Q505F5_S519___1,-0.08427,No,0.9612,0.6958
Q52KB6_S453___1,0.03019,No,0.99,0.8886
Q52KE7_S358___1,0.1871,No,0.8689,0.3854
Q52KE7_S380___1,-0.3979,No,0.4335,0.0649
Q52KF3_S365___1,-0.07739,No,0.9667,0.7196
Q52KI8_S779___1,-0.4533,No,0.3076,0.0355
Q52KI8_S781___1,-0.3961,No,0.4382,0.0661
Q52KI8_S714___1,0.09714,No,0.9482,0.6522
Q52KI8_S694___1,-0.3314,No,0.5903,0.1241
Q52KI8_S220___1,0.436,No,0.345,0.0431
Q52KI8_S448___1,-0.4522,No,0.3106,0.0359
Q52KI8_S450___1,-0.6058,No,0.0904,0.0049
Q52KI8_S731___1,-0.3093,No,0.6414,0.1513
Q52KI8_S733___1,-0.04285,No,0.9833,0.8424
Q52KI8_S10___1,-0.2917,No,0.6782,0.176
Q52KI8_S401___1,-0.3918,No,0.448,0.0691
Q52KI8_S915___1,0.2989,No,0.6642,0.1656
Q52KI8_S810___1,0.05575,No,0.9774,0.7959
Q52KI8_S427___1,-0.1967,No,0.8583,0.3615
Q52KI8_S429___1,-0.5338,No,0.1719,0.0133
Q52KI8_S461___1,-0.2766,No,0.7095,0.1994
Q52KI8_S387___1,-0.6122,No,0.0837,0.0045
Q52KI8_S391___1,-0.08727,No,0.9577,0.6856
Q52KI8_S635___1,-0.09478,No,0.9504,0.6601
Q52KI8_S797___1,-0.6381,No,0.063,0.0031
Q52KI8_S550___1,-0.05113,No,0.9799,0.8125
Q52KI8_S616___1,0.103,No,0.9441,0.6329
Q52KI8_S624___1,0.1803,No,0.8782,0.4029
Q569Z5_S804___1,0.1003,No,0.9455,0.6418
Q569Z6_S238___1,0.264,No,0.739,0.2207
Q569Z6_S243___1,0.09005,No,0.9556,0.6761
Q569Z6_S248___1,0.2285,No,0.8061,0.2891
Q569Z6_S572___1,-0.08953,No,0.9556,0.6779
Q569Z6_S379___1,0.1941,No,0.8616,0.368
Q569Z6_S253___1,0.1739,No,0.8901,0.4198
Q569Z6_S924___1,0.5347,No,0.171,0.0131
Q569Z6_S935___1,0.4611,No,0.2955,0.0324
Q569Z6_S233___1,0.06516,No,0.9712,0.7624
Q569Z6_S695___1,-0.01381,No,0.9978,0.9489
Q569Z6_S679___1,0.06411,No,0.9716,0.7661
Q569Z6_S669___1,-0.3558,No,0.5284,0.0988
Q569Z6_S315___1,0.2531,No,0.757,0.2403
Q569Z6_S320___1,0.06558,No,0.9712,0.7609
Q569Z6_S505___1,-0.2327,No,0.7975,0.2804
Q569Z6_S507___1,0.03299,No,0.9873,0.8784
Q569Z6_S860___1,-0.2075,No,0.8427,0.3357
Q569Z6_S182___1,-0.07403,No,0.9691,0.7312
Q569Z6_S405___1,-0.2379,No,0.7867,0.2697
Q56A04_S49___1,-0.0715,No,0.9697,0.7401
Q56A08_S485___1,0.1294,No,0.9299,0.5484
Q56A08_S144___1,0.02978,No,0.9906,0.8901
Q56A08_S348___1,-0.5009,No,0.2249,0.0201
Q56A10_S894___1,-0.5307,No,0.1763,0.0138
Q56A10_S626___1,-0.5054,No,0.2174,0.019
Q56A10_S1452___1,-0.7414,Yes,0.0191,0.0006
Q571H0_S17___1,0.3011,No,0.6595,0.1624
Q571I4_S131___1,0.3267,No,0.6006,0.1296
Q571I4_S209___1,0.09508,No,0.9503,0.6591
Q571I4_S219___1,0.1075,No,0.9403,0.6181
Q571I4_S687___1,-0.1303,No,0.9286,0.5457
Q571I4_S828___1,-0.05955,No,0.9747,0.7823
Q571I4_S704___1,0.2002,No,0.8506,0.353
Q571I4_S720___1,0.1789,No,0.8801,0.4065
Q571I4_S671___1,-0.5395,No,0.1643,0.0123
Q571I9_S538___1,0.06262,No,0.9734,0.7714
Q571K4_S510___1,0.3644,No,0.5085,0.0909
Q58FA4_S102___1,0.3995,No,0.4297,0.0639
Q59J78_S157___1,0.2339,No,0.7938,0.2779
Q5BL07_S1210___1,0.2069,No,0.8434,0.3371
Q5BL07_S1212___1,0.1474,No,0.9132,0.494
Q5BL07_S1182___1,0.4207,No,0.3792,0.051
Q5BLK4_S172___1,-0.4041,No,0.4178,0.0608
Q5BLK4_S705___1,-0.8282,Yes,0.0063,0.0001
Q5BLK4_S645___1,-0.3171,No,0.6223,0.1412
Q5D1E7_S394___1,-0.1108,No,0.9398,0.6071
Q5DTM8_S138___1,0.3216,No,0.6135,0.1357
Q5DTT3_S698___1,-0.3226,No,0.6112,0.1344
Q5DTT3_S1863___1,-0.1186,No,0.9359,0.5823
Q5DTT3_S2012___1,-0.0114,No,0.9983,0.9578
Q5DTU0_S645___1,-0.02027,No,0.9943,0.9251
Q5DTU0_S772___1,0.1034,No,0.9437,0.6315
Q5DTU0_S484___1,0.06683,No,0.9712,0.7565
Q5DTV4_S124___1,0.1588,No,0.9067,0.4613
Q5DTX6_S980___1,0.2636,No,0.7396,0.2213
Q5DTX6_S1248___1,-0.1016,No,0.9449,0.6375
Q5DTX6_S954___1,0.1973,No,0.8573,0.3599
Q5DTX6_S693___1,-0.3653,No,0.5058,0.0902
Q5DTX6_S678___1,-0.2258,No,0.8106,0.2949
Q5DTX6_S218___1,0.02569,No,0.9915,0.9051
Q5DTX6_S1234___1,-0.1556,No,0.9086,0.4703
Q5DTX6_S655___1,0.125,No,0.9341,0.5621
Q5DTX6_S888___1,0.7051,Yes,0.0299,0.0011
Q5DU09_S196___1,0.5854,No,0.1097,0.0066
Q5DU25_S731___1,0.1767,No,0.8848,0.4124
Q5DU25_S334___1,1.284,Yes,<0.0001,<0.0001
Q5DU25_S383___1,-0.2785,No,0.7058,0.1963
Q5EBG6_S16___1,0.2816,No,0.6992,0.1915
Q5EG47_S496___1,-0.4606,No,0.296,0.0326
Q5EG47_S486___1,-0.0764,No,0.9679,0.723
Q5F293_S559___1,-0.7554,Yes,0.0163,0.0005
Q5F2E7_S626___1,-0.06184,No,0.9743,0.7742
Q5F2E7_S213___1,0.1303,No,0.9286,0.5456
Q5F2E7_S215___1,-0.5797,No,0.1154,0.0072
Q5F2E7_S649___1,0.07958,No,0.9653,0.712
Q5F2E7_S689___1,0.1593,No,0.9057,0.4597
Q5F2E7_S231___1,0.1763,No,0.8851,0.4134
Q5F2E7_S113___1,0.5461,No,0.1563,0.0113
Q5F2E7_S376___1,0.09119,No,0.9546,0.6722
Q5F2E8_S421___1,-0.04368,No,0.9833,0.8394
Q5F2E8_S426___1,-0.1166,No,0.9359,0.5887
Q5F2E8_S965___1,-0.1941,No,0.8616,0.3678
Q5F2E8_S458___1,0.006391,No,>0.9999,0.9763
Q5F2E8_S974___1,-1.375,Yes,<0.0001,<0.0001
Q5F2E8_S445___1,0.1293,No,0.93,0.5486
Q5FWH2_S15___1,-0.07102,No,0.9703,0.7418
Q5FWH2_S232___1,-0.2524,No,0.7582,0.2416
Q5FWI3_S10___1,-0.07072,No,0.9703,0.7428
Q5FWI3_S53___1,0.0003956,No,>0.9999,0.9985
Q5FWI3_S71___1,-0.01218,No,0.9979,0.9549
Q5FWI3_S46___1,-0.08615,No,0.9594,0.6894
Q5FWK3_S51___1,0.1169,No,0.9359,0.5875
Q5GH66_S559___1,0.2602,No,0.7437,0.2273
Q5HZG4_S297___1,0.08776,No,0.9574,0.6839
Q5HZG4_S301___1,0.07181,No,0.9697,0.739
Q5HZG4_S229___1,-0.1805,No,0.8782,0.4025
Q5HZG4_S183___1,0.3032,No,0.6545,0.1595
Q5HZI1_S795___1,-0.7982,Yes,0.0091,0.0002
Q5HZI1_S533___1,-0.2662,No,0.7332,0.2168
Q5HZI1_S1195___1,-0.4215,No,0.377,0.0505
Q5HZI1_S1208___1,0.07108,No,0.9701,0.7416
Q5HZI1_S743___1,-0.1829,No,0.8765,0.3962
Q5HZI1_S380___1,-0.2343,No,0.7935,0.2771
Q5HZJ0_S354___1,0.2505,No,0.7623,0.2452
Q5HZJ0_S356___1,-0.04055,No,0.9834,0.8508
Q5I1X5_S151___1,-0.7156,Yes,0.0265,0.0009
Q5I1X5_S158___1,-0.3462,No,0.5556,0.1083
Q5I1X5_S394___1,-0.5714,No,0.1232,0.008
Q5I1X5_S140___1,-0.2157,No,0.8273,0.3171
Q5I1X5_S73___1,-0.2636,No,0.7396,0.2214
Q5M956_S12___1,0.1175,No,0.9359,0.5855
Q5NC05_S119___1,0.002209,No,>0.9999,0.9918
Q5NCF2_S132___1,-0.1665,No,0.8981,0.4399
Q5NCQ5_S418___1,0.1795,No,0.8795,0.4049
Q5NCR9_S254___1,0.2849,No,0.6926,0.1863
Q5NCR9_S31___1,0.2108,No,0.8361,0.3281
Q5NCR9_S33___1,0.06526,No,0.9712,0.7621
Q5ND34_S682___1,0.3144,No,0.6303,0.1447
Q5ND34_S1570___1,0.2264,No,0.809,0.2935
Q5ND34_S308___1,0.4656,No,0.2868,0.0308
Q5ND52_S42___1,0.3869,No,0.4601,0.0727
Q5PR73_S35___1,-0.1212,No,0.9353,0.5739
Q5PRE5_S596___1,0.4657,No,0.2868,0.0307
Q5PRF0_S2029___1,-0.05259,No,0.9785,0.8072
Q5PSV9_S157___1,-0.5175,No,0.1972,0.0164
Q5PSV9_S595___1,0.3688,No,0.4973,0.0871
Q5PSV9_S1433___1,-0.3035,No,0.6545,0.1591
Q5PSV9_S1443___1,0.2795,No,0.7028,0.1947
Q5PSV9_S168___1,-0.08614,No,0.9594,0.6894
Q5RJI5_S563___1,-0.06756,No,0.9706,0.754
Q5RJI5_S384___1,0.2402,No,0.7833,0.2651
Q5RJI5_S508___1,-0.09959,No,0.9459,0.644
Q5S006_S926___1,0.002573,No,>0.9999,0.9905
Q5S006_S935___1,-0.2209,No,0.8179,0.3054
Q5S006_S910___1,-0.5965,No,0.0991,0.0057
Q5SF07_S162___1,0.02959,No,0.9906,0.8908
Q5SF07_S164___1,-0.08144,No,0.9643,0.7056
Q5SPL2_S131___1,0.0005345,No,>0.9999,0.998
Q5SPL2_S661___1,0.1285,No,0.9306,0.5511
Q5SQF8_S98___1,-0.02948,No,0.9906,0.8912
Q5SSI6_S54___1,0.7395,Yes,0.0195,0.0006
Q5SSZ5_S934___1,-0.1287,No,0.9306,0.5506
Q5SSZ5_S1196___1,0.2638,No,0.7396,0.2211
Q5SSZ5_S740___1,-0.3599,No,0.5186,0.095
Q5SSZ5_S745___1,-0.4365,No,0.3446,0.0429
Q5SSZ5_S752___1,0.09161,No,0.9537,0.6708
Q5SSZ5_S690___1,-0.2969,No,0.6656,0.1683
Q5SSZ5_S769___1,-0.08949,No,0.9556,0.678
Q5SSZ5_S1288___1,-0.04888,No,0.9828,0.8206
Q5SSZ5_S946___1,0.1818,No,0.8767,0.3989
Q5SSZ5_S1436___1,0.6442,No,0.0594,0.0028
Q5SU73_S222___1,0.2758,No,0.7111,0.2008
Q5SU73_S171___1,0.1244,No,0.9344,0.564
Q5SU73_S146___1,0.4389,No,0.3409,0.0417
Q5SUF2_S425___1,0.09089,No,0.9547,0.6733
Q5SUF2_S431___1,0.1428,No,0.919,0.5076
Q5SV85_S1067___1,0.84,Yes,0.0053,<0.0001
Q5SV85_S1079___1,-0.07795,No,0.9658,0.7176
Q5SW75_S487___1,0.0675,No,0.9706,0.7541
Q5SW75_S672___1,-0.2547,No,0.7539,0.2374
Q5SWP3_S1268___1,0.1531,No,0.912,0.4777
Q5SWP3_S998___1,-0.01108,No,0.9985,0.959
Q5SWU9_S29___1,0.4843,No,0.2534,0.0247
Q5SWU9_S2342___1,0.2896,No,0.6835,0.1791
Q5SWU9_S79___1,0.3826,No,0.4701,0.0759
Q5SXA9_S939___1,-0.8117,Yes,0.0077,0.0002
Q5SXA9_S523___1,-0.1066,No,0.9407,0.6209
Q5SXY1_S343___1,0.007776,No,>0.9999,0.9712
Q5SXY1_S55___1,-0.142,No,0.9194,0.51
Q5SXY1_S111___1,-0.2556,No,0.7529,0.2357
Q5SXY1_S115___1,-0.5394,No,0.1643,0.0123
Q5SXY1_S133___1,0.07874,No,0.9653,0.7149
Q5SXY1_S810___1,0.2442,No,0.7759,0.2573
Q5SXY1_S914___1,-0.1122,No,0.9395,0.6028
Q5SXY1_S935___1,-0.1109,No,0.9398,0.607
Q5SXY1_S847___1,0.01792,No,0.9955,0.9337
Q5SXY1_S863___1,-0.1296,No,0.9296,0.5477
Q5SXY1_S207___1,-0.00597,No,>0.9999,0.9779
Q5U3K5_S483___1,-0.2615,No,0.7433,0.2251
Q5U3K5_S502___1,0.1161,No,0.9359,0.5903
Q5U430_S1055___1,-0.2413,No,0.781,0.263
Q5U431_S380___1,-0.4217,No,0.3767,0.0504
Q5U431_S384___1,-0.09903,No,0.9466,0.6459
Q5U431_S387___1,-0.2723,No,0.7169,0.2064
Q5U431_S390___1,0.03421,No,0.9864,0.8739
Q5U431_S397___1,-0.5581,No,0.139,0.0096
Q5U464_S856___1,-0.1864,No,0.8701,0.3873
Q5U464_S863___1,-0.1332,No,0.9249,0.5366
Q5U464_S867___1,-0.1508,No,0.9129,0.4842
Q5U464_S291___1,-0.3169,No,0.6231,0.1415
Q5U464_S786___1,0.3186,No,0.6184,0.1394
Q5U464_S751___1,0.1029,No,0.9441,0.6331
Q5U4C3_S912___1,0.1267,No,0.9335,0.5567
Q5U4C3_S442___1,-0.2885,No,0.684,0.1808
Q5U4C3_S447___1,0.06462,No,0.9712,0.7643
Q5U4C3_S510___1,-0.3378,No,0.5748,0.1171
Q5U4C3_S518___1,-0.06679,No,0.9712,0.7567
Q5U4C3_S821___1,0.03407,No,0.9865,0.8744
Q5U4C3_S240___1,-0.1075,No,0.9403,0.6181
Q5U4C3_S493___1,-0.4194,No,0.3826,0.0517
Q5U4C9_S30___1,-0.1205,No,0.9353,0.5761
Q5U4D8_S585___1,-0.09891,No,0.9469,0.6463
Q5U4F6_S15___1,-0.1633,No,0.9028,0.4486
Q5U5Q9_S379___1,-0.5021,No,0.2233,0.0198
Q5U5Q9_S665___1,-0.2542,No,0.7545,0.2382
Q5XF89_S1212___1,-0.229,No,0.8053,0.288
Q5XF89_S813___1,-0.1762,No,0.8854,0.4137
Q5XJE5_S609___1,-0.4658,No,0.2868,0.0307
Q5XJE5_S631___1,-0.5668,No,0.1284,0.0086
Q5XJE5_S659___1,0.4022,No,0.4224,0.062
Q5XJY5_S223___1,0.3199,No,0.616,0.1377
Q5XKN4_S15___1,-0.009161,No,>0.9999,0.9661
Q5XPI3_S14___1,-0.4233,No,0.3745,0.0496
Q5Y5T2_S19___1,0.3059,No,0.6493,0.1558
Q5Y5T2_S47___1,0.1392,No,0.9208,0.5184
Q5Y5T5_S335___1,0.1487,No,0.9129,0.4902
Q5Y5T5_S534___1,-0.1278,No,0.9322,0.5534
Q8VDZ4_S704___1,-0.2448,No,0.7738,0.2561
Q5Y5T5_S672___1,0.07723,No,0.9669,0.7201
Q5Y5T5_S523___1,0.1334,No,0.9249,0.5361
Q5Y5T5_S432___1,1.243,Yes,<0.0001,<0.0001
Q5Y5T5_S603___1,-0.08017,No,0.9643,0.71
Q60520_S941___1,0.02956,No,0.9906,0.8909
Q60520_S833___1,-0.04759,No,0.983,0.8253
Q60520_S10___1,0.1166,No,0.9359,0.5886
Q60520_S1113___1,0.09527,No,0.9503,0.6585
Q811L6_S862___1,-0.2012,No,0.849,0.3505
Q60592_S1700___1,-0.09949,No,0.9459,0.6444
Q60592_S841___1,-0.4767,No,0.266,0.027
Q60592_S970___1,-0.4142,No,0.3954,0.0546
Q60592_S1367___1,-0.5697,No,0.1249,0.0082
Q60592_S14___1,-0.4315,No,0.3572,0.0453
Q60592_S1319___1,-0.4651,No,0.2875,0.031
Q60592_S88___1,-0.2651,No,0.7352,0.2187
Q60592_S32___1,-0.3588,No,0.5216,0.096
Q811L6_S1436___1,-0.4707,No,0.2759,0.029
Q60592_S817___1,-0.5472,No,0.1552,0.0111
Q60592_S766___1,-0.2837,No,0.6957,0.1881
Q60596_S446___1,0.267,No,0.7303,0.2155
Q60598_S407___1,-0.1209,No,0.9353,0.575
Q60598_S150___1,-0.1204,No,0.9353,0.5766
Q60598_S418___1,0.1673,No,0.8976,0.4378
Q60605_S135___1,-0.05422,No,0.9779,0.8014
Q60605_S57___1,0.07445,No,0.9691,0.7298
Q60610_S231___1,-0.05166,No,0.9788,0.8106
Q60610_S219___1,-0.9241,Yes,0.0014,<0.0001
Q60610_S358___1,-0.183,No,0.8765,0.396
Q60670_S549___1,-0.2022,No,0.8483,0.3481
Q60692_S57___1,0.2391,No,0.7847,0.2672
Q60695_S747___1,0.1329,No,0.9249,0.5375
Q60714_S468___1,-0.3547,No,0.5302,0.0998
Q60737_S277___1,-0.1301,No,0.9286,0.5461
Q60738_S502___1,0.006928,No,>0.9999,0.9744
Q60749_S58___1,0.3521,No,0.5381,0.1024
Q60749_S322___1,-0.607,No,0.0894,0.0049
Q60749_S38___1,-0.2118,No,0.8344,0.3259
Q60750_S911___1,0.002674,No,>0.9999,0.9901
Q60751_S1345___1,-0.2047,No,0.8463,0.3424
Q60769_S631___1,0.532,No,0.1741,0.0136
Q60769_S571___1,0.2598,No,0.7448,0.2282
Q60770_S508___1,-0.2217,No,0.8162,0.3037
Q60774_S269___1,-0.1952,No,0.8613,0.3651
Q60775_S187___1,-0.173,No,0.8922,0.4222
Q60778_S346___1,0.08835,No,0.9566,0.6819
Q60780_S97___1,-0.2445,No,0.7748,0.2567
Q60780_S101___1,-0.05505,No,0.9776,0.7984
Q60780_S108___1,-0.2502,No,0.7623,0.2458
Q60790_S833___1,0.3929,No,0.4458,0.0684
Q60790_S528___1,-0.2378,No,0.7867,0.27
Q60790_S809___1,0.08812,No,0.957,0.6827
Q60793_S251___1,0.2974,No,0.6642,0.1677
Q60805_S538___1,0.09783,No,0.9478,0.6499
Q60823_S126___1,0.5739,No,0.1202,0.0078
Q60823_S474___1,-0.5909,No,0.1045,0.0061
Q60838_S618___1,-0.2288,No,0.8056,0.2885
Q60855_S313___1,-0.4127,No,0.3984,0.0555
Q60855_S415___1,0.1666,No,0.8981,0.4395
Q60864_S481___1,0.2254,No,0.8106,0.2957
Q60872_S102___1,-0.1003,No,0.9455,0.6417
Q60876_S64___1,0.3498,No,0.5448,0.1047
Q60902_S229___1,0.1503,No,0.9129,0.4856
Q60902_S570___1,-0.4624,No,0.2938,0.032
Q60925_S86___1,1.762,Yes,<0.0001,<0.0001
Q60925_S161___1,1.744,Yes,<0.0001,<0.0001
Q60930_S116___1,0.1412,No,0.9206,0.5123
Q60949_S521___1,-0.6297,No,0.0684,0.0035
Q60949_S565___1,0.2247,No,0.8106,0.2973
Q60949_S497___1,0.1678,No,0.8976,0.4363
Q60949_S621___1,-0.3937,No,0.443,0.0678
Q60949_S623___1,-0.09634,No,0.9496,0.6549
Q60952_S2302___1,-0.1173,No,0.9359,0.5864
Q60953_S609___1,0.0959,No,0.9496,0.6564
Q60953_S528___1,0.03931,No,0.9834,0.8553
Q60953_S515___1,0.2293,No,0.8053,0.2875
Q60953_S557___1,0.02662,No,0.9914,0.9017
Q60953_S17___1,-0.02673,No,0.9913,0.9013
Q60972_S355___1,0.2951,No,0.6699,0.171
Q60973_S354___1,0.07855,No,0.9653,0.7156
Q60974_S2329___1,0.1815,No,0.8771,0.3999
Q60980_S71___1,-0.008177,No,>0.9999,0.9697
Q60980_S91___1,-0.1082,No,0.9401,0.6158
Q60980_S249___1,-0.1164,No,0.9359,0.5891
Q60980_S110___1,0.04059,No,0.9834,0.8506
Q61026_S29___1,0.02773,No,0.9907,0.8976
Q61026_S736___1,0.283,No,0.6976,0.1891
Q61026_S699___1,0.06374,No,0.9723,0.7675
Q61026_S565___1,-0.02408,No,0.9915,0.9111
Q61026_S487___1,0.1463,No,0.9138,0.4974
Q61026_S493___1,-0.05219,No,0.9785,0.8087
Q61026_S499___1,0.01563,No,0.9974,0.9422
Q61026_S851___1,0.1498,No,0.9129,0.487
Q61029_S288___1,-0.3791,No,0.4775,0.0787
Q61029_S291___1,-0.3692,No,0.4971,0.0867
Q61033_S155___1,-0.3218,No,0.6132,0.1354
Q61033_S158___1,-0.166,No,0.8986,0.4412
Q61033_S166___1,-0.1465,No,0.9138,0.4966
Q61033_S66___1,-0.1025,No,0.9444,0.6343
Q61033_S67___1,0.08999,No,0.9556,0.6763
Q61033_S79___1,-0.284,No,0.6951,0.1876
Q61033_S82___1,-0.1441,No,0.9168,0.5037
Q61029_S183___1,-0.3755,No,0.485,0.0815
Q61033_S308___1,0.1164,No,0.9359,0.5891
Q61033_S183___1,-0.8192,Yes,0.007,0.0001
Q61033_S411___1,0.3336,No,0.5843,0.1217
Q61033_S422___1,0.2021,No,0.8483,0.3485
Q61033_S291___1,-0.1741,No,0.8896,0.4192
Q61062_S700___1,-0.1903,No,0.8666,0.3774
Q61069_S309___1,-0.1358,No,0.9234,0.5286
Q61069_S186___1,-0.06618,No,0.9712,0.7588
Q61070_S46___1,0.4298,No,0.3604,0.0461
Q61072_S735___1,0.1777,No,0.8827,0.4096
Q61074_S524___1,0.261,No,0.7437,0.2259
Q61080_S334___1,-0.495,No,0.2342,0.0217
Q61083_S239___1,-0.07626,No,0.9681,0.7235
Q61083_S331___1,0.1673,No,0.8976,0.4377
Q61083_S153___1,-0.2233,No,0.8129,0.3003
Q61083_S514___1,-0.165,No,0.9008,0.4439
Q61084_S250___1,-0.8654,Yes,0.0036,<0.0001
Q61084_S337___1,0.316,No,0.6262,0.1427
Q61084_S340___1,-0.1596,No,0.9053,0.459
Q61084_S147___1,-0.01124,No,0.9985,0.9584
Q61084_S355___1,0.06573,No,0.9712,0.7604
Q61084_S237___1,-0.9445,Yes,0.001,<0.0001
Q61089_S656___1,0.1058,No,0.941,0.6236
Q61097_S320___1,-0.1122,No,0.9395,0.6026
Q61097_S392___1,-0.08047,No,0.9643,0.7089
Q61097_S838___1,0.2042,No,0.8478,0.3434
Q61103_S142___1,0.3535,No,0.5329,0.101
Q61122_S327___1,0.1969,No,0.8583,0.361
Q61122_S405___1,0.8442,Yes,0.0049,<0.0001
Q61124_S14___1,-0.02598,No,0.9915,0.9041
Q61127_S159___1,0.06613,No,0.9712,0.759
Q61127_S162___1,0.5601,No,0.1369,0.0094
Q61127_S6___1,0.1337,No,0.9249,0.5349
Q61127_S515___1,0.2941,No,0.6723,0.1724
Q61127_S171___1,0.4158,No,0.3917,0.0537
Q61136_S437___1,0.1183,No,0.9359,0.5832
Q61136_S33___1,0.05968,No,0.9747,0.7819
Q61136_S88___1,0.02208,No,0.9929,0.9184
Q61136_S94___1,0.1241,No,0.9344,0.5649
Q61136_S366___1,-0.06437,No,0.9716,0.7652
Q61142_S199___1,-0.1096,No,0.9401,0.611
Q61142_S39___1,-0.6026,No,0.0929,0.0052
Q61161_S328___1,0.02948,No,0.9906,0.8912
Q61165_S707___1,0.2461,No,0.7701,0.2536
Q61165_S801___1,-0.01007,No,0.999,0.9627
Q61165_S609___1,-0.1673,No,0.8976,0.4377
Q61165_S697___1,-0.00757,No,>0.9999,0.972
Q61165_S776___1,0.2002,No,0.8506,0.353
Q61165_S790___1,-0.0296,No,0.9906,0.8908
Q61166_S155___1,-0.04216,No,0.9833,0.8449
Q61169_S266___1,-0.138,No,0.9233,0.5221
Q61179_S139___1,-0.03328,No,0.987,0.8773
Q61179_S247___1,0.0335,No,0.9869,0.8765
Q61179_S162___1,0.0893,No,0.9558,0.6787
Q61183_S24___1,0.1743,No,0.8892,0.4188
Q61183_S537___1,0.05955,No,0.9747,0.7823
Q61191_S1516___1,0.03144,No,0.9888,0.884
Q61191_S2030___1,-0.1978,No,0.8559,0.3587
Q61191_S598___1,-0.3554,No,0.5294,0.0992
Q61193_S619___1,0.004948,No,>0.9999,0.9817
Q61194_S60___1,-0.2171,No,0.8245,0.3139
Q61214_S748___1,-0.002485,No,>0.9999,0.9908
Q61214_S758___1,0.1557,No,0.9086,0.4702
Q61216_S686___1,0.02328,No,0.9922,0.914
Q61216_S2___1,0.09753,No,0.9481,0.6509
Q61216_S648___1,0.1504,No,0.9129,0.4855
Q61234_S183___1,-0.09979,No,0.9459,0.6434
Q61234_S194___1,-0.2417,No,0.781,0.2621
Q61234_S195___1,-0.2678,No,0.7291,0.2141
Q61235_S75___1,0.1204,No,0.9353,0.5765
Q61235_S88___1,0.16,No,0.9047,0.4578
Q61235_S90___1,0.004696,No,>0.9999,0.9826
Q61235_S202___1,0.4614,No,0.295,0.0323
Q61235_S373___1,0.2655,No,0.7345,0.218
Q61235_S109___1,0.009113,No,>0.9999,0.9663
Q61288_S160___1,-0.2068,No,0.8434,0.3373
Q61316_S816___1,0.395,No,0.4398,0.0669
Q61329_S1600___1,-0.07838,No,0.9655,0.7161
Q61329_S2634___1,0.1707,No,0.896,0.4283
Q61329_S2640___1,0.2388,No,0.7854,0.268
Q61329_S1199___1,0.2448,No,0.7738,0.256
Q61329_S573___1,0.4986,No,0.2285,0.0207
Q61329_S2804___1,0.2265,No,0.809,0.2933
Q61337_S112___1,0.15,No,0.9129,0.4864
Q61337_S155___1,0.2212,No,0.8179,0.3048
Q61337_S136___1,-0.1031,No,0.944,0.6325
Q61382_S426___1,-0.1426,No,0.9194,0.5082
Q61409_S296___1,-0.04431,No,0.9833,0.8371
Q61409_S536___1,-0.2381,No,0.7861,0.2693
Q61469_S273___1,-0.2132,No,0.8316,0.3226
Q61508_S556___1,-0.3855,No,0.4642,0.0737
Q61550_S549___1,-0.222,No,0.8161,0.303
Q61554_S2704___1,-0.03327,No,0.987,0.8773
Q61572_S521___1,0.1017,No,0.9449,0.6372
Q61586_S694___1,0.3219,No,0.6128,0.1353
Q61595_S75___1,-0.09446,No,0.9504,0.6612
Q61602_S45___1,0.01217,No,0.9979,0.955
Q61602_S664___1,0.1245,No,0.9344,0.5635
Q61602_S445___1,0.169,No,0.8975,0.4331
Q61602_S865___1,-0.1221,No,0.935,0.571
Q61624_S784___1,-0.01994,No,0.9945,0.9263
Q61624_S412___1,0.03899,No,0.9834,0.8564
Q61624_S665___1,-0.2165,No,0.8261,0.3153
Q61656_S24___1,-0.1218,No,0.9352,0.5721
Q61656_S480___1,-0.04975,No,0.9816,0.8175
Q61666_S566___1,-0.4048,No,0.416,0.0604
Q61666_S424___1,-0.276,No,0.7106,0.2004
Q61686_S92___1,-0.1525,No,0.9129,0.4794
Q61686_S93___1,-0.008629,No,>0.9999,0.9681
Q61686_S97___1,-0.1469,No,0.9137,0.4955
Q61686_S14___1,0.007547,No,>0.9999,0.9721
Q61687_S717___1,-0.2708,No,0.7209,0.209
Q61687_S719___1,-0.2818,No,0.6992,0.191
Q61687_S854___1,-0.2067,No,0.8436,0.3377
Q61687_S855___1,-0.06083,No,0.9747,0.7778
Q61687_S626___1,0.0416,No,0.9833,0.847
Q61687_S644___1,0.04101,No,0.9833,0.8491
Q61687_S1512___1,0.446,No,0.325,0.0386
Q61687_S940___1,0.0258,No,0.9915,0.9047
Q61687_S1290___1,0.1949,No,0.8613,0.3659
Q61687_S1224___1,0.3446,No,0.5593,0.1099
Q61687_S766___1,-1.279,Yes,<0.0001,<0.0001
Q61687_S801___1,-0.09028,No,0.9556,0.6753
Q61687_S590___1,0.4362,No,0.3449,0.043
Q61687_S2471___1,0.2533,No,0.7565,0.24
Q61687_S691___1,0.07391,No,0.9691,0.7317
Q61687_S876___1,0.4981,No,0.2292,0.0208
Q61687_S665___1,-0.1073,No,0.9406,0.6185
Q61687_S315___1,0.2983,No,0.6642,0.1664
Q61687_S92___1,0.01235,No,0.9979,0.9543
Q61687_S212___1,0.07939,No,0.9653,0.7126
Q61703_S60___1,0.08546,No,0.9606,0.6918
Q61712_S379___1,0.2726,No,0.7166,0.206
Q61712_S477___1,0.06044,No,0.9747,0.7792
Q61712_S361___1,-0.1439,No,0.9168,0.5043
Q61712_S498___1,0.2132,No,0.8316,0.3226
Q61730_S566___1,-0.08048,No,0.9643,0.7089
Q61730_S556___1,0.1775,No,0.8831,0.4102
Q61749_S21___1,0.2375,No,0.7873,0.2706
Q61768_S945___1,-0.1262,No,0.9335,0.5582
Q61768_S933___1,0.3192,No,0.6177,0.1387
Q61768_S819___1,-0.2403,No,0.783,0.265
Q61792_S78___1,0.2613,No,0.7435,0.2254
Q61792_S82___1,0.3866,No,0.461,0.0729
Q61792_S134___1,-0.09271,No,0.9526,0.6671
Q61810_S1164___1,-0.07853,No,0.9653,0.7156
Q61823_S457___1,-0.1968,No,0.8583,0.3612
Q61823_S94___1,0.435,No,0.3474,0.0436
Q61824_S848___1,0.08969,No,0.9556,0.6773
Q61827_S25___1,-0.1163,No,0.9359,0.5896
Q61846_S497___1,0.1114,No,0.9395,0.6054
Q61846_S521___1,0.3342,No,0.5825,0.1211
Q61847_S243___1,0.1001,No,0.9459,0.6425
Q61850_S218___1,0.2539,No,0.755,0.2388
Q61850_S280___1,-0.3404,No,0.5685,0.1143
Q61850_S287___1,0.2382,No,0.7861,0.2692
Q61879_S1129___1,-0.09841,No,0.9474,0.648
Q61879_S1935___1,-0.2686,No,0.7262,0.2127
Q61879_S1937___1,-0.02615,No,0.9915,0.9034
Q61879_S1938___1,-0.02142,No,0.9938,0.9208
Q61879_S1939___1,-0.1309,No,0.9286,0.5437
Q61879_S1720___1,0.0561,No,0.977,0.7947
Q61879_S1013___1,-0.1427,No,0.9193,0.5079
Q61879_S1037___1,0.04572,No,0.9833,0.832
Q61879_S1335___1,-0.3925,No,0.4463,0.0686
Q61879_S1956___1,0.01974,No,0.9948,0.927
Q61879_S1975___1,-0.05254,No,0.9785,0.8074
Q61909_S390___1,-0.005643,No,>0.9999,0.9791
Q61937_S125___1,0.156,No,0.9086,0.4692
Q61937_S70___1,0.2418,No,0.781,0.262
Q61937_S216___1,0.02278,No,0.9927,0.9158
Q61937_S258___1,0.2626,No,0.7406,0.2231
Q61937_S241___1,0.1297,No,0.9295,0.5474
Q61937_S252___1,0.7011,Yes,0.0312,0.0011
Q61937_S88___1,0.1143,No,0.9379,0.5958
Q61967_S96___1,-0.5988,No,0.0971,0.0055
Q61990_S184___1,0.281,No,0.7001,0.1924
Q61990_S185___1,0.2092,No,0.8394,0.3319
Q61990_S268___1,0.06743,No,0.9706,0.7544
Q61990_S361___1,0.05598,No,0.977,0.7951
Q61990_S362___1,0.05353,No,0.9779,0.8039
Q62018_S970___1,-0.368,No,0.4991,0.0878
Q62018_S941___1,-0.4247,No,0.3711,0.0488
Q62036_S120___1,-0.6152,No,0.0809,0.0043
Q62036_S144___1,-0.3623,No,0.5133,0.0928
Q62048_S116___1,-0.124,No,0.9344,0.565
Q62048_S104___1,-0.1627,No,0.9028,0.4505
Q62073_S389___1,0.06634,No,0.9712,0.7582
Q62073_S367___1,0.2239,No,0.8116,0.2988
Q62077_S1248___1,-0.7747,Yes,0.0126,0.0003
Q62077_S1233___1,0.2984,No,0.6642,0.1663
Q62077_S1263___1,-0.1818,No,0.8767,0.399
Q62093_S26___1,0.04575,No,0.9833,0.8319
Q62095_S592___1,-0.1329,No,0.9249,0.5375
Q62167_S410___1,-0.1746,No,0.8891,0.418
Q62095_S130___1,-0.2545,No,0.754,0.2378
Q62101_S203___1,-0.1381,No,0.9233,0.5218
Q62101_S255___1,-0.02192,No,0.9929,0.919
Q8K1Y2_S734___1,-0.1905,No,0.8664,0.3768
Q62101_S245___1,-0.1563,No,0.9086,0.4685
Q8K1Y2_S395___1,-0.3546,No,0.5304,0.0999
Q62120_S523___1,0.02422,No,0.9915,0.9105
Q62130_S811___1,-0.01255,No,0.9979,0.9536
Q62130_S461___1,-1.131,Yes,<0.0001,<0.0001
Q62130_S593___1,0.2219,No,0.8161,0.3034
Q62130_S594___1,-0.01236,No,0.9979,0.9543
Q62130_S646___1,-0.06581,No,0.9712,0.7601
Q62130_S314___1,-0.04601,No,0.9833,0.831
Q62130_S762___1,0.009589,No,0.9993,0.9645
Q62130_S486___1,-0.1166,No,0.9359,0.5885
Q62130_S328___1,-0.198,No,0.8554,0.3582
Q62130_S465___1,-0.3946,No,0.441,0.0672
Q62130_S620___1,-0.05581,No,0.9773,0.7957
Q62136_S799___1,-0.08058,No,0.9643,0.7085
Q62136_S777___1,-0.02402,No,0.9915,0.9113
Q62136_S590___1,-0.05491,No,0.9777,0.7989
Q62136_S822___1,-0.0154,No,0.9976,0.943
Q62136_S377___1,-0.01855,No,0.9953,0.9314
Q62136_S492___1,0.1376,No,0.9234,0.5232
Q62136_S637___1,-0.0283,No,0.9906,0.8955
Q62136_S577___1,0.3712,No,0.4935,0.0851
Q62136_S658___1,-0.04379,No,0.9833,0.839
Q62136_S660___1,-0.4268,No,0.3663,0.0477
Q62167_S605___1,-0.3773,No,0.4816,0.08
Q62167_S606___1,-0.6914,Yes,0.0349,0.0013
Q62167_S612___1,-0.425,No,0.3703,0.0487
Q62167_S614___1,-0.3576,No,0.5246,0.0971
Q62167_S594___1,-0.2114,No,0.8347,0.3268
Q62167_S83___1,0.07481,No,0.9691,0.7285
Q62167_S619___1,-0.3212,No,0.6138,0.1362
Q62167_S90___1,-0.08028,No,0.9643,0.7096
Q62167_S131___1,0.1136,No,0.9384,0.5981
Q62172_S29___1,0.1613,No,0.9036,0.4543
Q62172_S62___1,-0.1999,No,0.8506,0.3536
Q62179_S816___1,0.6754,Yes,0.0422,0.0017
Q62187_S845___1,0.2823,No,0.6987,0.1903
Q62187_S137___1,0.2014,No,0.849,0.3501
Q62187_S437___1,0.2729,No,0.7159,0.2055
Q62187_S443___1,0.4179,No,0.3861,0.0526
Q62188_S522___1,0.1805,No,0.8782,0.4025
Q62188_S568___1,0.05965,No,0.9747,0.782
Q62188_S570___1,0.2257,No,0.8106,0.2951
Q62190_S1358___1,-0.06921,No,0.9706,0.7481
Q62190_S1033___1,-0.3268,No,0.6006,0.1295
Q62190_S1372___1,-0.3884,No,0.456,0.0716
Q62210_S139___1,-0.2574,No,0.7503,0.2325
Q62210_S153___1,0.04352,No,0.9833,0.84
Q62245_S1183___1,-0.2812,No,0.6993,0.192
Q62245_S1164___1,0.03218,No,0.9887,0.8813
Q62245_S1261___1,-0.1339,No,0.9249,0.5345
Q62245_S1082___1,-0.1966,No,0.8583,0.3617
Q62245_S1147___1,-0.5102,No,0.2097,0.0179
Q62245_S1120___1,-0.4366,No,0.3446,0.0428
Q62261_S938___1,-0.003117,No,>0.9999,0.9885
Q62261_S2340___1,-0.02547,No,0.9915,0.9059
Q62261_S2164___1,0.2921,No,0.677,0.1755
Q62261_S2127___1,-0.1051,No,0.942,0.626
Q62261_S2137___1,0.1553,No,0.9088,0.4712
Q62261_S257___1,-0.08135,No,0.9643,0.7059
Q62261_S2102___1,-0.7704,Yes,0.0133,0.0004
Q62261_S2357___1,-0.1458,No,0.9154,0.4989
Q62261_S1237___1,-0.09097,No,0.9546,0.673
Q62261_S2183___1,-0.08997,No,0.9556,0.6764
Q62311_S673___1,0.2536,No,0.756,0.2394
Q62311_S653___1,-0.2963,No,0.6669,0.1692
Q62313_S28___1,0.1653,No,0.9005,0.4431
Q62318_S23___1,0.1419,No,0.9194,0.5103
Q62318_S752___1,-0.1181,No,0.9359,0.5838
Q62318_S757___1,-0.08341,No,0.9621,0.6988
Q62318_S824___1,0.1025,No,0.9444,0.6344
Q62318_S828___1,0.1624,No,0.9028,0.4512
Q62318_S501___1,-0.1735,No,0.8914,0.4208
Q62318_S51___1,0.2504,No,0.7623,0.2455
Q62318_S473___1,0.2101,No,0.8369,0.3297
Q62348_S190___1,1.039,Yes,0.0002,<0.0001
Q62376_S226___1,-0.1583,No,0.9073,0.4627
Q62376_S408___1,-0.02331,No,0.9922,0.9139
Q62377_S353___1,0.2828,No,0.6985,0.1895
Q62383_S125___1,0.06981,No,0.9706,0.746
Q62388_S1987___1,0.1216,No,0.9352,0.5726
Q62392_S288___1,-0.05269,No,0.9785,0.8069
Q62394_S18___1,-0.1018,No,0.9449,0.6368
Q62394_S38___1,-0.2497,No,0.7625,0.2466
Q62407_S2114___1,-0.5838,No,0.1113,0.0068
Q62407_S2042___1,-0.7437,Yes,0.0187,0.0006
Q62407_S2050___1,0.1815,No,0.8771,0.3998
Q62407_S531___1,-0.3162,No,0.6256,0.1424
Q62407_S2451___1,-0.3271,No,0.5994,0.1291
Q62407_S2019___1,0.2248,No,0.8106,0.2969
Q62407_S2020___1,-0.3963,No,0.4381,0.066
Q62407_S2777___1,-0.2802,No,0.7008,0.1936
Q62407_S1177___1,-0.3414,No,0.5666,0.1133
Q62407_S394___1,-0.4801,No,0.2599,0.0259
Q62407_S2182___1,-0.2011,No,0.8495,0.3508
Q62407_S1603___1,0.04017,No,0.9834,0.8522
Q62407_S2413___1,-0.5704,No,0.1242,0.0081
Q62407_S493___1,0.1809,No,0.8781,0.4012
Q62407_S423___1,-0.1297,No,0.9295,0.5475
Q62407_S2936___1,-0.2311,No,0.8024,0.2837
Q62407_S2396___1,-1.254,Yes,<0.0001,<0.0001
Q62407_S2135___1,-0.6781,Yes,0.0409,0.0017
Q62407_S2004___1,-0.2117,No,0.8344,0.326
Q62415_S708___1,0.01481,No,0.9978,0.9452
Q62417_S345___1,0.1638,No,0.9028,0.4474
Q62419_S288___1,-0.1034,No,0.9437,0.6314
Q62419_S291___1,-0.1634,No,0.9028,0.4484
Q62419_S300___1,-0.119,No,0.9358,0.5809
Q62422_S214___1,0.09137,No,0.9543,0.6717
Q62433_S330___1,-0.3389,No,0.572,0.1159
Q62433_S342___1,-0.2033,No,0.8483,0.3457
Q62441_S208___1,-0.06479,No,0.9712,0.7637
Q62445_S768___1,-0.03805,No,0.9842,0.8599
Q62445_S755___1,-0.2441,No,0.7761,0.2575
Q62470_S1044___1,-0.3209,No,0.6144,0.1365
Q62504_S1395___1,-0.3893,No,0.4546,0.0709
Q62504_S636___1,-0.4584,No,0.2985,0.0334
Q62504_S1293___1,-0.8283,Yes,0.0063,0.0001
Q62504_S2491___1,-0.567,No,0.1283,0.0085
Q62504_S1276___1,-0.4438,No,0.3297,0.0395
Q62504_S749___1,-1.055,Yes,0.0001,<0.0001
Q62523_S144___1,-0.0969,No,0.9488,0.653
Q62523_S272___1,0.3582,No,0.5232,0.0966
Q62523_S248___1,0.07286,No,0.9696,0.7353
Q62523_S300___1,-0.1534,No,0.9111,0.4767
Q62523_S336___1,0.4305,No,0.3589,0.0458
Q62523_S44___1,0.09811,No,0.9474,0.649
Q63918_S247___1,-0.6142,No,0.0819,0.0044
Q63918_S287___1,-0.5663,No,0.1291,0.0086
Q63918_S293___1,-0.07395,No,0.9691,0.7315
Q63918_S296___1,-0.1448,No,0.9165,0.5017
Q63918_S218___1,-0.3625,No,0.5132,0.0927
Q63918_S359___1,-0.2287,No,0.8056,0.2886
Q63918_S363___1,-0.2285,No,0.8061,0.2892
Q63918_S264___1,-0.7269,Yes,0.0232,0.0007
Q63918_S390___1,-0.1871,No,0.869,0.3855
Q63918_S396___1,0.02862,No,0.9906,0.8944
Q63943_S231___1,-0.1564,No,0.9086,0.468
Q63943_S180___1,0.08209,No,0.9641,0.7033
Q63943_S437___1,-0.4882,No,0.2462,0.0235
Q63ZW7_S482___1,0.04766,No,0.983,0.825
Q63ZW7_S647___1,0.01246,No,0.9979,0.9539
Q64008_S241___1,-0.05738,No,0.9761,0.7901
Q64010_S125___1,0.1209,No,0.9353,0.5749
Q640M6_S543___1,0.1379,No,0.9234,0.5225
Q640N2_S328___1,0.1862,No,0.8701,0.3876
Q640N2_S355___1,-0.347,No,0.553,0.1074
Q640Q5_S300___1,-0.1527,No,0.9126,0.4788
Q64151_S761___1,0.0445,No,0.9833,0.8364
Q64151_S833___1,-0.01668,No,0.9959,0.9383
Q64152_S199___1,-0.004992,No,>0.9999,0.9815
Q64314_S343___1,0.3849,No,0.4655,0.0741
Q64314_S371___1,-0.1984,No,0.8541,0.3573
Q64318_S657___1,-0.2005,No,0.8503,0.3523
Q64318_S664___1,-0.1824,No,0.8765,0.3974
Q64318_S682___1,0.07965,No,0.9652,0.7117
Q64318_S302___1,0.02639,No,0.9915,0.9026
Q64327_S170___1,-0.2243,No,0.811,0.2982
Q64337_S226___1,0.086,No,0.9597,0.6899
Q64337_S207___1,-0.2912,No,0.6784,0.1767
Q64337_S24___1,0.1002,No,0.9457,0.6421
Q64429_S282___1,0.1282,No,0.9311,0.5521
Q64430_S1457___1,0.1868,No,0.8695,0.386
Q64430_S1438___1,0.2815,No,0.6992,0.1916
Q64433_S57___1,0.0744,No,0.9691,0.73
Q64433_S51___1,0.2068,No,0.8435,0.3374
Q64449_S1445___1,-0.1578,No,0.9079,0.4642
Q64449_S1452___1,-0.05523,No,0.9776,0.7978
Q64449_S1470___1,0.225,No,0.8106,0.2965
Q64455_S1091___1,-0.02389,No,0.9917,0.9118
Q64511_S1537___1,-0.5484,No,0.1543,0.011
Q64511_S1539___1,-0.6415,No,0.0609,0.0029
Q64511_S1511___1,-0.7823,Yes,0.0114,0.0003
Q64511_S1568___1,-0.5079,No,0.214,0.0185
Q64511_S1224___1,-0.009567,No,0.9993,0.9646
Q64511_S1600___1,-0.5175,No,0.1972,0.0164
Q64511_S1363___1,-0.5459,No,0.1563,0.0113
Q64512_S2059___1,0.006986,No,>0.9999,0.9741
Q64512_S1621___1,0.2163,No,0.8265,0.3156
Q64512_S1271___1,0.5029,No,0.2217,0.0196
Q64512_S1221___1,-0.2958,No,0.6682,0.1699
Q64512_S189___1,-0.2406,No,0.7825,0.2643
Q64512_S880___1,0.03816,No,0.984,0.8595
Q64512_S890___1,0.4956,No,0.2326,0.0215
Q64512_S1073___1,-0.02089,No,0.9943,0.9228
Q64512_S1025___1,-0.1656,No,0.9,0.4424
Q64512_S951___1,-0.1658,No,0.8992,0.4418
Q64512_S1286___1,-0.2868,No,0.6882,0.1833
Q64669_S82___1,-0.01654,No,0.9962,0.9388
Q64700_S37___1,0.1624,No,0.9028,0.4513
Q64700_S1108___1,0.2129,No,0.8319,0.3232
Q64700_S1134___1,-0.05604,No,0.977,0.7949
Q64700_S989___1,0.3333,No,0.5856,0.122
Q64700_S636___1,0.08771,No,0.9574,0.6841
Q64700_S410___1,-0.197,No,0.8583,0.3608
Q64705_S222___1,0.1535,No,0.9111,0.4764
Q64707_S50___1,-0.1108,No,0.9398,0.6071
Q64727_S637___1,0.1548,No,0.9094,0.4726
Q64727_S52___1,0.05923,No,0.9747,0.7835
Q64727_S272___1,-0.1487,No,0.9129,0.4901
Q64727_S275___1,0.07556,No,0.969,0.7259
Q64727_S579___1,0.2116,No,0.8344,0.3263
Q64727_S600___1,-0.103,No,0.9441,0.6329
Q64727_S357___1,0.005134,No,>0.9999,0.981
Q64727_S346___1,-0.2164,No,0.8261,0.3153
Q64727_S809___1,-0.07005,No,0.9705,0.7452
Q64727_S566___1,-0.05333,No,0.978,0.8046
Q64727_S290___1,-0.1905,No,0.8664,0.3769
Q64727_S787___1,-0.3542,No,0.5317,0.1003
Q64727_S721___1,-0.04657,No,0.9832,0.8289
Q64727_S755___1,0.101,No,0.9449,0.6392
Q65Z40_S226___1,0.2545,No,0.754,0.2377
Q65Z40_S77___1,0.1348,No,0.9237,0.5316
Q66JV4_S277___1,0.06781,No,0.9706,0.7531
Q66JV4_S279___1,0.06781,No,0.9706,0.7531
Q66JV4_S658___1,0.01746,No,0.9956,0.9355
Q66JV4_S555___1,0.3437,No,0.562,0.1109
Q66JV4_S681___1,0.6587,No,0.0513,0.0022
Q66JV7_S337___1,-0.4013,No,0.4253,0.0627
Q66L44_S290___1,-0.3358,No,0.5783,0.1193
Q66L44_S610___1,-0.3556,No,0.529,0.099
Q66L44_S129___1,-0.1965,No,0.8583,0.3619
Q673H1_S146___1,-1.485,Yes,<0.0001,<0.0001
Q67FY2_S102___1,0.1263,No,0.9335,0.5578
Q67FY2_S21___1,0.04485,No,0.9833,0.8352
Q67FY2_S116___1,-0.1856,No,0.8705,0.3893
Q67FY2_S118___1,0.389,No,0.4548,0.0711
Q67FY2_S1007___1,0.1475,No,0.9129,0.4937
Q67FY2_S1475___1,0.1494,No,0.9129,0.4884
Q67FY2_S1014___1,-0.01165,No,0.9979,0.9569
Q68ED3_S545___1,-0.2744,No,0.714,0.203
Q68ED7_S113___1,-0.1633,No,0.9028,0.4487
Q68EF8_S313___1,-0.04401,No,0.9833,0.8382
Q68FD7_S945___1,0.3094,No,0.6414,0.1512
Q68FD7_S220___1,0.1194,No,0.9358,0.5795
Q68FD7_S261___1,-0.1285,No,0.9306,0.5511
Q68FE6_S342___1,-0.2821,No,0.6987,0.1906
Q68FE6_S347___1,0.1376,No,0.9234,0.5234
Q68FE6_S110___1,0.1503,No,0.9129,0.4856
Q68FE6_S22___1,0.432,No,0.3556,0.0451
Q68FF6_S679___1,-0.1679,No,0.8976,0.436
Q68FF6_S507___1,-0.1629,No,0.9028,0.4499
Q68FF6_S419___1,0.1682,No,0.8976,0.4353
Q68FF6_S570___1,-0.23,No,0.8048,0.2859
Q68FF6_S580___1,0.05322,No,0.9783,0.805
Q68FF6_S601___1,0.1997,No,0.8511,0.3543
Q68FF6_S397___1,0.1168,No,0.9359,0.5878
Q68FH0_S280___1,0.1477,No,0.9129,0.4933
Q68FH0_S222___1,-0.1555,No,0.9087,0.4706
Q68FH0_S235___1,-0.02857,No,0.9906,0.8945
Q68FH0_S446___1,-0.2856,No,0.6915,0.1852
Q68FH0_S457___1,-0.05028,No,0.9809,0.8156
Q68FH0_S326___1,-0.04106,No,0.9833,0.8489
Q68FH0_S336___1,0.03986,No,0.9834,0.8533
Q68FH0_S313___1,-0.212,No,0.8344,0.3253
Q68FL4_S109___1,0.1374,No,0.9234,0.5238
Q69Z38_S791___1,-0.1333,No,0.9249,0.5362
Q69Z38_S1363___1,-0.3952,No,0.4395,0.0667
Q69Z38_S282___1,-0.291,No,0.6787,0.177
Q69Z38_S786___1,0.02791,No,0.9906,0.897
Q69Z38_S1000___1,-0.4187,No,0.384,0.0521
Q69Z38_S390___1,-0.08248,No,0.9635,0.702
Q69Z38_S1239___1,-0.1366,No,0.9234,0.5262
Q69Z38_S1223___1,-0.03088,No,0.9897,0.8861
Q69Z38_S1203___1,-0.06029,No,0.9747,0.7797
Q69Z38_S1206___1,-0.1355,No,0.9234,0.5295
Q69Z38_S500___1,0.04343,No,0.9833,0.8403
Q69Z38_S504___1,-0.03356,No,0.9869,0.8763
Q69Z38_S215___1,-0.08414,No,0.9612,0.6963
Q69Z38_S1281___1,-0.393,No,0.4452,0.0682
Q69Z38_S569___1,0.3568,No,0.5265,0.0979
Q69Z38_S645___1,-0.2886,No,0.6838,0.1805
Q69Z38_S825___1,-0.07047,No,0.9703,0.7437
Q69Z38_S913___1,-0.135,No,0.9236,0.5311
Q69Z38_S757___1,-0.2251,No,0.8106,0.2964
Q69Z38_S371___1,-0.03774,No,0.9843,0.861
Q69Z38_S57___1,-0.363,No,0.5121,0.0921
Q69Z66_S332___1,-0.4861,No,0.2511,0.0241
Q69ZB3_S41___1,0.003641,No,>0.9999,0.9865
Q69ZC8_S146___1,-0.01183,No,0.9979,0.9562
Q69ZC8_S104___1,0.06648,No,0.9712,0.7578
Q69ZF3_S893___1,-0.3397,No,0.57,0.115
Q69ZF7_S657___1,0.126,No,0.9335,0.559
Q69ZH9_S351___1,-0.7205,Yes,0.0253,0.0008
Q69ZH9_S1454___1,-0.64,No,0.0619,0.003
Q69ZH9_S361___1,-0.1438,No,0.9168,0.5048
Q69ZH9_S372___1,-0.4115,No,0.4014,0.0562
Q69ZH9_S594___1,-1.021,Yes,0.0002,<0.0001
Q69ZH9_S643___1,-0.32,No,0.616,0.1377
Q69ZH9_S1388___1,-0.2948,No,0.6705,0.1714
Q69ZH9_S515___1,-0.3603,No,0.5178,0.0946
Q69ZH9_S607___1,-0.4263,No,0.3675,0.048
Q69ZH9_S619___1,-0.2908,No,0.6792,0.1773
Q69ZH9_S421___1,-0.05662,No,0.9767,0.7928
Q69ZI1_S304___1,0.1132,No,0.9385,0.5996
Q69ZI1_S741___1,-0.06361,No,0.9726,0.7679
Q69ZK6_S762___1,0.1236,No,0.9346,0.5665
Q69ZK6_S460___1,-0.3098,No,0.6414,0.1507
Q69ZK6_S1789___1,-0.1486,No,0.9129,0.4906
Q69ZL1_S494___1,-0.04175,No,0.9833,0.8464
Q69ZL1_S670___1,-0.8508,Yes,0.0044,<0.0001
Q69ZN7_S340___1,-0.2363,No,0.7913,0.2731
Q69ZN7_S1495___1,0.2191,No,0.8198,0.3094
Q69ZN7_S174___1,-0.2291,No,0.8053,0.2879
Q69ZR2_S1514___1,-0.1822,No,0.8766,0.3979
Q69ZR2_S1777___1,0.1161,No,0.9359,0.5901
Q69ZR2_S345___1,0.1569,No,0.9081,0.4667
Q69ZR2_S1572___1,0.1019,No,0.9449,0.6363
Q69ZS0_S584___1,-0.1318,No,0.9277,0.541
Q69ZS0_S775___1,-0.1028,No,0.9441,0.6335
Q69ZW3_S335___1,-0.08314,No,0.9623,0.6997
Q69ZX6_S775___1,-0.0739,No,0.9691,0.7317
Q69ZX6_S741___1,-0.3732,No,0.4904,0.0834
Q69ZX8_S503___1,0.04443,No,0.9833,0.8367
Q69ZX8_S388___1,-0.1228,No,0.9347,0.5689
Q69ZZ6_S410___1,0.08055,No,0.9643,0.7086
Q69ZZ6_S475___1,0.1623,No,0.9028,0.4514
Q69ZZ6_S378___1,-0.08139,No,0.9643,0.7057
Q69ZZ6_S134___1,-0.7172,Yes,0.0263,0.0009
Q69ZZ9_S436___1,0.1842,No,0.8735,0.3928
Q69ZZ9_S276___1,0.1897,No,0.8667,0.3788
Q69ZZ9_S25___1,-0.05505,No,0.9776,0.7984
Q6A009_S558___1,-0.07778,No,0.9658,0.7182
Q6A026_S1300___1,-0.2857,No,0.6915,0.1851
Q6A026_S1194___1,0.2356,No,0.7922,0.2745
Q6A026_S1174___1,0.1878,No,0.8678,0.3837
Q6A026_S1181___1,0.3243,No,0.6071,0.1324
Q6A037_S299___1,-0.5223,No,0.1882,0.0154
Q6A039_S205___1,0.105,No,0.942,0.6261
Q6A039_S307___1,-0.1849,No,0.8718,0.3911
Q6A058_S104___1,-0.0295,No,0.9906,0.8912
Q6A058_S353___1,0.4001,No,0.4278,0.0635
Q6A065_S1200___1,0.1199,No,0.9358,0.5781
Q6A065_S1102___1,-0.09795,No,0.9476,0.6495
Q6A065_S1229___1,-0.04303,No,0.9833,0.8418
Q6A065_S1231___1,-0.2357,No,0.7922,0.2742
Q6A065_S1155___1,-0.1611,No,0.9036,0.4548
Q6A065_S872___1,-0.5608,No,0.1361,0.0093
Q6A065_S1188___1,0.04225,No,0.9833,0.8446
Q6A065_S829___1,-0.2686,No,0.7262,0.2128
Q6A065_S443___1,-0.5759,No,0.1184,0.0076
Q6A065_S1529___1,-0.1115,No,0.9395,0.6051
Q6A065_S950___1,-0.0851,No,0.9608,0.693
Q6A065_S1048___1,0.119,No,0.9358,0.581
Q6A098_S897___1,-0.3296,No,0.5945,0.1263
Q6A0A2_S603___1,0.03315,No,0.9871,0.8778
Q6A0A2_S500___1,-0.731,Yes,0.022,0.0007
Q6A0A9_S30___1,-0.05281,No,0.9785,0.8065
Q6A0A9_S415___1,-0.09499,No,0.9504,0.6594
Q6A0A9_S1021___1,0.05999,No,0.9747,0.7808
Q6A0A9_S485___1,-0.5863,No,0.1088,0.0065
Q6A0D4_S507___1,-0.08875,No,0.9566,0.6805
Q6A0D4_S199___1,0.2101,No,0.8369,0.3297
Q6A0D4_S530___1,-0.2497,No,0.7626,0.2468
Q6A0D4_S536___1,-0.2714,No,0.7188,0.208
Q6A0D4_S452___1,-0.1658,No,0.8992,0.4417
Q6A0D4_S174___1,-0.1611,No,0.9036,0.4549
Q6A0D4_S183___1,-0.1232,No,0.9347,0.5675
Q6A0D4_S227___1,-0.04499,No,0.9833,0.8347
Q6A4J8_S19___1,0.1303,No,0.9286,0.5456
Q6DFV3_S1426___1,-0.1786,No,0.8808,0.4074
Q6DFV3_S41___1,0.007354,No,>0.9999,0.9728
Q6DFV3_S1728___1,0.1188,No,0.9359,0.5816
Q6DFV3_S917___1,-0.5417,No,0.1613,0.012
Q6DFV3_S1108___1,-0.1665,No,0.8981,0.4398
Q6DFV3_S1501___1,-0.7398,Yes,0.0195,0.0006
Q6DFV3_S451___1,-0.09539,No,0.9503,0.6581
Q6DFV3_S453___1,0.05207,No,0.9786,0.8091
Q6DFV3_S1655___1,0.01542,No,0.9976,0.943
Q6DFV3_S62___1,0.07865,No,0.9653,0.7152
Q6DFV3_S947___1,-0.2279,No,0.8074,0.2904
Q6DFV3_S435___1,-0.1676,No,0.8976,0.4368
Q6DFV3_S1381___1,-0.06592,No,0.9712,0.7598
Q6DFV3_S489___1,0.1558,No,0.9086,0.4699
Q6DFV3_S1847___1,-0.4793,No,0.2612,0.0262
Q6DFV7_S214___1,-0.2842,No,0.6944,0.1873
Q6DFW4_S509___1,-0.2725,No,0.7166,0.2062
Q6DIB4_S458___1,0.1304,No,0.9286,0.5453
Q6DID3_S617___1,0.3115,No,0.6357,0.1484
Q6DVA0_S87___1,-0.8532,Yes,0.0043,<0.0001
Q6DVA0_S150___1,-0.4916,No,0.2402,0.0226
Q6DVA0_S507___1,0.01688,No,0.9959,0.9376
Q6EDY6_S1363___1,-0.2891,No,0.6835,0.1799
Q6EDY6_S1070___1,-0.307,No,0.6469,0.1544
Q6EDY6_S1198___1,-0.2824,No,0.6987,0.1902
Q6EDY6_S1335___1,-0.1638,No,0.9028,0.4474
Q6EDY6_S1295___1,-0.06359,No,0.9726,0.768
Q6F3F9_S1134___1,-0.3278,No,0.5972,0.1283
Q6GQT5_S407___1,-0.4437,No,0.3298,0.0395
Q6GQT6_S850___1,-0.1365,No,0.9234,0.5267
Q6GQT6_S821___1,0.06125,No,0.9747,0.7763
Q6GQT6_S905___1,0.02951,No,0.9906,0.8911
Q6GQT9_S1196___1,0.2633,No,0.7399,0.2218
Q6GQT9_S1197___1,0.1723,No,0.8936,0.4241
Q6IE82_S774___1,0.2604,No,0.7437,0.2271
Q6IE82_S578___1,0.0866,No,0.959,0.6878
Q6IQX8_S688___1,-0.08078,No,0.9643,0.7078
Q6IQX8_S702___1,-0.1078,No,0.9401,0.6169
Q6IQX8_S118___1,-0.9756,Yes,0.0005,<0.0001
Q6IR34_S543___1,0.2944,No,0.6717,0.1721
Q6IR34_S490___1,-0.3539,No,0.5325,0.1007
Q6IR34_S491___1,0.2218,No,0.8162,0.3035
Q6IR34_S653___1,-0.1445,No,0.9166,0.5025
Q6JPI3_S918___1,0.192,No,0.8634,0.3731
Q6KAQ7_S613___1,-0.1526,No,0.9126,0.479
Q6KAQ7_S388___1,-0.1196,No,0.9358,0.579
Q6KAU4_S307___1,-0.4037,No,0.4184,0.0611
Q6KCD5_S2652___1,0.05028,No,0.9809,0.8156
Q6KCD5_S318___1,0.02756,No,0.9909,0.8983
Q6KCD5_S2507___1,-0.256,No,0.7522,0.2349
Q6KCD5_S274___1,0.08416,No,0.9612,0.6962
Q6KCD5_S280___1,0.1037,No,0.9437,0.6304
Q6KCD5_S2666___1,-0.1362,No,0.9234,0.5275
Q6NS46_S1490___1,-0.3287,No,0.5963,0.1273
Q6NS46_S1468___1,-0.3635,No,0.5103,0.0917
Q6NS57_S19___1,-0.2291,No,0.8053,0.2878
Q6NS57_S21___1,-0.1074,No,0.9406,0.6184
Q6NS57_S756___1,-1.147,Yes,<0.0001,<0.0001
Q6NS57_S1089___1,-0.4765,No,0.2662,0.0271
Q6NSQ7_S17___1,-0.3993,No,0.4301,0.064
Q6NV83_S67___1,0.06312,No,0.973,0.7696
Q6NV83_S236___1,-0.2299,No,0.8048,0.2862
Q6NV83_S238___1,0.1384,No,0.9227,0.5207
Q6NVE8_S50___1,0.1302,No,0.9286,0.5458
Q6NVE8_S405___1,0.2699,No,0.723,0.2105
Q6NVE8_S563___1,-0.1154,No,0.9365,0.5923
Q6NVF4_S946___1,0.4455,No,0.3257,0.0388
Q6NVF9_S153___1,0.1482,No,0.9129,0.4919
Q6NWW9_S208___1,0.01113,No,0.9985,0.9588
Q6NWW9_S396___1,0.192,No,0.8634,0.3731
Q6NXJ0_S7___1,-0.02158,No,0.9935,0.9202
Q6NXJ0_S261___1,0.01222,No,0.9979,0.9548
Q6NXJ0_S262___1,0.1706,No,0.8962,0.4286
Q6NXJ0_S1017___1,-0.3549,No,0.5302,0.0997
Q6NXJ0_S992___1,-0.5275,No,0.1818,0.0144
Q6NXJ0_S997___1,0.04084,No,0.9833,0.8497
Q6NXJ0_S391___1,0.3586,No,0.5218,0.0962
Q6NXJ0_S289___1,-0.3443,No,0.5608,0.1102
Q6NXJ0_S367___1,0.4558,No,0.3035,0.0345
Q6NXK2_S333___1,-0.2339,No,0.7938,0.278
Q6NXK2_S297___1,-0.1501,No,0.9129,0.4862
Q6NXK5_S220___1,-0.04249,No,0.9833,0.8437
Q6NZC7_S735___1,0.1542,No,0.9101,0.4744
Q6NZC7_S748___1,0.3767,No,0.4835,0.0805
Q6NZF1_S289___1,-0.06228,No,0.974,0.7726
Q6NZF1_S132___1,-0.1185,No,0.9359,0.5825
Q6NZF1_S740___1,-0.04619,No,0.9833,0.8303
Q6NZJ6_S1597___1,-0.2274,No,0.8079,0.2914
Q6NZJ6_S1231___1,0.2137,No,0.8299,0.3214
Q6NZJ6_S1105___1,-0.005533,No,>0.9999,0.9795
Q6NZJ6_S1081___1,-0.05116,No,0.9799,0.8124
Q6NZJ6_S1096___1,0.3891,No,0.4546,0.071
Q6NZJ6_S1187___1,0.3616,No,0.5152,0.0935
Q6NZJ6_S1189___1,-0.6196,No,0.0777,0.004
Q6NZJ6_S1196___1,0.1424,No,0.9194,0.5087
Q6NZJ6_S1147___1,-0.9007,Yes,0.002,<0.0001
Q6NZK5_S228___1,-0.2846,No,0.6929,0.1868
Q6NZL0_S779___1,0.02784,No,0.9906,0.8972
Q6NZM9_S629___1,-0.01297,No,0.9978,0.952
Q6NZM9_S562___1,0.3517,No,0.5393,0.1028
Q6NZM9_S265___1,-0.8156,Yes,0.0073,0.0002
Q6NZM9_S245___1,-0.183,No,0.8765,0.396
Q6NZM9_S465___1,-0.2751,No,0.7118,0.2019
Q6NZP2_S49___1,-0.1147,No,0.9371,0.5947
Q6NZQ6_S19___1,-0.1957,No,0.86,0.3638
Q6NZR2_S27___1,0.131,No,0.9286,0.5433
Q6NZR2_S436___1,0.1681,No,0.8976,0.4356
Q6P1C6_S1077___1,0.2562,No,0.7517,0.2345
Q6P1D7_S988___1,-0.1975,No,0.8568,0.3595
Q6P1D7_S447___1,-0.1335,No,0.9249,0.5358
Q6P1D7_S1136___1,-0.3499,No,0.5445,0.1045
Q6P1G0_S23___1,-0.07226,No,0.9696,0.7375
Q6P1G0_S502___1,0.08044,No,0.9643,0.709
Q6P1G0_S646___1,-0.1375,No,0.9234,0.5235
Q6P1G2_S991___1,-0.1089,No,0.9401,0.6133
Q6P1G2_S26___1,-0.2373,No,0.7875,0.2708
Q6P1G2_S887___1,0.05844,No,0.9752,0.7863
Q6P1G2_S1004___1,-0.175,No,0.8884,0.4168
Q6P2K6_S127___1,0.151,No,0.9129,0.4836
Q6P2K6_S728___1,0.02362,No,0.9922,0.9127
Q6P2K6_S767___1,0.1454,No,0.9161,0.4999
Q6P2L6_S651___1,-0.7666,Yes,0.014,0.0004
Q6P2L6_S1433___1,-0.5232,No,0.1868,0.0152
Q6P2L6_S547___1,-0.2909,No,0.6792,0.1772
Q6P2L6_S561___1,-0.3353,No,0.5786,0.1198
Q6P4S6_S493___1,0.1727,No,0.8931,0.4231
Q6P4S6_S533___1,0.07434,No,0.9691,0.7302
Q6P4S6_S580___1,-0.6029,No,0.0927,0.0052
Q6P4S6_S856___1,-0.1076,No,0.9402,0.6178
Q6P4S6_S616___1,0.2343,No,0.7935,0.2771
Q6P4S8_S1320___1,0.07942,No,0.9653,0.7125
Q6P4S8_S1329___1,-0.4121,No,0.4004,0.0559
Q6P4T0_S1433___1,-0.04458,No,0.9833,0.8362
Q6P4T2_S225___1,0.04912,No,0.9828,0.8198
Q6P4T2_S2133___1,0.07398,No,0.9691,0.7314
Q6P542_S138___1,-0.7121,Yes,0.0276,0.001
Q6P542_S90___1,-0.6179,No,0.0787,0.0042
Q6P542_S225___1,-0.2553,No,0.7535,0.2363
Q6P542_S107___1,-0.7487,Yes,0.0177,0.0005
Q6P542_S22___1,-0.6124,No,0.0836,0.0045
Q6P542_S194___1,-0.4398,No,0.339,0.0413
Q6P549_S1175___1,-0.3237,No,0.6084,0.1331
Q6P5B0_S1081___1,-0.2796,No,0.7026,0.1945
Q6P5E8_S17___1,-0.2061,No,0.8443,0.339
Q6P5F6_S541___1,-0.6728,Yes,0.0435,0.0018
Q6P5F7_S437___1,-0.9109,Yes,0.0017,<0.0001
Q6P5F7_S522___1,-0.1122,No,0.9395,0.6027
Q6P5G6_S258___1,-0.035,No,0.9855,0.871
Q6P5G6_S266___1,0.2753,No,0.7116,0.2016
Q6P7W2_S646___1,-0.2056,No,0.8447,0.3401
Q6P8I4_S119___1,0.07323,No,0.9694,0.7341
Q6P9L6_S568___1,0.576,No,0.1183,0.0075
Q6P9N1_S321___1,-0.4822,No,0.2562,0.0253
Q6P9N1_S433___1,-0.01661,No,0.9961,0.9386
Q6P9N1_S453___1,-0.2743,No,0.714,0.2032
Q6P9P8_S56___1,-0.3397,No,0.57,0.1151
Q6P9Q4_S502___1,-0.8183,Yes,0.0071,0.0001
Q6P9Q4_S524___1,-0.0906,No,0.9556,0.6743
Q6P9Q4_S527___1,-0.3721,No,0.492,0.0843
Q6P9Q4_S370___1,-0.01099,No,0.9985,0.9593
Q6P9Q4_S514___1,-0.511,No,0.2087,0.0178
Q6P9Q6_S386___1,0.181,No,0.8781,0.401
Q6P9Q6_S617___1,0.1194,No,0.9358,0.5798
Q6P9R1_S432___1,0.06345,No,0.9729,0.7685
Q6P9R1_S77___1,-0.2543,No,0.7543,0.238
Q6P9R2_S339___1,0.05633,No,0.9768,0.7939
Q6P9S0_S419___1,-0.02402,No,0.9915,0.9113
Q6P9Z1_S175___1,-0.1615,No,0.9036,0.4537
Q6PAJ1_S1038___1,-0.03539,No,0.9855,0.8696
Q6PAJ1_S1263___1,-1.145,Yes,<0.0001,<0.0001
Q6PAJ1_S379___1,-0.2715,No,0.7187,0.2079
Q6PAJ1_S384___1,0.4071,No,0.4112,0.0589
Q6PAJ1_S356___1,0.652,No,0.0547,0.0025
Q6PAJ1_S358___1,0.1222,No,0.935,0.5709
Q6PAL0_S164___1,1.002,Yes,0.0003,<0.0001
Q6PAL0_S91___1,-0.3985,No,0.4319,0.0645
Q6PAL7_S1180___1,-0.2332,No,0.7962,0.2793
Q6PAL7_S892___1,-0.1404,No,0.9206,0.5148
Q6PAL7_S1467___1,-0.2982,No,0.6642,0.1665
Q6PAL7_S1088___1,-0.2521,No,0.7587,0.2421
Q6PAL7_S593___1,0.05206,No,0.9786,0.8091
Q6PAL7_S178___1,-0.4229,No,0.3751,0.0498
Q6PAL7_S1498___1,-0.5354,No,0.17,0.013
Q6PAL7_S46___1,-0.2676,No,0.7291,0.2145
Q6PAL8_S193___1,0.2264,No,0.809,0.2935
Q6PAL8_S1085___1,0.227,No,0.809,0.2923
Q6PAM0_S107___1,0.2137,No,0.8299,0.3214
Q6PAM1_S515___1,0.5614,No,0.1357,0.0092
Q6PAM1_S523___1,0.307,No,0.6469,0.1544
Q6PB70_S637___1,0.2376,No,0.7868,0.2703
Q6PB75_S309___1,-0.2293,No,0.8053,0.2875
Q6PCN7_S21___1,0.1189,No,0.9358,0.5811
Q6PCP5_S146___1,-0.2786,No,0.7058,0.1962
Q6PCQ0_S661___1,-0.1892,No,0.8667,0.3802
Q6PCQ0_S322___1,-0.4321,No,0.3556,0.045
Q6PCQ0_S374___1,-0.5376,No,0.1666,0.0126
Q6PD21_S382___1,-0.02461,No,0.9915,0.9091
Q6PD21_S304___1,0.07171,No,0.9697,0.7394
Q6PD21_S165___1,-0.09212,No,0.9535,0.6691
Q6PD21_S189___1,-0.465,No,0.2875,0.031
Q6PD31_S716___1,0.1639,No,0.9028,0.4471
Q6PDH0_S656___1,0.1698,No,0.8967,0.4309
Q6PDH0_S472___1,-0.03975,No,0.9834,0.8537
Q6PDH0_S463___1,-0.1663,No,0.8982,0.4404
Q6PDH0_S580___1,0.1531,No,0.912,0.4775
Q6PDH0_S585___1,0.08924,No,0.9559,0.6789
Q6PDH0_S387___1,-0.3144,No,0.6303,0.1447
Q6PDH0_S325___1,-0.08916,No,0.9559,0.6791
Q6PDH0_S541___1,0.3701,No,0.4956,0.0859
Q6PDH0_S545___1,-0.351,No,0.5415,0.1035
Q6PDH0_S557___1,-0.05511,No,0.9776,0.7982
Q6PDH0_S405___1,-0.1927,No,0.8633,0.3712
Q6PDH0_S565___1,0.07636,No,0.9679,0.7232
Q6PDH0_S220___1,0.1821,No,0.8766,0.3981
Q6PDH0_S976___1,-0.3519,No,0.5388,0.1026
Q6PDH0_S520___1,0.2005,No,0.8503,0.3522
Q6PDH0_S522___1,0.1903,No,0.8666,0.3774
Q6PDH0_S1022___1,-0.1878,No,0.8678,0.3836
Q6PDH0_S382___1,0.1359,No,0.9234,0.5284
Q6PDH0_S311___1,-1.498,Yes,<0.0001,<0.0001
Q6PDH0_S431___1,0.1237,No,0.9346,0.566
Q6PDH0_S445___1,-0.09579,No,0.9496,0.6568
Q6PDI6_S99___1,-0.07819,No,0.9656,0.7168
Q6PDJ6_S393___1,-0.2058,No,0.8443,0.3396
Q6PDK2_S4789___1,-0.2847,No,0.6926,0.1865
Q6PDK2_S2318___1,-0.05171,No,0.9788,0.8104
Q6PDK2_S5025___1,-0.08908,No,0.9562,0.6794
Q6PDK2_S2231___1,-0.4113,No,0.4017,0.0564
Q6PDK2_S2299___1,-0.1584,No,0.9073,0.4624
Q6PDK2_S1562___1,-0.2603,No,0.7437,0.2273
Q6PDK2_S3122___1,-0.03859,No,0.9837,0.8579
Q6PDK2_S2597___1,-0.05597,No,0.977,0.7951
Q6PDL0_S194___1,0.4741,No,0.2705,0.0279
Q6PDL0_S407___1,0.116,No,0.9359,0.5906
Q6PDL0_S446___1,-0.1279,No,0.9318,0.5528
Q6PDL0_S381___1,0.4225,No,0.3757,0.05
Q6PDL0_S383___1,-0.279,No,0.7038,0.1955
Q6PDL0_S391___1,-0.1929,No,0.8633,0.3709
Q6PDM2_S199___1,0.02331,No,0.9922,0.9139
Q6PDN3_S306___1,-0.08622,No,0.9594,0.6892
Q6PDN3_S1460___1,-0.3375,No,0.5757,0.1174
Q6PDN3_S935___1,0.3348,No,0.5804,0.1204
Q6PDN3_S377___1,0.08541,No,0.9606,0.6919
Q6PDN3_S355___1,-0.1364,No,0.9234,0.5267
Q6PDQ2_S1528___1,-0.6467,No,0.0576,0.0027
Q6PDQ2_S312___1,-0.8888,Yes,0.0024,<0.0001
Q6PDZ2_S576___1,0.1397,No,0.9206,0.517
Q6PEB6_S220___1,0.1364,No,0.9234,0.527
Q6PEE2_S72___1,0.1134,No,0.9385,0.5987
Q6PEM6_S265___1,0.1065,No,0.9407,0.6212
Q6PEM6_S71___1,0.134,No,0.9249,0.5342
Q6PEM8_S458___1,0.2351,No,0.7925,0.2755
Q6PER3_S162___1,0.2412,No,0.781,0.2632
Q6PEV3_S235___1,-0.008913,No,>0.9999,0.967
Q6PEV3_S385___1,-0.9689,Yes,0.0006,<0.0001
Q6PFD6_S561___1,0.1894,No,0.8667,0.3795
Q6PFD9_S1815___1,-0.1526,No,0.9126,0.4788
Q6PFD9_S1059___1,0.3262,No,0.6017,0.1302
Q6PFD9_S1027___1,0.1211,No,0.9353,0.5742
Q6PFD9_S653___1,0.1795,No,0.8795,0.4049
Q6PFD9_S623___1,0.09624,No,0.9496,0.6552
Q6PFD9_S934___1,0.1418,No,0.9197,0.5107
Q6PFD9_S1042___1,-0.02759,No,0.9909,0.8982
Q6PFD9_S888___1,0.25,No,0.7623,0.2461
Q6PGC1_S27___1,0.04465,No,0.9833,0.8359
Q6PGC1_S198___1,-0.01366,No,0.9978,0.9495
Q6PGC1_S579___1,0.004599,No,>0.9999,0.983
Q6PGF7_S15___1,-0.2094,No,0.8389,0.3313
Q6PGF7_S28___1,0.1131,No,0.9385,0.5997
Q6PGF7_S31___1,-0.1457,No,0.9157,0.4991
Q6PGG2_S436___1,-0.1345,No,0.9242,0.5326
Q6PGG2_S238___1,0.1016,No,0.9449,0.6375
Q6PGG2_S247___1,-0.04137,No,0.9833,0.8478
Q6PGH2_S69___1,-0.1095,No,0.9401,0.6113
Q6PGH2_S173___1,-0.06485,No,0.9712,0.7635
Q6PGH2_S97___1,0.1061,No,0.9407,0.6226
Q6PGL7_S157___1,0.1602,No,0.9045,0.4573
Q6PGL7_S388___1,0.02636,No,0.9915,0.9027
Q6PGL7_S768___1,-0.0003352,No,>0.9999,0.9988
Q6PGL7_S783___1,0.1424,No,0.9194,0.5087
Q6PGL7_S1067___1,0.01581,No,0.9972,0.9415
Q6PGL7_S614___1,-0.06105,No,0.9747,0.777
Q6PGL7_S1049___1,0.6599,No,0.0505,0.0022
Q6PGL7_S284___1,-0.5772,No,0.1173,0.0074
Q6PGL7_S1173___1,0.0935,No,0.9513,0.6645
Q6PGL7_S873___1,-0.09362,No,0.9513,0.6641
Q6PGL7_S832___1,-0.09526,No,0.9503,0.6585
Q6PGL7_S1333___1,0.1285,No,0.9306,0.551
Q6PGL7_S747___1,0.01237,No,0.9979,0.9543
Q6PGL7_S723___1,0.08986,No,0.9556,0.6768
Q99MI1_S191___1,0.2349,No,0.7928,0.2758
Q6PH08_S14___1,0.08044,No,0.9643,0.709
Q6PHS6_S603___1,0.0569,No,0.9763,0.7918
Q6PHU5_S819___1,0.4851,No,0.2521,0.0244
Q6PHZ2_S319___1,-0.3305,No,0.5929,0.1252
Q6PHZ5_S107___1,-0.9229,Yes,0.0014,<0.0001
Q6PHZ5_S261___1,-0.05516,No,0.9776,0.798
Q6PHZ5_S263___1,-0.1256,No,0.9335,0.5601
Q6PHZ5_S559___1,-0.4949,No,0.2342,0.0217
Q6PHZ5_S606___1,-1.373,Yes,<0.0001,<0.0001
Q6PIJ4_S1288___1,-0.02494,No,0.9915,0.9079
Q6PIU9_S174___1,-0.09406,No,0.951,0.6626
Q6PIU9_S115___1,0.3452,No,0.5581,0.1092
Q6PIU9_S323___1,-0.5803,No,0.1149,0.0071
Q6PIX5_S391___1,0.04924,No,0.9828,0.8193
Q6PIX5_S76___1,-0.2281,No,0.8072,0.2899
Q6PIX5_S92___1,-0.6033,No,0.0922,0.0051
Q6PIX5_S61___1,-0.2179,No,0.823,0.312
Q6Q477_S329___1,0.4744,No,0.2702,0.0277
Q6QI06_S21___1,0.04903,No,0.9828,0.8201
Q6QI06_S265___1,-0.08851,No,0.9566,0.6813
Q6QI06_S1301___1,-0.1372,No,0.9234,0.5244
Q6R891_S192___1,0.1318,No,0.9277,0.5409
Q6RHR9_S1341___1,-0.265,No,0.7353,0.2189
Q6RUT7_S34___1,0.2299,No,0.8048,0.2861
Q6T264_S127___1,0.1463,No,0.9138,0.4972
Q6T264_S321___1,0.1742,No,0.8894,0.4191
Q6TYB5_S200___1,-0.4071,No,0.4112,0.0589
Q6TYB5_S203___1,-0.0884,No,0.9566,0.6817
Q6VN19_S490___1,0.2145,No,0.8291,0.3196
Q6VN19_S365___1,-0.06413,No,0.9716,0.7661
Q6VN19_S369___1,0.7042,Yes,0.0302,0.0011
Q6WQJ1_S733___1,0.2996,No,0.6629,0.1645
Q6XP49_S41___1,-0.3761,No,0.4845,0.081
Q6Y685_S45___1,0.163,No,0.9028,0.4496
Q6Y685_S480___1,-0.1086,No,0.9401,0.6144
Q6Y685_S401___1,-0.1195,No,0.9358,0.5793
Q6Y7W8_S1276___1,-0.05354,No,0.9779,0.8038
Q6Y7W8_S26___1,0.3254,No,0.605,0.1312
Q6Y7W8_S202___1,-0.01196,No,0.9979,0.9557
Q6Y7W8_S161___1,-0.6621,Yes,0.0491,0.0021
Q6Y7W8_S237___1,0.05739,No,0.9761,0.79
Q6ZPF3_S198___1,-0.3459,No,0.5561,0.1086
Q6ZPF4_S174___1,0.132,No,0.9274,0.5402
Q6ZPG2_S20___1,0.3725,No,0.492,0.084
Q6ZPI0_S704___1,-0.1231,No,0.9347,0.5679
Q6ZPJ0_S803___1,-0.1407,No,0.9206,0.5138
Q6ZPJ0_S733___1,0.03316,No,0.9871,0.8777
Q6ZPJ0_S195___1,-0.2485,No,0.7659,0.2489
Q6ZPJ0_S265___1,0.1484,No,0.9129,0.4911
Q6ZPJ3_S833___1,0.3026,No,0.6557,0.1604
Q6ZPJ3_S836___1,0.132,No,0.9274,0.5403
Q6ZPL9_S544___1,0.3239,No,0.6084,0.1329
Q6ZPL9_S594___1,-0.2905,No,0.6802,0.1777
Q6ZPR5_S130___1,0.1273,No,0.933,0.5548
Q6ZPR5_S749___1,0.1784,No,0.8813,0.4079
Q6ZPR5_S283___1,0.09318,No,0.9518,0.6655
Q6ZPR6_S1046___1,-0.1017,No,0.9449,0.637
Q6ZPR6_S1084___1,0.06807,No,0.9706,0.7522
Q6ZPR6_S1197___1,-0.2364,No,0.7912,0.2728
Q6ZPS6_S738___1,0.1894,No,0.8667,0.3795
Q6ZPY7_S515___1,0.2752,No,0.7118,0.2017
Q6ZPZ3_S1104___1,-0.005447,No,>0.9999,0.9798
Q6ZPZ3_S1115___1,0.09293,No,0.9524,0.6664
Q6ZPZ3_S917___1,0.07006,No,0.9705,0.7451
Q6ZPZ3_S1035___1,-0.1631,No,0.9028,0.4493
Q6ZPZ3_S1270___1,0.1883,No,0.8678,0.3823
Q6ZPZ3_S1276___1,-1.086,Yes,<0.0001,<0.0001
Q6ZQ03_S440___1,0.155,No,0.9088,0.4721
Q6ZQ03_S120___1,0.1704,No,0.8962,0.4291
Q6ZQ03_S19___1,0.006419,No,>0.9999,0.9762
Q6ZQ12_S940___1,-0.5953,No,0.1005,0.0058
Q6ZQ12_S114___1,0.03819,No,0.984,0.8594
Q6ZQ38_S1230___1,-0.4863,No,0.251,0.0241
Q6ZQ58_S1032___1,-0.6098,No,0.0865,0.0047
Q6ZQ58_S68___1,-0.465,No,0.2875,0.031
Q6ZQ58_S81___1,-0.3285,No,0.5963,0.1276
Q6ZQ58_S494___1,-0.233,No,0.7965,0.2797
Q6ZQ58_S498___1,-0.2785,No,0.7058,0.1963
Q6ZQ58_S525___1,-0.4502,No,0.3156,0.0368
Q6ZQ58_S801___1,-0.1877,No,0.8678,0.3839
Q6ZQ58_S604___1,-0.3716,No,0.4933,0.0847
Q6ZQ58_S608___1,-0.6299,No,0.0684,0.0035
Q6ZQ58_S201___1,-0.7332,Yes,0.0214,0.0007
Q6ZQ58_S743___1,0.2729,No,0.7159,0.2055
Q6ZQ58_S751___1,-0.341,No,0.5674,0.1137
Q6ZQ58_S824___1,-0.1391,No,0.9208,0.5187
Q6ZQ58_S828___1,-0.1072,No,0.9406,0.6189
Q6ZQ58_S299___1,-0.1795,No,0.8795,0.4049
Q6ZQ88_S132___1,0.01459,No,0.9978,0.9461
Q6ZQ88_S167___1,0.02525,No,0.9915,0.9068
Q6ZQ88_S850___1,0.2105,No,0.8363,0.3288
Q6ZQA0_S2727___1,-0.2316,No,0.8015,0.2825
Q6ZQA6_S1019___1,0.3403,No,0.5687,0.1144
Q6ZQF0_S890___1,-0.3882,No,0.457,0.0717
Q6ZQH8_S1727___1,0.1261,No,0.9335,0.5585
Q6ZQH8_S1257___1,-0.04703,No,0.9832,0.8273
Q6ZQK5_S545___1,-0.2148,No,0.8291,0.3191
Q6ZQK5_S381___1,-0.4108,No,0.4029,0.0566
Q6ZQK5_S384___1,0.2817,No,0.6992,0.1913
Q6ZQL4_S432___1,0.1898,No,0.8667,0.3785
Q6ZWN5_S153___1,0.01796,No,0.9955,0.9336
Q6ZWQ0_S6348___1,0.2146,No,0.8291,0.3194
Q6ZWQ0_S4184___1,0.6501,No,0.0559,0.0026
Q6ZWQ0_S6761___1,0.6991,Yes,0.032,0.0012
Q6ZWQ0_S793___1,0.4743,No,0.2702,0.0278
Q6ZWU9_S78___1,0.2915,No,0.6784,0.1763
Q6ZWU9_S11___1,-0.4134,No,0.3967,0.0551
Q70FJ1_S2789___1,-0.2776,No,0.7079,0.1979
Q70FJ1_S3347___1,0.04642,No,0.9832,0.8295
Q70IV5_S1087___1,0.3314,No,0.5903,0.1242
Q70IV5_S1371___1,0.04725,No,0.9832,0.8265
Q71FD5_S18___1,-0.2399,No,0.7836,0.2658
Q71FD5_S75___1,0.05839,No,0.9752,0.7865
Q71LX4_S2083___1,-0.1872,No,0.8685,0.3851
Q71LX4_S647___1,-0.02982,No,0.9906,0.89
Q76KJ5_S187___1,0.3944,No,0.441,0.0673
Q76LS9_S440___1,-0.6043,No,0.092,0.0051
Q76LS9_S103___1,0.595,No,0.1007,0.0058
Q78HU3_S161___1,0.2027,No,0.8483,0.3471
Q78HU7_S71___1,-0.1722,No,0.8936,0.4243
Q78HU7_S78___1,0.1008,No,0.9451,0.6399
Q78PG9_S204___1,0.1777,No,0.8827,0.4096
Q78PY7_S150___1,0.192,No,0.8634,0.373
Q78PY7_S426___1,0.06803,No,0.9706,0.7523
Q78PY7_S909___1,0.0974,No,0.9481,0.6514
Q78T81_S190___1,0.1666,No,0.8981,0.4397
Q78WZ7_S60___1,0.002211,No,>0.9999,0.9918
Q78WZ7_S306___1,-0.564,No,0.1323,0.0089
Q78WZ7_S318___1,-0.148,No,0.9129,0.4924
Q78WZ7_S325___1,0.01877,No,0.9953,0.9306
Q78XR0_S159___1,0.09171,No,0.9537,0.6705
Q78XR0_S33___1,0.1284,No,0.9306,0.5513
Q78ZA7_S7___1,0.006062,No,>0.9999,0.9776
Q78ZA7_S54___1,0.01905,No,0.9953,0.9296
Q7M720_S216___1,0.1168,No,0.9359,0.588
Q7M760_S697___1,0.2847,No,0.6926,0.1866
Q7SIG6_S773___1,-0.2968,No,0.6659,0.1685
Q7SIG6_S704___1,0.132,No,0.9274,0.5401
Q7TMA2_S107___1,0.2774,No,0.7083,0.1982
Q7TMB8_S833___1,0.04748,No,0.983,0.8257
Q7TMF2_S30___1,0.1236,No,0.9346,0.5665
Q7TMI3_S668___1,-1.066,Yes,<0.0001,<0.0001
Q7TMK9_S249___1,-0.01525,No,0.9976,0.9436
Q7TMQ7_S273___1,0.1078,No,0.9401,0.617
Q7TMQ7_S257___1,-0.1607,No,0.9036,0.456
Q7TMY8_S1395___1,0.1877,No,0.8678,0.3838
Q7TMY8_S3663___1,0.0581,No,0.9754,0.7875
Q7TMY8_S2918___1,-0.02126,No,0.9938,0.9214
Q7TMY8_S1907___1,0.1311,No,0.9286,0.5431
Q7TMY8_S3758___1,0.1049,No,0.9421,0.6264
Q7TMY8_S2377___1,0.3115,No,0.6357,0.1484
Q7TMY8_S1084___1,-0.2053,No,0.846,0.3409
Q7TN37_S1102___1,0.1016,No,0.9449,0.6373
Q7TN37_S527___1,-0.0313,No,0.9889,0.8845
Q7TNC6_S1686___1,-0.4127,No,0.3984,0.0556
Q7TNC6_S1066___1,-0.2756,No,0.7111,0.201
Q7TNC6_S1747___1,-0.1399,No,0.9206,0.5164
Q7TNC6_S1007___1,-0.9746,Yes,0.0006,<0.0001
Q7TNC6_S1486___1,-0.813,Yes,0.0076,0.0002
Q7TNC6_S1491___1,-0.1281,No,0.9312,0.5523
Q7TNC6_S1017___1,-0.9081,Yes,0.0018,<0.0001
Q7TNC6_S1729___1,-0.004466,No,>0.9999,0.9835
Q7TNC6_S813___1,-0.2847,No,0.6926,0.1866
Q7TNC6_S1085___1,-0.06271,No,0.9734,0.7711
Q7TNE3_S114___1,0.3017,No,0.6577,0.1616
Q7TPD1_S100___1,-0.06442,No,0.9716,0.765
Q7TPE5_S305___1,0.2617,No,0.743,0.2246
Q7TPE5_S32___1,-0.5671,No,0.1283,0.0085
Q7TPM1_S415___1,-0.1205,No,0.9353,0.576
Q7TPM1_S1007___1,0.1825,No,0.8765,0.3971
Q7TPM1_S555___1,0.08859,No,0.9566,0.6811
Q7TPM1_S1469___1,-0.2162,No,0.8265,0.3159
Q7TPM1_S387___1,0.2721,No,0.7173,0.2068
Q7TPM1_S226___1,0.2731,No,0.7159,0.2052
Q7TPM1_S479___1,-0.4103,No,0.4039,0.057
Q7TPM1_S806___1,-0.258,No,0.7483,0.2314
Q7TPM9_S763___1,-0.06804,No,0.9706,0.7522
Q7TPM9_S603___1,-0.5343,No,0.1715,0.0132
Q7TPM9_S745___1,-0.2287,No,0.8056,0.2887
Q7TPR4_S404___1,-0.07006,No,0.9705,0.7452
Q7TPS5_S260___1,0.1789,No,0.8801,0.4066
Q7TPS5_S852___1,-0.2313,No,0.8024,0.2832
Q7TPS5_S662___1,-0.04926,No,0.9828,0.8192
Q7TPV2_S613___1,0.108,No,0.9401,0.6163
Q7TPV4_S6___1,-0.571,No,0.1234,0.0081
Q7TPV4_S1160___1,0.08983,No,0.9556,0.6769
Q7TPV4_S1164___1,0.4606,No,0.296,0.0326
Q7TPV4_S1323___1,-0.09873,No,0.9473,0.6469
Q7TPV4_S1280___1,0.3032,No,0.6545,0.1595
Q7TPV4_S562___1,-0.3213,No,0.6138,0.1361
Q7TPV4_S1253___1,0.4401,No,0.3386,0.0412
Q7TPW1_S281___1,0.006308,No,>0.9999,0.9767
Q7TPW1_S288___1,-0.007736,No,>0.9999,0.9714
Q7TPW1_S16___1,0.08785,No,0.9574,0.6836
Q7TPW1_S495___1,0.1478,No,0.9129,0.4929
Q7TPW1_S500___1,-0.244,No,0.7761,0.2577
Q7TPW1_S296___1,-0.2031,No,0.8483,0.346
Q7TPW1_S436___1,-0.7053,Yes,0.0299,0.0011
Q7TQ95_S411___1,-0.04752,No,0.983,0.8255
Q7TQ95_S177___1,0.02934,No,0.9906,0.8917
Q7TQE6_S332___1,0.3464,No,0.5551,0.1081
Q7TQE6_S305___1,0.2038,No,0.8478,0.3445
Q7TQF2_S338___1,-0.03735,No,0.9847,0.8624
Q7TQG1_S992___1,-0.05963,No,0.9747,0.7821
Q7TQG1_S933___1,-0.02862,No,0.9906,0.8944
Q7TQG1_S443___1,-0.1706,No,0.8962,0.4287
Q7TQG1_S901___1,-0.1287,No,0.9306,0.5505
Q7TQI3_S16___1,-0.1618,No,0.9036,0.4527
Q7TQJ8_S75___1,0.2239,No,0.8116,0.2989
Q7TQJ8_S79___1,-0.2556,No,0.7529,0.2357
Q7TQJ8_S29___1,-0.09321,No,0.9518,0.6654
Q7TQJ8_S105___1,0.08349,No,0.962,0.6985
Q7TQK5_S305___1,0.2315,No,0.8019,0.2829
Q7TS75_S161___1,-0.05742,No,0.9761,0.7899
Q7TS75_S639___1,-0.1491,No,0.9129,0.4892
Q7TS75_S175___1,0.01908,No,0.9953,0.9295
Q7TSA6_S588___1,0.1534,No,0.9111,0.4766
Q7TSC1_S1145___1,-0.1359,No,0.9234,0.5283
Q7TSC1_S761___1,-0.3185,No,0.6184,0.1395
Q7TSC1_S204___1,-0.2499,No,0.7623,0.2464
Q7TSC1_S1002___1,-0.1509,No,0.9129,0.4838
Q7TSC1_S1083___1,-0.1133,No,0.9385,0.599
Q7TSC1_S1087___1,-0.697,Yes,0.0327,0.0012
Q7TSC1_S2114___1,-0.286,No,0.6903,0.1845
Q7TSC1_S454___1,-0.1461,No,0.9141,0.4979
Q7TSC1_S1217___1,0.05853,No,0.9752,0.786
Q7TSC1_S1431___1,-0.107,No,0.9406,0.6197
Q7TSC1_S1321___1,0.6165,No,0.0798,0.0042
Q7TSC1_S146___1,0.07243,No,0.9696,0.7369
Q7TSG2_S730___1,0.06263,No,0.9734,0.7714
Q7TSG2_S530___1,0.2037,No,0.848,0.3447
Q7TSG2_S459___1,0.1924,No,0.8633,0.3722
Q7TSH2_S693___1,-0.1725,No,0.8936,0.4236
Q7TSH3_S845___1,-0.1838,No,0.874,0.3939
Q7TSH3_S912___1,-0.2073,No,0.8427,0.3362
Q7TSH3_S919___1,-0.2051,No,0.8462,0.3413
Q7TSH3_S720___1,-0.01151,No,0.9979,0.9574
Q7TSH3_S116___1,0.04282,No,0.9833,0.8425
Q7TSH6_S154___1,0.0706,No,0.9703,0.7433
Q7TSI1_S491___1,-0.007569,No,>0.9999,0.972
Q7TSI1_S466___1,0.2253,No,0.8106,0.2959
Q7TSI3_S636___1,0.08636,No,0.9594,0.6887
Q7TSI3_S745___1,-0.01871,No,0.9953,0.9308
Q7TSI3_S668___1,0.2712,No,0.7194,0.2084
Q7TSJ2_S905___1,0.2266,No,0.809,0.2932
Q7TSJ2_S386___1,-0.1226,No,0.9347,0.5695
Q7TSV4_S173___1,-0.006567,No,>0.9999,0.9757
Q7TSV9_S52___1,-0.1719,No,0.8936,0.4253
Q7TSY8_S253___1,-0.6389,No,0.0626,0.003
Q7TSY8_S34___1,-0.5013,No,0.2243,0.02
Q7TT18_S533___1,0.1393,No,0.9208,0.518
Q7TT18_S112___1,0.1494,No,0.9129,0.4883
Q7TT18_S707___1,-0.03683,No,0.9853,0.8643
Q7TT18_S593___1,-0.2406,No,0.7825,0.2644
Q7TT28_S514___1,-0.6499,No,0.0559,0.0026
Q7TT50_S474___1,-0.002086,No,>0.9999,0.9923
Q7TT50_S363___1,-0.1141,No,0.9382,0.5966
Q7TT50_S524___1,0.05838,No,0.9752,0.7865
Q7TT50_S868___1,-0.5375,No,0.1668,0.0127
Q7TT50_S1645___1,0.4907,No,0.2416,0.0228
Q7TT50_S1649___1,-0.1478,No,0.9129,0.4928
Q80SW1_S68___1,0.1646,No,0.9012,0.4451
Q80SY5_S321___1,-0.405,No,0.4153,0.0603
Q80T69_S80___1,-0.02186,No,0.9929,0.9192
Q80T85_S799___1,0.01192,No,0.9979,0.9559
Q80T85_S828___1,0.5537,No,0.1464,0.0102
Q80TA6_S601___1,-0.2246,No,0.8106,0.2973
Q80TA6_S699___1,-0.1904,No,0.8664,0.3771
Q80TA6_S564___1,-0.2119,No,0.8344,0.3256
Q80TF3_S1045___1,0.2381,No,0.7861,0.2693
Q80TG1_S1013___1,-0.09365,No,0.9513,0.664
Q80TG1_S30___1,-0.1601,No,0.9046,0.4575
Q80TG1_S976___1,-0.1567,No,0.9084,0.4671
Q8C115_S548___1,-0.125,No,0.9341,0.5619
Q80TJ7_S820___1,-0.6886,Yes,0.0362,0.0014
Q80TJ7_S553___1,-0.1922,No,0.8634,0.3726
Q80TJ7_S615___1,-1.038,Yes,0.0002,<0.0001
Q80TJ7_S984___1,-1.11,Yes,<0.0001,<0.0001
Q80TK0_S785___1,-0.5487,No,0.154,0.0109
Q80TK0_S722___1,-0.506,No,0.2169,0.0189
Q80TM9_S52___1,0.06012,No,0.9747,0.7803
Q80TN7_S1140___1,0.04201,No,0.9833,0.8455
Q80TP3_S2363___1,0.2995,No,0.6629,0.1647
Q80TP3_S1543___1,-0.6936,Yes,0.0339,0.0013
Q80TP3_S321___1,-0.384,No,0.468,0.0749
Q80TY0_S385___1,-0.2982,No,0.6642,0.1666
Q80TY0_S296___1,-0.0413,No,0.9833,0.8481
Q80TY5_S1772___1,-0.06831,No,0.9706,0.7513
Q80TZ9_S656___1,0.1305,No,0.9286,0.545
Q80TZ9_S1258___1,0.1423,No,0.9194,0.5093
Q80TZ9_S613___1,-0.4618,No,0.294,0.0322
Q80TZ9_S679___1,0.2986,No,0.6642,0.166
Q80TZ9_S681___1,0.02399,No,0.9915,0.9114
Q80U19_S704___1,-0.01542,No,0.9976,0.943
Q80U35_S538___1,-0.1892,No,0.8667,0.3801
Q80U35_S689___1,-0.172,No,0.8936,0.4248
Q80U35_S244___1,-0.3248,No,0.6058,0.1318
Q80U35_S516___1,-0.004136,No,>0.9999,0.9847
Q80U35_S994___1,-0.1317,No,0.9277,0.5411
Q80U35_S486___1,-0.426,No,0.3682,0.0481
Q80U35_S906___1,-0.1861,No,0.8701,0.3878
Q80U35_S611___1,0.3132,No,0.6332,0.1462
Q80U35_S142___1,-0.01637,No,0.9965,0.9395
Q80U35_S152___1,-0.05177,No,0.9786,0.8102
Q80U35_S728___1,-0.1335,No,0.9249,0.5358
Q80U35_S79___1,-0.2192,No,0.8198,0.3091
Q80U35_S414___1,-0.2657,No,0.7343,0.2176
Q80U35_S15___1,-0.3885,No,0.456,0.0715
Q80U35_S377___1,-0.1517,No,0.9129,0.4815
Q80U35_S389___1,-0.1071,No,0.9406,0.6192
Q80U44_S884___1,0.1992,No,0.8511,0.3553
Q80U44_S722___1,0.2195,No,0.8193,0.3084
Q80U44_S927___1,0.3689,No,0.4973,0.087
Q80U44_S906___1,0.1856,No,0.8705,0.3892
Q80U49_S709___1,-0.1821,No,0.8766,0.3982
Q80U49_S1171___1,-0.04644,No,0.9832,0.8294
Q80U49_S653___1,-0.02706,No,0.991,0.9001
Q80U49_S563___1,0.4183,No,0.3849,0.0523
Q80U49_S1122___1,0.1892,No,0.8667,0.38
Q80U49_S1341___1,0.08576,No,0.9602,0.6907
Q80U49_S534___1,0.04063,No,0.9834,0.8505
Q80U49_S360___1,-0.049,No,0.9828,0.8202
Q80U49_S478___1,-0.3773,No,0.4816,0.08
Q80U49_S862___1,-0.1058,No,0.941,0.6236
Q80U49_S419___1,-0.1736,No,0.8914,0.4207
Q80U49_S490___1,-0.5148,No,0.202,0.0169
Q80U49_S843___1,0.121,No,0.9353,0.5747
Q80U49_S1101___1,-0.004662,No,>0.9999,0.9827
Q80U49_S1186___1,-0.3129,No,0.6335,0.1466
Q80U56_S368___1,0.2191,No,0.8198,0.3093
Q80U58_S136___1,0.5434,No,0.1598,0.0117
Q80U58_S177___1,0.3722,No,0.492,0.0842
Q80U58_S181___1,0.06131,No,0.9747,0.7761
Q80U58_S587___1,0.09886,No,0.947,0.6465
Q80U58_S85___1,0.2461,No,0.7701,0.2536
Q80U58_S102___1,0.1517,No,0.9129,0.4815
Q80U59_S1352___1,-0.09443,No,0.9504,0.6613
Q80U70_S548___1,0.04177,No,0.9833,0.8463
Q80U72_S1292___1,-0.02669,No,0.9913,0.9014
Q80U87_S535___1,-0.1713,No,0.8939,0.4267
Q80U87_S153___1,-0.1142,No,0.9381,0.5961
Q80U87_S680___1,0.1355,No,0.9234,0.5295
Q80U93_S1139___1,0.01695,No,0.9959,0.9373
Q80U93_S637___1,-0.217,No,0.8246,0.314
Q80U93_S660___1,0.3234,No,0.6085,0.1335
Q80U93_S930___1,-0.255,No,0.7535,0.2369
Q80UE6_S1014___1,0.2772,No,0.7085,0.1984
Q80UF4_S92___1,-0.3787,No,0.4778,0.0789
Q80UG2_S1629___1,0.5138,No,0.2034,0.0171
Q80UG2_S1632___1,0.1715,No,0.8939,0.4263
Q80UJ7_S5___1,0.05416,No,0.9779,0.8016
Q80UJ7_S917___1,-0.4918,No,0.2399,0.0225
Q80UK8_S349___1,-0.1254,No,0.9336,0.5609
Q80UP8_S256___1,0.2626,No,0.7406,0.2231
Q80UP8_S367___1,-0.2685,No,0.7262,0.2128
Q80UU1_S385___1,0.01371,No,0.9978,0.9493
Q80UU1_S86___1,-0.1504,No,0.9129,0.4855
Q80UV9_S1847___1,-0.4576,No,0.2999,0.0338
Q80UW5_S1491___1,0.02958,No,0.9906,0.8908
Q80UW5_S1550___1,0.3126,No,0.6337,0.147
Q80UW5_S1481___1,0.1706,No,0.8962,0.4286
Q80UW5_S1483___1,0.136,No,0.9234,0.528
Q80UZ2_S585___1,-0.1095,No,0.9401,0.6115
Q80V23_S68___1,-0.324,No,0.6083,0.1328
Q80V24_S58___1,-0.1179,No,0.9359,0.5844
Q80V94_S962___1,0.1147,No,0.9371,0.5946
Q80VA0_S103___1,-0.6156,No,0.0806,0.0043
Q80VD1_S261___1,-0.2512,No,0.7612,0.2439
Q80VI1_S376___1,0.3356,No,0.5786,0.1195
Q80VJ2_S60___1,0.2823,No,0.6987,0.1904
Q80VL3_S437___1,0.0001052,No,>0.9999,0.9996
Q80VL3_S11___1,0.3148,No,0.6291,0.1442
Q80VQ1_S428___1,0.2848,No,0.6926,0.1864
Q80W04_S435___1,0.1291,No,0.9301,0.5491
Q80W04_S189___1,-0.3063,No,0.6479,0.1553
Q80W47_S395___1,0.1827,No,0.8765,0.3968
Q80W68_S772___1,0.1498,No,0.9129,0.4869
Q80W68_S677___1,-0.3559,No,0.5284,0.0987
Q80W68_S584___1,-0.2637,No,0.7396,0.2212
Q80WC3_S1921___1,-0.03394,No,0.9865,0.8749
Q80WC3_S348___1,-0.1324,No,0.9265,0.5391
Q80WC3_S2403___1,-0.1776,No,0.883,0.41
Q80WJ7_S454___1,-0.007135,No,>0.9999,0.9736
Q80WJ7_S565___1,0.6225,No,0.0748,0.0039
Q80WQ6_S147___1,0.2484,No,0.7665,0.2492
Q80WQ6_S83___1,-0.3983,No,0.4324,0.0646
Q80WQ6_S359___1,-0.1813,No,0.8777,0.4004
Q80WR5_S180___1,-0.2495,No,0.7628,0.247
Q80WT4_S342___1,-0.2052,No,0.8461,0.3411
Q80X32_S187___1,-0.2776,No,0.7078,0.1977
Q80X50_S624___1,-0.08842,No,0.9566,0.6817
Q80X50_S629___1,0.256,No,0.7522,0.2351
Q80X50_S436___1,0.1828,No,0.8765,0.3965
Q80X50_S487___1,0.3618,No,0.5146,0.0932
Q80X50_S490___1,0.003893,No,>0.9999,0.9856
Q80X50_S491___1,0.0899,No,0.9556,0.6766
Q80X50_S496___1,0.2422,No,0.7803,0.2612
Q80X50_S497___1,0.04328,No,0.9833,0.8409
Q80X66_S75___1,-1.014,Yes,0.0003,<0.0001
Q80X66_S92___1,-0.4345,No,0.3486,0.0438
Q80X73_S55___1,-0.07501,No,0.9691,0.7279
Q80X73_S58___1,0.07235,No,0.9696,0.7371
Q80X80_S48___1,0.01438,No,0.9978,0.9468
Q80X80_S703___1,-0.04665,No,0.9832,0.8287
Q80X80_S662___1,0.06044,No,0.9747,0.7792
Q80X80_S631___1,-0.1106,No,0.9398,0.6079
Q80X80_S411___1,-0.1579,No,0.9079,0.4639
Q80X80_S374___1,0.558,No,0.139,0.0096
Q80X82_S1260___1,0.1512,No,0.9129,0.4831
Q80X82_S494___1,0.1324,No,0.9264,0.539
Q80X82_S1275___1,0.423,No,0.3751,0.0497
Q80X82_S1276___1,0.478,No,0.2636,0.0266
Q80X90_S983___1,0.2328,No,0.7974,0.2802
Q80X90_S2478___1,0.2046,No,0.8466,0.3426
Q80X90_S2481___1,-0.1414,No,0.9205,0.5119
Q80X90_S833___1,-0.0647,No,0.9712,0.7641
Q80X90_S789___1,-0.07498,No,0.9691,0.7279
Q80X90_S1505___1,0.2671,No,0.7303,0.2153
Q80XC2_S46___1,0.006905,No,>0.9999,0.9744
Q80XC3_S544___1,-0.03599,No,0.9854,0.8674
Q80XC3_S452___1,-0.02791,No,0.9906,0.897
Q80XC3_S669___1,0.4234,No,0.3745,0.0495
Q80XC3_S489___1,-0.2692,No,0.7248,0.2117
Q80XC6_S54___1,-0.03364,No,0.9869,0.876
Q80XI6_S549___1,0.09605,No,0.9496,0.6559
Q80XI6_S508___1,-0.1627,No,0.9028,0.4503
Q80XI6_S525___1,-0.1523,No,0.9129,0.48
Q80XI6_S751___1,-0.6581,No,0.0516,0.0023
Q80XI6_S35___1,0.1421,No,0.9194,0.5097
Q80XI6_S731___1,0.2434,No,0.777,0.2588
Q80XJ3_S2370___1,0.05357,No,0.9779,0.8037
Q80XJ3_S1381___1,-0.3346,No,0.5808,0.1206
Q80XJ3_S2219___1,-0.1395,No,0.9206,0.5176
Q80XJ3_S2073___1,0.01849,No,0.9953,0.9317
Q80XJ3_S41___1,0.1846,No,0.8727,0.3918
Q80XK6_S496___1,-0.09388,No,0.9513,0.6632
Q80XK6_S379___1,0.09185,No,0.9537,0.67
Q80XK6_S898___1,-0.09457,No,0.9504,0.6609
Q80XP8_S338___1,0.1329,No,0.9249,0.5374
Q80XP8_S193___1,0.1444,No,0.9168,0.503
Q80XQ2_S578___1,0.1563,No,0.9086,0.4683
Q80XQ2_S565___1,0.05228,No,0.9785,0.8084
Q80XR2_S620___1,0.09426,No,0.9505,0.6619
Q80XS6_S550___1,-0.1927,No,0.8633,0.3714
Q80XS6_S600___1,0.009787,No,0.9993,0.9638
Q80XS6_S621___1,-0.1138,No,0.9382,0.5977
Q80XU3_S181___1,0.06955,No,0.9706,0.7469
Q80XU3_S79___1,-0.7933,Yes,0.0097,0.0002
Q80XU3_S19___1,0.09002,No,0.9556,0.6762
Q80XU3_S54___1,-0.3144,No,0.6303,0.1447
Q80XU3_S58___1,0.9279,Yes,0.0013,<0.0001
Q80XU3_S61___1,-0.4938,No,0.2356,0.022
Q80XU3_S50___1,0.1419,No,0.9194,0.5105
Q80XU8_S611___1,0.02793,No,0.9906,0.8969
Q80Y17_S964___1,-0.04336,No,0.9833,0.8406
Q80Y24_S319___1,0.3389,No,0.572,0.1159
Q80Y24_S732___1,0.1985,No,0.8541,0.3572
Q80Y24_S741___1,-0.1626,No,0.9028,0.4506
Q80Y24_S696___1,0.3776,No,0.4812,0.0798
Q80Y24_S754___1,0.07181,No,0.9697,0.739
Q80Y24_S807___1,0.3147,No,0.6292,0.1443
Q80Y44_S549___1,-0.04314,No,0.9833,0.8414
Q80Y56_S415___1,-0.4606,No,0.296,0.0326
Q80YA8_S1271___1,-0.05187,No,0.9786,0.8098
Q80YA8_S1258___1,0.2537,No,0.7559,0.2392
Q80YD1_S725___1,0.5754,No,0.1186,0.0076
Q80YE7_S319___1,-0.1383,No,0.923,0.5213
Q80YE7_S1433___1,-0.2922,No,0.6767,0.1752
Q80YF6_S240___1,-0.06474,No,0.9712,0.7639
Q80YR5_S847___1,0.1072,No,0.9406,0.619
Q80YR5_S95___1,-0.03044,No,0.99,0.8877
Q80YR7_S1133___1,0.1495,No,0.9129,0.488
Q80YR9_S660___1,0.01746,No,0.9956,0.9355
Q80YS6_S688___1,-0.2449,No,0.7738,0.2559
Q80YS6_S284___1,-0.1969,No,0.8583,0.3609
Q80YS6_S712___1,-0.1695,No,0.8972,0.4317
Q80YS6_S549___1,-0.3852,No,0.4647,0.0739
Q80YS6_S665___1,-0.1839,No,0.8739,0.3935
Q80YS6_S666___1,-0.1449,No,0.9163,0.5013
Q80YS6_S669___1,-0.2579,No,0.7484,0.2315
Q80YV2_S406___1,-0.1852,No,0.8714,0.3901
Q80YV2_S409___1,-0.8101,Yes,0.0078,0.0002
Q80YV2_S62___1,0.07347,No,0.9692,0.7332
Q80YV2_S394___1,0.3476,No,0.551,0.1068
Q80YV2_S334___1,0.3188,No,0.6184,0.1391
Q80YV2_S343___1,-0.08283,No,0.963,0.7008
Q80YV2_S353___1,-0.003157,No,>0.9999,0.9883
Q80YV2_S369___1,-0.1307,No,0.9286,0.5442
Q80YV2_S24___1,0.1647,No,0.901,0.4448
Q80YV3_S749___1,-0.0485,No,0.9829,0.822
Q80Z25_S267___1,0.04149,No,0.9833,0.8474
Q80Z25_S791___1,-0.4359,No,0.3453,0.0432
Q80Z37_S1016___1,0.4154,No,0.3924,0.054
Q80Z37_S806___1,-0.04953,No,0.9822,0.8183
Q80Z37_S99___1,0.2236,No,0.8124,0.2995
Q80Z37_S82___1,0.1742,No,0.8894,0.4191
Q80Z37_S736___1,-0.3404,No,0.5685,0.1143
Q80Z37_S568___1,0.0203,No,0.9943,0.925
Q80Z37_S196___1,-0.1408,No,0.9206,0.5137
Q80Z37_S1025___1,-0.03906,No,0.9834,0.8562
Q80Z96_S522___1,-0.2021,No,0.8483,0.3485
Q80Z96_S525___1,-0.335,No,0.5797,0.1202
Q80Z96_S340___1,0.1513,No,0.9129,0.4828
Q80ZK9_S662___1,-0.1087,No,0.9401,0.6142
Q810A7_S96___1,0.04136,No,0.9833,0.8478
Q810A7_S185___1,0.1158,No,0.9359,0.5911
Q810J8_S129___1,-0.4025,No,0.4217,0.0619
Q810V0_S277___1,0.7088,Yes,0.0285,0.001
Q811D0_S688___1,-0.1114,No,0.9395,0.6053
Q811D2_S239___1,0.1479,No,0.9129,0.4927
Q811L6_S1776___1,-0.1476,No,0.9129,0.4935
Q811L6_S135___1,0.03971,No,0.9834,0.8538
Q811L6_S1465___1,-0.6036,No,0.0922,0.0051
Q811L6_S1417___1,-0.296,No,0.6677,0.1697
Q811L6_S164___1,0.08536,No,0.9606,0.6921
Q811L6_S1444___1,-0.7882,Yes,0.0106,0.0003
Q811L6_S2517___1,-0.09926,No,0.946,0.6452
Q811L6_S2053___1,0.2439,No,0.7761,0.2579
Q811L6_S204___1,0.04181,No,0.9833,0.8462
Q812A2_S895___1,0.01073,No,0.9985,0.9603
Q812A2_S759___1,0.3166,No,0.6242,0.1419
Q812A2_S858___1,-0.2436,No,0.7766,0.2584
Q812A2_S497___1,-0.456,No,0.3033,0.0344
Q8BFU3_S48___1,0.06718,No,0.9712,0.7553
Q8BFU3_S500___1,0.06995,No,0.9706,0.7455
Q8BFW7_S610___1,-0.0281,No,0.9906,0.8963
Q8BFX3_S665___1,-0.05797,No,0.9755,0.788
Q8BFY7_S128___1,-0.3761,No,0.4844,0.081
Q8BG05_S359___1,0.1498,No,0.9129,0.4871
Q8BG05_S367___1,0.02133,No,0.9938,0.9212
Q8BG05_S371___1,-0.1334,No,0.9249,0.536
Q8BG09_S402___1,0.2417,No,0.781,0.2621
Q8BG09_S403___1,0.2038,No,0.8478,0.3443
Q8BG15_S9___1,0.1043,No,0.9434,0.6286
Q8BG15_S13___1,-0.3496,No,0.545,0.1048
Q8BG15_S104___1,0.006758,No,>0.9999,0.975
Q8BG17_S135___1,0.3425,No,0.5635,0.1121
Q8BG30_S363___1,0.0535,No,0.9779,0.804
Q8BG30_S225___1,0.07152,No,0.9697,0.74
Q8BG30_S192___1,-0.968,Yes,0.0006,<0.0001
Q8BG67_S363___1,-0.1252,No,0.9337,0.5614
Q8BG67_S220___1,0.2633,No,0.7399,0.222
Q8BG67_S692___1,-0.04242,No,0.9833,0.844
Q8BG80_S240___1,0.3239,No,0.6084,0.1329
Q8BG81_S127___1,0.03432,No,0.9863,0.8735
Q8BG95_S833___1,-0.4562,No,0.3031,0.0343
Q8BG95_S849___1,0.008199,No,>0.9999,0.9697
Q8BG95_S446___1,-0.1693,No,0.8972,0.4321
Q8BGB2_S648___1,0.1439,No,0.9168,0.5044
Q8BGB2_S183___1,-0.1548,No,0.9096,0.4728
Q8BGC0_S441___1,-0.1328,No,0.9249,0.5378
Q8BGC0_S455___1,-0.8051,Yes,0.0084,0.0002
Q8BGC0_S705___1,0.2031,No,0.8483,0.346
Q8BGC0_S388___1,-0.8174,Yes,0.0071,0.0001
Q8BGC0_S392___1,-0.6374,No,0.0634,0.0031
Q8BGC0_S398___1,-0.3956,No,0.4389,0.0664
Q8BGC0_S645___1,0.8958,Yes,0.0022,<0.0001
Q8BGD9_S283___1,-0.3097,No,0.6414,0.1508
Q8BGD9_S207___1,-0.3319,No,0.5892,0.1236
Q8BGD9_S542___1,-0.09855,No,0.9474,0.6475
Q8BGD9_S406___1,-0.04708,No,0.9832,0.8271
Q8BGD9_S409___1,-0.02269,No,0.9928,0.9162
Q8BGD9_S422___1,-1.323,Yes,<0.0001,<0.0001
Q8BGD9_S495___1,-0.04681,No,0.9832,0.8281
Q8BGD9_S497___1,-0.211,No,0.8356,0.3277
Q8BGD9_S498___1,-0.1396,No,0.9206,0.5171
Q8BGD9_S504___1,0.1662,No,0.8983,0.4407
Q8BGD9_S352___1,-0.4805,No,0.259,0.0258
Q8BGD9_S597___1,-0.1715,No,0.8939,0.4261
Q8BGE6_S383___1,0.3717,No,0.4932,0.0846
Q8BGK6_S30___1,0.09104,No,0.9546,0.6728
Q8BGK6_S32___1,-0.1713,No,0.8939,0.4267
Q8BGK6_S35___1,0.146,No,0.9145,0.4982
Q8BGK6_S8___1,-0.04187,No,0.9833,0.846
Q8BGQ1_S119___1,-0.06301,No,0.973,0.7701
Q8BGQ7_S399___1,-0.5114,No,0.2081,0.0177
Q8BGS1_S581___1,-0.2403,No,0.783,0.2649
Q8BGS1_S348___1,0.04765,No,0.983,0.8251
Q8BGT0_S329___1,0.1141,No,0.9382,0.5965
Q8BGT6_S496___1,0.4061,No,0.413,0.0595
Q8BGT6_S647___1,-0.3089,No,0.6425,0.1519
Q8BGT6_S651___1,-0.6916,Yes,0.0349,0.0013
Q8BGU5_S73___1,0.1559,No,0.9086,0.4696
Q8BGU5_S326___1,0.02592,No,0.9915,0.9043
Q8BGU5_S25___1,-0.1409,No,0.9206,0.5132
Q8BGU5_S21___1,-0.122,No,0.9352,0.5714
Q8BGU5_S83___1,-0.32,No,0.616,0.1377
Q8BGV4_S504___1,-0.04244,No,0.9833,0.8439
Q8BGV8_S59___1,0.0759,No,0.9684,0.7248
Q8BGV8_S94___1,-0.04459,No,0.9833,0.8361
Q8BGW2_S238___1,0.03564,No,0.9855,0.8687
Q8BGW2_S177___1,0.1515,No,0.9129,0.4823
Q8BGY4_S13___1,-0.04303,No,0.9833,0.8418
Q8BGY4_S417___1,0.1194,No,0.9358,0.5796
Q8BGY4_S430___1,-0.07488,No,0.9691,0.7283
Q8BGZ4_S578___1,-0.03654,No,0.9853,0.8654
Q8BGZ4_S588___1,-0.1557,No,0.9086,0.4701
Q8BH02_S92___1,0.1797,No,0.8795,0.4045
Q8BH07_S64___1,-0.1506,No,0.9129,0.4848
Q8BH07_S36___1,-0.1762,No,0.8853,0.4136
Q8BH07_S80___1,0.3065,No,0.6474,0.1551
Q8BH43_S473___1,0.1224,No,0.935,0.57
Q8BH43_S215___1,-0.1228,No,0.9347,0.569
Q8BH50_S66___1,0.3055,No,0.6494,0.1564
Q8BH50_S145___1,-0.9511,Yes,0.0008,<0.0001
Q8BH50_S147___1,-0.5094,No,0.2105,0.0181
Q8BH58_S270___1,-0.03771,No,0.9843,0.8611
Q8BH64_S438___1,0.06988,No,0.9706,0.7458
Q8BH64_S349___1,0.08438,No,0.9612,0.6955
Q8BH64_S468___1,0.1566,No,0.9086,0.4676
Q8BH66_S10___1,0.054,No,0.9779,0.8022
Q8BH66_S22___1,0.02421,No,0.9915,0.9106
Q8BH66_S23___1,-0.3075,No,0.6459,0.1537
Q8BH69_S17___1,0.2591,No,0.7454,0.2293
Q8BH74_S87___1,0.06084,No,0.9747,0.7778
Q8BH74_S11___1,0.06342,No,0.9729,0.7686
Q8BH88_S160___1,0.3665,No,0.5027,0.0891
Q8BHE1_S181___1,0.0512,No,0.9799,0.8122
Q8BHE1_S91___1,0.06563,No,0.9712,0.7608
Q8BHE4_S529___1,-0.1127,No,0.9389,0.601
Q8BHE4_S533___1,-0.5752,No,0.1186,0.0076
Q8BHE4_S538___1,0.1371,No,0.9234,0.5247
Q8BHG1_S85___1,0.3004,No,0.6612,0.1634
Q8BHG1_S60___1,0.4276,No,0.3647,0.0473
Q8BHG9_S94___1,0.3185,No,0.6184,0.1395
Q8BHJ9_S215___1,-0.8191,Yes,0.007,0.0001
Q8BHK9_S1021___1,0.4973,No,0.2301,0.0211
Q8BHK9_S1001___1,0.3056,No,0.6494,0.1563
Q8BHK9_S980___1,-0.3549,No,0.5302,0.0997
Q8BHL3_S129___1,-0.2183,No,0.8224,0.3111
Q8BHL3_S142___1,-0.6313,No,0.0674,0.0034
Q8BHL3_S664___1,-0.1171,No,0.9359,0.587
Q8BHL3_S619___1,-0.2061,No,0.8443,0.3389
Q8BHL3_S22___1,-0.04809,No,0.983,0.8234
Q8BHL3_S28___1,-0.2997,No,0.6626,0.1644
Q8BHL4_S344___1,-0.3005,No,0.6609,0.1632
Q8BHL7_S75___1,0.1979,No,0.8558,0.3585
Q8BHL8_S153___1,-0.009214,No,>0.9999,0.9659
Q8BHN5_S199___1,-0.07322,No,0.9694,0.7341
Q8BHN5_S206___1,0.2977,No,0.6642,0.1672
Q8BHR8_S304___1,0.03173,No,0.9888,0.883
Q8BHS6_S43___1,0.06705,No,0.9712,0.7557
Q8BHS6_S110___1,0.1633,No,0.9028,0.4486
Q8BHS6_S61___1,0.04215,No,0.9833,0.845
Q8BHX3_S175___1,0.4247,No,0.3711,0.0488
Q8BHZ4_S78___1,-0.07779,No,0.9658,0.7182
Q8BHZ4_S346___1,-0.2166,No,0.826,0.315
Q8BHZ4_S1089___1,0.3109,No,0.6369,0.1492
Q8BI29_S132___1,-0.647,No,0.0576,0.0027
Q8BI29_S397___1,-0.1481,No,0.9129,0.492
Q8BI72_S124___1,0.2779,No,0.7072,0.1973
Q8BI72_S169___1,-0.194,No,0.8616,0.3682
Q8BI84_S1915___1,0.2399,No,0.7836,0.2657
Q8BI84_S1733___1,0.1275,No,0.9326,0.5541
Q8BI84_S537___1,0.05934,No,0.9747,0.7831
Q8BI84_S1705___1,0.1024,No,0.9445,0.6349
Q8BI84_S1754___1,0.4974,No,0.2301,0.021
Q8BI84_S659___1,-0.01628,No,0.9965,0.9398
Q8BIE6_S785___1,-0.0523,No,0.9785,0.8083
Q8BIE6_S712___1,0.04146,No,0.9833,0.8475
Q8BIE6_S882___1,-0.3655,No,0.5056,0.0899
Q8BIE6_S642___1,-0.2925,No,0.6761,0.1747
Q8BIE6_S889___1,-0.7219,Yes,0.0248,0.0008
Q8BIE6_S679___1,-0.02258,No,0.9928,0.9166
Q8BIE6_S590___1,0.03879,No,0.9835,0.8572
Q8BIG4_S344___1,0.03203,No,0.9888,0.8819
Q8BIQ5_S527___1,0.4855,No,0.2519,0.0243
Q8BIQ5_S120___1,0.1166,No,0.9359,0.5887
Q8BIW9_S91___1,0.3279,No,0.5972,0.1282
Q8BIX3_S179___1,-0.1671,No,0.8976,0.4382
Q8BIX3_S182___1,0.3259,No,0.6033,0.1306
Q8BIX3_S130___1,0.5025,No,0.2226,0.0198
Q8BIY1_S61___1,-0.1472,No,0.9132,0.4946
Q8BIZ6_S18___1,-0.3109,No,0.6369,0.1492
Q8BIZ6_S33___1,-0.1085,No,0.9401,0.6146
Q8BJ05_S515___1,0.2933,No,0.6741,0.1736
Q8BJ05_S309___1,-0.131,No,0.9286,0.5433
Q8BJ05_S343___1,0.2273,No,0.8082,0.2916
Q8BJ05_S152___1,-0.2916,No,0.6784,0.1761
Q8BJ05_S85___1,0.2722,No,0.7173,0.2066
Q8BJ05_S733___1,-0.2704,No,0.7218,0.2097
Q8BJ37_S61___1,0.2738,No,0.7144,0.204
Q8BJ37_S132___1,0.2739,No,0.7143,0.2038
Q8BJ71_S767___1,0.1569,No,0.9081,0.4666
Q8BJ71_S769___1,-0.2018,No,0.8487,0.3492
Q8BJ71_S770___1,0.04403,No,0.9833,0.8381
Q8BJ71_S52___1,0.02422,No,0.9915,0.9105
Q8BJF9_S199___1,-0.103,No,0.9441,0.6327
Q8BJH1_S222___1,-0.02392,No,0.9917,0.9117
Q8BJU0_S307___1,0.03153,No,0.9888,0.8837
Q8BK03_S224___1,0.2462,No,0.7701,0.2535
Q8BK03_S276___1,0.09872,No,0.9473,0.647
Q8BK08_S16___1,-1.17,Yes,<0.0001,<0.0001
Q8BK35_S305___1,0.1651,No,0.9008,0.4437
Q8BK63_S313___1,-0.1371,No,0.9234,0.5247
Q8BK67_S49___1,-0.1408,No,0.9206,0.5137
Q8BKC5_S827___1,0.3028,No,0.6553,0.1601
Q8BKG3_S166___1,0.1223,No,0.935,0.5705
Q8BKG3_S1056___1,-0.06805,No,0.9706,0.7522
Q8BKG3_S776___1,-0.05954,No,0.9747,0.7824
Q8BKH7_S510___1,-0.1927,No,0.8633,0.3714
Q8BKI2_S509___1,-0.02405,No,0.9915,0.9112
Q8BKI2_S1793___1,0.1299,No,0.9288,0.5467
Q8BKI2_S1809___1,-0.008644,No,>0.9999,0.968
Q8BKI2_S422___1,0.1739,No,0.8903,0.4199
Q8BKR5_S583___1,-0.1324,No,0.9264,0.539
Q8BKS9_S99___1,0.08246,No,0.9635,0.7021
Q8BKT3_S169___1,0.1476,No,0.9129,0.4936
Q8BKX1_S510___1,-0.4033,No,0.4197,0.0613
Q8BKX6_S3553___1,0.03794,No,0.9843,0.8603
Q8BL06_S613___1,0.08451,No,0.9612,0.695
Q8BL06_S1435___1,-0.249,No,0.7641,0.2481
Q8BL06_S673___1,-0.161,No,0.9036,0.4551
Q8BLB7_S605___1,0.04908,No,0.9828,0.8199
Q8BLH7_S134___1,0.4093,No,0.4053,0.0576
Q8BLH7_S364___1,0.06868,No,0.9706,0.75
Q8BLH7_S366___1,0.2066,No,0.8436,0.3378
Q8BLH7_S153___1,0.04921,No,0.9828,0.8194
Q8BLH7_S564___1,0.5049,No,0.2183,0.0192
Q8BLH7_S575___1,0.3609,No,0.5158,0.0941
Q8BLH7_S389___1,0.4672,No,0.2841,0.0302
Q8BLH7_S80___1,-0.4723,No,0.273,0.0284
Q8BLI0_S787___1,0.04868,No,0.9828,0.8213
Q8BLU0_S651___1,-0.03979,No,0.9834,0.8536
Q8BLV3_S546___1,0.2128,No,0.8324,0.3235
Q8BLX7_S260___1,0.07404,No,0.9691,0.7312
Q8BM47_S152___1,0.04194,No,0.9833,0.8457
Q8BM47_S132___1,0.1004,No,0.9455,0.6413
Q8BM55_S51___1,0.3312,No,0.5906,0.1244
Q8BMA5_S209___1,0.09661,No,0.9491,0.654
Q8BMA6_S12___1,0.07043,No,0.9703,0.7438
Q8BMA6_S26___1,-0.05601,No,0.977,0.795
Q8BMB0_S159___1,-0.1621,No,0.9031,0.4519
Q8BMB0_S173___1,0.03449,No,0.9859,0.8729
Q8BMB0_S202___1,0.1105,No,0.9398,0.6081
Q8BMB0_S349___1,0.1395,No,0.9206,0.5176
Q8BMC0_S308___1,-0.2396,No,0.7843,0.2662
Q8BMG1_S14___1,0.8602,Yes,0.0039,<0.0001
Q8BMG1_S97___1,0.04561,No,0.9833,0.8324
Q8BMI0_S746___1,0.177,No,0.8848,0.4116
Q8BMI3_S159___1,0.0142,No,0.9978,0.9475
Q8BMK0_S16___1,0.08082,No,0.9643,0.7077
Q8BMK4_S68___1,-1.077,Yes,<0.0001,<0.0001
Q8BMK4_S367___1,-0.06102,No,0.9747,0.7771
Q8BML1_S738___1,0.1371,No,0.9234,0.5247
Q8BML9_S70___1,0.01887,No,0.9953,0.9303
Q8BMP6_S330___1,0.05219,No,0.9785,0.8087
Q8BMQ2_S607___1,0.1615,No,0.9036,0.4536
Q8BN21_S378___1,-0.3884,No,0.456,0.0715
Q8BN21_S344___1,-0.6476,No,0.0573,0.0027
Q8BNN1_S329___1,0.1024,No,0.9444,0.6347
Q8BP22_S319___1,0.2831,No,0.6975,0.189
Q8BP27_S115___1,0.09031,No,0.9556,0.6752
Q8BP27_S67___1,-0.004048,No,>0.9999,0.985
Q8BP27_S163___1,0.0457,No,0.9833,0.8321
Q8BP27_S139___1,0.3247,No,0.606,0.132
Q8BP47_S493___1,0.1506,No,0.9129,0.4847
Q8BPN8_S423___1,-0.09064,No,0.9556,0.6741
Q8BPU7_S344___1,0.001771,No,>0.9999,0.9934
Q8BPZ8_S355___1,-0.05905,No,0.9747,0.7841
Q8BQ30_S174___1,0.03224,No,0.9887,0.8811
Q8BQ30_S146___1,-0.9993,Yes,0.0004,<0.0001
Q8BQ30_S224___1,0.09369,No,0.9513,0.6638
Q8BQ30_S234___1,0.313,No,0.6335,0.1465
Q8BQ30_S59___1,-0.04119,No,0.9833,0.8484
Q8BQ30_S412___1,0.536,No,0.1693,0.0129
Q8BQ30_S448___1,-0.006111,No,>0.9999,0.9774
Q8BQ30_S134___1,-0.3785,No,0.4782,0.0791
Q8BQ30_S510___1,-0.3655,No,0.5056,0.0899
Q8BQ30_S194___1,0.2566,No,0.7505,0.2339
Q8BQ33_S599___1,-0.1508,No,0.9129,0.4842
Q8BQ47_S64___1,-0.02197,No,0.9929,0.9188
Q8BQM4_S144___1,0.2357,No,0.7922,0.2742
Q8BQS4_S267___1,-0.1362,No,0.9234,0.5275
Q8BQS4_S162___1,0.2943,No,0.6717,0.1721
Q8BQZ4_S359___1,0.2329,No,0.7971,0.28
Q8BR63_S29___1,0.09267,No,0.9526,0.6673
Q8BR65_S234___1,-0.01269,No,0.9979,0.9531
Q8BR92_S315___1,-0.03945,No,0.9834,0.8548
Q8BRB7_S1302___1,-0.09923,No,0.946,0.6452
Q8BRB7_S866___1,-0.1169,No,0.9359,0.5875
Q8BRF7_S573___1,-0.0828,No,0.963,0.7009
Q8BRF7_S300___1,0.4995,No,0.2263,0.0205
Q8BRN9_S515___1,-0.2501,No,0.7623,0.2459
Q8BRN9_S484___1,0.07352,No,0.9691,0.733
Q8BRT1_S1005___1,0.2474,No,0.7669,0.2512
Q8BRT1_S513___1,0.1816,No,0.8768,0.3994
Q8BRT1_S461___1,-0.5795,No,0.1154,0.0072
Q8BRT1_S465___1,0.3119,No,0.6344,0.1479
Q8BRT1_S884___1,-0.2628,No,0.7406,0.2227
Q8BRT1_S1286___1,-0.008185,No,>0.9999,0.9697
Q8BRT1_S614___1,0.4891,No,0.2445,0.0233
Q8BRT1_S333___1,-0.09635,No,0.9496,0.6549
Q8BRV5_S166___1,-0.7087,Yes,0.0285,0.001
Q8BRV5_S302___1,0.05962,No,0.9747,0.7821
Q8BRV5_S259___1,0.5814,No,0.1139,0.007
Q8BSE0_S51___1,-0.005936,No,>0.9999,0.978
Q8BSE0_S121___1,-0.157,No,0.9081,0.4663
Q8BSM7_S398___1,0.2105,No,0.8363,0.3287
Q8BSM7_S277___1,0.2544,No,0.754,0.2378
Q8BSY0_S27___1,0.214,No,0.8291,0.3207
Q8BT07_S426___1,0.4499,No,0.3162,0.0369
Q8BT07_S434___1,0.4623,No,0.2938,0.032
Q8BT07_S5___1,-0.1293,No,0.9299,0.5485
Q8BT07_S23___1,0.7745,Yes,0.0126,0.0003
Q8BTG7_S298___1,0.1956,No,0.86,0.3642
Q8BTH8_S361___1,-0.6629,Yes,0.0486,0.0021
Q8BTI7_S1075___1,-0.008802,No,>0.9999,0.9674
Q8BTI8_S1269___1,0.2695,No,0.7242,0.2112
Q8BTI8_S2381___1,-1.13,Yes,<0.0001,<0.0001
Q8BTI8_S1576___1,-0.3958,No,0.4387,0.0664
Q8BTI8_S1577___1,-0.1888,No,0.8677,0.3811
Q8BTI8_S2360___1,0.1253,No,0.9336,0.5609
Q8BTI8_S2084___1,0.1462,No,0.9138,0.4975
Q8BTI8_S1151___1,0.02248,No,0.9928,0.9169
Q8BTI8_S2667___1,-0.1262,No,0.9335,0.5583
Q8BTI8_S1438___1,-0.7673,Yes,0.0139,0.0004
Q8BTI8_S1439___1,-0.8725,Yes,0.0032,<0.0001
Q8BTI8_S349___1,0.1535,No,0.9111,0.4763
Q8BTI8_S351___1,-0.1292,No,0.9301,0.5489
Q8BTI8_S1278___1,0.2446,No,0.7747,0.2565
Q8BTI8_S1230___1,0.1605,No,0.9037,0.4564
Q8BTI8_S1378___1,0.2422,No,0.7803,0.2612
Q8BTI8_S507___1,-0.1665,No,0.8981,0.4399
Q8BTI8_S1038___1,0.08444,No,0.9612,0.6952
Q8BTI8_S1048___1,0.2439,No,0.7761,0.2578
Q8BTI8_S1068___1,-0.1189,No,0.9359,0.5813
Q8BTI8_S433___1,-0.1557,No,0.9086,0.4701
Q8BTI8_S964___1,-0.4278,No,0.3647,0.0472
Q8BTI8_S1419___1,0.1705,No,0.8962,0.4289
Q8BTI8_S2638___1,0.049,No,0.9828,0.8202
Q8BTI8_S924___1,-0.3407,No,0.568,0.1139
Q8BTI8_S928___1,-0.5256,No,0.1842,0.0148
Q8BTI8_S1097___1,-0.1701,No,0.8962,0.4301
Q8BTI8_S2335___1,-0.01438,No,0.9978,0.9468
Q8BTI8_S2073___1,-0.1112,No,0.9395,0.6058
Q8BTI8_S2075___1,0.1675,No,0.8976,0.437
Q8BTI8_S2404___1,0.09028,No,0.9556,0.6754
Q8BTI8_S2052___1,0.3657,No,0.5056,0.0898
Q8BTI8_S1305___1,0.2815,No,0.6992,0.1915
Q8BTI8_S2656___1,-0.2168,No,0.8249,0.3144
Q8BTI8_S2660___1,-0.9971,Yes,0.0004,<0.0001
Q8BTI8_S850___1,-0.2838,No,0.6956,0.1879
Q8BTI8_S1630___1,-0.6488,No,0.0566,0.0026
Q8BTI8_S773___1,-0.06825,No,0.9706,0.7515
Q8BTI8_S777___1,-0.06128,No,0.9747,0.7762
Q8BTI8_S778___1,-0.4582,No,0.2991,0.0335
Q8BTI8_S2023___1,-0.3654,No,0.5056,0.09
Q8BTI8_S1649___1,-0.468,No,0.2823,0.0299
Q8BTI8_S1650___1,-0.9749,Yes,0.0006,<0.0001
Q8BTI8_S1338___1,0.1883,No,0.8678,0.3824
Q8BTI8_S1343___1,-0.07906,No,0.9653,0.7138
Q8BTI8_S2535___1,0.2726,No,0.7166,0.206
Q8BTI8_S1556___1,-1.115,Yes,<0.0001,<0.0001
Q8BTI8_S1399___1,-0.4141,No,0.3957,0.0547
Q8BTI8_S1400___1,-0.3033,No,0.6545,0.1595
Q8BTI8_S1495___1,0.05725,No,0.9761,0.7905
Q8BTI8_S1497___1,0.02191,No,0.9929,0.919
Q8BTI8_S1498___1,0.2397,No,0.7843,0.2662
Q8BTI8_S1508___1,0.1579,No,0.9079,0.4638
Q8BTI8_S821___1,0.3386,No,0.5724,0.1162
Q8BTI8_S829___1,-0.0133,No,0.9978,0.9508
Q8BTI8_S2646___1,0.1363,No,0.9234,0.5271
Q8BTI8_S2648___1,0.2889,No,0.6835,0.1802
Q8BTI8_S982___1,0.07522,No,0.9691,0.7271
Q8BTI8_S984___1,-0.1434,No,0.9177,0.5058
Q8BTI8_S533___1,0.005,No,>0.9999,0.9815
Q8BTI8_S1998___1,0.08715,No,0.9577,0.686
Q8BTI8_S1813___1,0.2728,No,0.7164,0.2057
Q8BTI8_S1927___1,-0.3788,No,0.4778,0.0789
Q8BTI8_S2224___1,0.3817,No,0.4716,0.0766
Q8BTI8_S2351___1,0.1126,No,0.9391,0.6015
Q8BTI8_S898___1,0.06128,No,0.9747,0.7762
Q8BTI8_S1360___1,-0.7496,Yes,0.0175,0.0005
Q8BTM8_S1084___1,0.5916,No,0.1041,0.0061
Q8BTM8_S2152___1,0.0504,No,0.9809,0.8151
Q8BTM8_S16___1,0.2744,No,0.714,0.2029
Q8BTM8_S20___1,-0.2073,No,0.8427,0.3361
Q8BTM8_S1459___1,0.1302,No,0.9286,0.5458
Q8BTM8_S2128___1,0.1961,No,0.86,0.3631
Q8BTM8_S1734___1,-0.03051,No,0.99,0.8874
Q8BTM8_S2327___1,0.1655,No,0.9002,0.4427
Q8BTM8_S2414___1,0.3121,No,0.6342,0.1476
Q8BTM8_S440___1,-0.08692,No,0.9584,0.6868
Q8BTM8_S2180___1,-0.08258,No,0.9635,0.7016
Q8BTM8_S968___1,0.01255,No,0.9979,0.9536
Q8BTM8_S1819___1,-0.1632,No,0.9028,0.4489
Q8BTM8_S2053___1,-0.08989,No,0.9556,0.6767
Q8BTM8_S1630___1,0.1185,No,0.9359,0.5823
Q8BTM8_S2510___1,0.5096,No,0.2104,0.0181
Q8BTV2_S197___1,0.4669,No,0.2845,0.0303
Q8BTV2_S48___1,-0.316,No,0.6262,0.1427
Q8BTW9_S181___1,-0.04836,No,0.983,0.8225
Q8BTW9_S266___1,-0.08723,No,0.9577,0.6857
Q8BTW9_S104___1,-0.3361,No,0.5777,0.119
Q8BTW9_S476___1,0.07148,No,0.9697,0.7402
Q8BTY2_S1033___1,0.145,No,0.9163,0.501
Q8BTY2_S960___1,0.02811,No,0.9906,0.8962
Q8BU33_S631___1,0.02512,No,0.9915,0.9072
Q8BUH8_S12___1,-0.4473,No,0.322,0.038
Q8BUH8_S13___1,-0.5793,No,0.1154,0.0072
Q8BUK6_S238___1,0.3602,No,0.5179,0.0947
Q8BUK6_S707___1,-0.09721,No,0.9481,0.652
Q8BUL6_S127___1,-0.03468,No,0.9857,0.8722
Q8BUL6_S308___1,0.2349,No,0.7928,0.2758
Q8BUR4_S1858___1,-0.04186,No,0.9833,0.846
Q8BUR4_S1756___1,-0.2072,No,0.8429,0.3365
Q8BUR4_S1743___1,-0.2573,No,0.7503,0.2326
Q8BUV6_S15___1,0.06909,No,0.9706,0.7486
Q8BUV6_S21___1,-0.5071,No,0.2155,0.0186
Q8BUV6_S281___1,-0.2454,No,0.7728,0.2549
Q8BUV8_S537___1,0.0241,No,0.9915,0.911
Q8BUV8_S546___1,0.1063,No,0.9407,0.622
Q8BVA4_S85___1,-0.1858,No,0.8705,0.3888
Q8BVA4_S507___1,-0.1717,No,0.8938,0.4258
Q8BVA4_S60___1,-0.117,No,0.9359,0.5873
Q8BVA4_S550___1,-0.745,Yes,0.0185,0.0005
Q8BVE3_S483___1,0.07604,No,0.9681,0.7242
Q8BVE8_S121___1,0.1061,No,0.9407,0.6225
Q8BVF2_S65___1,-0.03772,No,0.9843,0.8611
Q8BVG4_S840___1,-0.1031,No,0.9439,0.6324
Q8BVK9_S177___1,-0.2872,No,0.6871,0.1828
Q8BVL3_S409___1,-0.1934,No,0.8621,0.3696
Q8BVL3_S336___1,-0.04892,No,0.9828,0.8205
Q8BVP5_S183___1,0.01781,No,0.9955,0.9341
Q8BVQ5_S243___1,0.3458,No,0.5562,0.1087
Q8BVR6_S50___1,0.04037,No,0.9834,0.8514
Q8BVU0_S625___1,-0.3927,No,0.4461,0.0685
Q8BVU0_S608___1,-0.183,No,0.8765,0.3959
Q8BVU0_S415___1,0.1696,No,0.8971,0.4315
Q8BVU0_S419___1,0.07044,No,0.9703,0.7438
Q8BW10_S316___1,-0.2265,No,0.809,0.2935
Q8BWA8_S336___1,0.5433,No,0.1598,0.0117
Q8BWA8_S195___1,-0.09796,No,0.9476,0.6495
Q8BWJ3_S729___1,0.1268,No,0.9334,0.5565
Q8BWR8_S654___1,0.1404,No,0.9206,0.515
Q8BWW4_S717___1,0.07636,No,0.9679,0.7231
Q8BWW9_S582___1,-0.02711,No,0.991,0.8999
Q8BWW9_S359___1,-0.1312,No,0.9286,0.5428
Q8BWW9_S366___1,-0.4433,No,0.3314,0.0398
Q8BWW9_S110___1,0.217,No,0.8247,0.3141
Q8BWW9_S131___1,-0.3221,No,0.6123,0.1351
Q8BWW9_S619___1,0.2157,No,0.8273,0.3169
Q8BWW9_S305___1,-0.1423,No,0.9194,0.509
Q8BWY9_S899___1,0.2287,No,0.8056,0.2887
Q8BX02_S372___1,0.003022,No,>0.9999,0.9888
Q8BX02_S358___1,0.1449,No,0.9165,0.5016
Q8BX02_S83___1,-0.2716,No,0.7182,0.2077
Q8BX02_S92___1,0.1945,No,0.8616,0.3669
Q8BX02_S101___1,-0.552,No,0.1493,0.0104
Q8BX02_S120___1,-0.1086,No,0.9401,0.6145
Q8BX02_S246___1,0.01055,No,0.9985,0.961
Q8BX02_S248___1,-0.2196,No,0.8193,0.3083
Q8BX02_S173___1,0.0544,No,0.9779,0.8007
Q8BX02_S532___1,0.2177,No,0.8232,0.3125
Q8BX17_S1414___1,0.08355,No,0.962,0.6983
Q8BX65_S141___1,-0.1643,No,0.9018,0.4459
Q8BX65_S105___1,-0.404,No,0.4181,0.0609
Q8BX70_S3738___1,0.4719,No,0.2739,0.0286
Q8BX90_S203___1,-0.07887,No,0.9653,0.7145
Q8BXA1_S328___1,-0.04314,No,0.9833,0.8414
Q8BXA1_S272___1,0.1332,No,0.9249,0.5366
Q8BXA7_S1207___1,0.2242,No,0.8112,0.2983
Q8BXA7_S1146___1,0.9954,Yes,0.0004,<0.0001
Q8BXK8_S521___1,-0.103,No,0.9441,0.6328
Q8BXK8_S663___1,0.3819,No,0.4712,0.0764
Q8BXK8_S101___1,0.07464,No,0.9691,0.7291
Q8BXN7_S248___1,-0.07942,No,0.9653,0.7125
Q8BXQ8_S162___1,0.04512,No,0.9833,0.8342
Q8BXQ8_S122___1,-0.09604,No,0.9496,0.6559
Q8BXQ8_S273___1,0.2127,No,0.8326,0.3238
Q8BXV2_S250___1,-0.1733,No,0.892,0.4215
Q8BY98_S282___1,-0.2214,No,0.8179,0.3044
Q8BYC6_S442___1,-0.9875,Yes,0.0004,<0.0001
Q8BYC6_S324___1,-0.09827,No,0.9474,0.6485
Q8BYH7_S20___1,0.3344,No,0.5818,0.1208
Q8BYK8_S1150___1,0.2036,No,0.848,0.3449
Q8BYK8_S199___1,-0.4561,No,0.3032,0.0343
Q8BYR2_S181___1,0.06309,No,0.973,0.7698
Q8BYR2_S612___1,-0.02842,No,0.9906,0.8951
Q8BYR2_S278___1,0.04492,No,0.9833,0.8349
Q8BYR2_S463___1,-0.07356,No,0.9691,0.7329
Q8BYU6_S83___1,0.3647,No,0.5083,0.0907
Q8BZ03_S214___1,-0.00375,No,>0.9999,0.9861
Q8BZ03_S225___1,-0.1229,No,0.9347,0.5686
Q8BZ03_S519___1,-0.5741,No,0.1201,0.0077
Q8BZ03_S236___1,-0.04114,No,0.9833,0.8486
Q8BZ20_S268___1,0.2121,No,0.8341,0.325
Q8BZ32_S653___1,-0.1016,No,0.9449,0.6375
Q8BZ32_S765___1,-0.2195,No,0.8193,0.3085
Q8BZ32_S1254___1,-0.3526,No,0.5366,0.1019
Q8BZ32_S477___1,0.01879,No,0.9953,0.9305
Q8BZ47_S803___1,-0.288,No,0.6846,0.1815
Q8BZ47_S358___1,-0.5854,No,0.1097,0.0066
Q8BZ47_S575___1,-0.236,No,0.7922,0.2736
Q8BZ47_S491___1,0.05881,No,0.9751,0.785
Q8BZ47_S467___1,-0.2501,No,0.7623,0.246
Q8BZ60_S278___1,-0.05231,No,0.9785,0.8083
Q8BZ60_S299___1,-0.2147,No,0.8291,0.3193
Q8BZF8_S122___1,-0.246,No,0.7701,0.2537
Q8BZH4_S795___1,0.2453,No,0.7732,0.2551
Q8BZH4_S333___1,-0.2983,No,0.6642,0.1664
Q8BZH4_S422___1,-0.01317,No,0.9978,0.9513
Q8BZQ7_S549___1,0.1674,No,0.8976,0.4375
Q8BZR9_S563___1,0.222,No,0.8161,0.3031
Q8BZR9_S495___1,0.1012,No,0.9449,0.6387
Q8BZZ3_S155___1,0.07061,No,0.9703,0.7432
Q8C031_S631___1,-0.3656,No,0.5056,0.0899
Q8C033_S34___1,0.2353,No,0.7922,0.2749
Q8C033_S284___1,-0.5329,No,0.1729,0.0134
Q8C033_S349___1,-0.5279,No,0.1812,0.0143
Q8C033_S1291___1,0.2606,No,0.7437,0.2266
Q8C033_S108___1,0.1365,No,0.9234,0.5266
Q8C052_S462___1,0.05359,No,0.9779,0.8037
Q8C052_S786___1,-0.2742,No,0.714,0.2033
Q8C052_S684___1,-0.1133,No,0.9385,0.5993
Q8C052_S687___1,-0.2826,No,0.6987,0.1899
Q8C052_S831___1,-0.2801,No,0.7012,0.1939
Q8C052_S777___1,0.00376,No,>0.9999,0.9861
Q8C080_S108___1,-0.1523,No,0.9129,0.4797
Q8C080_S83___1,0.226,No,0.8101,0.2944
Q8C080_S70___1,0.1597,No,0.9053,0.4586
Q8C0C0_S824___1,0.1177,No,0.9359,0.585
Q8C0C0_S826___1,0.2975,No,0.6642,0.1675
Q8C0C0_S719___1,0.1493,No,0.9129,0.4886
Q8C0D4_S238___1,0.05419,No,0.9779,0.8015
Q8C0D4_S211___1,-0.2143,No,0.8291,0.32
Q8C0D4_S213___1,-0.03286,No,0.9874,0.8788
Q8C0D4_S444___1,0.04535,No,0.9833,0.8334
Q8C0D4_S199___1,-0.07298,No,0.9696,0.7349
Q8C0E2_S302___1,0.06844,No,0.9706,0.7508
Q8C0E2_S304___1,0.1873,No,0.8681,0.3848
Q8C0E2_S330___1,-0.2494,No,0.7628,0.2472
Q8C0E2_S334___1,-0.08312,No,0.9623,0.6998
Q8C0E3_S393___1,0.05712,No,0.9761,0.791
Q8C0E3_S586___1,0.1617,No,0.9036,0.4531
Q8C0E3_S591___1,0.2414,No,0.781,0.2627
Q8C0I1_S52___1,0.1804,No,0.8782,0.4027
Q8C0I1_S57___1,0.3035,No,0.6545,0.1591
Q8C0J2_S269___1,0.1782,No,0.8816,0.4083
Q8C0J2_S287___1,0.3452,No,0.5581,0.1093
Q8C0J6_S82___1,0.0156,No,0.9974,0.9423
Q8C0L0_S302___1,0.1231,No,0.9347,0.5678
Q8C0L8_S166___1,-0.2638,No,0.7396,0.2211
Q8C0P0_S545___1,0.4474,No,0.322,0.038
Q8C0T5_S1372___1,-0.07913,No,0.9653,0.7135
Q8C0T5_S1507___1,-0.571,No,0.1234,0.0081
Q8C0T5_S97___1,0.1125,No,0.9391,0.6017
Q8C0T5_S1544___1,-0.3119,No,0.6345,0.148
Q8C0T5_S1547___1,-0.152,No,0.9129,0.4807
Q8C0T5_S1078___1,-0.1305,No,0.9286,0.5449
Q8C0T5_S1087___1,-0.2788,No,0.7052,0.1959
Q8C0T5_S311___1,0.03613,No,0.9853,0.8669
Q8C0T5_S255___1,-0.3475,No,0.5514,0.107
Q8C0T5_S1487___1,-1.217,Yes,<0.0001,<0.0001
Q8C0T5_S1412___1,0.02326,No,0.9922,0.9141
Q8C0T5_S1528___1,0.01432,No,0.9978,0.947
Q8C0T5_S1149___1,0.2692,No,0.7248,0.2116
Q8C0T5_S1157___1,-0.1011,No,0.9449,0.6392
Q8C0T5_S1161___1,-0.167,No,0.8976,0.4385
Q8C0T5_S1249___1,-0.01397,No,0.9978,0.9483
Q8C0T5_S1200___1,0.02054,No,0.9943,0.9241
Q8C0T5_S1127___1,-0.1969,No,0.8583,0.361
Q8C0T5_S1611___1,0.01546,No,0.9976,0.9428
Q8C0T5_S288___1,-0.4976,No,0.23,0.021
Q8C0T5_S1181___1,0.0317,No,0.9888,0.8831
Q8C0T5_S1184___1,0.08826,No,0.9568,0.6822
Q8C0T5_S176___1,-0.1429,No,0.9189,0.5072
Q8C0T5_S1384___1,-0.7176,Yes,0.0262,0.0009
Q8C0T5_S318___1,0.03868,No,0.9836,0.8576
Q8C0T5_S1712___1,-0.01677,No,0.9959,0.938
Q8C0T5_S1564___1,0.1699,No,0.8967,0.4307
Q8C0T5_S1345___1,0.006588,No,>0.9999,0.9756
Q8C0T5_S1234___1,-0.03855,No,0.9837,0.858
Q8C0V0_S134___1,-0.7988,Yes,0.0091,0.0002
Q8C0V0_S159___1,0.04167,No,0.9833,0.8467
Q8C0V0_S22___1,-0.3895,No,0.4543,0.0708
Q8C0V9_S511___1,0.06782,No,0.9706,0.753
Q8C0V9_S522___1,0.3016,No,0.6579,0.1617
Q8C0V9_S525___1,0.1004,No,0.9455,0.6413
Q8C0V9_S542___1,0.1386,No,0.9222,0.5203
Q8C0V9_S544___1,0.07366,No,0.9691,0.7326
Q8C0V9_S497___1,0.06688,No,0.9712,0.7564
Q8C0Y0_S777___1,-0.2452,No,0.7732,0.2552
Q8C115_S200___1,0.1235,No,0.9346,0.5668
Q8C115_S379___1,-0.2506,No,0.7623,0.245
Q8C115_S457___1,0.09752,No,0.9481,0.651
Q8C115_S351___1,-0.1137,No,0.9383,0.598
Q8C115_S868___1,0.1542,No,0.9101,0.4742
Q8C115_S564___1,-0.1616,No,0.9036,0.4534
Q8C115_S636___1,-0.5662,No,0.1291,0.0086
Q8C115_S1456___1,-0.1079,No,0.9401,0.6166
Q8C120_S628___1,0.2247,No,0.8106,0.2971
Q8C129_S80___1,-0.8301,Yes,0.0062,0.0001
Q8C129_S91___1,-0.002435,No,>0.9999,0.991
Q8C142_S14___1,-0.01907,No,0.9953,0.9295
Q8C142_S198___1,0.1743,No,0.8892,0.4186
Q8C145_S191___1,0.1285,No,0.9306,0.5512
Q8C145_S488___1,0.1119,No,0.9395,0.6036
Q8C145_S502___1,-0.078,No,0.9657,0.7175
Q8C156_S25___1,0.3303,No,0.5933,0.1254
Q8C156_S191___1,0.59,No,0.1056,0.0062
Q8C166_S54___1,-0.1009,No,0.9451,0.6398
Q8C172_S112___1,-0.09631,No,0.9496,0.655
Q8C180_S428___1,-0.1357,No,0.9234,0.5291
Q8C180_S327___1,-0.6333,No,0.0664,0.0033
Q8C180_S339___1,0.04603,No,0.9833,0.8309
Q8C180_S503___1,0.1259,No,0.9335,0.5592
Q8C180_S365___1,-0.7159,Yes,0.0265,0.0009
Q8C180_S211___1,-0.2638,No,0.7395,0.2209
Q8C1A5_S16___1,0.2782,No,0.7067,0.1968
Q8C1B1_S573___1,0.03451,No,0.9859,0.8728
Q8C1B1_S992___1,-0.002053,No,>0.9999,0.9924
Q8C1B1_S1240___1,-0.9916,Yes,0.0004,<0.0001
Q8C1B1_S439___1,0.08254,No,0.9635,0.7018
Q8C1D8_S343___1,0.08648,No,0.9594,0.6883
Q8C1D8_S345___1,-0.05873,No,0.9751,0.7853
Q8C1D8_S261___1,-0.09432,No,0.9505,0.6617
Q8C1D8_S263___1,0.0226,No,0.9928,0.9165
Q8C1D8_S321___1,-0.01048,No,0.9985,0.9612
Q8C1D8_S185___1,0.4812,No,0.2577,0.0256
Q8C1D8_S666___1,0.06335,No,0.973,0.7688
Q8C1D8_S667___1,-0.6671,Yes,0.0464,0.002
Q8C1D8_S366___1,0.1125,No,0.9391,0.6018
Q8C1D8_S209___1,0.05037,No,0.9809,0.8152
Q8C1E7_S50___1,0.05637,No,0.9768,0.7937
Q8C1Y8_S264___1,-0.1612,No,0.9036,0.4545
Q8C1Z8_S324___1,0.3467,No,0.5539,0.1078
Q8C1Z8_S22___1,0.009534,No,0.9993,0.9647
Q8C2Q3_S215___1,-0.3722,No,0.492,0.0842
Q8C2Q3_S618___1,0.3504,No,0.5426,0.104
Q8C2Q3_S627___1,-0.04416,No,0.9833,0.8377
Q8C2Q3_S220___1,-0.2987,No,0.6642,0.1658
Q8C2Q3_S520___1,0.1334,No,0.9249,0.536
Q8C2Q3_S582___1,-0.1634,No,0.9028,0.4484
Q8C341_S1069___1,0.1332,No,0.9249,0.5366
Q8C341_S1077___1,-0.3969,No,0.437,0.0656
Q8C351_S299___1,0.1044,No,0.9434,0.6283
Q8C351_S286___1,0.01094,No,0.9985,0.9595
Q8C3F2_S436___1,0.1878,No,0.8678,0.3837
Q8C3P7_S50___1,0.0138,No,0.9978,0.949
Q8C3R1_S743___1,-0.2153,No,0.8283,0.3178
Q8C3W1_S176___1,-0.1001,No,0.9459,0.6424
Q8C3W1_S278___1,0.06955,No,0.9706,0.7469
Q8C3W1_S37___1,-0.01411,No,0.9978,0.9478
Q8C3X8_S692___1,0.2201,No,0.8187,0.3071
Q8C3X8_S695___1,-0.3014,No,0.6586,0.1621
Q8C3X8_S679___1,0.01369,No,0.9978,0.9494
Q8C437_S202___1,-0.4003,No,0.4274,0.0633
Q8C4M7_S164___1,-0.451,No,0.3136,0.0364
Q8C4Q9_S177___1,-0.2399,No,0.7836,0.2657
Q8C4S8_S397___1,0.2175,No,0.8237,0.3129
Q8C4S8_S275___1,0.08982,No,0.9556,0.6769
Q8C4S8_S358___1,-0.0815,No,0.9643,0.7054
Q8C525_S370___1,-0.09751,No,0.9481,0.651
Q8C5W3_S41___1,0.1922,No,0.8633,0.3725
Q8C6G8_S101___1,0.05917,No,0.9747,0.7837
Q8C6G8_S103___1,0.009802,No,0.9993,0.9637
Q8C6M1_S132___1,0.934,Yes,0.0012,<0.0001
Q8C6M1_S369___1,-0.5242,No,0.1849,0.015
Q8C6M1_S112___1,0.03733,No,0.9847,0.8625
Q8C6M1_S415___1,0.1626,No,0.9028,0.4506
Q8C729_S430___1,-0.155,No,0.9088,0.4721
Q8C729_S321___1,-0.4693,No,0.2792,0.0295
Q8C735_S65___1,0.006334,No,>0.9999,0.9766
Q8C739_S297___1,-0.104,No,0.9434,0.6296
Q8C739_S95___1,-0.07077,No,0.9703,0.7427
Q8C739_S251___1,-0.05267,No,0.9785,0.807
Q8C761_S252___1,0.07317,No,0.9694,0.7343
Q8C7E7_S82___1,-0.05821,No,0.9754,0.7871
Q8C7E7_S179___1,0.2944,No,0.6717,0.1719
Q8C7E7_S192___1,-0.2733,No,0.7159,0.2048
Q8C7E7_S196___1,-0.06113,No,0.9747,0.7767
Q8C7E7_S130___1,0.05951,No,0.9747,0.7825
Q8C7E7_S137___1,0.1938,No,0.8616,0.3686
Q8C7E9_S579___1,0.05757,No,0.9761,0.7894
Q8VE92_S86___1,0.2779,No,0.7073,0.1974
Q8C7V3_S517___1,-0.5366,No,0.1682,0.0128
Q8C863_S176___1,0.1545,No,0.9098,0.4735
Q8C8T7_S629___1,-0.1904,No,0.8664,0.3771
Q8C8U0_S429___1,-0.2387,No,0.7854,0.2681
Q8C8U0_S37___1,0.02722,No,0.991,0.8995
Q8C8U0_S40___1,0.6471,No,0.0576,0.0027
Q8C8U0_S957___1,0.1415,No,0.9203,0.5117
Q8C8U0_S961___1,-0.1323,No,0.9266,0.5393
Q8C8U0_S967___1,-0.1495,No,0.9129,0.4881
Q8C8U0_S595___1,-0.1177,No,0.9359,0.585
Q8C8U0_S597___1,-0.06562,No,0.9712,0.7608
Q8C8U0_S444___1,-0.1854,No,0.8708,0.3896
Q8C8U0_S538___1,0.003463,No,>0.9999,0.9872
Q8C8U0_S403___1,0.0136,No,0.9978,0.9497
Q8C8U0_S923___1,-0.1429,No,0.919,0.5074
Q8C8U0_S753___1,0.348,No,0.5494,0.1064
Q8C8U0_S560___1,-0.1027,No,0.9443,0.6338
Q8C8U0_S500___1,0.03043,No,0.99,0.8877
Q8C8U0_S435___1,-0.8099,Yes,0.0078,0.0002
Q8C8U0_S348___1,-0.0273,No,0.991,0.8992
Q8C8U0_S349___1,0.2711,No,0.7198,0.2085
Q8C8U0_S355___1,-0.06202,No,0.974,0.7735
Q8C9B9_S2092___1,-0.257,No,0.7503,0.2332
Q8C9B9_S1336___1,-0.024,No,0.9915,0.9113
Q8C9B9_S8___1,-0.1967,No,0.8583,0.3615
Q8C9B9_S226___1,-0.03801,No,0.9843,0.86
Q8CAA7_S175___1,-0.09812,No,0.9474,0.649
Q8CAF4_S340___1,0.07663,No,0.9674,0.7222
Q8CAF4_S1218___1,0.08987,No,0.9556,0.6767
Q8CAF4_S1079___1,-0.04801,No,0.983,0.8238
Q8CAF4_S253___1,-0.2887,No,0.6838,0.1805
Q8CAF4_S328___1,-0.1241,No,0.9344,0.5649
Q8CAF4_S1454___1,-0.4081,No,0.4083,0.0583
Q8CAS9_S42___1,0.3179,No,0.6207,0.1403
Q8CB62_S63___1,0.0438,No,0.9833,0.839
Q8CBC4_S34___1,-0.1809,No,0.8782,0.4014
Q8CBD1_S519___1,-0.03116,No,0.9889,0.8851
Q8CBE3_S30___1,0.2414,No,0.781,0.2628
Q8CBE3_S31___1,-0.1402,No,0.9206,0.5155
Q8CBE3_S24___1,-1.494,Yes,<0.0001,<0.0001
Q8CBW7_S80___1,-0.4084,No,0.4081,0.0582
Q8CC12_S148___1,0.6171,No,0.0795,0.0042
Q8CC35_S41___1,0.02718,No,0.991,0.8997
Q8CC35_S114___1,0.1344,No,0.9245,0.533
Q8CC35_S117___1,-0.1156,No,0.9364,0.5919
Q8CC35_S118___1,-0.01714,No,0.9959,0.9366
Q8CC35_S134___1,-0.2906,No,0.6801,0.1776
Q8CCA0_S71___1,-1.228,Yes,<0.0001,<0.0001
Q8CCF0_S439___1,-0.4724,No,0.273,0.0284
Q8CCH7_S434___1,-0.01258,No,0.9979,0.9535
Q8CCH7_S400___1,-0.09528,No,0.9503,0.6585
Q8CCH7_S903___1,0.475,No,0.2698,0.0276
Q8CCH7_S904___1,-0.1263,No,0.9335,0.558
Q8CCI5_S211___1,-0.1814,No,0.8771,0.3999
Q8CCJ3_S752___1,0.2949,No,0.6705,0.1713
Q8CCJ9_S834___1,0.1472,No,0.9132,0.4948
Q8CCJ9_S584___1,0.1115,No,0.9395,0.6049
Q8CCK0_S129___1,-0.04289,No,0.9833,0.8423
Q8CCN5_S823___1,0.4973,No,0.2301,0.0211
Q8CCN5_S869___1,0.1075,No,0.9403,0.6181
Q8CCN5_S503___1,-0.2399,No,0.7836,0.2657
Q8CCN5_S838___1,-0.182,No,0.8766,0.3984
Q8CCP0_S417___1,-0.8208,Yes,0.0069,0.0001
Q8CCS6_S146___1,0.008442,No,>0.9999,0.9688
Q8R0A5_S120___1,-0.379,No,0.4775,0.0787
Q8CD26_S363___1,0.7113,Yes,0.0277,0.001
Q8CD94_S28___1,0.1391,No,0.9208,0.5189
Q8CDG3_S997___1,-0.03314,No,0.9871,0.8778
Q8CDG3_S1196___1,-0.09426,No,0.9505,0.6619
Q8CDG3_S767___1,0.1154,No,0.9365,0.5925
Q8CDJ3_S29___1,-0.1569,No,0.9081,0.4667
Q8CDN6_S113___1,0.1307,No,0.9286,0.5444
Q8CEE0_S53___1,-0.3252,No,0.605,0.1313
Q8CEE6_S996___1,0.3448,No,0.5583,0.1096
Q8CEE6_S1000___1,0.5498,No,0.1525,0.0108
Q8CEE6_S544___1,-0.2434,No,0.777,0.2589
Q8CEE6_S852___1,-0.02555,No,0.9915,0.9056
Q8CFC7_S101___1,0.2074,No,0.8427,0.336
Q8CFC7_S285___1,0.2689,No,0.726,0.2123
Q8CFC7_S541___1,0.03398,No,0.9865,0.8748
Q8CFC7_S294___1,-0.2936,No,0.6729,0.1731
Q8CFD4_S450___1,0.2837,No,0.6957,0.1881
Q8CFE3_S254___1,0.3078,No,0.6456,0.1533
Q8CFE3_S121___1,0.5934,No,0.1024,0.0059
Q8CFE4_S677___1,0.1578,No,0.9079,0.4641
Q8CFE5_S1110___1,-0.06228,No,0.974,0.7726
Q8CFE6_S19___1,0.1625,No,0.9028,0.451
Q8CFE6_S55___1,-0.349,No,0.5463,0.1054
Q8CFG0_S843___1,-0.05049,No,0.9809,0.8148
Q8CFG0_S503___1,-0.0934,No,0.9513,0.6648
Q8CFH6_S576___1,-0.2363,No,0.7913,0.273
Q8CFH6_S358___1,0.2897,No,0.6835,0.1789
Q8CFH6_S587___1,0.1697,No,0.897,0.4312
Q8CFI0_S508___1,-0.2153,No,0.8283,0.318
Q8CFI0_S475___1,-0.3391,No,0.5717,0.1157
Q8CFI0_S332___1,0.1743,No,0.8892,0.4188
Q8CG19_S1607___1,-0.3836,No,0.4684,0.0751
Q8CG79_S71___1,-0.06602,No,0.9712,0.7594
Q8CG79_S697___1,-0.02229,No,0.9929,0.9176
Q8CG79_S479___1,0.0667,No,0.9712,0.757
Q8CG79_S296___1,-0.1199,No,0.9358,0.5781
Q8CG79_S736___1,-0.08025,No,0.9643,0.7097
Q8CGC7_S999___1,0.2029,No,0.8483,0.3467
Q8CGE9_S454___1,0.08091,No,0.9643,0.7074
Q8CGE9_S850___1,-0.01806,No,0.9955,0.9332
Q8CGF1_S1149___1,-0.6278,No,0.0699,0.0036
Q8CGF1_S357___1,0.2414,No,0.781,0.2627
Q8CGF1_S171___1,-0.0187,No,0.9953,0.9309
Q8CGF1_S176___1,-0.08445,No,0.9612,0.6952
Q8CGF1_S179___1,-0.1174,No,0.9359,0.5861
Q8CGF1_S521___1,0.1211,No,0.9353,0.5743
Q8CGF1_S1028___1,-0.2802,No,0.7008,0.1936
Q8CGF1_S490___1,-0.05506,No,0.9776,0.7984
Q8CGF1_S956___1,-0.004179,No,>0.9999,0.9845
Q8CGF1_S561___1,0.1826,No,0.8765,0.3969
Q8CGF6_S312___1,-0.4148,No,0.3941,0.0543
Q8CGI1_S1151___1,-0.0755,No,0.969,0.7262
Q8CGI1_S1136___1,0.1584,No,0.9073,0.4625
Q8CGI1_S648___1,0.0011,No,>0.9999,0.9959
Q8CGU1_S208___1,-0.01907,No,0.9953,0.9295
Q8CGV9_S333___1,0.3857,No,0.4635,0.0735
Q8CGZ0_S913___1,-0.5064,No,0.2169,0.0188
Q8CH02_S483___1,-0.05874,No,0.9751,0.7852
Q8CH02_S407___1,0.008634,No,>0.9999,0.968
Q8CH09_S206___1,-0.763,Yes,0.0146,0.0004
Q8CH77_S197___1,0.1501,No,0.9129,0.4862
Q8CH77_S697___1,-0.04166,No,0.9833,0.8467
Q8CH77_S455___1,-0.2492,No,0.7637,0.2477
Q8CH77_S463___1,-0.3292,No,0.5953,0.1267
Q8CH77_S1251___1,-0.4704,No,0.2767,0.0291
Q8CH77_S394___1,-0.1052,No,0.9419,0.6256
Q8CH77_S762___1,0.1252,No,0.9337,0.5613
Q8CH77_S675___1,-0.09529,No,0.9503,0.6584
Q8CH77_S1012___1,-0.4818,No,0.2566,0.0254
Q8CH77_S21___1,0.07379,No,0.9691,0.7321
Q8CH77_S1380___1,0.1296,No,0.9296,0.5478
Q8CHC4_S1084___1,0.1196,No,0.9358,0.579
Q8CHC4_S1350___1,0.2089,No,0.8396,0.3326
Q8CHG5_S337___1,-0.1781,No,0.882,0.4087
Q8CHG7_S1315___1,-0.3129,No,0.6335,0.1467
Q8CHG7_S1175___1,-0.9674,Yes,0.0006,<0.0001
Q8CHG7_S960___1,-0.3032,No,0.6545,0.1595
Q8CHG7_S933___1,-0.228,No,0.8074,0.2902
Q8CHH5_S976___1,0.1106,No,0.9398,0.608
Q8CHP6_S312___1,0.1882,No,0.8678,0.3827
Q8CHP6_S261___1,-0.9722,Yes,0.0006,<0.0001
Q8CHP6_S269___1,-0.807,Yes,0.0081,0.0002
Q8CHP6_S231___1,0.1352,No,0.9234,0.5304
Q8CHQ0_S11___1,-0.06635,No,0.9712,0.7582
Q8CHU3_S173___1,0.0507,No,0.9806,0.814
Q8CHU3_S433___1,0.2338,No,0.7938,0.2781
Q8CHU3_S439___1,0.09726,No,0.9481,0.6518
Q8CHU3_S443___1,0.3374,No,0.5757,0.1175
Q8CHW4_S540___1,-0.1278,No,0.9321,0.5531
Q8CHY6_S96___1,-0.05782,No,0.9757,0.7885
Q8CI04_S655___1,0.08378,No,0.9616,0.6975
Q8CI11_S505___1,0.02838,No,0.9906,0.8953
Q8CI11_S95___1,0.2349,No,0.7928,0.2758
Q8CI12_S98___1,-0.2136,No,0.8304,0.3218
Q8CI12_S337___1,-0.2241,No,0.8112,0.2984
Q8CI12_S250___1,-0.247,No,0.7674,0.2518
Q8CI51_S134___1,-0.04981,No,0.9815,0.8173
Q8CI51_S137___1,-0.03514,No,0.9855,0.8705
Q8CI51_S111___1,0.05101,No,0.9804,0.8129
Q8CI51_S228___1,0.03958,No,0.9834,0.8543
Q8CI51_S376___1,-0.1116,No,0.9395,0.6046
Q8CI51_S387___1,-0.08963,No,0.9556,0.6775
Q8CI51_S214___1,-0.08547,No,0.9606,0.6917
Q8CI51_S282___1,-1.137,Yes,<0.0001,<0.0001
Q8CI71_S546___1,0.8667,Yes,0.0035,<0.0001
Q8CI71_S494___1,0.2243,No,0.811,0.298
Q8CI71_S559___1,-0.1628,No,0.9028,0.4501
Q8CI75_S12___1,0.04769,No,0.983,0.8249
Q8CI75_S864___1,0.04686,No,0.9832,0.8279
Q8CI94_S31___1,-0.004204,No,>0.9999,0.9844
Q8CI94_S15___1,-0.7833,Yes,0.0113,0.0003
Q8CI95_S194___1,0.1822,No,0.8766,0.398
Q8CI95_S177___1,0.1634,No,0.9028,0.4484
Q8CI95_S179___1,-0.15,No,0.9129,0.4865
Q8CI95_S186___1,0.01835,No,0.9953,0.9322
Q8CIB5_S159___1,0.1395,No,0.9206,0.5177
Q8CIB6_S24___1,0.1088,No,0.9401,0.6136
Q8CID3_S534___1,0.208,No,0.842,0.3345
Q8CIE6_S402___1,0.152,No,0.9129,0.4807
Q8CIE6_S173___1,0.4266,No,0.3669,0.0478
Q8CIG3_S253___1,0.127,No,0.9332,0.5558
Q8CIG3_S17___1,0.02701,No,0.991,0.9003
Q8CIL4_S67___1,0.1956,No,0.86,0.3642
Q8CIM5_S221___1,0.1347,No,0.9237,0.532
Q8CIN4_S132___1,0.006478,No,>0.9999,0.976
Q8CIN4_S141___1,-0.02505,No,0.9915,0.9075
Q8CIN4_S197___1,-0.3543,No,0.5313,0.1002
Q8CIN4_S213___1,-0.1081,No,0.9401,0.6161
Q8CJ19_S1645___1,-0.4998,No,0.2261,0.0204
Q8CJ19_S977___1,-0.3248,No,0.6058,0.1319
Q8CJ19_S685___1,0.3396,No,0.57,0.1152
Q8CJ19_S1171___1,0.4044,No,0.4173,0.0607
Q8CJ26_S226___1,-0.04268,No,0.9833,0.843
Q8CJ40_S464___1,-0.07498,No,0.9691,0.7279
Q8CJ61_S199___1,-0.03595,No,0.9854,0.8675
Q8CJ61_S183___1,0.06413,No,0.9716,0.7661
Q8CJ96_S119___1,-0.8448,Yes,0.0049,<0.0001
Q8CJ96_S129___1,-0.4313,No,0.3575,0.0454
Q8CJ96_S105___1,0.1446,No,0.9166,0.5024
Q8CJF7_S528___1,-0.3942,No,0.4417,0.0675
Q8CJF7_S1218___1,-0.9563,Yes,0.0008,<0.0001
Q8CJF7_S1725___1,0.03863,No,0.9837,0.8578
Q8CJF7_S1792___1,0.3508,No,0.5415,0.1036
Q8CJG0_S388___1,0.1264,No,0.9335,0.5576
Q8CJH3_S1519___1,0.01166,No,0.9979,0.9569
Q8JZK9_S516___1,0.2583,No,0.7475,0.2308
Q8JZP9_S482___1,-0.03294,No,0.9873,0.8786
Q8JZP9_S489___1,-0.1129,No,0.9385,0.6003
Q8JZP9_S394___1,0.04327,No,0.9833,0.8409
Q8JZP9_S429___1,-0.8026,Yes,0.0087,0.0002
Q8JZP9_S306___1,0.2838,No,0.6956,0.1879
Q8JZP9_S311___1,0.09581,No,0.9496,0.6567
Q8JZP9_S654___1,-0.2159,No,0.8272,0.3165
Q8JZP9_S316___1,-0.02784,No,0.9906,0.8972
Q8JZP9_S352___1,-0.1129,No,0.9385,0.6004
Q8JZP9_S436___1,-0.1891,No,0.8668,0.3804
Q8JZP9_S292___1,-0.05519,No,0.9776,0.7979
Q8JZQ9_S68___1,0.544,No,0.159,0.0116
Q8JZQ9_S75___1,0.2597,No,0.7448,0.2283
Q8JZQ9_S111___1,0.1124,No,0.9391,0.6019
Q8JZQ9_S120___1,0.1806,No,0.8782,0.4022
Q8JZQ9_S123___1,0.3437,No,0.562,0.1108
Q8JZQ9_S28___1,0.1003,No,0.9455,0.6416
Q8JZQ9_S40___1,0.04475,No,0.9833,0.8355
Q8JZQ9_S88___1,0.04534,No,0.9833,0.8334
Q8JZQ9_S90___1,-0.08704,No,0.958,0.6864
Q8JZX4_S222___1,0.1676,No,0.8976,0.437
Q8JZX4_S155___1,-0.04774,No,0.983,0.8247
Q8JZX9_S137___1,-0.006331,No,>0.9999,0.9766
Q8JZX9_S109___1,-0.5449,No,0.1577,0.0115
Q8JZZ7_S1458___1,-0.127,No,0.9332,0.5558
Q8JZZ7_S1362___1,-0.3385,No,0.5726,0.1163
Q8JZZ7_S1437___1,-0.1022,No,0.9448,0.6354
Q8K019_S383___1,-0.02977,No,0.9906,0.8902
Q8K019_S177___1,0.1189,No,0.9359,0.5813
Q8K019_S688___1,-0.07388,No,0.9691,0.7318
Q8K019_S529___1,0.1417,No,0.9199,0.5109
Q8K019_S510___1,0.1677,No,0.8976,0.4365
Q8K019_S494___1,-0.1663,No,0.8982,0.4405
Q8K019_S395___1,-0.007644,No,>0.9999,0.9717
Q8K019_S656___1,0.1042,No,0.9434,0.6287
Q8K019_S267___1,-0.3351,No,0.5793,0.12
Q8K019_S646___1,-0.4909,No,0.2414,0.0228
Q8K019_S299___1,0.06766,No,0.9706,0.7536
Q8K019_S314___1,0.05198,No,0.9786,0.8094
Q8K019_S183___1,0.06755,No,0.9706,0.754
Q8K019_S196___1,0.07719,No,0.9669,0.7203
Q8K019_S759___1,-0.8024,Yes,0.0087,0.0002
Q8K039_S50___1,0.06113,No,0.9747,0.7767
Q8K039_S150___1,0.1075,No,0.9403,0.618
Q8K070_S256___1,-0.4294,No,0.3617,0.0464
Q8K070_S151___1,-0.558,No,0.139,0.0096
Q8K070_S77___1,-0.1164,No,0.9359,0.5892
Q8K070_S140___1,-0.108,No,0.9401,0.6164
Q8K072_S257___1,0.08396,No,0.9612,0.6969
Q8K072_S152___1,-0.05937,No,0.9747,0.783
Q8K0D0_S165___1,0.196,No,0.86,0.3632
Q8K0D0_S105___1,0.2076,No,0.8427,0.3354
Q8K0D0_S122___1,0.1354,No,0.9234,0.5298
Q8K0D0_S92___1,-0.09377,No,0.9513,0.6635
Q8K0D0_S180___1,0.1846,No,0.8727,0.3918
Q8K0D0_S137___1,-0.171,No,0.8951,0.4276
Q8K0D0_S146___1,-0.1398,No,0.9206,0.5167
Q8K0D0_S9___1,-0.09168,No,0.9537,0.6706
Q8K0F1_S466___1,0.3128,No,0.6335,0.1468
Q8K0H5_S44___1,0.2449,No,0.7738,0.2559
Q8K0P3_S438___1,0.0668,No,0.9712,0.7566
Q8K0Q5_S260___1,-0.07693,No,0.9669,0.7212
Q8K0Q5_S263___1,-0.3912,No,0.4493,0.0695
Q8K0S9_S311___1,-0.682,Yes,0.039,0.0016
Q8K0T0_S487___1,-0.2781,No,0.7072,0.197
Q8K0T0_S373___1,0.02368,No,0.9922,0.9125
Q8K0U4_S631___1,-0.2549,No,0.7535,0.2369
Q8K0V4_S299___1,-0.3173,No,0.6222,0.141
Q8K0Z9_S501___1,0.02364,No,0.9922,0.9127
Q8K124_S211___1,-0.1132,No,0.9385,0.5994
Q8K124_S279___1,0.3221,No,0.6123,0.1351
Q8K124_S395___1,-0.07192,No,0.9697,0.7386
Q8K124_S403___1,-0.2517,No,0.76,0.2429
Q8K190_S16___1,-0.1215,No,0.9352,0.573
Q8K190_S22___1,-0.6064,No,0.0899,0.0049
Q8K199_S71___1,0.2388,No,0.7854,0.2679
Q8K1A6_S435___1,-0.1071,No,0.9406,0.6192
Q8K1C9_S276___1,-0.5998,No,0.096,0.0054
Q8K1E0_S9___1,-0.1256,No,0.9335,0.5603
Q8K1E6_S28___1,-0.7943,Yes,0.0097,0.0002
Q8K1E6_S83___1,0.2511,No,0.7615,0.2441
Q8K1H7_S16___1,0.2078,No,0.8427,0.335
Q8K1H7_S18___1,0.3771,No,0.4823,0.0802
Q8K1H7_S50___1,-0.506,No,0.2169,0.0189
Q8K1J5_S269___1,0.01457,No,0.9978,0.9461
Q8K1L5_S82___1,0.07926,No,0.9653,0.7131
Q8K1M4_S72___1,0.1918,No,0.8635,0.3735
Q8K1N4_S472___1,-0.4362,No,0.3449,0.043
Q8K1N4_S480___1,-0.5469,No,0.1557,0.0112
Q8K1R3_S123___1,0.4107,No,0.4034,0.0568
Q8K1Y2_S452___1,-0.0476,No,0.983,0.8252
Q8K1Y2_S364___1,0.1052,No,0.9419,0.6254
Q8K1Y2_S252___1,-0.08244,No,0.9635,0.7021
Q8K1Y2_S41___1,-0.1029,No,0.9441,0.6331
Q8K1Z0_S81___1,0.07497,No,0.9691,0.728
Q8K207_S95___1,0.007347,No,>0.9999,0.9728
Q8K207_S115___1,0.251,No,0.7617,0.2442
Q8K209_S672___1,-0.1927,No,0.8633,0.3713
Q8K212_S493___1,-0.01082,No,0.9985,0.9599
Q8K212_S28___1,-0.03783,No,0.9843,0.8607
Q8K212_S517___1,-0.5983,No,0.0975,0.0055
Q8K245_S508___1,0.01158,No,0.9979,0.9572
Q8K245_S497___1,-0.08327,No,0.9623,0.6993
Q8K284_S845___1,0.02092,No,0.9943,0.9227
Q8K284_S1890___1,-0.06052,No,0.9747,0.7789
Q8K296_S1075___1,-0.005458,No,>0.9999,0.9798
Q8K296_S633___1,0.06887,No,0.9706,0.7493
Q8K296_S613___1,0.04934,No,0.9826,0.8189
Q8K298_S180___1,0.08411,No,0.9612,0.6964
Q8K298_S293___1,0.1239,No,0.9344,0.5654
Q8K298_S637___1,0.02103,No,0.9943,0.9223
Q8K298_S513___1,-0.06657,No,0.9712,0.7574
Q8K298_S259___1,0.2616,No,0.743,0.2248
Q8K298_S318___1,-0.9575,Yes,0.0007,<0.0001
Q8K2A7_S381___1,-0.7166,Yes,0.0264,0.0009
Q8K2A7_S382___1,-0.503,No,0.2217,0.0196
Q8K2A7_S231___1,0.1534,No,0.9111,0.4767
Q8K2C9_S138___1,-0.1668,No,0.8979,0.439
Q8K2C9_S114___1,-0.1679,No,0.8976,0.436
Q8K2D0_S316___1,-0.3029,No,0.6551,0.1599
Q8K2D3_S131___1,0.4467,No,0.3237,0.0383
Q8K2F0_S260___1,0.107,No,0.9406,0.6195
Q8K2F0_S262___1,0.1197,No,0.9358,0.5786
Q8K2F0_S564___1,0.07358,No,0.9691,0.7328
Q8K2F8_S216___1,0.005353,No,>0.9999,0.9802
Q8K2F8_S183___1,-0.0897,No,0.9556,0.6773
Q8K2H1_S147___1,0.133,No,0.9249,0.5373
Q8K2H1_S219___1,-0.384,No,0.468,0.0748
Q8K2H1_S92___1,-0.6999,Yes,0.0317,0.0012
Q8K2H2_S281___1,-0.3713,No,0.4935,0.085
Q8K2H3_S696___1,-0.05599,No,0.977,0.795
Q8K2H3_S437___1,0.4008,No,0.4266,0.063
Q8K2J0_S492___1,-0.1383,No,0.923,0.5212
Q8K2J0_S553___1,0.06045,No,0.9747,0.7791
Q8K2L8_S309___1,0.261,No,0.7437,0.2259
Q8K2P1_S74___1,0.08716,No,0.9577,0.686
Q8K2P7_S52___1,-0.5814,No,0.1139,0.007
Q8K2Q9_S249___1,-0.5751,No,0.1186,0.0076
Q8K2V1_S948___1,-0.02498,No,0.9915,0.9078
Q8K2W3_S15___1,-0.3865,No,0.461,0.0729
Q8K2W9_S226___1,-0.1534,No,0.9111,0.4766
Q8K2W9_S286___1,0.02767,No,0.9907,0.8978
Q8K2Y0_S715___1,0.1777,No,0.8827,0.4097
Q8K2Y0_S566___1,0.2286,No,0.8057,0.2888
Q8K2Y3_S147___1,0.2573,No,0.7503,0.2326
Q8K2Z4_S1305___1,0.1518,No,0.9129,0.4814
Q8K2Z4_S1323___1,0.0002076,No,>0.9999,0.9992
Q8K310_S164___1,-0.1756,No,0.8872,0.4153
Q8K310_S188___1,0.0918,No,0.9537,0.6702
Q8K310_S157___1,-0.05553,No,0.9775,0.7967
Q8K310_S596___1,-0.3565,No,0.527,0.0981
Q8K310_S598___1,-0.5803,No,0.1149,0.0071
Q8K310_S604___1,-0.582,No,0.1134,0.0069
Q8K310_S8___1,0.3124,No,0.6337,0.1472
Q8K310_S9___1,-0.004963,No,>0.9999,0.9816
Q8K310_S14___1,0.07519,No,0.9691,0.7272
Q8K310_S619___1,-0.3397,No,0.57,0.115
Q8K327_S532___1,0.1939,No,0.8616,0.3684
Q8K327_S416___1,0.0297,No,0.9906,0.8904
Q8K327_S617___1,0.1103,No,0.9401,0.609
Q8K327_S108___1,-0.09223,No,0.9535,0.6687
Q8K327_S603___1,0.341,No,0.5674,0.1136
Q8K327_S276___1,0.1029,No,0.9441,0.6332
Q8K327_S434___1,0.127,No,0.9332,0.5558
Q8K327_S394___1,0.4231,No,0.3748,0.0496
Q8K327_S464___1,0.1492,No,0.9129,0.4888
Q8K327_S795___1,0.1547,No,0.9096,0.473
Q8K330_S38___1,-0.02534,No,0.9915,0.9064
Q8K337_S287___1,-0.2494,No,0.7628,0.2473
Q8K337_S156___1,0.1361,No,0.9234,0.5277
Q8K337_S658___1,-0.1099,No,0.9401,0.6103
Q8K354_S30___1,-0.1291,No,0.9301,0.5493
Q8K370_S617___1,-0.2889,No,0.6835,0.1802
Q8K371_S50___1,0.09936,No,0.9459,0.6448
Q8K371_S537___1,-0.09273,No,0.9526,0.667
Q8K371_S752___1,-0.03118,No,0.9889,0.885
Q8K382_S510___1,-0.6529,No,0.0542,0.0025
Q8K382_S523___1,0.02619,No,0.9915,0.9033
Q8K382_S592___1,0.02194,No,0.9929,0.9189
Q8K382_S538___1,0.255,No,0.7535,0.2369
Q8K382_S473___1,0.102,No,0.9449,0.636
Q8K387_S452___1,-0.09958,No,0.9459,0.6441
Q8K389_S1243___1,0.1391,No,0.9208,0.5186
Q8K3A9_S192___1,0.1718,No,0.8936,0.4253
Q8K3A9_S229___1,-0.2352,No,0.7923,0.2753
Q8K3A9_S126___1,0.2797,No,0.7026,0.1945
Q8K3G5_S59___1,0.4412,No,0.3353,0.0407
Q8K3G5_S108___1,0.06652,No,0.9712,0.7576
Q8K3G5_S115___1,-0.08854,No,0.9566,0.6813
Q8K3G9_S651___1,0.1407,No,0.9206,0.5139
Q8K3H0_S410___1,0.2341,No,0.7935,0.2774
Q8K3H0_S401___1,0.1351,No,0.9235,0.5308
Q8K3I9_S26___1,0.1013,No,0.9449,0.6385
Q8K3K8_S547___1,0.07847,No,0.9654,0.7158
Q8K3K8_S530___1,0.7765,Yes,0.0124,0.0003
Q8K3K8_S187___1,-0.03483,No,0.9857,0.8716
Q8K3W3_S10___1,0.159,No,0.9066,0.4608
Q8K3W3_S263___1,0.06645,No,0.9712,0.7579
Q8K3W3_S44___1,0.03223,No,0.9887,0.8811
Q8K3W3_S145___1,-0.3632,No,0.5116,0.092
Q8K3X4_S69___1,0.1114,No,0.9395,0.6052
Q8K3X4_S498___1,-0.05637,No,0.9768,0.7937
Q8K3X4_S526___1,0.09814,No,0.9474,0.6489
Q8K3X4_S636___1,0.2864,No,0.6896,0.184
Q8K3X4_S638___1,0.1398,No,0.9206,0.5165
Q8K3X4_S641___1,-0.1633,No,0.9028,0.4486
Q8K3X4_S195___1,-0.3922,No,0.4465,0.0688
Q8K3X4_S313___1,-0.338,No,0.5744,0.1169
Q8K3Z9_S244___1,-0.1421,No,0.9194,0.5097
Q8K3Z9_S409___1,0.2946,No,0.6711,0.1716
Q8K3Z9_S413___1,0.1253,No,0.9336,0.5612
Q8K400_S783___1,0.578,No,0.1166,0.0073
Q8K400_S786___1,0.3158,No,0.6264,0.1429
Q8K482_S636___1,0.04176,No,0.9833,0.8464
Q8K4B0_S386___1,0.1958,No,0.86,0.3638
Q8K4B0_S449___1,0.1581,No,0.9073,0.4632
Q8K4B0_S522___1,0.2986,No,0.6642,0.166
Q8K4B0_S576___1,0.3945,No,0.441,0.0672
Q8K4B0_S460___1,-0.05718,No,0.9761,0.7908
Q8K4J6_S548___1,0.4971,No,0.2301,0.0211
Q8K4J6_S606___1,-0.2781,No,0.7071,0.1969
Q8K4J6_S355___1,0.1596,No,0.9053,0.4591
Q8K4K6_S30___1,0.185,No,0.8715,0.3907
Q8K4L0_S74___1,-0.05132,No,0.9798,0.8118
Q8K4L0_S774___1,0.07748,No,0.9667,0.7193
Q8K4L0_S40___1,-0.05417,No,0.9779,0.8016
Q8K4L3_S50___1,-0.3246,No,0.6061,0.1321
Q8K4L3_S1124___1,-0.332,No,0.5892,0.1236
Q8K4L3_S761___1,-0.1096,No,0.9401,0.6111
Q8K4L3_S666___1,-0.2234,No,0.8127,0.2999
Q8K4L3_S1270___1,-0.4357,No,0.3455,0.0432
Q8K4L3_S1011___1,-0.1004,No,0.9455,0.6415
Q8K4L3_S1181___1,0.1035,No,0.9437,0.6312
Q8K4L3_S857___1,0.02815,No,0.9906,0.8961
Q8K4L3_S869___1,0.1336,No,0.9249,0.5354
Q8K4L3_S877___1,-0.01725,No,0.9958,0.9362
Q8K4L3_S241___1,-0.1821,No,0.8766,0.3982
Q8K4L3_S1045___1,-1.337,Yes,<0.0001,<0.0001
Q8K4L3_S1046___1,-0.2676,No,0.7291,0.2144
Q8K4L3_S960___1,-0.1312,No,0.9286,0.5427
Q8K4L3_S603___1,-0.2764,No,0.7095,0.1998
Q8K4L3_S220___1,-0.04703,No,0.9832,0.8273
Q8K4L3_S227___1,-0.1189,No,0.9358,0.5811
Q8K4L3_S186___1,-0.2086,No,0.8402,0.3332
Q8K4L3_S632___1,-0.3746,No,0.4874,0.0823
Q8K4P0_S1204___1,0.02633,No,0.9915,0.9028
Q8K4P0_S1175___1,-0.231,No,0.8024,0.2839
Q8K4P0_S999___1,0.339,No,0.572,0.1158
Q8K4Q0_S877___1,0.09941,No,0.9459,0.6447
Q8K4Q0_S859___1,-0.06361,No,0.9726,0.7679
Q8K4S1_S1690___1,0.2075,No,0.8427,0.3357
Q8K4S1_S487___1,-0.3809,No,0.4734,0.0772
Q8K4Z5_S329___1,0.6347,No,0.0654,0.0032
Q8N7N5_S123___1,-0.05256,No,0.9785,0.8074
Q8N7N5_S124___1,-0.05285,No,0.9785,0.8063
Q8N7N5_S100___1,-1.286,Yes,<0.0001,<0.0001
Q8QZS3_S62___1,0.02728,No,0.991,0.8993
Q8QZV7_S715___1,-0.681,Yes,0.0395,0.0016
Q8R001_S222___1,-0.03968,No,0.9834,0.8539
Q8R010_S36___1,0.5763,No,0.1182,0.0075
Q8R015_S23___1,0.06707,No,0.9712,0.7557
Q8R040_S149___1,-0.2006,No,0.8503,0.3521
Q8R080_S398___1,0.2988,No,0.6642,0.1657
Q8R080_S139___1,-0.02319,No,0.9922,0.9143
Q8R081_S182___1,-0.5761,No,0.1183,0.0075
Q8R089_S249___1,-0.2399,No,0.7836,0.2657
Q8R0S2_S510___1,-0.07604,No,0.9681,0.7243
Q8R0S2_S88___1,-0.4134,No,0.3967,0.0551
Q8R0S2_S179___1,-0.3792,No,0.4775,0.0785
Q8R0S2_S464___1,-0.0225,No,0.9928,0.9169
Q8R0S2_S923___1,0.143,No,0.9187,0.507
Q8R0S2_S251___1,0.09177,No,0.9537,0.6703
Q8R0S2_S362___1,-0.1453,No,0.9163,0.5003
Q8R0T2_S72___1,-0.3713,No,0.4935,0.085
Q8R0T2_S128___1,-0.7105,Yes,0.028,0.001
Q8R0T2_S191___1,-0.4587,No,0.2983,0.0333
Q8R0T2_S149___1,-0.371,No,0.4935,0.0852
Q8R0W0_S1537___1,0.2076,No,0.8427,0.3356
Q8R0X2_S366___1,0.3623,No,0.5133,0.0928
Q8R127_S209___1,-0.2325,No,0.7979,0.2808
Q8R127_S217___1,0.2593,No,0.7448,0.229
Q8R1B4_S907___1,0.04805,No,0.983,0.8236
Q8R1B4_S530___1,-0.07547,No,0.969,0.7262
Q8R1B4_S166___1,0.4786,No,0.2626,0.0264
Q8R1B4_S39___1,0.1182,No,0.9359,0.5835
Q8R1C6_S120___1,-0.08074,No,0.9643,0.708
Q8R1F1_S647___1,0.2413,No,0.781,0.263
Q8R1G6_S238___1,-0.4605,No,0.296,0.0326
Q8R1G6_S267___1,-0.05762,No,0.976,0.7892
Q8R1G6_S74___1,-0.1567,No,0.9084,0.4671
Q8R1G6_S87___1,0.03331,No,0.987,0.8772
Q8R1G6_S96___1,-0.1607,No,0.9036,0.456
Q8R1G6_S199___1,-0.1395,No,0.9206,0.5174
Q8R1G6_S204___1,-0.1614,No,0.9036,0.4539
Q8R1G6_S205___1,-0.1372,No,0.9234,0.5245
Q8R1H0_S61___1,-0.1162,No,0.9359,0.59
Q8R1J3_S53___1,-0.005443,No,>0.9999,0.9799
Q8R1N0_S342___1,-0.2347,No,0.793,0.2763
Q8R1N0_S187___1,0.0196,No,0.9948,0.9275
Q8R1Q8_S207___1,0.4348,No,0.3478,0.0437
Q8R1Q8_S510___1,0.1851,No,0.8715,0.3904
Q8R1Q8_S516___1,0.3943,No,0.4413,0.0674
Q8R1Q8_S405___1,-0.2258,No,0.8106,0.2949
Q8R1Q8_S421___1,0.05725,No,0.9761,0.7906
Q8R1X6_S474___1,0.3416,No,0.5663,0.113
Q8R1X6_S126___1,-0.07646,No,0.9678,0.7228
Q8R2G6_S79___1,-0.703,Yes,0.0307,0.0011
Q8R2K4_S494___1,0.1747,No,0.8887,0.4176
Q8R2M0_S91___1,-0.008145,No,>0.9999,0.9699
Q8R2M2_S173___1,0.3325,No,0.5874,0.123
Q8R2M2_S229___1,0.03106,No,0.9891,0.8854
Q8R2M2_S248___1,-0.08715,No,0.9577,0.686
Q8R2M2_S250___1,-0.3486,No,0.5472,0.1058
Q8R2M2_S255___1,-0.1218,No,0.9352,0.572
Q8R2S9_S132___1,-0.1071,No,0.9406,0.6192
Q8R2S9_S412___1,0.04283,No,0.9833,0.8425
Q8R2U7_S399___1,0.1275,No,0.9328,0.5543
Q8R310_S216___1,0.3214,No,0.6137,0.136
Q8R310_S174___1,-0.3076,No,0.6459,0.1535
Q8R344_S165___1,0.07694,No,0.9669,0.7211
Q8R361_S188___1,-0.663,Yes,0.0486,0.0021
Q8R361_S640___1,0.1729,No,0.8923,0.4225
Q8R361_S176___1,-0.205,No,0.8462,0.3415
Q8R361_S307___1,-0.04074,No,0.9834,0.8501
Q8R361_S383___1,0.1791,No,0.88,0.4061
Q8R361_S545___1,-0.4996,No,0.2263,0.0205
Q8R373_S365___1,0.1243,No,0.9344,0.5642
Q8R3B1_S195___1,-0.03793,No,0.9843,0.8603
Q8R3B1_S460___1,0.0962,No,0.9496,0.6554
Q8R3B7_S284___1,-0.2458,No,0.7709,0.2541
Q8R3B7_S617___1,0.4842,No,0.2534,0.0247
Q8R3C0_S154___1,0.5385,No,0.165,0.0125
Q8R3C0_S298___1,0.2501,No,0.7623,0.2459
Q8R3F9_S655___1,-0.08189,No,0.9643,0.704
Q8R3F9_S688___1,-0.2435,No,0.7769,0.2586
Q8R3N1_S96___1,0.2591,No,0.7454,0.2293
Q8R3N6_S657___1,0.1629,No,0.9028,0.4497
Q8R3P7_S409___1,0.1876,No,0.8678,0.3842
Q8R3P7_S314___1,-0.2102,No,0.8369,0.3295
Q8R3P7_S324___1,-0.01507,No,0.9976,0.9443
Q8R3Q2_S670___1,0.2361,No,0.7921,0.2735
Q8R3Q2_S289___1,0.1097,No,0.9401,0.6109
Q8R3S6_S484___1,-1.107,Yes,<0.0001,<0.0001
Q8R3S6_S501___1,-0.1462,No,0.9138,0.4976
Q8R3S6_S473___1,0.02545,No,0.9915,0.906
Q8R411_S81___1,0.2476,No,0.7669,0.2506
Q8R480_S652___1,0.1651,No,0.9008,0.4436
Q8R4E6_S342___1,-0.1951,No,0.8613,0.3655
Q8R4H2_S1389___1,-0.2338,No,0.7938,0.278
Q8R4H2_S22___1,-0.04807,No,0.983,0.8235
Q8R4H2_S190___1,0.03707,No,0.985,0.8635
Q8R4H2_S1540___1,0.02273,No,0.9928,0.916
Q8R4H2_S41___1,-0.03621,No,0.9853,0.8666
Q8R4H2_S303___1,0.07107,No,0.9701,0.7416
Q8R4H2_S309___1,0.2363,No,0.7913,0.273
Q8R4H2_S1327___1,0.2017,No,0.8487,0.3493
Q8R4R6_S258___1,0.04562,No,0.9833,0.8324
Q8R4R6_S73___1,0.1976,No,0.8567,0.3594
Q8R4U7_S660___1,-0.06832,No,0.9706,0.7513
Q8R4U7_S261___1,0.1031,No,0.9439,0.6323
Q8R4U7_S746___1,0.1073,No,0.9406,0.6188
Q8R4U7_S424___1,-0.256,No,0.7522,0.235
Q8R4U7_S988___1,-0.07262,No,0.9696,0.7362
Q8R4U7_S982___1,0.07509,No,0.9691,0.7276
Q8R4X3_S422___1,0.1616,No,0.9036,0.4534
Q8R4X3_S424___1,0.1616,No,0.9036,0.4534
Q8R4Z4_S159___1,0.2526,No,0.7576,0.2413
Q8R502_S196___1,-0.2688,No,0.726,0.2124
Q8R502_S212___1,0.1404,No,0.9206,0.5147
Q8R502_S215___1,0.07303,No,0.9696,0.7347
Q8R516_S251___1,0.04765,No,0.983,0.825
Q8R574_S227___1,0.1676,No,0.8976,0.4369
Q8R5A3_S507___1,-0.4356,No,0.3457,0.0433
Q8R5A3_S537___1,-0.01455,No,0.9978,0.9462
Q8R5H1_S961___1,0.2389,No,0.7854,0.2677
Q8R5H1_S965___1,0.4769,No,0.2658,0.0269
Q8R5H1_S242___1,0.4105,No,0.4035,0.0568
Q8R5H6_S489___1,-0.2021,No,0.8483,0.3484
Q8VBT0_S278___1,0.06842,No,0.9706,0.7509
Q8VBT0_S245___1,0.01767,No,0.9955,0.9347
Q8VBT6_S484___1,0.2587,No,0.7462,0.23
Q8VBT9_S279___1,0.3979,No,0.4335,0.0649
Q8VBT9_S193___1,0.32,No,0.616,0.1377
Q8VBV3_S124___1,0.1036,No,0.9437,0.6307
Q8VC03_S177___1,0.06211,No,0.974,0.7732
Q8VC03_S178___1,0.08321,No,0.9623,0.6995
Q8VC03_S199___1,0.2015,No,0.8489,0.3498
Q8VC31_S135___1,-0.3109,No,0.6369,0.1493
Q8VC31_S60___1,-0.2604,No,0.7437,0.2271
Q8VC57_S29___1,0.1448,No,0.9165,0.5018
Q8VC66_S313___1,0.09882,No,0.9471,0.6466
Q8VC70_S108___1,0.4208,No,0.379,0.0509
Q8VC70_S33___1,0.08516,No,0.9608,0.6928
Q8VC70_S41___1,0.3024,No,0.6561,0.1606
Q8VC98_S562___1,-0.206,No,0.8443,0.3391
Q8VC98_S578___1,-0.1194,No,0.9358,0.5795
Q8VC98_S194___1,0.1173,No,0.9359,0.5863
Q8VCB1_S470___1,0.6578,No,0.0516,0.0023
Q8VCC8_S531___1,-0.156,No,0.9086,0.4692
Q8VCC8_S66___1,-0.2584,No,0.7474,0.2307
Q8VCC8_S859___1,-0.1159,No,0.9359,0.5909
Q8VCD5_S55___1,0.08733,No,0.9576,0.6854
Q8VCD7_S395___1,-0.2964,No,0.6669,0.1691
Q8VCE2_S314___1,-0.056,No,0.977,0.795
Q8VCE2_S338___1,0.1138,No,0.9382,0.5975
Q8VCX2_S335___1,-0.109,No,0.9401,0.613
Q8VCZ7_S215___1,0.1002,No,0.9457,0.6421
Q8VCZ7_S537___1,-0.09563,No,0.9496,0.6573
Q8VD04_S657___1,-0.1495,No,0.9129,0.4881
Q8VD04_S631___1,0.7187,Yes,0.0259,0.0009
Q8VD04_S634___1,-0.06207,No,0.974,0.7734
Q8VD57_S9___1,-0.8237,Yes,0.0067,0.0001
Q8VD62_S36___1,0.08164,No,0.9643,0.7049
Q8VD65_S813___1,0.08253,No,0.9635,0.7018
Q8VD75_S12___1,-0.117,No,0.9359,0.5874
Q8VDC1_S196___1,0.157,No,0.9081,0.4664
Q8VDD5_S1714___1,0.006066,No,>0.9999,0.9775
Q8VDD5_S1660___1,0.2299,No,0.8048,0.2862
Q8VDD5_S1916___1,0.6631,Yes,0.0486,0.0021
Q8VDD5_S1122___1,-0.2047,No,0.8463,0.3422
Q8VDD5_S1943___1,0.1942,No,0.8616,0.3677
Q8VDD5_S1869___1,0.2155,No,0.8279,0.3175
Q8VDD5_S1326___1,-0.3599,No,0.5186,0.095
Q8VDD9_S1315___1,-0.2863,No,0.6897,0.1841
Q8VDD9_S659___1,-0.07194,No,0.9697,0.7386
Q8VDD9_S1783___1,-0.7614,Yes,0.0149,0.0004
Q8VDF2_S289___1,-0.204,No,0.8478,0.344
Q8VDF3_S349___1,-0.2024,No,0.8483,0.3477
Q8VDG3_S573___1,0.1519,No,0.9129,0.481
Q8VDG3_S556___1,-0.1345,No,0.9242,0.5326
Q8VDI7_S98___1,0.3014,No,0.6586,0.1621
Q8VDJ3_S454___1,-0.01225,No,0.9979,0.9547
Q8VDJ3_S31___1,-0.09742,No,0.9481,0.6513
Q8VDM1_S278___1,-0.08963,No,0.9556,0.6776
Q8VDM1_S70___1,0.3271,No,0.5994,0.1291
Q8VDM4_S363___1,0.1509,No,0.9129,0.484
Q8VDM6_S513___1,0.1226,No,0.9348,0.5697
Q8VDM6_S195___1,-0.2397,No,0.7843,0.2662
Q8VDN2_S16___1,-0.1012,No,0.9449,0.6388
Q8VDN2_S217___1,-0.1131,No,0.9385,0.5998
Q8VDN4_S194___1,0.2237,No,0.8121,0.2993
Q8VDP4_S921___1,0.06544,No,0.9712,0.7614
Q8VDP4_S612___1,0.1517,No,0.9129,0.4816
Q8VDP4_S298___1,0.1451,No,0.9163,0.5008
Q8VDP4_S677___1,0.4524,No,0.3101,0.0358
Q8VDQ8_S23___1,0.07448,No,0.9691,0.7297
Q8VDQ9_S142___1,-0.197,No,0.8583,0.3607
Q8VDR9_S1223___1,0.1594,No,0.9056,0.4595
Q8VDR9_S1376___1,0.0458,No,0.9833,0.8317
Q8VDR9_S870___1,-0.6977,Yes,0.0325,0.0012
Q8VDR9_S1341___1,-0.1309,No,0.9286,0.5437
Q8VDR9_S911___1,0.04219,No,0.9833,0.8448
Q8VDR9_S882___1,0.00883,No,>0.9999,0.9673
Q8VDS4_S156___1,-0.01093,No,0.9985,0.9596
Q8VDU0_S408___1,0.1357,No,0.9234,0.5289
Q8VDU0_S564___1,-0.1367,No,0.9234,0.5259
Q8VDU5_S362___1,-0.08525,No,0.9608,0.6925
Q8VDU5_S518___1,-0.05177,No,0.9786,0.8102
Q8VDU5_S259___1,-0.1094,No,0.9401,0.6117
Q8VDU5_S495___1,0.2428,No,0.7776,0.2599
Q8VDX6_S64___1,0.08628,No,0.9594,0.689
Q8VDY9_S183___1,0.3246,No,0.6063,0.1321
Q8VDY9_S68___1,-0.5832,No,0.112,0.0068
Q8VDY9_S307___1,0.08407,No,0.9612,0.6965
Q8VDZ4_S529___1,0.03799,No,0.9843,0.8601
Q8VDZ4_S380___1,0.5468,No,0.1557,0.0112
Q8VDZ4_S621___1,0.3286,No,0.5963,0.1275
Q8VDZ4_S299___1,0.02435,No,0.9915,0.9101
Q8VDZ4_S409___1,-0.1854,No,0.8708,0.3897
Q8VDZ4_S415___1,-0.3105,No,0.6386,0.1498
Q8VDZ4_S694___1,0.3756,No,0.485,0.0815
Q8VDZ4_S296___1,0.0803,No,0.9643,0.7095
Q8VDZ4_S429___1,0.1192,No,0.9358,0.5803
Q8VE18_S895___1,-0.0191,No,0.9953,0.9294
Q8VE19_S766___1,0.2017,No,0.8489,0.3495
Q8VE37_S11___1,-0.2235,No,0.8127,0.2998
Q8VE94_S350___1,0.223,No,0.8138,0.3009
Q8VE94_S99___1,-0.352,No,0.5384,0.1025
Q8VE97_S455___1,-0.8898,Yes,0.0024,<0.0001
Q8VEB2_S91___1,0.7069,Yes,0.0293,0.001
Q8VEB2_S95___1,-0.1941,No,0.8616,0.3678
Q8VED8_S317___1,0.8267,Yes,0.0064,0.0001
Q8VEE0_S225___1,0.3484,No,0.5477,0.106
Q8VH51_S136___1,0.108,No,0.9401,0.6164
Q8VH51_S97___1,-0.05451,No,0.9779,0.8003
Q8VH51_S100___1,-0.06744,No,0.9706,0.7544
Q8VH51_S117___1,0.04131,No,0.9833,0.848
Q8VHG2_S693___1,0.3282,No,0.5965,0.1278
Q8VHH5_S478___1,0.1468,No,0.9138,0.4957
Q8VHH5_S573___1,-0.3757,No,0.485,0.0813
Q8VHK1_S358___1,-0.4423,No,0.3338,0.0402
Q8VHK1_S366___1,-0.3922,No,0.4465,0.0688
Q8VHK1_S874___1,-0.5938,No,0.1021,0.0059
Q8VHK1_S841___1,0.002617,No,>0.9999,0.9903
Q8VHK1_S403___1,0.08316,No,0.9623,0.6997
Q8VHK9_S1001___1,-0.5204,No,0.192,0.0158
Q8VHK9_S276___1,0.03171,No,0.9888,0.8831
Q8VHQ4_S268___1,-0.2313,No,0.8024,0.2832
Q8VHR5_S130___1,0.004336,No,>0.9999,0.9839
Q8VHR5_S136___1,0.1521,No,0.9129,0.4804
Q8VHR5_S335___1,0.1824,No,0.8765,0.3974
Q8VI33_S196___1,0.1088,No,0.9401,0.6138
Q8VI36_S258___1,0.09255,No,0.9527,0.6676
Q8VI36_S106___1,-0.07249,No,0.9696,0.7366
Q8VI36_S137___1,0.05028,No,0.9809,0.8156
Q8VI36_S303___1,0.002806,No,>0.9999,0.9896
Q8VI36_S340___1,-0.01593,No,0.9972,0.9411
Q8VI36_S83___1,0.1339,No,0.9249,0.5346
Q8VI59_S171___1,0.03066,No,0.9899,0.8869
Q8VI59_S188___1,0.04505,No,0.9833,0.8344
Q8VI59_S402___1,-0.8732,Yes,0.0031,<0.0001
Q8VI59_S1955___1,-0.09448,No,0.9504,0.6612
Q8VI59_S287___1,-0.452,No,0.3111,0.036
Q8VI59_S246___1,-0.01948,No,0.9951,0.928
Q8VI59_S1025___1,0.09568,No,0.9496,0.6571
Q8VI59_S96___1,-0.02606,No,0.9915,0.9038
Q8VI59_S443___1,0.3168,No,0.6238,0.1417
Q8VID5_S773___1,0.1058,No,0.941,0.6235
Q8VIG1_S848___1,-0.3853,No,0.4647,0.0739
Q91V04_S365___1,0.6892,Yes,0.0361,0.0014
Q91V09_S79___1,-0.3696,No,0.4964,0.0864
Q91V24_S2125___1,0.1822,No,0.8766,0.398
Q91V36_S20___1,0.01095,No,0.9985,0.9595
Q91V41_S180___1,-0.08774,No,0.9574,0.684
Q91V92_S455___1,0.1503,No,0.9129,0.4857
Q91V98_S754___1,0.2545,No,0.754,0.2377
Q91V98_S764___1,0.6499,No,0.0559,0.0026
Q91VB4_S460___1,-0.005064,No,>0.9999,0.9813
Q91VC7_S26___1,-0.2146,No,0.8291,0.3194
Q91VH2_S194___1,-0.3166,No,0.6242,0.1419
Q91VI7_S451___1,-0.02273,No,0.9928,0.916
Q91VJ2_S62___1,0.04481,No,0.9833,0.8353
Q91VJ5_S245___1,0.07548,No,0.969,0.7262
Q91VL8_S151___1,0.2887,No,0.6838,0.1804
Q91VL8_S200___1,0.2004,No,0.8505,0.3526
Q91VM4_S63___1,0.07442,No,0.9691,0.7299
Q91VM5_S88___1,-0.01314,No,0.9978,0.9514
Q91VM5_S212___1,-0.11,No,0.9401,0.6099
Q91VM5_S218___1,-0.2886,No,0.6838,0.1806
Q91VM5_S224___1,0.04935,No,0.9826,0.8189
Q91VM5_S320___1,-0.1106,No,0.9398,0.6078
Q91VM5_S323___1,-0.6135,No,0.0826,0.0044
Q91VM5_S325___1,-0.2039,No,0.8478,0.3441
Q91VM5_S329___1,0.1575,No,0.9081,0.4651
Q91VM5_S333___1,-0.2552,No,0.7535,0.2365
Q91VM5_S284___1,-0.1621,No,0.9032,0.452
Q91VM5_S288___1,0.4551,No,0.3044,0.0348
Q91VM5_S290___1,-0.2604,No,0.7437,0.2271
Q91VM5_S205___1,0.1433,No,0.9183,0.5063
Q91VM5_S246___1,-0.09523,No,0.9503,0.6586
Q91VM5_S247___1,-0.04534,No,0.9833,0.8334
Q91VM5_S349___1,-0.02227,No,0.9929,0.9177
Q91VM5_S102___1,-0.5867,No,0.1085,0.0065
Q91VM5_S165___1,-1.155,Yes,<0.0001,<0.0001
Q91VM5_S170___1,-0.0184,No,0.9953,0.932
Q91VM5_S171___1,0.008242,No,>0.9999,0.9695
Q91VM5_S312___1,-0.2191,No,0.8198,0.3093
Q91VM5_S313___1,0.1719,No,0.8936,0.4251
Q91VN4_S157___1,-0.1086,No,0.9401,0.6142
Q91VN6_S21___1,0.503,No,0.2217,0.0196
Q91VN6_S23___1,0.2768,No,0.7095,0.1991
Q91VR5_S481___1,-0.03917,No,0.9834,0.8558
Q91VS8_S344___1,-0.2747,No,0.7134,0.2025
Q91VS8_S36___1,-0.2459,No,0.7707,0.2539
Q91VS8_S879___1,-0.3517,No,0.5392,0.1027
Q91VS8_S884___1,-0.2031,No,0.8483,0.346
Q91VS8_S888___1,-0.4135,No,0.3967,0.0551
Q91VS8_S863___1,-0.003209,No,>0.9999,0.9881
Q91VU8_S53___1,-0.09072,No,0.9554,0.6739
Q91VU8_S36___1,-0.2649,No,0.7357,0.2191
Q91VW5_S93___1,0.1267,No,0.9335,0.5567
Q91VW5_S75___1,0.2651,No,0.7352,0.2188
Q91VW5_S41___1,-0.03167,No,0.9888,0.8832
Q91VX2_S634___1,0.5096,No,0.2104,0.0181
Q91VY9_S145___1,-0.3701,No,0.4956,0.086
Q91W39_S116___1,0.175,No,0.8884,0.4169
Q91W39_S126___1,-0.1124,No,0.9391,0.6019
Q91W39_S378___1,-0.06242,No,0.9738,0.7721
Q91W40_S467___1,0.07807,No,0.9656,0.7172
Q91W40_S167___1,0.4073,No,0.4108,0.0588
Q91W40_S501___1,0.1475,No,0.9129,0.4937
Q91W40_S506___1,0.3609,No,0.5158,0.0941
Q91W50_S123___1,0.416,No,0.3917,0.0536
Q91W50_S276___1,0.4905,No,0.2421,0.0229
Q91W59_S38___1,-0.2605,No,0.7437,0.2268
Q91W67_S230___1,0.1455,No,0.9158,0.4996
Q91W69_S257___1,0.002738,No,>0.9999,0.9899
Q91W69_S185___1,-0.0255,No,0.9915,0.9058
Q91W92_S346___1,-1.017,Yes,0.0003,<0.0001
Q91W92_S332___1,-0.6825,Yes,0.0387,0.0015
Q91W92_S339___1,0.02371,No,0.9922,0.9124
Q91W92_S147___1,0.2503,No,0.7623,0.2456
Q91W92_S121___1,-0.1382,No,0.9231,0.5215
Q91W92_S14___1,-0.1937,No,0.8616,0.3688
Q91W92_S101___1,-0.005176,No,>0.9999,0.9808
Q91W92_S207___1,0.3035,No,0.6545,0.1592
Q91W98_S299___1,0.08397,No,0.9612,0.6969
Q91W98_S281___1,0.1924,No,0.8633,0.3722
Q91WB2_S62___1,0.09946,No,0.9459,0.6445
Q91WC0_S571___1,0.3136,No,0.632,0.1458
Q91WE3_S162___1,0.246,No,0.7701,0.2537
Q91WE3_S22___1,0.02425,No,0.9915,0.9104
Q91WG2_S180___1,0.0291,No,0.9906,0.8926
Q91WG5_S143___1,0.07243,No,0.9696,0.7369
Q91WG5_S87___1,-0.2503,No,0.7623,0.2455
Q91WG5_S71___1,0.02034,No,0.9943,0.9248
Q91WG5_S122___1,-0.1795,No,0.8795,0.4051
Q91WG5_S113___1,-0.242,No,0.7807,0.2615
Q91WG5_S117___1,-0.1447,No,0.9166,0.5022
Q91WJ8_S411___1,-0.02176,No,0.993,0.9196
Q91WL8_S14___1,0.04063,No,0.9834,0.8505
Q91WM3_S470___1,-0.03232,No,0.9886,0.8808
Q91WQ5_S230___1,0.135,No,0.9236,0.5313
Q91WT4_S112___1,0.1721,No,0.8936,0.4246
Q91WV0_S105___1,0.1482,No,0.9129,0.4918
Q91WZ8_S343___1,-0.2773,No,0.7083,0.1982
Q91X45_S308___1,-0.01989,No,0.9945,0.9265
Q91X51_S434___1,0.4224,No,0.3757,0.0501
Q91X51_S365___1,-0.5297,No,0.1782,0.014
Q91X51_S376___1,0.1685,No,0.8976,0.4343
Q91X58_S163___1,-0.01835,No,0.9953,0.9321
Q91X58_S187___1,0.2049,No,0.8462,0.3417
Q91X58_S173___1,-0.4971,No,0.2301,0.0211
Q91X84_S370___1,0.002975,No,>0.9999,0.989
Q91X84_S62___1,-0.2536,No,0.756,0.2393
Q91X84_S329___1,-0.09974,No,0.9459,0.6436
Q91X88_S248___1,0.1918,No,0.8635,0.3735
Q91XA2_S213___1,0.4671,No,0.2843,0.0302
Q91XC0_S272___1,0.05551,No,0.9775,0.7968
Q91XC0_S321___1,0.1139,No,0.9382,0.5972
Q91XC0_S89___1,0.1627,No,0.9028,0.4504
Q91XC0_S147___1,0.4047,No,0.416,0.0605
Q91XC8_S51___1,0.2571,No,0.7503,0.233
Q91XD2_S340___1,-0.03995,No,0.9834,0.853
Q91XF0_S241___1,0.03146,No,0.9888,0.884
Q91XU0_S65___1,-0.7182,Yes,0.0261,0.0009
Q91XU0_S153___1,-0.02985,No,0.9906,0.8898
Q91XU0_S75___1,-0.2352,No,0.7923,0.2752
Q91XV3_S131___1,0.05796,No,0.9755,0.788
Q91XV3_S167___1,-0.1105,No,0.9398,0.6082
Q91XV3_S173___1,0.1618,No,0.9036,0.453
Q91Y86_S377___1,0.2136,No,0.8304,0.3217
Q91YD3_S543___1,0.2583,No,0.7474,0.2307
Q91YD3_S545___1,0.01906,No,0.9953,0.9296
Q91YD3_S162___1,-0.1229,No,0.9347,0.5686
Q91YD6_S766___1,0.2088,No,0.84,0.3328
Q91YD9_S426___1,-0.3974,No,0.435,0.0652
Q91YE3_S131___1,-0.0002653,No,>0.9999,0.999
Q91YE8_S300___1,0.1934,No,0.8621,0.3695
Q91YE8_S220___1,0.1214,No,0.9352,0.5732
Q91YK2_S405___1,0.4079,No,0.409,0.0585
Q91YL3_S539___1,0.01919,No,0.9953,0.929
Q91YL3_S56___1,0.3126,No,0.6337,0.147
Q91YL3_S63___1,0.2311,No,0.8024,0.2836
Q91YM2_S1134___1,0.03393,No,0.9865,0.8749
Q91YM2_S1179___1,-0.1799,No,0.8793,0.4039
Q91YM2_S970___1,0.08448,No,0.9612,0.6951
Q91YM2_S1150___1,-0.002831,No,>0.9999,0.9895
Q91YM2_S589___1,-0.1785,No,0.8808,0.4075
Q91YN1_S311___1,-0.00983,No,0.9993,0.9636
Q91YN9_S73___1,0.273,No,0.7159,0.2053
Q91YP6_S354___1,-0.255,No,0.7535,0.2368
Q91YQ3_S48___1,-0.08059,No,0.9643,0.7085
Q91YR1_S143___1,0.2991,No,0.6642,0.1652
Q91YT8_S767___1,0.3628,No,0.5125,0.0924
Q91YU6_S572___1,0.03507,No,0.9855,0.8707
Q91YU6_S347___1,-0.3706,No,0.4951,0.0855
Q91YU6_S271___1,0.1907,No,0.8664,0.3763
Q91YU6_S242___1,0.4372,No,0.3441,0.0425
Q91YU8_S362___1,0.108,No,0.9401,0.6165
Q91Z22_S187___1,0.1946,No,0.8616,0.3667
Q91Z49_S23___1,0.3362,No,0.5772,0.1188
Q91Z58_S529___1,-0.303,No,0.6551,0.1598
Q91Z67_S796___1,-0.01047,No,0.9985,0.9613
Q91Z67_S500___1,0.3576,No,0.5246,0.0971
Q91Z67_S206___1,0.3096,No,0.6414,0.1509
Q91Z67_S487___1,-0.1663,No,0.8982,0.4403
Q91Z67_S1053___1,0.2157,No,0.8273,0.317
Q91Z67_S1061___1,0.04871,No,0.9828,0.8212
Q91Z69_S883___1,0.05266,No,0.9785,0.807
Q91Z69_S894___1,-0.00322,No,>0.9999,0.9881
Q91Z96_S733___1,0.2219,No,0.8161,0.3032
Q91Z96_S715___1,-0.1724,No,0.8936,0.4238
Q91Z96_S702___1,-0.7092,Yes,0.0285,0.001
Q91Z96_S13___1,0.2247,No,0.8106,0.2971
Q91ZR2_S190___1,0.07299,No,0.9696,0.7349
Q91ZR2_S193___1,-0.1751,No,0.8884,0.4167
Q91ZV3_S719___1,-0.1215,No,0.9352,0.5731
Q91ZV3_S722___1,0.5917,No,0.1041,0.0061
Q91ZV8_S1104___1,-0.03642,No,0.9853,0.8658
Q91ZV8_S973___1,-0.09611,No,0.9496,0.6557
Q91ZV8_S1292___1,-0.1809,No,0.8781,0.4013
Q91ZW3_S754___1,0.1917,No,0.8635,0.3739
Q91ZW3_S65___1,0.01401,No,0.9978,0.9482
Q91ZW3_S115___1,-0.3156,No,0.6271,0.1431
Q91ZX6_S332___1,0.02568,No,0.9915,0.9052
Q91ZX6_S32___1,0.01262,No,0.9979,0.9533
Q920B9_S1013___1,0.1936,No,0.8616,0.3691
Q920R0_S1329___1,0.3379,No,0.5745,0.117
Q920R0_S460___1,-0.01568,No,0.9974,0.942
Q920R0_S477___1,-0.02684,No,0.9912,0.9009
Q920R0_S486___1,0.01737,No,0.9957,0.9358
Q921C5_S819___1,-0.02846,No,0.9906,0.895
Q921C5_S578___1,0.1966,No,0.8583,0.3617
Q921F2_S292___1,0.2981,No,0.6642,0.1666
Q921F2_S183___1,-0.01298,No,0.9978,0.952
Q921F2_S92___1,-0.3538,No,0.5325,0.1007
Q921G6_S427___1,0.03362,No,0.9869,0.876
Q921G6_S313___1,0.1643,No,0.9018,0.4459
Q921G6_S317___1,0.485,No,0.2521,0.0244
Q921G6_S513___1,0.1357,No,0.9234,0.5289
Q921I2_S418___1,0.1491,No,0.9129,0.489
Q921I6_S240___1,-0.333,No,0.5861,0.1224
Q921I6_S876___1,0.9865,Yes,0.0005,<0.0001
Q921I6_S295___1,-0.1235,No,0.9346,0.5667
Q921I6_S278___1,-0.1982,No,0.8548,0.3579
Q921I9_S61___1,0.1747,No,0.8887,0.4177
Q921I9_S242___1,0.02421,No,0.9915,0.9106
Q921L3_S188___1,0.4221,No,0.3763,0.0502
Q921L5_S665___1,0.1899,No,0.8667,0.3783
Q921M3_S95___1,0.02329,No,0.9922,0.914
Q921Q7_S758___1,-0.001591,No,>0.9999,0.9941
Q921Q7_S446___1,0.03873,No,0.9835,0.8574
Q921Q7_S340___1,-0.3625,No,0.5129,0.0926
Q921R7_S407___1,-0.1509,No,0.9129,0.4837
Q921Y4_S440___1,-0.0419,No,0.9833,0.8459
Q921Z5_S3___1,0.007739,No,>0.9999,0.9714
Q922B2_S249___1,0.05568,No,0.9774,0.7962
Q922B9_S1036___1,0.1036,No,0.9437,0.6309
Q922B9_S90___1,0.1222,No,0.935,0.5709
Q922B9_S330___1,-0.3726,No,0.492,0.0839
Q922B9_S109___1,-0.05806,No,0.9754,0.7876
Q922B9_S736___1,0.2118,No,0.8344,0.3258
Q922B9_S738___1,0.141,No,0.9206,0.513
Q922B9_S667___1,0.01293,No,0.9978,0.9522
Q922G2_S306___1,0.08954,No,0.9556,0.6779
Q922J3_S309___1,-0.1197,No,0.9358,0.5787
Q922J3_S194___1,-0.3197,No,0.6164,0.138
Q922J3_S199___1,-0.1681,No,0.8976,0.4354
Q922J3_S203___1,0.3387,No,0.5723,0.1161
Q922J3_S1317___1,-0.2406,No,0.7825,0.2644
Q922K7_S59___1,-0.1624,No,0.9028,0.4513
Q922M3_S23___1,-0.1861,No,0.8701,0.3878
Q922M5_S185___1,0.1651,No,0.9008,0.4438
Q922Q1_S270___1,-0.2479,No,0.7669,0.2501
Q922T2_S274___1,-0.1004,No,0.9455,0.6414
Q922U1_S619___1,-0.3442,No,0.5609,0.1103
Q922Y1_S188___1,-0.0321,No,0.9888,0.8816
Q922Y1_S200___1,0.3428,No,0.5631,0.1117
Q923A2_S558___1,0.4156,No,0.3918,0.0539
Q923B1_S505___1,0.0732,No,0.9694,0.7341
Q923B1_S491___1,-0.2262,No,0.8095,0.294
Q923B1_S548___1,0.1149,No,0.9371,0.594
Q923B1_S28___1,0.09819,No,0.9474,0.6487
Q923D3_S284___1,0.1095,No,0.9401,0.6114
Q923D5_S237___1,-0.004281,No,>0.9999,0.9842
Q923E4_S737___1,0.03278,No,0.9876,0.8791
Q923J1_S1445___1,-0.1718,No,0.8936,0.4254
Q923J1_S1255___1,0.1276,No,0.9326,0.554
Q923J1_S1258___1,0.205,No,0.8462,0.3417
Q923J1_S1269___1,-0.0848,No,0.9608,0.694
Q923J1_S1360___1,0.124,No,0.9344,0.5652
Q923J1_S1406___1,-0.2925,No,0.6762,0.1748
Q923J1_S1300___1,-0.01517,No,0.9976,0.9439
Q923J1_S1567___1,-0.1601,No,0.9047,0.4578
Q923J1_S1502___1,-0.4647,No,0.2876,0.0311
Q923Q2_S411___1,-0.1211,No,0.9353,0.5741
Q923Q2_S642___1,-0.04405,No,0.9833,0.8381
Q923Q2_S133___1,-0.2477,No,0.7669,0.2506
Q923Q2_S572___1,-0.2271,No,0.8087,0.2921
Q923Q2_S154___1,-0.3748,No,0.4866,0.0821
Q923Q2_S334___1,-0.03353,No,0.9869,0.8764
Q923Q2_S430___1,-0.3468,No,0.5536,0.1076
Q923Q2_S314___1,-0.08501,No,0.9608,0.6933
Q923Q2_S171___1,-0.2327,No,0.7975,0.2803
Q923W1_S152___1,-0.06581,No,0.9712,0.7601
Q923W1_S431___1,-0.0311,No,0.9891,0.8853
Q923Z0_S368___1,0.1436,No,0.9173,0.5054
Q923Z0_S369___1,-0.2202,No,0.8187,0.307
Q923Z0_S355___1,0.01543,No,0.9976,0.9429
Q924A2_S20___1,0.1131,No,0.9385,0.5997
Q924A2_S766___1,-0.01416,No,0.9978,0.9476
Q924A2_S2284___1,0.205,No,0.8462,0.3416
Q924A2_S2195___1,0.1894,No,0.8667,0.3796
Q924A2_S1403___1,0.1011,No,0.9449,0.639
Q924A2_S1080___1,0.06733,No,0.9708,0.7548
Q924A2_S778___1,0.009056,No,>0.9999,0.9665
Q924A2_S2148___1,-0.06936,No,0.9706,0.7476
Q924A2_S1184___1,0.3747,No,0.4869,0.0821
Q924A2_S2247___1,-0.4414,No,0.3353,0.0406
Q924H7_S53___1,0.06322,No,0.973,0.7693
Q924H7_S511___1,0.1094,No,0.9401,0.6118
Q924H7_S62___1,-1.1,Yes,<0.0001,<0.0001
Q924K8_S516___1,0.4969,No,0.2301,0.0212
Q924K8_S427___1,0.2229,No,0.8139,0.3011
Q924L1_S192___1,0.08309,No,0.9623,0.6999
Q924N4_S32___1,-0.1265,No,0.9335,0.5572
Q924N4_S1032___1,0.1763,No,0.8851,0.4133
Q924N4_S96___1,0.05359,No,0.9779,0.8036
Q924S8_S239___1,-0.3843,No,0.4676,0.0746
Q924S8_S234___1,-0.383,No,0.4694,0.0756
Q924T2_S290___1,0.1672,No,0.8976,0.438
Q924W5_S1095___1,0.06641,No,0.9712,0.758
Q924W7_S106___1,-0.6348,No,0.0654,0.0032
Q924W7_S83___1,-0.3285,No,0.5963,0.1275
Q924W7_S619___1,-0.6744,Yes,0.0426,0.0018
Q924W7_S48___1,-0.3089,No,0.6425,0.1519
Q924W7_S32___1,-0.5201,No,0.1924,0.0158
Q924W7_S233___1,-0.2766,No,0.7095,0.1993
Q924W7_S330___1,-0.3474,No,0.5514,0.107
Q924Z5_S332___1,0.2026,No,0.8483,0.3472
Q925B0_S38___1,-0.4422,No,0.3338,0.0402
Q925B0_S224___1,-0.06568,No,0.9712,0.7606
Q925H1_S90___1,0.4319,No,0.3556,0.0451
Q925H1_S970___1,-0.01196,No,0.9979,0.9558
Q925H1_S978___1,-0.2953,No,0.6694,0.1708
Q925H1_S1081___1,0.06477,No,0.9712,0.7638
Q925H1_S892___1,0.06581,No,0.9712,0.7601
Q93092_S237___1,-0.1302,No,0.9286,0.5458
Q99020_S247___1,0.1893,No,0.8667,0.3799
Q99104_S1450___1,0.2884,No,0.684,0.1809
Q99104_S600___1,0.1498,No,0.9129,0.487
Q99104_S1650___1,0.3293,No,0.5952,0.1265
Q99J10_S416___1,0.08853,No,0.9566,0.6813
Q99J21_S547___1,0.2853,No,0.6921,0.1857
Q99J27_S16___1,-0.1996,No,0.8511,0.3545
Q99J27_S42___1,0.1165,No,0.9359,0.5889
Q99J45_S534___1,-0.1559,No,0.9086,0.4695
Q99J45_S2___1,0.1141,No,0.9382,0.5965
Q99J77_S275___1,0.1033,No,0.9437,0.6319
Q99JB0_S198___1,-0.3065,No,0.6474,0.1551
Q99JB8_S354___1,-0.08529,No,0.9608,0.6923
Q99JB8_S319___1,-0.06335,No,0.973,0.7688
Q99JF8_S176___1,-0.1789,No,0.8801,0.4067
Q99JF8_S129___1,-0.7916,Yes,0.01,0.0002
Q99JF8_S274___1,-0.5846,No,0.1104,0.0067
Q99JF8_S106___1,-0.03064,No,0.9899,0.887
Q99JN2_S623___1,0.2611,No,0.7437,0.2258
Q99JN2_S631___1,0.01219,No,0.9979,0.9549
Q99JP0_S329___1,-0.5015,No,0.2243,0.02
Q99JP4_S42___1,0.2474,No,0.7669,0.251
Q99JP7_S72___1,-0.1499,No,0.9129,0.4869
Q99JP7_S83___1,0.4788,No,0.2619,0.0263
Q99JT2_S300___1,-0.6161,No,0.0801,0.0043
Q99JY8_S19___1,0.1431,No,0.9184,0.5066
Q99JY9_S418___1,0.2221,No,0.8161,0.3028
Q99JZ7_S214___1,-0.179,No,0.88,0.4064
Q99JZ7_S251___1,0.07906,No,0.9653,0.7138
Q99K01_S778___1,0.1266,No,0.9335,0.5571
Q99K28_S431___1,-0.6313,No,0.0674,0.0034
Q99K28_S413___1,-0.02675,No,0.9913,0.9012
Q99K28_S145___1,0.07869,No,0.9653,0.715
Q99K28_S519___1,-0.4839,No,0.2534,0.0248
Q99K41_S704___1,0.01207,No,0.9979,0.9553
Q99K43_S4___1,0.5455,No,0.1571,0.0114
Q99K46_S906___1,-0.1919,No,0.8635,0.3732
Q99K48_S149___1,-0.03329,No,0.987,0.8773
Q99K51_S293___1,0.07396,No,0.9691,0.7315
Q99K70_S94___1,0.06096,No,0.9747,0.7773
Q99K74_S860___1,0.3081,No,0.6449,0.1529
Q99K74_S871___1,0.1041,No,0.9434,0.629
Q99K90_S372___1,0.3315,No,0.5903,0.1241
Q99K90_S450___1,0.03306,No,0.9872,0.8781
Q99KC8_S624___1,-0.3131,No,0.6335,0.1464
Q99KF0_S940___1,-0.07619,No,0.9681,0.7238
Q99KG7_S478___1,0.06475,No,0.9712,0.7639
Q99KH8_S4___1,0.09783,No,0.9478,0.6499
Q99KK1_S152___1,0.06754,No,0.9706,0.754
Q99KK9_S66___1,-0.01694,No,0.9959,0.9373
Q99KL7_S4___1,-0.4056,No,0.4144,0.0599
Q99KN9_S235___1,-0.5129,No,0.2051,0.0173
Q99KX1_S237___1,0.1431,No,0.9184,0.5067
Q99KX1_S242___1,-0.1701,No,0.8962,0.4301
Q99KZ6_S60___1,0.2954,No,0.6694,0.1705
Q99L02_S236___1,0.1062,No,0.9407,0.6222
Q99L27_S28___1,-0.2194,No,0.8193,0.3087
Q99L27_S347___1,-0.02222,No,0.9929,0.9179
Q99L43_S32___1,-0.1301,No,0.9286,0.5461
Q99L43_S34___1,-0.1191,No,0.9358,0.5807
Q99L45_S67___1,0.1391,No,0.9208,0.5187
Q99L45_S105___1,0.2915,No,0.6784,0.1763
Q99L45_S2___1,0.3283,No,0.5963,0.1278
Q99L47_S155___1,-0.444,No,0.3293,0.0394
Q99L48_S468___1,0.01832,No,0.9953,0.9323
Q99L88_S388___1,0.03416,No,0.9865,0.8741
Q99L90_S85___1,-0.3135,No,0.6322,0.1459
Q99LB0_S160___1,-0.181,No,0.8781,0.401
Q99LD4_S454___1,0.1257,No,0.9335,0.5597
Q99LD4_S463___1,0.1444,No,0.9168,0.5028
Q99LE3_S55___1,0.2325,No,0.7978,0.2807
Q99LF1_S22___1,-0.08927,No,0.9558,0.6788
Q99LG0_S531___1,0.1395,No,0.9206,0.5175
Q99LG0_S414___1,-0.2672,No,0.7303,0.2151
Q99LG0_S17___1,-0.5163,No,0.1999,0.0166
Q99LG1_S114___1,-0.05523,No,0.9776,0.7978
Q99LH9_S377___1,-0.8079,Yes,0.0081,0.0002
Q99LI2_S58___1,0.06477,No,0.9712,0.7638
Q99LI2_S59___1,0.112,No,0.9395,0.6032
Q99LI2_S429___1,-0.2091,No,0.8394,0.332
Q99LI2_S433___1,0.2677,No,0.7291,0.2143
Q99LI7_S691___1,0.1719,No,0.8936,0.4251
Q99LJ0_S488___1,0.195,No,0.8613,0.3656
Q99LJ0_S481___1,0.1574,No,0.9081,0.4652
Q99LJ0_S522___1,0.06859,No,0.9706,0.7503
Q99LJ0_S567___1,0.2822,No,0.6987,0.1905
Q99LJ5_S179___1,-0.2963,No,0.667,0.1693
Q99LL5_S49___1,0.1887,No,0.8677,0.3814
Q99LL5_S493___1,0.2567,No,0.7503,0.2337
Q99LQ1_S22___1,0.1646,No,0.9012,0.4452
Q99LW6_S162___1,-0.3136,No,0.632,0.1457
Q99LX5_S232___1,-0.4373,No,0.3441,0.0425
Q99M51_S85___1,0.2224,No,0.8154,0.3022
Q99M51_S91___1,0.07531,No,0.9691,0.7268
Q99M51_S96___1,0.1707,No,0.896,0.4283
Q99M54_S67___1,0.5146,No,0.202,0.017
Q99MD6_S50___1,-0.07277,No,0.9696,0.7357
Q99MI1_S730___1,-0.133,No,0.9249,0.5371
Q99MI1_S94___1,0.1559,No,0.9086,0.4695
Q99MI1_S7___1,0.02024,No,0.9943,0.9252
Q99MI1_S17___1,-0.3068,No,0.6473,0.1547
Q99MI1_S21___1,-0.1421,No,0.9194,0.5099
Q99MJ9_S85___1,0.0945,No,0.9504,0.6611
Q99MK8_S670___1,-0.03824,No,0.984,0.8592
Q99ML1_S10___1,0.2365,No,0.7906,0.2725
Q99MN1_S594___1,-0.02063,No,0.9943,0.9237
Q99MN1_S393___1,0.2143,No,0.8291,0.3202
Q99MP8_S116___1,0.2933,No,0.6741,0.1736
Q99MQ1_S838___1,0.2758,No,0.7111,0.2007
Q99MQ1_S811___1,-0.203,No,0.8483,0.3462
Q99MQ1_S815___1,0.3202,No,0.6158,0.1374
Q99MQ1_S974___1,0.2261,No,0.8101,0.2943
Q99MQ1_S801___1,0.006421,No,>0.9999,0.9762
Q99MQ1_S768___1,0.245,No,0.7737,0.2558
Q99MQ1_S635___1,0.2265,No,0.809,0.2934
Q99MQ1_S805___1,0.4824,No,0.2561,0.0252
Q99MQ1_S27___1,-0.1893,No,0.8667,0.3797
Q99MR1_S24___1,-0.03671,No,0.9853,0.8648
Q99MR1_S137___1,-0.6283,No,0.0695,0.0036
Q99MR1_S157___1,-0.1561,No,0.9086,0.4689
Q99MR1_S228___1,-0.3855,No,0.4642,0.0737
Q99MR3_S674___1,-0.1304,No,0.9286,0.5453
Q99MS7_S1460___1,-0.155,No,0.9088,0.4719
Q99MS7_S284___1,-0.05981,No,0.9747,0.7814
Q99MS7_S1443___1,-0.07229,No,0.9696,0.7374
Q99MS7_S1383___1,-0.03372,No,0.9869,0.8757
Q99MS8_S279___1,0.1514,No,0.9129,0.4824
Q99MU3_S140___1,0.3217,No,0.6133,0.1356
Q99MY8_S1700___1,0.4992,No,0.227,0.0206
Q9Z2V6_S250___1,-0.6757,Yes,0.042,0.0017
Q99N96_S85___1,-0.1215,No,0.9352,0.5729
Q99NA9_S118___1,-0.1371,No,0.9234,0.5246
Q99NB9_S194___1,0.01594,No,0.9972,0.9411
Q99NB9_S400___1,0.5784,No,0.1163,0.0073
Q99NB9_S129___1,0.2836,No,0.6962,0.1883
Q99NF3_S114___1,-0.2985,No,0.6642,0.1661
Q99NF3_S121___1,-0.1469,No,0.9138,0.4957
Q99NG0_S79___1,0.4686,No,0.2806,0.0297
Q99NH0_S2401___1,-0.01861,No,0.9953,0.9312
Q99NH0_S1936___1,-0.4075,No,0.4102,0.0587
Q99NH0_S2041___1,0.2928,No,0.6758,0.1743
Q99NH0_S2043___1,0.1061,No,0.9407,0.6226
Q99NH0_S1696___1,0.1396,No,0.9206,0.5171
Q99NH2_S871___1,-0.1701,No,0.8962,0.4301
Q99NH2_S221___1,-0.3,No,0.6625,0.164
Q99NH2_S824___1,-0.4486,No,0.3188,0.0374
Q99NH2_S383___1,-0.1787,No,0.8805,0.4071
Q99NH2_S958___1,-0.4917,No,0.2401,0.0225
Q99NH2_S969___1,-0.2995,No,0.6629,0.1647
Q99NH2_S920___1,-0.414,No,0.3957,0.0548
Q99NH2_S1312___1,-0.3804,No,0.4744,0.0776
Q99NH2_S1042___1,-0.3756,No,0.485,0.0814
Q99NH2_S715___1,-0.2221,No,0.8161,0.3029
Q99NH2_S728___1,-0.104,No,0.9434,0.6293
Q99NH2_S1207___1,-0.7176,Yes,0.0262,0.0009
Q99NH2_S1222___1,-0.4082,No,0.4083,0.0583
Q99NH2_S144___1,-0.04214,No,0.9833,0.845
Q99NH2_S1112___1,0.1768,No,0.8848,0.4121
Q99NH2_S1172___1,-0.5604,No,0.1364,0.0093
Q99NH2_S1184___1,-0.3837,No,0.4684,0.0751
Q99P31_S349___1,0.3506,No,0.5422,0.1039
Q99P69_S247___1,0.5391,No,0.1647,0.0124
Q99P72_S489___1,0.1608,No,0.9036,0.4557
Q99P72_S953___1,0.7717,Yes,0.0131,0.0003
Q99P72_S291___1,0.1181,No,0.9359,0.5837
Q99P72_S839___1,0.2256,No,0.8106,0.2954
Q99P72_S105___1,0.2971,No,0.665,0.1681
Q99P72_S165___1,-0.1284,No,0.9306,0.5515
Q99P72_S167___1,0.2926,No,0.6759,0.1746
Q99P72_S438___1,-0.3536,No,0.5326,0.1009
Q99P72_S329___1,0.1851,No,0.8715,0.3904
Q99P88_S992___1,0.2961,No,0.6675,0.1696
Q99PG2_S403___1,0.3147,No,0.6292,0.1443
Q99PG2_S616___1,0.1808,No,0.8782,0.4015
Q99PL5_S1162___1,-0.07127,No,0.97,0.7409
Q99PL5_S1472___1,-0.05015,No,0.9811,0.816
Q99PL6_S78___1,-0.5056,No,0.2172,0.019
Q99PL6_S36___1,-0.1097,No,0.9401,0.6108
Q99PP2_S2206___1,0.04313,No,0.9833,0.8414
Q99PP2_S2140___1,-0.1223,No,0.935,0.5704
Q99PP2_S167___1,-0.02695,No,0.991,0.9005
Q99PP2_S732___1,-0.1384,No,0.9228,0.5209
Q99PP2_S1833___1,0.2031,No,0.8483,0.3461
Q99PP2_S71___1,-0.0227,No,0.9928,0.9161
Q99PT3_S370___1,0.08709,No,0.9579,0.6862
Q99PU7_S395___1,-0.02825,No,0.9906,0.8957
Q9CPN8_S165___1,-0.8872,Yes,0.0025,<0.0001
Q9CPR7_S74___1,0.2478,No,0.7669,0.2502
Q9CPU9_S63___1,-0.07952,No,0.9653,0.7122
Q9CPU9_S74___1,-0.05973,No,0.9747,0.7817
Q9CPV5_S19___1,0.5446,No,0.1581,0.0115
Q9CPY7_S180___1,-0.02234,No,0.9929,0.9175
Q9CQ10_S200___1,0.04848,No,0.9829,0.822
Q9CQ22_S42___1,0.1069,No,0.9406,0.6198
Q9CQ22_S56___1,-0.0339,No,0.9865,0.875
Q9CQ25_S140___1,-0.1391,No,0.9208,0.5189
Q9CQ33_S354___1,-0.1052,No,0.9419,0.6254
Q9CQ56_S165___1,-0.02032,No,0.9943,0.9249
Q9CQ92_S29___1,0.1942,No,0.8616,0.3676
Q9CQB2_S80___1,0.4013,No,0.4253,0.0627
Q9CQB2_S82___1,0.02695,No,0.991,0.9005
Q9CQC5_S75___1,0.01671,No,0.9959,0.9382
Q9CQC5_S100___1,-0.006727,No,>0.9999,0.9751
Q9CQC5_S144___1,0.01465,No,0.9978,0.9458
Q9CQC5_S108___1,0.2393,No,0.7843,0.267
Q9CQC5_S134___1,-0.6973,Yes,0.0326,0.0012
Q9CQC6_S411___1,0.2603,No,0.7437,0.2271
Q9CQC6_S413___1,0.3872,No,0.4589,0.0724
Q9CQC7_S26___1,-0.0607,No,0.9747,0.7782
Q9CQC8_S304___1,0.1865,No,0.8697,0.387
Q9CQF4_S106___1,0.112,No,0.9395,0.6034
Q9CQI4_S235___1,-0.7966,Yes,0.0094,0.0002
Q9CQI6_S141___1,-0.2912,No,0.6784,0.1767
Q9CQJ4_S41___1,0.3619,No,0.5146,0.0932
Q9CQS8_S17___1,0.4728,No,0.2726,0.0283
Q9CQT2_S203___1,-0.5824,No,0.1131,0.0069
Q9CQT2_S125___1,0.07112,No,0.9701,0.7414
Q9CQU3_S95___1,0.01321,No,0.9978,0.9511
Q9CQU5_S216___1,-0.4277,No,0.3647,0.0472
Q9CQV4_S26___1,0.2478,No,0.7669,0.2502
Q9CQV4_S435___1,0.0397,No,0.9834,0.8539
Q9CQV4_S436___1,0.4129,No,0.3984,0.0554
Q9CQV4_S258___1,0.03527,No,0.9855,0.87
Q9CQV4_S313___1,-0.09603,No,0.9496,0.6559
Q9CQV4_S320___1,0.2542,No,0.7545,0.2383
Q9CQV6_S12___1,-0.006558,No,>0.9999,0.9757
Q9CQV7_S70___1,0.3571,No,0.5258,0.0976
Q9CQW9_S40___1,-0.1959,No,0.86,0.3634
Q9CQX2_S16___1,0.2278,No,0.8074,0.2907
Q9CQX2_S33___1,0.2739,No,0.7143,0.2039
Q9CQY2_S36___1,0.0972,No,0.9481,0.652
Q9CR00_S128___1,-0.07367,No,0.9691,0.7325
Q9CR25_S489___1,0.003286,No,>0.9999,0.9878
Q9CR25_S188___1,0.04766,No,0.983,0.825
Q9CR57_S139___1,-0.0335,No,0.9869,0.8765
Q9CR59_S39___1,0.09561,No,0.9496,0.6574
Q9CR76_S48___1,0.01008,No,0.999,0.9627
Q9CR78_S274___1,0.06131,No,0.9747,0.7761
Q9CR86_S31___1,-0.347,No,0.553,0.1074
Q9CR86_S42___1,-0.005199,No,>0.9999,0.9808
Q9CR86_S53___1,-0.01762,No,0.9955,0.9348
Q9CR89_S11___1,0.02427,No,0.9915,0.9104
Q9CRA5_S35___1,-0.8724,Yes,0.0032,<0.0001
Q9CRA8_S20___1,-0.0164,No,0.9965,0.9393
Q9CRA8_S23___1,0.1679,No,0.8976,0.4361
Q9CRB0_S116___1,-0.06204,No,0.974,0.7735
Q9CRB2_S11___1,-0.05631,No,0.9768,0.7939
Q9CRB2_S19___1,0.00863,No,>0.9999,0.9681
Q9CRB9_S29___1,-0.005079,No,>0.9999,0.9812
Q9CRB9_S50___1,0.515,No,0.202,0.0169
Q9CRD0_S147___1,0.04569,No,0.9833,0.8321
Q9CRD0_S108___1,0.337,No,0.5759,0.118
Q9CRD2_S297___1,0.1034,No,0.9437,0.6315
Q9CRD4_S142___1,0.07084,No,0.9703,0.7424
Q9CS00_S148___1,0.08338,No,0.9621,0.6989
Q9CS00_S94___1,0.4707,No,0.2759,0.029
Q9CS00_S96___1,-0.1937,No,0.8616,0.3689
Q9CS74_S640___1,0.1479,No,0.9129,0.4927
Q9CSH3_S215___1,-0.1583,No,0.9073,0.4627
Q9CSN1_S224___1,-0.1234,No,0.9346,0.5669
Q9CSU0_S134___1,0.1711,No,0.8951,0.4274
Q9CT10_S463___1,0.04082,No,0.9833,0.8498
Q9CT10_S40___1,0.1551,No,0.9088,0.4719
Q9CT10_S148___1,0.2165,No,0.826,0.3151
Q9CT10_S257___1,0.1082,No,0.9401,0.6158
Q9CT10_S138___1,-0.3152,No,0.6281,0.1437
Q9CU62_S951___1,-0.2515,No,0.7607,0.2433
Q9CU62_S956___1,-0.125,No,0.9341,0.562
Q9CU62_S957___1,0.03791,No,0.9843,0.8604
Q9CU65_S112___1,0.2727,No,0.7165,0.2058
Q9CU65_S623___1,-0.1651,No,0.9008,0.4437
Q9CUN6_S233___1,-0.4727,No,0.2726,0.0283
Q9CVD2_S268___1,-0.1504,No,0.9129,0.4854
Q9CVD2_S273___1,-0.006569,No,>0.9999,0.9757
Q9CW03_S1065___1,0.2296,No,0.8053,0.2868
Q9CW03_S1067___1,0.2173,No,0.8245,0.3134
Q9CW03_S1074___1,0.0984,No,0.9474,0.648
Q9CW46_S626___1,-0.08421,No,0.9612,0.696
Q9CW46_S576___1,0.1716,No,0.8938,0.4259
Q9CW79_S41___1,0.08015,No,0.9643,0.71
Q9CWE0_S235___1,-0.0173,No,0.9958,0.936
Q9CWE0_S100___1,0.06818,No,0.9706,0.7518
Q9CWK3_S49___1,0.7393,Yes,0.0196,0.0006
Q9CWK3_S196___1,0.2227,No,0.8139,0.3014
Q9CWK8_S185___1,0.08432,No,0.9612,0.6957
Q9CWL8_S545___1,0.3826,No,0.4701,0.0759
Q9CWR7_S328___1,-0.1195,No,0.9358,0.5793
Q9CWR7_S28___1,0.0539,No,0.9779,0.8025
Q9CWS0_S33___1,0.4145,No,0.3947,0.0545
Q9CWU4_S156___1,0.2006,No,0.8503,0.3521
Q9CWW7_S114___1,-0.7435,Yes,0.0187,0.0006
Q9CWW7_S228___1,0.02313,No,0.9922,0.9145
Q9CWY3_S14___1,0.1851,No,0.8715,0.3905
Q9CWY3_S22___1,0.1481,No,0.9129,0.4921
Q9CWY8_S258___1,0.4286,No,0.3634,0.0468
Q9CWY8_S300___1,0.462,No,0.2938,0.0321
Q9CWY9_S7___1,-0.05009,No,0.9811,0.8163
Q9CWZ3_S24___1,0.1226,No,0.9347,0.5694
Q9CWZ3_S42___1,-0.2646,No,0.737,0.2196
Q9CWZ3_S46___1,-0.4632,No,0.2915,0.0316
Q9CWZ3_S56___1,0.02315,No,0.9922,0.9145
Q9CX34_S292___1,-0.1332,No,0.9249,0.5366
Q9CX60_S63___1,-0.8461,Yes,0.0048,<0.0001
Q9CX66_S177___1,-0.06766,No,0.9706,0.7536
Q9CX84_S80___1,0.02282,No,0.9927,0.9157
Q9CX86_S282___1,-0.5916,No,0.1041,0.0061
Q9CXE2_S207___1,-0.04119,No,0.9833,0.8485
Q9CXF4_S32___1,0.222,No,0.8161,0.3029
Q9CXF4_S662___1,0.5156,No,0.2012,0.0168
Q9CXG3_S393___1,-0.0186,No,0.9953,0.9312
Q9CXK9_S243___1,-0.2246,No,0.8109,0.2975
Q9CXK9_S357___1,-0.1042,No,0.9434,0.6287
Q9CXK9_S1002___1,0.2121,No,0.8344,0.3252
Q9CXL3_S48___1,0.06022,No,0.9747,0.78
Q9CXL3_S177___1,0.04089,No,0.9833,0.8496
Q9CXL3_S180___1,0.04377,No,0.9833,0.8391
Q9CXU0_S135___1,-0.4677,No,0.2828,0.03
Q9CXW4_S29___1,-0.315,No,0.6287,0.144
Q9CXY1_S18___1,-0.1763,No,0.8851,0.4133
Q9CXY9_S330___1,0.03754,No,0.9847,0.8618
Q9CY27_S49___1,0.3006,No,0.6609,0.1631
Q9CY50_S268___1,0.2984,No,0.6642,0.1662
Q9CY58_S219___1,-0.5433,No,0.1598,0.0117
Q9CY58_S63___1,-0.7055,Yes,0.0299,0.0011
Q9CY58_S329___1,-0.4103,No,0.4039,0.057
Q9CY64_S229___1,-0.1554,No,0.9088,0.4709
Q9CYA6_S411___1,0.2355,No,0.7922,0.2745
Q9CYA6_S503___1,0.6417,No,0.0609,0.0029
Q9CYA6_S660___1,0.1084,No,0.9401,0.6152
Q9CYC5_S344___1,0.4611,No,0.2955,0.0324
Q9CYC5_S79___1,0.5231,No,0.1868,0.0152
Q9CYC6_S284___1,0.1195,No,0.9358,0.5794
Q9CYC6_S249___1,0.06531,No,0.9712,0.7619
Q9CYG7_S186___1,-0.01345,No,0.9978,0.9502
Q9CYH6_S56___1,-0.2607,No,0.7437,0.2265
Q9CYI0_S18___1,0.4241,No,0.3725,0.0491
Q9CYI4_S331___1,-0.2597,No,0.7448,0.2283
Q9CYI4_S336___1,0.01045,No,0.9985,0.9613
Q9CYL5_S48___1,-0.07778,No,0.9658,0.7182
Q9CYN2_S18___1,-0.3951,No,0.4396,0.0668
Q9CYR6_S64___1,-0.06512,No,0.9712,0.7626
Q9CYT6_S311___1,-0.05835,No,0.9752,0.7866
Q9CYX7_S242___1,0.101,No,0.9449,0.6395
Q9CYX7_S265___1,0.132,No,0.9274,0.5402
Q9CYX7_S19___1,0.4299,No,0.3604,0.0461
Q9CYZ2_S206___1,0.2575,No,0.7499,0.2322
Q9CYZ2_S180___1,-0.09931,No,0.9459,0.645
Q9CZ09_S39___1,0.2572,No,0.7503,0.2328
Q9CZ83_S112___1,0.09815,No,0.9474,0.6489
Q9CZA6_S282___1,0.7762,Yes,0.0124,0.0003
Q9CZB3_S172___1,0.2024,No,0.8483,0.3477
Q9CZB3_S453___1,0.1416,No,0.9199,0.5113
Q9CZB6_S195___1,0.2551,No,0.7535,0.2367
Q9CZC8_S360___1,-0.308,No,0.6449,0.153
Q9CZD3_S690___1,-0.03588,No,0.9855,0.8678
Q9CZE3_S69___1,-0.08092,No,0.9643,0.7073
Q9CZH7_S94___1,0.1399,No,0.9206,0.5163
Q9CZH7_S96___1,0.5906,No,0.1049,0.0061
Q9CZH7_S79___1,0.08217,No,0.964,0.703
Q9CZH7_S125___1,0.07178,No,0.9697,0.7391
Q9CZJ2_S280___1,-0.311,No,0.6369,0.1491
Q9CZJ2_S25___1,-0.02653,No,0.9915,0.902
Q9CZJ2_S29___1,-0.05911,No,0.9747,0.7839
Q9CZJ2_S46___1,0.0279,No,0.9906,0.897
Q9CZK6_S373___1,-0.0009159,No,>0.9999,0.9966
Q9CZK6_S225___1,-0.04198,No,0.9833,0.8456
Q9CZM2_S34___1,-0.0999,No,0.9459,0.643
Q9CZM2_S97___1,0.6882,Yes,0.0363,0.0014
Q9CZM2_S100___1,0.2515,No,0.7607,0.2433
Q9CZS3_S173___1,-0.2429,No,0.7776,0.2597
Q9CZU6_S225___1,-0.06874,No,0.9706,0.7498
Q9CZW5_S94___1,0.06217,No,0.974,0.773
Q9CZX2_S221___1,-0.007989,No,>0.9999,0.9704
Q9CZX2_S104___1,0.05019,No,0.981,0.8159
Q9CZX2_S44___1,0.1731,No,0.892,0.4218
Q9CZX5_S233___1,-0.2512,No,0.7611,0.2438
Q9CZX9_S36___1,-0.1174,No,0.9359,0.5861
Q9CZY3_S146___1,-0.09364,No,0.9513,0.664
Q9D030_S55___1,-0.008944,No,>0.9999,0.9669
Q9D071_S1028___1,0.1105,No,0.9398,0.6081
Q9D074_S428___1,-0.8296,Yes,0.0062,0.0001
Q9D074_S106___1,-0.298,No,0.6642,0.1668
Q9D084_S140___1,0.1688,No,0.8976,0.4336
Q9D0B0_S212___1,0.2816,No,0.6992,0.1914
Q9D0B0_S190___1,-0.4372,No,0.3441,0.0425
Q9D0B0_S196___1,-0.4933,No,0.2367,0.0221
Q9D0E1_S700___1,0.3029,No,0.6551,0.1599
Q9D0E1_S632___1,0.02601,No,0.9915,0.9039
Q9D0E1_S636___1,0.1609,No,0.9036,0.4553
Q9D0E1_S480___1,-0.5059,No,0.2169,0.0189
Q9D0E1_S431___1,0.006689,No,>0.9999,0.9752
Q9D0E1_S574___1,0.08005,No,0.9645,0.7104
Q9D0E1_S617___1,-0.01182,No,0.9979,0.9563
Q9D0E1_S527___1,0.2106,No,0.8361,0.3285
Q9D0E1_S467___1,-0.2977,No,0.6642,0.1672
Q9D0E1_S396___1,-0.1632,No,0.9028,0.4489
Q9D0E3_S99___1,0.1441,No,0.9168,0.5037
Q9D0E3_S33___1,0.06014,No,0.9747,0.7802
Q9D0F4_S9___1,-0.138,No,0.9233,0.5222
Q9D0F4_S147___1,-0.07935,No,0.9653,0.7128
Q9D0F9_S117___1,-0.1749,No,0.8887,0.4172
Q9D0I4_S288___1,-0.0174,No,0.9957,0.9356
Q9D0I8_S80___1,0.2847,No,0.6926,0.1865
Q9D0L7_S43___1,0.1178,No,0.9359,0.5848
Q9D0L8_S11___1,-0.005869,No,>0.9999,0.9783
Q9D0L8_S15___1,0.06954,No,0.9706,0.747
Q9D0L8_S64___1,0.2635,No,0.7396,0.2216
Q9D0L8_S100___1,0.2541,No,0.7545,0.2384
Q9D0L8_S82___1,0.2457,No,0.7716,0.2544
Q9D0M1_S215___1,0.1049,No,0.9421,0.6264
Q9D0P7_S107___1,-0.371,No,0.4935,0.0852
Q9D0R8_S194___1,0.2048,No,0.8462,0.3419
Q9D0T1_S122___1,0.2743,No,0.714,0.2032
Q9D0U6_S82___1,0.1519,No,0.9129,0.481
Q9D0U6_S68___1,0.136,No,0.9234,0.528
Q9D0V7_S36___1,-0.1943,No,0.8616,0.3674
Q9D154_S62___1,0.3298,No,0.5944,0.126
Q9D1A0_S10___1,-0.1276,No,0.9326,0.5539
Q9D1C2_S20___1,0.01171,No,0.9979,0.9567
Q9D1C2_S22___1,-0.008265,No,>0.9999,0.9694
Q9D1C9_S99___1,0.07804,No,0.9657,0.7173
Q9D1E6_S110___1,0.3485,No,0.5477,0.106
Q9D1F4_S203___1,0.2179,No,0.823,0.3121
Q9D1F4_S204___1,0.2179,No,0.823,0.3121
Q9D1F4_S213___1,0.04208,No,0.9833,0.8452
Q9D1F4_S184___1,0.1314,No,0.9286,0.5421
Q9D1F5_S140___1,0.8518,Yes,0.0044,<0.0001
Q9D1G1_S179___1,0.09434,No,0.9505,0.6616
Q9D1H0_S10___1,0.1099,No,0.9401,0.61
Q9D1J3_S163___1,-0.0364,No,0.9853,0.8659
Q9D1L0_S45___1,0.03502,No,0.9855,0.8709
Q9D1M0_S309___1,-0.07703,No,0.9669,0.7208
Q9D1M0_S313___1,0.4451,No,0.3262,0.0389
Q9D1Q1_S111___1,0.1724,No,0.8936,0.424
Q9D1R2_S157___1,0.03514,No,0.9855,0.8705
Q9D1R9_S12___1,-0.0173,No,0.9958,0.936
Q9D219_S62___1,-0.003443,No,>0.9999,0.9873
Q9D219_S686___1,0.07326,No,0.9694,0.734
Q9D240_S146___1,-0.1062,No,0.9407,0.6222
Q9D281_S362___1,0.3354,No,0.5786,0.1198
Q9D2C2_S376___1,0.1843,No,0.8734,0.3926
Q9D2D7_S433___1,-0.15,No,0.9129,0.4864
Q9D2D7_S1107___1,-0.3988,No,0.4311,0.0643
Q9D2D7_S104___1,-0.6977,Yes,0.0325,0.0012
Q9D2D7_S1118___1,-0.09531,No,0.9503,0.6584
Q9D2E2_S5___1,0.06958,No,0.9706,0.7469
Q9D2E2_S288___1,-0.04231,No,0.9833,0.8444
Q9D2E2_S349___1,0.288,No,0.6846,0.1815
Q9D2Q3_S423___1,0.2704,No,0.7218,0.2098
Q9D2U5_S22___1,-0.107,No,0.9406,0.6196
Q9D2U5_S29___1,0.1412,No,0.9206,0.5125
Q9D2V7_S912___1,-0.243,No,0.7776,0.2596
Q9D379_S73___1,-0.1288,No,0.9306,0.55
Q9D3A8_S367___1,-0.07894,No,0.9653,0.7142
Q9D3E6_S1062___1,-0.04679,No,0.9832,0.8282
Q9D3S3_S268___1,-0.3103,No,0.6392,0.15
Q9D3S3_S291___1,-0.2876,No,0.6861,0.1822
Q9D3S3_S815___1,0.01584,No,0.9972,0.9414
Q9D3U0_S82___1,0.375,No,0.4863,0.0819
Q9D3X5_S47___1,0.05452,No,0.9779,0.8003
Q9D479_S291___1,0.05224,No,0.9785,0.8085
Q9D479_S403___1,-0.4372,No,0.3441,0.0425
Q9D4C5_S264___1,0.1346,No,0.9242,0.5325
Q9D4C5_S165___1,-0.05018,No,0.981,0.8159
Q9D4F2_S67___1,0.0441,No,0.9833,0.8379
Q9D4H1_S431___1,-0.8644,Yes,0.0036,<0.0001
Q9D4H1_S432___1,0.1402,No,0.9206,0.5154
Q9D4J7_S155___1,-0.4348,No,0.3479,0.0437
Q9D554_S367___1,-0.07142,No,0.9698,0.7404
Q9D5D8_S111___1,-0.2304,No,0.8036,0.285
Q9D5R2_S432___1,0.06828,No,0.9706,0.7514
Q9D5T0_S317___1,-0.03671,No,0.9853,0.8648
Q9D5T0_S319___1,-0.1224,No,0.935,0.5703
Q9D5T0_S322___1,0.1608,No,0.9036,0.4557
Q9D600_S182___1,-0.1268,No,0.9334,0.5565
Q9D620_S204___1,0.04863,No,0.9828,0.8215
Q9D620_S340___1,0.1043,No,0.9434,0.6285
Q9D620_S346___1,0.2116,No,0.8344,0.3263
Q9D620_S358___1,0.01832,No,0.9953,0.9323
Q9D620_S158___1,-0.2292,No,0.8053,0.2876
Q9D620_S236___1,-0.2721,No,0.7173,0.2068
Q9D6J3_S211___1,0.3611,No,0.5158,0.0939
Q9D6J3_S213___1,0.3876,No,0.4578,0.0721
Q9D6U8_S132___1,-0.231,No,0.8024,0.2838
Q9D6W8_S173___1,0.04371,No,0.9833,0.8393
Q9D6W8_S130___1,0.09136,No,0.9543,0.6717
Q9D6W8_S43___1,-0.1611,No,0.9036,0.4547
Q9D6Z1_S513___1,-0.5284,No,0.1803,0.0142
Q9D6Z1_S536___1,-0.3425,No,0.5635,0.1121
Q9D6Z1_S543___1,-0.4487,No,0.3186,0.0374
Q9D6Z1_S554___1,-0.1803,No,0.8782,0.4029
Q9D6Z1_S466___1,-0.3815,No,0.4718,0.0767
Q9D706_S429___1,-0.6486,No,0.0566,0.0026
Q9D727_S102___1,0.09518,No,0.9503,0.6588
Q9D772_S36___1,0.07627,No,0.9681,0.7235
Q9D772_S44___1,-0.02919,No,0.9906,0.8923
Q9D7P6_S15___1,-0.1503,No,0.9129,0.4857
Q9D7P6_S30___1,-0.211,No,0.8356,0.3277
Q9D7V2_S24___1,0.02455,No,0.9915,0.9093
Q9D7W5_S82___1,0.03345,No,0.987,0.8767
Q9D824_S280___1,-0.05876,No,0.9751,0.7851
Q9D824_S479___1,0.2603,No,0.7437,0.2273
Q9D824_S487___1,0.4635,No,0.2906,0.0315
Q9D824_S566___1,0.1714,No,0.8939,0.4266
Q9D842_S149___1,0.02516,No,0.9915,0.9071
Q9D883_S61___1,-0.4226,No,0.3754,0.0499
Q9D898_S64___1,0.2529,No,0.7571,0.2408
Q9D8B7_S297___1,-0.1257,No,0.9335,0.5599
Q9D8C8_S53___1,-0.1024,No,0.9444,0.6347
Q9D8E6_S295___1,0.4644,No,0.2881,0.0312
Q9D8M3_S141___1,0.3065,No,0.6474,0.1551
Q9D8M4_S230___1,-0.1647,No,0.901,0.4447
Q9D8N6_S135___1,-0.07733,No,0.9667,0.7198
Q9D8N6_S138___1,-0.073,No,0.9696,0.7349
Q9D8S3_S331___1,0.07632,No,0.968,0.7233
Q9D8S4_S237___1,0.1886,No,0.8677,0.3816
Q9D8T7_S105___1,-0.1395,No,0.9206,0.5174
Q9D8X2_S117___1,-0.1765,No,0.8848,0.4128
Q9D8X2_S136___1,-0.01864,No,0.9953,0.9311
Q9D8Y0_S74___1,0.2499,No,0.7623,0.2462
Q9D902_S31___1,-0.593,No,0.1028,0.0059
Q9D920_S75___1,0.1927,No,0.8633,0.3714
Q9D924_S73___1,-0.2736,No,0.7156,0.2044
Q9D937_S123___1,-0.02562,No,0.9915,0.9054
Q9D9K3_S82___1,0.4174,No,0.3875,0.0528
Q9D9Z5_S33___1,0.05872,No,0.9751,0.7853
Q9D9Z5_S95___1,0.02252,No,0.9928,0.9168
Q9DA19_S202___1,-0.1639,No,0.9028,0.4471
Q9DAK3_S219___1,-0.212,No,0.8344,0.3254
Q9DAR7_S100___1,0.2903,No,0.6807,0.178
Q9DAS9_S26___1,-0.03878,No,0.9835,0.8572
Q9DAS9_S2___1,0.05509,No,0.9776,0.7983
Q9DAS9_S7___1,-0.2374,No,0.7875,0.2708
Q9DAS9_S10___1,-0.4554,No,0.3038,0.0346
Q9DAT2_S195___1,0.0963,No,0.9496,0.655
Q9DAU9_S566___1,0.1866,No,0.8697,0.3867
Q9DAW9_S254___1,-0.3396,No,0.57,0.1152
Q9DAZ5_S96___1,-0.006746,No,>0.9999,0.975
Q9DAZ9_S280___1,0.05096,No,0.9805,0.8131
Q9DB00_S2074___1,0.08427,No,0.9612,0.6958
Q9DB28_S157___1,0.1182,No,0.9359,0.5835
Q9DB28_S159___1,0.08972,No,0.9556,0.6772
Q9DB42_S133___1,-0.03133,No,0.9889,0.8844
Q9DB52_S73___1,-0.001751,No,>0.9999,0.9935
Q9DB52_S144___1,0.2391,No,0.785,0.2674
Q9DB52_S59___1,-0.1858,No,0.8705,0.3888
Q9DB52_S34___1,0.2428,No,0.7776,0.26
Q9DB52_S186___1,-0.02296,No,0.9924,0.9152
Q9DB52_S267___1,0.01501,No,0.9976,0.9445
Q9DB70_S13___1,-0.1162,No,0.9359,0.5897
Q9DB85_S64___1,0.04063,No,0.9834,0.8505
Q9DB85_S103___1,-0.104,No,0.9434,0.6294
Q9DB85_S107___1,0.2099,No,0.8376,0.3303
Q9DB85_S177___1,0.06994,No,0.9706,0.7456
Q9DB90_S53___1,-0.0686,No,0.9706,0.7503
Q9DB90_S32___1,-0.02399,No,0.9915,0.9114
Q9DB96_S149___1,0.02073,No,0.9943,0.9234
Q9DBC7_S83___1,-0.03936,No,0.9834,0.8551
Q9DBC7_S77___1,0.08425,No,0.9612,0.6959
Q9DBD5_S482___1,0.08035,No,0.9643,0.7093
Q9DBD5_S51___1,0.4094,No,0.4053,0.0576
Q9DBE9_S679___1,-0.598,No,0.0977,0.0055
Q9DBG3_S4___1,-0.1669,No,0.8976,0.4388
Q9DBH0_S211___1,-0.8902,Yes,0.0024,<0.0001
Q9DBI2_S709___1,-0.2023,No,0.8483,0.348
Q9DBJ1_S31___1,0.2337,No,0.794,0.2783
Q9DBJ1_S14___1,-0.03066,No,0.9899,0.8869
Q9DBJ1_S118___1,0.1316,No,0.928,0.5414
Q9DBJ3_S413___1,0.1215,No,0.9352,0.5731
Q9DBJ3_S281___1,-0.07992,No,0.9647,0.7108
Q9DBJ3_S332___1,-0.00803,No,>0.9999,0.9703
Q9DBJ6_S15___1,0.003012,No,>0.9999,0.9889
Q9DBN9_S150___1,0.03897,No,0.9834,0.8565
Q9DBR2_S99___1,0.03673,No,0.9853,0.8647
Q9DBR2_S130___1,0.05356,No,0.9779,0.8038
Q9DBR2_S405___1,0.1616,No,0.9036,0.4535
Q9DBR4_S718___1,-0.4822,No,0.2562,0.0253
Q9DBR4_S409___1,-0.2144,No,0.8291,0.3198
Q9DBR4_S412___1,0.01647,No,0.9965,0.9391
Q9DBR4_S393___1,-0.2729,No,0.7159,0.2055
Q9DBR7_S299___1,0.2016,No,0.8489,0.3496
Q9DBR7_S902___1,-0.2048,No,0.8462,0.342
Q9DBR7_S445___1,-0.1164,No,0.9359,0.5893
Q9DBR7_S507___1,-0.0612,No,0.9747,0.7765
Q9DBR7_S994___1,0.1191,No,0.9358,0.5806
Q9DBR7_S861___1,-0.01428,No,0.9978,0.9472
Q9DBR7_S870___1,0.05158,No,0.979,0.8109
Q9DBR7_S909___1,0.01174,No,0.9979,0.9566
Q9DBS5_S611___1,0.08085,No,0.9643,0.7076
Q9DBS5_S590___1,-0.03522,No,0.9855,0.8702
Q9DBS5_S565___1,-0.1256,No,0.9335,0.5601
Q9DBS5_S566___1,0.1691,No,0.8975,0.4328
Q9DBS9_S405___1,0.1336,No,0.9249,0.5355
Q9DBS9_S272___1,0.0485,No,0.9829,0.822
Q9DBS9_S33___1,-0.02529,No,0.9915,0.9066
Q9DBS9_S250___1,0.1301,No,0.9286,0.5462
Q9DBT3_S212___1,-0.4193,No,0.3826,0.0517
Q9DBT5_S37___1,-0.3989,No,0.4311,0.0643
Q9DBT5_S87___1,-0.09001,No,0.9556,0.6763
Q9DBT5_S12___1,0.3112,No,0.6366,0.1488
Q9DBU0_S194___1,0.09949,No,0.9459,0.6444
Q9DBU0_S275___1,0.03128,No,0.9889,0.8846
Q9DBU3_S512___1,0.3513,No,0.5401,0.1031
Q9DBU5_S559___1,-0.459,No,0.2978,0.0332
Q9DBU5_S182___1,-0.8265,Yes,0.0064,0.0001
Q9DBU5_S183___1,-0.787,Yes,0.0107,0.0003
Q9DBU5_S211___1,0.07379,No,0.9691,0.7321
Q9DBU6_S331___1,0.1005,No,0.9455,0.6411
Q9DBV4_S423___1,-0.02253,No,0.9928,0.9168
Q9DBV4_S227___1,-0.1584,No,0.9073,0.4625
Q9DBX6_S500___1,-1.113,Yes,<0.0001,<0.0001
Q9DBY1_S608___1,0.229,No,0.8054,0.2881
Q9DBY4_S796___1,0.1304,No,0.9286,0.5451
Q9DBY8_S190___1,0.3723,No,0.492,0.0841
Q9DBZ5_S217___1,0.08067,No,0.9643,0.7082
Q9DBZ9_S683___1,0.1064,No,0.9407,0.6215
Q9DBZ9_S647___1,-0.7481,Yes,0.0178,0.0005
Q9DBZ9_S235___1,-0.3073,No,0.6459,0.154
Q9DBZ9_S60___1,-0.594,No,0.102,0.0059
Q9DBZ9_S66___1,0.2443,No,0.7753,0.257
Q9DC11_S507___1,0.3488,No,0.547,0.1056
Q9DC22_S866___1,0.1079,No,0.9401,0.6165
Q9DC22_S336___1,0.1224,No,0.935,0.5702
Q9DC22_S584___1,0.2284,No,0.8063,0.2893
Q9DC33_S104___1,0.37,No,0.4956,0.0861
Q9DC37_S20___1,-0.5406,No,0.163,0.0121
Q9DC40_S837___1,-0.03711,No,0.985,0.8633
Q9DCB1_S93___1,-0.5161,No,0.2001,0.0167
Q9DCC8_S138___1,0.02799,No,0.9906,0.8967
Q9DCD5_S513___1,-0.004334,No,>0.9999,0.984
Q9DCD5_S527___1,0.1814,No,0.8771,0.4
Q9DCD5_S214___1,0.1125,No,0.9391,0.6017
Q9DCH4_S262___1,0.1367,No,0.9234,0.5258
Q9DCI3_S193___1,0.2074,No,0.8427,0.336
Q9DCL4_S358___1,0.2293,No,0.8053,0.2875
Q9DCL8_S122___1,0.01829,No,0.9954,0.9324
Q9DCL8_S123___1,0.2268,No,0.809,0.2927
Q9DCL8_S88___1,-0.1091,No,0.9401,0.6127
Q9DCL8_S23___1,-0.03726,No,0.9847,0.8628
Q9DCM0_S14___1,-0.01307,No,0.9978,0.9516
Q9DCT6_S96___1,-0.0559,No,0.9771,0.7954
Q9DD18_S205___1,-0.4282,No,0.3644,0.047
Q9EP71_S318___1,-0.9444,Yes,0.001,<0.0001
Q9EP71_S286___1,0.09351,No,0.9513,0.6644
Q9EP71_S424___1,0.1147,No,0.9371,0.5945
Q9EP71_S516___1,-0.4498,No,0.3164,0.0369
Q9EP71_S341___1,0.2498,No,0.7623,0.2464
Q9EP71_S438___1,0.2309,No,0.8026,0.284
Q9EP71_S914___1,0.1351,No,0.9235,0.5307
Q9EP82_S392___1,-0.07182,No,0.9697,0.739
Q9EP82_S397___1,0.1253,No,0.9336,0.5611
Q9EP97_S182___1,-0.1262,No,0.9335,0.5582
Q9EP97_S163___1,0.04332,No,0.9833,0.8407
Q9EPA7_S137___1,0.3297,No,0.5944,0.1261
Q9EPB5_S210___1,0.09852,No,0.9474,0.6476
Q9EPC1_S4___1,0.2814,No,0.6992,0.1917
Q9EPC1_S8___1,-0.06247,No,0.9738,0.772
Q9EPC1_S19___1,-0.3886,No,0.456,0.0714
Q9EPE9_S896___1,0.3005,No,0.6609,0.1633
Q9EPE9_S900___1,-0.3775,No,0.4812,0.0799
Q9EPK5_S291___1,0.2356,No,0.7922,0.2744
Q9EPM5_S32___1,0.04529,No,0.9833,0.8336
Q9EPM5_S314___1,-0.01236,No,0.9979,0.9543
Q9EPR4_S81___1,-0.02294,No,0.9924,0.9153
Q9EPS3_S73___1,0.1556,No,0.9086,0.4703
Q9EPT5_S640___1,-0.02218,No,0.9929,0.918
Q9EPU4_S764___1,0.4922,No,0.239,0.0224
Q9EPZ6_S8___1,-0.06596,No,0.9712,0.7596
Q9EQ28_S306___1,0.17,No,0.8962,0.4302
Q9EQG3_S264___1,-0.2653,No,0.7351,0.2184
Q9EQG3_S287___1,-0.1508,No,0.9129,0.4843
Q9EQG3_S526___1,-0.1097,No,0.9401,0.6108
Q9EQG3_S171___1,-0.1444,No,0.9168,0.503
Q9EQG3_S343___1,0.002581,No,>0.9999,0.9904
Q9EQG3_S67___1,-0.1816,No,0.8768,0.3994
Q9EQG3_S90___1,0.2606,No,0.7437,0.2267
Q9EQG9_S132___1,0.4212,No,0.3777,0.0507
Q9EQH3_S7___1,0.3729,No,0.4913,0.0837
Q9EQJ9_S1321___1,-0.2345,No,0.7932,0.2767
Q9EQJ9_S1444___1,-0.4277,No,0.3647,0.0472
Q9EQJ9_S833___1,-0.06203,No,0.974,0.7735
Q9EQJ9_S954___1,-0.1171,No,0.9359,0.5869
Q9EQJ9_S702___1,-0.034,No,0.9865,0.8747
Q9EQJ9_S610___1,-0.1997,No,0.8511,0.3542
Q9EQM6_S377___1,0.1284,No,0.9306,0.5515
Q9EQM6_S95___1,0.3069,No,0.647,0.1545
Q9EQN3_S189___1,-0.09338,No,0.9513,0.6648
Q9EQN3_S62___1,0.0484,No,0.983,0.8223
Q9EQN9_S492___1,-0.2173,No,0.8245,0.3134
Q9EQP2_S15___1,-0.0003941,No,>0.9999,0.9985
Q9EQQ2_S45___1,-0.2192,No,0.8198,0.3092
Q9EQS9_S1238___1,-0.0254,No,0.9915,0.9062
Q9EQU5_S160___1,-0.1281,No,0.9312,0.5524
Q9EQU5_S30___1,0.01895,No,0.9953,0.93
Q9EQW7_S1633___1,0.523,No,0.1868,0.0152
Q9EQW7_S1481___1,0.1269,No,0.9332,0.5561
Q9EQW7_S636___1,0.3101,No,0.64,0.1503
Q9ER64_S67___1,0.4004,No,0.4274,0.0633
Q9ER64_S311___1,-0.5047,No,0.2185,0.0192
Q9ER64_S746___1,0.0776,No,0.9665,0.7189
Q9ER64_S327___1,-0.07625,No,0.9681,0.7235
Q9ER64_S332___1,0.5056,No,0.2172,0.019
Q9ER64_S82___1,-0.0782,No,0.9656,0.7168
Q9ER64_S88___1,0.1887,No,0.8677,0.3814
Q9ER64_S12___1,-0.2115,No,0.8344,0.3264
Q9ER69_S297___1,0.3305,No,0.593,0.1252
Q9ER69_S256___1,0.2667,No,0.7316,0.216
Q9ER71_S9___1,-0.04339,No,0.9833,0.8405
Q9ER72_S390___1,0.1896,No,0.8667,0.3791
Q9ER72_S102___1,0.1129,No,0.9385,0.6006
Q9ER80_S188___1,-0.09454,No,0.9504,0.661
Q9ER80_S179___1,-0.07398,No,0.9691,0.7314
Q9ER80_S181___1,-0.1583,No,0.9073,0.4626
Q9ERA6_S60___1,0.3404,No,0.5685,0.1143
Q9ERA6_S211___1,0.03311,No,0.9871,0.8779
Q9ERE8_S5___1,-0.01303,No,0.9978,0.9518
Q9ERG0_S607___1,-0.7878,Yes,0.0106,0.0003
Q9ERG0_S615___1,-0.08811,No,0.957,0.6827
Q9ERG0_S720___1,0.1401,No,0.9206,0.5158
Q9ERG0_S735___1,0.284,No,0.6951,0.1876
Q9ERG0_S132___1,0.207,No,0.8432,0.3368
Q9ERG0_S211___1,-0.154,No,0.9104,0.4749
Q9ERG0_S168___1,0.3125,No,0.6337,0.1472
Q9ERG0_S485___1,0.1328,No,0.9249,0.5377
Q9ERG0_S488___1,0.1504,No,0.9129,0.4853
Q9ERG0_S283___1,0.304,No,0.6535,0.1584
Q9ERG0_S15___1,-0.02435,No,0.9915,0.91
Q9ERG0_S360___1,0.3143,No,0.6306,0.1449
Q9ERG0_S594___1,-0.5401,No,0.1635,0.0122
Q9ERG0_S367___1,-0.5075,No,0.2148,0.0185
Q9ERG0_S372___1,0.09053,No,0.9556,0.6745
Q9ERG2_S229___1,0.2401,No,0.7836,0.2654
Q9ERG2_S257___1,0.1215,No,0.9352,0.5729
Q9ERG2_S202___1,-0.03017,No,0.99,0.8887
Q9ERG2_S214___1,0.07315,No,0.9694,0.7343
Q9ERU9_S2576___1,-0.1131,No,0.9385,0.5996
Q9ERU9_S2330___1,-0.05505,No,0.9776,0.7984
Q9ERU9_S2729___1,0.2027,No,0.8483,0.347
Q9ERU9_S2505___1,0.1922,No,0.8633,0.3725
Q9ERU9_S1605___1,0.1193,No,0.9358,0.5799
Q9ERU9_S2113___1,-0.1304,No,0.9286,0.5453
Q9ERU9_S2117___1,-0.6367,No,0.0639,0.0031
Q9ERU9_S796___1,0.05882,No,0.9751,0.7849
Q9ERU9_S2036___1,0.05611,No,0.977,0.7946
Q9ERU9_S21___1,0.05009,No,0.9811,0.8162
Q9ERV1_S139___1,-0.01418,No,0.9978,0.9475
Q9ES00_S238___1,0.07443,No,0.9691,0.7299
Q9ES00_S1136___1,0.3023,No,0.6561,0.1607
Q9ES00_S124___1,0.1635,No,0.9028,0.4482
Q9ES00_S105___1,0.03183,No,0.9888,0.8826
Q9ES00_S78___1,0.165,No,0.9008,0.4439
Q9ES00_S88___1,0.4221,No,0.3763,0.0502
Q9ES00_S101___1,0.2815,No,0.6992,0.1915
Q9ES03_S311___1,-0.233,No,0.7965,0.2797
Q9ES18_S46___1,0.2472,No,0.7671,0.2515
Q9ES18_S164___1,-0.1612,No,0.9036,0.4545
Q9ES18_S172___1,-0.1172,No,0.9359,0.5866
Q9ES74_S195___1,0.2512,No,0.7612,0.2439
Q9ES83_S323___1,-0.209,No,0.8396,0.3322
Q9ESC8_S1055___1,-0.07883,No,0.9653,0.7146
Q9ESC8_S809___1,-0.03054,No,0.99,0.8873
Q9ESC8_S1040___1,-0.0821,No,0.9641,0.7033
Q9ESC8_S482___1,-0.063,No,0.973,0.7701
Q9ESJ0_S521___1,0.4571,No,0.3009,0.034
Q9ESJ1_S252___1,-0.1178,No,0.9359,0.5849
Q9ESK9_S222___1,-0.1471,No,0.9132,0.4949
Q9ESK9_S237___1,0.04408,No,0.9833,0.838
Q9ESK9_S261___1,0.06269,No,0.9734,0.7712
Q9ESK9_S257___1,-0.02022,No,0.9943,0.9252
Q9ESK9_S643___1,0.1678,No,0.8976,0.4364
Q9ESK9_S646___1,0.1186,No,0.9359,0.5821
Q9ESK9_S652___1,0.02711,No,0.991,0.8999
Q9ESL4_S691___1,-0.3332,No,0.586,0.1222
Q9ESL4_S649___1,0.03298,No,0.9873,0.8784
Q9ESL4_S587___1,-0.1873,No,0.8684,0.385
Q9ESL4_S593___1,-0.02346,No,0.9922,0.9133
Q9ESL4_S638___1,-0.1017,No,0.9449,0.6371
Q9ESN6_S428___1,0.1065,No,0.9407,0.6214
Q9EST3_S172___1,-0.711,Yes,0.0278,0.001
Q9EST3_S586___1,-0.1733,No,0.892,0.4214
Q9EST3_S137___1,0.03085,No,0.9897,0.8862
Q9EST3_S352___1,0.1927,No,0.8633,0.3712
Q9EST3_S947___1,-0.05297,No,0.9785,0.8059
Q9ESU6_S1153___1,0.04452,No,0.9833,0.8364
Q9ESU6_S1054___1,-0.4837,No,0.2534,0.0248
Q9ESU6_S471___1,0.2433,No,0.777,0.259
Q9ESU6_S602___1,0.1082,No,0.9401,0.6157
Q9ESV0_S80___1,0.2131,No,0.8316,0.3228
Q9ESV0_S92___1,0.2168,No,0.8249,0.3144
Q9ESV0_S288___1,-0.002189,No,>0.9999,0.9919
Q9ESW4_S284___1,-0.5301,No,0.1774,0.0139
Q9ESX5_S481___1,-0.2101,No,0.8369,0.3298
Q9ESX5_S508___1,-0.2445,No,0.7748,0.2566
Q9ET43_S231___1,-0.3121,No,0.6342,0.1477
Q9ET78_S462___1,-0.7829,Yes,0.0113,0.0003
Q9ET78_S593___1,-0.3792,No,0.4775,0.0786
Q9ET78_S597___1,-0.05656,No,0.9768,0.793
Q9ET78_S162___1,0.0138,No,0.9978,0.9489
Q9ET80_S216___1,-0.702,Yes,0.0312,0.0011
Q9ET80_S162___1,-0.1877,No,0.8678,0.3839
Q9JHD1_S393___1,-0.193,No,0.8633,0.3707
Q9JHE7_S316___1,0.06432,No,0.9716,0.7654
Q9JHE7_S57___1,-0.17,No,0.8962,0.4303
Q9JHI2_S191___1,0.1947,No,0.8616,0.3664
Q9JHJ0_S300___1,0.08019,No,0.9643,0.7099
Q9JHS3_S125___1,0.4866,No,0.2506,0.024
Q9JHS4_S618___1,0.5204,No,0.192,0.0158
Q9JHU2_S278___1,0.008648,No,>0.9999,0.968
Q9JHU2_S349___1,0.0882,No,0.9569,0.6824
Q9JHU2_S364___1,0.3884,No,0.456,0.0715
Q9JHU2_S370___1,0.3081,No,0.6449,0.1529
Q9JHU4_S4366___1,0.1642,No,0.9021,0.4462
Q9JHU4_S2382___1,0.1287,No,0.9306,0.5505
Q9JHU4_S1228___1,0.2112,No,0.8349,0.3271
Q9JHU9_S524___1,0.1027,No,0.9441,0.6336
Q9JI10_S316___1,0.05735,No,0.9761,0.7902
Q9JI11_S320___1,0.1023,No,0.9445,0.635
Q9JI11_S418___1,0.01458,No,0.9978,0.9461
Q9JI99_S65___1,0.1155,No,0.9365,0.5921
Q9JI99_S101___1,0.04714,No,0.9832,0.8269
Q9JIA7_S379___1,-0.04673,No,0.9832,0.8284
Q9JIA7_S358___1,0.0643,No,0.9716,0.7655
Q9JID9_S303___1,-0.1892,No,0.8667,0.3801
Q9JID9_S106___1,-0.1307,No,0.9286,0.5442
Q9JIG4_S545___1,-0.1047,No,0.943,0.6273
Q9JIG4_S519___1,0.2635,No,0.7396,0.2216
Q9JIG4_S628___1,-0.293,No,0.6751,0.1741
Q9JIG7_S237___1,0.1824,No,0.8765,0.3975
Q9JII1_S236___1,-0.6629,Yes,0.0486,0.0021
Q9JII1_S103___1,-0.1646,No,0.9012,0.4451
Q9JII1_S89___1,-0.3113,No,0.6364,0.1487
Q9JIK5_S118___1,-0.05708,No,0.9761,0.7912
Q9JIK5_S155___1,-0.6299,No,0.0684,0.0035
Q9JIK5_S192___1,-0.06495,No,0.9712,0.7632
Q9JIK5_S243___1,-0.2344,No,0.7934,0.2768
Q9JIL5_S1347___1,-0.4012,No,0.4253,0.0627
Q9JIL5_S1378___1,-0.1968,No,0.8583,0.3611
Q9JIM3_S865___1,-0.4664,No,0.2861,0.0305
Q9JIS8_S47___1,0.06584,No,0.9712,0.76
Q9JIS8_S967___1,0.4508,No,0.3142,0.0365
Q9JIS8_S104___1,-0.07694,No,0.9669,0.7211
Q9JIY0_S238___1,-0.2806,No,0.7006,0.1931
Q9JJ00_S324___1,-0.2167,No,0.8256,0.3148
Q9JJ78_S58___1,0.5779,No,0.1166,0.0073
Q9JJ89_S18___1,-0.3234,No,0.6086,0.1336
Q9JJ89_S283___1,-0.03944,No,0.9834,0.8548
Q9JJA7_S366___1,0.2159,No,0.8272,0.3165
Q9JJA7_S328___1,0.01317,No,0.9978,0.9513
Q9JJA9_S384___1,-0.1397,No,0.9206,0.5168
Q9JJA9_S93___1,-0.0689,No,0.9706,0.7492
Q9JJC6_S259___1,-0.2987,No,0.6642,0.1659
Q9JJC6_S349___1,-0.08881,No,0.9566,0.6803
Q9JJC9_S90___1,0.09695,No,0.9487,0.6529
Q9JJF9_S507___1,0.2076,No,0.8427,0.3354
Q9JJQ0_S29___1,-0.5148,No,0.202,0.0169
Q9JJR5_S41___1,0.04304,No,0.9833,0.8417
Q9JJY3_S202___1,0.7728,Yes,0.0128,0.0003
Q9JJY3_S287___1,-0.4083,No,0.4081,0.0582
Q9JJY3_S289___1,-0.2553,No,0.7535,0.2362
Q9JJY3_S292___1,0.4096,No,0.4052,0.0574
Q9JJY3_S299___1,0.1015,No,0.9449,0.6378
Q9JJY3_S220___1,-0.06452,No,0.9714,0.7647
Q9JJY3_S263___1,-1.05,Yes,0.0001,<0.0001
Q9JJY3_S173___1,-0.1265,No,0.9335,0.5572
Q9JJY3_S178___1,-0.07214,No,0.9697,0.7379
Q9JJY3_S186___1,0.169,No,0.8975,0.433
Q9JJY3_S326___1,-0.08623,No,0.9594,0.6891
Q9JJY4_S569___1,0.1059,No,0.941,0.6232
Q9JJY4_S496___1,-0.2968,No,0.6659,0.1685
Q9JJZ4_S266___1,-0.0724,No,0.9696,0.737
Q9JJZ4_S251___1,-0.5462,No,0.1563,0.0113
Q9JJZ4_S184___1,0.364,No,0.5086,0.0913
Q9JJZ6_S280___1,-0.4836,No,0.2534,0.0249
Q9JJZ6_S163___1,-0.8066,Yes,0.0082,0.0002
Q9JK81_S283___1,-0.0406,No,0.9834,0.8506
Q9JK91_S481___1,0.2017,No,0.8487,0.3493
Q9JK92_S87___1,0.3401,No,0.569,0.1146
Q9JKB3_S359___1,-0.2901,No,0.6816,0.1783
Q9JKB3_S195___1,0.03116,No,0.9889,0.8851
Q9JKB3_S328___1,-0.2553,No,0.7535,0.2362
Q9JKB3_S335___1,-0.4566,No,0.3018,0.0341
Q9JKF1_S482___1,-0.2998,No,0.6625,0.1643
Q9JKF6_S421___1,0.1116,No,0.9395,0.6046
Q9JKK8_S431___1,0.4243,No,0.372,0.049
Q9JKP8_S122___1,0.2974,No,0.6642,0.1676
Q9JKQ4_S273___1,-0.1119,No,0.9395,0.6037
Q9JKS5_S108___1,-0.09588,No,0.9496,0.6565
Q9JKV1_S224___1,0.108,No,0.9401,0.6164
Q9JKX6_S10___1,0.1659,No,0.8992,0.4416
Q9JL06_S331___1,-0.3719,No,0.4925,0.0845
Q9JL61_S535___1,0.05772,No,0.9759,0.7889
Q9JL61_S538___1,0.05223,No,0.9785,0.8085
Q9JLB2_S84___1,-0.05692,No,0.9763,0.7917
Q9JLB9_S465___1,0.1946,No,0.8616,0.3665
Q9JLC8_S4266___1,-0.2226,No,0.8144,0.3018
Q9JLG8_S311___1,-0.2051,No,0.8462,0.3413
Q9JLL0_S162___1,0.04804,No,0.983,0.8237
Q9JLM8_S736___1,-0.5934,No,0.1024,0.0059
Q9JLM8_S742___1,-0.2872,No,0.6871,0.1828
Q9JLM8_S754___1,0.01414,No,0.9978,0.9477
Q9JLM8_S307___1,0.2884,No,0.6841,0.181
Q9JLM8_S337___1,-0.03026,No,0.99,0.8884
Q9JLM9_S364___1,0.3139,No,0.631,0.1453
Q9JLN9_S2448___1,0.05182,No,0.9786,0.81
Q9JLN9_S2454___1,-0.09552,No,0.95,0.6577
Q9JLQ0_S580___1,0.1016,No,0.9449,0.6375
Q9JLQ0_S404___1,0.3879,No,0.457,0.0719
Q9JLQ0_S510___1,-0.004767,No,>0.9999,0.9824
Q9JLQ0_S458___1,0.05702,No,0.9763,0.7914
Q9JLQ2_S617___1,-0.02014,No,0.9943,0.9256
Q9JLQ2_S535___1,-0.07579,No,0.9686,0.7251
Q9JLQ2_S707___1,-0.04639,No,0.9832,0.8296
Q9JLQ2_S359___1,-0.8203,Yes,0.0069,0.0001
Q9JLQ2_S508___1,0.02506,No,0.9915,0.9074
Q9JLV1_S404___1,0.1862,No,0.8701,0.3878
Q9JLV1_S270___1,-0.0179,No,0.9955,0.9338
Q9JLV1_S274___1,0.2519,No,0.7593,0.2426
Q9JLV1_S297___1,0.1916,No,0.8635,0.3741
Q9JLV1_S179___1,0.308,No,0.6451,0.1531
Q9JLV1_S138___1,0.2182,No,0.8224,0.3114
Q9JLV1_S380___1,-0.09722,No,0.9481,0.652
Q9JLV1_S382___1,-0.09722,No,0.9481,0.652
Q9JLV1_S390___1,0.6839,Yes,0.038,0.0015
Q9JLV6_S143___1,0.1369,No,0.9234,0.5253
Q9JLY0_S159___1,-0.1405,No,0.9206,0.5145
Q9JLY0_S189___1,-0.4716,No,0.2749,0.0287
Q9JM13_S390___1,0.03604,No,0.9853,0.8672
Q9JM13_S132___1,0.0104,No,0.9986,0.9615
Q9JM14_S184___1,-0.1389,No,0.9214,0.5193
Q9JM73_S220___1,0.3701,No,0.4956,0.086
Q9JM93_S140___1,0.5137,No,0.2035,0.0172
Q9JM96_S64___1,0.1268,No,0.9334,0.5564
Q9JM96_S70___1,0.6035,No,0.0922,0.0051
Q9JM96_S75___1,-0.003684,No,>0.9999,0.9864
Q9JM96_S107___1,-0.3307,No,0.5928,0.125
Q9JM96_S315___1,-0.005755,No,>0.9999,0.9787
Q9JM96_S116___1,-0.0437,No,0.9833,0.8393
Q9JM96_S11___1,-0.5243,No,0.1848,0.015
Q9JM96_S14___1,-0.4083,No,0.4081,0.0582
Q9JM96_S18___1,-0.2679,No,0.7289,0.214
Q9JMA2_S6___1,-0.6769,Yes,0.0414,0.0017
Q9JMB0_S155___1,-0.2385,No,0.7854,0.2684
Q9JMD1_S764___1,0.02401,No,0.9915,0.9113
Q9JMD3_S284___1,0.06531,No,0.9712,0.7619
Q9JMG1_S53___1,-0.2143,No,0.8291,0.3202
Q9JMH9_S983___1,-0.08974,No,0.9556,0.6772
Q9JMH9_S2037___1,0.1082,No,0.9401,0.6156
Q9JMH9_S2039___1,-0.02774,No,0.9907,0.8976
Q9JMH9_S52___1,-0.2567,No,0.7503,0.2336
Q9JMH9_S1938___1,0.04452,No,0.9833,0.8364
Q9JMH9_S1966___1,0.2542,No,0.7545,0.2383
Q9JMH9_S35___1,-0.1804,No,0.8782,0.4027
Q9JMH9_S132___1,-0.8913,Yes,0.0024,<0.0001
Q9JMH9_S140___1,-0.03455,No,0.9858,0.8726
Q9JMH9_S234___1,-0.2438,No,0.7761,0.258
Q9JMH9_S728___1,0.003889,No,>0.9999,0.9856
Q9JMK2_S363___1,-1.125,Yes,<0.0001,<0.0001
Q9JMK2_S323___1,-1.122,Yes,<0.0001,<0.0001
Q9QUR6_S667___1,0.07493,No,0.9691,0.7281
Q9QUS6_S116___1,-0.2586,No,0.7462,0.2302
Q9QVP9_S375___1,0.0201,No,0.9943,0.9257
Q9QWF0_S294___1,-0.465,No,0.2875,0.031
Q9QWT9_S492___1,0.01425,No,0.9978,0.9473
Q9QX47_S1807___1,0.2157,No,0.8273,0.3171
Q9QX47_S94___1,0.3699,No,0.4958,0.0862
Q9QX47_S1723___1,0.2033,No,0.8483,0.3457
Q9QX47_S2049___1,-0.1517,No,0.9129,0.4816
Q9QX47_S1794___1,-0.003072,No,>0.9999,0.9886
Q9QX96_S803___1,0.3685,No,0.4979,0.0873
Q9QXA7_S341___1,0.06708,No,0.9712,0.7557
Q9QXD8_S413___1,-0.1543,No,0.9101,0.474
Q9QXD8_S659___1,-0.1744,No,0.8892,0.4186
Q9QXD8_S308___1,-0.1234,No,0.9346,0.5669
Q9QXE2_S175___1,0.1922,No,0.8633,0.3726
Q9QXE2_S167___1,-0.203,No,0.8483,0.3463
Q9QXG4_S30___1,0.08992,No,0.9556,0.6766
Q9QXK2_S99___1,0.6297,No,0.0684,0.0035
Q9QXK7_S659___1,-0.01601,No,0.9971,0.9408
Q9QXL1_S1150___1,0.2502,No,0.7623,0.2458
Q9QXL2_S1660___1,-0.1677,No,0.8976,0.4365
Q9QXL2_S855___1,-0.4422,No,0.3338,0.0402
Q9QXM0_S415___1,0.3909,No,0.4501,0.0698
Q9QXM1_S75___1,-1.088,Yes,<0.0001,<0.0001
Q9QXM1_S134___1,-0.3806,No,0.4741,0.0775
Q9QXM1_S969___1,-0.5843,No,0.1106,0.0067
Q9QXM1_S108___1,-0.4887,No,0.2453,0.0234
Q9QXQ1_S426___1,0.05645,No,0.9768,0.7934
Q9QXQ1_S45___1,0.2742,No,0.714,0.2034
Q9QXT1_S276___1,-0.1824,No,0.8765,0.3975
Q9QXV1_S110___1,0.08624,No,0.9594,0.6891
Q9QXV1_S284___1,-0.01837,No,0.9953,0.9321
Q9QXV1_S229___1,-0.1732,No,0.892,0.4216
Q9QXV9_S50___1,-0.3277,No,0.5972,0.1284
Q9QXZ0_S4483___1,0.279,No,0.7038,0.1955
Q9QXZ0_S1367___1,0.08165,No,0.9643,0.7048
Q9QXZ0_S4458___1,0.2393,No,0.7843,0.2669
Q9QXZ0_S7296___1,0.2814,No,0.6992,0.1917
Q9QXZ0_S5551___1,0.03965,No,0.9834,0.8541
Q9QXZ0_S3889___1,-0.002072,No,>0.9999,0.9923
Q9QXZ0_S4129___1,-0.3221,No,0.6123,0.1351
Q9QXZ0_S6904___1,-0.05482,No,0.9777,0.7992
Q9QXZ0_S7258___1,-0.1857,No,0.8705,0.389
Q9QY01_S600___1,-0.01586,No,0.9972,0.9413
Q9QY93_S169___1,0.07119,No,0.9701,0.7412
Q9QYC0_S12___1,0.1237,No,0.9346,0.566
Q9QYC0_S724___1,-0.06822,No,0.9706,0.7516
Q9QYC0_S457___1,-0.1574,No,0.9081,0.4653
Q9QYC0_S465___1,0.1845,No,0.8729,0.392
Q9QYC0_S586___1,-0.2048,No,0.8462,0.342
Q9QYC0_S431___1,-0.1063,No,0.9407,0.6218
Q9QYC0_S355___1,0.2198,No,0.8192,0.3079
Q9QYC1_S2155___1,-0.316,No,0.6262,0.1426
Q9QYC1_S695___1,-0.007129,No,>0.9999,0.9736
Q9QYC7_S7___1,-0.2161,No,0.8266,0.316
Q9QYE6_S152___1,0.4488,No,0.3186,0.0373
Q9QYH6_S319___1,-0.1285,No,0.9306,0.5511
Q9QYH6_S264___1,0.5265,No,0.183,0.0146
Q9QYH6_S454___1,-0.1529,No,0.9123,0.4782
Q9QYP6_S84___1,-0.2521,No,0.7589,0.2423
Q9QYR6_S1606___1,0.2158,No,0.8273,0.3169
Q9QYR6_S1673___1,0.02873,No,0.9906,0.894
Q9QYR6_S1580___1,0.1295,No,0.9297,0.5481
Q9QYR6_S1634___1,0.08781,No,0.9574,0.6837
Q9QYR6_S117___1,-0.2111,No,0.8352,0.3274
Q9QYR6_S1159___1,-0.262,No,0.7429,0.2242
Q9QYR6_S155___1,-0.1841,No,0.8736,0.393
Q9QYR6_S2082___1,0.08053,No,0.9643,0.7087
Q9QYR6_S1789___1,0.06575,No,0.9712,0.7603
Q9QYR6_S2637___1,0.01962,No,0.9948,0.9275
Q9QYR6_S1747___1,0.009529,No,0.9993,0.9647
Q9QYY0_S403___1,-0.3424,No,0.5638,0.1122
Q9QYY0_S684___1,-0.1865,No,0.8697,0.3868
Q9QYY0_S420___1,-0.03359,No,0.9869,0.8761
Q9QZ05_S230___1,-0.05765,No,0.976,0.7891
Q9QZ08_S76___1,-0.1774,No,0.8833,0.4104
Q9QZ09_S299___1,0.01337,No,0.9978,0.9506
Q9QZD4_S522___1,0.1049,No,0.9421,0.6264
Q9QZE5_S642___1,-0.09762,No,0.9481,0.6506
Q9QZI8_S351___1,-0.1881,No,0.8678,0.3829
Q9QZI8_S364___1,0.04553,No,0.9833,0.8327
Q9QZL0_S232___1,-0.09618,No,0.9496,0.6554
Q9QZL0_S179___1,0.248,No,0.7669,0.25
Q9QZL0_S321___1,-0.1109,No,0.9398,0.6071
Q9QZL6_S93___1,0.03509,No,0.9855,0.8707
Q9QZL6_S113___1,-0.231,No,0.8024,0.2838
Q9QZM0_S25___1,0.227,No,0.809,0.2924
Q9QZN4_S276___1,0.1254,No,0.9336,0.5608
Q9R020_S120___1,0.04544,No,0.9833,0.833
Q9R020_S153___1,0.4006,No,0.427,0.0631
Q9R020_S294___1,-0.8161,Yes,0.0073,0.0002
Q9R020_S188___1,0.1408,No,0.9206,0.5136
Q9Z0U0_S667___1,0.4095,No,0.4053,0.0575
Q9R078_S182___1,0.4399,No,0.339,0.0413
Q9R078_S108___1,-0.09573,No,0.9496,0.657
Q9R0A1_S669___1,0.194,No,0.8616,0.3682
Q9R0A5_S354___1,-0.1829,No,0.8765,0.3961
Q9R0G7_S1122___1,-0.295,No,0.6703,0.1712
Q9R0G7_S705___1,-0.000889,No,>0.9999,0.9967
Q9R0G7_S707___1,0.1053,No,0.9419,0.6252
Q9R0G7_S353___1,-0.3167,No,0.6238,0.1417
Q9R0G7_S360___1,0.2196,No,0.8193,0.3084
Q9R0G8_S850___1,0.06916,No,0.9706,0.7483
Q9R0L6_S814___1,-0.1113,No,0.9395,0.6057
Q9R0L6_S585___1,0.06984,No,0.9706,0.7459
Q9R0L6_S356___1,0.1938,No,0.8616,0.3686
Q9R0L6_S110___1,-0.1158,No,0.9359,0.591
Q9R0L6_S116___1,-0.2444,No,0.7748,0.2568
Q9R0L6_S641___1,0.1358,No,0.9234,0.5288
Q9R0L6_S1766___1,0.1046,No,0.9431,0.6275
Q9R0L6_S1769___1,0.126,No,0.9335,0.559
Q9R0L6_S957___1,-0.09797,No,0.9476,0.6495
Q9R0L6_S372___1,-0.1734,No,0.8918,0.4212
Q9R0L6_S859___1,0.009107,No,>0.9999,0.9663
Q9R0L6_S867___1,0.007481,No,>0.9999,0.9723
Q9R0L6_S974___1,0.1589,No,0.9067,0.4611
Q9R0L6_S645___1,0.08962,No,0.9556,0.6776
Q9R0L6_S65___1,-0.01426,No,0.9978,0.9473
Q9R0L6_S69___1,-0.2576,No,0.7495,0.232
Q9R0L6_S1228___1,0.03461,No,0.9858,0.8724
Q9R0M6_S179___1,0.0432,No,0.9833,0.8412
Q9R0P4_S63___1,0.02226,No,0.9929,0.9178
Q9R0P4_S15___1,-0.02011,No,0.9943,0.9257
Q9R0P4_S17___1,0.07871,No,0.9653,0.715
Q9R0P5_S163___1,-0.1761,No,0.8857,0.414
Q9R0Q7_S113___1,0.08454,No,0.9612,0.6949
Q9R0Y5_S38___1,-0.01129,No,0.9985,0.9582
Q9R123_S233___1,-0.02081,No,0.9943,0.9231
Q9R190_S435___1,0.07362,No,0.9691,0.7327
Q9R194_S557___1,-0.4592,No,0.2976,0.0332
Q9R1C0_S256___1,0.0659,No,0.9712,0.7598
Q9R1C7_S34___1,0.3523,No,0.5379,0.1022
Q9R1C7_S884___1,-0.9594,Yes,0.0007,<0.0001
Q9R1C7_S151___1,-0.004868,No,>0.9999,0.982
Q9R1P0_S7___1,0.02801,No,0.9906,0.8966
Q9R1P4_S247___1,-0.1148,No,0.9371,0.5942
Q9R1Q6_S253___1,0.1705,No,0.8962,0.4291
Q9R1R2_S7___1,-0.09451,No,0.9504,0.6611
Q9R1R2_S437___1,-0.9678,Yes,0.0006,<0.0001
Q9R1X5_S553___1,-0.06967,No,0.9706,0.7465
Q9R1X5_S558___1,0.2354,No,0.7922,0.2748
Q9R1X5_S571___1,0.07581,No,0.9686,0.7251
Q9R1X5_S43___1,0.1131,No,0.9385,0.5999
Q9R1Y5_S351___1,0.178,No,0.8823,0.409
Q9R1Y5_S366___1,0.04871,No,0.9828,0.8212
Q9R1Y5_S163___1,0.2271,No,0.8087,0.2921
Q9R1Y5_S313___1,0.3325,No,0.5874,0.123
Q9R1Z7_S27___1,-0.01476,No,0.9978,0.9454
Q9R1Z7_S18___1,-0.2297,No,0.8051,0.2866
Q9R1Z8_S357___1,-0.1328,No,0.9249,0.5377
Q9R1Z8_S243___1,-0.06827,No,0.9706,0.7514
Q9R1Z8_S412___1,-0.2256,No,0.8106,0.2952
Q9R207_S644___1,0.02732,No,0.991,0.8991
Q9R210_S466___1,-0.3302,No,0.5933,0.1256
Q9R210_S331___1,0.6648,Yes,0.0479,0.002
Q9R269_S14___1,-0.2961,No,0.6674,0.1695
Q9R269_S1656___1,0.1167,No,0.9359,0.5882
Q9WTK5_S812___1,-0.3421,No,0.5644,0.1125
Q9WTP7_S224___1,-0.007706,No,>0.9999,0.9715
Q9WTQ5_S767___1,-0.003793,No,>0.9999,0.986
Q9WTQ5_S786___1,-0.5152,No,0.2019,0.0168
Q9WTQ5_S652___1,-0.4885,No,0.2457,0.0234
Q9WTQ5_S1285___1,0.04016,No,0.9834,0.8522
Q9WTQ5_S1292___1,0.1876,No,0.8678,0.3842
Q9WTQ5_S598___1,-0.112,No,0.9395,0.6032
Q9WTQ5_S861___1,0.1226,No,0.9347,0.5694
Q9WTQ5_S584___1,-0.4188,No,0.384,0.052
Q9WTQ5_S489___1,0.01391,No,0.9978,0.9486
Q9WTQ5_S498___1,-0.08305,No,0.9624,0.7
Q9WTQ5_S194___1,-0.07461,No,0.9691,0.7292
Q9WTQ5_S1400___1,0.05315,No,0.9785,0.8052
Q9WTQ5_S505___1,-0.4217,No,0.3767,0.0505
Q9WTQ5_S371___1,0.2052,No,0.8461,0.3411
Q9WTQ5_S613___1,-0.02322,No,0.9922,0.9142
Q9WTQ5_S234___1,0.02452,No,0.9915,0.9094
Q9WTQ5_S1469___1,-0.5724,No,0.1217,0.0079
Q9WTQ5_S543___1,-0.1338,No,0.9249,0.5349
Q9WTQ5_S631___1,0.3369,No,0.5759,0.1181
Q9WTQ5_S634___1,0.3964,No,0.4381,0.0659
Q9WTQ5_S637___1,0.04502,No,0.9833,0.8346
Q9WTQ5_S1272___1,0.2209,No,0.8179,0.3055
Q9WTQ5_S873___1,-1.166,Yes,<0.0001,<0.0001
Q9WTU0_S651___1,-0.5316,No,0.1745,0.0137
Q9WTU0_S536___1,-0.6561,No,0.0522,0.0023
Q9WTU0_S876___1,-0.4831,No,0.2544,0.025
Q9WTU0_S893___1,-0.5739,No,0.1202,0.0078
Q9WTU0_S899___1,-0.5848,No,0.1102,0.0067
Q9WTU0_S848___1,-0.3596,No,0.519,0.0952
Q9WTV7_S194___1,0.2624,No,0.7408,0.2234
Q9WTV7_S229___1,0.06769,No,0.9706,0.7535
Q9WTV7_S78___1,0.1262,No,0.9335,0.5581
Q9WTV7_S163___1,0.1489,No,0.9129,0.4897
Q9WTX2_S18___1,0.00336,No,>0.9999,0.9876
Q9WU22_S403___1,0.05361,No,0.9779,0.8036
Q9WU22_S358___1,-0.147,No,0.9137,0.4954
Q9WU40_S261___1,-0.1605,No,0.9037,0.4565
Q9WU40_S263___1,-0.1369,No,0.9234,0.5253
Q9WU40_S296___1,0.00715,No,>0.9999,0.9735
Q9WU40_S140___1,-0.1172,No,0.9359,0.5868
Q9WU42_S1309___1,0.142,No,0.9194,0.51
Q9WU42_S955___1,0.2012,No,0.849,0.3505
Q9WU42_S54___1,0.008401,No,>0.9999,0.9689
Q9WU42_S493___1,-0.3461,No,0.5556,0.1084
Q9WU42_S1528___1,0.2613,No,0.7437,0.2255
Q9WU42_S921___1,-0.08021,No,0.9643,0.7098
Q9WU42_S1220___1,-0.1013,No,0.9449,0.6385
Q9WU42_S152___1,-0.2802,No,0.7008,0.1936
Q9WU42_S938___1,0.04013,No,0.9834,0.8523
Q9WU42_S2213___1,0.04272,No,0.9833,0.8429
Q9WU42_S2215___1,0.09595,No,0.9496,0.6562
Q9WU42_S1963___1,0.1477,No,0.9129,0.4933
Q9WU42_S215___1,0.1363,No,0.9234,0.5273
Q9WU42_S2152___1,0.05807,No,0.9754,0.7876
Q9WU42_S67___1,-0.01086,No,0.9985,0.9598
Q9WU42_S2181___1,0.1857,No,0.8705,0.389
Q9WU42_S1449___1,0.1384,No,0.9228,0.5209
Q9WU42_S743___1,0.08812,No,0.957,0.6827
Q9WU42_S750___1,-0.02335,No,0.9922,0.9138
Q9WU42_S2411___1,-0.1804,No,0.8782,0.4026
Q9WU78_S52___1,0.006947,No,>0.9999,0.9743
Q9WU81_S260___1,-0.3187,No,0.6184,0.1393
Q9WU84_S267___1,0.1438,No,0.9168,0.5047
Q9WUD1_S20___1,-0.03468,No,0.9857,0.8722
Q9WUD1_S24___1,0.00507,No,>0.9999,0.9812
Q9WUF3_S1876___1,0.04904,No,0.9828,0.82
Q9WUJ8_S206___1,-0.02505,No,0.9915,0.9075
Q9WUK2_S21___1,0.08472,No,0.9608,0.6943
Q9WUK6_S333___1,0.07381,No,0.9691,0.732
Q9WUM3_S415___1,0.1719,No,0.8936,0.4252
Q9WUM3_S419___1,-0.2412,No,0.781,0.2631
Q9WUM3_S421___1,-0.01497,No,0.9976,0.9446
Q9WUM4_S187___1,-0.338,No,0.5744,0.1169
Q9WV02_S215___1,-0.11,No,0.9401,0.6099
Q9WV02_S102___1,-0.1413,No,0.9206,0.5122
Q9WV32_S310___1,0.1135,No,0.9385,0.5984
Q9WV34_S312___1,0.2566,No,0.7504,0.2338
Q9WV55_S214___1,0.07796,No,0.9658,0.7176
Q9WV55_S164___1,-0.04685,No,0.9832,0.8279
Q9WV55_S166___1,0.2975,No,0.6642,0.1675
Q9WV60_S389___1,0.08521,No,0.9608,0.6926
Q9WV60_S417___1,-0.1226,No,0.9347,0.5695
Q9WV60_S9___1,-0.08627,No,0.9594,0.689
Q9WV66_S545___1,-0.1049,No,0.9421,0.6263
Q9WV72_S35___1,-0.8641,Yes,0.0036,<0.0001
Q9WV80_S188___1,0.01084,No,0.9985,0.9599
Q9WVA2_S94___1,-0.003952,No,>0.9999,0.9854
Q9WVA2_S96___1,0.1894,No,0.8667,0.3795
Q9WVA4_S163___1,0.2302,No,0.8044,0.2856
Q9WVB3_S209___1,0.1264,No,0.9335,0.5575
Q9WVF8_S50___1,-0.6642,Yes,0.0481,0.0021
Q9WVH4_S279___1,0.02902,No,0.9906,0.8929
Q9WVH4_S283___1,0.06079,No,0.9747,0.7779
Q9WVH4_S252___1,-0.2013,No,0.849,0.3504
Q9WVH4_S310___1,0.03721,No,0.9847,0.863
Q9WVH4_S424___1,0.07322,No,0.9694,0.7341
Q9WVH4_S293___1,0.0746,No,0.9691,0.7293
Q9WVL3_S30___1,0.2879,No,0.6849,0.1817
Q9WVL3_S33___1,0.3251,No,0.6054,0.1315
Q9WVL3_S38___1,0.3333,No,0.5856,0.122
Q9WVL6_S361___1,0.1915,No,0.8638,0.3744
Q9WVQ0_S484___1,0.01802,No,0.9955,0.9334
Q9WVR4_S602___1,0.187,No,0.8691,0.3856
Q9WVR4_S604___1,-0.06813,No,0.9706,0.752
Q9WVR4_S621___1,0.1489,No,0.9129,0.4896
Q9WVR4_S449___1,0.2466,No,0.7684,0.2525
Q9WVR4_S455___1,0.1444,No,0.9168,0.5028
Q9WVR4_S459___1,-0.2551,No,0.7535,0.2366
Q9Z0E8_S548___1,0.09058,No,0.9556,0.6743
Q9Z0F6_S373___1,0.1801,No,0.8788,0.4035
Q9Z0F6_S385___1,-0.1072,No,0.9406,0.6189
Q9Z0F8_S811___1,-0.1014,No,0.9449,0.6379
Q9Z0F8_S794___1,0.5343,No,0.1715,0.0132
Q9Z0G7_S203___1,0.1934,No,0.8621,0.3697
Q9Z0G7_S602___1,0.2707,No,0.721,0.2091
Q9Z0H7_S138___1,-0.3988,No,0.4311,0.0643
Q9Z0L0_S424___1,0.1015,No,0.9449,0.6376
Q9Z0M6_S806___1,-0.06127,No,0.9747,0.7762
Q9Z0P4_S248___1,1.015,Yes,0.0003,<0.0001
Q9Z0P4_S345___1,0.2727,No,0.7165,0.2059
Q9Z0P4_S152___1,-0.2595,No,0.7448,0.2287
Q9Z0P4_S157___1,0.2632,No,0.7399,0.2221
Q9Z0P4_S161___1,-0.3417,No,0.5658,0.1129
Q9Z0P4_S116___1,-0.03944,No,0.9834,0.8548
Q9Z0P4_S122___1,0.04817,No,0.983,0.8232
Q9Z0P4_S87___1,0.216,No,0.8267,0.3162
Q9Z0P7_S346___1,0.1634,No,0.9028,0.4485
Q9Z0S5_S202___1,0.2625,No,0.7407,0.2233
Q9Z0S5_S217___1,0.1667,No,0.898,0.4394
Q9Z0U1_S982___1,-0.2367,No,0.7901,0.2722
Q9Z0U1_S988___1,-0.1797,No,0.8795,0.4046
Q9Z0U1_S968___1,0.03264,No,0.988,0.8796
Q9Z0U1_S186___1,0.09566,No,0.9496,0.6572
Q9Z0U1_S209___1,0.1189,No,0.9359,0.5813
Q9Z0U1_S1133___1,-0.2705,No,0.7218,0.2095
Q9Z0U1_S1136___1,-0.04048,No,0.9834,0.851
Q9Z0U1_S107___1,-0.04267,No,0.9833,0.8431
Q9Z0U1_S441___1,-0.01815,No,0.9954,0.9329
Q9Z0U1_S404___1,-0.3001,No,0.6625,0.1638
Q9Z0U1_S410___1,0.005647,No,>0.9999,0.9791
Q9Z0U1_S411___1,0.1818,No,0.8767,0.3989
Q9Z0U1_S378___1,0.2085,No,0.8402,0.3333
Q9Z0U1_S395___1,-0.3373,No,0.5757,0.1176
Q9Z0U1_S130___1,-0.09473,No,0.9504,0.6603
Q9Z0U1_S173___1,0.05296,No,0.9785,0.8059
Q9Z0U1_S684___1,0.1395,No,0.9206,0.5176
Q9Z0U1_S948___1,0.1634,No,0.9028,0.4484
Q9Z0W3_S1123___1,0.01213,No,0.9979,0.9551
Q9Z0X1_S267___1,-0.8884,Yes,0.0024,<0.0001
Q9Z0X4_S310___1,-0.3291,No,0.5956,0.1269
Q9Z0Y1_S30___1,0.2042,No,0.8478,0.3435
Q9Z103_S904___1,0.298,No,0.6642,0.1668
Q9Z103_S959___1,0.3437,No,0.5619,0.1108
Q9Z103_S708___1,0.2856,No,0.6915,0.1851
Q9Z103_S98___1,1.087,Yes,<0.0001,<0.0001
Q9Z120_S21___1,-0.096,No,0.9496,0.6561
Q9Z131_S379___1,0.1729,No,0.8923,0.4225
Q9Z131_S421___1,-0.0849,No,0.9608,0.6937
Q9Z131_S424___1,0.06662,No,0.9712,0.7573
Q9Z138_S576___1,-0.3055,No,0.6494,0.1564
Q9Z139_S577___1,0.1356,No,0.9234,0.5294
Q9Z180_S374___1,0.1924,No,0.8633,0.3721
Q9Z191_S338___1,-0.1632,No,0.9028,0.4491
Q9Z1B8_S507___1,-0.1149,No,0.9371,0.5939
Q9Z1B8_S20___1,-0.003429,No,>0.9999,0.9873
Q9Z1D1_S42___1,-0.09371,No,0.9513,0.6637
Q9Z1D8_S757___1,0.02671,No,0.9913,0.9014
Q9Z1E4_S711___1,-0.005521,No,>0.9999,0.9796
Q9Z1F9_S207___1,0.06545,No,0.9712,0.7614
Q9Z1J1_S77___1,0.1485,No,0.9129,0.4908
Q9Z1K7_S2099___1,-0.2021,No,0.8483,0.3484
Q9Z1K8_S19___1,-0.05473,No,0.9777,0.7995
Q9Z1Q5_S156___1,0.1147,No,0.9371,0.5946
Q9Z1Q9_S569___1,-0.07936,No,0.9653,0.7127
Q9Z1Q9_S526___1,0.06908,No,0.9706,0.7486
Q9Z1R2_S1103___1,0.1601,No,0.9047,0.4577
Q9Z1R2_S995___1,0.08761,No,0.9574,0.6844
Q9Z1R2_S1139___1,0.1473,No,0.9132,0.4943
Q9Z1S0_S1050___1,0.5753,No,0.1186,0.0076
Q9Z1S8_S402___1,-0.02829,No,0.9906,0.8956
Q9Z1S8_S211___1,-0.7812,Yes,0.0116,0.0003
Q9Z1S8_S282___1,0.1307,No,0.9286,0.5442
Q9Z1T1_S276___1,0.2606,No,0.7437,0.2267
Q9Z1T6_S475___1,-0.1607,No,0.9036,0.456
Q9Z1T6_S1548___1,-0.06268,No,0.9734,0.7712
Q9Z1T6_S307___1,0.865,Yes,0.0036,<0.0001
Q9Z1T6_S329___1,0.3494,No,0.5451,0.1051
Q9Z1T6_S88___1,0.04886,No,0.9828,0.8207
Q9Z1W9_S397___1,-0.01862,No,0.9953,0.9312
Q9Z207_S1072___1,0.1855,No,0.8705,0.3894
Q9Z239_S83___1,-0.1063,No,0.9407,0.6218
Q9Z277_S1464___1,-0.4157,No,0.3917,0.0538
Q9Z277_S361___1,-0.3876,No,0.4578,0.0722
Q9Z277_S1338___1,-0.9167,Yes,0.0016,<0.0001
Q9Z277_S1315___1,-0.3503,No,0.5429,0.1041
Q9Z2A0_S244___1,-0.1499,No,0.9129,0.4869
Q9Z2A0_S38___1,0.02246,No,0.9928,0.917
Q9Z2A5_S166___1,-0.3961,No,0.4382,0.0661
Q9Z2B5_S808___1,0.4028,No,0.4211,0.0617
Q9Z2B5_S711___1,0.282,No,0.699,0.1908
Q9Z2B5_S715___1,0.4557,No,0.3035,0.0345
Q9Z2B5_S795___1,-0.6707,Yes,0.0447,0.0019
Q9Z2B9_S771___1,0.1421,No,0.9194,0.5097
Q9Z2B9_S347___1,0.1237,No,0.9346,0.566
Q9Z2B9_S682___1,-0.1653,No,0.9005,0.4431
Q9Z2C5_S297___1,0.1488,No,0.9129,0.4901
Q9Z2C5_S13___1,-0.4626,No,0.2932,0.0319
Q9Z2C5_S18___1,-0.01186,No,0.9979,0.9561
Q9Z2D1_S51___1,-0.08934,No,0.9558,0.6785
Q9Z2D1_S58___1,0.006556,No,>0.9999,0.9757
Q9Z2D8_S85___1,-0.7338,Yes,0.0213,0.0007
Q9Z2D8_S56___1,-0.4543,No,0.3053,0.0351
Q9Z2E1_S410___1,0.004366,No,>0.9999,0.9838
Q9Z2E1_S44___1,-0.1081,No,0.9401,0.6161
Q9Z2F6_S369___1,0.2931,No,0.6745,0.1739
Q9Z2F6_S377___1,0.477,No,0.2658,0.0269
Q9Z2F7_S165___1,-0.1054,No,0.9419,0.6248
Q9Z2I9_S279___1,-0.3287,No,0.5963,0.1273
Q9Z2N8_S233___1,0.04304,No,0.9833,0.8417
Q9Z2P8_S41___1,-0.02716,No,0.991,0.8997
Q9Z2Q2_S57___1,0.161,No,0.9036,0.4552
Q9Z2Q2_S261___1,-0.02054,No,0.9943,0.9241
Q9Z2Q6_S225___1,0.1398,No,0.9206,0.5165
Q9Z2Q6_S327___1,0.08479,No,0.9608,0.6941
Q9Z2R6_S12___1,0.1162,No,0.9359,0.5897
Q9Z2R6_S37___1,0.03664,No,0.9853,0.865
Q9Z2U1_S56___1,0.273,No,0.7159,0.2054
Q9Z2U4_S187___1,0.1883,No,0.8678,0.3825
Q9Z2V5_S43___1,-0.1112,No,0.9395,0.6059
Q9Z2V5_S21___1,-0.07466,No,0.9691,0.7291
Q9Z2V5_S1148___1,-0.1462,No,0.9138,0.4976
Q9Z2X1_S104___1,0.3177,No,0.6211,0.1405
Q9Z2X1_S107___1,-0.04689,No,0.9832,0.8278
Q9Z2X2_S230___1,0.06463,No,0.9712,0.7643
Q9Z2Z9_S244___1,0.3676,No,0.4999,0.0881
Q9Z315_S604___1,-0.005195,No,>0.9999,0.9808
Q9Z329_S1709___1,0.06119,No,0.9747,0.7765
Q9Z329_S1856___1,-0.8895,Yes,0.0024,<0.0001
S4R1M9_S32___1,-0.1045,No,0.9432,0.6279
A2A432_T15___1,-0.4056,No,0.4144,0.0599
A2A432_T140___1,0.05492,No,0.9777,0.7989
A2A432_T106___1,0.3024,No,0.6561,0.1607
A2A6T1_T154___1,0.07359,No,0.9691,0.7328
A2AJI0_T99___1,-0.7505,Yes,0.0172,0.0005
A2ALU4_T224___1,0.01027,No,0.9987,0.962
A2AQH4_T1314___1,0.06185,No,0.9743,0.7741
A2AR02_T356___1,-0.02921,No,0.9906,0.8922
A2AWA9_T991___1,0.06382,No,0.9721,0.7672
A2BH40_T1874___1,0.1452,No,0.9163,0.5007
A3KGF9_T514___1,-0.5598,No,0.1371,0.0094
A3KGF9_T146___1,-0.3319,No,0.5892,0.1237
A3KGF9_T496___1,-0.3461,No,0.5556,0.1084
A6H5Y3_T1252___1,-0.003538,No,>0.9999,0.9869
B2KF05_T346___1,-0.2009,No,0.8496,0.3514
B2RQC6_T1833___1,0.2753,No,0.7116,0.2015
B9EJ80_T975___1,0.5427,No,0.1605,0.0118
C0HKD9_T267___1,0.1455,No,0.9161,0.4998
D3YVF0_T220___1,0.007738,No,>0.9999,0.9714
E2JF22_T1917___1,0.2047,No,0.8463,0.3422
E9Q4F7_T1763___1,-0.2318,No,0.8012,0.2823
E9Q5C9_T411___1,0.2953,No,0.6694,0.1707
E9Q5C9_T594___1,0.2464,No,0.769,0.2529
E9Q5C9_T600___1,0.2395,No,0.7843,0.2665
E9Q784_T263___1,-0.2076,No,0.8427,0.3355
E9Q784_T363___1,0.38,No,0.4755,0.0779
E9Q7G0_T1982___1,-0.2627,No,0.7406,0.223
F6ZDS4_T1747___1,0.7936,Yes,0.0097,0.0002
F6ZDS4_T727___1,0.006932,No,>0.9999,0.9743
F6ZDS4_T1920___1,-0.03688,No,0.9853,0.8642
F6ZDS4_T2205___1,-0.1633,No,0.9028,0.4486
F8VPU2_T24___1,0.003448,No,>0.9999,0.9872
F8VPU2_T527___1,-0.0791,No,0.9653,0.7136
F8VPZ9_T751___1,0.3461,No,0.5556,0.1084
G3XA57_T317___1,0.004228,No,>0.9999,0.9843
G5E829_T1165___1,-0.1694,No,0.8972,0.4321
G5E870_T1410___1,-0.4302,No,0.3593,0.0459
O08553_T509___1,0.3292,No,0.5953,0.1267
O08784_T171___1,-0.1118,No,0.9395,0.6039
O08796_T347___1,-0.3581,No,0.5232,0.0966
O08810_T707___1,0.1273,No,0.933,0.5549
O09044_T24___1,-0.4376,No,0.3435,0.0423
O35226_T250___1,0.1371,No,0.9234,0.5248
O35381_T15___1,0.04324,No,0.9833,0.841
O35613_T523___1,0.04794,No,0.983,0.824
O35640_T275___1,-0.2141,No,0.8291,0.3207
O35892_T313___1,-0.1336,No,0.9249,0.5353
O54724_T304___1,-0.1505,No,0.9129,0.4849
O54824_T683___1,-0.1755,No,0.8872,0.4154
O55098_T950___1,-0.04027,No,0.9834,0.8518
O55131_T425___1,-0.1682,No,0.8976,0.4353
O55131_T227___1,-0.05923,No,0.9747,0.7835
O55222_T172___1,0.3368,No,0.5761,0.1182
O55222_T181___1,-0.1662,No,0.8983,0.4407
O70255_T214___1,0.7069,Yes,0.0293,0.001
O70279_T440___1,0.1396,No,0.9206,0.5172
O70305_T710___1,0.1456,No,0.9158,0.4995
O70551_T448___1,0.2814,No,0.6992,0.1917
O88379_T732___1,-0.8792,Yes,0.0029,<0.0001
O88379_T1366___1,-0.4241,No,0.3725,0.0491
O88487_T89___1,0.3609,No,0.5158,0.0941
O88569_T176___1,-0.3129,No,0.6335,0.1466
O88643_T230___1,0.5804,No,0.1149,0.0071
Q91XY4_T901___1,-0.2243,No,0.811,0.2981
O88746_T475___1,-0.09315,No,0.9519,0.6656
O88746_T174___1,-0.4407,No,0.3366,0.0409
O88842_T732___1,-0.0683,No,0.9706,0.7513
O88856_T38___1,-0.6375,No,0.0634,0.0031
O89032_T256___1,-0.3297,No,0.5944,0.1261
P05213_T225___1,0.3818,No,0.4712,0.0765
P06745_T109___1,0.2609,No,0.7437,0.2261
P08113_T504___1,0.0008966,No,>0.9999,0.9967
P09055_T777___1,-0.1138,No,0.9382,0.5975
P0C7T6_T328___1,-0.06878,No,0.9706,0.7497
P0DOV2_T106___1,0.08014,No,0.9643,0.71
P11440_T14___1,0.2377,No,0.7867,0.2701
P11440_T161___1,0.3695,No,0.4965,0.0865
P13405_T367___1,0.1602,No,0.9045,0.4574
P13864_T308___1,0.06997,No,0.9706,0.7455
P14206_T82___1,-0.1342,No,0.9249,0.5335
P14733_T21___1,0.4245,No,0.3713,0.0489
P14873_T1928___1,0.2609,No,0.7437,0.2261
P15261_T373___1,-0.07909,No,0.9653,0.7137
P15532_T94___1,0.1194,No,0.9358,0.5797
P16056_T1379___1,0.1443,No,0.9168,0.5033
P16056_T975___1,0.1495,No,0.9129,0.488
P16858_T209___1,-0.1208,No,0.9353,0.5753
P16858_T182___1,-0.5582,No,0.139,0.0096
P63017_T226___1,-0.2,No,0.8506,0.3535
P20152_T436___1,0.3537,No,0.5326,0.1008
P20152_T20___1,0.08258,No,0.9635,0.7017
P20152_T32___1,-0.03893,No,0.9834,0.8567
P20152_T327___1,0.1944,No,0.8616,0.3672
P20152_T63___1,0.152,No,0.9129,0.4807
P20357_T1609___1,0.6346,No,0.0654,0.0032
P21619_T421___1,-0.3496,No,0.545,0.1048
P23116_T982___1,-0.1751,No,0.8884,0.4166
P25206_T719___1,0.1794,No,0.8796,0.4054
P25322_T286___1,-0.3893,No,0.4546,0.0709
P25444_T293___1,-0.08003,No,0.9645,0.7104
P25446_T314___1,0.1311,No,0.9286,0.543
P26039_T1263___1,-0.149,No,0.9129,0.4894
P26231_T658___1,0.04646,No,0.9832,0.8293
P26645_T143___1,0.1178,No,0.9359,0.5846
P28667_T148___1,0.1481,No,0.9129,0.492
P28667_T183___1,0.2498,No,0.7623,0.2465
P28667_T122___1,0.8179,Yes,0.0071,0.0001
P28667_T14___1,0.2293,No,0.8053,0.2873
P28828_T873___1,-0.4772,No,0.2657,0.0268
P28867_T218___1,-0.4031,No,0.4205,0.0615
P28867_T141___1,-0.2818,No,0.6992,0.1911
P30280_T280___1,-0.1681,No,0.8976,0.4354
P30999_T916___1,-0.04086,No,0.9833,0.8496
P30999_T906___1,-0.1504,No,0.9129,0.4854
P35278_T197___1,0.1452,No,0.9163,0.5006
P35585_T152___1,-0.3232,No,0.6091,0.1338
P35585_T223___1,0.1084,No,0.9401,0.615
P35822_T872___1,-0.354,No,0.5321,0.1005
P35980_T158___1,-0.3758,No,0.485,0.0812
P37804_T191___1,-0.07062,No,0.9703,0.7432
P37913_T77___1,0.4956,No,0.2326,0.0215
P39447_T589___1,-0.07266,No,0.9696,0.7361
P39447_T868___1,0.3819,No,0.4712,0.0765
P41233_T1265___1,0.3215,No,0.6136,0.1358
P42567_T779___1,0.1165,No,0.9359,0.5887
P43406_T1044___1,0.0782,No,0.9656,0.7168
P46935_T287___1,0.2233,No,0.8129,0.3003
P46938_T104___1,-0.0651,No,0.9712,0.7627
P47811_T180___1,-0.4376,No,0.3435,0.0423
P48678_T24___1,-0.02218,No,0.9929,0.918
P48678_T548___1,0.1703,No,0.8962,0.4295
P48722_T545___1,0.07576,No,0.9686,0.7252
P49717_T19___1,0.07288,No,0.9696,0.7353
P49769_T370___1,0.156,No,0.9086,0.4692
P49962_T85___1,-0.1202,No,0.9353,0.5771
P51125_T479___1,0.3554,No,0.5294,0.0992
P51410_T130___1,-0.1538,No,0.9106,0.4756
P52734_T710___1,-0.04285,No,0.9833,0.8424
P52912_T385___1,-0.1998,No,0.8511,0.3539
P53986_T462___1,-0.06205,No,0.974,0.7735
P55012_T223___1,-1.232,Yes,<0.0001,<0.0001
P55012_T259___1,0.2984,No,0.6642,0.1663
P55012_T210___1,-0.6667,Yes,0.0466,0.002
P61028_T72___1,-0.1606,No,0.9036,0.4562
P58252_T57___1,-0.1277,No,0.9322,0.5534
P58871_T894___1,-0.2849,No,0.6926,0.1863
P58871_T1275___1,-0.004812,No,>0.9999,0.9822
P58871_T533___1,0.02428,No,0.9915,0.9103
P58871_T238___1,0.1479,No,0.9129,0.4927
P58871_T1204___1,0.09133,No,0.9543,0.6718
P59222_T801___1,-0.3791,No,0.4775,0.0786
P59222_T712___1,-0.03607,No,0.9853,0.8671
P59325_T153___1,-0.3327,No,0.587,0.1228
P59383_T715___1,-0.3286,No,0.5963,0.1273
P60710_T203___1,0.0007507,No,>0.9999,0.9972
P61022_T7___1,0.09934,No,0.9459,0.6449
P61027_T75___1,-0.4319,No,0.3556,0.0451
P61406_T478___1,-0.04984,No,0.9815,0.8171
P62046_T581___1,-0.2155,No,0.8279,0.3175
P62137_T320___1,-0.01675,No,0.9959,0.938
P62270_T60___1,0.2853,No,0.6921,0.1857
P62774_T31___1,-0.08753,No,0.9574,0.6847
P62908_T221___1,0.1064,No,0.9407,0.6217
P62908_T242___1,-0.03261,No,0.988,0.8798
P62996_T201___1,0.03202,No,0.9888,0.8819
P63085_T183___1,-0.1325,No,0.9263,0.5388
P63101_T232___1,0.181,No,0.8781,0.4011
P68040_T96___1,-0.025,No,0.9915,0.9077
P84228_T81___1,-0.2824,No,0.6987,0.1902
P70312_T77___1,0.1891,No,0.8668,0.3804
P70399_T1645___1,0.3591,No,0.5208,0.0957
P70424_T702___1,0.3733,No,0.4904,0.0833
P70441_T288___1,0.6519,No,0.0547,0.0025
P70459_T529___1,-0.1416,No,0.9199,0.5113
P81122_T517___1,-0.4923,No,0.239,0.0224
P97820_T180___1,-0.1441,No,0.9168,0.5037
P84091_T156___1,-0.3611,No,0.5158,0.0939
P97360_T18___1,0.3046,No,0.6521,0.1576
P97360_T31___1,-0.03149,No,0.9888,0.8838
P97379_T227___1,0.1451,No,0.9163,0.5009
P97434_T540___1,-0.1414,No,0.9205,0.5118
P97440_T171___1,-0.006366,No,>0.9999,0.9764
P97468_T370___1,0.009163,No,>0.9999,0.9661
P97801_T22___1,0.07016,No,0.9705,0.7448
P98078_T671___1,0.185,No,0.8715,0.3908
Q00560_T668___1,-0.3786,No,0.4778,0.079
Q00PI9_T163___1,-0.3319,No,0.5892,0.1236
Q01279_T695___1,0.3582,No,0.5232,0.0966
Q01887_T272___1,-0.2876,No,0.686,0.1821
Q03147_T170___1,-0.194,No,0.8616,0.368
Q07113_T2352___1,0.1697,No,0.897,0.4311
Q0GNC1_T1203___1,0.1693,No,0.8972,0.4323
Q0KL02_T1843___1,-0.5034,No,0.2212,0.0195
Q0KL02_T1824___1,-0.2034,No,0.8483,0.3455
Q0VEE6_T162___1,-0.1694,No,0.8972,0.432
Q3THE2_T19___1,-0.206,No,0.8443,0.3393
Q3THE2_T135___1,-0.4759,No,0.2675,0.0273
Q3THK7_T318___1,0.03552,No,0.9855,0.8691
Q3TJD7_T96___1,-0.1137,No,0.9382,0.5978
Q3TJD7_T251___1,-0.2505,No,0.7623,0.2452
Q3TKT4_T1390___1,-0.6192,No,0.0779,0.0041
Q3TLH4_T2625___1,-0.3722,No,0.492,0.0842
Q3TLH4_T2634___1,-0.6432,No,0.0603,0.0028
Q3TYA6_T163___1,-0.2477,No,0.7669,0.2506
Q3U0V1_T101___1,0.2431,No,0.7773,0.2595
Q3U308_T508___1,0.05539,No,0.9775,0.7972
Q3U3E2_T391___1,-0.3569,No,0.5263,0.0978
Q3U3N0_T369___1,0.1821,No,0.8766,0.3981
Q3UHJ0_T603___1,-0.04377,No,0.9833,0.8391
Q3UHX2_T18___1,-0.5014,No,0.2243,0.02
Q3ULW8_T21___1,-0.5596,No,0.1373,0.0094
Q3URU2_T25___1,-0.3571,No,0.5258,0.0976
Q3USB7_T557___1,-0.05648,No,0.9768,0.7933
Q3UYV9_T21___1,0.4257,No,0.3688,0.0483
Q501J7_T451___1,-0.03397,No,0.9865,0.8748
Q52KI8_T736___1,-0.003404,No,>0.9999,0.9874
Q52KI8_T913___1,0.9334,Yes,0.0012,<0.0001
Q52KI8_T633___1,0.174,No,0.8898,0.4195
Q569Z6_T870___1,-0.02974,No,0.9906,0.8902
Q5BLK4_T865___1,-0.2702,No,0.7218,0.21
Q5DU09_T202___1,-0.5056,No,0.2172,0.019
Q5F2E7_T221___1,0.06076,No,0.9747,0.778
Q5F2E8_T440___1,-0.1781,No,0.882,0.4087
Q5F2F2_T424___1,-1.071,Yes,<0.0001,<0.0001
Q5PSV9_T444___1,-0.01117,No,0.9985,0.9587
Q5SS80_T375___1,0.4115,No,0.4014,0.0563
Q5SSZ5_T410___1,-0.1595,No,0.9053,0.4593
Q5SU73_T122___1,0.4186,No,0.3841,0.0521
Q5SW75_T1422___1,0.07436,No,0.9691,0.7301
Q5SXA9_T921___1,-0.367,No,0.5016,0.0886
Q5U431_T256___1,-0.146,No,0.9143,0.4981
Q60520_T1112___1,0.5652,No,0.1305,0.0087
Q60598_T401___1,-0.2113,No,0.8348,0.327
Q60710_T52___1,-0.1719,No,0.8936,0.4253
Q60751_T1372___1,-0.2753,No,0.7116,0.2016
Q60790_T110___1,0.01857,No,0.9953,0.9314
Q60949_T1242___1,0.2904,No,0.6807,0.1779
Q61033_T159___1,0.1565,No,0.9086,0.4678
Q61033_T74___1,-0.1767,No,0.8848,0.4125
Q61097_T411___1,0.1158,No,0.9359,0.591
Q61112_T192___1,-0.1734,No,0.8916,0.421
Q61160_T204___1,-0.02099,No,0.9943,0.9224
Q61165_T755___1,0.318,No,0.6206,0.1402
Q61191_T1141___1,0.3515,No,0.5397,0.103
Q61458_T315___1,0.102,No,0.9449,0.6362
Q61553_T289___1,-0.127,No,0.9332,0.5559
Q61624_T305___1,0.02943,No,0.9906,0.8914
Q61792_T104___1,-0.6034,No,0.0922,0.0051
Q61823_T93___1,0.1479,No,0.9129,0.4926
Q61879_T1203___1,-0.3582,No,0.5232,0.0965
Q61937_T217___1,-0.1038,No,0.9437,0.63
Q62018_T925___1,0.2107,No,0.8361,0.3283
Q62036_T473___1,0.05634,No,0.9768,0.7938
Q62074_T411___1,-0.9105,Yes,0.0017,<0.0001
Q62130_T323___1,0.04989,No,0.9814,0.817
Q62165_T788___1,-0.5252,No,0.1842,0.0148
Q62188_T524___1,0.06952,No,0.9706,0.7471
Q62261_T2327___1,-0.03732,No,0.9847,0.8625
Q62261_T2186___1,-0.1051,No,0.9419,0.6258
Q62383_T1523___1,0.1571,No,0.9081,0.466
Q62407_T453___1,-0.003441,No,>0.9999,0.9873
Q62470_T1050___1,0.006645,No,>0.9999,0.9754
Q63844_T203___1,-0.1082,No,0.9401,0.6156
Q63918_T368___1,0.1544,No,0.91,0.4737
Q63918_T417___1,0.05473,No,0.9777,0.7996
Q63932_T395___1,-0.1703,No,0.8962,0.4295
Q63ZW7_T1190___1,-0.6094,No,0.0869,0.0047
Q64462_T142___1,0.02351,No,0.9922,0.9131
Q64727_T604___1,0.3095,No,0.6414,0.151
Q64727_T477___1,0.005754,No,>0.9999,0.9787
Q64727_T442___1,-0.02422,No,0.9915,0.9105
Q66L44_T150___1,-0.1936,No,0.8616,0.369
Q67FY2_T129___1,-0.2618,No,0.743,0.2245
Q68FD5_T394___1,0.05563,No,0.9775,0.7963
Q68FH0_T282___1,-0.1094,No,0.9401,0.6118
Q68FH0_T1016___1,-0.1352,No,0.9234,0.5304
Q69Z38_T1154___1,-0.5772,No,0.1173,0.0074
Q69Z38_T1141___1,0.032,No,0.9888,0.882
Q69Z38_T294___1,-0.0757,No,0.9686,0.7255
Q69Z38_T536___1,-0.2896,No,0.6835,0.1791
Q69ZA1_T1147___1,-0.4332,No,0.3523,0.0444
Q69ZH9_T1185___1,-0.6449,No,0.059,0.0028
Q69ZJ7_T991___1,-0.1164,No,0.9359,0.5892
Q69ZN7_T172___1,-0.09948,No,0.9459,0.6444
Q6A037_T241___1,0.1211,No,0.9353,0.5743
Q6A065_T1044___1,-0.02939,No,0.9906,0.8915
Q6A0A2_T735___1,-0.4851,No,0.2521,0.0244
Q6A0A9_T653___1,0.3362,No,0.5772,0.1188
Q6GQX2_T1165___1,-0.135,No,0.9236,0.5313
Q6NVF4_T992___1,0.2249,No,0.8106,0.2969
Q6NVF9_T407___1,0.2494,No,0.7628,0.2473
Q6NXJ0_T999___1,-0.1572,No,0.9081,0.4658
Q6NZJ6_T212___1,-0.008464,No,>0.9999,0.9687
Q6P4S6_T411___1,-0.4594,No,0.2972,0.0331
Q6P5F6_T538___1,-0.5249,No,0.1842,0.0149
Q6P5F6_T542___1,-0.6944,Yes,0.0336,0.0013
Q6P9R1_T20___1,0.05383,No,0.9779,0.8028
Q6PAJ1_T434___1,0.3023,No,0.6561,0.1608
Q6PAL0_T584___1,0.04879,No,0.9828,0.8209
Q6PAL7_T1058___1,-0.09865,No,0.9473,0.6472
Q6PDH0_T1228___1,-1.214,Yes,<0.0001,<0.0001
Q6PDK2_T2197___1,-0.152,No,0.9129,0.4807
Q6PFD9_T1069___1,-0.2867,No,0.6888,0.1836
Q6PHZ2_T337___1,0.7682,Yes,0.0137,0.0004
Q6PHZ2_T287___1,-0.8232,Yes,0.0067,0.0001
Q6PHZ5_T529___1,-0.308,No,0.6449,0.153
Q6ZPZ3_T40___1,-0.4976,No,0.23,0.021
Q6ZQ38_T1229___1,-0.04264,No,0.9833,0.8432
Q6ZQ58_T1048___1,-0.1221,No,0.935,0.571
Q6ZQ58_T626___1,-0.2766,No,0.7095,0.1994
Q6ZQ58_T762___1,-0.6922,Yes,0.0346,0.0013
Q6ZWQ0_T4195___1,0.252,No,0.7589,0.2423
Q78PY7_T235___1,0.1608,No,0.9036,0.4557
Q7TMB8_T1234___1,0.1481,No,0.9129,0.4919
Q7TMV1_T667___1,0.03744,No,0.9847,0.8621
Q7TMY8_T1905___1,0.3599,No,0.5186,0.095
Q7TPE5_T42___1,-0.09221,No,0.9535,0.6688
Q7TPS5_T339___1,-0.405,No,0.4153,0.0602
Q7TPV4_T14___1,-0.3945,No,0.441,0.0672
Q7TPW1_T502___1,0.4257,No,0.3688,0.0483
Q7TQ95_T392___1,-0.1963,No,0.8596,0.3626
Q7TSH3_T923___1,-0.2093,No,0.8393,0.3316
Q80U35_T695___1,-0.4602,No,0.2968,0.0328
Q80WC3_T2077___1,-0.1958,No,0.86,0.3637
Q80WJ7_T96___1,-0.3067,No,0.6474,0.1547
Q80WW9_T61___1,-0.1024,No,0.9445,0.6348
Q8BTM8_T48___1,0.1512,No,0.9129,0.4829
Q80XQ2_T576___1,0.2642,No,0.7378,0.2203
Q80Y44_T587___1,-0.1832,No,0.876,0.3954
Q80ZQ9_T192___1,-0.358,No,0.5235,0.0967
Q811L6_T887___1,0.2036,No,0.848,0.345
Q8BG95_T645___1,-0.6426,No,0.0605,0.0029
Q8BGD9_T610___1,-0.02919,No,0.9906,0.8923
Q8BGT6_T351___1,-0.1205,No,0.9353,0.5761
Q8BGW2_T245___1,-0.1538,No,0.9104,0.4754
Q8BGZ4_T562___1,0.2893,No,0.6835,0.1796
Q8BGZ4_T596___1,0.3474,No,0.5514,0.107
Q8BH07_T19___1,-0.02476,No,0.9915,0.9086
Q8BH64_T524___1,-0.01388,No,0.9978,0.9486
Q8BH74_T46___1,0.09397,No,0.9512,0.6629
Q8BHL3_T136___1,0.02563,No,0.9915,0.9054
Q8BJ71_T51___1,-0.1743,No,0.8892,0.4188
Q8BJU0_T82___1,0.1937,No,0.8616,0.3688
Q8BJU0_T305___1,-0.8366,Yes,0.0056,0.0001
Q8BK03_T206___1,0.2771,No,0.7086,0.1986
Q8BK63_T321___1,0.1519,No,0.9129,0.481
Q8BKT7_T328___1,0.4101,No,0.4039,0.0571
Q8BKX6_T3547___1,0.06826,No,0.9706,0.7515
Q8BLH7_T141___1,0.09173,No,0.9537,0.6704
Q8BLI4_T786___1,0.08022,No,0.9643,0.7098
Q8BN21_T449___1,-0.05073,No,0.9806,0.8139
Q8BN21_T451___1,-0.2758,No,0.7111,0.2007
Q8BP22_T351___1,0.007626,No,>0.9999,0.9718
Q921Y0_T35___1,-0.3559,No,0.5284,0.0988
Q8BQ89_T20___1,-0.2256,No,0.8106,0.2952
Q8BQR4_T131___1,-0.1036,No,0.9437,0.6308
Q8BQZ4_T379___1,-0.02789,No,0.9906,0.897
Q8BQZ4_T363___1,0.08961,No,0.9556,0.6776
Q8BTI8_T1448___1,-0.2133,No,0.8314,0.3223
Q8BTI8_T2362___1,-0.1065,No,0.9407,0.6212
Q8BTI8_T1390___1,0.2617,No,0.743,0.2247
Q8BTI8_T1428___1,0.1883,No,0.8678,0.3824
Q8BTI8_T2553___1,-0.1475,No,0.9129,0.4937
Q8BTI8_T2056___1,0.004524,No,>0.9999,0.9833
Q8BTI8_T860___1,0.5556,No,0.1428,0.01
Q8BTI8_T2537___1,0.23,No,0.8048,0.286
Q8BTI8_T1409___1,-0.1398,No,0.9206,0.5166
Q8BTI8_T973___1,0.3922,No,0.4465,0.0688
Q8BTI8_T2421___1,0.1967,No,0.8583,0.3615
Q8BTI8_T2268___1,0.2014,No,0.849,0.3502
Q8BTI8_T1370___1,-0.02732,No,0.991,0.8991
Q8BTM8_T2599___1,-0.06061,No,0.9747,0.7786
Q8BTM8_T1750___1,0.1204,No,0.9353,0.5765
Q8BTM8_T2336___1,-0.1239,No,0.9344,0.5654
Q8BTV2_T203___1,-0.3744,No,0.4874,0.0824
Q8BWR8_T31___1,0.1554,No,0.9088,0.471
Q8BWW9_T121___1,0.0001723,No,>0.9999,0.9994
Q8BWW9_T124___1,0.2145,No,0.8291,0.3196
Q8BX02_T58___1,-0.2757,No,0.7111,0.2009
Q8BXA1_T603___1,0.2103,No,0.8369,0.3293
Q8BXK8_T836___1,-0.1906,No,0.8664,0.3767
Q8BY89_T14___1,0.3801,No,0.4753,0.0779
Q8BYR2_T17___1,0.09194,No,0.9537,0.6697
Q8BZ21_T1228___1,0.2031,No,0.8483,0.346
Q8C080_T109___1,-0.004954,No,>0.9999,0.9817
Q8C0D4_T631___1,-0.2754,No,0.7115,0.2014
Q8C1D8_T672___1,-0.2218,No,0.8162,0.3035
Q8C2Q3_T206___1,0.01502,No,0.9976,0.9444
Q8C341_T1068___1,-0.0573,No,0.9761,0.7904
Q8C854_T27___1,0.2733,No,0.7159,0.2048
Q8C8U0_T963___1,0.06634,No,0.9712,0.7583
Q8C8U0_T350___1,-0.3421,No,0.5644,0.1125
Q8CC35_T69___1,-0.4053,No,0.4148,0.0601
Q8CC35_T156___1,0.01496,No,0.9976,0.9447
Q8CHX7_T408___1,-0.1581,No,0.9073,0.4632
Q8CIV2_T553___1,0.3346,No,0.5808,0.1206
Q8CJ61_T208___1,-0.1137,No,0.9382,0.5977
Q8K019_T400___1,0.2127,No,0.8326,0.3237
Q8K019_T305___1,0.0772,No,0.9669,0.7202
Q8K124_T296___1,-0.6334,No,0.0663,0.0033
Q8K284_T1196___1,0.05538,No,0.9775,0.7972
Q8K2Y3_T86___1,0.07744,No,0.9667,0.7194
Q8K2Y3_T149___1,0.04008,No,0.9834,0.8525
Q8K2Y3_T157___1,-0.2847,No,0.6926,0.1866
Q8K310_T166___1,-0.1026,No,0.9443,0.6341
Q8K382_T928___1,-0.2358,No,0.7922,0.2739
Q8K394_T585___1,0.2027,No,0.8483,0.3469
Q8K3A9_T485___1,0.1129,No,0.9385,0.6004
Q8K4J6_T488___1,0.1806,No,0.8782,0.4022
Q8K4L3_T811___1,-0.3964,No,0.4381,0.0659
Q8R0G9_T28___1,0.2097,No,0.8383,0.3307
Q8R0S1_T53___1,0.04349,No,0.9833,0.8401
Q8R1G6_T276___1,-0.1982,No,0.8548,0.3579
Q8R1Q8_T513___1,0.1665,No,0.8981,0.4398
Q8R3C0_T160___1,0.8262,Yes,0.0064,0.0001
Q8R3S6_T471___1,0.0263,No,0.9915,0.9029
Q8R4H2_T736___1,-0.1578,No,0.9079,0.4642
Q8R4R6_T272___1,0.01074,No,0.9985,0.9603
Q8VBT0_T277___1,0.03641,No,0.9853,0.8659
Q8VC70_T38___1,-0.05415,No,0.9779,0.8016
Q8VCH6_T369___1,-0.156,No,0.9086,0.4693
Q8VCH8_T487___1,-0.3148,No,0.6289,0.1441
Q8VDD5_T1939___1,-0.2946,No,0.6711,0.1717
Q8VDM1_T416___1,-0.1331,No,0.9249,0.537
Q8VDM4_T9___1,0.1428,No,0.919,0.5075
Q8VDM4_T20___1,0.1578,No,0.9079,0.4642
Q8VDN2_T382___1,0.08433,No,0.9612,0.6956
Q8VHH5_T477___1,-0.5312,No,0.1753,0.0137
Q8VHR5_T121___1,0.126,No,0.9335,0.5587
Q8VI59_T370___1,0.05895,No,0.9749,0.7845
Q8VIJ6_T679___1,0.2384,No,0.7856,0.2686
Q91V36_T409___1,0.06557,No,0.9712,0.761
Q91VA6_T292___1,-0.0289,No,0.9906,0.8933
Q91VL9_T356___1,0.0999,No,0.9459,0.643
Q91VM5_T163___1,-1.11,Yes,<0.0001,<0.0001
Q91VM5_T178___1,-0.8278,Yes,0.0063,0.0001
Q91VR2_T144___1,0.1168,No,0.9359,0.588
Q91VW9_T136___1,-0.06877,No,0.9706,0.7497
Q91W92_T34___1,-0.2276,No,0.8078,0.2911
Q91WJ8_T149___1,0.1062,No,0.9407,0.6221
Q91WL8_T12___1,-0.272,No,0.7176,0.2069
Q91X51_T439___1,0.9761,Yes,0.0005,<0.0001
Q91XC8_T50___1,1.355,Yes,<0.0001,<0.0001
Q91XF4_T288___1,0.0005355,No,>0.9999,0.998
Q91YD3_T420___1,-0.02228,No,0.9929,0.9177
Q91YR1_T349___1,-0.08941,No,0.9558,0.6783
Q91YR7_T275___1,-0.58,No,0.1151,0.0071
Q91YR7_T266___1,-0.4487,No,0.3186,0.0374
Q91YS8_T177___1,-0.4454,No,0.3257,0.0388
Q91YU6_T426___1,-0.1221,No,0.935,0.571
Q91Z67_T1070___1,0.03559,No,0.9855,0.8689
Q920G9_T66___1,-0.002139,No,>0.9999,0.9921
Q922K7_T169___1,-0.2204,No,0.8185,0.3066
Q922P9_T263___1,-0.1257,No,0.9335,0.5599
Q923J1_T1466___1,-0.02703,No,0.991,0.9002
Q924A2_T470___1,-0.2426,No,0.7784,0.2603
Q99J09_T5___1,-0.2791,No,0.7038,0.1954
Q99J45_T431___1,-0.007774,No,>0.9999,0.9712
Q99J45_T433___1,0.3006,No,0.6609,0.1631
Q99JF8_T122___1,-0.01616,No,0.9967,0.9402
Q99JN2_T605___1,0.1876,No,0.8678,0.3842
Q99JP0_T605___1,-0.04339,No,0.9833,0.8405
Q99JT2_T172___1,0.19,No,0.8667,0.3781
Q99K01_T687___1,0.1022,No,0.9448,0.6354
Q99K48_T15___1,0.3379,No,0.5744,0.1169
Q99K48_T452___1,0.2274,No,0.8079,0.2913
Q99KH8_T341___1,-0.2656,No,0.7345,0.2179
Q99KH8_T178___1,-0.1928,No,0.8633,0.371
Q99L48_T470___1,0.03901,No,0.9834,0.8564
Q99LD4_T459___1,-0.0779,No,0.9658,0.7178
Q99MN1_T585___1,0.02939,No,0.9906,0.8916
Q99MS7_T448___1,-0.2498,No,0.7623,0.2464
Q99NB9_T326___1,0.04125,No,0.9833,0.8482
Q99NB9_T328___1,0.01508,No,0.9976,0.9442
Q99NB9_T223___1,0.1307,No,0.9286,0.5442
Q99NB9_T227___1,-0.01153,No,0.9979,0.9573
Q99NB9_T235___1,-0.1152,No,0.9365,0.5929
Q99NB9_T434___1,0.1696,No,0.8971,0.4315
Q99NB9_T296___1,-0.01505,No,0.9976,0.9443
Q99NB9_T207___1,0.1243,No,0.9344,0.5641
Q99NB9_T211___1,0.09766,No,0.9481,0.6505
Q99NB9_T350___1,0.07714,No,0.9669,0.7204
Q99NB9_T426___1,0.03853,No,0.9837,0.8581
Q99P72_T430___1,0.0003959,No,>0.9999,0.9985
Q99PP2_T193___1,-0.2883,No,0.6841,0.181
Q99PW8_T191___1,-0.2025,No,0.8483,0.3476
Q9CPN8_T528___1,-0.2109,No,0.8359,0.3279
Q9CQ22_T28___1,0.2038,No,0.8478,0.3444
Q9CQS4_T45___1,0.1687,No,0.8976,0.4337
Q9CQV4_T440___1,-0.1472,No,0.9132,0.4947
Q9CQV8_T2___1,-0.179,No,0.88,0.4063
Q9CR29_T137___1,0.19,No,0.8667,0.3779
Q9CR89_T9___1,0.02427,No,0.9915,0.9104
Q9CRD0_T146___1,0.6132,No,0.0828,0.0044
Q9CRD2_T121___1,-0.2888,No,0.6835,0.1803
Q9CU62_T581___1,0.2158,No,0.8273,0.3167
Q9CU65_T1375___1,0.2396,No,0.7843,0.2664
Q9D0C4_T487___1,0.07657,No,0.9676,0.7224
Q9D0L8_T34___1,-0.03498,No,0.9855,0.8711
Q9D1F4_T247___1,-0.3623,No,0.5133,0.0928
Q9D219_T315___1,0.1928,No,0.8633,0.371
Q9D554_T475___1,0.2289,No,0.8056,0.2883
Q9D6W8_T201___1,0.2354,No,0.7922,0.2749
Q9D6Z1_T467___1,-0.511,No,0.2087,0.0178
Q9D7A8_T137___1,-0.4589,No,0.2978,0.0332
Q9D823_T83___1,-0.7162,Yes,0.0264,0.0009
Q9D8N0_T46___1,0.03632,No,0.9853,0.8662
Q9D8T4_T199___1,0.1564,No,0.9086,0.4681
Q9D9B4_T152___1,-0.04671,No,0.9832,0.8284
Q9DAS9_T8___1,-0.3602,No,0.5179,0.0947
Q9DBD5_T751___1,0.06407,No,0.9716,0.7663
Q9DBG3_T2___1,-0.04762,No,0.983,0.8252
Q9DBJ3_T276___1,-0.2912,No,0.6784,0.1768
Q9DBR2_T374___1,-0.5896,No,0.1059,0.0062
Q9DBR7_T443___1,0.08311,No,0.9623,0.6998
Q9DBR7_T967___1,0.05921,No,0.9747,0.7836
Q9DBR7_T694___1,-0.6422,No,0.0606,0.0029
Q9DBR7_T596___1,-0.134,No,0.9249,0.5342
Q9EP71_T297___1,-0.1623,No,0.9028,0.4516
Q9EP71_T249___1,0.09364,No,0.9513,0.664
Q9EPC1_T16___1,0.2143,No,0.8291,0.32
Q9EQN3_T223___1,0.07785,No,0.9658,0.718
Q9ERG0_T629___1,-0.1067,No,0.9407,0.6206
Q9ERH7_T358___1,-0.1649,No,0.901,0.4442
Q9ERU9_T2578___1,-0.08013,No,0.9643,0.7101
Q9ERU9_T2342___1,0.2791,No,0.7038,0.1954
Q9ERU9_T799___1,0.1501,No,0.9129,0.4863
Q9ES18_T48___1,-0.2695,No,0.7242,0.2113
Q9ESJ1_T350___1,-0.02012,No,0.9943,0.9256
Q9ESV0_T294___1,0.3395,No,0.5701,0.1153
Q9ESX5_T485___1,-0.5322,No,0.1739,0.0135
Q9ET78_T483___1,0.412,No,0.4007,0.056
Q9JHE7_T124___1,-0.2005,No,0.8503,0.3522
Q9JHS9_T47___1,-0.4357,No,0.3455,0.0433
Q9JHU2_T270___1,0.04257,No,0.9833,0.8434
Q9JHU4_T4367___1,-0.08673,No,0.9586,0.6874
Q9JI10_T336___1,-1.025,Yes,0.0002,<0.0001
Q9JIS8_T983___1,-0.1647,No,0.901,0.4447
Q9JJ66_T70___1,0.5845,No,0.1104,0.0067
Q9JJA4_T221___1,0.4647,No,0.2876,0.0311
Q9JJZ4_T267___1,-0.2593,No,0.7448,0.2289
Q9JKV1_T217___1,0.0237,No,0.9922,0.9124
Q9JLL0_T1036___1,-0.2685,No,0.7262,0.2129
Q9JLV1_T560___1,0.05955,No,0.9747,0.7823
Q9QWF0_T195___1,0.3284,No,0.5963,0.1277
Q9QXK7_T681___1,0.4895,No,0.2439,0.0232
Q9QXZ0_T5286___1,-0.004245,No,>0.9999,0.9843
Q9QYC0_T358___1,0.3965,No,0.4381,0.0659
Q9QYR6_T2182___1,-0.08933,No,0.9558,0.6786
Q9QYR6_T1928___1,-0.259,No,0.7457,0.2295
Q9QYR6_T504___1,0.02523,No,0.9915,0.9068
Q9QYY0_T639___1,-0.2349,No,0.7928,0.2758
Q9QZ05_T666___1,-0.01265,No,0.9979,0.9532
Q9QZI8_T352___1,0.0575,No,0.9761,0.7896
Q9Z0U0_T689___1,0.259,No,0.7457,0.2295
Q9R1E6_T823___1,0.3046,No,0.6521,0.1577
Q9R1Q7_T146___1,-0.1041,No,0.9434,0.629
Q9R1Q7_T149___1,-0.101,No,0.9449,0.6395
Q9R1Z8_T237___1,-0.3391,No,0.5716,0.1156
Q9R1Z8_T648___1,-0.07028,No,0.9704,0.7444
Q9WTK5_T425___1,0.1446,No,0.9166,0.5024
Q9WTQ5_T1040___1,-0.5598,No,0.1371,0.0094
Q9WTQ5_T1191___1,0.3052,No,0.6505,0.1569
Q9WU42_T1350___1,-0.1313,No,0.9286,0.5426
Q9WVE8_T311___1,-0.2414,No,0.781,0.2628
Q9WVL3_T980___1,-0.2628,No,0.7406,0.2229
Q9WVM1_T278___1,0.4547,No,0.3052,0.0349
Q9Z0P4_T141___1,-0.2815,No,0.6992,0.1916
Q9Z0P4_T145___1,-0.01479,No,0.9978,0.9453
Q9Z0P4_T153___1,-0.1598,No,0.9052,0.4584
Q9Z0U1_T915___1,0.1799,No,0.8793,0.404
Q9Z1N5_T172___1,0.2953,No,0.6694,0.1707
Q9Z1S8_T388___1,0.1044,No,0.9434,0.6282
Q9Z1W9_T366___1,-0.09104,No,0.9546,0.6728
Q9Z2F6_T44___1,0.4454,No,0.3257,0.0388
Q9Z2X1_T215___1,-0.403,No,0.4205,0.0615
B2RQE8_Y759___1,0.04647,No,0.9832,0.8293
O08908_Y458___1,0.1339,No,0.9249,0.5344
O08911_Y185___1,-0.4575,No,0.2999,0.0338
O35177_Y344___1,-0.1449,No,0.9165,0.5015
O35177_Y165___1,-0.1016,No,0.9449,0.6375
O54724_Y310___1,-0.2504,No,0.7623,0.2454
O70433_Y158___1,-0.3698,No,0.4958,0.0862
Q04736_Y424___1,-0.846,Yes,0.0048,<0.0001
P07356_Y238___1,0.1924,No,0.8633,0.3721
P0DP28_Y100___1,0.1365,No,0.9234,0.5266
P10126_Y141___1,-0.1879,No,0.8678,0.3833
P11440_Y15___1,0.912,Yes,0.0017,<0.0001
P17182_Y44___1,-0.02069,No,0.9943,0.9235
P20152_Y61___1,0.1309,No,0.9286,0.5437
P20152_Y117___1,0.1143,No,0.938,0.596
P23242_Y313___1,0.3531,No,0.5345,0.1014
P25911_Y397___1,-0.2267,No,0.809,0.2929
P26039_Y70___1,0.09168,No,0.9537,0.6706
P26039_Y436___1,-0.09959,No,0.9459,0.6441
P26039_Y26___1,0.1274,No,0.933,0.5546
P26231_Y619___1,0.378,No,0.4798,0.0795
P26450_Y580___1,-0.1239,No,0.9344,0.5655
P35822_Y928___1,-0.4964,No,0.2309,0.0213
P34152_Y397___1,-0.4837,No,0.2534,0.0248
P34152_Y570___1,0.03052,No,0.99,0.8874
P34152_Y576___1,-0.01288,No,0.9978,0.9523
P35802_Y277___1,-0.03568,No,0.9855,0.8685
P42227_Y705___1,0.1139,No,0.9382,0.5973
P42230_Y694___1,-0.4009,No,0.4264,0.0629
P42232_Y699___1,-0.1519,No,0.9129,0.4811
P47811_Y182___1,0.4656,No,0.2868,0.0308
P54754_Y787___1,-0.1721,No,0.8936,0.4247
P59383_Y713___1,-0.3155,No,0.6274,0.1433
P61622_Y176___1,-0.1234,No,0.9347,0.5671
P63085_Y185___1,-0.2841,No,0.6951,0.1876
P70175_Y705___1,-0.00301,No,>0.9999,0.9889
P70460_Y39___1,0.04816,No,0.983,0.8232
P81122_Y734___1,-0.1032,No,0.9437,0.632
P81122_Y814___1,-0.04032,No,0.9834,0.8516
Q00993_Y696___1,0.09973,No,0.9459,0.6436
Q00993_Y697___1,0.09973,No,0.9459,0.6436
Q03137_Y779___1,0.04102,No,0.9833,0.8491
Q2NL51_Y279___1,0.06709,No,0.9712,0.7556
Q3UTQ8_Y171___1,-0.1856,No,0.8705,0.3891
Q5U4C9_Y380___1,0.1509,No,0.9129,0.4838
Q61136_Y849___1,0.2513,No,0.7611,0.2436
Q61140_Y556___1,-0.2439,No,0.7761,0.2579
Q61214_Y321___1,-0.2352,No,0.7922,0.2751
Q63844_Y205___1,0.01286,No,0.9978,0.9524
Q64010_Y136___1,-0.07917,No,0.9653,0.7134
Q64727_Y692___1,0.01582,No,0.9972,0.9415
Q64727_Y822___1,0.1869,No,0.8695,0.3859
Q69Z38_Y528___1,-0.1885,No,0.8678,0.3819
Q6PD21_Y262___1,0.0009543,No,>0.9999,0.9965
Q6PD21_Y113___1,-0.2257,No,0.8106,0.2951
Q6PD21_Y330___1,0.1227,No,0.9347,0.5691
Q7TPR4_Y193___1,0.05035,No,0.9809,0.8153
Q8BZW8_Y403___1,0.5387,No,0.165,0.0124
Q8C351_Y380___1,-0.4772,No,0.2657,0.0269
Q8R143_Y171___1,-0.2962,No,0.6674,0.1694
Q8VDJ3_Y437___1,-0.02296,No,0.9924,0.9152
Q8VI36_Y118___1,-0.2518,No,0.7593,0.2427
Q921Q7_Y35___1,-0.06869,No,0.9706,0.75
Q9DBJ1_Y92___1,-0.06601,No,0.9712,0.7594
Q9QVP9_Y580___1,-0.1996,No,0.8511,0.3544
Q9QYY0_Y660___1,-0.14,No,0.9206,0.5161
Q9QZ05_Y1351___1,0.04534,No,0.9833,0.8334
A2A432_S196___2,0.1449,No,0.9163,0.5013
A2A432_S110___2,0.9051,Yes,0.0019,<0.0001
A2A5R2_S218___2,0.1217,No,0.9352,0.5722
A2A690_S1534___2,0.2378,No,0.7867,0.27
A2A690_S1538___2,0.2378,No,0.7867,0.27
A2A690_S400___2,0.07593,No,0.9684,0.7247
A2A690_S404___2,0.07593,No,0.9684,0.7247
A2A6A1_S1185___2,0.1772,No,0.8841,0.4109
A2A6A1_S1013___2,-0.07855,No,0.9653,0.7155
A2A6A1_S1037___2,-0.003922,No,>0.9999,0.9855
A2A6A1_S985___2,0.03692,No,0.9853,0.864
A2A884_S1922___2,0.1258,No,0.9335,0.5596
A2A884_S2199___2,0.3787,No,0.4778,0.079
A2A884_S2209___2,0.3787,No,0.4778,0.079
A2A9A2_S204___2,-0.1986,No,0.8538,0.3569
A2A9A2_S214___2,-0.1986,No,0.8538,0.3569
A2A9A2_S233___2,0.3623,No,0.5133,0.0928
A2AEV7_S277___2,-0.08703,No,0.958,0.6864
A2AG58_S80___2,-0.1003,No,0.9455,0.6417
A2AHC3_S550___2,-0.1788,No,0.8804,0.4069
A2AJI0_S544___2,-0.4216,No,0.3767,0.0505
A2AJI0_S548___2,-0.4216,No,0.3767,0.0505
A2AJI0_S127___2,-0.08339,No,0.9621,0.6988
A2ALU4_S1039___2,0.0001397,No,>0.9999,0.9995
A2ALU4_S223___2,0.1077,No,0.9401,0.6172
A2AM29_S413___2,-0.2596,No,0.7448,0.2285
A2AM29_S420___2,-0.2596,No,0.7448,0.2285
A2AR02_S742___2,-0.3714,No,0.4935,0.0849
A2AR02_S411___2,-0.2474,No,0.7669,0.2511
A2AR02_S413___2,-0.2474,No,0.7669,0.2511
A2ARV4_S4464___2,0.07696,No,0.9669,0.7211
A2BH40_S699___2,0.3684,No,0.4979,0.0874
A2BH40_S703___2,0.382,No,0.4712,0.0764
A2BH40_S1756___2,0.1498,No,0.9129,0.487
A2RSY1_S515___2,0.1225,No,0.9348,0.5698
B1AY10_S151___2,-0.1374,No,0.9234,0.5238
B1AY10_S49___2,-0.3172,No,0.6223,0.1412
B1AY10_S51___2,-0.3172,No,0.6223,0.1412
B1AY13_S2074___2,0.08061,No,0.9643,0.7084
B1AY13_S2078___2,0.08061,No,0.9643,0.7084
B1AYB6_S499___2,-0.2008,No,0.8496,0.3515
B1AZA5_S323___2,-0.2762,No,0.7099,0.2001
B2KF05_S17___2,-0.05504,No,0.9776,0.7985
B2KF05_S19___2,-0.05504,No,0.9776,0.7985
B2RQC2_S1227___2,0.1362,No,0.9234,0.5275
B2RR83_S1282___2,0.03847,No,0.9837,0.8583
B2RRE7_S1016___2,0.1769,No,0.8848,0.4119
B2RUJ5_S84___2,0.2937,No,0.6728,0.173
B2RUJ5_S87___2,0.2937,No,0.6728,0.173
B2RUR8_S464___2,0.1023,No,0.9446,0.6351
B2RY04_S1780___2,0.1972,No,0.8576,0.3603
B2RY56_S670___2,0.04595,No,0.9833,0.8312
B2RY56_S678___2,0.05607,No,0.977,0.7948
B9EJ86_S807___2,0.01384,No,0.9978,0.9488
B9EJ86_S808___2,0.01384,No,0.9978,0.9488
C0HKD9_S118___2,0.106,No,0.9407,0.6228
C0HKD9_S132___2,0.123,No,0.9347,0.5683
C0HKD9_S133___2,0.123,No,0.9347,0.5683
D3YVF0_S242___2,0.02496,No,0.9915,0.9078
D3YVF0_S251___2,0.02496,No,0.9915,0.9078
D3YWE6_S932___2,-0.201,No,0.8496,0.3511
D3YWE6_S936___2,-0.201,No,0.8496,0.3511
D3YZP9_S233___2,0.2699,No,0.723,0.2105
D3YZV8_S142___2,-0.07149,No,0.9697,0.7402
D3YZV8_S146___2,-0.07149,No,0.9697,0.7402
E2JF22_S1389___2,0.1045,No,0.9432,0.6277
E2JF22_S1627___2,-0.02408,No,0.9915,0.911
E9PYL2_S1562___2,-0.2858,No,0.6914,0.1849
E9PYL2_S1372___2,-0.3074,No,0.6459,0.1538
E9PYL2_S1373___2,-0.3074,No,0.6459,0.1538
E9Q1P8_S438___2,0.1504,No,0.9129,0.4853
E9Q286_S1582___2,-0.06139,No,0.9747,0.7758
E9Q309_S935___2,-0.6328,No,0.0665,0.0033
E9Q309_S937___2,-0.6328,No,0.0665,0.0033
E9Q3L2_S260___2,-0.2589,No,0.746,0.2297
E9Q4F7_S836___2,-0.1403,No,0.9206,0.5152
E9Q4F7_S838___2,-0.1403,No,0.9206,0.5152
E9Q555_S271___2,0.336,No,0.5779,0.1191
E9Q555_S274___2,0.336,No,0.5779,0.1191
E9Q5C9_S418___2,0.8742,Yes,0.0031,<0.0001
E9Q5C9_S689___2,0.3606,No,0.5165,0.0943
E9Q5C9_S696___2,0.3573,No,0.525,0.0974
E9Q6P5_S629___2,0.3495,No,0.545,0.1049
E9Q784_S324___2,-0.5581,No,0.139,0.0096
E9Q784_S951___2,-0.04657,No,0.9832,0.8289
E9Q784_S209___2,-0.266,No,0.7336,0.2172
E9Q784_S907___2,-0.5737,No,0.1202,0.0078
E9Q784_S913___2,-0.5737,No,0.1202,0.0078
E9Q784_S357___2,-0.06493,No,0.9712,0.7632
E9Q784_S1090___2,-0.06806,No,0.9706,0.7522
E9Q784_S1093___2,-0.06806,No,0.9706,0.7522
E9Q7F2_S309___2,-0.1098,No,0.9401,0.6106
E9Q7F2_S236___2,0.04653,No,0.9832,0.8291
E9Q7G0_S1771___2,0.4157,No,0.3917,0.0538
E9Q7G0_S1782___2,0.4157,No,0.3917,0.0538
E9Q7G0_S1974___2,0.3654,No,0.5056,0.09
E9Q942_S59___2,-0.1146,No,0.9374,0.595
E9Q9R9_S1000___2,-0.1917,No,0.8635,0.3738
F6ZDS4_S2102___2,-0.2147,No,0.8291,0.3192
F8VPU2_S433___2,-0.05709,No,0.9761,0.7911
F8VPU2_S23___2,0.2525,No,0.7576,0.2414
F8VPU2_S376___2,0.1904,No,0.8664,0.3772
F8VPU2_S408___2,0.1425,No,0.9194,0.5085
F8VPU2_S881___2,-0.1036,No,0.9437,0.6309
F8VPU2_S899___2,0.1492,No,0.9129,0.4888
G3UYX5_S273___2,0.2823,No,0.6987,0.1903
G3UYX5_S275___2,0.2823,No,0.6987,0.1903
G3X9J0_S1541___2,-0.4795,No,0.261,0.0261
G5E829_S1182___2,-0.08603,No,0.9597,0.6898
G5E870_S1460___2,-1.188,Yes,<0.0001,<0.0001
O08550_S1101___2,0.04086,No,0.9833,0.8496
O08550_S1037___2,-0.3449,No,0.5583,0.1096
O08550_S1040___2,-0.3449,No,0.5583,0.1096
O08553_S518___2,0.1511,No,0.9129,0.4832
O08582_S44___2,-0.4252,No,0.37,0.0486
O08582_S47___2,-0.4252,No,0.37,0.0486
O08582_S8___2,-0.1058,No,0.941,0.6237
O08582_S12___2,-0.01731,No,0.9958,0.936
O08664_S97___2,0.2803,No,0.7008,0.1935
O08664_S100___2,0.2803,No,0.7008,0.1935
O08784_S590___2,0.3548,No,0.5302,0.0998
O08919_S224___2,-0.3511,No,0.5409,0.1033
O35071_S676___2,-0.2863,No,0.6897,0.1842
O35126_S107___2,0.1621,No,0.9032,0.4522
O35231_S815___2,-0.2973,No,0.6644,0.1679
O35379_S878___2,0.1209,No,0.9353,0.5747
O35492_S224___2,0.2219,No,0.8161,0.3032
O35492_S226___2,0.2219,No,0.8161,0.3032
O35493_S136___2,-0.07685,No,0.9669,0.7214
O35516_S2071___2,0.1019,No,0.9449,0.6364
O35516_S2082___2,0.1019,No,0.9449,0.6364
O35638_S1064___2,-0.006979,No,>0.9999,0.9742
O35664_S444___2,0.2851,No,0.6926,0.1859
O54724_S38___2,-0.4708,No,0.2759,0.0289
O54724_S48___2,-0.5624,No,0.1342,0.0091
O54724_S204___2,0.06501,No,0.9712,0.763
O54724_S205___2,0.06501,No,0.9712,0.763
O54724_S391___2,-0.3398,No,0.57,0.115
O54774_S755___2,0.1097,No,0.9401,0.6108
O54774_S686___2,0.009981,No,0.9992,0.9631
O54774_S688___2,0.009981,No,0.9992,0.9631
O54781_S487___2,-0.06471,No,0.9712,0.764
O54824_S686___2,0.2483,No,0.7667,0.2493
O54825_S166___2,-0.2832,No,0.6975,0.1889
O54825_S169___2,-0.2832,No,0.6975,0.1889
O54826_S688___2,0.07009,No,0.9705,0.745
O54826_S691___2,0.07009,No,0.9705,0.745
O54826_S532___2,-0.02867,No,0.9906,0.8942
O54826_S536___2,-0.02867,No,0.9906,0.8942
O54916_S534___2,0.1935,No,0.8621,0.3694
O54916_S539___2,-0.1614,No,0.9036,0.4539
O55003_S79___2,0.4142,No,0.3955,0.0547
O55003_S85___2,0.2069,No,0.8433,0.337
O70146_S439___2,0.1722,No,0.8936,0.4244
O70146_S443___2,0.1722,No,0.8936,0.4244
O70194_S528___2,-0.04034,No,0.9834,0.8515
O70194_S529___2,-0.04034,No,0.9834,0.8515
O70279_S424___2,-0.2298,No,0.8048,0.2864
O70279_S394___2,-0.1827,No,0.8765,0.3968
O70279_S398___2,-0.1827,No,0.8765,0.3968
O70279_S449___2,0.1992,No,0.8511,0.3554
O70305_S731___2,0.7521,Yes,0.017,0.0005
O70305_S832___2,0.08404,No,0.9612,0.6966
O70305_S836___2,0.08404,No,0.9612,0.6966
O70305_S636___2,-0.1862,No,0.8701,0.3878
O70306_S252___2,-0.1609,No,0.9036,0.4553
O70306_S253___2,-0.1609,No,0.9036,0.4553
O70361_S714___2,-1.334,Yes,<0.0001,<0.0001
O70494_S568___2,-0.09513,No,0.9503,0.659
O70551_S39___2,0.2764,No,0.7095,0.1998
O88286_S1184___2,-0.169,No,0.8975,0.433
O88286_S1045___2,-0.2013,No,0.849,0.3504
O88379_S1412___2,-0.4492,No,0.3178,0.0372
O88379_S1416___2,-0.4492,No,0.3178,0.0372
O88447_S523___2,0.269,No,0.7255,0.212
O88466_S1040___2,0.3487,No,0.547,0.1057
O88466_S1291___2,0.3265,No,0.6007,0.1298
O88466_S1296___2,0.3265,No,0.6007,0.1298
O88573_S183___2,-0.3488,No,0.547,0.1057
O88573_S191___2,-0.6383,No,0.0629,0.0031
O88573_S197___2,-0.3968,No,0.4371,0.0657
O88573_S755___2,-0.1463,No,0.9138,0.4972
O88573_S760___2,-0.1463,No,0.9138,0.4972
O88574_S131___2,0.04195,No,0.9833,0.8457
O88574_S138___2,0.04195,No,0.9833,0.8457
O88643_S220___2,0.5969,No,0.0987,0.0056
O88746_S462___2,0.511,No,0.2087,0.0178
O88907_S483___2,0.1063,No,0.9407,0.622
O88939_S335___2,0.244,No,0.7761,0.2577
P01108_S62___2,-0.1553,No,0.9088,0.4713
P06795_S665___2,-0.6525,No,0.0544,0.0025
P08775_S1864___2,0.1064,No,0.9407,0.6215
P08775_S1871___2,0.156,No,0.9086,0.4693
P08775_S1878___2,0.09775,No,0.9481,0.6502
P08775_S1882___2,0.1018,No,0.9449,0.6368
P08775_S1899___2,0.2491,No,0.7638,0.2478
P08775_S1850___2,0.2235,No,0.8127,0.2997
P08775_S1857___2,0.2566,No,0.7504,0.2338
P09450_S256___2,-0.1157,No,0.9361,0.5914
P09450_S248___2,-0.06592,No,0.9712,0.7597
P0C090_S801___2,0.447,No,0.3227,0.0381
P0C090_S806___2,0.447,No,0.3227,0.0381
P10923_S283___2,-0.1802,No,0.8783,0.403
P10923_S231___2,-0.1176,No,0.9359,0.5853
P10923_S234___2,-0.1176,No,0.9359,0.5853
P14873_S1373___2,0.02916,No,0.9906,0.8924
P14873_S1251___2,-0.05082,No,0.9806,0.8136
P14873_S1255___2,-0.1136,No,0.9385,0.5983
P14873_S828___2,-0.006814,No,>0.9999,0.9748
P14873_S829___2,-0.006814,No,>0.9999,0.9748
P14873_S1391___2,0.1942,No,0.8616,0.3675
P14873_S1403___2,-0.5695,No,0.1251,0.0082
P15066_S253___2,0.0415,No,0.9833,0.8473
P15261_S370___2,0.005837,No,>0.9999,0.9784
P15920_S700___2,-0.22,No,0.819,0.3074
P16056_S995___2,0.2329,No,0.7971,0.28
P16056_S998___2,-0.1785,No,0.8809,0.4076
P17141_S586___2,-0.669,Yes,0.0455,0.0019
P18608_S87___2,-0.3341,No,0.5825,0.1211
P18654_S375___2,-0.4398,No,0.339,0.0413
P20152_S420___2,-0.0008071,No,>0.9999,0.997
P20152_S51___2,-0.07135,No,0.9699,0.7406
P20152_S54___2,-0.1667,No,0.8979,0.4392
P20357_S1791___2,0.08593,No,0.9599,0.6902
P23198_S97___2,-0.1527,No,0.9126,0.4787
P23198_S99___2,-0.1585,No,0.9073,0.4621
P23242_S325___2,0.1535,No,0.9111,0.4765
P23242_S368___2,0.2119,No,0.8344,0.3255
P23881_S60___2,-0.4709,No,0.2759,0.0289
P23881_S66___2,-0.4709,No,0.2759,0.0289
P25206_S668___2,0.8233,Yes,0.0067,0.0001
P25446_S217___2,0.1641,No,0.9022,0.4465
P25446_S207___2,0.002853,No,>0.9999,0.9894
P28667_S116___2,0.09097,No,0.9546,0.673
P28867_S504___2,-0.3689,No,0.4973,0.087
P30415_S244___2,-0.4018,No,0.4239,0.0623
P30415_S260___2,0.08803,No,0.9571,0.683
P30415_S263___2,-0.2212,No,0.8179,0.3047
P31750_S129___2,-0.09481,No,0.9504,0.66
P31750_S473___2,0.1865,No,0.8697,0.3869
P31750_S477___2,0.1865,No,0.8697,0.3869
P33611_S150___2,-0.1243,No,0.9344,0.5642
P35564_S553___2,0.3314,No,0.5903,0.1242
P35689_S571___2,0.2248,No,0.8106,0.2971
P35831_S670___2,0.05203,No,0.9786,0.8093
P35831_S628___2,0.4559,No,0.3035,0.0344
P35831_S632___2,0.4559,No,0.3035,0.0344
P35980_S161___2,-0.1123,No,0.9395,0.6025
P37913_S907___2,0.4556,No,0.3037,0.0346
P39447_S175___2,-0.249,No,0.7641,0.2481
P39447_S179___2,-0.3007,No,0.6609,0.1629
P40694_S796___2,-1.115,Yes,<0.0001,<0.0001
P41234_S1327___2,-0.09417,No,0.9508,0.6622
P41234_S1331___2,-0.09417,No,0.9508,0.6622
P42128_S402___2,0.04181,No,0.9833,0.8462
P42128_S414___2,0.3495,No,0.545,0.105
P42128_S225___2,0.2272,No,0.8083,0.2918
P42128_S229___2,0.2272,No,0.8083,0.2918
P42128_S427___2,0.355,No,0.5302,0.0996
P42859_S398___2,0.05613,No,0.977,0.7946
P43136_S35___2,0.7328,Yes,0.0214,0.0007
P45481_S1073___2,-0.1686,No,0.8976,0.434
P46061_S444___2,0.6886,Yes,0.0362,0.0014
P46414_S175___2,-0.03545,No,0.9855,0.8694
P46938_S90___2,0.1066,No,0.9407,0.6209
P48678_S620___2,-0.1176,No,0.9359,0.5852
P48755_S267___2,0.434,No,0.3498,0.0441
P49282_S564___2,0.0436,No,0.9833,0.8397
P49312_S309___2,-0.3681,No,0.4991,0.0877
P49586_S346___2,0.2275,No,0.8078,0.2912
P49769_S327___2,0.09311,No,0.9519,0.6658
P50636_S631___2,0.2379,No,0.7867,0.2698
P50636_S634___2,0.2379,No,0.7867,0.2698
P51141_S676___2,-0.1861,No,0.8701,0.3879
P51141_S115___2,-0.2694,No,0.7242,0.2114
P51141_S89___2,-0.1171,No,0.9359,0.5869
P51612_S875___2,-0.6857,Yes,0.0371,0.0015
P51612_S876___2,-0.6857,Yes,0.0371,0.0015
P51612_S101___2,-0.6682,Yes,0.0458,0.0019
P52479_S223___2,0.3354,No,0.5786,0.1197
P52592_S329___2,0.04494,No,0.9833,0.8349
P52592_S331___2,0.0102,No,0.9987,0.9623
P52592_S332___2,-0.02752,No,0.9909,0.8984
P52734_S714___2,0.4659,No,0.2868,0.0307
P52963_S445___2,-0.121,No,0.9353,0.5744
P52963_S649___2,-0.7013,Yes,0.0312,0.0011
P52963_S652___2,-0.7013,Yes,0.0312,0.0011
P53668_S310___2,-0.4417,No,0.3346,0.0404
P53995_S680___2,0.2662,No,0.7332,0.2168
P55258_S181___2,-0.2927,No,0.6759,0.1746
P56203_S312___2,-0.1095,No,0.9401,0.6113
P56485_S347___2,0.1174,No,0.9359,0.5859
P56485_S355___2,-0.05456,No,0.9779,0.8002
P56726_S777___2,0.01962,No,0.9948,0.9275
P58058_S50___2,-0.09338,No,0.9513,0.6649
P58334_S103___2,0.142,No,0.9194,0.5099
P58334_S113___2,0.142,No,0.9194,0.5099
P58501_S559___2,0.1047,No,0.9427,0.6271
P58501_S560___2,0.1047,No,0.9427,0.6271
P58660_S18___2,-0.1496,No,0.9129,0.4877
P58660_S20___2,-0.1496,No,0.9129,0.4877
P58801_S412___2,0.09503,No,0.9504,0.6593
P58871_S418___2,-0.2892,No,0.6835,0.1797
P58871_S500___2,0.1721,No,0.8936,0.4246
P58871_S1371___2,0.2632,No,0.7399,0.2221
P58871_S1373___2,0.3154,No,0.6279,0.1434
P59114_S140___2,-0.1307,No,0.9286,0.5444
P59114_S143___2,-0.1307,No,0.9286,0.5444
P59222_S694___2,-0.3806,No,0.4741,0.0774
P59222_S695___2,-0.0529,No,0.9785,0.8061
P59222_S636___2,-0.09978,No,0.9459,0.6434
P59242_S84___2,-0.2403,No,0.783,0.2649
P59242_S89___2,-0.3297,No,0.5944,0.1261
P59242_S90___2,-0.2317,No,0.8014,0.2824
P59242_S326___2,-0.111,No,0.9398,0.6066
P59242_S339___2,-0.111,No,0.9398,0.6066
P59242_S134___2,0.01354,No,0.9978,0.9499
P59325_S387___2,-0.1672,No,0.8976,0.438
P59672_S668___2,0.06141,No,0.9747,0.7757
P59808_S94___2,0.1593,No,0.9058,0.4598
P61028_S180___2,-0.824,Yes,0.0067,0.0001
P61406_S1190___2,-0.2015,No,0.8489,0.3498
P61406_S1195___2,-0.2015,No,0.8489,0.3498
P62484_S227___2,-0.2024,No,0.8483,0.3477
P62754_S240___2,-0.4892,No,0.2445,0.0233
P62996_S270___2,-0.0391,No,0.9834,0.856
P70174_S381___2,-0.2921,No,0.677,0.1754
P70265_S496___2,0.8163,Yes,0.0073,0.0002
P70268_S536___2,-0.09002,No,0.9556,0.6762
P70271_S107___2,0.1839,No,0.8739,0.3935
P70335_S1108___2,0.1663,No,0.8982,0.4405
P70336_S1134___2,0.2211,No,0.8179,0.305
P70336_S1137___2,0.2211,No,0.8179,0.305
P70336_S1366___2,-0.3984,No,0.4323,0.0646
P70399_S1755___2,0.07691,No,0.9669,0.7212
P70399_S1756___2,0.07691,No,0.9669,0.7212
P70399_S272___2,-0.6689,Yes,0.0455,0.0019
P70429_S347___2,-0.2171,No,0.8245,0.3138
P70441_S264___2,0.2392,No,0.7843,0.267
P70698_S574___2,0.1804,No,0.8782,0.4027
P70698_S575___2,0.2779,No,0.7072,0.1972
P81068_S447___2,-0.06761,No,0.9706,0.7538
P81122_S762___2,-0.08761,No,0.9574,0.6844
P83093_S518___2,-0.05544,No,0.9775,0.797
P84104_S138___2,-0.2021,No,0.8483,0.3483
P84104_S140___2,-0.2021,No,0.8483,0.3483
P97310_S26___2,0.2395,No,0.7843,0.2665
P97329_S7___2,1.136,Yes,<0.0001,<0.0001
P97329_S14___2,0.6988,Yes,0.0321,0.0012
P97434_S289___2,0.2546,No,0.754,0.2376
P97434_S294___2,0.1034,No,0.9437,0.6316
P97445_S2318___2,0.05034,No,0.9809,0.8153
P97445_S2216___2,-0.0737,No,0.9691,0.7324
P97468_S347___2,-0.1335,No,0.9249,0.5357
P97468_S350___2,-0.1335,No,0.9249,0.5357
P97801_S28___2,0.1462,No,0.9138,0.4975
P97814_S312___2,-0.2035,No,0.848,0.3451
P97820_S649___2,-0.2469,No,0.7677,0.252
P97820_S706___2,-0.2628,No,0.7406,0.2228
P97820_S619___2,0.02532,No,0.9915,0.9065
P97863_S264___2,-0.05663,No,0.9767,0.7928
P97863_S268___2,0.05183,No,0.9786,0.81
P97863_S276___2,0.2141,No,0.8291,0.3205
P97863_S284___2,0.05304,No,0.9785,0.8056
P97863_S292___2,-0.01683,No,0.9959,0.9378
P98078_S731___2,-0.1773,No,0.884,0.4108
P99027_S102___2,0.01457,No,0.9978,0.9461
Q00PI9_S166___2,0.29,No,0.682,0.1785
Q01279_S1041___2,0.07554,No,0.969,0.726
Q02248_S681___2,-0.1339,No,0.9249,0.5345
Q03145_S898___2,0.2892,No,0.6835,0.1797
Q03147_S161___2,-0.2404,No,0.783,0.2648
Q03172_S1735___2,-0.153,No,0.912,0.4779
Q03172_S1739___2,-0.153,No,0.912,0.4779
Q04692_S238___2,-0.01292,No,0.9978,0.9522
Q05512_S40___2,-0.266,No,0.7336,0.2172
Q05AH6_S249___2,0.1855,No,0.8705,0.3894
Q05AH6_S252___2,0.1855,No,0.8705,0.3894
Q05D44_S139___2,-0.1694,No,0.8972,0.4319
Q05D44_S209___2,0.03674,No,0.9853,0.8647
Q06831_S312___2,-0.07856,No,0.9653,0.7155
Q07113_S2471___2,-0.1616,No,0.9036,0.4535
Q07139_S842___2,0.5258,No,0.1842,0.0147
Q08509_S666___2,-0.5888,No,0.1064,0.0063
Q09XV5_S1422___2,-0.3291,No,0.5956,0.1269
Q09XV5_S1426___2,-0.3291,No,0.5956,0.1269
Q09XV5_S555___2,-0.3586,No,0.5218,0.0962
Q09XV5_S564___2,-0.3586,No,0.5218,0.0962
Q09XV5_S2213___2,-0.1553,No,0.9088,0.4714
Q09XV5_S1999___2,-0.3222,No,0.6122,0.135
Q0KL02_S2458___2,0.213,No,0.8319,0.3231
Q0KL02_S2462___2,0.213,No,0.8319,0.3231
Q0P678_S92___2,0.05923,No,0.9747,0.7835
Q0PHV7_S327___2,-0.2181,No,0.8224,0.3116
Q0VEE6_S455___2,-0.318,No,0.6206,0.1402
Q0VEE6_S460___2,-0.318,No,0.6206,0.1402
Q0VEJ0_S75___2,0.2073,No,0.8427,0.3361
Q0VEJ0_S83___2,0.2073,No,0.8427,0.3361
Q0VGY8_S310___2,0.05983,No,0.9747,0.7814
Q0VGY8_S204___2,0.1638,No,0.9028,0.4473
Q0VGY8_S210___2,0.1638,No,0.9028,0.4473
Q148V7_S186___2,-0.6702,Yes,0.0449,0.0019
Q148V7_S193___2,-0.6702,Yes,0.0449,0.0019
Q148V8_S639___2,0.3544,No,0.5313,0.1002
Q148V8_S835___2,0.1192,No,0.9358,0.5802
Q148V8_S841___2,0.1192,No,0.9358,0.5802
Q2KN98_S386___2,0.2339,No,0.7938,0.2778
Q2KN98_S390___2,0.7248,Yes,0.0238,0.0008
Q2KN98_S836___2,-0.02329,No,0.9922,0.914
Q91VK1_S414___2,0.01389,No,0.9978,0.9486
Q2NL51_S282___2,-0.3094,No,0.6414,0.1511
Q32NY4_S700___2,0.3093,No,0.6414,0.1513
Q3B7Z2_S188___2,0.02565,No,0.9915,0.9053
Q3B7Z2_S377___2,0.06893,No,0.9706,0.7491
Q3B7Z2_S380___2,0.02796,No,0.9906,0.8968
Q3B7Z2_S383___2,-0.05338,No,0.9779,0.8044
Q3B7Z2_S384___2,-0.05338,No,0.9779,0.8044
Q3TAA7_S393___2,0.444,No,0.3293,0.0394
Q3TC46_S184___2,-0.2282,No,0.807,0.2897
Q3TC93_S72___2,-0.3757,No,0.485,0.0813
Q3THJ3_S155___2,0.2048,No,0.8462,0.342
Q3THJ3_S159___2,0.2048,No,0.8462,0.342
Q3TKT4_S613___2,-0.0003451,No,>0.9999,0.9987
Q3TLH4_S2638___2,-0.3093,No,0.6414,0.1513
Q3TLH4_S2646___2,-0.3093,No,0.6414,0.1513
Q3TSG4_S372___2,-0.2209,No,0.8179,0.3054
Q3TSG4_S376___2,0.3509,No,0.5415,0.1035
Q3TUF7_S124___2,0.2118,No,0.8344,0.3259
Q3TUF7_S472___2,0.113,No,0.9385,0.6001
Q3TWW8_S299___2,0.1304,No,0.9286,0.5451
Q3TXS7_S315___2,-0.009948,No,0.9992,0.9632
Q3TY60_S114___2,0.2869,No,0.6882,0.1833
Q3TYS2_S176___2,0.0569,No,0.9763,0.7918
Q3TYS2_S178___2,-0.0522,No,0.9785,0.8087
Q3U1Z5_S34___2,0.1671,No,0.8976,0.4383
Q3U1Z5_S38___2,0.1671,No,0.8976,0.4383
Q3U5C7_S315___2,-0.005421,No,>0.9999,0.9799
Q3UE31_S268___2,0.5867,No,0.1085,0.0065
Q3UE31_S279___2,0.5867,No,0.1085,0.0065
Q3UHF7_S943___2,-0.3139,No,0.631,0.1453
Q3UHF7_S947___2,-0.3139,No,0.631,0.1453
Q3UHF7_S1431___2,-0.3276,No,0.5974,0.1285
Q3UHJ0_S622___2,-0.05458,No,0.9779,0.8001
Q3UHK8_S1876___2,-0.08772,No,0.9574,0.6841
Q3UHK8_S1878___2,-0.08772,No,0.9574,0.6841
Q3UHX0_S306___2,0.1133,No,0.9385,0.5993
Q3UJB9_S880___2,-0.09459,No,0.9504,0.6608
Q3UJU9_S50___2,-0.2238,No,0.8118,0.2991
Q3UJV1_S332___2,0.2134,No,0.8314,0.3223
Q3UJV1_S371___2,-0.4276,No,0.3647,0.0473
Q3UJV1_S374___2,-0.4276,No,0.3647,0.0473
Q3UM45_S24___2,-0.05538,No,0.9775,0.7972
Q3UMB5_S486___2,0.1148,No,0.9371,0.5943
Q3UPF5_S344___2,0.1188,No,0.9359,0.5815
Q3UPL0_S526___2,0.05667,No,0.9767,0.7926
Q3UQN2_S402___2,0.07605,No,0.9681,0.7242
Q3UQN2_S403___2,0.07605,No,0.9681,0.7242
Q3UQN2_S477___2,-0.311,No,0.6369,0.149
Q3USB7_S98___2,0.1861,No,0.8701,0.3881
Q3USH5_S829___2,-0.09249,No,0.9527,0.6679
Q3UU96_S1711___2,0.07455,No,0.9691,0.7295
Q3UU96_S1619___2,0.05337,No,0.9779,0.8044
Q3UW53_S578___2,0.4312,No,0.3575,0.0455
Q3UW53_S614___2,0.1812,No,0.8777,0.4005
Q3UYI5_S572___2,0.02233,No,0.9929,0.9175
Q3UYI5_S577___2,0.3231,No,0.6091,0.1339
Q3UYI5_S506___2,-0.1419,No,0.9194,0.5104
Q3UYI5_S509___2,-0.0631,No,0.973,0.7697
Q3V1V3_S651___2,0.1033,No,0.9437,0.6319
Q3V1V3_S657___2,0.1033,No,0.9437,0.6319
Q4FK66_S193___2,0.1297,No,0.9293,0.5472
Q4FK66_S194___2,0.1297,No,0.9293,0.5472
Q4V9W2_S94___2,-0.02632,No,0.9915,0.9028
Q4V9W2_S96___2,0.03942,No,0.9834,0.8549
Q4VGL6_S1110___2,0.3043,No,0.6535,0.1581
Q501J7_S145___2,-0.1171,No,0.9359,0.5869
Q501J7_S264___2,-0.05073,No,0.9806,0.8139
Q501J7_S285___2,-0.05073,No,0.9806,0.8139
Q52KE7_S341___2,0.1058,No,0.941,0.6235
Q52KE7_S344___2,0.1068,No,0.9407,0.6201
Q52KE7_S347___2,0.1079,No,0.9401,0.6166
Q52KE7_S348___2,0.08021,No,0.9643,0.7098
Q52KE7_S378___2,0.02934,No,0.9906,0.8917
Q52KI8_S645___2,-0.5003,No,0.2253,0.0203
Q52KI8_S647___2,-0.5003,No,0.2253,0.0203
Q52KI8_S723___2,-0.2248,No,0.8106,0.2969
Q52KI8_S816___2,0.1438,No,0.9168,0.5048
Q52KI8_S822___2,0.009515,No,0.9993,0.9648
Q52KI8_S389___2,-0.05256,No,0.9785,0.8074
Q52KI8_S572___2,0.1807,No,0.8782,0.4018
Q52KI8_S574___2,0.1807,No,0.8782,0.4018
Q52KI8_S655___2,-0.3645,No,0.5085,0.0909
Q52KI8_S657___2,-0.3645,No,0.5085,0.0909
Q52KI8_S789___2,-0.2704,No,0.7218,0.2097
Q52KI8_S793___2,-0.06738,No,0.9707,0.7546
Q52KI8_S795___2,0.07107,No,0.9701,0.7416
Q52KI8_S626___2,0.1054,No,0.9419,0.6247
Q569Z6_S403___2,0.004035,No,>0.9999,0.9851
Q571G4_S310___2,0.06009,No,0.9747,0.7804
Q571G4_S314___2,0.06009,No,0.9747,0.7804
Q571I4_S802___2,-0.1364,No,0.9234,0.527
Q571I4_S216___2,-0.6382,No,0.063,0.0031
Q571K4_S387___2,0.1885,No,0.8678,0.3819
Q571K4_S389___2,0.1885,No,0.8678,0.3819
Q5DTT3_S2015___2,0.007955,No,>0.9999,0.9706
Q5F293_S963___2,-0.3914,No,0.4492,0.0694
Q5H8C4_S835___2,0.03613,No,0.9853,0.8669
Q5HZG4_S291___2,0.4396,No,0.339,0.0414
Q5HZH2_S21___2,-0.1984,No,0.8541,0.3574
Q5HZH2_S24___2,-0.1984,No,0.8541,0.3574
Q5HZI1_S1204___2,0.1635,No,0.9028,0.448
Q5HZI1_S375___2,-0.1866,No,0.8697,0.3867
Q5I1X5_S183___2,-0.1795,No,0.8795,0.4049
Q5I1X5_S187___2,-0.1795,No,0.8795,0.4049
Q5PSV9_S442___2,-0.07176,No,0.9697,0.7392
Q5PSV9_S939___2,-0.1658,No,0.8992,0.4418
Q5PSV9_S591___2,-0.1892,No,0.8667,0.38
Q5PSV9_S593___2,-0.09024,No,0.9556,0.6755
Q5RJI5_S587___2,-0.2059,No,0.8443,0.3394
Q5SPL2_S134___2,0.04091,No,0.9833,0.8495
Q5SSI6_S114___2,-0.3784,No,0.4782,0.0792
Q5SSI6_S115___2,-0.3784,No,0.4782,0.0792
Q5SSI6_S206___2,-0.2278,No,0.8074,0.2906
Q5SSZ5_S686___2,0.1011,No,0.9449,0.6391
Q5SU73_S139___2,-0.1028,No,0.9441,0.6333
Q5SWU9_S25___2,0.2183,No,0.8224,0.3112
Q5SXY1_S355___2,0.08929,No,0.9558,0.6787
Q5SXY1_S360___2,0.3502,No,0.5435,0.1043
Q5SXY1_S365___2,-0.2644,No,0.7372,0.22
Q5SXY1_S368___2,-0.2644,No,0.7372,0.22
Q5SXY1_S313___2,0.1153,No,0.9365,0.5926
Q5U3K5_S594___2,0.06894,No,0.9706,0.7491
Q5U3K5_S436___2,0.0519,No,0.9786,0.8097
Q5U3K5_S438___2,0.0519,No,0.9786,0.8097
Q5U3K5_S482___2,-0.007808,No,>0.9999,0.9711
Q5U4C3_S910___2,-0.2005,No,0.8503,0.3522
Q5U4C3_S676___2,-0.05225,No,0.9785,0.8085
Q5U4C3_S682___2,-0.05225,No,0.9785,0.8085
Q5U4C3_S491___2,-0.6035,No,0.0922,0.0051
Q5U4C3_S577___2,-0.3405,No,0.5685,0.1142
Q5U4C3_S579___2,-0.3405,No,0.5685,0.1142
Q5U5Q9_S44___2,-0.3249,No,0.6058,0.1318
Q5U5Q9_S46___2,-0.3249,No,0.6058,0.1318
Q5Y5T5_S624___2,0.09509,No,0.9503,0.6591
Q5Y5T5_S627___2,0.09509,No,0.9503,0.6591
Q5Y5T5_S679___2,0.5919,No,0.1041,0.006
Q60598_S405___2,0.5124,No,0.2061,0.0175
Q60598_S417___2,0.01108,No,0.9985,0.959
Q60695_S629___2,-0.2018,No,0.8487,0.3491
Q60707_S704___2,-0.08108,No,0.9643,0.7068
Q60707_S709___2,-0.08108,No,0.9643,0.7068
Q60710_S49___2,0.07815,No,0.9656,0.7169
Q60710_S55___2,0.06846,No,0.9706,0.7508
Q60793_S324___2,0.3061,No,0.6487,0.1556
Q60823_S478___2,0.1356,No,0.9234,0.5293
Q60838_S616___2,0.1669,No,0.8976,0.4388
Q60953_S536___2,0.05238,No,0.9785,0.808
Q60953_S514___2,0.2881,No,0.6845,0.1813
Q60980_S78___2,-0.04897,No,0.9828,0.8203
Q60980_S100___2,-0.1724,No,0.8936,0.4239
Q61026_S469___2,0.1145,No,0.9378,0.5953
Q61029_S361___2,0.5385,No,0.165,0.0125
Q61033_S167___2,0.3383,No,0.5735,0.1165
Q61029_S179___2,-0.1944,No,0.8616,0.367
Q61062_S697___2,-0.242,No,0.7807,0.2616
Q61069_S189___2,-0.6321,No,0.0669,0.0034
Q61070_S326___2,0.5097,No,0.2104,0.0181
Q61070_S330___2,0.5097,No,0.2104,0.0181
Q61083_S344___2,0.3129,No,0.6335,0.1466
Q61083_S349___2,0.2606,No,0.7437,0.2266
Q61089_S646___2,-0.2467,No,0.7682,0.2524
Q61089_S651___2,0.01241,No,0.9979,0.9541
Q61103_S244___2,0.7983,Yes,0.0091,0.0002
Q61122_S401___2,-0.2697,No,0.7238,0.2109
Q61136_S431___2,0.1815,No,0.8771,0.3998
Q61136_S292___2,-0.2474,No,0.7669,0.2511
Q61136_S294___2,-0.2474,No,0.7669,0.2511
Q61136_S368___2,0.04714,No,0.9832,0.8269
Q61136_S143___2,0.1369,No,0.9234,0.5253
Q61136_S145___2,0.1369,No,0.9234,0.5253
Q61165_S606___2,-0.1976,No,0.8567,0.3594
Q61165_S792___2,-0.05023,No,0.981,0.8157
Q61165_S793___2,-0.1685,No,0.8976,0.4343
Q61169_S264___2,0.01792,No,0.9955,0.9337
Q61234_S187___2,0.1411,No,0.9206,0.5127
Q61335_S142___2,-0.21,No,0.8369,0.3299
Q61335_S144___2,-0.21,No,0.8369,0.3299
Q61409_S273___2,-0.02811,No,0.9906,0.8963
Q61409_S274___2,-0.02811,No,0.9906,0.8963
Q61572_S237___2,-0.0837,No,0.9616,0.6978
Q61572_S243___2,-0.0837,No,0.9616,0.6978
Q61609_S269___2,0.1693,No,0.8972,0.4323
Q61609_S273___2,0.1693,No,0.8972,0.4323
Q61687_S991___2,-0.2913,No,0.6784,0.1766
Q61687_S1223___2,0.2615,No,0.7432,0.225
Q61687_S770___2,-0.4853,No,0.2521,0.0244
Q61687_S1335___2,0.2089,No,0.8396,0.3324
Q61687_S1339___2,0.2089,No,0.8396,0.3324
Q61687_S586___2,0.3575,No,0.5246,0.0972
Q61687_S663___2,0.1202,No,0.9353,0.5771
Q61687_S1975___2,0.5268,No,0.1827,0.0145
Q61687_S1979___2,0.5268,No,0.1827,0.0145
Q61712_S478___2,0.1077,No,0.9401,0.6173
Q61810_S1163___2,0.0284,No,0.9906,0.8952
Q61850_S214___2,0.02839,No,0.9906,0.8952
Q61850_S231___2,0.2282,No,0.807,0.2897
Q61850_S239___2,-0.01185,No,0.9979,0.9562
Q61879_S1952___2,-0.2568,No,0.7503,0.2335
Q62018_S943___2,-0.02092,No,0.9943,0.9227
Q62018_S1079___2,-0.2234,No,0.8127,0.2999
Q62018_S1083___2,-0.2234,No,0.8127,0.2999
Q62036_S481___2,-0.7425,Yes,0.019,0.0006
Q62036_S1056___2,-0.1483,No,0.9129,0.4916
Q62036_S1058___2,-0.1483,No,0.9129,0.4916
Q62059_S2585___2,0.1255,No,0.9335,0.5603
Q62059_S2586___2,0.1255,No,0.9335,0.5603
Q62074_S8___2,-0.4363,No,0.3448,0.0429
Q62074_S11___2,-0.5675,No,0.1281,0.0085
Q62074_S410___2,-0.1573,No,0.9081,0.4654
Q62101_S206___2,-0.05332,No,0.978,0.8046
Q8K1Y2_S391___2,0.03262,No,0.988,0.8797
Q62136_S374___2,0.1841,No,0.8736,0.393
Q62172_S92___2,0.05624,No,0.977,0.7942
Q62172_S93___2,0.05624,No,0.977,0.7942
Q62187_S439___2,0.484,No,0.2534,0.0248
Q62188_S518___2,0.1575,No,0.9081,0.4648
Q62245_S1078___2,-0.05732,No,0.9761,0.7903
Q62245_S1123___2,-0.3582,No,0.5232,0.0965
Q62261_S2163___2,0.4087,No,0.4073,0.0579
Q62261_S2168___2,0.2689,No,0.726,0.2123
Q62261_S2160___2,-0.1939,No,0.8616,0.3683
Q62377_S387___2,0.0312,No,0.9889,0.8849
Q62377_S389___2,0.0312,No,0.9889,0.8849
Q62383_S1535___2,0.2671,No,0.7303,0.2152
Q62394_S20___2,-0.1284,No,0.9306,0.5514
Q62407_S2447___2,-0.1338,No,0.9249,0.5347
Q62407_S375___2,-0.5892,No,0.106,0.0063
Q62422_S203___2,0.2536,No,0.756,0.2395
Q62433_S333___2,-0.5395,No,0.1643,0.0123
Q62433_S336___2,-0.379,No,0.4775,0.0787
Q62504_S852___2,-0.5494,No,0.1528,0.0108
Q62504_S869___2,-0.5494,No,0.1528,0.0108
Q62504_S1283___2,-0.5264,No,0.1831,0.0146
Q62504_S747___2,-0.5608,No,0.1361,0.0093
Q62504_S758___2,-0.2813,No,0.6992,0.1918
Q62504_S762___2,-0.2813,No,0.6992,0.1918
Q62511_S106___2,-0.6326,No,0.0666,0.0033
Q63918_S284___2,-0.8044,Yes,0.0085,0.0002
Q63918_S288___2,-0.1227,No,0.9347,0.569
Q640M1_S341___2,-0.1432,No,0.9184,0.5066
Q640M1_S343___2,-0.1432,No,0.9184,0.5066
Q640N2_S337___2,0.02969,No,0.9906,0.8904
Q64151_S773___2,0.06599,No,0.9712,0.7595
Q64318_S678___2,0.2757,No,0.7111,0.201
Q64430_S1423___2,-0.15,No,0.9129,0.4864
Q64430_S1426___2,0.1423,No,0.9194,0.5092
Q64449_S1455___2,-0.1305,No,0.9286,0.545
Q64511_S1509___2,-0.5473,No,0.1552,0.0111
Q64511_S1376___2,-0.1456,No,0.9157,0.4992
Q64512_S1273___2,-0.1185,No,0.9359,0.5825
Q64512_S934___2,-0.2353,No,0.7922,0.2749
Q64512_S883___2,0.03888,No,0.9835,0.8569
Q64512_S1076___2,-0.4396,No,0.339,0.0414
Q66L44_S520___2,0.4656,No,0.2868,0.0308
Q66L44_S524___2,0.4656,No,0.2868,0.0308
Q66L44_S295___2,-0.4277,No,0.3647,0.0472
Q66L44_S692___2,0.03325,No,0.987,0.8774
Q66L44_S696___2,0.03325,No,0.987,0.8774
Q67FY2_S131___2,-0.6004,No,0.0958,0.0054
Q67FY2_S25___2,0.1664,No,0.8982,0.4402
Q67FY2_S121___2,0.02953,No,0.9906,0.891
Q67FY2_S994___2,-0.07382,No,0.9691,0.732
Q67FY2_S1001___2,0.1287,No,0.9306,0.5503
Q67FY2_S984___2,0.1425,No,0.9194,0.5085
Q67FY2_S988___2,0.1425,No,0.9194,0.5085
Q68FF6_S422___2,0.07987,No,0.9647,0.711
Q68FF6_S605___2,0.01906,No,0.9953,0.9295
Q68FF6_S394___2,0.2953,No,0.6694,0.1707
Q68FH0_S272___2,-0.0246,No,0.9915,0.9091
Q68FH0_S220___2,0.3176,No,0.6217,0.1407
Q68FH0_S511___2,-0.2481,No,0.7669,0.2497
Q68FH0_S514___2,-0.2955,No,0.6694,0.1704
Q68FH0_S334___2,0.4799,No,0.2601,0.026
Q69Z38_S1242___2,-0.4657,No,0.2868,0.0308
Q69Z38_S1226___2,-0.2772,No,0.7084,0.1984
Q69Z38_S565___2,0.2086,No,0.8402,0.3332
Q69Z38_S656___2,-0.4462,No,0.3243,0.0384
Q69Z38_S659___2,-0.4462,No,0.3243,0.0384
Q69Z66_S330___2,0.2553,No,0.7535,0.2362
Q69ZC8_S121___2,0.2938,No,0.6728,0.1729
Q69ZN7_S170___2,-0.1891,No,0.8668,0.3803
Q69ZW3_S171___2,0.1347,No,0.9237,0.5319
Q69ZW3_S174___2,0.1347,No,0.9237,0.5319
Q69ZW3_S446___2,-0.08011,No,0.9643,0.7102
Q69ZX6_S854___2,-0.4061,No,0.413,0.0596
Q69ZX6_S859___2,-0.4061,No,0.413,0.0596
Q69ZX8_S372___2,-0.4359,No,0.3453,0.0432
Q69ZX8_S373___2,-0.1254,No,0.9336,0.5606
Q69ZX8_S379___2,-0.5871,No,0.1083,0.0065
Q69ZZ9_S20___2,0.001326,No,>0.9999,0.9951
Q69ZZ9_S28___2,0.1137,No,0.9382,0.5978
Q6A037_S560___2,-0.07429,No,0.9691,0.7303
Q6A065_S1150___2,-0.1807,No,0.8782,0.4018
Q6A0A2_S601___2,-0.02788,No,0.9906,0.8971
Q6A0A2_S739___2,-0.2654,No,0.7347,0.2182
Q6DFV3_S1658___2,0.1677,No,0.8976,0.4366
Q6DFV3_S913___2,-0.1349,No,0.9237,0.5314
Q6DFV5_S1179___2,0.0438,No,0.9833,0.839
Q6DFW4_S521___2,0.05946,No,0.9747,0.7827
Q6DVA0_S509___2,-0.04463,No,0.9833,0.836
Q6EDY6_S1289___2,0.1551,No,0.9088,0.4717
Q6F3F9_S1135___2,-0.09933,No,0.9459,0.6449
Q6F3F9_S1138___2,-0.2341,No,0.7936,0.2775
Q6GQT6_S843___2,-0.05597,No,0.977,0.7951
Q6GQT6_S837___2,-0.3961,No,0.4382,0.0661
Q6GQX2_S489___2,-0.03917,No,0.9834,0.8558
Q6GQX2_S494___2,-0.03917,No,0.9834,0.8558
Q6IE82_S776___2,-0.119,No,0.9358,0.5808
Q6IQX8_S710___2,-0.01762,No,0.9955,0.9348
Q6NVE8_S473___2,0.6276,No,0.0699,0.0036
Q6NVE8_S474___2,0.6276,No,0.0699,0.0036
Q6NVF4_S942___2,0.2141,No,0.8291,0.3206
Q6NWW9_S257___2,0.08516,No,0.9608,0.6928
Q6NWW9_S260___2,0.136,No,0.9234,0.528
Q6NZC7_S738___2,0.1628,No,0.9028,0.4501
Q6NZF1_S312___2,-0.1713,No,0.8939,0.4267
Q6NZF1_S743___2,0.01966,No,0.9948,0.9273
Q6NZR2_S32___2,0.3879,No,0.457,0.0719
Q6P1D7_S926___2,-0.5426,No,0.1605,0.0118
Q6P1D7_S940___2,-0.5426,No,0.1605,0.0118
Q6P2K6_S117___2,-0.1695,No,0.8971,0.4316
Q6P2K6_S758___2,0.3411,No,0.5672,0.1135
Q6P2K6_S764___2,0.3411,No,0.5672,0.1135
Q6P2L6_S587___2,-0.3208,No,0.6144,0.1367
Q6P2L6_S590___2,-0.3208,No,0.6144,0.1367
Q6P4S6_S514___2,0.3198,No,0.6164,0.1379
Q6P4S6_S534___2,0.3556,No,0.529,0.099
Q6P4S8_S1328___2,0.2973,No,0.6644,0.1679
Q6P542_S103___2,-0.4591,No,0.2976,0.0332
Q6P5E8_S22___2,-0.06094,No,0.9747,0.7774
Q6P5E8_S26___2,-0.06094,No,0.9747,0.7774
Q6P5F7_S496___2,-0.1476,No,0.9129,0.4935
Q6P5F7_S500___2,0.2997,No,0.6626,0.1644
Q6P5F7_S519___2,-0.2401,No,0.7836,0.2653
Q6P9Q6_S344___2,0.3866,No,0.461,0.0729
Q6PAL7_S842___2,-0.1999,No,0.8506,0.3536
Q6PCQ0_S509___2,-0.248,No,0.7669,0.25
Q6PCQ0_S512___2,-0.248,No,0.7669,0.25
Q6PCQ0_S377___2,-0.3793,No,0.4775,0.0784
Q6PD03_S41___2,0.17,No,0.8962,0.4303
Q6PD03_S42___2,0.17,No,0.8962,0.4303
Q6PDH0_S553___2,-0.09983,No,0.9459,0.6432
Q6PDH0_S1007___2,0.0873,No,0.9576,0.6855
Q6PDH0_S1009___2,0.0873,No,0.9576,0.6855
Q6PDH0_S374___2,-0.159,No,0.9066,0.4607
Q6PDH0_S378___2,-0.2661,No,0.7336,0.2171
Q6PDK2_S2208___2,-0.3859,No,0.4631,0.0734
Q6PDK2_S2217___2,-0.3859,No,0.4631,0.0734
Q6PDK2_S709___2,-0.5419,No,0.1612,0.0119
Q6PDM2_S234___2,-0.6958,Yes,0.0332,0.0012
Q6PDM2_S238___2,-0.6958,Yes,0.0332,0.0012
Q6PDM2_S201___2,-0.1464,No,0.9138,0.497
Q6PDQ2_S1524___2,-0.406,No,0.4132,0.0596
Q6PFD9_S1063___2,-0.2441,No,0.7761,0.2575
Q6PFD9_S1098___2,0.4491,No,0.3178,0.0372
Q6PFD9_S612___2,0.002668,No,>0.9999,0.9901
Q6PFR5_S84___2,0.1245,No,0.9344,0.5634
Q6PGG2_S440___2,0.1174,No,0.9359,0.5861
Q6PGL7_S159___2,-0.01819,No,0.9954,0.9327
Q6PGL7_S533___2,0.08026,No,0.9643,0.7096
Q6PGL7_S538___2,0.08026,No,0.9643,0.7096
Q6PGL7_S613___2,0.1006,No,0.9455,0.6408
Q6PGL7_S1172___2,0.05548,No,0.9775,0.7969
Q6PHZ2_S315___2,-0.5792,No,0.1154,0.0072
Q6PHZ5_S111___2,-0.01953,No,0.995,0.9278
Q6PIX5_S51___2,-0.6079,No,0.0885,0.0048
Q6QI06_S1173___2,0.03722,No,0.9847,0.8629
Q6QI06_S1176___2,0.03722,No,0.9847,0.8629
Q6S7F2_S427___2,0.1139,No,0.9382,0.5971
Q6S7F2_S430___2,0.1139,No,0.9382,0.5971
Q6T264_S310___2,0.1164,No,0.9359,0.5892
Q6Y7W8_S385___2,0.3731,No,0.4904,0.0835
Q6Y7W8_S30___2,0.1192,No,0.9358,0.5802
Q6ZPG2_S16___2,0.03054,No,0.99,0.8873
Q6ZPJ0_S269___2,0.2998,No,0.6625,0.1642
Q6ZPQ6_S334___2,-0.1589,No,0.9066,0.4609
Q6ZPQ6_S338___2,-0.1589,No,0.9066,0.4609
Q6ZPZ3_S1109___2,0.3223,No,0.6122,0.1349
Q6ZPZ3_S913___2,-0.01302,No,0.9978,0.9518
Q6ZPZ3_S916___2,-0.03747,No,0.9847,0.862
Q6ZQ03_S443___2,0.89,Yes,0.0024,<0.0001
Q6ZQ58_S830___2,-0.3763,No,0.4843,0.0809
Q6ZQ58_S302___2,-0.4272,No,0.3651,0.0475
Q6ZQ88_S138___2,0.2194,No,0.8193,0.3088
Q6ZQK5_S387___2,0.5608,No,0.1361,0.0093
Q6ZWQ0_S4096___2,-0.3892,No,0.4546,0.071
Q70IV5_S1075___2,0.747,Yes,0.018,0.0005
Q78HU3_S190___2,0.4128,No,0.3984,0.0555
Q78ZA7_S53___2,0.1859,No,0.8705,0.3884
Q7SIG6_S715___2,0.6428,No,0.0604,0.0029
Q7TMQ7_S278___2,0.08042,No,0.9643,0.7091
Q7TMY8_S3922___2,-0.137,No,0.9234,0.525
Q7TMY8_S1903___2,-0.1258,No,0.9335,0.5596
Q7TMY8_S3761___2,-0.1082,No,0.9401,0.6158
Q7TNC6_S1962___2,0.05398,No,0.9779,0.8022
Q7TNC6_S1418___2,0.104,No,0.9434,0.6295
Q7TNC6_S1716___2,0.2512,No,0.7611,0.2438
Q7TNC6_S1768___2,-0.03515,No,0.9855,0.8704
Q7TPE5_S299___2,0.2507,No,0.7623,0.2448
Q7TPM1_S222___2,-0.2616,No,0.743,0.2249
Q7TPS5_S659___2,0.1274,No,0.9328,0.5543
Q7TPV4_S1318___2,0.1338,No,0.9249,0.5349
Q7TS75_S239___2,0.2596,No,0.7448,0.2285
Q7TS75_S246___2,0.2596,No,0.7448,0.2285
Q7TSC1_S759___2,-0.2081,No,0.8419,0.3344
Q7TSC1_S764___2,-0.2081,No,0.8419,0.3344
Q7TSC1_S765___2,-0.4151,No,0.3932,0.0541
Q7TSC1_S1090___2,-0.381,No,0.4734,0.0772
Q7TSC1_S1302___2,0.08955,No,0.9556,0.6778
Q7TSH2_S692___2,0.1603,No,0.9045,0.457
Q7TSH8_S444___2,0.01184,No,0.9979,0.9562
Q7TSH8_S445___2,0.01184,No,0.9979,0.9562
Q7TSI1_S432___2,0.2275,No,0.8078,0.2911
Q7TT28_S505___2,0.07514,No,0.9691,0.7274
Q80T85_S790___2,-0.3331,No,0.586,0.1223
Q80T85_S496___2,-0.1752,No,0.8883,0.4164
Q80TJ7_S790___2,-0.2739,No,0.7143,0.2038
Q80TJ7_S797___2,-0.2739,No,0.7143,0.2038
Q80TM9_S545___2,-0.1479,No,0.9129,0.4925
Q80TM9_S548___2,-0.1479,No,0.9129,0.4925
Q80TP3_S2476___2,-0.1728,No,0.8923,0.4226
Q80TP3_S2479___2,-0.1728,No,0.8923,0.4226
Q80TY0_S299___2,-0.1488,No,0.9129,0.49
Q80TY5_S1786___2,0.08039,No,0.9643,0.7092
Q80TY5_S1789___2,0.08039,No,0.9643,0.7092
Q80TY5_S998___2,0.02502,No,0.9915,0.9076
Q80TY5_S1001___2,0.02502,No,0.9915,0.9076
Q80TZ9_S594___2,0.05345,No,0.9779,0.8041
Q80TZ9_S600___2,0.05115,No,0.9799,0.8124
Q80TZ9_S675___2,0.06001,No,0.9747,0.7807
Q80U35_S519___2,0.1366,No,0.9234,0.5262
Q80U70_S543___2,-0.1265,No,0.9335,0.5574
Q80U72_S1284___2,0.4418,No,0.3346,0.0404
Q80UV9_S1820___2,0.044,No,0.9833,0.8383
Q80UV9_S1823___2,0.044,No,0.9833,0.8383
Q80UV9_S1173___2,-0.1551,No,0.9088,0.4719
Q80UV9_S1176___2,-0.1551,No,0.9088,0.4719
Q80UW5_S1494___2,0.2028,No,0.8483,0.3469
Q80WG5_S202___2,-0.09215,No,0.9535,0.669
Q80WQ6_S295___2,0.46,No,0.297,0.0329
Q80WQ6_S298___2,0.46,No,0.297,0.0329
Q80WV7_S518___2,0.04343,No,0.9833,0.8403
Q80X50_S625___2,0.1175,No,0.9359,0.5857
Q80X80_S52___2,0.04054,No,0.9834,0.8508
Q80X80_S619___2,0.2373,No,0.7875,0.271
Q80XI6_S792___2,-0.003634,No,>0.9999,0.9865
Q80XI6_S796___2,-0.003634,No,>0.9999,0.9865
Q80XK6_S255___2,0.1204,No,0.9353,0.5763
Q80XP8_S191___2,-0.1381,No,0.9232,0.5216
Q80XQ2_S582___2,0.403,No,0.4206,0.0616
Q80XQ2_S568___2,-0.2358,No,0.7922,0.274
Q80XS6_S271___2,-0.04756,No,0.983,0.8254
Q80XS6_S243___2,0.1778,No,0.8827,0.4095
Q80XU3_S75___2,-0.2122,No,0.8341,0.325
Q80XU3_S30___2,-0.3028,No,0.6553,0.1601
Q80Y17_S982___2,-0.1096,No,0.9401,0.611
Q80Y17_S986___2,-0.1096,No,0.9401,0.611
Q80Y17_S968___2,-0.1249,No,0.9344,0.5623
Q80Y24_S322___2,0.2374,No,0.7875,0.2708
Q80YR7_S785___2,0.6578,No,0.0516,0.0023
Q80YR7_S787___2,0.6578,No,0.0516,0.0023
Q80YS6_S680___2,-0.1942,No,0.8616,0.3676
Q80YS6_S283___2,-0.03641,No,0.9853,0.8659
Q80YV2_S68___2,0.3342,No,0.5825,0.1211
Q80Z25_S664___2,0.1546,No,0.9097,0.4732
Q80Z25_S670___2,0.1546,No,0.9097,0.4732
Q80Z25_S775___2,-0.1695,No,0.8971,0.4316
Q80Z25_S779___2,-0.1695,No,0.8971,0.4316
Q80Z96_S85___2,-0.1936,No,0.8616,0.369
Q810A7_S109___2,0.2506,No,0.7623,0.2451
Q810A7_S111___2,0.2506,No,0.7623,0.2451
Q810N5_S2___2,-0.1827,No,0.8765,0.3967
Q810N5_S3___2,-0.1827,No,0.8765,0.3967
Q811D2_S243___2,0.1673,No,0.8976,0.4376
Q811L6_S1389___2,-0.333,No,0.586,0.1223
Q811L6_S1395___2,-0.3349,No,0.58,0.1203
Q812E0_S21___2,0.0105,No,0.9985,0.9611
Q812E0_S24___2,0.0105,No,0.9985,0.9611
Q8BGC0_S404___2,-0.2115,No,0.8344,0.3264
Q8BGC0_S410___2,-0.2115,No,0.8344,0.3264
Q8BGC0_S697___2,0.8821,Yes,0.0027,<0.0001
Q8BGD9_S425___2,-0.3534,No,0.5331,0.1011
Q8BGT1_S644___2,0.3209,No,0.6144,0.1366
Q8BGT1_S647___2,0.3209,No,0.6144,0.1366
Q8BGT6_S481___2,-0.1071,No,0.9406,0.6194
Q8BGV8_S55___2,0.01237,No,0.9979,0.9542
Q8BGW2_S256___2,-0.1687,No,0.8976,0.4338
Q8BH50_S69___2,0.04568,No,0.9833,0.8322
Q8BH50_S143___2,0.1242,No,0.9344,0.5645
Q8BHK9_S852___2,0.2891,No,0.6835,0.1798
Q8BHK9_S864___2,0.2891,No,0.6835,0.1798
Q8BHK9_S998___2,0.4793,No,0.2612,0.0262
Q8BHL3_S644___2,-0.2182,No,0.8224,0.3114
Q8BHL3_S647___2,-0.2499,No,0.7623,0.2462
Q8BHL3_S650___2,-0.2074,No,0.8427,0.3361
Q8BHR8_S319___2,0.39,No,0.4527,0.0704
Q8BHR8_S322___2,0.39,No,0.4527,0.0704
Q8BI84_S1917___2,0.02951,No,0.9906,0.8911
Q8BI84_S1918___2,0.02412,No,0.9915,0.9109
Q8BI84_S1770___2,0.09606,No,0.9496,0.6559
Q8BIE6_S629___2,-0.3618,No,0.5146,0.0932
Q8BIE6_S654___2,-0.3371,No,0.5759,0.1178
Q8BIE6_S696___2,-0.4804,No,0.2593,0.0258
Q8BIE6_S699___2,-0.2347,No,0.793,0.2763
Q8BIZ6_S89___2,-0.1957,No,0.86,0.364
Q8BIZ6_S91___2,-0.1957,No,0.86,0.364
Q8BJH1_S212___2,0.427,No,0.3659,0.0476
Q8BJU0_S303___2,0.6613,Yes,0.0496,0.0022
Q8BK03_S220___2,0.2252,No,0.8106,0.2961
Q8BK67_S48___2,-0.04191,No,0.9833,0.8458
Q8BKT3_S85___2,0.1108,No,0.9398,0.6073
Q8BKT7_S312___2,0.04334,No,0.9833,0.8406
Q8BKT7_S314___2,0.04334,No,0.9833,0.8406
Q8BKX6_S3567___2,0.0356,No,0.9855,0.8688
Q8BLH7_S152___2,0.2242,No,0.811,0.2982
Q8BLH7_S396___2,0.02344,No,0.9922,0.9134
Q8BLH7_S231___2,0.3152,No,0.6281,0.1437
Q8BLH7_S234___2,0.3152,No,0.6281,0.1437
Q8BMC0_S314___2,-0.3431,No,0.5622,0.1114
Q8BMC0_S317___2,-0.3431,No,0.5622,0.1114
Q8BMI0_S743___2,0.1284,No,0.9306,0.5514
Q8BN59_S447___2,0.15,No,0.9129,0.4866
Q8BN59_S451___2,0.15,No,0.9129,0.4866
Q8BP27_S71___2,0.1932,No,0.8627,0.37
Q8BQ33_S1180___2,-0.2386,No,0.7854,0.2684
Q8BQ33_S1187___2,-0.2386,No,0.7854,0.2684
Q8BQZ4_S716___2,-0.3609,No,0.5158,0.094
Q8BQZ4_S719___2,-0.3762,No,0.4843,0.0809
Q8BR63_S65___2,0.2631,No,0.7399,0.2223
Q8BR65_S236___2,-0.153,No,0.912,0.4779
Q8BR65_S237___2,0.07758,No,0.9665,0.7189
Q8BRM2_S80___2,-0.2113,No,0.8347,0.3269
Q8BRM2_S82___2,-0.2113,No,0.8347,0.3269
Q8BRT1_S469___2,0.368,No,0.4992,0.0878
Q8BRT1_S336___2,-0.1374,No,0.9234,0.5237
Q8BTI8_S1572___2,-0.1237,No,0.9346,0.566
Q8BTI8_S1434___2,-0.4899,No,0.2435,0.0231
Q8BTI8_S452___2,-0.5417,No,0.1613,0.012
Q8BTI8_S454___2,-0.5414,No,0.1616,0.012
Q8BTI8_S1284___2,0.201,No,0.8496,0.3511
Q8BTI8_S1229___2,0.1551,No,0.9088,0.4717
Q8BTI8_S1380___2,-0.04277,No,0.9833,0.8427
Q8BTI8_S1798___2,-1.511,Yes,<0.0001,<0.0001
Q8BTI8_S1062___2,-0.3431,No,0.5622,0.1115
Q8BTI8_S1064___2,-0.001435,No,>0.9999,0.9947
Q8BTI8_S434___2,-0.1126,No,0.9391,0.6013
Q8BTI8_S960___2,0.1825,No,0.8765,0.3971
Q8BTI8_S962___2,-0.02534,No,0.9915,0.9064
Q8BTI8_S926___2,-0.02863,No,0.9906,0.8943
Q8BTI8_S2054___2,0.2482,No,0.7669,0.2496
Q8BTI8_S851___2,-0.2468,No,0.768,0.2521
Q8BTI8_S862___2,0.4858,No,0.2515,0.0242
Q8BTI8_S1683___2,0.1516,No,0.9129,0.482
Q8BTI8_S1685___2,0.1516,No,0.9129,0.482
Q8BTI8_S775___2,0.02607,No,0.9915,0.9037
Q8BTI8_S2019___2,-0.1509,No,0.9129,0.4839
Q8BTI8_S1646___2,-0.5564,No,0.1419,0.0099
Q8BTI8_S1647___2,-0.3425,No,0.5635,0.1121
Q8BTI8_S1339___2,0.2037,No,0.848,0.3447
Q8BTI8_S1340___2,0.2631,No,0.7399,0.2223
Q8BTI8_S1473___2,0.06713,No,0.9712,0.7555
Q8BTI8_S1475___2,-0.6368,No,0.0639,0.0031
Q8BTI8_S1554___2,-0.5499,No,0.1525,0.0107
Q8BTI8_S1557___2,-0.5982,No,0.0975,0.0055
Q8BTI8_S1397___2,-0.05001,No,0.9813,0.8165
Q8BTI8_S1407___2,-0.03753,No,0.9847,0.8618
Q8BTI8_S1058___2,-0.08156,No,0.9643,0.7051
Q8BTI8_S1493___2,-0.06497,No,0.9712,0.7631
Q8BTI8_S1996___2,0.2704,No,0.7218,0.2097
Q8BTI8_S1984___2,0.1627,No,0.9028,0.4505
Q8BTI8_S1810___2,0.3337,No,0.5843,0.1216
Q8BTI8_S949___2,0.1107,No,0.9398,0.6077
Q8BTI8_S1077___2,0.3042,No,0.6535,0.1582
Q8BTM8_S2158___2,-0.1108,No,0.9398,0.6071
Q8BTW9_S192___2,-0.1715,No,0.8939,0.4263
Q8BTW9_S257___2,-0.5341,No,0.1716,0.0132
Q8BTW9_S99___2,-0.3759,No,0.485,0.0812
Q8BU03_S895___2,-0.1954,No,0.8608,0.3648
Q8BU03_S898___2,-0.1954,No,0.8608,0.3648
Q8BU11_S178___2,0.06465,No,0.9712,0.7642
Q8BU11_S182___2,0.06465,No,0.9712,0.7642
Q8BVL3_S437___2,-0.4478,No,0.3209,0.0378
Q8BVL3_S440___2,-0.4478,No,0.3209,0.0378
Q8BX02_S86___2,-0.5196,No,0.1933,0.0159
Q8BX02_S72___2,-0.1353,No,0.9234,0.5301
Q8BX02_S177___2,-0.02247,No,0.9928,0.917
Q8BXQ8_S232___2,0.1562,No,0.9086,0.4687
Q8BXQ8_S234___2,0.1562,No,0.9086,0.4687
Q8BXQ8_S255___2,0.06614,No,0.9712,0.7589
Q8BYR2_S977___2,-0.2194,No,0.8193,0.3086
Q8BYR2_S981___2,-0.2194,No,0.8193,0.3086
Q8BZ03_S197___2,-0.1271,No,0.9332,0.5555
Q8BZ03_S206___2,-0.1271,No,0.9332,0.5555
Q8BZ47_S559___2,-0.4169,No,0.3889,0.0531
Q8BZR9_S410___2,0.3048,No,0.6521,0.1574
Q8C033_S358___2,-0.3846,No,0.467,0.0744
Q8C052_S465___2,0.1523,No,0.9129,0.4799
Q8C052_S658___2,0.1838,No,0.8739,0.3937
Q8C052_S660___2,0.1897,No,0.8667,0.3788
Q8C052_S458___2,-0.1692,No,0.8975,0.4325
Q8C0T5_S1369___2,-0.4645,No,0.2881,0.0312
Q8C0T5_S211___2,-0.1603,No,0.9045,0.4572
Q8C0T5_S1543___2,-0.2114,No,0.8347,0.3268
Q8C0T5_S258___2,0.05186,No,0.9786,0.8099
Q8C0T5_S193___2,0.09111,No,0.9546,0.6725
Q8C0T5_S1708___2,-0.07138,No,0.9698,0.7405
Q8C0V0_S138___2,-0.6414,No,0.0609,0.0029
Q8C156_S189___2,0.1704,No,0.8962,0.4292
Q8C1D8_S384___2,0.07873,No,0.9653,0.7149
Q8C1D8_S386___2,0.07873,No,0.9653,0.7149
Q8C1D8_S368___2,0.1812,No,0.8777,0.4005
Q8C1D8_S198___2,0.107,No,0.9406,0.6196
Q8C1D8_S211___2,-0.164,No,0.9026,0.4467
Q8C2Q3_S623___2,-0.02909,No,0.9906,0.8927
Q8C3R1_S736___2,-0.1987,No,0.8535,0.3567
Q8C3W1_S172___2,-0.04211,No,0.9833,0.8451
Q8C4M7_S182___2,0.2716,No,0.7182,0.2076
Q8C4M7_S186___2,0.2716,No,0.7182,0.2076
Q8C4S8_S401___2,0.01087,No,0.9985,0.9598
Q8C5R2_S220___2,0.3065,No,0.6474,0.155
Q8C5R2_S223___2,0.3065,No,0.6474,0.155
Q8C6M1_S134___2,0.1926,No,0.8633,0.3715
Q8C6M1_S374___2,0.2019,No,0.8487,0.349
Q8C726_S599___2,0.1435,No,0.9174,0.5055
Q8C729_S419___2,0.07531,No,0.9691,0.7268
Q8C804_S240___2,0.2277,No,0.8074,0.2907
Q8C8U0_S426___2,-0.1567,No,0.9086,0.4673
Q8C9B9_S802___2,-0.1243,No,0.9344,0.564
Q8C9B9_S806___2,-0.1243,No,0.9344,0.564
Q8C9B9_S1256___2,-0.1896,No,0.8667,0.379
Q8CAF4_S1373___2,-0.07971,No,0.965,0.7115
Q8CAF4_S1375___2,-0.0714,No,0.9698,0.7404
Q8CC35_S40___2,0.06747,No,0.9706,0.7543
Q8CC35_S42___2,0.06414,No,0.9716,0.766
Q8CCH7_S472___2,-0.2059,No,0.8443,0.3395
Q8CCH7_S900___2,-0.1309,No,0.9286,0.5435
Q8CCI5_S123___2,-0.304,No,0.6535,0.1584
Q8CCI5_S127___2,-0.304,No,0.6535,0.1584
Q8CD54_S2205___2,-0.1552,No,0.9088,0.4714
Q8CDA1_S943___2,0.05937,No,0.9747,0.783
Q8CDA1_S946___2,0.05937,No,0.9747,0.783
Q8CDA1_S827___2,0.07517,No,0.9691,0.7273
Q8CDG3_S993___2,0.09032,No,0.9556,0.6752
Q8CFI0_S504___2,-0.5329,No,0.1729,0.0134
Q8CFI0_S512___2,-0.151,No,0.9129,0.4836
Q8CFI0_S516___2,-0.276,No,0.7106,0.2004
Q8CFI0_S477___2,0.1385,No,0.9226,0.5206
Q8CFI0_S493___2,-0.008023,No,>0.9999,0.9703
Q8CG73_S985___2,-0.002909,No,>0.9999,0.9892
Q8CG73_S989___2,-0.002909,No,>0.9999,0.9892
Q8CGV9_S325___2,0.2985,No,0.6642,0.166
Q8CGV9_S332___2,0.2985,No,0.6642,0.166
Q8CGZ0_S824___2,-0.09744,No,0.9481,0.6512
Q8CGZ0_S826___2,-0.09744,No,0.9481,0.6512
Q8CH77_S315___2,0.3013,No,0.6586,0.1622
Q8CHG7_S1115___2,-0.07252,No,0.9696,0.7365
Q8CHG7_S1119___2,-0.06225,No,0.974,0.7727
Q8CHP6_S614___2,0.06317,No,0.973,0.7695
Q8CHU3_S192___2,-0.1787,No,0.8805,0.4071
Q8CHU3_S195___2,-0.2918,No,0.6778,0.1758
Q8CHU3_S199___2,-0.3149,No,0.6288,0.144
Q8CHU3_S182___2,0.2326,No,0.7978,0.2806
Q8CHY6_S103___2,-0.2692,No,0.7248,0.2118
Q8CHY6_S109___2,-0.1883,No,0.8678,0.3823
Q8CI04_S525___2,-0.167,No,0.8976,0.4384
Q8CI04_S528___2,-0.167,No,0.8976,0.4384
Q8CI59_S17___2,0.1938,No,0.8616,0.3686
Q8CI59_S20___2,0.1938,No,0.8616,0.3686
Q8CI71_S496___2,0.2765,No,0.7095,0.1995
Q8CI95_S182___2,-0.0161,No,0.9969,0.9405
Q8CJ19_S1154___2,0.03028,No,0.99,0.8883
Q8CJ19_S1156___2,0.04789,No,0.983,0.8242
Q8CJ19_S687___2,0.2633,No,0.7399,0.2219
Q8CJF7_S1928___2,-0.4782,No,0.2632,0.0265
Q8CJF7_S1931___2,-0.4412,No,0.3353,0.0407
Q8JZP9_S493___2,0.00423,No,>0.9999,0.9843
Q8JZP9_S297___2,-0.1427,No,0.9193,0.5081
Q8JZP9_S355___2,0.129,No,0.9301,0.5494
Q8JZP9_S438___2,-0.01485,No,0.9978,0.9451
Q8JZQ9_S79___2,0.08863,No,0.9566,0.6809
Q8JZQ9_S143___2,0.2607,No,0.7437,0.2266
Q8JZQ9_S153___2,0.2607,No,0.7437,0.2266
Q8JZQ9_S37___2,0.156,No,0.9086,0.4693
Q8JZX9_S141___2,-0.07431,No,0.9691,0.7303
Q8JZX9_S145___2,-0.04662,No,0.9832,0.8288
Q8K019_S516___2,0.3136,No,0.632,0.1457
Q8K019_S258___2,0.1261,No,0.9335,0.5584
Q8K019_S263___2,-0.168,No,0.8976,0.4358
Q8K019_S286___2,-0.1965,No,0.8583,0.3619
Q8K019_S289___2,0.173,No,0.8922,0.4222
Q8K019_S296___2,0.1925,No,0.8633,0.3719
Q8K019_S758___2,-1.112,Yes,<0.0001,<0.0001
Q8K039_S147___2,-0.6559,No,0.0522,0.0023
Q8K070_S165___2,-0.1495,No,0.9129,0.4879
Q8K070_S173___2,-0.09595,No,0.9496,0.6562
Q8K070_S179___2,-0.294,No,0.6725,0.1726
Q8K0E1_S38___2,0.003594,No,>0.9999,0.9867
Q8K0U3_S12___2,0.1084,No,0.9401,0.6149
Q8K0U3_S15___2,0.1084,No,0.9401,0.6149
Q8K194_S63___2,-0.1268,No,0.9334,0.5564
Q8K1X1_S405___2,0.6565,No,0.0521,0.0023
Q8K1Y2_S44___2,-0.4767,No,0.266,0.027
Q8K1Y2_S27___2,0.1295,No,0.9297,0.5481
Q8K2D0_S321___2,-0.02219,No,0.9929,0.918
Q8K2F0_S561___2,0.03916,No,0.9834,0.8558
Q8K2H1_S222___2,0.04263,No,0.9833,0.8432
Q8K2H1_S215___2,-0.05049,No,0.9809,0.8148
Q8K2L8_S125___2,-0.3627,No,0.5125,0.0924
Q8K2L8_S128___2,-0.3627,No,0.5125,0.0924
Q8K2L8_S312___2,-0.00191,No,>0.9999,0.9929
Q8K2P7_S56___2,0.1602,No,0.9045,0.4573
Q8K2Z4_S1320___2,0.4456,No,0.3257,0.0387
Q8K327_S405___2,0.1114,No,0.9395,0.6054
Q8K327_S622___2,0.179,No,0.88,0.4064
Q8K327_S421___2,0.3174,No,0.6218,0.1408
Q8K327_S375___2,0.1858,No,0.8705,0.3887
Q8K371_S599___2,-0.327,No,0.5996,0.1292
Q8K371_S533___2,0.05801,No,0.9755,0.7878
Q8K371_S755___2,-0.3855,No,0.4642,0.0737
Q8K3A9_S191___2,-0.1469,No,0.9137,0.4955
Q8K3W3_S151___2,0.2805,No,0.7008,0.1932
Q8K3X4_S637___2,-0.126,No,0.9335,0.5588
Q8K3X4_S316___2,-0.1624,No,0.9028,0.4511
Q8K3Z9_S319___2,-0.1612,No,0.9036,0.4545
Q8K3Z9_S322___2,-0.1612,No,0.9036,0.4545
Q8K3Z9_S325___2,-0.1612,No,0.9036,0.4545
Q8K4J6_S492___2,-0.09397,No,0.9512,0.6629
Q8K4L0_S38___2,0.01046,No,0.9985,0.9613
Q8K4L3_S234___2,0.1191,No,0.9358,0.5806
Q8K4L3_S248___2,0.0723,No,0.9696,0.7373
Q8K4Q0_S863___2,-0.08941,No,0.9558,0.6783
Q8QZS3_S73___2,0.1109,No,0.9398,0.6069
Q8R001_S218___2,0.345,No,0.5583,0.1094
Q8R0G9_S488___2,0.273,No,0.7159,0.2053
Q8R0G9_S492___2,0.273,No,0.7159,0.2053
Q8R0S1_S97___2,0.09724,No,0.9481,0.6519
Q8R0T2_S23___2,0.1181,No,0.9359,0.5837
Q8R0T2_S135___2,-0.2634,No,0.7396,0.2217
Q8R0T2_S142___2,-0.2571,No,0.7503,0.233
Q8R1F1_S650___2,0.3956,No,0.4389,0.0665
Q8R1Q8_S398___2,-0.73,Yes,0.0222,0.0007
Q8R2M2_S39___2,0.1993,No,0.8511,0.3551
Q8R2M2_S42___2,0.1993,No,0.8511,0.3551
Q8R3B7_S268___2,0.159,No,0.9066,0.4608
Q8R3S6_S470___2,-0.01029,No,0.9987,0.9619
Q8R4H2_S300___2,-0.0446,No,0.9833,0.8361
Q8R4H2_S304___2,0.2946,No,0.6713,0.1718
Q8VC98_S570___2,-0.1194,No,0.9358,0.5797
Q8VCB1_S473___2,1.079,Yes,<0.0001,<0.0001
Q8VDD9_S1281___2,-0.5886,No,0.1064,0.0063
Q8VDD9_S1283___2,-0.5886,No,0.1064,0.0063
Q8VDG3_S569___2,0.1756,No,0.8872,0.4152
Q8VDL9_S51___2,0.1317,No,0.9277,0.5411
Q8VDL9_S54___2,0.1317,No,0.9277,0.5411
Q8VDP4_S680___2,0.2206,No,0.8183,0.3061
Q8VDR9_S880___2,-0.3949,No,0.4401,0.0669
Q8VDY9_S74___2,0.08173,No,0.9643,0.7046
Q8VDZ4_S455___2,0.116,No,0.9359,0.5904
Q8VDZ4_S458___2,0.116,No,0.9359,0.5904
Q8VDZ4_S684___2,0.1022,No,0.9448,0.6355
Q8VDZ4_S432___2,0.1036,No,0.9437,0.6309
Q8VE94_S347___2,0.2223,No,0.8159,0.3025
Q8VEL2_S622___2,-0.04027,No,0.9834,0.8518
Q8VHI3_S318___2,-0.5511,No,0.1506,0.0106
Q8VHK1_S396___2,0.3702,No,0.4956,0.0859
Q8VHK1_S406___2,-0.2085,No,0.8402,0.3334
Q8VHR0_S778___2,0.02563,No,0.9915,0.9054
Q8VHR0_S780___2,0.02563,No,0.9915,0.9054
Q8VHR5_S123___2,0.2431,No,0.7773,0.2594
Q8VHR5_S339___2,0.2655,No,0.7345,0.218
Q8VI33_S149___2,0.7087,Yes,0.0285,0.001
Q8VI36_S250___2,0.1465,No,0.9138,0.4968
Q8VI59_S127___2,-0.3432,No,0.5622,0.1113
Q8VID5_S489___2,-0.3608,No,0.5158,0.0941
Q8VID5_S492___2,-0.3608,No,0.5158,0.0941
Q91V09_S111___2,-0.3253,No,0.605,0.1313
Q91V09_S116___2,-0.3253,No,0.605,0.1313
Q91VJ2_S165___2,-0.3562,No,0.5278,0.0985
Q91VJ2_S166___2,-0.3562,No,0.5278,0.0985
Q91VW5_S37___2,0.2458,No,0.7709,0.2542
Q91W39_S381___2,0.02426,No,0.9915,0.9104
Q91W92_S146___2,-0.02445,No,0.9915,0.9097
Q91W92_S132___2,-0.1876,No,0.8678,0.3842
Q91W92_S113___2,0.5005,No,0.2253,0.0202
Q91W96_S777___2,-0.02587,No,0.9915,0.9045
Q91W96_S779___2,-0.02587,No,0.9915,0.9045
Q91WG2_S176___2,0.06579,No,0.9712,0.7602
Q91WG5_S90___2,0.0213,No,0.9938,0.9213
Q91WG5_S65___2,-0.4098,No,0.4047,0.0573
Q91WL6_S194___2,0.3325,No,0.5874,0.123
Q91X51_S367___2,0.176,No,0.8857,0.4142
Q91X51_S372___2,0.101,No,0.9449,0.6393
Q91XV3_S128___2,0.03033,No,0.99,0.8881
Q91YD9_S422___2,-0.5089,No,0.2118,0.0182
Q91YE8_S899___2,-0.0645,No,0.9714,0.7648
Q91YE8_S618___2,0.08476,No,0.9608,0.6942
Q91YM2_S1130___2,-0.2527,No,0.7574,0.241
Q91YM2_S1142___2,-0.006342,No,>0.9999,0.9765
Q91YM2_S1174___2,-0.08286,No,0.9629,0.7007
Q91YR7_S279___2,-0.5005,No,0.2253,0.0202
Q91YT8_S734___2,0.04253,No,0.9833,0.8436
Q91YT8_S738___2,0.04253,No,0.9833,0.8436
Q91YU3_S101___2,0.1032,No,0.9437,0.6321
Q91YU3_S106___2,0.1032,No,0.9437,0.6321
Q91YU6_S301___2,0.107,No,0.9406,0.6196
Q91YU6_S311___2,0.107,No,0.9406,0.6196
Q91Z67_S990___2,0.4597,No,0.297,0.0329
Q91Z67_S994___2,0.4597,No,0.297,0.0329
Q91ZV3_S721___2,-0.1758,No,0.8867,0.4148
Q91ZV8_S1113___2,-0.6462,No,0.0579,0.0027
Q91ZV8_S1160___2,-0.4968,No,0.2301,0.0212
Q921G6_S521___2,0.6792,Yes,0.0403,0.0016
Q921I6_S245___2,-0.3879,No,0.457,0.0719
Q921I6_S250___2,-0.3879,No,0.457,0.0719
Q921N6_S23___2,-0.05248,No,0.9785,0.8076
Q921N6_S25___2,-0.05248,No,0.9785,0.8076
Q922B9_S326___2,-0.5782,No,0.1164,0.0073
Q922B9_S268___2,-0.13,No,0.9288,0.5464
Q922B9_S745___2,0.1329,No,0.9249,0.5375
Q922B9_S1051___2,-0.1524,No,0.9129,0.4796
Q922B9_S1056___2,-0.04162,No,0.9833,0.8469
Q922B9_S1059___2,-0.0669,No,0.9712,0.7563
Q922C1_S377___2,0.07115,No,0.9701,0.7413
Q922C1_S380___2,0.07115,No,0.9701,0.7413
Q922J3_S311___2,0.3612,No,0.5158,0.0938
Q922J3_S314___2,0.3612,No,0.5158,0.0938
Q922M7_S189___2,0.4412,No,0.3353,0.0407
Q922M7_S193___2,0.4412,No,0.3353,0.0407
Q923B1_S485___2,0.05195,No,0.9786,0.8095
Q923B1_S489___2,0.3324,No,0.5876,0.1231
Q923J1_S1506___2,0.1013,No,0.9449,0.6385
Q923J1_S1488___2,-0.1399,No,0.9206,0.5163
Q923J1_S1491___2,-0.1399,No,0.9206,0.5163
Q923Z0_S352___2,0.03587,No,0.9855,0.8678
Q924A2_S1338___2,-0.02747,No,0.9909,0.8986
Q924A2_S1343___2,-0.02747,No,0.9909,0.8986
Q924A2_S2275___2,0.2249,No,0.8106,0.2969
Q924A2_S2299___2,-0.04884,No,0.9828,0.8207
Q924A2_S2311___2,0.07894,No,0.9653,0.7142
Q924A2_S774___2,-0.2626,No,0.7406,0.223
Q924K8_S425___2,0.2475,No,0.7669,0.2509
Q924N4_S29___2,-0.0608,No,0.9747,0.7779
Q924N4_S1029___2,0.258,No,0.7483,0.2313
Q924W7_S87___2,-0.2889,No,0.6835,0.1801
Q924W7_S30___2,-0.3719,No,0.4925,0.0845
Q924Z4_S341___2,-0.01156,No,0.9979,0.9572
Q924Z4_S348___2,-0.01156,No,0.9979,0.9572
Q925H1_S1085___2,0.1207,No,0.9353,0.5756
Q99J36_S86___2,0.06244,No,0.9738,0.7721
Q99J36_S88___2,0.06244,No,0.9738,0.7721
Q99JB8_S341___2,0.2754,No,0.7115,0.2014
Q99JB8_S347___2,0.09022,No,0.9556,0.6756
Q99JB8_S358___2,0.7747,Yes,0.0126,0.0003
Q99JF8_S272___2,0.2559,No,0.7522,0.2351
Q99JT2_S309___2,-1.173,Yes,<0.0001,<0.0001
Q99K01_S718___2,0.4274,No,0.3648,0.0474
Q99K01_S722___2,0.4274,No,0.3648,0.0474
Q99KG7_S482___2,0.06437,No,0.9716,0.7652
Q99L02_S233___2,0.2177,No,0.8232,0.3125
Q99L90_S108___2,-0.1427,No,0.9193,0.5078
Q99LB0_S156___2,-0.5183,No,0.1956,0.0162
Q99LH9_S342___2,0.3567,No,0.5265,0.098
Q99LH9_S349___2,0.3567,No,0.5265,0.098
Q99LJ0_S548___2,-0.02518,No,0.9915,0.907
Q99LJ0_S562___2,0.466,No,0.2868,0.0306
Q99LL5_S58___2,0.3313,No,0.5904,0.1243
Q99LX5_S219___2,0.2703,No,0.7218,0.2099
Q99MN1_S588___2,0.1606,No,0.9036,0.4563
Q99MN1_S592___2,0.2407,No,0.7825,0.2641
Q99MQ1_S639___2,0.3094,No,0.6414,0.1512
Q99MR1_S235___2,0.07446,No,0.9691,0.7298
Q99NB9_S190___2,-0.09354,No,0.9513,0.6643
Q99NH0_S15___2,0.5061,No,0.2169,0.0189
Q99NH0_S1692___2,0.2009,No,0.8496,0.3513
Q99NH2_S378___2,-0.1806,No,0.8782,0.402
Q99P72_S836___2,0.05567,No,0.9774,0.7962
Q99P72_S186___2,0.3109,No,0.6369,0.1492
Q99PL5_S187___2,0.5486,No,0.1541,0.0109
Q99PP2_S2143___2,-0.0951,No,0.9503,0.6591
Q9CPN8_S184___2,-0.1545,No,0.9098,0.4734
Q9CPN8_S187___2,-0.04454,No,0.9833,0.8363
Q9CQV4_S260___2,0.08335,No,0.9621,0.699
Q9CRB0_S113___2,0.1212,No,0.9353,0.5738
Q9CSN1_S232___2,-0.1491,No,0.9129,0.4892
Q9CT10_S62___2,0.01199,No,0.9979,0.9556
Q9CT10_S33___2,-0.02423,No,0.9915,0.9105
Q9CW79_S30___2,0.3573,No,0.5253,0.0974
Q9CWR7_S32___2,0.3666,No,0.5022,0.089
Q9CXB8_S990___2,-0.1404,No,0.9206,0.5149
Q9CXB8_S998___2,-0.1404,No,0.9206,0.5149
Q9CYZ2_S209___2,0.2338,No,0.7938,0.2782
Q9CZA6_S326___2,0.3763,No,0.4843,0.0808
Q9CZA6_S330___2,0.3763,No,0.4843,0.0808
Q9CZJ2_S276___2,-0.2296,No,0.8053,0.2869
Q9CZK6_S369___2,-0.121,No,0.9353,0.5747
Q9CZV5_S321___2,0.03926,No,0.9834,0.8555
Q9CZV5_S332___2,0.03926,No,0.9834,0.8555
Q9D0B0_S217___2,0.3635,No,0.5103,0.0917
Q9D0N7_S417___2,1.812,Yes,<0.0001,<0.0001
Q9D0N7_S422___2,1.812,Yes,<0.0001,<0.0001
Q9D0N7_S436___2,0.3809,No,0.4734,0.0772
Q9D0N7_S456___2,0.3809,No,0.4734,0.0772
Q9D1C2_S26___2,0.1215,No,0.9352,0.5729
Q9D2C2_S6___2,-0.03962,No,0.9834,0.8541
Q9D2C2_S14___2,-0.03962,No,0.9834,0.8541
Q9D2D7_S254___2,0.05241,No,0.9785,0.8079
Q9D2U5_S25___2,0.2795,No,0.7028,0.1947
Q9D2V5_S2___2,-0.2348,No,0.7928,0.276
Q9D2V5_S3___2,-0.2348,No,0.7928,0.276
Q9D3A8_S370___2,-0.1467,No,0.9138,0.4962
Q9D3E6_S1065___2,-0.09272,No,0.9526,0.6671
Q9D3X5_S41___2,-1.464,Yes,<0.0001,<0.0001
Q9D4C5_S158___2,0.3744,No,0.4874,0.0824
Q9D4H1_S435___2,-0.2316,No,0.8015,0.2826
Q9D554_S369___2,0.3031,No,0.6545,0.1596
Q9D620_S366___2,-0.3202,No,0.6158,0.1374
Q9D722_S82___2,-0.05035,No,0.9809,0.8153
Q9D722_S84___2,-0.05035,No,0.9809,0.8153
Q9D7P6_S21___2,-0.7124,Yes,0.0276,0.001
Q9D824_S483___2,-0.1183,No,0.9359,0.5832
Q9D842_S344___2,0.1492,No,0.9129,0.4888
Q9D842_S348___2,0.1492,No,0.9129,0.4888
Q9DAT2_S191___2,0.1246,No,0.9344,0.5632
Q9DAZ5_S93___2,-0.07832,No,0.9656,0.7163
Q9DB20_S197___2,-0.1765,No,0.8848,0.4129
Q9DB52_S140___2,-0.08556,No,0.9606,0.6914
Q9DB52_S170___2,-0.02846,No,0.9906,0.895
Q9DB52_S264___2,0.04256,No,0.9833,0.8435
Q9DB52_S273___2,0.06773,No,0.9706,0.7534
Q9DB85_S62___2,0.1222,No,0.935,0.5708
Q9DB85_S172___2,0.1593,No,0.9059,0.46
Q9DBC3_S27___2,0.1189,No,0.9358,0.5811
Q9DBD5_S740___2,0.3037,No,0.6543,0.1589
Q9DBE9_S335___2,-0.1223,No,0.935,0.5705
Q9DBE9_S336___2,-0.1223,No,0.935,0.5705
Q9DBJ3_S261___2,-0.1165,No,0.9359,0.5889
Q9DBR0_S320___2,0.1911,No,0.8649,0.3753
Q9DBR0_S325___2,0.1911,No,0.8649,0.3753
Q9DBR2_S406___2,0.3701,No,0.4956,0.0859
Q9DBR7_S473___2,-0.1196,No,0.9358,0.5791
Q9DBZ9_S685___2,-0.7245,Yes,0.0239,0.0008
Q9DBZ9_S231___2,0.1067,No,0.9407,0.6207
Q9DBZ9_S244___2,-0.418,No,0.3861,0.0525
Q9DC22_S863___2,0.08617,No,0.9594,0.6893
Q9DC22_S673___2,0.2041,No,0.8478,0.3436
Q9DCD5_S506___2,0.05185,No,0.9786,0.8099
Q9DD18_S197___2,-0.0284,No,0.9906,0.8952
Q9EP71_S293___2,-0.0005137,No,>0.9999,0.9981
Q9EP97_S71___2,0.07931,No,0.9653,0.7129
Q9EP97_S73___2,0.07931,No,0.9653,0.7129
Q9EP97_S175___2,0.3185,No,0.6184,0.1395
Q9EPC1_S14___2,-0.001183,No,>0.9999,0.9956
Q9EQG3_S175___2,-0.05545,No,0.9775,0.797
Q9EQJ9_S829___2,-0.2849,No,0.6926,0.1863
Q9EQM6_S373___2,0.3627,No,0.5125,0.0924
Q9EQM6_S271___2,0.07611,No,0.9681,0.724
Q9EQM6_S275___2,0.07611,No,0.9681,0.724
Q9ERU9_S781___2,0.03505,No,0.9855,0.8708
Q9ES00_S84___2,0.4751,No,0.2698,0.0275
Q9ES18_S161___2,-0.01278,No,0.9979,0.9527
Q9ESC8_S1052___2,-0.1619,No,0.9036,0.4526
Q9ESC8_S698___2,0.01161,No,0.9979,0.957
Q9ESC8_S701___2,0.01161,No,0.9979,0.957
Q9ESJ1_S272___2,-0.1465,No,0.9138,0.4967
Q9ESL4_S687___2,0.1944,No,0.8616,0.3671
Q9ESN6_S456___2,-0.2888,No,0.6835,0.1803
Q9ESN6_S459___2,-0.2888,No,0.6835,0.1803
Q9ESN6_S424___2,0.03378,No,0.9868,0.8755
Q9ESX5_S451___2,-0.04299,No,0.9833,0.8419
Q9ESX5_S453___2,-0.04299,No,0.9833,0.8419
Q9ET78_S479___2,-0.8868,Yes,0.0025,<0.0001
Q9ET78_S613___2,-0.2657,No,0.7343,0.2177
Q9ET80_S465___2,0.3819,No,0.4712,0.0764
Q9ET80_S475___2,-0.7619,Yes,0.0148,0.0004
Q9ET80_S480___2,-0.773,Yes,0.0128,0.0003
Q9ET80_S448___2,-0.4543,No,0.3053,0.0351
Q9ET80_S452___2,-0.4543,No,0.3053,0.0351
Q9JHU2_S375___2,0.4547,No,0.3052,0.0349
Q9JIA7_S364___2,-0.2438,No,0.7761,0.258
Q9JIK5_S245___2,-1.039,Yes,0.0002,<0.0001
Q9JIM3_S968___2,-0.1172,No,0.9359,0.5867
Q9JIM3_S971___2,-0.1172,No,0.9359,0.5867
Q9JJA7_S335___2,0.2424,No,0.7794,0.2607
Q9JJC9_S94___2,0.4747,No,0.2699,0.0277
Q9JJY3_S294___2,-0.06625,No,0.9712,0.7586
Q9JJY3_S296___2,0.1518,No,0.9129,0.4814
Q9JJY3_S183___2,-0.0736,No,0.9691,0.7328
Q9JJZ6_S284___2,-0.3195,No,0.6164,0.1382
Q9JKB3_S358___2,-0.3358,No,0.5783,0.1193
Q9JKB3_S193___2,0.09175,No,0.9537,0.6704
Q9JKB3_S196___2,0.09175,No,0.9537,0.6704
Q9JL99_S39___2,0.04369,No,0.9833,0.8394
Q9JL99_S40___2,0.04369,No,0.9833,0.8394
Q9JLM8_S352___2,-0.5189,No,0.1944,0.0161
Q9JLM8_S355___2,-0.5189,No,0.1944,0.0161
Q9JLM8_S305___2,-0.0284,No,0.9906,0.8952
Q9JLM8_S310___2,0.01823,No,0.9954,0.9326
Q9JLM8_S320___2,-0.2922,No,0.6767,0.1752
Q9JLM8_S330___2,-0.1599,No,0.9049,0.4582
Q9JLM8_S332___2,-0.104,No,0.9434,0.6294
Q9JLM8_S334___2,0.2991,No,0.6642,0.1652
Q9JLM8_S340___2,-0.1941,No,0.8616,0.3678
Q9JLM8_S32___2,0.2061,No,0.8443,0.339
Q9JLM8_S36___2,0.2061,No,0.8443,0.339
Q9JLN9_S2478___2,0.8777,Yes,0.0029,<0.0001
Q9JLQ0_S514___2,0.153,No,0.912,0.4778
Q9JM73_S224___2,-0.1485,No,0.9129,0.4908
Q9JM96_S136___2,0.05349,No,0.9779,0.804
Q9JMD1_S772___2,0.1624,No,0.9028,0.4511
Q9JMH9_S2032___2,-0.02256,No,0.9928,0.9167
Q9JMH9_S2034___2,-0.02256,No,0.9928,0.9167
Q9JMH9_S98___2,-0.08766,No,0.9574,0.6842
Q9JMH9_S1970___2,-0.0793,No,0.9653,0.713
Q9JMH9_S1994___2,-0.3366,No,0.5761,0.1184
Q9JMH9_S1998___2,-0.3366,No,0.5761,0.1184
Q9JMH9_S160___2,0.1842,No,0.8734,0.3927
Q9JMH9_S164___2,0.1842,No,0.8734,0.3927
Q9JMK2_S405___2,-0.1247,No,0.9344,0.5628
Q9JMK2_S408___2,-0.1247,No,0.9344,0.5628
Q9QXK2_S103___2,0.9429,Yes,0.001,<0.0001
Q9QXM1_S130___2,-0.1329,No,0.9249,0.5376
Q9QXZ0_S7299___2,0.3731,No,0.4904,0.0835
Q9QY01_S507___2,-0.03919,No,0.9834,0.8557
Q9QYE6_S150___2,0.292,No,0.6772,0.1756
Q9QYR6_S2066___2,0.01292,No,0.9978,0.9522
Q9QYR6_S526___2,-0.148,No,0.9129,0.4924
Q9QYR6_S527___2,-0.148,No,0.9129,0.4924
Q9QYR6_S1648___2,0.1797,No,0.8795,0.4045
Q9QYR6_S1768___2,0.108,No,0.9401,0.6164
Q9QYR6_S1772___2,0.108,No,0.9401,0.6164
Q9QYR6_S895___2,-0.1571,No,0.9081,0.4661
Q9QYR6_S899___2,-0.1571,No,0.9081,0.4661
Q9QYY0_S649___2,0.1958,No,0.86,0.3638
Q9R020_S290___2,-1.237,Yes,<0.0001,<0.0001
Q9R020_S288___2,-0.929,Yes,0.0013,<0.0001
Q9R0A1_S673___2,-0.05486,No,0.9777,0.7991
Q9R0G7_S784___2,-0.2382,No,0.7861,0.2692
Q9R0G7_S356___2,-0.09832,No,0.9474,0.6483
Q9R0L6_S384___2,0.1004,No,0.9455,0.6414
Q9R0L6_S119___2,-0.1416,No,0.9199,0.5112
Q9R0L6_S121___2,0.07071,No,0.9703,0.7429
Q9R0L6_S1777___2,0.04593,No,0.9833,0.8313
Q9R0L6_S68___2,-0.111,No,0.9398,0.6065
Q9R1C7_S934___2,0.0641,No,0.9716,0.7662
Q9R1R2_S458___2,-0.4094,No,0.4053,0.0575
Q9R1Y5_S310___2,0.04213,No,0.9833,0.845
Q9R1Z8_S389___2,0.04097,No,0.9833,0.8492
Q9R1Z8_S402___2,0.04097,No,0.9833,0.8492
Q9R210_S108___2,0.08495,No,0.9608,0.6935
Q9R210_S113___2,-0.1099,No,0.9401,0.6103
Q9R210_S121___2,0.1824,No,0.8765,0.3976
Q9WTQ5_S1290___2,0.06382,No,0.9721,0.7672
Q9WTQ5_S615___2,0.1772,No,0.8843,0.4111
Q9WTQ5_S630___2,-0.1231,No,0.9347,0.5679
Q9WTV7_S227___2,-0.129,No,0.9303,0.5496
Q9WU42_S149___2,0.01917,No,0.9953,0.9291
Q9WUA6_S472___2,-0.563,No,0.1333,0.009
Q9WUF3_S1530___2,-0.0415,No,0.9833,0.8473
Q9WV34_S121___2,0.3374,No,0.5757,0.1175
Q9WV60_S25___2,-0.2768,No,0.7095,0.1991
Q9WV70_S673___2,-0.07707,No,0.9669,0.7207
Q9WV70_S674___2,-0.07707,No,0.9669,0.7207
Q9WVC3_S20___2,-0.02186,No,0.9929,0.9192
Q9WVC3_S23___2,0.03661,No,0.9853,0.8651
Q9WVE8_S313___2,-0.09952,No,0.9459,0.6443
Q9WVH4_S298___2,0.07828,No,0.9656,0.7165
Q9Z0F8_S773___2,0.2196,No,0.8193,0.3082
Q9Z0P4_S365___2,0.02184,No,0.9929,0.9193
Q9Z0S5_S214___2,0.2775,No,0.7079,0.198
Q9Z0U1_S111___2,0.2445,No,0.7748,0.2568
Q9Z0U1_S380___2,-0.1558,No,0.9086,0.4699
Q9Z131_S378___2,0.2602,No,0.7437,0.2274
Q9Z1J1_S321___2,0.126,No,0.9335,0.5588
Q9Z1J1_S328___2,0.126,No,0.9335,0.5588
Q9Z1Z2_S335___2,-0.03817,No,0.984,0.8594
Q9Z1Z2_S338___2,-0.03817,No,0.984,0.8594
Q9Z277_S1468___2,-0.7709,Yes,0.0132,0.0003
Q9Z2F6_S373___2,-0.1226,No,0.9347,0.5695
Q9Z2F7_S61___2,0.101,No,0.9449,0.6395
Q9Z2Q2_S312___2,0.08243,No,0.9635,0.7022
Q9Z2R6_S39___2,0.1448,No,0.9165,0.5018
A2A884_T1926___2,0.1258,No,0.9335,0.5596
A2AJI0_T278___2,-0.4252,No,0.37,0.0485
A2AQH4_T1450___2,-0.2141,No,0.8291,0.3206
A2AR02_T746___2,-0.3714,No,0.4935,0.0849
A2BH40_T1760___2,0.1498,No,0.9129,0.487
A6H8H2_T966___2,0.4284,No,0.3639,0.0469
B9EJ80_T967___2,0.2015,No,0.8489,0.3498
B9EKR1_T1684___2,-0.3734,No,0.4904,0.0832
E9PYH6_T523___2,0.1394,No,0.9208,0.518
E9PYH6_T1174___2,0.8316,Yes,0.006,0.0001
E9PYL2_T1555___2,-0.2858,No,0.6914,0.1849
E9PYL2_T1295___2,-0.42,No,0.3807,0.0514
E9Q286_T1577___2,-0.06139,No,0.9747,0.7758
E9Q4F7_T1783___2,-0.8469,Yes,0.0047,<0.0001
E9Q5C9_T610___2,-0.5793,No,0.1154,0.0072
E9Q5C9_T613___2,-0.5793,No,0.1154,0.0072
E9Q5C9_T400___2,-0.04135,No,0.9833,0.8479
E9Q784_T353___2,-0.06493,No,0.9712,0.7632
E9Q7F2_T306___2,-0.1098,No,0.9401,0.6106
E9Q942_T63___2,-0.2419,No,0.7809,0.2617
E9Q9R9_T984___2,-0.1917,No,0.8635,0.3738
F6ZDS4_T2135___2,0.2384,No,0.7859,0.2688
F8VPU2_T419___2,0.06148,No,0.9747,0.7755
F8VPU2_T34___2,-0.07827,No,0.9656,0.7165
G3X9J0_T1694___2,0.02307,No,0.9923,0.9148
G3X9J0_T1698___2,0.02307,No,0.9923,0.9148
G5E870_T1454___2,-1.188,Yes,<0.0001,<0.0001
G5E870_T83___2,-0.4575,No,0.2999,0.0338
O08553_T514___2,0.247,No,0.7674,0.2518
O08784_T104___2,-0.06057,No,0.9747,0.7787
O08784_T108___2,-0.06057,No,0.9747,0.7787
O08784_T860___2,0.3829,No,0.4696,0.0757
O35126_T638___2,0.1235,No,0.9346,0.5668
O35130_T25___2,0.2266,No,0.809,0.2931
O35615_T495___2,0.2428,No,0.7776,0.2599
O35682_T19___2,0.3912,No,0.4493,0.0695
O54724_T40___2,0.1017,No,0.9449,0.6371
O54916_T538___2,0.05695,No,0.9763,0.7916
O55201_T661___2,-0.1647,No,0.901,0.4447
O70279_T422___2,-0.2298,No,0.8048,0.2864
O70279_T444___2,-0.09605,No,0.9496,0.6559
O88466_T1383___2,-0.1129,No,0.9385,0.6004
O88792_T286___2,-0.5478,No,0.155,0.011
P01108_T58___2,-0.1553,No,0.9088,0.4713
P09405_T99___2,0.2472,No,0.7671,0.2515
P09405_T106___2,0.2472,No,0.7671,0.2515
P09450_T252___2,-0.09797,No,0.9476,0.6495
P13405_T246___2,0.05821,No,0.9754,0.7871
P14873_T1784___2,-0.3977,No,0.4343,0.065
P23242_T326___2,0.09564,No,0.9496,0.6573
P24788_T584___2,0.04451,No,0.9833,0.8364
P26231_T634___2,0.4591,No,0.2976,0.0332
P26231_T645___2,0.046,No,0.9833,0.831
P26231_T654___2,0.03604,No,0.9853,0.8672
P28867_T505___2,-0.3689,No,0.4973,0.087
P30415_T253___2,0.07442,No,0.9691,0.7299
P32507_T401___2,0.02726,No,0.991,0.8994
P33611_T130___2,0.413,No,0.398,0.0554
P34152_T575___2,-0.1884,No,0.8678,0.3821
P35585_T154___2,-0.09203,No,0.9537,0.6694
P42128_T408___2,0.04818,No,0.983,0.8231
P48678_T19___2,0.5921,No,0.104,0.006
P48678_T394___2,0.03384,No,0.9867,0.8753
P52482_T28___2,0.2183,No,0.8224,0.3112
P57787_T465___2,0.06492,No,0.9712,0.7633
P57787_T468___2,0.06492,No,0.9712,0.7633
P58871_T1025___2,0.2416,No,0.781,0.2623
P59997_T550___2,0.3,No,0.6625,0.164
P59997_T713___2,0.04786,No,0.983,0.8243
P62754_T241___2,-0.2357,No,0.7922,0.2742
P70178_T269___2,0.2418,No,0.781,0.262
P70257_T463___2,0.09408,No,0.951,0.6625
P70399_T434___2,0.3434,No,0.5622,0.1112
P70445_T37___2,-0.1905,No,0.8664,0.3769
P70445_T46___2,-0.1905,No,0.8664,0.3769
P70459_T3___2,0.3716,No,0.4933,0.0847
P81122_T771___2,-0.08761,No,0.9574,0.6844
P97434_T295___2,0.07277,No,0.9696,0.7357
P97434_T623___2,0.1114,No,0.9395,0.6052
P97820_T828___2,-0.4146,No,0.3946,0.0544
P97863_T327___2,0.4167,No,0.3893,0.0532
Q03147_T175___2,0.0934,No,0.9513,0.6648
Q03347_T14___2,0.08581,No,0.9602,0.6906
Q05CL8_T335___2,0.5886,No,0.1064,0.0063
Q05CL8_T251___2,0.5095,No,0.2105,0.0181
Q05CL8_T260___2,0.02482,No,0.9915,0.9083
Q08274_T457___2,0.3924,No,0.4463,0.0687
Q08274_T461___2,0.3924,No,0.4463,0.0687
Q09XV5_T2206___2,-0.1553,No,0.9088,0.4714
Q0P678_T62___2,0.2496,No,0.7626,0.2468
Q2KN98_T875___2,0.2828,No,0.6985,0.1895
Q3THK3_T389___2,0.06246,No,0.9738,0.772
Q3THK3_T437___2,-0.03517,No,0.9855,0.8704
Q3TIR3_T440___2,0.03785,No,0.9843,0.8606
Q3TUF7_T477___2,0.09276,No,0.9526,0.667
Q3TXS7_T311___2,-0.009948,No,0.9992,0.9632
Q3UHJ0_T618___2,0.02149,No,0.9936,0.9206
Q3UIA2_T730___2,-0.0118,No,0.9979,0.9563
Q3UIA2_T736___2,0.06744,No,0.9706,0.7544
Q3UIA2_T740___2,0.08029,No,0.9643,0.7095
Q3UJB9_T879___2,-0.09459,No,0.9504,0.6608
Q3UJB9_T906___2,0.04255,No,0.9833,0.8435
Q3UMY5_T160___2,0.3728,No,0.4913,0.0837
Q3USB7_T94___2,0.1861,No,0.8701,0.3881
Q52KI8_T712___2,0.2311,No,0.8024,0.2836
Q52KI8_T404___2,-0.2406,No,0.7825,0.2642
Q571I4_T810___2,-0.1364,No,0.9234,0.527
Q5EG47_T490___2,-0.03414,No,0.9865,0.8741
Q5F293_T953___2,-0.3914,No,0.4492,0.0694
Q5H8C4_T831___2,0.03613,No,0.9853,0.8669
Q5HZG4_T224___2,0.2663,No,0.7332,0.2166
Q5PSV9_T943___2,-0.1658,No,0.8992,0.4418
Q5PSV9_T623___2,-0.2958,No,0.6682,0.17
Q5RJI5_T583___2,-0.2059,No,0.8443,0.3394
Q5SU73_T169___2,0.4619,No,0.2938,0.0321
Q5SWW4_T326___2,-0.3205,No,0.6151,0.137
Q5SXA9_T527___2,-0.2967,No,0.6661,0.1687
Q5U3K5_T597___2,0.06894,No,0.9706,0.7491
Q5U4C3_T923___2,-0.2132,No,0.8316,0.3227
Q60596_T452___2,0.08287,No,0.9629,0.7006
Q60710_T56___2,-0.06658,No,0.9712,0.7574
Q60793_T320___2,0.3061,No,0.6487,0.1556
Q60876_T36___2,0.6874,Yes,0.0365,0.0014
Q60876_T45___2,0.6874,Yes,0.0365,0.0014
Q60953_T535___2,0.07516,No,0.9691,0.7273
Q60953_T513___2,0.02919,No,0.9906,0.8923
Q61029_T354___2,0.5385,No,0.165,0.0125
Q61033_T163___2,-0.1928,No,0.8633,0.371
Q61103_T248___2,0.7983,Yes,0.0091,0.0002
Q61136_T439___2,0.2127,No,0.8326,0.3238
Q61165_T689___2,-0.4848,No,0.2525,0.0245
Q62130_T608___2,0.1422,No,0.9194,0.5094
Q62188_T514___2,-0.04204,No,0.9833,0.8454
Q62188_T509___2,-0.04796,No,0.983,0.8239
Q62311_T660___2,-0.08477,No,0.9608,0.6941
Q62383_T1530___2,0.2671,No,0.7303,0.2152
Q62407_T379___2,-0.5892,No,0.106,0.0063
Q62445_T772___2,-0.07459,No,0.9691,0.7293
Q64512_T902___2,-0.2542,No,0.7545,0.2383
Q68FF6_T401___2,0.2399,No,0.7836,0.2658
Q69Z38_T280___2,-0.3248,No,0.6058,0.1319
Q69Z38_T778___2,0.2182,No,0.8224,0.3114
Q69ZJ7_T995___2,0.405,No,0.4153,0.0603
Q6A068_T411___2,-0.3843,No,0.4676,0.0746
Q6A068_T415___2,-0.0705,No,0.9703,0.7436
Q6A068_T424___2,-0.2843,No,0.6942,0.1872
Q6A068_T438___2,-0.2239,No,0.8116,0.299
Q6DFV5_T1163___2,0.0438,No,0.9833,0.839
Q6KCD5_T2661___2,-0.1462,No,0.9138,0.4976
Q6NVE8_T403___2,-0.07032,No,0.9704,0.7443
Q6NZJ6_T1226___2,-0.2142,No,0.8291,0.3203
Q6NZJ6_T214___2,-0.05676,No,0.9766,0.7923
Q6P1D7_T883___2,-0.05089,No,0.9806,0.8134
Q6P9S0_T257___2,0.157,No,0.9081,0.4665
Q6PAL8_T1079___2,-0.2718,No,0.7182,0.2073
Q6PFR5_T86___2,0.1245,No,0.9344,0.5634
Q6Y7W8_T383___2,0.3731,No,0.4904,0.0835
Q6ZQ58_T503___2,-0.2616,No,0.743,0.2248
Q6ZQ58_T842___2,0.6467,No,0.0576,0.0027
Q6ZQ58_T765___2,-0.4942,No,0.235,0.0219
Q6ZWQ0_T4094___2,-0.3892,No,0.4546,0.071
Q7TMY8_T3927___2,-0.137,No,0.9234,0.525
Q7TNC6_T1960___2,0.05398,No,0.9779,0.8022
Q7TNC6_T1414___2,0.104,No,0.9434,0.6295
Q7TPV4_T1277___2,0.4836,No,0.2534,0.0249
Q7TPV4_T1256___2,0.573,No,0.121,0.0079
Q80T85_T500___2,-0.1752,No,0.8883,0.4164
Q80TY0_T294___2,0.6562,No,0.0522,0.0023
Q80U35_T692___2,-0.1436,No,0.9172,0.5052
Q80U49_T567___2,-0.2581,No,0.748,0.2311
Q80U49_T537___2,0.4093,No,0.4053,0.0576
Q80U49_T541___2,0.08404,No,0.9612,0.6966
Q80U58_T174___2,-0.2827,No,0.6987,0.1897
Q80UW5_T1492___2,0.1701,No,0.8962,0.4302
Q80VP1_T459___2,0.01702,No,0.9959,0.9371
Q80XU3_T179___2,0.4366,No,0.3446,0.0428
Q80Z96_T84___2,-0.1936,No,0.8616,0.369
Q8BGD9_T500___2,0.1476,No,0.9129,0.4935
Q8BGT6_T479___2,-0.1071,No,0.9406,0.6194
Q8BGW2_T253___2,-0.1687,No,0.8976,0.4338
Q8BGZ4_T582___2,0.145,No,0.9163,0.5011
Q8BHL3_T140___2,0.3658,No,0.5052,0.0897
Q8BIE6_T887___2,-0.2694,No,0.7242,0.2114
Q8BK03_T218___2,0.2252,No,0.8106,0.2961
Q8BKT3_T86___2,0.1108,No,0.9398,0.6073
Q8BKX6_T3570___2,0.0356,No,0.9855,0.8688
Q8BLH7_T135___2,0.4827,No,0.2553,0.0251
Q8BLH7_T391___2,0.02344,No,0.9922,0.9134
Q8BMB0_T171___2,-0.07232,No,0.9696,0.7372
Q8BQZ4_T724___2,-0.4226,No,0.3755,0.05
Q8BR63_T66___2,0.2631,No,0.7399,0.2223
Q8BTI8_T955___2,0.225,No,0.8106,0.2965
Q8BTI8_T823___2,0.2348,No,0.7928,0.2761
Q8BTI8_T841___2,0.06821,No,0.9706,0.7517
Q8BTI8_T1986___2,0.1627,No,0.9028,0.4505
Q8BTI8_T1467___2,0.06713,No,0.9712,0.7555
Q8BTY2_T951___2,0.1052,No,0.9419,0.6255
Q8BVE8_T110___2,-0.09477,No,0.9504,0.6602
Q8BVE8_T115___2,-0.09477,No,0.9504,0.6602
Q8BX02_T170___2,0.3952,No,0.4395,0.0667
Q8BYC6_T437___2,-0.4306,No,0.3586,0.0457
Q8BZ47_T565___2,-0.4169,No,0.3889,0.0531
Q8C0D4_T229___2,-0.05849,No,0.9752,0.7861
Q8C0T5_T1551___2,-0.03315,No,0.9871,0.8778
Q8C0T5_T1552___2,0.07697,No,0.9669,0.721
Q8C180_T138___2,0.1439,No,0.9168,0.5045
Q8C6M1_T378___2,0.2019,No,0.8487,0.349
Q8C729_T423___2,0.07531,No,0.9691,0.7268
Q8C804_T236___2,0.2277,No,0.8074,0.2907
Q8CAF4_T179___2,-0.131,No,0.9286,0.5433
Q8CAF4_T181___2,-0.131,No,0.9286,0.5433
Q8CCF0_T455___2,-0.437,No,0.3441,0.0426
Q8CGZ0_T828___2,-0.09744,No,0.9481,0.6512
Q8CHP6_T607___2,0.06317,No,0.973,0.7695
Q8CI12_T96___2,0.1187,No,0.9359,0.5817
Q8CID0_T288___2,-0.03486,No,0.9857,0.8715
Q8CJ19_T1452___2,-0.2287,No,0.8056,0.2887
Q8CJF7_T1224___2,-0.1223,No,0.935,0.5704
Q8K019_T303___2,-0.3049,No,0.6516,0.1572
Q8K0Q5_T152___2,-0.5691,No,0.1255,0.0083
Q8K0Q5_T156___2,-0.5691,No,0.1255,0.0083
Q8K298_T392___2,0.4376,No,0.3435,0.0423
Q8K298_T396___2,0.4376,No,0.3435,0.0423
Q8K2H1_T214___2,0.3214,No,0.6137,0.1359
Q8K2P7_T54___2,-0.1209,No,0.9353,0.5749
Q8K327_T371___2,0.1409,No,0.9206,0.5133
Q8K3A9_T188___2,-0.08642,No,0.9594,0.6885
Q8K3G5_T104___2,0.05689,No,0.9763,0.7918
Q8K3W3_T13___2,0.5118,No,0.2073,0.0176
Q8K4L3_T1186___2,-0.2934,No,0.6741,0.1735
Q8R0S1_T101___2,0.09724,No,0.9481,0.6519
Q8R0S1_T51___2,0.1894,No,0.8667,0.3795
Q8R1Q8_T408___2,0.6411,No,0.0611,0.0029
Q8R3B1_T457___2,-0.07299,No,0.9696,0.7349
Q8R3B7_T264___2,0.159,No,0.9066,0.4608
Q8VEL2_T620___2,-0.04027,No,0.9834,0.8518
Q8VHI3_T322___2,-0.5511,No,0.1506,0.0106
Q8VI33_T159___2,-0.1212,No,0.9353,0.5741
Q91V36_T407___2,0.1164,No,0.9359,0.5893
Q91W92_T143___2,-0.2161,No,0.8267,0.3161
Q91ZV8_T1158___2,-0.4968,No,0.2301,0.0212
Q922B9_T85___2,0.006877,No,>0.9999,0.9745
Q922B9_T98___2,-0.2362,No,0.7915,0.2732
Q924A2_T2310___2,-0.04884,No,0.9828,0.8207
Q99K01_T691___2,-0.07766,No,0.9663,0.7186
Q99MS7_T278___2,-0.06427,No,0.9716,0.7656
Q99NB9_T244___2,-0.5632,No,0.1331,0.009
Q99NB9_T248___2,-0.5632,No,0.1331,0.009
Q99NB9_T436___2,-0.01809,No,0.9955,0.9331
Q99NB9_T341___2,0.08987,No,0.9556,0.6767
Q99NB9_T142___2,-0.1015,No,0.9449,0.6378
Q9CQV4_T307___2,0.1205,No,0.9353,0.5762
Q9CT10_T479___2,-0.007078,No,>0.9999,0.9738
Q9CYA6_T474___2,0.2228,No,0.8139,0.3014
Q9CYA6_T482___2,0.2228,No,0.8139,0.3014
Q9CYZ2_T187___2,-0.1557,No,0.9086,0.4702
Q9CZJ2_T42___2,0.2918,No,0.6779,0.1759
Q9CZX2_T35___2,0.145,No,0.9163,0.5012
Q9CZX5_T228___2,-0.009692,No,0.9993,0.9641
Q9CZX7_T22___2,-0.1582,No,0.9073,0.463
Q9D1E6_T185___2,-0.02852,No,0.9906,0.8947
Q9D2D7_T101___2,-0.1702,No,0.8962,0.4296
Q9D6Z1_T546___2,-0.2791,No,0.7038,0.1954
Q9D824_T481___2,0.2735,No,0.7156,0.2044
Q9D8T7_T104___2,-0.0812,No,0.9643,0.7064
Q9DBJ3_T257___2,-0.1165,No,0.9359,0.5889
Q9DBR2_T125___2,-0.3301,No,0.5933,0.1256
Q9DC22_T670___2,0.2041,No,0.8478,0.3436
Q9EP97_T170___2,-0.005225,No,>0.9999,0.9807
Q9EQN3_T183___2,0.2106,No,0.8361,0.3285
Q9ERU9_T779___2,-0.131,No,0.9286,0.5435
Q9ESJ1_T270___2,-0.1465,No,0.9138,0.4967
Q9ET80_T461___2,0.3819,No,0.4712,0.0764
Q9JKV2_T157___2,-0.1083,No,0.9401,0.6153
Q9JLM8_T336___2,0.08966,No,0.9556,0.6774
Q9JLV1_T291___2,0.007829,No,>0.9999,0.971
Q9QYC0_T610___2,0.2125,No,0.8329,0.3242
Q9QYC0_T614___2,0.2125,No,0.8329,0.3242
Q9QYR6_T2064___2,0.01292,No,0.9978,0.9522
Q9QYR6_T1162___2,0.1798,No,0.8795,0.4042
Q9QZI8_T347___2,0.3762,No,0.4843,0.0809
Q9R0G7_T782___2,-0.2382,No,0.7861,0.2692
Q9R1Y5_T303___2,0.04213,No,0.9833,0.845
Q9WUF3_T1528___2,-0.0415,No,0.9833,0.8473
Q9WV34_T117___2,0.3374,No,0.5757,0.1175
Q9WVM1_T564___2,0.8695,Yes,0.0033,<0.0001
Q9Z0P4_T363___2,0.02184,No,0.9929,0.9193
Q9Z1D1_T41___2,0.1053,No,0.9419,0.625
Q9Z2B9_T687___2,0.05477,No,0.9777,0.7994
Q9Z2D1_T637___2,-0.1185,No,0.9359,0.5824
Q9Z2Q2_T314___2,0.08243,No,0.9635,0.7022
O88379_Y388___2,-0.1499,No,0.9129,0.4869
O88379_Y391___2,-0.1499,No,0.9129,0.4869
P34152_Y577___2,-0.1621,No,0.9032,0.4522
P39447_Y132___2,-0.1485,No,0.9129,0.4909
P97497_Y47___2,-0.2212,No,0.8179,0.3048
P97863_Y290___2,-0.0206,No,0.9943,0.9239
Q3TC93_Y71___2,-0.3757,No,0.485,0.0813
Q5Y5T5_Y538___2,-0.05948,No,0.9747,0.7826
Q68FF6_Y607___2,0.1044,No,0.9433,0.628
Q69Z38_Y632___2,-0.5146,No,0.202,0.017
Q69Z38_Y638___2,-0.5146,No,0.202,0.017
Q8CJ27_Y1451___2,0.07158,No,0.9697,0.7398
Q8CJ27_Y1453___2,0.07158,No,0.9697,0.7398
Q8VDZ4_Y533___2,-0.05948,No,0.9747,0.7826
Q9DB20_Y193___2,-0.1765,No,0.8848,0.4129
Q9JKV2_Y159___2,-0.1083,No,0.9401,0.6153
A1KXC4_S202___3,-0.4158,No,0.3917,0.0537
A1KXC4_S206___3,-0.4158,No,0.3917,0.0537
A2ALU4_S881___3,0.2198,No,0.8192,0.3079
A2ALU4_S885___3,0.2198,No,0.8192,0.3079
A2ALU4_S891___3,0.2198,No,0.8192,0.3079
A2AR02_S254___3,-0.01691,No,0.9959,0.9375
A2AR02_S255___3,-0.01691,No,0.9959,0.9375
A2AR02_S257___3,-0.01691,No,0.9959,0.9375
E9Q784_S316___3,0.03147,No,0.9888,0.8839
E9Q784_S318___3,0.03147,No,0.9888,0.8839
E9Q784_S909___3,-0.8447,Yes,0.0049,<0.0001
E9Q784_S369___3,-0.5246,No,0.1842,0.0149
E9Q784_S371___3,-0.5246,No,0.1842,0.0149
E9Q784_S380___3,-0.5246,No,0.1842,0.0149
E9Q8I9_S3___3,0.3056,No,0.6494,0.1563
E9Q8I9_S13___3,0.3056,No,0.6494,0.1563
G3X9K3_S1009___3,0.207,No,0.8432,0.3369
G3X9K3_S1010___3,0.207,No,0.8432,0.3369
G5E870_S75___3,-0.5021,No,0.2233,0.0198
O54724_S389___3,-0.09141,No,0.9543,0.6715
O54916_S162___3,0.141,No,0.9206,0.513
O54916_S170___3,0.141,No,0.9206,0.513
O70133_S897___3,0.1218,No,0.9352,0.5721
O70458_S508___3,-0.1211,No,0.9353,0.5742
O70458_S512___3,-0.1211,No,0.9353,0.5742
O70458_S523___3,-0.1211,No,0.9353,0.5742
P20357_S1787___3,-0.3751,No,0.4861,0.0818
P34152_S705___3,0.348,No,0.5494,0.1064
P34152_S708___3,0.348,No,0.5494,0.1064
P35918_S195___3,-0.3832,No,0.469,0.0755
P49586_S315___3,0.09232,No,0.9533,0.6684
P49586_S319___3,0.09232,No,0.9533,0.6684
P62754_S244___3,-0.7778,Yes,0.0122,0.0003
P70335_S1333___3,-0.5999,No,0.096,0.0054
P70335_S1336___3,-0.5999,No,0.096,0.0054
P70335_S1341___3,-0.5999,No,0.096,0.0054
P70399_S122___3,-0.08086,No,0.9643,0.7076
P70399_S123___3,-0.08086,No,0.9643,0.7076
P70459_S154___3,0.6953,Yes,0.0333,0.0013
P70459_S161___3,0.6953,Yes,0.0333,0.0013
Q2KN98_S871___3,0.2018,No,0.8487,0.3492
Q3KQJ0_S85___3,-0.2393,No,0.7843,0.2669
Q3TWW8_S297___3,0.06131,No,0.9747,0.7761
Q3UJV1_S336___3,-0.501,No,0.2247,0.0201
Q3UMB5_S491___3,0.1195,No,0.9358,0.5793
Q52KI8_S832___3,0.137,No,0.9234,0.5251
Q52KI8_S838___3,0.137,No,0.9234,0.5251
Q52KI8_S843___3,0.3737,No,0.4898,0.083
Q5SSI6_S118___3,0.265,No,0.7353,0.2189
Q60592_S131___3,-0.1083,No,0.9401,0.6154
Q60838_S620___3,-0.01453,No,0.9978,0.9462
Q62504_S766___3,-0.6169,No,0.0795,0.0042
Q62504_S771___3,-0.3452,No,0.5581,0.1093
Q6A0A9_S1038___3,-0.1805,No,0.8782,0.4024
Q6A0A9_S1039___3,-0.1805,No,0.8782,0.4024
Q6A0A9_S1042___3,-0.1805,No,0.8782,0.4024
Q6DFV5_S1177___3,-0.1623,No,0.9028,0.4515
Q6KCD5_S284___3,-0.289,No,0.6835,0.1799
Q6NZJ6_S230___3,-0.02139,No,0.9938,0.921
Q6P5D4_S853___3,-0.2796,No,0.7026,0.1945
Q6P9P0_S622___3,-0.3054,No,0.6494,0.1565
Q6P9P0_S625___3,-0.3054,No,0.6494,0.1565
Q6VH22_S342___3,-0.008401,No,>0.9999,0.9689
Q6VH22_S343___3,-0.008401,No,>0.9999,0.9689
Q6ZPJ0_S791___3,0.2587,No,0.7462,0.2301
Q6ZPJ0_S795___3,0.2587,No,0.7462,0.2301
Q6ZQ03_S953___3,0.009802,No,0.9993,0.9637
Q6ZQ03_S959___3,0.009802,No,0.9993,0.9637
Q7TMR0_S47___3,-0.3235,No,0.6084,0.1334
Q80UG2_S1646___3,-0.6331,No,0.0664,0.0033
Q80WC3_S917___3,-0.2525,No,0.7576,0.2414
Q80WC3_S921___3,-0.2525,No,0.7576,0.2414
Q80WC3_S925___3,-0.2525,No,0.7576,0.2414
Q8BJL1_S144___3,-0.1116,No,0.9395,0.6046
Q8BTI8_S344___3,-0.06815,No,0.9706,0.7519
Q8BTI8_S435___3,0.04883,No,0.9828,0.8208
Q8BTI8_S1533___3,-0.1542,No,0.9101,0.4745
Q8BTI8_S1535___3,-0.1542,No,0.9101,0.4745
Q8BTI8_S1537___3,-0.1542,No,0.9101,0.4745
Q8BTI8_S1538___3,-0.1542,No,0.9101,0.4745
Q8BTI8_S1687___3,0.2644,No,0.7372,0.22
Q8BTI8_S882___3,0.03983,No,0.9834,0.8534
Q8BTI8_S886___3,0.03983,No,0.9834,0.8534
Q8BTI8_S888___3,0.03032,No,0.99,0.8882
Q8BV57_S1186___3,0.05264,No,0.9785,0.8071
Q8BV57_S1187___3,0.05264,No,0.9785,0.8071
Q8C1D8_S306___3,0.2243,No,0.811,0.298
Q8C1D8_S307___3,0.2243,No,0.811,0.298
Q8C1D8_S309___3,0.2243,No,0.811,0.298
Q8C729_S416___3,0.1957,No,0.86,0.364
Q8CCN5_S480___3,0.3279,No,0.5972,0.1283
Q8CCN5_S492___3,0.3279,No,0.5972,0.1283
Q8CDE2_S332___3,-0.1419,No,0.9194,0.5104
Q8CGZ0_S822___3,0.1265,No,0.9335,0.5573
Q8CHY6_S110___3,0.2112,No,0.8349,0.3271
Q8CJF7_S1214___3,-0.5337,No,0.1721,0.0133
Q8K019_S261___3,-0.02691,No,0.9911,0.9007
Q8K194_S59___3,0.07234,No,0.9696,0.7372
Q8K194_S61___3,0.07234,No,0.9696,0.7372
Q8R4X3_S420___3,-0.003242,No,>0.9999,0.988
Q8VE49_S137___3,0.1438,No,0.9168,0.5047
Q91ZE5_S131___3,0.1084,No,0.9401,0.6151
Q91ZE5_S145___3,0.1084,No,0.9401,0.6151
Q924N4_S147___3,0.06051,No,0.9747,0.7789
Q99NB9_S332___3,-0.02029,No,0.9943,0.925
Q99NH0_S1705___3,0.2299,No,0.8048,0.2861
Q99NH0_S1689___3,0.1082,No,0.9401,0.6158
Q9D620_S344___3,0.2148,No,0.8291,0.319
Q9ESU6_S1067___3,-0.08504,No,0.9608,0.6932
Q9ESU6_S1073___3,-0.08504,No,0.9608,0.6932
Q9ESX5_S455___3,-0.2021,No,0.8483,0.3485
Q9QZW9_S277___3,0.2038,No,0.8478,0.3445
Q9R020_S293___3,-0.4703,No,0.2768,0.0291
Q9WU42_S747___3,0.05781,No,0.9757,0.7885
Q9WV70_S239___3,-0.03644,No,0.9853,0.8657
Q9WV70_S240___3,-0.03644,No,0.9853,0.8657
Q9WV70_S241___3,-0.03644,No,0.9853,0.8657
Q9Z2R6_S41___3,0.3575,No,0.5247,0.0972
A1KXC4_T204___3,-0.4158,No,0.3917,0.0537
A1KXC4_T213___3,-0.4158,No,0.3917,0.0537
A1KXC4_T214___3,-0.1726,No,0.8934,0.4234
E9PZJ8_T1105___3,0.364,No,0.5085,0.0913
E9PZJ8_T1107___3,0.364,No,0.5085,0.0913
O70133_T884___3,0.1218,No,0.9352,0.5721
O70133_T889___3,0.1218,No,0.9352,0.5721
P14733_T3___3,-0.701,Yes,0.0312,0.0011
P14733_T5___3,-0.701,Yes,0.0312,0.0011
P42128_T422___3,-0.1522,No,0.9129,0.4801
P46062_T62___3,0.2085,No,0.8402,0.3333
P70399_T121___3,-0.08086,No,0.9643,0.7076
P70399_T128___3,-0.08086,No,0.9643,0.7076
P70459_T148___3,0.6953,Yes,0.0333,0.0013
Q3KQJ0_T86___3,-0.2393,No,0.7843,0.2669
Q3KQJ0_T88___3,-0.2393,No,0.7843,0.2669
Q3UIA2_T734___3,0.07315,No,0.9694,0.7343
Q52KE7_T331___3,-0.2416,No,0.781,0.2623
Q52KI8_T834___3,0.1052,No,0.9419,0.6255
Q5HZJ0_T1296___3,-0.2249,No,0.8106,0.2968
Q5HZJ0_T1298___3,-0.2249,No,0.8106,0.2968
Q62383_T1539___3,0.3436,No,0.5621,0.1109
Q6A068_T404___3,-0.5037,No,0.2204,0.0194
Q6P5D4_T860___3,-0.2796,No,0.7026,0.1945
Q6P9P0_T626___3,-0.3054,No,0.6494,0.1565
Q6VH22_T345___3,-0.008401,No,>0.9999,0.9689
Q6ZQ03_T955___3,0.009802,No,0.9993,0.9637
Q8BJL1_T141___3,-0.1116,No,0.9395,0.6046
Q8BJL1_T147___3,-0.1116,No,0.9395,0.6046
Q8BTI8_T877___3,0.03032,No,0.99,0.8882
Q8BV57_T1183___3,0.05264,No,0.9785,0.8071
Q8R420_T761___3,0.1163,No,0.9359,0.5896
Q91ZE5_T134___3,0.1084,No,0.9401,0.6151
Q91ZE5_T138___3,0.1084,No,0.9401,0.6151
Q91ZE5_T140___3,0.1084,No,0.9401,0.6151
Q924N4_T157___3,0.06051,No,0.9747,0.7789
Q924N4_T160___3,0.06051,No,0.9747,0.7789
Q99NB9_T267___3,0.6569,No,0.0519,0.0023
Q99NB9_T273___3,0.6569,No,0.0519,0.0023
Q99NB9_T278___3,0.6569,No,0.0519,0.0023
Q9ET78_T470___3,-0.9674,Yes,0.0006,<0.0001
Q9QXP7_T95___3,-0.4557,No,0.3035,0.0345
Q9QZW9_T276___3,0.2038,No,0.8478,0.3445
Q9QZW9_T281___3,0.2038,No,0.8478,0.3445
Q9QZW9_T283___3,0.2038,No,0.8478,0.3445
E9PZJ8_Y1108___3,0.364,No,0.5085,0.0913
E9Q8I9_Y16___3,0.3056,No,0.6494,0.1563
O70133_Y877___3,0.1218,No,0.9352,0.5721
P35918_Y196___3,-0.3832,No,0.469,0.0755
Q3KQJ0_Y89___3,-0.2393,No,0.7843,0.2669
Q5HZJ0_Y1297___3,-0.2249,No,0.8106,0.2968
Q5HZJ0_Y1302___3,-0.2249,No,0.8106,0.2968
Q6P5D4_Y858___3,-0.2796,No,0.7026,0.1945
Q7TMR0_Y46___3,-0.3235,No,0.6084,0.1334
Q7TMR0_Y50___3,-0.3235,No,0.6084,0.1334
Q80ZK0_Y32___3,0.5483,No,0.1543,0.011
Q8R420_Y754___3,0.1163,No,0.9359,0.5896
Q8R420_Y758___3,0.1163,No,0.9359,0.5896
Q8VE49_Y138___3,0.1438,No,0.9168,0.5047
Q8VE49_Y142___3,0.1438,No,0.9168,0.5047
Q924N4_Y156___3,0.06051,No,0.9747,0.7789
Q9D2Y9_Y28___3,-0.1503,No,0.9129,0.4856
Q9WTS5_Y2126___3,0.2387,No,0.7854,0.268
Q9WTS5_Y2127___3,0.2387,No,0.7854,0.268
A0A087WPF7-3_S780___1,-0.1836,No,0.8743,0.3943
A0A087WPF7-3_S484___1,0.0768,No,0.9669,0.7216
A0A087WPF7-3_S763___1,0.361,No,0.5158,0.094
A2A699-2_S261___1,0.07001,No,0.9706,0.7453
A2A699-2_S237___1,0.3225,No,0.6117,0.1346
A2A699-2_S239___1,0.1481,No,0.9129,0.4919
A2A699-2_S482___1,-0.4004,No,0.4274,0.0633
A2A699-2_S601___1,-0.1936,No,0.8616,0.3691
A2A791-2_S121___1,-0.05686,No,0.9764,0.7919
A2A791-2_S1459___1,-0.5335,No,0.1722,0.0133
A2A791-2_S1093___1,0.1054,No,0.9419,0.6249
A2A7S8-2_S382___1,-0.106,No,0.9407,0.6228
A2A7S8-2_S216___1,-0.3086,No,0.643,0.1522
A2A7S8-2_S394___1,-0.3911,No,0.4493,0.0696
A2A7S8-2_S397___1,-0.4938,No,0.2356,0.022
A2A7S8-2_S402___1,-0.4524,No,0.3101,0.0358
A2A7S8-2_S600___1,-0.01711,No,0.9959,0.9367
A2A7S8-2_S459___1,0.1959,No,0.86,0.3634
A2A7S8-2_S966___1,-0.00327,No,>0.9999,0.9879
A2A7S8-2_S1016___1,-0.02362,No,0.9922,0.9128
A2A863-2_S1722___1,0.1367,No,0.9234,0.526
A2A9T0-2_S485___1,0.2047,No,0.8463,0.3423
A2AAE1-6_S3562___1,0.0411,No,0.9833,0.8488
A2AAE1-6_S4578___1,0.03828,No,0.984,0.859
A2AAE1-6_S1355___1,0.1106,No,0.9398,0.6079
A2AAE1-6_S1305___1,0.05862,No,0.9752,0.7856
A2AAE1-6_S4343___1,-0.06722,No,0.9712,0.7552
A2AAE1-6_S2755___1,0.03522,No,0.9855,0.8702
A2AAE1-6_S2603___1,-0.0548,No,0.9777,0.7993
A2AGH6-2_S1259___1,0.2315,No,0.8019,0.2828
A2AGH6-2_S636___1,0.1216,No,0.9352,0.5726
A2AIW0-4_S183___1,0.116,No,0.9359,0.5906
A2AJA9-2_S109___1,-0.2335,No,0.7947,0.2787
A2AJA9-2_S435___1,0.1134,No,0.9385,0.5988
A2AJA9-2_S821___1,0.08226,No,0.9639,0.7027
A2AN08-3_S2727___1,0.08495,No,0.9608,0.6935
A2AN08-3_S178___1,0.1945,No,0.8616,0.367
A2AN08-3_S181___1,0.2933,No,0.6741,0.1736
A2AR50-2_S275___1,-0.4311,No,0.3576,0.0455
A2ARP1-3_S1126___1,-0.1761,No,0.8854,0.4138
A2ASQ1-3_S510___1,-0.4848,No,0.2525,0.0245
A2AWL7-4_S448___1,-0.6091,No,0.0871,0.0047
A2BE28-2_S12___1,0.1814,No,0.8771,0.4
A2BE28-2_S20___1,0.1035,No,0.9437,0.6312
A2BE28-2_S665___1,-0.1916,No,0.8635,0.3739
A2CG49-2_S1590___1,0.05941,No,0.9747,0.7829
A2CG63-2_S703___1,-0.1393,No,0.9208,0.5181
A2CG63-2_S827___1,-0.07501,No,0.9691,0.7278
A2CG63-2_S588___1,-0.1413,No,0.9206,0.5121
A3KGS3-2_S820___1,-0.0805,No,0.9643,0.7088
A3KGV1-2_S465___1,0.4423,No,0.3338,0.0402
A6H5X4-2_S17___1,0.03905,No,0.9834,0.8563
A6H5X4-2_S169___1,-0.2068,No,0.8434,0.3373
A6H5X4-2_S258___1,-0.2605,No,0.7437,0.2269
B9EJA2-5_S472___1,-0.2523,No,0.7583,0.2418
E9PVX6-2_S765___1,0.4743,No,0.2702,0.0278
E9PXF8-2_S1085___1,-0.1413,No,0.9206,0.5122
E9Q394-2_S1817___1,-0.2494,No,0.7628,0.2473
E9Q394-2_S1870___1,-0.03427,No,0.9863,0.8737
E9Q394-2_S583___1,0.1045,No,0.9432,0.6279
E9Q394-2_S1528___1,-0.7515,Yes,0.0171,0.0005
E9Q394-2_S1591___1,0.1485,No,0.9129,0.4909
E9Q394-2_S2505___1,-0.2517,No,0.76,0.243
E9Q394-2_S2509___1,-0.03287,No,0.9874,0.8788
E9Q394-2_S2670___1,0.2436,No,0.7766,0.2584
E9Q394-2_S1522___1,-0.1205,No,0.9353,0.5761
E9Q394-2_S345___1,-0.1095,No,0.9401,0.6116
E9Q394-2_S1847___1,-0.2089,No,0.8396,0.3325
E9Q394-2_S1253___1,0.3041,No,0.6535,0.1583
E9Q5F9-2_S532___1,0.08202,No,0.9642,0.7036
E9Q5F9-2_S890___1,0.271,No,0.72,0.2086
E9Q5F9-2_S614___1,-0.01637,No,0.9965,0.9395
E9Q5F9-2_S753___1,0.2651,No,0.7352,0.2187
E9Q5F9-2_S633___1,0.2282,No,0.807,0.2897
E9Q5F9-2_S324___1,-0.02306,No,0.9923,0.9148
E9Q5F9-2_S132___1,0.2026,No,0.8483,0.3473
E9Q5F9-2_S675___1,0.3852,No,0.4647,0.0739
E9Q5F9-2_S1063___1,0.1077,No,0.9401,0.6174
E9Q5F9-2_S1819___1,-0.07867,No,0.9653,0.7151
E9Q6J5-3_S1685___1,-0.668,Yes,0.046,0.0019
E9Q6J5-3_S3003___1,-0.7416,Yes,0.0191,0.0006
E9Q6J5-3_S3013___1,-0.8609,Yes,0.0038,<0.0001
E9Q6J5-3_S2001___1,-0.4083,No,0.4081,0.0582
E9Q6J5-3_S2923___1,0.278,No,0.7072,0.1972
E9Q6J5-3_S236___1,0.2346,No,0.7932,0.2765
E9Q6J5-3_S240___1,-0.5764,No,0.1182,0.0075
E9Q6J5-3_S1364___1,-0.3739,No,0.4895,0.0828
E9Q6J5-3_S632___1,-0.02537,No,0.9915,0.9063
E9Q6J5-3_S2891___1,-0.1144,No,0.9379,0.5957
E9Q6J5-3_S2901___1,-0.4293,No,0.3617,0.0464
E9Q6J5-3_S2844___1,-0.245,No,0.7737,0.2558
E9Q6J5-3_S2780___1,-0.03881,No,0.9835,0.8571
E9Q6J5-3_S482___1,-1.609,Yes,<0.0001,<0.0001
E9QAT4-2_S1245___1,-0.1091,No,0.9401,0.6127
E9QAT4-2_S467___1,0.1328,No,0.9249,0.5378
E9QAT4-2_S1323___1,-0.1559,No,0.9086,0.4694
E9QAT4-2_S2053___1,0.1009,No,0.9449,0.6396
E9QAT4-2_S1028___1,0.2755,No,0.7111,0.2011
E9QAT4-2_S1238___1,-0.4516,No,0.3122,0.0362
G5E8K5-3_S1412___1,-0.1241,No,0.9344,0.5647
G5E8K5-3_S1756___1,-0.7933,Yes,0.0097,0.0002
G5E8K5-3_S1367___1,-0.4137,No,0.3967,0.055
G5E8K5-3_S1431___1,0.07198,No,0.9697,0.7384
G5E8K5-3_S1434___1,-0.2239,No,0.8116,0.2989
G5E8K5-3_S875___1,-0.4323,No,0.3554,0.0449
G5E8K5-3_S878___1,-0.6671,Yes,0.0464,0.002
G5E8K5-3_S1844___1,0.2025,No,0.8483,0.3475
G5E8P1-2_S983___1,0.1532,No,0.9119,0.4773
G5E8P1-2_S934___1,0.1076,No,0.9402,0.6177
G5E8P1-2_S939___1,0.1769,No,0.8848,0.4118
G5E8P1-2_S945___1,-0.01362,No,0.9978,0.9496
G5E8P1-2_S1186___1,-0.1923,No,0.8633,0.3723
O08539-2_S293___1,0.3196,No,0.6164,0.1382
O08648-2_S1189___1,-0.1274,No,0.9328,0.5544
O08648-2_S492___1,-0.05241,No,0.9785,0.8079
O08788-2_S105___1,0.4109,No,0.4029,0.0566
O08791-2_S527___1,-0.2447,No,0.7745,0.2563
Q9QZS3-4_S265___1,-0.2127,No,0.8326,0.3238
O35144-2_S367___1,0.06744,No,0.9706,0.7544
O35144-2_S399___1,-0.05055,No,0.9809,0.8146
O35226-2_S259___1,0.2101,No,0.8369,0.3296
O35245-3_S70___1,0.2412,No,0.781,0.2632
O35245-3_S72___1,-0.342,No,0.5644,0.1126
O35245-3_S771___1,-0.04676,No,0.9832,0.8282
O35245-3_S164___1,-0.2111,No,0.8352,0.3274
O35245-3_S754___1,0.01759,No,0.9955,0.935
O35250-2_S242___1,0.1905,No,0.8664,0.3768
O35250-2_S250___1,-0.09566,No,0.9496,0.6572
O35601-2_S28___1,-0.1731,No,0.8922,0.422
O35625-2_S77___1,-0.2268,No,0.809,0.2927
O35625-2_S217___1,0.05581,No,0.9773,0.7957
O35711-2_S386___1,-0.01499,No,0.9976,0.9446
O35711-2_S507___1,0.2573,No,0.7503,0.2327
O54785-3_S127___1,-0.3616,No,0.5152,0.0935
O54834-3_S487___1,0.4361,No,0.3449,0.043
O54834-3_S493___1,0.04242,No,0.9833,0.844
O54834-3_S642___1,-0.06931,No,0.9706,0.7478
O54931-2_S740___1,-0.02523,No,0.9915,0.9068
O54931-2_S120___1,-0.08835,No,0.9566,0.6819
O54931-2_S122___1,-0.02008,No,0.9943,0.9258
O54931-2_S486___1,-0.0789,No,0.9653,0.7143
O54931-2_S494___1,-0.01766,No,0.9955,0.9347
O54931-2_S799___1,-0.054,No,0.9779,0.8022
O54967-2_S936___1,-0.4882,No,0.2462,0.0235
O54967-2_S757___1,-0.1308,No,0.9286,0.5441
O54988-2_S777___1,-0.3958,No,0.4387,0.0663
O54988-2_S666___1,0.1468,No,0.9138,0.496
O54988-2_S643___1,0.02429,No,0.9915,0.9103
O54988-2_S647___1,-0.01781,No,0.9955,0.9342
O54988-2_S814___1,0.5636,No,0.1328,0.0089
O54988-2_S816___1,0.01497,No,0.9976,0.9446
O54988-2_S543___1,0.0353,No,0.9855,0.8699
O55047-2_S73___1,0.237,No,0.7885,0.2715
O70161-3_S554___1,0.07027,No,0.9704,0.7444
O70585-2_S394___1,0.09469,No,0.9504,0.6604
O70589-4_S389___1,-0.03518,No,0.9855,0.8704
O70589-4_S571___1,-0.8018,Yes,0.0087,0.0002
O70589-4_S576___1,-1.472,Yes,<0.0001,<0.0001
O88196-4_S1753___1,0.3008,No,0.6609,0.1629
O88196-4_S1041___1,-0.1556,No,0.9086,0.4703
O88343-2_S1025___1,0.188,No,0.8678,0.3832
O88343-2_S1026___1,0.05755,No,0.9761,0.7895
O88343-2_S201___1,-0.1337,No,0.9249,0.5351
O88343-2_S213___1,0.2451,No,0.7737,0.2556
O88343-2_S188___1,-0.03465,No,0.9857,0.8723
O88485-2_S142___1,0.1508,No,0.9129,0.4841
O88587-2_S218___1,0.2092,No,0.8394,0.3318
O88738-3_S1253___1,-0.1866,No,0.8697,0.3867
O88738-3_S610___1,0.2775,No,0.7079,0.1979
O88738-3_S4032___1,0.04871,No,0.9828,0.8212
O88845-2_S17___1,-0.535,No,0.1703,0.0131
O88845-2_S199___1,-0.02888,No,0.9906,0.8934
O88845-2_S108___1,0.01631,No,0.9965,0.9397
P00520-4_S588___1,-0.2865,No,0.6892,0.1838
P00520-4_S16___1,0.113,No,0.9385,0.6
P03356_S474___1,-0.03948,No,0.9834,0.8547
P03356_S108___1,0.2721,No,0.7173,0.2068
P04370-2_S151___1,-0.2975,No,0.6642,0.1676
P06537-5_S412___1,-0.06395,No,0.9718,0.7667
P09470-2_S725___1,-0.09283,No,0.9525,0.6667
P0C7L0-2_S144___1,0.2078,No,0.8427,0.335
P11881-8_S1573___1,-0.5326,No,0.1733,0.0135
P11881-8_S1700___1,0.1624,No,0.9028,0.4512
P11881-8_S1564___1,-0.257,No,0.7503,0.2332
P13020-2_S511___1,0.1063,No,0.9407,0.6219
P13808-2_S214___1,-0.02357,No,0.9922,0.9129
P13808-2_S158___1,0.3086,No,0.6431,0.1523
P13808-2_S98___1,0.3021,No,0.6562,0.161
P13808-2_S117___1,0.4192,No,0.3829,0.0518
P14404-1_S538___1,0.01493,No,0.9976,0.9448
P15379-2_S318___1,0.1706,No,0.8962,0.4287
P15379-2_S356___1,0.04092,No,0.9833,0.8494
P15379-2_S339___1,0.06612,No,0.9712,0.759
P16283-2_S198___1,0.2705,No,0.7218,0.2096
P16546-2_S1303___1,0.2482,No,0.7669,0.2495
P16546-2_S1170___1,0.3199,No,0.6162,0.1378
P16546-2_S622___1,-0.04104,No,0.9833,0.849
P16546-2_S1031___1,0.01302,No,0.9978,0.9518
P16546-2_S1530___1,0.07782,No,0.9658,0.7181
P16546-2_S1197___1,0.0641,No,0.9716,0.7662
P16546-2_S1211___1,-0.05805,No,0.9754,0.7877
P16546-2_S1174___1,-0.3961,No,0.4382,0.0661
P16951-2_S94___1,-0.1839,No,0.8739,0.3936
P17426-2_S655___1,0.3237,No,0.6084,0.1332
P18052-2_S202___1,0.2142,No,0.8291,0.3204
P18052-2_S180___1,-0.6213,No,0.0759,0.0039
P18826-2_S7___1,0.004314,No,>0.9999,0.984
P18826-2_S986___1,0.05616,No,0.977,0.7944
P18911-3_S427___1,-0.01785,No,0.9955,0.934
P19426-2_S247___1,-0.7508,Yes,0.0172,0.0005
P19426-2_S131___1,0.2098,No,0.8376,0.3303
P19426-2_S115___1,-0.06959,No,0.9706,0.7468
P19426-2_S349___1,0.083,No,0.9625,0.7002
P19973-2_S193___1,-0.2027,No,0.8483,0.347
P19973-2_S241___1,0.01588,No,0.9972,0.9413
P19973-2_S150___1,0.1013,No,0.9449,0.6384
P20065-2_S2___1,-0.03396,No,0.9865,0.8748
P21107-2_S51___1,-0.2288,No,0.8056,0.2885
P22561-6_S355___1,-0.09582,No,0.9496,0.6567
P23708-2_S297___1,-0.1377,No,0.9234,0.5229
P23804-2_S112___1,-0.2411,No,0.781,0.2633
P23804-2_S134___1,0.2885,No,0.684,0.1808
P25425-12_S387___1,-0.01325,No,0.9978,0.951
P27171_S579___1,-0.204,No,0.8478,0.344
P27546-2_S667___1,0.1722,No,0.8936,0.4244
P27546-2_S785___1,0.2664,No,0.7328,0.2165
P27546-2_S983___1,-0.03211,No,0.9888,0.8816
P27546-2_S475___1,0.06268,No,0.9734,0.7712
P27546-2_S598___1,0.1566,No,0.9086,0.4675
P27546-2_S901___1,0.1338,No,0.9249,0.5346
P27546-2_S914___1,-0.1879,No,0.8678,0.3834
P27546-2_S506___1,-0.09025,No,0.9556,0.6754
P27546-2_S1046___1,0.374,No,0.4892,0.0827
P27546-2_S866___1,0.1972,No,0.8576,0.3602
P28033-3_S163___1,-0.3073,No,0.6459,0.1539
P28574-2_S109___1,0.113,No,0.9385,0.6001
P28704-2_S208___1,-0.02547,No,0.9915,0.9059
P30999-2_S252___1,-0.1476,No,0.9129,0.4935
P30999-2_S841___1,0.1283,No,0.9306,0.5516
P30999-2_S851___1,0.07256,No,0.9696,0.7364
P30999-2_S288___1,0.4605,No,0.296,0.0326
P30999-2_S81___1,0.04975,No,0.9816,0.8175
P30999-2_S893___1,0.1438,No,0.9168,0.5046
P30999-2_S346___1,-0.1897,No,0.8667,0.3787
P30999-2_S349___1,-0.172,No,0.8936,0.4248
P30999-2_S352___1,-0.2308,No,0.803,0.2842
P30999-2_S230___1,-0.04755,No,0.983,0.8254
P30999-2_S320___1,0.32,No,0.616,0.1376
P30999-2_S125___1,0.2983,No,0.6642,0.1664
P30999-2_S587___1,-0.2499,No,0.7623,0.2463
P30999-2_S858___1,-0.1005,No,0.9455,0.6409
P30999-2_S268___1,0.02291,No,0.9924,0.9154
P30999-2_S269___1,-0.1376,No,0.9234,0.5232
P30999-2_S47___1,0.1094,No,0.9401,0.6118
P32507-2_S394___1,-0.7789,Yes,0.012,0.0003
P35235-1_S595___1,-0.2807,No,0.7001,0.1928
P35235-1_S562___1,-0.004286,No,>0.9999,0.9841
P35377-5_S338___1,-0.6602,No,0.0504,0.0022
P35601-2_S244___1,-0.2695,No,0.7242,0.2113
P35601-2_S266___1,0.2327,No,0.7975,0.2804
P35710-2_S21___1,0.09827,No,0.9474,0.6485
P35922-3_S551___1,-0.05341,No,0.9779,0.8043
P35922-3_S556___1,-0.05456,No,0.9779,0.8002
P35922-3_S557___1,-0.2079,No,0.8425,0.3348
P35922-3_S560___1,-0.03337,No,0.987,0.877
P38532-2_S303___1,-0.08029,No,0.9643,0.7095
P41230-2_S897___1,0.2813,No,0.6992,0.1918
P41230-2_S317___1,0.1315,No,0.9284,0.5419
P41230-2_S301___1,0.1207,No,0.9353,0.5756
P41778-2_S141___1,0.114,No,0.9382,0.597
P46662-2_S566___1,-0.05567,No,0.9774,0.7962
P46662-2_S518___1,-0.4056,No,0.4144,0.0599
P47226-2_S118___1,0.2974,No,0.6642,0.1676
P47856-2_S243___1,0.37,No,0.4956,0.0861
P48193-2_S624___1,-1.126,Yes,<0.0001,<0.0001
P48193-2_S87___1,-0.3913,No,0.4493,0.0695
P48193-2_S649___1,-0.4785,No,0.2627,0.0264
P48193-2_S543___1,0.4177,No,0.3866,0.0526
P48193-2_S561___1,0.1348,No,0.9237,0.5317
P48453-2_S478___1,-0.6487,No,0.0566,0.0026
P48678-2_S546___1,-0.1475,No,0.9129,0.4937
P53564-3_S1495___1,-0.2189,No,0.8207,0.3098
P53564-3_S1254___1,0.2589,No,0.746,0.2297
P53564-3_S1305___1,0.2979,No,0.6642,0.1669
P53564-3_S438___1,-0.03837,No,0.984,0.8587
P53564-3_S1456___1,0.1746,No,0.8891,0.418
P53564-3_S411___1,-0.1251,No,0.9338,0.5616
P53564-3_S684___1,0.133,No,0.9249,0.5373
P53564-3_S1043___1,0.4038,No,0.4184,0.0611
P55144-3_S804___1,1.369,Yes,<0.0001,<0.0001
P55200-2_S3029___1,0.1203,No,0.9353,0.5768
P56183-2_S383___1,0.08474,No,0.9608,0.6942
P56183-2_S389___1,0.01874,No,0.9953,0.9307
P58283-2_S764___1,-0.1528,No,0.9123,0.4783
P58404-2_S223___1,-0.1026,No,0.9443,0.634
P58404-2_S206___1,-0.05781,No,0.9757,0.7885
P58659-3_S336___1,-0.2312,No,0.8024,0.2835
P58771-2_S174___1,0.1112,No,0.9395,0.606
P58771-2_S45___1,-0.1988,No,0.8529,0.3564
P58771-2_S252___1,0.4395,No,0.3393,0.0415
P59281-2_S597___1,-0.09858,No,0.9474,0.6474
P59281-2_S115___1,-0.7804,Yes,0.0117,0.0003
P59281-2_S362___1,-0.09359,No,0.9513,0.6641
P59281-2_S282___1,-0.1617,No,0.9036,0.4532
P59281-2_S344___1,-0.08889,No,0.9566,0.6801
Q8BYK6-3_S436___1,0.06548,No,0.9712,0.7613
P59438-2_S497___1,-0.08059,No,0.9643,0.7085
P59764-2_S1629___1,0.1331,No,0.9249,0.537
P60469-2_S17___1,-0.5818,No,0.1135,0.007
P61460-2_S503___1,-0.2002,No,0.8506,0.3529
P61460-2_S1496___1,-0.1119,No,0.9395,0.6036
P61793-2_S323___1,-0.5216,No,0.1898,0.0155
P61793-2_S326___1,-0.04703,No,0.9832,0.8273
P61979-2_S284___1,0.08868,No,0.9566,0.6808
P61979-2_S216___1,0.5227,No,0.1876,0.0153
P61979-2_S36___1,-0.0997,No,0.9459,0.6437
P68181-2_S326___1,-0.1466,No,0.9138,0.4964
P70188-2_S60___1,0.07213,No,0.9697,0.7379
P70255-5_S305___1,0.1179,No,0.9359,0.5843
P70255-5_S333___1,0.04541,No,0.9833,0.8332
P70255-5_S339___1,0.3688,No,0.4973,0.0871
P70255-5_S343___1,0.1283,No,0.9309,0.5518
P70255-5_S323___1,0.4376,No,0.3435,0.0423
P70257-1_S341___1,0.2266,No,0.809,0.293
P70257-1_S361___1,0.11,No,0.9401,0.61
P70257-1_S280___1,0.1353,No,0.9234,0.5301
P70257-1_S288___1,-0.2126,No,0.8326,0.3239
P70257-1_S268___1,-0.05593,No,0.9771,0.7953
P70257-1_S301___1,-0.06756,No,0.9706,0.754
P70257-2_S301___1,0.09352,No,0.9513,0.6644
P70324-2_S685___1,-0.09846,No,0.9474,0.6478
P70335-2_S417___1,-0.1312,No,0.9286,0.5428
P70365-4_S22___1,-0.004729,No,>0.9999,0.9825
P70451-5_S423___1,-0.3185,No,0.6184,0.1395
P70451-5_S411___1,-0.001117,No,>0.9999,0.9959
P81183-2_S78___1,0.1237,No,0.9346,0.566
P83510-2_S740___1,0.1669,No,0.8976,0.4387
P83510-2_S611___1,-0.3835,No,0.4684,0.0752
P83741-2_S165___1,-0.1661,No,0.8984,0.4409
P83741-2_S172___1,0.03219,No,0.9887,0.8813
P83741-2_S2256___1,0.01643,No,0.9965,0.9392
P83741-2_S1037___1,0.08024,No,0.9643,0.7097
P83741-2_S2273___1,-0.1766,No,0.8848,0.4126
P83741-2_S2276___1,-0.1155,No,0.9365,0.5922
P83741-2_S29___1,-0.1404,No,0.9206,0.5148
P83741-2_S2514___1,0.1066,No,0.9407,0.621
P97303-2_S159___1,-0.2438,No,0.7761,0.258
P97379-2_S225___1,0.1244,No,0.9344,0.5637
P97386-2_S244___1,-0.1701,No,0.8962,0.4299
P97386-2_S919___1,-0.4546,No,0.3053,0.0349
P97386-2_S211___1,-0.02708,No,0.991,0.9
P97434-2_S1015___1,-0.9323,Yes,0.0012,<0.0001
P97496-2_S309___1,-0.07367,No,0.9691,0.7325
P97496-2_S327___1,0.1113,No,0.9395,0.6056
P97496-2_S329___1,-0.2162,No,0.8265,0.3158
P97797-2_S409___1,-0.3017,No,0.6577,0.1616
P97798-5_S1413___1,-0.3567,No,0.5265,0.098
P97798-5_S1234___1,-0.001229,No,>0.9999,0.9955
P97798-5_S1245___1,-0.4969,No,0.2301,0.0212
P97798-5_S1380___1,0.06317,No,0.973,0.7695
P97868-2_S828___1,0.1053,No,0.9419,0.625
P97868-2_S840___1,-0.04605,No,0.9833,0.8308
P97868-2_S361___1,0.03736,No,0.9847,0.8624
P97868-2_S1244___1,-0.06834,No,0.9706,0.7512
P97868-2_S739___1,-0.6867,Yes,0.0367,0.0014
P97868-2_S697___1,-0.1892,No,0.8667,0.38
P97868-2_S1145___1,0.131,No,0.9286,0.5434
P98203-2_S337___1,-0.1756,No,0.8872,0.4153
P98203-2_S205___1,-0.09897,No,0.9467,0.6461
P98203-2_S937___1,-0.2497,No,0.7625,0.2467
P98203-2_S345___1,-1.174,Yes,<0.0001,<0.0001
P98203-2_S908___1,0.018,No,0.9955,0.9335
P98203-2_S187___1,-0.2507,No,0.7623,0.2449
Q01147-1_S142___1,0.01177,No,0.9979,0.9564
Q01147-1_S271___1,0.0358,No,0.9855,0.8681
Q01815-3_S1421___1,-0.06296,No,0.973,0.7702
Q01815-3_S1855___1,0.1116,No,0.9395,0.6045
Q01815-3_S1400___1,0.1156,No,0.9364,0.5919
Q01815-3_S1627___1,0.01291,No,0.9978,0.9522
Q02357-5_S850___1,0.6514,No,0.0551,0.0025
Q02780-5_S280___1,-0.03533,No,0.9855,0.8698
Q02780-5_S287___1,0.07363,No,0.9691,0.7327
Q03141-3_S419___1,-0.2908,No,0.6792,0.1773
Q03141-3_S400___1,-0.1379,No,0.9234,0.5223
Q03141-3_S629___1,-0.4679,No,0.2826,0.03
Q03173-4_S336___1,0.1051,No,0.9419,0.6258
Q03173-4_S125___1,-0.3516,No,0.5395,0.1029
Q03173-4_S721___1,0.163,No,0.9028,0.4495
Q03173-4_S618___1,0.1401,No,0.9206,0.5157
Q04690-2_S659___1,-0.2914,No,0.6784,0.1764
Q04690-2_S2496___1,0.02079,No,0.9943,0.9232
Q04690-2_S878___1,-0.07472,No,0.9691,0.7288
Q04690-2_S884___1,0.1934,No,0.8621,0.3695
Q04690-2_S2578___1,0.0855,No,0.9606,0.6916
Q04690-2_S2524___1,-0.07359,No,0.9691,0.7328
Q04690-2_S866___1,0.01526,No,0.9976,0.9436
Q06180-2_S293___1,0.2698,No,0.7235,0.2107
Q06180-2_S298___1,0.05838,No,0.9752,0.7865
Q08024-4_S134___1,0.1229,No,0.9347,0.5684
Q08122-2_S217___1,-0.3641,No,0.5085,0.0912
Q08122-2_S286___1,0.4298,No,0.3605,0.0462
Q08122-2_S203___1,0.2318,No,0.8011,0.2822
Q08775-9_S28___1,0.03489,No,0.9857,0.8714
Q0P5V9-2_S778___1,0.02401,No,0.9915,0.9113
Q0P5V9-2_S510___1,0.1949,No,0.8613,0.3659
Q0P5V9-2_S480___1,0.08493,No,0.9608,0.6936
Q0P5V9-2_S437___1,0.1795,No,0.8795,0.4051
Q0VBL3-2_S621___1,-0.04458,No,0.9833,0.8362
Q0VBL3-2_S293___1,-0.1416,No,0.9199,0.5113
Q0VBL3-2_S655___1,-0.4273,No,0.365,0.0474
Q0VBL3-2_S658___1,-0.3834,No,0.4684,0.0753
Q0VBL3-2_S127___1,-0.1834,No,0.8754,0.3949
Q0VBL3-2_S701___1,-0.1886,No,0.8677,0.3816
Q0VBL3-2_S20___1,-0.1683,No,0.8976,0.435
Q0VBL3-2_S874___1,-0.3598,No,0.5186,0.0951
Q0VBL3-2_S364___1,0.1814,No,0.8771,0.4
Q0VGT4-2_S462___1,0.4233,No,0.3745,0.0496
Q14AX6-3_S422___1,-0.3016,No,0.6581,0.1618
Q14AX6-3_S1079___1,-0.2178,No,0.8231,0.3124
Q1W617-2_S344___1,-0.01527,No,0.9976,0.9435
Q1W617-2_S1306___1,-0.07459,No,0.9691,0.7293
Q2PFD7-5_S497___1,0.03985,No,0.9834,0.8533
Q2PFD7-5_S283___1,0.1254,No,0.9336,0.5608
Q2VPA6-3_S28___1,0.2507,No,0.7623,0.2449
Q3TCJ8-2_S56___1,0.08891,No,0.9566,0.68
Q3TLR7-2_S678___1,-0.1037,No,0.9437,0.6303
Q3TLR7-2_S484___1,0.1551,No,0.9088,0.4718
Q3TPJ7-2_S163___1,0.7545,Yes,0.0165,0.0005
Q3TRM4-3_S414___1,0.3636,No,0.51,0.0916
Q3TRM4-3_S314___1,0.06302,No,0.973,0.77
Q3TRR0-2_S102___1,-0.3755,No,0.485,0.0815
Q3TRR0-2_S414___1,-0.4377,No,0.3435,0.0423
Q3TRR0-2_S79___1,-0.2487,No,0.7653,0.2486
Q3TRR0-2_S160___1,-0.3054,No,0.6495,0.1566
Q3TTA7-2_S373___1,-0.1019,No,0.9449,0.6365
Q3TTA7-2_S377___1,0.09914,No,0.9463,0.6455
Q3TWN3-2_S846___1,-0.3522,No,0.5381,0.1023
Q3TZX8-3_S128___1,-0.3677,No,0.4997,0.088
Q3U0M1-2_S944___1,0.05406,No,0.9779,0.802
Q3U1J1-2_S245___1,-0.05571,No,0.9774,0.7961
Q3U1J1-2_S180___1,0.2028,No,0.8483,0.3468
Q3U1T9-4_S263___1,0.1531,No,0.912,0.4777
Q3U1T9-4_S128___1,0.1846,No,0.8727,0.3917
Q3U1T9-4_S227___1,-0.3236,No,0.6084,0.1333
Q3U1T9-4_S366___1,-0.1295,No,0.9297,0.5481
Q3U2K0-3_S327___1,-0.5756,No,0.1185,0.0076
Q3U3C9-4_S857___1,0.4018,No,0.4239,0.0623
Q3U3R4-2_S19___1,0.2433,No,0.777,0.259
Q3U6K5-2_S199___1,-0.1262,No,0.9335,0.5581
Q3U6K5-2_S129___1,-0.6549,No,0.0528,0.0024
Q3U6K5-2_S40___1,-0.5734,No,0.1205,0.0078
Q3UBG2-2_S200___1,-0.1579,No,0.9079,0.4639
Q3UC65-3_S17___1,0.1375,No,0.9234,0.5235
Q3UCQ1-2_S389___1,0.2567,No,0.7503,0.2337
Q3UCQ1-2_S419___1,0.5151,No,0.2019,0.0169
Q3UDK1-2_S478___1,0.2201,No,0.8187,0.3071
Q3UE17-2_S462___1,-0.2169,No,0.8249,0.3143
Q3UEB3-3_S495___1,0.3712,No,0.4935,0.0851
Q3UEB3-3_S498___1,0.1144,No,0.9379,0.5957
Q3UH06-2_S1370___1,-0.2977,No,0.6642,0.1672
Q3UH06-2_S93___1,-0.4118,No,0.4012,0.0561
Q3UH68-2_S75___1,-0.2529,No,0.7571,0.2407
Q3UH68-2_S221___1,0.6863,Yes,0.0369,0.0015
Q3UH68-2_S147___1,-0.01847,No,0.9953,0.9317
Q3UH68-2_S817___1,-0.2809,No,0.7001,0.1925
Q3UH68-2_S367___1,0.03218,No,0.9887,0.8813
Q3UHC7-2_S854___1,-0.03151,No,0.9888,0.8838
Q3UHC7-2_S786___1,-0.2976,No,0.6642,0.1674
Q3UHC7-2_S1044___1,-0.2385,No,0.7856,0.2686
Q3UHC7-2_S871___1,0.7331,Yes,0.0214,0.0007
Q3UHC7-2_S771___1,-0.5356,No,0.1699,0.013
Q3UHC7-2_S1016___1,-0.3223,No,0.6122,0.1348
Q3UHC7-2_S623___1,0.4724,No,0.273,0.0284
Q3UHC7-2_S639___1,0.2219,No,0.8161,0.3034
Q3UHH1-2_S1098___1,0.1286,No,0.9306,0.5508
Q3UHH1-2_S1124___1,0.1266,No,0.9335,0.5569
Q3UHH1-2_S48___1,-0.2606,No,0.7437,0.2266
Q3UHH1-2_S53___1,-0.205,No,0.8462,0.3417
Q3UHH1-2_S564___1,-0.1302,No,0.9286,0.5457
Q3UHH1-2_S1797___1,-0.07221,No,0.9697,0.7376
Q3UHI0-2_S205___1,0.1454,No,0.9163,0.5001
Q3UHQ6-2_S1049___1,-0.2976,No,0.6642,0.1673
Q3UHQ6-2_S1057___1,-0.1704,No,0.8962,0.4292
Q3UIL6-2_S362___1,-0.3299,No,0.5944,0.1259
Q3UIL6-2_S500___1,-0.1024,No,0.9444,0.6346
Q3UIL6-2_S1053___1,-0.2353,No,0.7922,0.275
Q3UIL6-2_S533___1,-0.2432,No,0.7771,0.2592
Q3UIL6-2_S904___1,0.02094,No,0.9943,0.9226
Q3UIL6-2_S117___1,-0.3134,No,0.6324,0.1459
Q3UIL6-2_S469___1,-0.5634,No,0.133,0.009
Q3UIL6-2_S601___1,-0.191,No,0.8651,0.3757
Q3UIL6-2_S609___1,-0.1819,No,0.8767,0.3989
Q3UIL6-2_S553___1,-0.206,No,0.8443,0.3393
Q3UIL6-2_S1226___1,-0.5896,No,0.1059,0.0062
Q3UIL6-2_S983___1,-0.138,No,0.9233,0.5221
Q5SRY7-4_S500___1,-0.1851,No,0.8715,0.3906
Q3UMF0-4_S958___1,0.1748,No,0.8887,0.4174
Q3UMF0-4_S1022___1,0.144,No,0.9168,0.5042
Q3UMF0-4_S575___1,-0.1061,No,0.9407,0.6225
Q3UMF0-4_S577___1,-0.03608,No,0.9853,0.8671
Q3UMF0-4_S234___1,0.3834,No,0.4684,0.0753
Q3UMF0-4_S596___1,0.0566,No,0.9768,0.7929
Q3UMF0-4_S268___1,-0.1269,No,0.9332,0.5561
Q3UMF0-4_S923___1,0.2871,No,0.6871,0.1828
Q3UMF0-4_S259___1,-0.08872,No,0.9566,0.6806
Q3UMF0-4_S281___1,-1.083,Yes,<0.0001,<0.0001
Q3UMF0-4_S476___1,-0.08832,No,0.9566,0.682
Q3UMF0-4_S481___1,-0.1607,No,0.9036,0.456
Q3UMF0-4_S724___1,-0.2634,No,0.7396,0.2217
Q3UMF0-4_S1144___1,-0.3283,No,0.5963,0.1277
Q3UMF0-4_S1145___1,0.1364,No,0.9234,0.5269
Q3UMF0-4_S888___1,-1.002,Yes,0.0003,<0.0001
Q3UMF0-3_S12___1,-0.01756,No,0.9955,0.9351
Q3UMF0-4_S1196___1,-0.6191,No,0.0779,0.0041
Q3UMF0-4_S814___1,-0.06139,No,0.9747,0.7758
Q3UMF0-4_S514___1,0.06087,No,0.9747,0.7776
Q3UMF0-4_S334___1,0.08628,No,0.9594,0.6889
Q3UMF0-4_S342___1,0.04272,No,0.9833,0.8429
Q3UMF0-4_S352___1,-0.05957,No,0.9747,0.7823
Q3UMF0-4_S364___1,-0.06914,No,0.9706,0.7484
Q3UMF0-4_S827___1,-0.2411,No,0.781,0.2634
Q3UMF0-4_S12___1,-0.01756,No,0.9955,0.9351
Q3UMF0-4_S24___1,0.06583,No,0.9712,0.7601
Q3UMU9-4_S567___1,-0.1615,No,0.9036,0.4538
Q3UMU9-4_S575___1,0.09943,No,0.9459,0.6446
Q3UMU9-4_S586___1,-0.7635,Yes,0.0145,0.0004
Q3UMU9-3_S459___1,0.1821,No,0.8766,0.3983
Q3UMU9-3_S463___1,0.1616,No,0.9036,0.4533
Q3UMU9-3_S426___1,0.2571,No,0.7503,0.233
Q3UMU9-3_S668___1,0.2495,No,0.7628,0.2471
Q3UMU9-3_S670___1,0.289,No,0.6835,0.18
Q3UMU9-3_S678___1,-0.3178,No,0.6208,0.1404
Q3UMU9-3_S612___1,0.08519,No,0.9608,0.6927
Q3UMU9-3_S629___1,-0.1615,No,0.9036,0.4538
Q3UMU9-3_S644___1,0.08569,No,0.9602,0.691
Q3UMU9-3_S649___1,-0.7635,Yes,0.0145,0.0004
Q3UQI9-2_S143___1,-0.2793,No,0.7038,0.195
Q3UQI9-2_S123___1,0.2014,No,0.849,0.3502
Q3UQI9-2_S308___1,-0.3185,No,0.6184,0.1395
Q3UR85-3_S294___1,-0.3873,No,0.4587,0.0724
Q3UR85-3_S261___1,0.07437,No,0.9691,0.7301
Q3URS9-2_S249___1,0.02504,No,0.9915,0.9075
Q3UTJ2-2_S473___1,-0.7939,Yes,0.0097,0.0002
Q3UTJ2-2_S454___1,-0.006015,No,>0.9999,0.9777
Q3UTJ2-2_S27___1,0.02866,No,0.9906,0.8942
Q3UTJ2-2_S440___1,-0.0761,No,0.9681,0.7241
Q3UTJ2-2_S443___1,-0.2668,No,0.7314,0.2158
Q3UTJ2-5_S40___1,-0.03407,No,0.9865,0.8744
Q3UTJ2-5_S27___1,0.02866,No,0.9906,0.8942
Q3UVR3-2_S786___1,0.2607,No,0.7437,0.2265
Q3UZ01-2_S108___1,-0.3073,No,0.6459,0.154
Q3UZ01-2_S21___1,-0.0926,No,0.9527,0.6675
Q3UZ01-2_S379___1,0.1153,No,0.9365,0.5928
Q3V0G7-2_S23___1,-0.1564,No,0.9086,0.4681
Q3V0G7-2_S402___1,0.03465,No,0.9857,0.8723
Q3V0G7-2_S404___1,0.03465,No,0.9857,0.8723
Q497V6-2_S182___1,0.002072,No,>0.9999,0.9923
Q4ACU6-10_S508___1,0.2083,No,0.841,0.3338
Q4G0F8-2_S493___1,-0.09208,No,0.9536,0.6692
Q4G0F8-2_S175___1,-0.1672,No,0.8976,0.4379
Q4KMM3-4_S90___1,-0.2717,No,0.7182,0.2075
Q4PZA2-3_S17___1,0.05393,No,0.9779,0.8024
Q4VA53-3_S1358___1,-0.3093,No,0.6414,0.1513
Q4VA53-3_S1383___1,-0.338,No,0.5744,0.1169
Q4VA53-3_S1283___1,0.1058,No,0.941,0.6234
Q4VA53-3_S1417___1,-0.4235,No,0.3745,0.0494
Q4VA53-3_S1182___1,-0.3797,No,0.4761,0.0781
Q4VA53-3_S1257___1,-0.3001,No,0.6625,0.1639
Q4VA53-3_S1259___1,-0.2674,No,0.7297,0.2147
Q4VA53-3_S1166___1,-0.2582,No,0.7476,0.2309
Q4VAC9-2_S433___1,0.215,No,0.8291,0.3186
Q4VAC9-2_S732___1,-0.01435,No,0.9978,0.9469
Q4VAC9-2_S736___1,0.06659,No,0.9712,0.7574
Q4VAC9-2_S1338___1,-0.5462,No,0.1563,0.0113
Q4VAC9-2_S1133___1,-0.06539,No,0.9712,0.7616
Q4VAC9-2_S1135___1,0.1667,No,0.8979,0.4392
Q4VAC9-2_S1140___1,0.2939,No,0.6728,0.1728
Q4VAC9-2_S472___1,0.1121,No,0.9395,0.603
Q4VAC9-2_S855___1,-0.2483,No,0.7669,0.2494
Q4VAC9-2_S758___1,-0.05165,No,0.9788,0.8106
Q4VAC9-2_S761___1,0.148,No,0.9129,0.4923
Q4VAC9-2_S18___1,-0.1302,No,0.9286,0.5457
Q4VAC9-2_S1053___1,-0.1263,No,0.9335,0.558
Q4VAC9-2_S861___1,0.1263,No,0.9335,0.5579
Q4VAC9-2_S745___1,0.3712,No,0.4935,0.085
Q4VAC9-2_S1157___1,0.1656,No,0.9,0.4425
Q4VAC9-2_S1128___1,-0.5354,No,0.17,0.013
Q571B6-2_S475___1,-0.08168,No,0.9643,0.7047
Q58A65-2_S479___1,0.002675,No,>0.9999,0.9901
Q58A65-2_S183___1,0.6324,No,0.0667,0.0033
Q58A65-2_S719___1,0.1926,No,0.8633,0.3717
Q5DTI6-5_S681___1,-0.2549,No,0.7537,0.2371
Q5DW34-2_S426___1,0.05457,No,0.9779,0.8001
Q5DW34-2_S81___1,-0.5595,No,0.1373,0.0094
Q5DW34-2_S993___1,0.3872,No,0.4589,0.0725
Q5I012-4_S878___1,0.1368,No,0.9234,0.5256
Q5I012-4_S441___1,0.02178,No,0.993,0.9195
Q5I043-2_S1002___1,-0.06123,No,0.9747,0.7764
Q5NBX1-3_S256___1,0.1592,No,0.9059,0.46
Q5NBX1-3_S660___1,0.6417,No,0.0609,0.0029
Q5RJH6-3_S805___1,-0.01029,No,0.9987,0.9619
Q5SNZ0-3_S1362___1,-0.1152,No,0.9365,0.5931
Q5SNZ0-3_S1479___1,-0.1743,No,0.8892,0.4188
Q5SNZ0-3_S1739___1,0.2594,No,0.7448,0.2288
Q5SNZ0-3_S1621___1,0.3132,No,0.6332,0.1462
Q5SNZ0-3_S1655___1,0.1035,No,0.9437,0.6311
Q5SNZ0-3_S1505___1,0.02177,No,0.993,0.9196
Q5SP85-3_S280___1,-0.533,No,0.1729,0.0134
Q5SSH7-2_S1515___1,0.214,No,0.8291,0.3207
Q5SSH7-2_S1538___1,0.1402,No,0.9206,0.5154
Q5SVQ0-4_S50___1,0.3547,No,0.5302,0.0999
Q5SVQ0-4_S56___1,-0.5972,No,0.0984,0.0056
Q5SVQ0-4_S57___1,-0.2994,No,0.6631,0.1648
Q5SVQ0-4_S99___1,-0.1863,No,0.8701,0.3874
Q5SVQ0-4_S100___1,-0.06915,No,0.9706,0.7484
Q5SVQ0-4_S102___1,0.1079,No,0.9401,0.6167
Q5SVQ0-4_S111___1,-0.03009,No,0.9901,0.889
Q5SX79-2_S12___1,-0.01314,No,0.9978,0.9514
Q5SX79-2_S166___1,0.1141,No,0.9382,0.5967
Q5SX79-2_S224___1,-0.1131,No,0.9385,0.5998
Q5SX79-2_S293___1,-0.1097,No,0.9401,0.6107
Q5SXI5-3_S26___1,0.03018,No,0.99,0.8887
Q5UAK0-4_S375___1,0.3424,No,0.5635,0.1121
Q5UAK0-4_S481___1,0.1082,No,0.9401,0.6156
Q5UAK0-4_S164___1,-0.006623,No,>0.9999,0.9755
Q5XG73-3_S346___1,0.148,No,0.9129,0.4923
Q5XG73-3_S386___1,0.261,No,0.7437,0.226
Q5XG73-3_S360___1,-0.1451,No,0.9163,0.5008
Q5XG73-3_S370___1,0.05901,No,0.9748,0.7843
Q5XG73-3_S379___1,0.2207,No,0.8179,0.3058
Q5XJV7-2_S1251___1,-0.4836,No,0.2534,0.0249
Q5XJV7-2_S1287___1,-0.4816,No,0.2568,0.0255
Q5XJV7-2_S210___1,0.1682,No,0.8976,0.4352
Q5XJV7-2_S91___1,-0.4229,No,0.3751,0.0498
Q5Y5T1-2_S308___1,-0.1067,No,0.9407,0.6207
Q60575-2_S1613___1,0.3435,No,0.5622,0.1111
Q60575-2_S1441___1,0.04438,No,0.9833,0.8369
Q60575-2_S1408___1,0.003985,No,>0.9999,0.9852
Q60575-3_S1138___1,-0.02589,No,0.9915,0.9044
Q60605-2_S135___1,0.05867,No,0.9752,0.7855
Q60668-3_S82___1,0.1046,No,0.9431,0.6276
Q60668-3_S83___1,-0.01668,No,0.9959,0.9383
Q60766-2_S186___1,-0.02745,No,0.9909,0.8987
Q60766-2_S32___1,-0.2578,No,0.7489,0.2317
Q60875-5_S100___1,-0.00295,No,>0.9999,0.9891
Q60875-5_S108___1,-0.2404,No,0.783,0.2647
Q60875-5_S617___1,0.06601,No,0.9712,0.7594
Q60875-5_S145___1,0.2202,No,0.8187,0.3071
Q60875-5_S856___1,-0.003187,No,>0.9999,0.9882
Q60875-5_S122___1,0.3552,No,0.5298,0.0994
Q60875-5_S134___1,0.1025,No,0.9444,0.6345
Q60875-5_S689___1,-0.157,No,0.9081,0.4664
Q60929-2_S98___1,-0.2417,No,0.781,0.2622
Q60929-3_S400___1,0.07813,No,0.9656,0.717
Q60929-3_S255___1,-0.2882,No,0.6845,0.1813
Q60932-2_S104___1,0.1339,No,0.9249,0.5344
Q60954-3_S196___1,0.1596,No,0.9053,0.4592
Q60974-2_S1122___1,0.1524,No,0.9129,0.4795
Q60974-2_S1292___1,0.09139,No,0.9543,0.6716
Q60974-2_S1481___1,0.3271,No,0.5994,0.1291
Q60974-2_S2198___1,0.1862,No,0.8701,0.3876
Q60974-2_S1766___1,0.02968,No,0.9906,0.8905
Q60974-2_S2410___1,-0.01699,No,0.9959,0.9372
Q60974-2_S1207___1,0.3947,No,0.4406,0.0671
Q60974-2_S2134___1,0.1836,No,0.8744,0.3943
Q60974-2_S1274___1,0.2505,No,0.7623,0.2451
Q60974-2_S1333___1,-0.1391,No,0.9208,0.5188
Q60974-2_S2351___1,-0.08412,No,0.9612,0.6964
Q60974-2_S2165___1,0.01577,No,0.9973,0.9417
Q61037-6_S981___1,0.0343,No,0.9863,0.8736
Q61037-6_S1399___1,0.0028,No,>0.9999,0.9896
Q61144-2_S30___1,0.05997,No,0.9747,0.7808
Q61144-2_S43___1,0.1973,No,0.8573,0.3599
Q61144-2_S52___1,0.3421,No,0.5644,0.1125
Q61144-2_S25___1,0.1198,No,0.9358,0.5784
Q61210-5_S964___1,0.1422,No,0.9194,0.5096
Q61210-5_S386___1,-0.3778,No,0.4806,0.0797
Q61286-2_S67___1,0.292,No,0.677,0.1755
Q61286-2_S559___1,0.4336,No,0.3511,0.0443
Q61301-2_S651___1,0.2679,No,0.7289,0.214
Q61301-2_S640___1,0.3151,No,0.6281,0.1438
Q61315-4_S1224___1,0.09647,No,0.9496,0.6545
Q61315-4_S2314___1,0.1408,No,0.9206,0.5136
Q61315-4_S963___1,0.1855,No,0.8707,0.3895
Q61315-4_S2338___1,0.4855,No,0.2519,0.0243
Q61315-4_S2195___1,0.1718,No,0.8936,0.4255
Q61315-4_S2239___1,-0.3912,No,0.4493,0.0696
Q61315-4_S2578___1,-0.01201,No,0.9979,0.9556
Q61315-4_S2261___1,0.02162,No,0.9934,0.9201
Q61315-4_S1235___1,0.1731,No,0.892,0.4219
Q61315-4_S1249___1,-0.07676,No,0.9669,0.7217
Q61315-4_S2539___1,0.1914,No,0.864,0.3747
Q61315-4_S2400___1,-0.203,No,0.8483,0.3463
Q61315-4_S2135___1,0.0373,No,0.9847,0.8626
Q61315-4_S128___1,0.00668,No,>0.9999,0.9753
Q61315-4_S905___1,0.1256,No,0.9335,0.5602
Q61464-4_S1569___1,-0.5292,No,0.1789,0.0141
Q61464-4_S1099___1,-0.6168,No,0.0795,0.0042
Q61464-4_S554___1,-1.314,Yes,<0.0001,<0.0001
Q61464-4_S128___1,-0.5295,No,0.1784,0.014
Q61584-3_S643___1,0.385,No,0.4653,0.0741
Q61584-3_S405___1,0.1916,No,0.8635,0.3741
Q61584-3_S602___1,0.1489,No,0.9129,0.4896
Q61584-3_S438___1,-0.005568,No,>0.9999,0.9794
Q61584-3_S553___1,-0.3092,No,0.6417,0.1515
Q61584-3_S557___1,0.2605,No,0.7437,0.2269
Q61699-2_S766___1,-0.01257,No,0.9979,0.9535
Q61818-2_S521___1,-0.28,No,0.7012,0.1939
Q61818-2_S1332___1,-0.0679,No,0.9706,0.7528
Q62219-2_S401___1,-0.5883,No,0.1066,0.0064
Q62219-2_S177___1,0.1405,No,0.9206,0.5144
Q62219-2_S169___1,0.07227,No,0.9696,0.7374
Q62312-2_S486___1,-0.07862,No,0.9653,0.7153
Q62312-2_S548___1,-0.01336,No,0.9978,0.9506
Q62312-2_S409___1,-0.6043,No,0.092,0.0051
Q62312-2_S553___1,-0.1641,No,0.9022,0.4464
Q62312-2_S203___1,-0.05404,No,0.9779,0.8021
Q62417-2_S186___1,0.1395,No,0.9206,0.5175
Q62417-2_S251___1,-0.2979,No,0.6642,0.167
Q62417-2_S255___1,0.1051,No,0.9419,0.6258
Q62417-2_S87___1,0.2893,No,0.6835,0.1795
Q62417-2_S371___1,0.1256,No,0.9335,0.5602
Q62417-2_S651___1,0.07148,No,0.9697,0.7402
Q62417-2_S659___1,0.1055,No,0.9419,0.6246
Q62417-2_S497___1,0.2664,No,0.7328,0.2164
Q62417-2_S161___1,-0.7457,Yes,0.0183,0.0005
Q62417-2_S164___1,-0.3435,No,0.5622,0.111
Q62417-7_S775___1,0.07148,No,0.9697,0.7402
Q62418-2_S288___1,0.1389,No,0.9215,0.5195
Q62440-3_S164___1,0.132,No,0.9274,0.5403
Q62448-2_S394___1,0.3081,No,0.6449,0.1529
Q64012-2_S278___1,0.03512,No,0.9855,0.8706
Q64012-2_S119___1,-0.01101,No,0.9985,0.9592
Q64012-2_S254___1,-0.02465,No,0.9915,0.909
Q64012-2_S2___1,-0.1446,No,0.9166,0.5024
Q64012-2_S161___1,-0.5335,No,0.1722,0.0133
Q64028-3_S625___1,0.09682,No,0.9489,0.6533
Q64028-3_S854___1,0.2295,No,0.8053,0.2871
Q64028-3_S601___1,-0.1406,No,0.9206,0.5142
Q64092-4_S510___1,-0.1196,No,0.9358,0.5791
Q64092-4_S518___1,0.3551,No,0.5301,0.0995
Q64092-4_S530___1,0.1381,No,0.9233,0.5218
Q640L3-3_S587___1,-0.02332,No,0.9922,0.9139
Q64127-2_S621___1,0.1339,No,0.9249,0.5345
Q64127-2_S209___1,0.2679,No,0.7288,0.2139
Q64127-2_S778___1,0.124,No,0.9344,0.5652
Q64213-2_S82___1,0.1318,No,0.9277,0.541
Q64213-2_S20___1,-0.2671,No,0.7303,0.2153
Q64364-2_S81___1,-0.5169,No,0.1986,0.0165
Q64735-2_S411___1,-0.12,No,0.9358,0.5777
Q64735-2_S434___1,0.008791,No,>0.9999,0.9675
Q64735-2_S440___1,0.185,No,0.8715,0.3908
Q66JY2-4_S27___1,0.03157,No,0.9888,0.8835
Q66T02-2_S259___1,-0.1241,No,0.9344,0.5649
Q66T02-2_S938___1,0.2812,No,0.6993,0.192
Q69Z89-4_S206___1,0.05967,No,0.9747,0.7819
Q69ZA1-2_S664___1,-0.05921,No,0.9747,0.7836
Q69ZA1-2_S384___1,0.1354,No,0.9234,0.5298
Q69ZA1-2_S526___1,-0.1013,No,0.9449,0.6382
Q69ZA1-2_S398___1,0.1811,No,0.8781,0.4008
Q69ZR9-2_S836___1,0.06755,No,0.9706,0.754
Q69ZR9-2_S910___1,0.2506,No,0.7623,0.2449
Q69ZR9-2_S886___1,0.4418,No,0.3346,0.0404
Q69ZR9-2_S628___1,-0.06548,No,0.9712,0.7613
Q69ZR9-2_S339___1,-0.184,No,0.8739,0.3932
Q69ZS8-2_S8___1,0.1539,No,0.9104,0.4753
Q6AW69-5_S601___1,0.1879,No,0.8678,0.3834
Q6AW69-5_S252___1,0.1723,No,0.8936,0.4242
Q6AW69-5_S326___1,0.06161,No,0.9747,0.775
Q6AW69-5_S653___1,-0.3267,No,0.6006,0.1296
Q6AW69-5_S415___1,0.006904,No,>0.9999,0.9744
Q6AW69-5_S284___1,0.1618,No,0.9036,0.4528
Q6AW69-5_S257___1,-0.05382,No,0.9779,0.8028
Q6AW69-5_S262___1,-0.08247,No,0.9635,0.702
Q6AW69-5_S389___1,-0.1483,No,0.9129,0.4914
Q6AW69-5_S203___1,0.2213,No,0.8179,0.3047
Q6GYP7-6_S165___1,-0.2616,No,0.743,0.2248
Q6GYP7-6_S217___1,0.4343,No,0.3493,0.0439
Q6GYP7-6_S304___1,-0.08835,No,0.9566,0.6819
Q6GYP7-6_S241___1,0.1997,No,0.8511,0.3542
Q6IMB1-2_S168___1,0.1154,No,0.9365,0.5924
Q6IMB1-2_S175___1,-0.2688,No,0.726,0.2124
Q6KAS7-2_S605___1,-0.1221,No,0.935,0.571
Q6KAU7-2_S1235___1,0.1102,No,0.9401,0.6091
Q6KAU7-2_S404___1,-0.3956,No,0.4389,0.0665
Q6KAU7-2_S671___1,-0.06468,No,0.9712,0.7641
Q6KAU7-2_S427___1,0.06487,No,0.9712,0.7634
Q6NS59-2_S89___1,-0.2534,No,0.7563,0.2398
Q6NSV7-4_S245___1,-0.06452,No,0.9714,0.7647
Q6NXH3-2_S296___1,-0.1684,No,0.8976,0.4346
Q6NXH3-2_S49___1,-0.2719,No,0.718,0.2071
Q6NXH3-2_S401___1,-0.4997,No,0.2262,0.0204
Q6NXI6-2_S589___1,0.1806,No,0.8782,0.402
Q6NXI6-2_S694___1,0.1626,No,0.9028,0.4505
Q6NXI6-2_S460___1,0.2292,No,0.8053,0.2877
Q6NXI6-2_S1073___1,-0.1866,No,0.8697,0.3866
Q6NXI6-2_S568___1,0.08391,No,0.9613,0.6971
Q6NXN1-2_S88___1,0.3229,No,0.6102,0.1342
Q6NXZ1-2_S731___1,-0.1874,No,0.868,0.3846
Q6NXZ1-2_S759___1,-0.04013,No,0.9834,0.8523
Q6NXZ1-2_S666___1,-0.3552,No,0.5298,0.0994
Q6NZE7-4_S115___1,0.4524,No,0.3101,0.0358
Q6NZE7-4_S119___1,0.3152,No,0.6281,0.1437
Q6NZK8-2_S319___1,-0.001449,No,>0.9999,0.9946
Q6NZN0-5_S127___1,-1.134,Yes,<0.0001,<0.0001
Q6NZN0-5_S800___1,-0.1792,No,0.88,0.4057
Q6NZN0-5_S523___1,-0.7938,Yes,0.0097,0.0002
Q6P5H2-2_S1793___1,0.4568,No,0.3017,0.0341
Q6P5H2-2_S728___1,0.03411,No,0.9865,0.8742
Q6P5H2-2_S731___1,0.3363,No,0.5772,0.1188
Q6P5H2-2_S919___1,0.08352,No,0.962,0.6984
Q6P5H2-2_S818___1,-0.3369,No,0.5759,0.1181
Q6P5H2-2_S169___1,-0.005217,No,>0.9999,0.9807
Q6P5H2-2_S1521___1,0.4506,No,0.3146,0.0366
Q6P5H2-2_S1070___1,0.3235,No,0.6084,0.1334
Q6P5H2-2_S312___1,0.002668,No,>0.9999,0.9901
Q6P5H2-2_S850___1,0.3027,No,0.6557,0.1603
Q6P5H2-2_S1144___1,0.4479,No,0.3209,0.0377
Q6P6I6-2_S155___1,0.01757,No,0.9955,0.935
Q6P6L0-3_S795___1,0.4496,No,0.3168,0.037
Q6P6L0-3_S801___1,0.1289,No,0.9305,0.5497
Q6P6L0-3_S551___1,0.1119,No,0.9395,0.6038
Q6P7W0-2_S207___1,-0.1086,No,0.9401,0.6142
Q6P9R4-1_S997___1,0.3237,No,0.6084,0.1332
Q6P9R4-1_S577___1,0.3293,No,0.5952,0.1265
Q6PAR5-6_S569___1,0.199,No,0.8523,0.356
Q6PAR5-6_S902___1,-0.1879,No,0.8678,0.3833
Q6PCP5-3_S129___1,-0.7345,Yes,0.0211,0.0007
Q6PCP5-3_S131___1,-0.4459,No,0.325,0.0386
Q6PD29-2_S97___1,-0.9123,Yes,0.0017,<0.0001
Q6PD29-2_S83___1,-0.2882,No,0.6845,0.1812
Q6PDG5-2_S347___1,0.1276,No,0.9326,0.554
Q6PDG5-2_S302___1,-0.1912,No,0.8646,0.375
Q6PDG5-2_S304___1,-0.0008758,No,>0.9999,0.9968
Q6PDG5-2_S283___1,0.1569,No,0.9081,0.4668
Q6PDG8-2_S56___1,0.02017,No,0.9943,0.9254
Q6PE65-2_S86___1,-0.04456,No,0.9833,0.8362
Q6PG16-3_S526___1,0.2004,No,0.8505,0.3525
Q6PG16-3_S387___1,0.3022,No,0.6562,0.1609
Q6PG16-3_S491___1,-0.2856,No,0.6915,0.1852
Q6PGA0-2_S212___1,-0.21,No,0.8369,0.3298
Q6PGN3-6_S374___1,0.2821,No,0.6987,0.1906
Q6PGN3-6_S307___1,-0.06751,No,0.9706,0.7541
Q6PR54-2_S1528___1,0.1347,No,0.9237,0.532
Q6PR54-2_S1540___1,-0.1171,No,0.9359,0.5869
Q6PR54-2_S405___1,-0.1049,No,0.9423,0.6266
Q6PR54-2_S1439___1,-0.09295,No,0.9524,0.6663
Q6PR54-2_S1565___1,-0.1346,No,0.9242,0.5324
Q6PR54-2_S1416___1,-0.331,No,0.5916,0.1246
Q6PR54-2_S2144___1,0.8302,Yes,0.0062,0.0001
Q6PR54-2_S1387___1,-0.1464,No,0.9138,0.4971
Q6PR54-2_S1868___1,-0.1508,No,0.9129,0.4843
Q6PR54-2_S1683___1,-0.2269,No,0.809,0.2924
Q6S5J6-2_S274___1,-0.09194,No,0.9537,0.6697
Q6S5J6-2_S276___1,-0.3431,No,0.5622,0.1115
Q6Y5D8-3_S591___1,0.02859,No,0.9906,0.8945
Q6ZPE2-2_S1139___1,-0.3749,No,0.4865,0.082
Q6ZPE2-2_S1141___1,-0.213,No,0.8319,0.3231
Q6ZPE2-2_S1772___1,0.005135,No,>0.9999,0.981
Q6ZQ29-2_S493___1,-0.2405,No,0.7825,0.2645
Q6ZQ93-3_S3209___1,0.1893,No,0.8667,0.3799
Q6ZQ93-3_S2287___1,0.156,No,0.9086,0.4692
Q6ZQ93-3_S3161___1,0.1444,No,0.9168,0.503
Q6ZQB6-3_S38___1,-0.2494,No,0.7628,0.2473
Q6ZQB6-3_S493___1,-0.1474,No,0.9132,0.4942
Q6ZQM0-2_S240___1,-0.1764,No,0.8849,0.4131
Q6ZQM0-2_S229___1,0.08314,No,0.9623,0.6997
Q6ZWR6-4_S8225___1,-0.6646,Yes,0.048,0.002
Q6ZWR6-4_S8306___1,-0.03726,No,0.9847,0.8628
Q75N73-3_S308___1,0.03922,No,0.9834,0.8556
Q76I79-2_S28___1,0.0452,No,0.9833,0.8339
Q76I79-2_S958___1,-0.07472,No,0.9691,0.7288
Q76I79-2_S563___1,0.1676,No,0.8976,0.4368
Q76I79-2_S575___1,-0.1174,No,0.9359,0.5861
Q76I79-2_S687___1,-0.4793,No,0.2612,0.0262
Q76I79-2_S693___1,0.2108,No,0.8361,0.3281
Q76KF0-3_S882___1,-0.4525,No,0.3101,0.0358
Q76N33-2_S76___1,0.1683,No,0.8976,0.4348
Q7JJ13-2_S251___1,0.02036,No,0.9943,0.9247
Q7JJ13-2_S585___1,-0.1329,No,0.9249,0.5377
Q7TMJ8-2_S55___1,0.2565,No,0.7505,0.234
Q7TN98-4_S97___1,0.1318,No,0.9277,0.5409
Q7TN98-4_S99___1,0.1406,No,0.9206,0.5143
Q7TN98-4_S252___1,0.01056,No,0.9985,0.9609
Q7TN98-4_S255___1,-0.2573,No,0.7503,0.2326
Q7TN99-4_S194___1,0.1482,No,0.9129,0.4918
Q7TN99-4_S197___1,0.1336,No,0.9249,0.5355
Q7TNC4-4_S18___1,0.2612,No,0.7437,0.2256
Q7TNF9-2_S67___1,0.1475,No,0.9129,0.4938
Q7TNH6-2_S55___1,0.03981,No,0.9834,0.8535
Q7TPH6-2_S3057___1,-0.5385,No,0.165,0.0125
Q7TPH6-2_S2943___1,-0.634,No,0.0659,0.0033
Q7TPH6-2_S2914___1,-0.5703,No,0.1242,0.0082
Q7TPH6-2_S2916___1,-0.8517,Yes,0.0044,<0.0001
Q7TPH6-2_S3550___1,-0.7691,Yes,0.0135,0.0004
Q7TPH6-2_S2884___1,-0.4812,No,0.2576,0.0256
Q7TPM6-2_S469___1,-0.4173,No,0.3879,0.0529
Q7TQH0-3_S681___1,-0.6074,No,0.089,0.0048
Q7TQH0-3_S304___1,-0.02408,No,0.9915,0.9111
Q7TQH0-3_S591___1,0.127,No,0.9332,0.5558
Q7TQH0-3_S407___1,0.1439,No,0.9168,0.5045
Q7TQH0-3_S389___1,-0.1246,No,0.9344,0.5633
Q7TQH0-3_S109___1,0.2791,No,0.7038,0.1955
Q7TQH0-3_S556___1,0.1374,No,0.9234,0.524
Q7TQH0-3_S447___1,0.109,No,0.9401,0.6132
Q7TQH0-3_S333___1,0.2532,No,0.7567,0.2402
Q7TQH0-3_S337___1,0.08161,No,0.9643,0.705
Q7TQH0-3_S236___1,0.234,No,0.7936,0.2776
Q7TQK0-2_S477___1,-0.1117,No,0.9395,0.6042
Q7TQK0-2_S596___1,-0.01083,No,0.9985,0.9599
Q7TS63-2_S641___1,-1.084,Yes,<0.0001,<0.0001
Q80TE4-2_S1082___1,0.03311,No,0.9871,0.8779
Q80TE4-2_S1478___1,0.05307,No,0.9785,0.8055
Q80TE4-2_S1406___1,0.3975,No,0.435,0.0652
Q80TE4-2_S163___1,0.4617,No,0.2943,0.0322
Q80TE4-2_S1488___1,0.1585,No,0.9073,0.4622
Q80TE4-2_S149___1,0.2535,No,0.7562,0.2396
Q80TF4-3_S633___1,-0.2595,No,0.7448,0.2287
Q80TF4-3_S18___1,-0.3999,No,0.428,0.0635
Q80TH2-2_S849___1,0.2972,No,0.6648,0.168
Q80TH2-2_S854___1,0.2762,No,0.7099,0.2001
Q80TH2-2_S1136___1,-0.3952,No,0.4395,0.0667
Q80TH2-2_S1140___1,0.01306,No,0.9978,0.9517
Q80TH2-2_S1324___1,0.03852,No,0.9837,0.8582
Q80TH2-2_S869___1,0.004776,No,>0.9999,0.9823
Q80TH2-2_S440___1,-0.443,No,0.3319,0.0399
Q80TH2-2_S444___1,0.108,No,0.9401,0.6163
Q80TH2-2_S1120___1,-0.5883,No,0.1066,0.0064
Q80TH2-2_S1348___1,-0.3216,No,0.6135,0.1357
Q80TH2-2_S1171___1,-0.2304,No,0.8036,0.2851
Q80TI0-2_S510___1,-0.009198,No,>0.9999,0.966
Q80TI0-2_S234___1,-0.1631,No,0.9028,0.4493
Q80TL7-2_S534___1,0.2514,No,0.7607,0.2434
Q80TL7-2_S204___1,-0.1255,No,0.9335,0.5604
Q80TL7-2_S1212___1,0.171,No,0.8951,0.4275
Q80TM6-2_S871___1,-0.2817,No,0.6992,0.1913
Q80TM6-2_S283___1,-0.1506,No,0.9129,0.4848
Q80TQ5-2_S443___1,0.1577,No,0.9079,0.4644
Q80TR1-2_S1177___1,0.1663,No,0.8982,0.4404
Q80TR8-4_S999___1,-0.08021,No,0.9643,0.7098
Q80TR8-4_S978___1,-0.2291,No,0.8053,0.2879
Q80TV8-2_S1210___1,-0.2429,No,0.7776,0.2598
Q80TV8-2_S799___1,-0.5062,No,0.2169,0.0189
Q80TV8-2_S1183___1,0.2289,No,0.8056,0.2883
Q80TV8-2_S559___1,0.02001,No,0.9944,0.926
Q80TV8-2_S568___1,-0.1945,No,0.8616,0.3668
Q80TV8-2_S1117___1,0.08515,No,0.9608,0.6928
Q80TV8-2_S282___1,-0.2054,No,0.846,0.3407
Q80TV8-2_S849___1,0.2937,No,0.6729,0.1731
Q80TV8-2_S598___1,0.2206,No,0.8183,0.306
Q80TV8-2_S600___1,0.08015,No,0.9643,0.71
Q80TV8-2_S688___1,0.2672,No,0.7303,0.2151
Q80TV8-2_S594___1,-0.1086,No,0.9401,0.6142
Q80TV8-2_S868___1,0.09259,No,0.9527,0.6675
Q80U16-7_S37___1,-0.2874,No,0.6867,0.1825
Q80U16-7_S21___1,-0.195,No,0.8613,0.3657
Q80U22-2_S572___1,-0.01509,No,0.9976,0.9442
Q80U22-2_S234___1,-0.7304,Yes,0.0221,0.0007
Q80U22-2_S534___1,-0.295,No,0.6703,0.1711
Q80U22-2_S776___1,0.2826,No,0.6987,0.1898
Q80U22-2_S88___1,0.006067,No,>0.9999,0.9775
Q80U28-10_S1176___1,0.1572,No,0.9081,0.4657
Q80U30-4_S404___1,-0.02004,No,0.9944,0.9259
Q80U62-3_S541___1,0.2254,No,0.8106,0.2957
Q80U62-3_S376___1,0.167,No,0.8976,0.4385
Q80U72-4_S1338___1,0.02491,No,0.9915,0.908
Q80U72-4_S1244___1,-0.07211,No,0.9697,0.738
Q80U72-4_S1512___1,-0.1014,No,0.9449,0.6382
Q80U72-4_S583___1,0.3272,No,0.5994,0.129
Q80U72-4_S729___1,0.513,No,0.2051,0.0173
Q80U72-4_S1464___1,-0.009519,No,0.9993,0.9648
Q80U72-4_S1497___1,-0.3304,No,0.593,0.1253
Q80U72-4_S800___1,-0.001626,No,>0.9999,0.994
Q80U72-4_S506___1,0.2343,No,0.7935,0.277
Q80U72-4_S1368___1,-0.08638,No,0.9594,0.6886
Q80U72-4_S1299___1,0.08347,No,0.962,0.6986
Q80U78-2_S709___1,-0.2053,No,0.846,0.3409
Q80U78-2_S229___1,-0.0234,No,0.9922,0.9135
Q80UG5-3_S53___1,-0.1994,No,0.8511,0.3549
Q80UG5-3_S318___1,0.1152,No,0.9365,0.593
Q80UG5-3_S323___1,-0.01574,No,0.9973,0.9418
Q80UG5-3_S221___1,-0.1645,No,0.9015,0.4454
Q80UG5-3_S75___1,0.04235,No,0.9833,0.8443
Q80UG5-3_S78___1,-0.0206,No,0.9943,0.9239
Q80UG5-3_S154___1,-0.04681,No,0.9832,0.8281
Q80UG5-3_S23___1,-0.2389,No,0.7854,0.2678
Q80VP0-2_S272___1,0.2149,No,0.8291,0.3188
Q80VP0-2_S277___1,-0.277,No,0.709,0.1987
Q80W00-2_S313___1,0.06215,No,0.974,0.7731
Q80W14-3_S834___1,0.02887,No,0.9906,0.8934
Q80WC1-2_S236___1,-0.06963,No,0.9706,0.7467
Q80WC1-2_S13___1,-0.3901,No,0.4527,0.0704
Q80WE4-2_S1268___1,0.8397,Yes,0.0053,<0.0001
Q80WT5-2_S680___1,0.3425,No,0.5635,0.1121
Q80WT5-2_S151___1,0.03133,No,0.9889,0.8844
Q80X41-2_S376___1,-0.009428,No,0.9996,0.9651
Q80XI3-2_S1107___1,-0.6749,Yes,0.0424,0.0017
Q80XI3-2_S470___1,0.4944,No,0.235,0.0218
Q80XI3-2_S472___1,0.03877,No,0.9835,0.8573
Q80XI3-2_S1132___1,-0.747,Yes,0.018,0.0005
Q80XI3-2_S267___1,-0.6212,No,0.0759,0.004
Q80Y81-2_S797___1,0.2273,No,0.8083,0.2917
Q80Y81-2_S200___1,-0.4281,No,0.3645,0.047
Q80Y83-12_S50___1,0.1537,No,0.9107,0.4759
Q80Y98-3_S348___1,0.3479,No,0.5496,0.1065
Q811D0-2_S268___1,0.08513,No,0.9608,0.6929
Q811D0-2_S538___1,-0.1127,No,0.9391,0.6012
Q811D0-2_S540___1,-0.1944,No,0.8616,0.3672
Q811D0-2_S542___1,-0.1177,No,0.9359,0.585
Q811D0-2_S546___1,-0.316,No,0.6262,0.1426
Q811D0-2_S586___1,-0.215,No,0.8291,0.3186
Q811D0-2_S484___1,-0.2634,No,0.7396,0.2217
Q811D0-2_S602___1,0.04445,No,0.9833,0.8366
Q811P8-2_S603___1,-0.1717,No,0.8936,0.4256
Q811P8-2_S507___1,-0.06571,No,0.9712,0.7605
Q811P8-2_S306___1,-0.05653,No,0.9768,0.7931
Q811P8-2_S310___1,-0.04219,No,0.9833,0.8448
Q811P8-2_S333___1,-0.1549,No,0.909,0.4724
Q811P8-2_S381___1,-0.05498,No,0.9777,0.7987
Q811P8-2_S543___1,-0.0881,No,0.957,0.6827
Q812A5-2_S246___1,0.01454,No,0.9978,0.9462
Q8BFY9-2_S24___1,0.7162,Yes,0.0264,0.0009
Q8BGE5-4_S627___1,0.07258,No,0.9696,0.7363
Q8BGX7-2_S80___1,-0.07439,No,0.9691,0.73
Q8BH48-2_S146___1,0.3669,No,0.5016,0.0887
Q8BH60-2_S434___1,0.2652,No,0.7352,0.2185
Q8BHD7-2_S24___1,0.4055,No,0.4145,0.06
Q8BHL5-2_S517___1,0.1708,No,0.8957,0.4281
Q8BHN1-3_S466___1,0.1103,No,0.9401,0.6089
Q8BIH0-2_S238___1,-0.01091,No,0.9985,0.9596
Q8BJA3-4_S133___1,-0.005918,No,>0.9999,0.9781
Q8BJS4-3_S120___1,-0.06523,No,0.9712,0.7622
Q8BJS4-3_S12___1,0.3079,No,0.6454,0.1532
Q8BJS4-3_S20___1,0.01078,No,0.9985,0.9601
Q8BJS4-3_S21___1,0.1492,No,0.9129,0.4889
Q8BJS4-3_S27___1,-0.1801,No,0.8787,0.4034
Q8BJS4-3_S39___1,-0.02552,No,0.9915,0.9058
Q8BJS4-3_S101___1,-0.08432,No,0.9612,0.6957
Q8BJZ3-2_S79___1,-0.1766,No,0.8848,0.4126
Q8BKC8-2_S496___1,0.1177,No,0.9359,0.585
Q8BKC8-2_S294___1,0.7761,Yes,0.0124,0.0003
Q8BKC8-2_S277___1,0.161,No,0.9036,0.4551
Q8BKC8-2_S413___1,0.3077,No,0.6459,0.1535
Q8BKU8-2_S405___1,-0.3155,No,0.6274,0.1433
Q8BKX1-2_S367___1,0.2186,No,0.8219,0.3106
Q8BL48-2_S240___1,0.2036,No,0.848,0.345
Q8BL80-3_S187___1,0.1628,No,0.9028,0.4502
Q8BL97-4_S123___1,-0.06605,No,0.9712,0.7593
Q8BL97-4_S221___1,-0.7142,Yes,0.0269,0.0009
Q8BL97-4_S181___1,0.004752,No,>0.9999,0.9824
Q8BL97-4_S183___1,-0.6232,No,0.0741,0.0038
Q8BLG0-2_S894___1,-0.2598,No,0.7448,0.2282
Q8BLK9-2_S552___1,-0.1639,No,0.9028,0.4471
Q8BLK9-2_S576___1,0.1316,No,0.9282,0.5416
Q8BLK9-2_S199___1,-0.122,No,0.9352,0.5715
Q8BLK9-2_S116___1,-0.2276,No,0.8078,0.2911
Q8BLK9-2_S366___1,0.06917,No,0.9706,0.7483
Q8BM75-2_S789___1,-0.1541,No,0.9102,0.4747
Q8BM75-2_S759___1,-0.1699,No,0.8965,0.4305
Q8BMA3-2_S142___1,-0.142,No,0.9194,0.5101
Q8BMQ3-2_S762___1,-0.07015,No,0.9705,0.7449
Q8BMQ3-2_S7___1,0.1429,No,0.919,0.5075
Q8BMQ3-2_S870___1,-0.1996,No,0.8511,0.3544
Q8BMQ3-2_S336___1,-0.03965,No,0.9834,0.854
Q8BN58-2_S589___1,0.04914,No,0.9828,0.8197
Q8BN58-2_S571___1,-0.4934,No,0.2363,0.0221
Q8BN82-3_S17___1,-0.1041,No,0.9434,0.6293
Q8BPM2-2_S316___1,-0.003518,No,>0.9999,0.987
Q8BR07-3_S570___1,-0.6708,Yes,0.0447,0.0019
Q8BR07-3_S548___1,-0.2719,No,0.718,0.2071
Q8BRH3-2_S407___1,0.5008,No,0.2249,0.0202
Q8BRH4-2_S111___1,-0.003632,No,>0.9999,0.9866
Q8BSK8-2_S424___1,0.238,No,0.7867,0.2696
Q8BSQ9-2_S321___1,-0.3655,No,0.5056,0.09
Q8BSQ9-2_S1246___1,-0.2354,No,0.7922,0.2749
Q8BSQ9-2_S39___1,-0.1644,No,0.9017,0.4455
Q8BSQ9-2_S916___1,-0.478,No,0.2636,0.0266
Q8BTY2-2_S89___1,-0.2743,No,0.714,0.2032
Q8BTY2-2_S284___1,0.01702,No,0.9959,0.9371
Q8BTY2-2_S247___1,0.03596,No,0.9854,0.8675
Q8BTY2-2_S263___1,0.132,No,0.9274,0.5401
Q8BTY2-2_S238___1,-0.7622,Yes,0.0147,0.0004
Q8BUR3-2_S189___1,-0.0699,No,0.9706,0.7457
Q8BW72-2_S523___1,0.09532,No,0.9503,0.6583
Q8BWL5-4_S39___1,0.02896,No,0.9906,0.8931
Q8BWR4-3_S1079___1,0.2208,No,0.8179,0.3057
Q8BXJ2-2_S741___1,-0.1843,No,0.8732,0.3924
Q8BXJ2-2_S784___1,0.117,No,0.9359,0.5871
Q8BXR9-2_S35___1,0.05765,No,0.976,0.7891
Q8BXR9-2_S190___1,-0.1332,No,0.9249,0.5365
Q8BY87-2_S914___1,0.1036,No,0.9437,0.6307
Q8BY87-2_S994___1,0.22,No,0.819,0.3074
Q8BY87-2_S891___1,0.6793,Yes,0.0403,0.0016
Q8BYH8-2_S653___1,-0.1783,No,0.8813,0.408
Q8BYJ6-2_S673___1,0.06951,No,0.9706,0.7471
Q8BYJ6-2_S348___1,-0.0242,No,0.9915,0.9106
Q8BYK6-3_S396___1,0.2233,No,0.8129,0.3003
Q8BZX4-2_S602___1,0.2089,No,0.8396,0.3326
Q8C050-2_S788___1,-0.0574,No,0.9761,0.79
Q8C050-2_S797___1,-0.1161,No,0.9359,0.59
Q8C078-2_S91___1,-0.1201,No,0.9356,0.5774
Q8C078-2_S99___1,0.2807,No,0.7003,0.1929
Q8C078-2_S495___1,0.2139,No,0.8293,0.321
Q8C079-3_S335___1,0.009547,No,0.9993,0.9647
Q8C0C4-2_S375___1,-0.4331,No,0.3525,0.0445
Q8C0D9-2_S419___1,-0.3283,No,0.5963,0.1277
Q8C0E3-2_S393___1,0.05712,No,0.9761,0.791
Q8C0M0-2_S564___1,0.09841,No,0.9474,0.648
Q8C0M0-2_S603___1,-0.4187,No,0.384,0.0521
Q8C0R0-2_S212___1,-0.01511,No,0.9976,0.9441
Q8C0R0-2_S628___1,0.2716,No,0.7182,0.2076
Q8C170-2_S1807___1,-0.7734,Yes,0.0128,0.0003
Q8C170-2_S1243___1,-0.4025,No,0.4217,0.0619
Q8C170-2_S1259___1,-0.5647,No,0.1313,0.0088
Q8C170-2_S1300___1,-0.5074,No,0.215,0.0186
Q8C170-2_S1583___1,-0.5252,No,0.1842,0.0148
Q8C1B7-3_S412___1,-0.01923,No,0.9953,0.9289
Q8C2B3-5_S560___1,-0.1184,No,0.9359,0.5828
Q8C2B3-5_S182___1,-0.2168,No,0.8249,0.3145
Q8C2B3-5_S156___1,-0.2412,No,0.781,0.2632
Q8C2B3-5_S376___1,-0.3331,No,0.586,0.1223
Q8C2B3-5_S435___1,0.01658,No,0.9962,0.9387
Q8C3S2-2_S561___1,0.1504,No,0.9129,0.4852
Q8C4V1-3_S275___1,-0.06155,No,0.9747,0.7752
Q8C4V1-3_S281___1,-0.1241,No,0.9344,0.5648
Q8C4V1-3_S321___1,-0.237,No,0.7885,0.2716
Q8C4V1-3_S382___1,-0.5609,No,0.1361,0.0093
Q8C5L3-3_S80___1,0.1447,No,0.9165,0.502
Q8C5N3-2_S770___1,0.2265,No,0.809,0.2934
Q8C5N3-2_S50___1,0.2893,No,0.6835,0.1796
Q8C5N3-2_S823___1,-0.896,Yes,0.0022,<0.0001
Q8C5N3-2_S60___1,0.1959,No,0.86,0.3635
Q8C5W0-3_S679___1,-0.18,No,0.8792,0.4037
Q8C5W0-3_S925___1,-0.02874,No,0.9906,0.8939
Q8C5W0-3_S724___1,0.05732,No,0.9761,0.7903
Q8C650-2_S414___1,-0.4897,No,0.2435,0.0231
Q8C6B2-2_S207___1,-0.6903,Yes,0.0355,0.0014
Q8C6B2-2_S93___1,0.1572,No,0.9081,0.4657
Q8C6B2-2_S531___1,-0.007538,No,>0.9999,0.9721
Q8C6B2-2_S507___1,-0.07294,No,0.9696,0.7351
Q8C827-2_S874___1,-0.9986,Yes,0.0004,<0.0001
Q8C8R3-5_S844___1,0.1097,No,0.9401,0.6108
Q8C8R3-5_S847___1,-0.09719,No,0.9481,0.6521
Q8C8R3-5_S10___1,0.0001043,No,>0.9999,0.9996
Q8C9X6-2_S488___1,-0.09127,No,0.9543,0.672
Q8C9X6-2_S69___1,-0.2927,No,0.6759,0.1745
Q8CAE9-3_S530___1,-0.06273,No,0.9734,0.771
Q8CAQ8-2_S446___1,0.2332,No,0.7962,0.2794
Q8CAQ8-2_S34___1,0.1229,No,0.9347,0.5685
Q8CBW3-2_S217___1,-1.299,Yes,<0.0001,<0.0001
Q8CBW3-2_S220___1,-0.1472,No,0.9132,0.4946
Q8CBW3-2_S226___1,-1.352,Yes,<0.0001,<0.0001
Q8CBW3-2_S178___1,0.1755,No,0.8872,0.4155
Q8CBW3-2_S182___1,-0.2892,No,0.6835,0.1797
Q8CBY1-2_S319___1,-0.161,No,0.9036,0.4552
Q8CBY1-2_S472___1,-0.01314,No,0.9978,0.9514
Q8CBY1-2_S67___1,-0.07198,No,0.9697,0.7384
Q8CBY1-2_S543___1,-0.0296,No,0.9906,0.8908
Q8CBY1-2_S82___1,0.2409,No,0.7817,0.2636
Q8CC35-2_S594___1,0.09228,No,0.9534,0.6686
Q8CC35-2_S599___1,-0.1894,No,0.8667,0.3796
Q8CC35-2_S615___1,0.08053,No,0.9643,0.7087
Q8CC35-2_S433___1,0.07675,No,0.9669,0.7218
Q8CC35-2_S450___1,0.1616,No,0.9036,0.4534
Q8CC35-2_S273___1,-0.05812,No,0.9754,0.7874
Q8CC35-2_S501___1,0.4067,No,0.4119,0.0592
Q8CC35-2_S45___1,0.09109,No,0.9546,0.6726
Q8CC35-2_S284___1,-0.1131,No,0.9385,0.5998
Q8CC35-2_S19___1,-0.1306,No,0.9286,0.5446
Q8CC35-2_S296___1,0.1402,No,0.9206,0.5153
Q8CC35-2_S566___1,0.1965,No,0.8583,0.3619
Q8CC35-2_S670___1,-0.1011,No,0.9449,0.6391
Q8CC35-2_S643___1,0.2733,No,0.7159,0.2048
Q8CC35-2_S654___1,-0.2305,No,0.8036,0.285
Q8CC35-2_S240___1,0.2144,No,0.8291,0.3199
Q8CC35-2_S249___1,-0.06675,No,0.9712,0.7568
Q8CC35-2_S526___1,-0.07064,No,0.9703,0.7431
Q8CC35-2_S328___1,0.01788,No,0.9955,0.9339
Q8CC35-2_S835___1,-0.3121,No,0.6342,0.1477
Q8CC35-2_S789___1,-0.05426,No,0.9779,0.8013
Q8CC35-2_S755___1,0.2501,No,0.7623,0.2459
Q8CC35-2_S838___1,0.1299,No,0.9289,0.5469
Q8CDB0-2_S222___1,0.08179,No,0.9643,0.7043
Q8CEC0-3_S431___1,-0.1664,No,0.8982,0.4403
Q8CEC0-3_S699___1,0.1718,No,0.8936,0.4255
Q8CEC0-3_S47___1,0.1347,No,0.9239,0.5321
Q8CFT2-2_S1637___1,-0.06006,No,0.9747,0.7805
Q8CFT2-2_S1313___1,0.06026,No,0.9747,0.7798
Q8CGB3-3_S1344___1,0.6543,No,0.0532,0.0024
Q8CGB3-3_S1253___1,0.2541,No,0.7545,0.2384
Q8CGB3-3_S289___1,-0.4861,No,0.2511,0.0241
Q8CGB6-2_S809___1,0.224,No,0.8116,0.2987
Q8CGB6-2_S812___1,0.4114,No,0.4015,0.0563
Q8CGB6-2_S458___1,-0.2305,No,0.8036,0.285
Q8CGB6-2_S797___1,-0.0982,No,0.9474,0.6487
Q8CGB6-2_S802___1,0.08415,No,0.9612,0.6962
Q8CGB6-2_S1064___1,0.1078,No,0.9401,0.617
Q8CGB6-2_S908___1,-0.1279,No,0.9318,0.5529
Q8CGB6-2_S910___1,-0.6807,Yes,0.0396,0.0016
Q8CGB6-2_S97___1,-0.2125,No,0.833,0.3243
Q8CGB6-2_S625___1,-0.1354,No,0.9234,0.5299
Q8CGB6-2_S432___1,0.1516,No,0.9129,0.4818
Q8CGF7-2_S619___1,0.001588,No,>0.9999,0.9941
Q8CGN4-4_S488___1,0.3328,No,0.5865,0.1226
Q8CGN4-4_S423___1,0.0542,No,0.9779,0.8015
Q8CGN4-4_S1391___1,0.2723,No,0.7169,0.2064
Q8CGN4-4_S1113___1,0.09524,No,0.9503,0.6586
Q8CH25-2_S981___1,0.2806,No,0.7006,0.1931
Q8CH25-2_S764___1,0.1294,No,0.9297,0.5482
Q8CH25-2_S271___1,0.1344,No,0.9245,0.5329
Q8CH25-2_S902___1,-0.09489,No,0.9504,0.6598
Q8CH25-2_S999___1,-0.07059,No,0.9703,0.7433
Q8CH25-2_S921___1,0.157,No,0.9081,0.4664
Q8CH25-2_S534___1,0.1817,No,0.8767,0.3992
Q8CH25-2_S993___1,0.1675,No,0.8976,0.4372
Q8CHD8-3_S984___1,0.002328,No,>0.9999,0.9914
Q8CHE4-2_S1035___1,-0.1205,No,0.9353,0.5761
Q8CHI8-3_S164___1,-0.04534,No,0.9833,0.8334
Q8CHI8-3_S662___1,-0.3297,No,0.5944,0.1261
Q8CHK4-3_S223___1,-0.14,No,0.9206,0.5162
Q8CHK4-3_S235___1,0.2386,No,0.7854,0.2683
Q8CHK4-3_S123___1,0.01186,No,0.9979,0.9561
Q8CHK4-2_S90___1,0.07685,No,0.9669,0.7214
Q8CI08-2_S378___1,-0.08223,No,0.9639,0.7028
Q8CI08-2_S316___1,-0.1489,No,0.9129,0.4898
Q8CI08-2_S392___1,0.274,No,0.7143,0.2037
Q8CI08-2_S350___1,-0.9169,Yes,0.0016,<0.0001
Q8CI08-2_S434___1,-0.02072,No,0.9943,0.9234
Q8CI08-2_S63___1,-0.4286,No,0.3634,0.0468
Q8CI15-3_S224___1,-0.3685,No,0.4979,0.0874
Q8CIP4-2_S594___1,-0.1001,No,0.9459,0.6425
Q8CIP4-2_S423___1,-0.1578,No,0.9079,0.4641
Q8CJ12-5_S975___1,0.1564,No,0.9086,0.468
Q8CJ53-2_S378___1,-0.5271,No,0.1824,0.0145
Q8CJ53-2_S296___1,-0.3991,No,0.4304,0.0641
Q8CJ53-2_S482___1,-0.14,No,0.9206,0.5159
Q8K012-2_S466___1,0.03778,No,0.9843,0.8609
Q8K012-2_S429___1,0.1597,No,0.9053,0.4587
Q8K012-2_S442___1,-0.2178,No,0.8231,0.3124
Q8K012-2_S295___1,0.09962,No,0.9459,0.644
Q8K0B2-3_S458___1,0.09677,No,0.9489,0.6535
Q8K0L9-2_S359___1,0.189,No,0.8671,0.3806
Q8K0L9-2_S152___1,0.171,No,0.8951,0.4276
Q8K120-2_S289___1,0.1497,No,0.9129,0.4873
Q8K1M6-3_S579___1,0.2305,No,0.8036,0.2849
Q8K1N2-2_S983___1,0.02236,No,0.9929,0.9174
Q8K1N2-2_S359___1,0.04573,No,0.9833,0.832
Q8K1N2-2_S510___1,-0.03466,No,0.9857,0.8722
Q8K1N2-2_S297___1,0.02798,No,0.9906,0.8967
Q8K1N2-2_S945___1,-0.195,No,0.8613,0.3657
Q8K1N2-2_S486___1,0.02141,No,0.9938,0.9209
Q8K1N2-2_S536___1,0.03942,No,0.9834,0.8549
Q8K1N2-2_S1014___1,-0.4652,No,0.2875,0.0309
Q8K1N2-2_S234___1,-0.06382,No,0.9721,0.7672
Q8K1N2-2_S411___1,-0.2853,No,0.6921,0.1856
Q8K1N2-2_S241___1,1.023,Yes,0.0002,<0.0001
Q8K1N2-2_S244___1,0.2634,No,0.7396,0.2217
Q8K1N2-2_S46___1,-0.2182,No,0.8224,0.3114
Q8K1N2-2_S151___1,0.4105,No,0.4035,0.0569
Q8K1N2-2_S223___1,-0.05134,No,0.9798,0.8117
Q8K1N2-2_S347___1,0.07532,No,0.9691,0.7268
Q8K1N2-2_S380___1,0.09451,No,0.9504,0.661
Q8K1N2-2_S383___1,-0.2275,No,0.8078,0.2912
Q8K1N2-2_S389___1,-0.1372,No,0.9234,0.5244
Q8K1N2-2_S17___1,0.002882,No,>0.9999,0.9893
Q8K1N2-2_S465___1,0.08616,No,0.9594,0.6894
Q8K1N2-2_S73___1,-0.2065,No,0.8438,0.338
Q8K1N2-2_S203___1,-0.07458,No,0.9691,0.7293
Q8K1N2-2_S39___1,0.2974,No,0.6642,0.1676
Q8K1N2-2_S1029___1,-0.01522,No,0.9976,0.9437
Q8K1N2-2_S333___1,-0.05384,No,0.9779,0.8028
Q8K1S3-2_S858___1,0.0116,No,0.9979,0.9571
Q8K1S3-2_S911___1,0.09867,No,0.9473,0.6471
Q8K1S3-2_S517___1,-0.2663,No,0.7332,0.2167
Q8K1S3-2_S481___1,0.4807,No,0.2587,0.0257
Q8K1S6-2_S606___1,-0.1827,No,0.8765,0.3967
Q8K2K6-3_S181___1,0.1078,No,0.9401,0.617
Q8K2Y9-2_S390___1,0.05932,No,0.9747,0.7832
Q8K2Y9-2_S402___1,0.2765,No,0.7095,0.1995
Q8K2Y9-2_S378___1,-0.02095,No,0.9943,0.9226
Q8K2Y9-2_S437___1,0.3231,No,0.6091,0.1339
Q8K2Y9-2_S407___1,0.2607,No,0.7437,0.2265
Q8K2Y9-2_S410___1,-0.07367,No,0.9691,0.7325
Q8K2Y9-2_S158___1,0.1366,No,0.9234,0.5264
Q8K341-5_S292___1,-0.281,No,0.7,0.1923
Q8K341-5_S253___1,-0.07615,No,0.9681,0.7239
Q8K3E5-2_S181___1,0.1826,No,0.8765,0.3969
Q8K3E5-2_S974___1,0.04305,No,0.9833,0.8417
Q8K4G5-2_S629___1,-0.006276,No,>0.9999,0.9768
Q8K4G5-2_S592___1,0.3688,No,0.4973,0.0871
Q8K4G5-2_S600___1,0.003797,No,>0.9999,0.9859
Q8K4G5-2_S346___1,-0.2432,No,0.7771,0.2593
Q8K4G5-2_S350___1,-0.4693,No,0.2792,0.0295
Q8K4G5-2_S355___1,0.05839,No,0.9752,0.7865
Q8K4G5-2_S359___1,-0.1456,No,0.9158,0.4994
Q8K4G5-2_S511___1,-1.092,Yes,<0.0001,<0.0001
Q8K4G5-2_S379___1,-0.1524,No,0.9129,0.4796
Q8K4G5-2_S382___1,-0.229,No,0.8053,0.288
Q8K4G5-2_S291___1,0.2278,No,0.8074,0.2907
Q8K4J0-3_S255___1,-0.3047,No,0.6521,0.1575
Q8K4L3-3_S260___1,-0.4734,No,0.2716,0.0281
Q8K4P8-2_S1185___1,0.3235,No,0.6084,0.1334
Q8K4P8-2_S921___1,-0.2058,No,0.8444,0.3397
Q8K4P8-2_S923___1,-0.1099,No,0.9401,0.61
Q8K4P8-2_S573___1,-0.3353,No,0.5787,0.1199
Q8K4P8-2_S1059___1,-0.4819,No,0.2566,0.0254
Q8K4R9-3_S70___1,0.1332,No,0.9249,0.5366
Q8K4R9-3_S328___1,0.1462,No,0.9138,0.4975
Q8R0A2-2_S204___1,0.5138,No,0.2034,0.0171
Q8R0A2-2_S161___1,0.4973,No,0.2301,0.0211
Q8R0J4-2_S70___1,0.1204,No,0.9353,0.5765
Q8R0J4-2_S93___1,-0.187,No,0.8691,0.3856
Q8R0M8-3_S277___1,-0.3704,No,0.4954,0.0857
Q8R146-2_S187___1,0.1091,No,0.9401,0.6126
Q8R149-2_S297___1,-0.2279,No,0.8074,0.2904
Q8R149-2_S148___1,0.2122,No,0.8341,0.3249
Q8R149-2_S238___1,-0.6567,No,0.052,0.0023
Q8R149-2_S122___1,-0.04188,No,0.9833,0.8459
Q8R1A4-2_S945___1,0.03806,No,0.9842,0.8598
Q8R1A4-2_S2117___1,-0.2107,No,0.8361,0.3283
Q8R1A4-2_S2122___1,-0.1625,No,0.9028,0.4508
Q8R1A4-2_S1420___1,0.06593,No,0.9712,0.7597
Q8R1A4-2_S1422___1,0.4448,No,0.327,0.039
Q8R1A4-2_S1428___1,-0.17,No,0.8962,0.4303
Q8R1A4-2_S30___1,-0.1995,No,0.8511,0.3547
Q8R1A4-2_S1382___1,-0.1107,No,0.9398,0.6077
Q8R1A4-2_S180___1,-0.2038,No,0.8478,0.3443
Q8R1A4-2_S182___1,-0.3507,No,0.542,0.1038
Q8R1A4-2_S888___1,-0.1642,No,0.9022,0.4463
Q8R1A4-2_S896___1,-0.1241,No,0.9344,0.5646
Q8R1A4-2_S900___1,0.2422,No,0.7803,0.2613
Q8R1A4-2_S910___1,0.4105,No,0.4035,0.0568
Q8R1A4-2_S929___1,-0.1282,No,0.9309,0.5519
Q8R1F6-2_S654___1,0.6039,No,0.0921,0.0051
Q8R1S4-2_S276___1,-0.4959,No,0.2321,0.0214
Q8R1S4-2_S561___1,-1.438,Yes,<0.0001,<0.0001
Q8R1S4-2_S573___1,0.2464,No,0.7693,0.2531
Q8R316-2_S380___1,0.2264,No,0.809,0.2936
Q8R316-2_S404___1,0.5278,No,0.1813,0.0143
Q8R3Y5-2_S331___1,0.2874,No,0.6867,0.1825
Q8R3Y8-2_S434___1,0.1685,No,0.8976,0.4343
Q8R3Y8-2_S352___1,-0.6428,No,0.0604,0.0029
Q8R3Y8-2_S365___1,-0.3388,No,0.5723,0.116
Q8R3Y8-2_S402___1,0.0971,No,0.9483,0.6524
Q8R3Y8-2_S417___1,0.08211,No,0.9641,0.7033
Q8R3Y8-2_S47___1,0.02843,No,0.9906,0.8951
Q8R4D1-4_S279___1,0.2847,No,0.6926,0.1865
Q8R550-2_S183___1,-0.02087,No,0.9943,0.9229
Q8R550-2_S230___1,-0.007382,No,>0.9999,0.9727
Q8R5F7-2_S240___1,-0.005616,No,>0.9999,0.9792
Q8R5F7-2_S253___1,-0.1651,No,0.9008,0.4438
Q8VBW5-3_S242___1,0.08748,No,0.9574,0.6848
Q8VBW5-3_S791___1,-0.2278,No,0.8074,0.2905
Q8VBW5-3_S159___1,-0.1683,No,0.8976,0.4349
Q8VBX6-2_S231___1,0.3019,No,0.6574,0.1614
Q8VBX6-2_S235___1,-0.0696,No,0.9706,0.7468
Q8VBX6-2_S908___1,0.06346,No,0.9729,0.7685
Q8VBX6-2_S1066___1,0.1767,No,0.8848,0.4123
Q8VCE9-2_S30___1,0.09673,No,0.9489,0.6536
Q8VCE9-2_S56___1,-0.01347,No,0.9978,0.9502
Q8VDF2-2_S291___1,0.06535,No,0.9712,0.7618
Q8VEK3-2_S58___1,-0.1473,No,0.9132,0.4945
Q8VEK3-2_S183___1,-0.1671,No,0.8976,0.4383
Q8VHX6-2_S2201___1,-0.5403,No,0.1634,0.0122
Q8VHX6-2_S2204___1,-0.05841,No,0.9752,0.7864
Q8VHX6-2_S2090___1,0.0445,No,0.9833,0.8364
Q8VHX6-2_S2592___1,0.07691,No,0.9669,0.7212
Q8VHX6-2_S2600___1,0.1951,No,0.8613,0.3654
Q8VHX6-2_S2150___1,-0.365,No,0.5071,0.0904
Q8VHX6-2_S1528___1,0.02671,No,0.9913,0.9014
Q8VI56-2_S1830___1,-0.5004,No,0.2253,0.0203
Q8VIK5-4_S890___1,-0.5769,No,0.1175,0.0074
Q91V87-2_S38___1,-0.223,No,0.8138,0.3009
Q91VY5-2_S418___1,-0.1569,No,0.9081,0.4665
Q91W18-2_S502___1,-0.003641,No,>0.9999,0.9865
Q91W18-2_S456___1,0.127,No,0.9332,0.5556
Q91W59-2_S5___1,0.06325,No,0.973,0.7692
Q91WK0-2_S77___1,0.03073,No,0.9899,0.8866
Q91WK0-2_S96___1,0.1329,No,0.9249,0.5376
Q91XS1-2_S544___1,0.1208,No,0.9353,0.575
Q91YE5-2_S1174___1,-0.5719,No,0.1225,0.008
Q91YE5-2_S1042___1,-0.479,No,0.2619,0.0263
Q91YE5-2_S1383___1,-0.8151,Yes,0.0073,0.0002
Q91YE7-2_S59___1,-0.1412,No,0.9206,0.5125
Q91YE7-2_S623___1,0.2862,No,0.69,0.1843
Q91ZM2-6_S219___1,-0.139,No,0.9208,0.5189
Q91ZM2-6_S560___1,-0.04324,No,0.9833,0.841
Q91ZU6-3_S1381___1,-0.1895,No,0.8667,0.3794
Q91ZU6-3_S2241___1,0.7417,Yes,0.0191,0.0006
Q91ZU6-3_S237___1,0.1929,No,0.8633,0.3709
Q91ZU6-3_S2121___1,0.4043,No,0.4175,0.0607
Q91ZU6-3_S3894___1,0.0433,No,0.9833,0.8408
Q91ZU6-3_S5407___1,0.04967,No,0.9817,0.8177
Q91ZU6-3_S7340___1,0.2684,No,0.7267,0.2131
Q91ZU6-5_S1517___1,0.4514,No,0.3126,0.0363
Q91ZU6-6_S157___1,0.5479,No,0.1548,0.011
Q91ZU6-6_S106___1,-0.294,No,0.6725,0.1726
Q91ZU6-8_S183___1,-0.144,No,0.9168,0.504
Q91ZU6-8_S205___1,0.3187,No,0.6184,0.1393
Q91ZU6-8_S30___1,-0.02991,No,0.9906,0.8896
Q91ZU6-8_S54___1,0.1043,No,0.9434,0.6285
Q91ZV0-3_S512___1,0.07379,No,0.9691,0.7321
Q91ZV0-3_S571___1,-0.04084,No,0.9833,0.8497
Q91ZV0-3_S652___1,0.2452,No,0.7732,0.2552
Q91ZV0-3_S505___1,-0.06926,No,0.9706,0.748
Q91ZV0-3_S609___1,-0.07107,No,0.9701,0.7416
Q91ZV0-3_S559___1,-0.1898,No,0.8667,0.3787
Q920B0-2_S862___1,-0.04032,No,0.9834,0.8516
Q920B0-2_S873___1,0.1979,No,0.8558,0.3585
Q920B0-2_S725___1,-0.04174,No,0.9833,0.8465
Q920B0-2_S575___1,0.004406,No,>0.9999,0.9837
Q920B0-2_S641___1,0.1235,No,0.9346,0.5668
Q920I9-2_S776___1,-0.8798,Yes,0.0028,<0.0001
Q920Q8-4_S284___1,-0.5823,No,0.1132,0.0069
Q920Q8-4_S296___1,-0.1411,No,0.9206,0.5126
Q921C3-2_S1810___1,-0.2546,No,0.7539,0.2375
Q921C3-2_S1789___1,-0.3749,No,0.4865,0.082
Q921C3-2_S1927___1,0.04822,No,0.983,0.823
Q921C3-2_S1830___1,0.6551,No,0.0527,0.0024
Q921M4-2_S734___1,0.1069,No,0.9406,0.6199
Q921M4-2_S757___1,-0.1148,No,0.9371,0.5943
Q921T2-2_S60___1,-0.2014,No,0.849,0.3502
Q921T2-2_S94___1,-0.179,No,0.88,0.4063
Q921T2-2_S140___1,0.1528,No,0.9123,0.4783
Q921T2-2_S50___1,-0.3189,No,0.6184,0.1391
Q921U8-2_S304___1,0.2725,No,0.7166,0.2061
Q922D4-2_S571___1,0.1879,No,0.8678,0.3834
Q922H1-2_S22___1,0.131,No,0.9286,0.5433
Q922H1-2_S24___1,0.09934,No,0.9459,0.6449
Q925J9-4_S1143___1,-0.237,No,0.7885,0.2715
Q925J9-4_S1420___1,-0.1058,No,0.941,0.6236
Q925J9-4_S1450___1,0.08684,No,0.9585,0.687
Q99JP6-2_S254___1,0.1698,No,0.8967,0.4309
Q99JP6-2_S159___1,-0.01357,No,0.9978,0.9498
Q99JX3-2_S350___1,0.443,No,0.3319,0.0399
Q99JX3-2_S375___1,0.2477,No,0.7669,0.2505
Q99JX3-2_S380___1,-0.01294,No,0.9978,0.9521
Q99K01-2_S778___1,-0.05471,No,0.9777,0.7996
Q99KG3-2_S659___1,-0.1471,No,0.9132,0.4948
Q99KG3-3_S89___1,0.01059,No,0.9985,0.9608
Q99KG3-2_S646___1,-0.156,No,0.9086,0.4691
Q99KG3-2_S22___1,-0.4862,No,0.2511,0.0241
Q99KG3-2_S60___1,0.3835,No,0.4684,0.0752
Q99KG5-3_S368___1,-0.3386,No,0.5724,0.1162
Q99KN1-2_S121___1,-0.06596,No,0.9712,0.7596
Q99KW3-4_S1552___1,-0.4595,No,0.2972,0.033
Q99KW3-4_S1558___1,-0.03362,No,0.9869,0.8761
Q99KW3-4_S555___1,0.7638,Yes,0.0145,0.0004
Q99KW3-4_S1965___1,-0.1194,No,0.9358,0.5795
Q99M28-2_S243___1,-0.0499,No,0.9814,0.8169
Q99MR6-3_S67___1,0.01105,No,0.9985,0.9591
Q99MR6-3_S74___1,-0.194,No,0.8616,0.3682
Q99MR6-3_S492___1,0.3031,No,0.6545,0.1596
Q99N50-11_S493___1,-0.2038,No,0.8478,0.3445
Q99N57-2_S662___1,0.2777,No,0.7078,0.1976
Q99P72-5_S165___1,-0.2143,No,0.8291,0.3202
Q99PP7-2_S1117___1,0.258,No,0.7483,0.2313
Q99PP7-2_S877___1,0.3449,No,0.5583,0.1096
Q9CSB4-2_S1182___1,-0.4913,No,0.2408,0.0227
Q9CSB4-2_S338___1,-0.5424,No,0.1606,0.0119
Q9CSB4-2_S346___1,-0.4413,No,0.3353,0.0406
Q9CSB4-2_S990___1,-0.3074,No,0.6459,0.1539
Q9CSB4-2_S1160___1,-0.4179,No,0.3861,0.0525
Q9CSB4-2_S746___1,-0.4887,No,0.2453,0.0234
Q9CSB4-2_S635___1,-0.2892,No,0.6835,0.1796
Q9CSB4-2_S730___1,-0.42,No,0.3807,0.0514
Q9CSP9-4_S657___1,0.5192,No,0.1942,0.016
Q9CSP9-4_S609___1,0.1586,No,0.9073,0.4618
Q9CVI2-2_S82___1,-0.05935,No,0.9747,0.7831
Q9CWL2-2_S57___1,0.3094,No,0.6414,0.1512
Q9CWR0-2_S520___1,-0.2714,No,0.7187,0.2079
Q9CWR0-2_S531___1,0.03147,No,0.9888,0.8839
Q9CZ44-3_S178___1,-0.1378,No,0.9234,0.5228
Q9CZ44-3_S116___1,-0.1409,No,0.9206,0.5134
Q9CZ44-3_S274___1,0.1747,No,0.8887,0.4177
Q9CZ44-3_S142___1,0.1609,No,0.9036,0.4555
Q9CZ44-3_S74___1,-0.1518,No,0.9129,0.4813
Q9CZ52-2_S360___1,0.1427,No,0.9193,0.508
Q9CZ62-2_S733___1,-0.507,No,0.2156,0.0187
Q9CZT4-2_S135___1,0.2026,No,0.8483,0.3472
Q9CZT4-2_S136___1,0.07856,No,0.9653,0.7155
Q9D032-2_S354___1,0.08773,No,0.9574,0.684
Q9D032-2_S360___1,0.2604,No,0.7437,0.2269
Q9D067-4_S510___1,-0.2091,No,0.8394,0.332
Q9D067-4_S511___1,-0.2091,No,0.8394,0.332
Q9D067-4_S494___1,0.1123,No,0.9395,0.6024
Q9D2N4-2_S398___1,-0.08079,No,0.9643,0.7078
Q9D394-2_S27___1,0.2465,No,0.769,0.2529
Q9D4H4-2_S167___1,-0.1126,No,0.9391,0.6014
Q9D4H4-2_S712___1,-0.7049,Yes,0.0299,0.0011
Q9D4H4-2_S832___1,-0.2171,No,0.8245,0.3139
Q9D4H4-2_S649___1,0.07043,No,0.9703,0.7439
Q9D4H4-2_S718___1,-0.1129,No,0.9385,0.6004
Q9D4H4-2_S730___1,-0.07249,No,0.9696,0.7367
Q9D4H9-2_S273___1,-0.4026,No,0.4215,0.0618
Q9D4H9-2_S523___1,-0.1421,No,0.9194,0.5097
Q9D4H9-2_S828___1,0.5967,No,0.0989,0.0056
Q9D4V4-3_S39___1,-0.05823,No,0.9754,0.7871
Q9D5R3-2_S307___1,0.03665,No,0.9853,0.865
Q9D5R3-2_S124___1,0.002173,No,>0.9999,0.992
Q9D684-2_S26___1,-0.2857,No,0.6915,0.185
Q9D684-2_S313___1,-0.206,No,0.8443,0.3391
Q9D684-2_S442___1,-0.1515,No,0.9129,0.4821
Q9D7S7-2_S117___1,-0.07394,No,0.9691,0.7316
Q9D8M7-2_S21___1,-0.06909,No,0.9706,0.7486
Q9D8M7-2_S324___1,0.2342,No,0.7935,0.2773
Q9D8M7-2_S267___1,-0.04995,No,0.9814,0.8168
Q9D8Y8-3_S32___1,0.03821,No,0.984,0.8593
Q9DBR1-2_S678___1,-0.1365,No,0.9234,0.5267
Q9DBR1-2_S499___1,-0.1158,No,0.9359,0.591
Q9DBR1-2_S501___1,0.01047,No,0.9985,0.9613
Q9DBR1-2_S448___1,0.2437,No,0.7766,0.2583
Q9DBR1-2_S471___1,0.1005,No,0.9455,0.6411
Q9DBR1-2_S487___1,0.1011,No,0.9449,0.6389
Q9DBY0-2_S58___1,0.1285,No,0.9306,0.5509
Q9DBY0-2_S92___1,0.0691,No,0.9706,0.7485
Q9DC04-1_S314___1,0.02767,No,0.9907,0.8979
Q9DC28-2_S382___1,-0.1994,No,0.8511,0.355
Q9DC28-2_S331___1,-0.4689,No,0.2798,0.0296
Q9DC28-2_S401___1,0.1506,No,0.9129,0.4849
Q9DCF9-2_S11___1,0.5488,No,0.154,0.0109
Q9DCN2-2_S31___1,0.3721,No,0.492,0.0843
Q9EP53-2_S426___1,-0.5711,No,0.1234,0.0081
Q9EP53-2_S501___1,0.2377,No,0.7867,0.2701
Q9EP53-2_S561___1,0.2321,No,0.7997,0.2815
Q9EPJ9-2_S362___1,-0.1705,No,0.8962,0.4288
Q9EPJ9-2_S337___1,0.4909,No,0.2414,0.0228
Q9EPJ9-2_S325___1,0.2413,No,0.781,0.263
Q9EPN1-3_S1257___1,-0.2595,No,0.7448,0.2287
Q9EPN1-3_S1004___1,-0.2587,No,0.7462,0.2301
Q9EPN1-3_S1311___1,0.08548,No,0.9606,0.6917
Q9EPN1-3_S2096___1,0.175,No,0.8884,0.417
Q9EPQ8-2_S588___1,0.3046,No,0.6521,0.1577
Q9EPQ8-2_S994___1,-0.1392,No,0.9208,0.5183
Q9EPQ8-2_S1047___1,-0.437,No,0.3441,0.0426
Q9EPQ8-2_S603___1,-0.03606,No,0.9853,0.8671
Q9EPQ8-2_S1363___1,-0.1319,No,0.9275,0.5404
Q9EPQ8-2_S567___1,-0.06521,No,0.9712,0.7623
Q9EPQ8-2_S669___1,0.02649,No,0.9915,0.9022
Q9EPQ8-2_S730___1,-0.04019,No,0.9834,0.8521
Q9EPU0-2_S1111___1,-0.2302,No,0.8044,0.2855
Q9EPU0-2_S1091___1,0.08762,No,0.9574,0.6844
Q9EQQ9-3_S402___1,0.09457,No,0.9504,0.6609
Q9EQZ7-3_S177___1,-0.1876,No,0.8678,0.384
Q9ERD6-2_S315___1,0.49,No,0.2432,0.023
Q9ERD6-2_S301___1,0.2528,No,0.7571,0.2408
Q9ERD6-2_S394___1,0.03835,No,0.984,0.8588
Q9ERD6-2_S261___1,-0.09898,No,0.9467,0.6461
Q9ERD6-2_S273___1,0.04099,No,0.9833,0.8492
Q9ERR1-2_S231___1,0.03994,No,0.9834,0.853
Q9ES28-8_S71___1,0.1175,No,0.9359,0.5856
Q9ES28-8_S516___1,0.05814,No,0.9754,0.7874
Q9ES28-8_S340___1,0.1362,No,0.9234,0.5273
Q9ES97-3_S31___1,0.8756,Yes,0.003,<0.0001
Q9ESD7-3_S194___1,-0.03455,No,0.9858,0.8727
Q9ESN9-2_S554___1,-0.1288,No,0.9306,0.5501
Q9ESN9-2_S334___1,0.04842,No,0.983,0.8223
Q9ESZ8-5_S772___1,0.0518,No,0.9786,0.8101
Q9ESZ8-5_S615___1,-0.06758,No,0.9706,0.7539
Q9ESZ8-5_S103___1,0.3642,No,0.5085,0.0911
Q9ET54-4_S355___1,-0.2626,No,0.7406,0.2232
Q9ET54-4_S740___1,0.172,No,0.8936,0.4248
Q9ET54-4_S512___1,0.2681,No,0.7282,0.2135
Q9ET54-4_S598___1,0.1874,No,0.8681,0.3847
Q9ET54-4_S603___1,0.005765,No,>0.9999,0.9787
Q9ET54-4_S737___1,-0.2244,No,0.811,0.2979
Q9ET54-4_S798___1,-0.1559,No,0.9086,0.4696
Q9ET54-4_S971___1,-0.1148,No,0.9371,0.5942
Q9JHC9-3_S113___1,0.003809,No,>0.9999,0.9859
Q9JHC9-3_S119___1,0.07074,No,0.9703,0.7428
Q9JIM1-2_S264___1,0.2251,No,0.8106,0.2964
Q9JIX8-4_S428___1,0.1649,No,0.901,0.4444
Q9JIX8-4_S670___1,-0.02126,No,0.9938,0.9214
Q9JIX8-4_S798___1,0.1013,No,0.9449,0.6385
Q9JIX8-4_S858___1,0.2472,No,0.7671,0.2515
Q9JIX8-4_S785___1,-0.3112,No,0.6366,0.1488
Q9JIX8-4_S617___1,0.04851,No,0.9829,0.8219
Q9JIX8-4_S689___1,-0.5401,No,0.1635,0.0122
Q9JIX8-4_S521___1,0.3114,No,0.6362,0.1486
Q9JIX8-4_S946___1,0.2644,No,0.7372,0.22
Q9JIX8-4_S949___1,-0.2601,No,0.744,0.2275
Q9JIX8-4_S963___1,0.008208,No,>0.9999,0.9696
Q9JIX8-4_S439___1,0.01624,No,0.9966,0.94
Q9JIX8-4_S451___1,0.4259,No,0.3686,0.0482
Q9JIX8-4_S555___1,-0.04808,No,0.983,0.8235
Q9JIX8-4_S349___1,0.3073,No,0.6459,0.154
Q9JIX8-4_S176___1,0.1597,No,0.9053,0.4587
Q9JIX8-4_S549___1,-0.05087,No,0.9806,0.8134
Q9JJG0-3_S438___1,0.1615,No,0.9036,0.4538
Q9JJG0-3_S645___1,-0.1262,No,0.9335,0.5584
Q9JK83-2_S10___1,-0.2676,No,0.7291,0.2144
Q9JK83-2_S11___1,0.06901,No,0.9706,0.7488
Q9JKK1-2_S129___1,0.03876,No,0.9835,0.8573
Q9JKS4-3_S179___1,-0.6287,No,0.0692,0.0035
Q9JLB0-2_S106___1,-0.1959,No,0.86,0.3635
Q9JLM8-2_S337___1,-0.04313,No,0.9833,0.8414
Q9JM52-3_S783___1,0.04627,No,0.9833,0.83
Q9JM52-3_S787___1,0.2351,No,0.7924,0.2754
Q9JM52-3_S766___1,0.1138,No,0.9382,0.5974
Q9JM52-3_S603___1,-0.3097,No,0.6414,0.1507
Q9JM52-2_S677___1,-0.7656,Yes,0.0142,0.0004
Q9JM52-3_S677___1,-0.7656,Yes,0.0142,0.0004
Q9JMG3-2_S71___1,0.0875,No,0.9574,0.6848
Q9QUI1-2_S46___1,-0.5342,No,0.1715,0.0132
Q9QUJ7-2_S16___1,-0.2353,No,0.7922,0.2751
Q9QWH1-2_S166___1,0.3516,No,0.5395,0.1029
Q9QWY8-4_S1044___1,-0.3807,No,0.4739,0.0773
Q9QWY8-4_S1131___1,-0.1833,No,0.8755,0.395
Q9QWY8-4_S717___1,0.07891,No,0.9653,0.7143
Q9QWY8-4_S843___1,0.06597,No,0.9712,0.7596
Q9QWY8-4_S1030___1,-0.1205,No,0.9353,0.5762
Q9QXN0-3_S161___1,-0.03638,No,0.9853,0.866
Q9QXN0-3_S987___1,-0.1647,No,0.901,0.4448
Q9QXN0-3_S285___1,-0.2262,No,0.8095,0.294
Q9QXN0-3_S1611___1,0.2096,No,0.8385,0.3309
Q9QXN0-3_S1478___1,-0.1288,No,0.9306,0.55
Q9QXN0-3_S1454___1,0.08538,No,0.9606,0.692
Q9QXN0-3_S1458___1,0.2977,No,0.6642,0.1673
Q9QXN0-3_S675___1,-0.05224,No,0.9785,0.8085
Q9QXN0-3_S1409___1,-0.3411,No,0.5673,0.1136
Q9QXN0-3_S663___1,-0.1722,No,0.8936,0.4245
Q9QXN0-3_S1219___1,0.2913,No,0.6784,0.1766
Q9QXN0-3_S132___1,-0.0498,No,0.9815,0.8173
Q9QXN0-3_S439___1,-0.2395,No,0.7843,0.2665
Q9QXS1-2_S4384___1,-0.1076,No,0.9402,0.6176
Q9QXS1-2_S4388___1,-0.2277,No,0.8074,0.2908
Q9QXS1-2_S4391___1,0.2562,No,0.7517,0.2346
Q9QXS1-2_S1438___1,0.3196,No,0.6164,0.1382
Q9QXS1-2_S723___1,0.166,No,0.8986,0.4411
Q9QXS1-2_S3902___1,-0.08234,No,0.9637,0.7025
Q9QXS1-2_S3977___1,0.2015,No,0.849,0.3499
Q9QXS1-2_S4615___1,0.1422,No,0.9194,0.5094
Q9QXS1-2_S4620___1,-0.06685,No,0.9712,0.7565
Q9QXS1-2_S4624___1,-0.05422,No,0.9779,0.8014
Q9QXS1-2_S4628___1,-0.1465,No,0.9138,0.4969
Q9QXS1-2_S1100___1,-0.111,No,0.9398,0.6065
Q9QXS1-2_S2581___1,-0.2081,No,0.8419,0.3344
Q9QXS1-2_S2364___1,0.1111,No,0.9398,0.6064
Q9QXS1-2_S1724___1,-0.6981,Yes,0.0324,0.0012
Q9QXS1-2_S4644___1,-0.003298,No,>0.9999,0.9878
Q9QXS1-2_S114___1,0.1386,No,0.9222,0.5202
Q9QXS1-2_S1557___1,0.2169,No,0.8249,0.3144
Q9QXS1-2_S1050___1,0.0465,No,0.9832,0.8292
Q9QXS1-2_S4408___1,0.4066,No,0.4119,0.0593
Q9QXS1-6_S44___1,0.1284,No,0.9306,0.5514
Q9QXS6-3_S612___1,-0.1087,No,0.9401,0.614
Q9QXS6-3_S274___1,-0.109,No,0.9401,0.6129
Q9QXS6-3_S141___1,0.1034,No,0.9437,0.6313
Q9QXS6-3_S142___1,0.06593,No,0.9712,0.7597
Q9QXS6-3_S339___1,0.2305,No,0.8036,0.2849
Q9QXS6-3_S341___1,0.1498,No,0.9129,0.4872
Q9QY06-2_S1293___1,0.06366,No,0.9725,0.7677
Q9QY06-2_S1142___1,0.01523,No,0.9976,0.9437
Q9QY06-2_S1400___1,0.3406,No,0.5682,0.114
Q9QY06-2_S1331___1,-0.1478,No,0.9129,0.493
Q9QY06-2_S1978___1,0.02466,No,0.9915,0.9089
Q9QY06-2_S1247___1,0.02072,No,0.9943,0.9234
Q9QY06-2_S1204___1,-0.07523,No,0.9691,0.7271
Q9QY06-2_S1676___1,0.081,No,0.9643,0.7071
Q9QY06-2_S2127___1,-0.07835,No,0.9656,0.7162
Q9QY06-2_S1072___1,-0.05291,No,0.9785,0.8061
Q9QYB5-2_S661___1,-0.06822,No,0.9706,0.7516
Q9QYB5-2_S402___1,-0.01113,No,0.9985,0.9588
Q9QYB5-2_S31___1,0.08496,No,0.9608,0.6935
Q9QYB5-2_S42___1,0.008876,No,>0.9999,0.9672
Q9QYB5-2_S645___1,0.02548,No,0.9915,0.9059
Q9QYB5-2_S647___1,0.2768,No,0.7095,0.1991
Q9QYB5-2_S649___1,-0.03184,No,0.9888,0.8826
Q9QYB5-2_S461___1,0.04002,No,0.9834,0.8527
Q9QYG0-2_S330___1,0.3612,No,0.5158,0.0938
Q9QYY8-2_S182___1,-0.2564,No,0.7512,0.2343
Q9QYY8-2_S15___1,0.02681,No,0.9913,0.901
Q9QZK2-2_S250___1,0.3756,No,0.485,0.0814
Q9QZQ1-2_S1157___1,-0.1882,No,0.8678,0.3827
Q9QZQ1-2_S1158___1,-0.1205,No,0.9353,0.576
Q9QZQ1-2_S1167___1,-0.0007441,No,>0.9999,0.9972
Q9QZQ1-2_S1495___1,-0.08273,No,0.9632,0.7011
Q9QZQ1-2_S1223___1,-0.2575,No,0.7502,0.2323
Q9QZQ1-2_S1196___1,0.3509,No,0.5415,0.1036
Q9QZQ1-2_S542___1,-0.1308,No,0.9286,0.5441
Q9QZQ1-2_S547___1,0.1235,No,0.9346,0.5667
Q9QZQ1-2_S549___1,-0.4097,No,0.4051,0.0574
Q9QZQ1-2_S1780___1,-0.5611,No,0.1361,0.0092
Q9QZQ1-2_S246___1,-0.4188,No,0.384,0.052
Q9QZQ1-2_S181___1,-0.4054,No,0.4146,0.06
Q9QZQ1-2_S1092___1,-0.1439,No,0.9168,0.5043
Q9QZQ1-2_S497___1,-0.1735,No,0.8914,0.4209
Q9QZQ1-2_S1125___1,-0.03253,No,0.9881,0.88
Q9QZQ1-2_S1128___1,0.1382,No,0.923,0.5213
Q9QZQ1-2_S1755___1,0.03248,No,0.9882,0.8802
Q9QZQ1-2_S1260___1,-1.024,Yes,0.0002,<0.0001
Q9QZQ1-2_S216___1,0.1769,No,0.8848,0.4119
Q9QZQ1-2_S1704___1,0.1394,No,0.9206,0.5177
Q9QZR5-4_S793___1,-0.01023,No,0.9987,0.9621
Q9QZS3-4_S183___1,-0.2345,No,0.7932,0.2767
Q9QZS3-4_S380___1,0.1057,No,0.9411,0.6238
Q9QZS3-4_S576___1,-0.104,No,0.9434,0.6293
Q9R049-2_S512___1,0.2662,No,0.7334,0.2169
Q9R0U0-2_S106___1,0.2257,No,0.8106,0.295
Q9R0U0-2_S107___1,0.1006,No,0.9455,0.6407
Q9R0U0-2_S133___1,0.1688,No,0.8976,0.4336
Q9R0Z9-2_S894___1,-0.1301,No,0.9286,0.546
Q9R0Z9-2_S123___1,-0.1974,No,0.8571,0.3597
Q9R0Z9-2_S399___1,-0.1273,No,0.933,0.5549
Q9R0Z9-2_S163___1,0.08227,No,0.9639,0.7027
Q9R1T4-2_S416___1,0.118,No,0.9359,0.5841
Q9R1V6-15_S884___1,0.3,No,0.6625,0.164
Q9R1V6-15_S900___1,-0.3372,No,0.5758,0.1177
Q9R1V6-15_S861___1,0.2923,No,0.6767,0.1751
Q9R1X4-3_S1026___1,0.2263,No,0.8092,0.2938
Q9R1X4-6_S1165___1,0.2013,No,0.849,0.3505
Q9WTI7-3_S389___1,0.06587,No,0.9712,0.7599
Q9WTI7-3_S517___1,0.06599,No,0.9712,0.7595
Q9WTI7-3_S845___1,0.1199,No,0.9358,0.5781
Q9WTL8-2_S42___1,0.7261,Yes,0.0234,0.0008
Q9WTN3-4_S382___1,0.289,No,0.6835,0.1799
Q9WTS6-2_S199___1,-0.02915,No,0.9906,0.8924
Q9WTS6-2_S27___1,-0.1318,No,0.9277,0.541
Q9WU56-2_S386___1,0.09472,No,0.9504,0.6603
Q9WU62-2_S245___1,-0.2522,No,0.7583,0.2419
Q9WU62-2_S284___1,0.9793,Yes,0.0005,<0.0001
Q9WUU8-2_S226___1,0.1079,No,0.9401,0.6166
Q9WV30-4_S617___1,0.01998,No,0.9944,0.9261
Q9WV30-4_S618___1,0.01903,No,0.9953,0.9297
Q9WV89-4_S99___1,-0.188,No,0.8678,0.3831
Q9WV92-3_S486___1,-0.04327,No,0.9833,0.8409
Q9WV92-3_S105___1,-0.4008,No,0.4266,0.063
Q9WV92-3_S587___1,-0.7307,Yes,0.0221,0.0007
Q9WV92-3_S589___1,-0.3063,No,0.6479,0.1553
Q9WV92-3_S96___1,0.08086,No,0.9643,0.7075
Q9WV92-3_S428___1,0.2475,No,0.7669,0.251
Q9WV92-3_S456___1,0.03894,No,0.9834,0.8566
Q9WV92-3_S792___1,0.03501,No,0.9855,0.871
Q9WV92-7_S451___1,0.2804,No,0.7008,0.1934
Q9WVG9-2_S312___1,-0.4224,No,0.3757,0.0501
Q9Z0H0-2_S467___1,-0.07291,No,0.9696,0.7352
Q9Z0H4-2_S27___1,0.1586,No,0.9073,0.462
Q9Z0H8-2_S295___1,0.2243,No,0.811,0.298
Q9Z0H8-2_S208___1,0.2604,No,0.7437,0.2271
Q9Z0H8-2_S889___1,0.01114,No,0.9985,0.9588
Q9Z0P5-2_S347___1,0.09436,No,0.9505,0.6615
Q9Z0R4-2_S203___1,-0.6779,Yes,0.0409,0.0017
Q9Z0R4-2_S638___1,-0.2354,No,0.7922,0.2748
Q9Z0R4-2_S335___1,0.0645,No,0.9714,0.7648
Q9Z0R4-2_S623___1,-0.2303,No,0.8043,0.2854
Q9Z0R4-2_S558___1,-0.06213,No,0.974,0.7732
Q9Z0R4-2_S895___1,0.05124,No,0.9799,0.8121
Q9Z0R4-2_S897___1,0.07227,No,0.9696,0.7374
Q9Z0R4-2_S969___1,-0.3119,No,0.6344,0.1479
Q9Z0R4-2_S979___1,0.06106,No,0.9747,0.777
Q9Z0R4-2_S982___1,-0.1808,No,0.8782,0.4017
Q9Z0R6-2_S211___1,-0.3004,No,0.6612,0.1634
Q9Z0R6-2_S491___1,0.06306,No,0.973,0.7698
Q9Z0R6-2_S843___1,0.00001447,No,>0.9999,>0.9999
Q9Z110-2_S79___1,-0.06239,No,0.9739,0.7722
Q9Z110-2_S425___1,-0.337,No,0.5759,0.118
Q9Z125-2_S244___1,0.05003,No,0.9813,0.8164
Q9Z1J2-2_S581___1,0.4576,No,0.2999,0.0338
Q9Z1X2-2_S12___1,0.001503,No,>0.9999,0.9944
Q9Z1X2-2_S16___1,-0.07057,No,0.9703,0.7434
Q9Z1X4-3_S395___1,-0.3034,No,0.6545,0.1592
Q9Z1X4-3_S397___1,-0.5102,No,0.2097,0.0179
Q9Z204-2_S293___1,0.1797,No,0.8795,0.4045
Q9Z204-2_S255___1,0.3886,No,0.456,0.0714
Q9Z204-2_S228___1,0.02829,No,0.9906,0.8956
Q9Z204-2_S216___1,-0.2203,No,0.8185,0.3067
Q9Z204-2_S219___1,-0.06138,No,0.9747,0.7758
Q9Z204-3_S221___1,-1.19,Yes,<0.0001,<0.0001
Q9Z204-4_S220___1,0.07153,No,0.9697,0.74
Q9Z248-2_S24___1,-0.3595,No,0.5193,0.0953
Q9Z248-2_S199___1,0.1541,No,0.9101,0.4745
Q9Z280-2_S591___1,0.04477,No,0.9833,0.8355
Q9Z2D6-2_S97___1,-0.4913,No,0.2408,0.0227
Q9Z2H5-2_S856___1,0.0477,No,0.983,0.8249
Q9Z2H5-2_S498___1,-0.3217,No,0.6133,0.1356
Q9Z2H5-2_S528___1,0.3283,No,0.5963,0.1277
Q9Z2H5-2_S532___1,0.07212,No,0.9697,0.7379
Q9Z2H5-2_S770___1,0.1147,No,0.9371,0.5946
Q9Z2Q2-2_S152___1,0.2657,No,0.7343,0.2177
Q9Z2U2-2_S1971___1,-0.9577,Yes,0.0007,<0.0001
Q9Z2U2-2_S1843___1,-0.6844,Yes,0.0378,0.0015
A2AN08-3_T2732___1,0.1769,No,0.8848,0.412
A2CG63-2_T706___1,-0.1393,No,0.9208,0.5181
E9PXF8-2_T1123___1,-0.2742,No,0.714,0.2034
E9Q394-2_T1338___1,-0.1787,No,0.8805,0.4071
E9Q5F9-2_T1307___1,-0.01901,No,0.9953,0.9297
E9Q6J5-3_T2893___1,-0.3668,No,0.5018,0.0888
O35226-2_T250___1,-0.01517,No,0.9976,0.9439
O70585-2_T468___1,0.2229,No,0.8139,0.3012
P00520-4_T831___1,0.05923,No,0.9747,0.7835
P15379-2_T311___1,0.1792,No,0.88,0.4056
P16951-2_T53___1,0.1792,No,0.88,0.4058
P18572-2_T242___1,-0.5791,No,0.1155,0.0072
P25425-12_T293___1,-0.1329,No,0.9249,0.5376
P27546-2_T658___1,0.4545,No,0.3053,0.035
P27546-2_T847___1,0.3753,No,0.4855,0.0816
P30999-2_T98___1,-0.1653,No,0.9005,0.4431
P30999-2_T637___1,-0.08423,No,0.9612,0.696
P30999-2_T201___1,-0.1554,No,0.9088,0.4709
P30999-2_T863___1,0.249,No,0.7641,0.248
P30999-2_T59___1,-0.3128,No,0.6335,0.1467
P30999-2_T889___1,-0.1151,No,0.9365,0.5932
P30999-2_T879___1,-0.3705,No,0.4954,0.0857
P35710-2_T96___1,0.3139,No,0.631,0.1453
P35922-3_T462___1,0.1232,No,0.9347,0.5676
P48678-2_T548___1,0.1703,No,0.8962,0.4295
P49817-2_T6___1,-0.2911,No,0.6787,0.1769
P53996-2_T165___1,-0.7442,Yes,0.0187,0.0006
P61979-2_T39___1,-0.08987,No,0.9556,0.6767
P70257-1_T267___1,0.2539,No,0.7552,0.2389
P97377-2_T14___1,0.2377,No,0.7867,0.2701
P97379-2_T227___1,0.1243,No,0.9344,0.5642
P97798-5_T1229___1,-0.2547,No,0.7539,0.2373
P97798-5_T1383___1,-0.2024,No,0.8483,0.3477
P98203-2_T897___1,-0.3678,No,0.4996,0.0879
P98203-2_T866___1,-0.12,No,0.9358,0.5779
P98203-2_T637___1,-0.03185,No,0.9888,0.8825
Q03173-4_T702___1,-0.1674,No,0.8976,0.4374
Q04690-2_T2521___1,-0.2428,No,0.7776,0.26
Q08122-2_T312___1,-0.2116,No,0.8344,0.3263
Q08122-2_T328___1,-0.1355,No,0.9234,0.5295
Q0VBL3-2_T567___1,-0.1574,No,0.9081,0.4652
Q14AX6-3_T688___1,-0.2832,No,0.6975,0.189
Q14AX6-3_T889___1,-0.431,No,0.3577,0.0455
Q1W617-2_T467___1,-0.5261,No,0.1837,0.0147
Q3TLR7-2_T428___1,0.2533,No,0.7565,0.24
Q3UH06-2_T1405___1,-0.8095,Yes,0.0079,0.0002
Q3UMF0-4_T272___1,-0.5661,No,0.1291,0.0086
Q3UMF0-3_T16___1,-0.2694,No,0.7242,0.2114
Q3UMF0-4_T296___1,0.06048,No,0.9747,0.779
Q5SVQ0-4_T88___1,0.2354,No,0.7922,0.2747
Q60575-2_T1406___1,-0.04507,No,0.9833,0.8344
Q60575-3_T1129___1,-0.1941,No,0.8616,0.3679
Q60974-2_T2370___1,-0.2925,No,0.6761,0.1748
Q61188-2_T487___1,0.212,No,0.8344,0.3253
Q61210-5_T432___1,0.3861,No,0.4625,0.0732
Q61584-3_T398___1,0.2332,No,0.7962,0.2794
Q62417-2_T287___1,-0.1348,No,0.9237,0.5319
Q62448-2_T469___1,-0.02619,No,0.9915,0.9033
Q64012-2_T288___1,-0.2481,No,0.7669,0.2497
Q69ZA1-2_T495___1,-0.04859,No,0.9828,0.8217
Q69ZA1-2_T1185___1,-0.08873,No,0.9566,0.6806
Q69ZA1-2_T871___1,-0.06946,No,0.9706,0.7473
Q69ZA1-2_T1087___1,-0.124,No,0.9344,0.5651
Q6GYP7-6_T198___1,-0.2468,No,0.768,0.2522
Q6NXI6-2_T698___1,0.2071,No,0.843,0.3366
Q6P6L0-3_T746___1,-0.05126,No,0.9799,0.812
Q6P6L0-3_T754___1,0.03223,No,0.9887,0.8811
Q6P9R4-1_T568___1,-0.273,No,0.7159,0.2052
Q6PB44-2_T744___1,0.07172,No,0.9697,0.7393
Q6XUX1-3_T918___1,-0.04526,No,0.9833,0.8337
Q6ZQ89-3_T875___1,-0.6353,No,0.0651,0.0032
Q80TI0-2_T547___1,-0.1175,No,0.9359,0.5855
Q80TR1-2_T996___1,-0.5257,No,0.1842,0.0147
Q80TV8-2_T708___1,-0.2265,No,0.809,0.2933
Q80U16-7_T514___1,-0.2748,No,0.7128,0.2023
Q80U72-4_T674___1,0.7198,Yes,0.0255,0.0008
Q80U78-2_T112___1,-0.2204,No,0.8185,0.3067
Q80U78-2_T1150___1,-0.0682,No,0.9706,0.7517
Q80UG5-3_T136___1,0.2062,No,0.8443,0.3388
Q80UG5-3_T42___1,-0.3222,No,0.6122,0.135
Q8BJS4-3_T117___1,0.03119,No,0.9889,0.885
Q8BJU0-2_T81___1,0.1937,No,0.8616,0.3688
Q8BKX1-2_T341___1,-0.148,No,0.9129,0.4923
Q8BKX1-2_T361___1,0.2331,No,0.7964,0.2795
Q8BUJ9-2_T636___1,-0.174,No,0.8898,0.4194
Q8C050-2_T774___1,-0.005178,No,>0.9999,0.9808
Q8C5L3-3_T8___1,-0.8212,Yes,0.0069,0.0001
Q8C9X6-2_T482___1,-0.1625,No,0.9028,0.4511
Q8CBW3-2_T210___1,0.04003,No,0.9834,0.8527
Q8CBW3-2_T445___1,-0.006783,No,>0.9999,0.9749
Q8CC35-2_T308___1,-0.04558,No,0.9833,0.8325
Q8CEC0-3_T526___1,0.2003,No,0.8506,0.3527
Q8CGB6-2_T592___1,0.2286,No,0.8058,0.2889
Q8CHI8-3_T849___1,-0.4085,No,0.4079,0.0581
Q8K0L9-2_T617___1,0.002708,No,>0.9999,0.99
Q8K0L9-2_T232___1,0.2197,No,0.8193,0.3081
Q8K1N2-2_T947___1,-0.4201,No,0.3806,0.0513
Q8K2Y9-2_T393___1,-0.4767,No,0.266,0.027
Q8K4L3-3_T323___1,-0.494,No,0.2352,0.0219
Q8R4D1-4_T250___1,-0.8138,Yes,0.0075,0.0002
Q8VHX6-2_T1005___1,0.2528,No,0.7571,0.2409
Q923T9-3_T287___1,-0.07279,No,0.9696,0.7356
Q99KW3-4_T1569___1,0.1686,No,0.8976,0.434
Q99KW3-4_T1604___1,-0.3048,No,0.6521,0.1574
Q99MK9-2_T57___1,-0.1721,No,0.8936,0.4247
Q99MK9-2_T132___1,-0.02883,No,0.9906,0.8936
Q99MR6-3_T543___1,0.221,No,0.8179,0.3052
Q9CQG2-2_T429___1,0.07335,No,0.9694,0.7337
Q9CSB4-2_T695___1,-0.4396,No,0.339,0.0414
Q9CY57-5_T171___1,-0.0827,No,0.9632,0.7012
Q9CZV8-4_T403___1,0.03644,No,0.9853,0.8658
Q9D4H9-2_T280___1,-0.0933,No,0.9516,0.6651
Q9DC28-2_T355___1,0.0003158,No,>0.9999,0.9988
Q9EPQ8-2_T1792___1,-0.3959,No,0.4387,0.0663
Q9EPQ8-2_T1699___1,-0.06505,No,0.9712,0.7628
Q9ESZ8-5_T499___1,0.3774,No,0.4815,0.08
Q9JHU3-2_T161___1,-0.2381,No,0.7861,0.2693
Q9JIX8-4_T213___1,0.2265,No,0.809,0.2934
Q9QWY8-4_T1026___1,-0.3189,No,0.6184,0.139
Q9QXS1-2_T4032___1,-0.3904,No,0.4518,0.0701
Q9QXS1-2_T2888___1,-0.02527,No,0.9915,0.9067
Q9QXS6-3_T337___1,-0.3925,No,0.4463,0.0686
Q9QXS6-3_T348___1,0.3283,No,0.5963,0.1277
Q9QY06-2_T1346___1,0.05995,No,0.9747,0.7809
Q9QYY8-2_T217___1,-0.4575,No,0.2999,0.0338
Q9QZQ1-2_T1472___1,-0.3035,No,0.6545,0.1592
Q9QZQ1-2_T1217___1,-0.09976,No,0.9459,0.6435
Q9QZQ1-2_T551___1,-0.2278,No,0.8074,0.2906
Q9QZQ1-2_T249___1,-0.7535,Yes,0.0167,0.0005
Q9QZQ1-2_T1319___1,-0.5434,No,0.1598,0.0117
Q9QZQ8-2_T178___1,-0.3428,No,0.5633,0.1118
Q9R0U0-2_T92___1,-0.1897,No,0.8667,0.3789
Q9R1T4-2_T418___1,-0.2208,No,0.8179,0.3056
Q9WU56-2_T392___1,-0.001489,No,>0.9999,0.9945
Q9WV92-3_T713___1,0.2785,No,0.7058,0.1964
Q9WV92-3_T518___1,0.00223,No,>0.9999,0.9917
Q9Z148-2_T517___1,0.5989,No,0.0971,0.0055
Q9Z2H5-2_T475___1,0.1589,No,0.9067,0.4611
O54967-2_Y284___1,-0.2833,No,0.6975,0.1887
P18052-2_Y790___1,-0.4739,No,0.2709,0.0279
P35235-1_Y62___1,0.01772,No,0.9955,0.9345
P42227-3_Y704___1,0.06495,No,0.9712,0.7632
P58771-2_Y162___1,0.137,No,0.9234,0.525
P97377-2_Y15___1,0.9826,Yes,0.0005,<0.0001
Q8CGB6-2_Y460___1,-0.1442,No,0.9168,0.5035
Q8VHX6-2_Y2651___1,0.1703,No,0.8962,0.4296
Q9QZR5-4_Y354___1,0.004246,No,>0.9999,0.9843
Q9WVS8-5_Y221___1,0.04531,No,0.9833,0.8335
A2A791-2_S1454___2,-0.1171,No,0.9359,0.587
A2A7S8-2_S940___2,0.7868,Yes,0.0107,0.0003
A2A7S8-2_S943___2,0.7868,Yes,0.0107,0.0003
A2AAE1-6_S1805___2,0.005369,No,>0.9999,0.9801
A2AAE1-6_S1808___2,0.005369,No,>0.9999,0.9801
A2AB59-2_S259___2,0.3503,No,0.5429,0.1041
A2AIW0-4_S187___2,0.1269,No,0.9332,0.5561
A2AN08-3_S208___2,0.2764,No,0.7095,0.1997
A2AN08-3_S212___2,0.2764,No,0.7095,0.1997
A2CG63-2_S579___2,0.2323,No,0.7988,0.2811
A2CG63-2_S581___2,-0.06482,No,0.9712,0.7636
A3KGS3-2_S373___2,0.2002,No,0.8506,0.3531
A3KGS3-2_S376___2,0.2002,No,0.8506,0.3531
E9PVX6-2_S1584___2,-0.4575,No,0.2999,0.0338
E9PVX6-2_S1595___2,-0.4575,No,0.2999,0.0338
E9PVX6-2_S498___2,0.2891,No,0.6835,0.1798
E9PVX6-2_S503___2,0.2891,No,0.6835,0.1798
E9Q394-2_S1873___2,-0.1979,No,0.8559,0.3587
E9Q394-2_S2668___2,-0.1618,No,0.9036,0.453
E9Q394-2_S2675___2,-0.5783,No,0.1164,0.0073
E9Q5F9-2_S624___2,0.09252,No,0.9527,0.6677
E9Q5F9-2_S322___2,0.6385,No,0.0629,0.0031
E9Q5F9-2_S1812___2,-0.2001,No,0.8506,0.3533
E9Q5F9-2_S1818___2,-0.2001,No,0.8506,0.3533
E9Q6J5-3_S2797___2,0.2207,No,0.8179,0.3058
E9Q6J5-3_S2800___2,0.2207,No,0.8179,0.3058
E9Q6J5-3_S480___2,-0.1867,No,0.8697,0.3864
E9QAT4-2_S2058___2,0.1132,No,0.9385,0.5996
E9QAT4-2_S1030___2,0.2982,No,0.6642,0.1666
E9QAT4-2_S1032___2,-0.1566,No,0.9086,0.4675
E9QAT4-2_S1374___2,0.364,No,0.5085,0.0913
E9QAT4-2_S1377___2,0.3536,No,0.5329,0.101
G5E8K5-3_S884___2,0.2223,No,0.8159,0.3025
G5E8P1-2_S1183___2,-0.1552,No,0.9088,0.4714
O08648-2_S449___2,-0.0439,No,0.9833,0.8386
O08648-2_S454___2,-0.0439,No,0.9833,0.8386
O08648-2_S59___2,0.004194,No,>0.9999,0.9845
O08648-2_S77___2,0.2345,No,0.7932,0.2767
O35625-2_S228___2,-0.3817,No,0.4716,0.0766
O35625-2_S485___2,-0.2176,No,0.8234,0.3127
O35927-2_S531___2,-0.2009,No,0.8496,0.3512
O35927-2_S534___2,-0.2009,No,0.8496,0.3512
O54785-3_S102___2,0.1171,No,0.9359,0.587
O54967-2_S607___2,0.4981,No,0.2292,0.0209
O54988-2_S347___2,0.08844,No,0.9566,0.6816
O54988-2_S348___2,0.08844,No,0.9566,0.6816
O54988-2_S189___2,-0.1627,No,0.9028,0.4503
O70161-3_S555___2,-0.05047,No,0.9809,0.8149
O88196-4_S1758___2,-0.2406,No,0.7825,0.2644
P18052-2_S184___2,0.3055,No,0.6494,0.1565
P18052-2_S176___2,-0.1774,No,0.8834,0.4104
P18826-2_S982___2,0.1682,No,0.8976,0.4353
P19973-2_S178___2,0.08149,No,0.9643,0.7054
P19973-2_S182___2,0.08149,No,0.9643,0.7054
P30999-2_S225___2,-0.591,No,0.1045,0.0061
P30999-2_S122___2,0.05214,No,0.9786,0.8089
P30999-2_S855___2,0.1728,No,0.8923,0.4227
P38532-2_S307___2,0.1487,No,0.9129,0.4902
P38532-2_S314___2,0.01155,No,0.9979,0.9572
P38532-2_S326___2,0.01155,No,0.9979,0.9572
P41230-2_S893___2,0.1103,No,0.9401,0.6089
P48193-2_S86___2,-0.4291,No,0.3625,0.0465
P48193-2_S652___2,0.05356,No,0.9779,0.8038
P53564-3_S1321___2,0.1336,No,0.9249,0.5353
P53564-3_S1038___2,0.01942,No,0.9952,0.9282
P56183-2_S387___2,0.04364,No,0.9833,0.8396
P56183-2_S388___2,-0.1026,No,0.9443,0.6341
P61793-2_S340___2,-0.1531,No,0.912,0.4776
P70255-5_S284___2,0.04887,No,0.9828,0.8207
P70255-5_S294___2,0.1329,No,0.9249,0.5376
P70255-5_S337___2,0.2821,No,0.6989,0.1907
P70257-1_S265___2,0.2106,No,0.8361,0.3284
P70331-2_S136___2,0.05479,No,0.9777,0.7994
P70331-2_S139___2,0.05479,No,0.9777,0.7994
P83510-2_S735___2,-0.2999,No,0.6625,0.1642
P83741-2_S183___2,-0.4837,No,0.2534,0.0248
P83741-2_S185___2,-0.4837,No,0.2534,0.0248
P97303-2_S314___2,-0.4553,No,0.3038,0.0347
P97868-2_S1240___2,-0.09786,No,0.9478,0.6498
Q02780-5_S271___2,-0.4108,No,0.4029,0.0567
Q03141-3_S543___2,-0.3125,No,0.6337,0.1472
Q03173-4_S332___2,0.03772,No,0.9843,0.8611
Q04690-2_S881___2,-0.1689,No,0.8976,0.4332
Q08122-2_S289___2,0.06898,No,0.9706,0.749
Q08122-2_S292___2,0.1893,No,0.8667,0.3798
Q08122-2_S201___2,0.1845,No,0.8731,0.3921
Q08122-2_S207___2,-0.06944,No,0.9706,0.7473
Q08122-2_S263___2,0.3353,No,0.5786,0.1198
Q08122-2_S267___2,0.3353,No,0.5786,0.1198
Q0VBL3-2_S291___2,0.1015,No,0.9449,0.6377
Q0VBL3-2_S670___2,-0.2219,No,0.8161,0.3033
Q0VGT4-2_S445___2,0.6683,Yes,0.0458,0.0019
Q14AX6-3_S677___2,-0.3803,No,0.4746,0.0777
Q14AX6-3_S681___2,-0.3803,No,0.4746,0.0777
Q14AX6-3_S382___2,0.05487,No,0.9777,0.7991
Q14AX6-3_S384___2,0.05487,No,0.9777,0.7991
Q14AX6-3_S300___2,-0.9964,Yes,0.0004,<0.0001
Q14AX6-3_S302___2,-0.971,Yes,0.0006,<0.0001
Q14AX6-3_S331___2,-0.4763,No,0.2668,0.0271
Q14AX6-3_S333___2,-0.525,No,0.1842,0.0149
Q14AX6-3_S322___2,-0.3659,No,0.505,0.0896
Q14AX6-3_S324___2,-0.4911,No,0.2412,0.0227
Q3TLR7-2_S489___2,0.2896,No,0.6835,0.1791
Q3TTA7-2_S328___2,0.2977,No,0.6642,0.1672
Q3TTA7-2_S332___2,0.2833,No,0.6975,0.1888
Q3TTA7-2_S369___2,0.1844,No,0.8732,0.3924
Q3U1T9-4_S249___2,0.2619,No,0.7429,0.2244
Q3U1T9-4_S250___2,0.2619,No,0.7429,0.2244
Q3U3C9-4_S826___2,0.07055,No,0.9703,0.7434
Q3U3C9-4_S828___2,0.07055,No,0.9703,0.7434
Q3UCQ1-2_S415___2,0.02635,No,0.9915,0.9027
Q3UH06-2_S1368___2,-0.462,No,0.2938,0.0321
Q3UH68-2_S61___2,-0.04211,No,0.9833,0.8451
Q3UHC7-2_S868___2,0.2118,No,0.8344,0.3257
Q3UHC7-2_S606___2,-0.1434,No,0.9177,0.5058
Q3UHQ6-2_S601___2,0.1746,No,0.8889,0.4178
Q3UHX9-2_S334___2,-0.03437,No,0.9862,0.8733
Q3UHX9-2_S338___2,-0.03437,No,0.9862,0.8733
Q3UIL6-2_S542___2,0.03902,No,0.9834,0.8564
Q3UIL6-2_S478___2,-0.3723,No,0.492,0.0841
Q3UIL6-2_S482___2,-0.3723,No,0.492,0.0841
Q3UIL6-2_S900___2,0.06622,No,0.9712,0.7587
Q3UIL6-2_S120___2,0.1513,No,0.9129,0.4828
Q3UMF0-4_S990___2,-0.3548,No,0.5302,0.0998
Q3UMF0-4_S341___2,0.3162,No,0.6256,0.1424
Q3UMF0-4_S356___2,0.02134,No,0.9938,0.9212
Q3UMF0-4_S359___2,0.02134,No,0.9938,0.9212
Q3UMF0-4_S826___2,0.03858,No,0.9837,0.858
Q3UMU9-3_S375___2,0.06879,No,0.9706,0.7496
Q3UMU9-3_S376___2,0.06879,No,0.9706,0.7496
Q3UMU9-3_S637___2,0.08683,No,0.9585,0.6871
Q3UQI9-2_S132___2,-0.09697,No,0.9487,0.6528
Q3UR85-3_S304___2,-0.1683,No,0.8976,0.435
Q3V0G7-2_S410___2,-0.1844,No,0.8732,0.3923
Q4VA53-3_S1362___2,-0.1338,No,0.9249,0.5347
Q4VA53-3_S1176___2,-0.1077,No,0.9401,0.6173
Q4VA53-3_S1191___2,-0.2686,No,0.7262,0.2127
Q4VA53-3_S1161___2,-0.3805,No,0.4743,0.0775
Q4VA53-3_S1162___2,-0.3653,No,0.5058,0.0901
Q4VAC9-2_S735___2,0.3126,No,0.6337,0.147
Q4VAC9-2_S765___2,0.2083,No,0.841,0.3339
Q4VAC9-2_S898___2,-0.1586,No,0.9073,0.462
Q4VAC9-2_S744___2,0.2036,No,0.848,0.345
Q4VAC9-2_S1154___2,0.4216,No,0.3767,0.0505
Q58A65-2_S185___2,0.6183,No,0.0786,0.0041
Q58A65-2_S716___2,0.3296,No,0.5945,0.1262
Q5DTW7-3_S1512___2,-0.2943,No,0.6717,0.1722
Q5DTW7-3_S1516___2,-0.2943,No,0.6717,0.1722
Q5SSH7-2_S1535___2,-0.1563,No,0.9086,0.4685
Q5SVQ0-4_S52___2,0.2472,No,0.7671,0.2515
Q5SVQ0-4_S53___2,0.4251,No,0.3701,0.0486
Q5UAK0-4_S158___2,0.1464,No,0.9138,0.497
Q5XG73-3_S151___2,0.07741,No,0.9667,0.7195
Q5XG73-3_S155___2,0.07741,No,0.9667,0.7195
Q5XJV7-2_S74___2,-0.2953,No,0.6694,0.1706
Q5XJV7-2_S494___2,0.5912,No,0.1044,0.0061
Q60668-3_S80___2,0.2279,No,0.8074,0.2904
Q60760-2_S430___2,0.1404,No,0.9206,0.5147
Q60760-2_S433___2,0.1404,No,0.9206,0.5147
Q60875-5_S926___2,0.1499,No,0.9129,0.4869
Q60875-5_S930___2,0.08716,No,0.9577,0.6859
Q60929-2_S108___2,-0.1167,No,0.9359,0.5882
Q60974-2_S2196___2,0.1539,No,0.9104,0.4751
Q61315-4_S2326___2,-0.2536,No,0.756,0.2395
Q61315-4_S2329___2,0.2412,No,0.781,0.2632
Q61315-4_S2334___2,-0.01469,No,0.9978,0.9457
Q61315-4_S2125___2,0.2183,No,0.8224,0.3111
Q61464-4_S560___2,-1.038,Yes,0.0002,<0.0001
Q61464-4_S562___2,-1.038,Yes,0.0002,<0.0001
Q61818-2_S1105___2,0.291,No,0.6789,0.1771
Q62417-2_S55___2,0.1644,No,0.9017,0.4457
Q62417-2_S58___2,0.1644,No,0.9017,0.4457
Q64092-4_S522___2,0.03329,No,0.987,0.8773
Q64092-4_S532___2,0.06978,No,0.9706,0.7462
Q64127-2_S992___2,0.4707,No,0.2759,0.029
Q64127-2_S995___2,0.4707,No,0.2759,0.029
Q641K1-4_S319___2,0.2074,No,0.8427,0.3358
Q64213-2_S80___2,0.05346,No,0.9779,0.8041
Q64735-2_S417___2,-0.3355,No,0.5786,0.1196
Q69ZA1-2_S438___2,0.1951,No,0.8613,0.3655
Q69ZA1-2_S440___2,0.1951,No,0.8613,0.3655
Q69ZA1-2_S1054___2,-0.338,No,0.5744,0.1169
Q69ZA1-2_S343___2,-0.1232,No,0.9347,0.5677
Q69ZA1-2_S359___2,0.09386,No,0.9513,0.6632
Q69ZA1-2_S364___2,0.09386,No,0.9513,0.6632
Q69ZA1-2_S318___2,-0.1423,No,0.9194,0.509
Q69ZA1-2_S326___2,-0.1423,No,0.9194,0.509
Q69ZA1-2_S396___2,0.3141,No,0.6308,0.145
Q69ZA1-2_S401___2,0.3141,No,0.6308,0.145
Q69ZR9-2_S888___2,0.7416,Yes,0.0191,0.0006
Q69ZR9-2_S631___2,0.04586,No,0.9833,0.8315
Q69ZS8-2_S345___2,-0.3832,No,0.469,0.0754
Q6AW69-5_S199___2,0.01879,No,0.9953,0.9305
Q6GYP7-6_S305___2,0.3355,No,0.5786,0.1196
Q6GYP7-6_S308___2,-0.09566,No,0.9496,0.6572
Q6KAS7-2_S608___2,0.1959,No,0.86,0.3634
Q6KAS7-2_S1179___2,-0.4309,No,0.3578,0.0456
Q6KAU7-2_S12___2,-0.08014,No,0.9643,0.7101
Q6KAU7-2_S1177___2,-0.1304,No,0.9286,0.5453
Q6NS45-2_S55___2,-0.4365,No,0.3446,0.0429
Q6NS45-2_S59___2,-0.4365,No,0.3446,0.0429
Q6NS59-2_S238___2,0.04047,No,0.9834,0.8511
Q6NS59-2_S241___2,0.04047,No,0.9834,0.8511
Q6NXI6-2_S903___2,-0.1887,No,0.8677,0.3813
Q6NXI6-2_S905___2,-0.1887,No,0.8677,0.3813
Q6NXZ1-2_S776___2,-0.0007694,No,>0.9999,0.9972
Q6NXZ1-2_S780___2,-0.0007694,No,>0.9999,0.9972
Q6NZN1-3_S797___2,0.214,No,0.8292,0.3209
Q6NZN1-3_S229___2,-0.2766,No,0.7095,0.1995
Q6NZN1-3_S236___2,-0.2766,No,0.7095,0.1995
Q6P6L0-3_S749___2,0.55,No,0.1525,0.0107
Q6P7W0-2_S217___2,-0.2808,No,0.7001,0.1928
Q6P9R4-1_S1001___2,0.3026,No,0.6557,0.1604
Q6P9R4-1_S583___2,-0.4976,No,0.23,0.021
Q6PAR5-6_S566___2,0.493,No,0.237,0.0222
Q6PDG5-2_S306___2,-0.1624,No,0.9028,0.4513
Q6PDG5-2_S286___2,-0.009324,No,0.9999,0.9655
Q6PGA0-2_S227___2,0.07876,No,0.9653,0.7148
Q6PR54-2_S391___2,-0.3125,No,0.6337,0.1472
Q6ZQ93-3_S3214___2,0.1163,No,0.9359,0.5895
Q6ZQM0-2_S226___2,0.1941,No,0.8616,0.3679
Q7JJ13-2_S254___2,0.192,No,0.8634,0.3731
Q7TPM5-2_S7___2,-0.2702,No,0.7218,0.2099
Q7TPM5-2_S10___2,-0.2702,No,0.7218,0.2099
Q7TQH0-3_S339___2,-0.04711,No,0.9832,0.827
Q80TH2-2_S840___2,0.2251,No,0.8106,0.2963
Q80TH2-2_S1083___2,-0.6943,Yes,0.0336,0.0013
Q80TM6-2_S375___2,-0.1825,No,0.8765,0.3971
Q80TV8-2_S562___2,-0.1117,No,0.9395,0.6042
Q80U22-2_S770___2,0.05928,No,0.9747,0.7833
Q80UG5-3_S82___2,-0.0929,No,0.9524,0.6665
Q80X19-2_S1729___2,-0.09217,No,0.9535,0.6689
Q80X19-2_S1735___2,-0.09217,No,0.9535,0.6689
Q80Y81-2_S191___2,0.6881,Yes,0.0363,0.0014
Q80Y81-2_S195___2,-0.3431,No,0.5622,0.1115
Q811D0-2_S535___2,-0.02598,No,0.9915,0.9041
Q811P8-2_S387___2,0.01906,No,0.9953,0.9295
Q811P8-2_S360___2,-0.1823,No,0.8765,0.3976
Q811Q9-2_S285___2,0.2232,No,0.8132,0.3005
Q811Q9-2_S289___2,0.2232,No,0.8132,0.3005
Q811Q9-2_S305___2,0.4452,No,0.3261,0.0389
Q8BJS4-3_S122___2,-0.02801,No,0.9906,0.8966
Q8BL48-2_S365___2,-0.06048,No,0.9747,0.779
Q8BLK9-2_S573___2,0.1265,No,0.9335,0.5573
Q8BLK9-2_S344___2,0.1865,No,0.8697,0.3869
Q8BP86-3_S1203___2,0.1896,No,0.8667,0.3791
Q8BP86-3_S1211___2,0.1896,No,0.8667,0.3791
Q8BSK8-2_S429___2,0.2071,No,0.843,0.3367
Q8BSQ9-2_S323___2,-0.384,No,0.468,0.0748
Q8BSQ9-2_S339___2,-0.1439,No,0.9168,0.5043
Q8BSQ9-2_S343___2,-0.1439,No,0.9168,0.5043
Q8BTY2-2_S288___2,-0.1528,No,0.9125,0.4785
Q8BYH8-2_S1467___2,-0.245,No,0.7737,0.2557
Q8BYH8-2_S1471___2,-0.245,No,0.7737,0.2557
Q8C050-2_S375___2,-0.0302,No,0.99,0.8886
Q8C050-2_S380___2,-0.0302,No,0.99,0.8886
Q8C078-2_S129___2,0.1117,No,0.9395,0.6043
Q8C078-2_S133___2,0.1117,No,0.9395,0.6043
Q8C078-2_S85___2,0.1485,No,0.9129,0.4909
Q8C079-3_S339___2,0.06169,No,0.9747,0.7747
Q8C4V1-3_S287___2,0.1292,No,0.9301,0.549
Q8C4V1-3_S362___2,0.2733,No,0.7159,0.2049
Q8C5L3-3_S85___2,-0.185,No,0.8715,0.3908
Q8CBY1-2_S153___2,0.06046,No,0.9747,0.7791
Q8CBY1-2_S171___2,0.001162,No,>0.9999,0.9957
Q8CC35-2_S600___2,-0.09816,No,0.9474,0.6488
Q8CC35-2_S589___2,-0.1253,No,0.9336,0.5611
Q8CC35-2_S505___2,-0.04723,No,0.9832,0.8266
Q8CC35-2_S561___2,-0.107,No,0.9406,0.6196
Q8CC35-2_S651___2,0.1203,No,0.9353,0.5767
Q8CC35-2_S819___2,-0.05227,No,0.9785,0.8084
Q8CC35-2_S824___2,-0.05227,No,0.9785,0.8084
Q8CC35-2_S803___2,-0.05449,No,0.9779,0.8004
Q8CC35-2_S808___2,-0.05449,No,0.9779,0.8004
Q8CC35-2_S852___2,0.2204,No,0.8185,0.3065
Q8CC35-2_S869___2,0.2204,No,0.8185,0.3065
Q8CFT2-2_S1641___2,-0.03529,No,0.9855,0.87
Q8CGB6-2_S79___2,-0.3769,No,0.4828,0.0803
Q8CGB6-2_S82___2,-0.3367,No,0.5761,0.1183
Q8CGB6-2_S955___2,-0.1335,No,0.9249,0.5356
Q8CGB6-2_S959___2,-0.1335,No,0.9249,0.5356
Q8CH25-2_S531___2,0.06678,No,0.9712,0.7567
Q8CH25-2_S532___2,0.1366,No,0.9234,0.5263
Q8CHI8-3_S850___2,-0.2585,No,0.7471,0.2305
Q8CHI8-3_S315___2,-0.3006,No,0.6609,0.1631
Q8CHI8-3_S321___2,-0.3041,No,0.6535,0.1583
Q8CHI8-3_S1573___2,-0.4116,No,0.4014,0.0562
Q8CHI8-3_S1577___2,-0.4116,No,0.4014,0.0562
Q8CHK4-3_S232___2,0.4101,No,0.4039,0.0571
Q8CHK4-3_S119___2,-0.09127,No,0.9543,0.672
Q8CHK4-2_S86___2,0.09166,No,0.9537,0.6707
Q8CI08-2_S324___2,-0.04866,No,0.9828,0.8214
Q8CI08-2_S358___2,-0.05851,No,0.9752,0.7861
Q8CJ53-2_S298___2,-0.5473,No,0.1552,0.0111
Q8K1N2-2_S363___2,-0.3068,No,0.6473,0.1546
Q8K1N2-2_S525___2,-0.2725,No,0.7166,0.2062
Q8K1N2-2_S527___2,-0.1803,No,0.8782,0.4029
Q8K1N2-2_S490___2,-1.19,Yes,<0.0001,<0.0001
Q8K1N2-2_S71___2,-0.3809,No,0.4734,0.0772
Q8K1N2-2_S199___2,-0.1582,No,0.9073,0.4631
Q8K1N2-2_S329___2,-0.254,No,0.7549,0.2386
Q8K1S3-2_S520___2,-0.1208,No,0.9353,0.5753
Q8K2J7-2_S184___2,0.08754,No,0.9574,0.6847
Q8K2Y9-2_S387___2,0.0967,No,0.9489,0.6537
Q8K4G5-2_S376___2,-0.1378,No,0.9234,0.5226
Q8K4G5-2_S287___2,0.07991,No,0.9647,0.7108
Q8R149-2_S371___2,0.07527,No,0.9691,0.7269
Q8R149-2_S373___2,0.09446,No,0.9504,0.6612
Q8R149-2_S376___2,0.0736,No,0.9691,0.7328
Q8R149-2_S200___2,-0.1376,No,0.9234,0.5231
Q8R149-2_S187___2,-0.2178,No,0.823,0.3122
Q8R149-2_S135___2,-0.6363,No,0.0642,0.0032
Q8R149-2_S226___2,-0.1028,No,0.9441,0.6335
Q8R1F6-2_S669___2,2.135,Yes,<0.0001,<0.0001
Q8R1F6-2_S672___2,2.135,Yes,<0.0001,<0.0001
Q8R1S4-2_S279___2,-0.4212,No,0.3777,0.0507
Q8R5F7-2_S242___2,-0.1006,No,0.9455,0.6406
Q91W10-2_S333___2,-0.0316,No,0.9888,0.8834
Q91XS1-2_S580___2,0.04144,No,0.9833,0.8475
Q91ZU6-3_S2717___2,0.1355,No,0.9234,0.5297
Q91ZU6-3_S2721___2,0.1355,No,0.9234,0.5297
Q91ZV0-3_S524___2,-0.08847,No,0.9566,0.6815
Q91ZV0-3_S498___2,-0.116,No,0.9359,0.5904
Q920Q8-4_S280___2,-0.3028,No,0.6553,0.16
Q921C3-2_S1857___2,0.4502,No,0.3156,0.0368
Q921C3-2_S1812___2,-0.03903,No,0.9834,0.8563
Q921C3-2_S1784___2,-0.2864,No,0.6896,0.184
Q925J9-4_S656___2,-0.1837,No,0.874,0.394
Q925J9-4_S660___2,-0.1837,No,0.874,0.394
Q99KW3-4_S1545___2,-0.000596,No,>0.9999,0.9978
Q99KY4-2_S775___2,0.02104,No,0.9943,0.9222
Q99KY4-2_S778___2,0.02104,No,0.9943,0.9222
Q99MR6-3_S539___2,-0.1671,No,0.8976,0.4383
Q99N50-11_S488___2,-0.3414,No,0.5666,0.1132
Q99N57-2_S309___2,0.3249,No,0.6058,0.1317
Q99N57-2_S321___2,0.3104,No,0.6386,0.1498
Q9CSB4-2_S352___2,-0.2982,No,0.6642,0.1665
Q9CSB4-2_S364___2,-0.2445,No,0.7748,0.2566
Q9CSB4-2_S368___2,-0.231,No,0.8024,0.2838
Q9CSB4-2_S749___2,-0.4201,No,0.3806,0.0513
Q9CZ96-2_S209___2,0.008378,No,>0.9999,0.969
Q9CZ96-2_S215___2,0.008378,No,>0.9999,0.969
Q9CZV8-4_S407___2,-0.03482,No,0.9857,0.8717
Q9D067-4_S124___2,0.2253,No,0.8106,0.296
Q9D067-4_S127___2,0.2253,No,0.8106,0.296
Q9D4H4-2_S734___2,-0.1895,No,0.8667,0.3793
Q9D4H9-2_S283___2,-0.05708,No,0.9761,0.7912
Q9D7I8-3_S126___2,-0.14,No,0.9206,0.516
Q9D7I8-3_S130___2,-0.14,No,0.9206,0.516
Q9D7S7-2_S119___2,0.06096,No,0.9747,0.7773
Q9DBR1-2_S475___2,0.04496,No,0.9833,0.8348
Q9DC04-1_S317___2,0.0278,No,0.9907,0.8974
Q9EPJ9-2_S346___2,0.1917,No,0.8635,0.3737
Q9EPQ8-2_S447___2,-0.5107,No,0.2089,0.0178
Q9EPQ8-2_S455___2,-0.5107,No,0.2089,0.0178
Q9EPQ8-2_S612___2,-0.01819,No,0.9954,0.9327
Q9EPQ8-2_S570___2,0.007163,No,>0.9999,0.9735
Q9EPU0-2_S1094___2,-0.1965,No,0.8583,0.3619
Q9ERR1-2_S194___2,0.1993,No,0.8511,0.3552
Q9ERR1-2_S198___2,0.1993,No,0.8511,0.3552
Q9ESZ8-5_S207___2,-0.04479,No,0.9833,0.8354
Q9ESZ8-5_S210___2,-0.04479,No,0.9833,0.8354
Q9JHG6-3_S28___2,0.1193,No,0.9358,0.58
Q9JHG6-3_S32___2,0.1193,No,0.9358,0.58
Q9JIX8-4_S615___2,0.2396,No,0.7843,0.2663
Q9JIX8-4_S442___2,-0.3262,No,0.6017,0.1302
Q9JIX8-4_S351___2,0.004306,No,>0.9999,0.9841
Q9JIX8-4_S543___2,0.2022,No,0.8483,0.3483
Q9JJG0-3_S396___2,0.06836,No,0.9706,0.7511
Q9JJG0-3_S400___2,0.06836,No,0.9706,0.7511
Q9JKS4-3_S123___2,0.06465,No,0.9712,0.7642
Q9JLM8-2_S330___2,-0.1599,No,0.9049,0.4582
Q9JLM8-2_S332___2,-0.1903,No,0.8664,0.3772
Q9JM52-3_S777___2,-0.00909,No,>0.9999,0.9664
Q9QWY8-4_S839___2,0.2301,No,0.8046,0.2857
Q9QXN0-3_S912___2,-0.1269,No,0.9332,0.5561
Q9QXN0-3_S443___2,-0.01562,No,0.9974,0.9422
Q9QXS1-2_S4622___2,0.1538,No,0.9104,0.4754
Q9QXS1-2_S4632___2,0.5418,No,0.1613,0.012
Q9QXS6-3_S344___2,0.1759,No,0.8864,0.4146
Q9QXS6-3_S347___2,0.11,No,0.9401,0.6098
Q9QY06-2_S2021___2,0.1653,No,0.9005,0.4432
Q9QY06-2_S1135___2,0.0747,No,0.9691,0.7289
Q9QYB5-2_S423___2,0.3769,No,0.4828,0.0804
Q9QYG0-2_S318___2,0.2153,No,0.8283,0.3178
Q9QZQ1-2_S546___2,0.1408,No,0.9206,0.5137
Q9QZQ8-2_S170___2,-0.3158,No,0.6264,0.1428
Q9R0U0-2_S131___2,-0.002467,No,>0.9999,0.9909
Q9R0U0-2_S255___2,0.004564,No,>0.9999,0.9831
Q9R0Z9-2_S120___2,0.1256,No,0.9335,0.5601
Q9WU62-2_S239___2,-1.32,Yes,<0.0001,<0.0001
Q9WV92-3_S99___2,-0.3457,No,0.5567,0.1088
Q9Z0H8-2_S203___2,0.3885,No,0.456,0.0715
Q9Z0R4-2_S315___2,0.3931,No,0.4451,0.0682
Q9Z0R6-2_S838___2,-0.135,No,0.9236,0.5312
Q9Z0R6-2_S841___2,-0.01864,No,0.9953,0.9311
Q9Z248-2_S21___2,0.05555,No,0.9775,0.7966
Q9Z280-2_S2___2,0.1166,No,0.9359,0.5885
Q9Z280-2_S5___2,0.1166,No,0.9359,0.5885
Q9Z2H5-2_S534___2,-0.1526,No,0.9126,0.4789
A2AN08-3_T2723___2,0.1969,No,0.8583,0.3611
O35226-2_T253___2,0.2564,No,0.751,0.2342
O54967-2_T603___2,0.4981,No,0.2292,0.0209
O54988-2_T183___2,-0.1627,No,0.9028,0.4503
O88343-2_T210___2,0.1062,No,0.9407,0.6223
P16951-2_T51___2,0.1859,No,0.8705,0.3884
P30999-2_T128___2,0.03642,No,0.9853,0.8658
P61793-2_T333___2,-0.1439,No,0.9168,0.5043
P97303-2_T321___2,-0.4553,No,0.3038,0.0347
Q03173-4_T715___2,-0.3469,No,0.5531,0.1075
Q08122-2_T296___2,0.1622,No,0.9031,0.4519
Q08122-2_T319___2,0.3962,No,0.4382,0.066
Q0P5V9-2_T508___2,-0.1159,No,0.9359,0.5908
Q0VBL3-2_T668___2,-0.2219,No,0.8161,0.3033
Q3TBD2-3_T155___2,0.004431,No,>0.9999,0.9836
Q3TBD2-3_T158___2,0.004431,No,>0.9999,0.9836
Q3UE17-2_T458___2,-0.2336,No,0.7945,0.2785
Q3UH68-2_T743___2,0.1451,No,0.9163,0.5007
Q3UH68-2_T59___2,-0.04211,No,0.9833,0.8451
Q3UMF0-4_T362___2,-0.175,No,0.8884,0.4168
Q4VA53-3_T1370___2,0.08837,No,0.9566,0.6818
Q4VAC9-2_T905___2,-0.1586,No,0.9073,0.462
Q4VAC9-2_T749___2,0.1895,No,0.8667,0.3793
Q5XJV7-2_T70___2,-0.2953,No,0.6694,0.1706
Q5XJV7-2_T492___2,0.5912,No,0.1044,0.0061
Q61188-2_T367___2,0.06325,No,0.973,0.7692
Q61315-4_T1232___2,0.06202,No,0.974,0.7736
Q61315-4_T2307___2,-0.334,No,0.5829,0.1213
Q62417-2_T639___2,-0.1015,No,0.9449,0.6376
Q62417-7_T763___2,-0.1015,No,0.9449,0.6376
Q64012-2_T276___2,0.07233,No,0.9696,0.7372
Q64012-2_T252___2,0.5673,No,0.1281,0.0085
Q64012-2_T258___2,0.1783,No,0.8813,0.4081
Q69ZA1-2_T1056___2,-0.1465,No,0.9138,0.4967
Q69ZA1-2_T1058___2,-0.3597,No,0.5187,0.0951
Q6KAS7-2_T1175___2,-0.4309,No,0.3578,0.0456
Q6KAU7-2_T1173___2,-0.1304,No,0.9286,0.5453
Q6PAR5-6_T762___2,0.01695,No,0.9959,0.9373
Q7TQH0-3_T678___2,0.2227,No,0.8139,0.3015
Q80TV8-2_T1121___2,-0.255,No,0.7535,0.2368
Q80U72-4_T1332___2,-0.08202,No,0.9642,0.7036
Q80XI3-2_T265___2,0.5563,No,0.1419,0.0099
Q8BMQ3-2_T452___2,-0.2556,No,0.7529,0.2357
Q8BXJ2-2_T769___2,0.2094,No,0.8389,0.3313
Q8BXJ2-2_T772___2,0.2094,No,0.8389,0.3313
Q8C4V1-3_T358___2,0.2733,No,0.7159,0.2049
Q8CBW3-2_T195___2,0.09839,No,0.9474,0.648
Q8CBW3-2_T186___2,-0.3245,No,0.6065,0.1322
Q8CC35-2_T583___2,-0.7532,Yes,0.0168,0.0005
Q8CC35-2_T530___2,0.155,No,0.9089,0.4722
Q8CC35-2_T854___2,0.2204,No,0.8185,0.3065
Q8CI08-2_T314___2,-0.1811,No,0.8781,0.4009
Q8K1N2-2_T546___2,0.2,No,0.8506,0.3536
Q8K2J7-2_T192___2,0.08754,No,0.9574,0.6847
Q8K2K6-3_T177___2,0.08574,No,0.9602,0.6908
Q8K4J0-3_T250___2,0.2067,No,0.8436,0.3376
Q8R149-2_T144___2,-0.1803,No,0.8782,0.4028
Q8R149-2_T196___2,-0.1376,No,0.9234,0.5231
Q8R149-2_T183___2,-0.2178,No,0.823,0.3122
Q8R149-2_T131___2,-0.5622,No,0.1344,0.0091
Q8R149-2_T134___2,-0.1115,No,0.9395,0.6051
Q8R149-2_T222___2,-0.1028,No,0.9441,0.6335
Q8R1S4-2_T262___2,-0.3837,No,0.4684,0.0751
Q921C3-2_T1853___2,0.4502,No,0.3156,0.0368
Q922D4-2_T803___2,0.1386,No,0.9222,0.5202
Q925J9-4_T1042___2,-0.01837,No,0.9953,0.9321
Q9CQG2-2_T433___2,0.4039,No,0.4184,0.061
Q9DC28-2_T347___2,0.05943,No,0.9747,0.7828
Q9ERD6-2_T298___2,0.1252,No,0.9337,0.5614
Q9JKS4-3_T119___2,0.06465,No,0.9712,0.7642
Q9JLM8-2_T336___2,0.08966,No,0.9556,0.6774
Q9QXN0-3_T909___2,-0.1532,No,0.9117,0.4771
Q9QXS6-3_T333___2,-0.2784,No,0.7062,0.1965
Q9QY06-2_T1140___2,-0.3373,No,0.5757,0.1176
Q9QZQ1-2_T1315___2,-0.04146,No,0.9833,0.8475
Q9QZQ8-2_T175___2,-0.3686,No,0.4979,0.0873
Q9WV92-3_T495___2,0.7835,Yes,0.0113,0.0003
Q9WVG9-2_T350___2,0.2619,No,0.7429,0.2244
Q3TBD2-3_Y156___2,0.004431,No,>0.9999,0.9836
E9QAT4-2_S1242___3,0.1284,No,0.9306,0.5514
P19973-2_S166___3,-0.1501,No,0.9129,0.4861
P83741-2_S2271___3,0.06665,No,0.9712,0.7572
Q2VPQ9-2_S71___3,0.09673,No,0.9489,0.6536
Q3TTA7-2_S324___3,0.02316,No,0.9922,0.9144
Q69ZA1-2_S316___3,-0.03156,No,0.9888,0.8836
Q6P1I6-2_S578___3,-0.4066,No,0.4119,0.0593
Q6P1I6-2_S581___3,-0.4066,No,0.4119,0.0593
Q6P1I6-2_S584___3,-0.4066,No,0.4119,0.0593
Q80Y83-12_S20___3,-0.4746,No,0.2699,0.0277
Q80Y83-12_S22___3,-0.4746,No,0.2699,0.0277
Q8CC35-2_S534___3,-0.7117,Yes,0.0276,0.001
Q8CI08-2_S354___3,-0.2547,No,0.7539,0.2373
Q99MD8-2_S462___3,-0.08741,No,0.9575,0.6851
Q9D2N4-2_S608___3,-0.1373,No,0.9234,0.5243
Q9QYG0-2_S324___3,-0.2271,No,0.8087,0.2921
P19973-2_T164___3,-0.1501,No,0.9129,0.4861
P70255-5_T293___3,0.1691,No,0.8975,0.4327
Q2VPQ9-2_T66___3,0.09673,No,0.9489,0.6536
Q6PDG5-2_T308___3,-0.006993,No,>0.9999,0.9741
Q80Y81-2_T194___3,-0.1475,No,0.9129,0.4937
Q80Y83-12_T25___3,-0.4746,No,0.2699,0.0277
Q920Q8-4_T288___3,0.1994,No,0.8511,0.3549
Q99MD8-2_T460___3,-0.08741,No,0.9575,0.6851
Q9JJG0-3_T407___3,0.06337,No,0.973,0.7688
Q2VPQ9-2_Y64___3,0.09673,No,0.9489,0.6536
Q6P1I6-2_Y580___3,-0.4066,No,0.4119,0.0593