Phosphosite,Mean Diff.,Discovery?,q value,Individual P Value
A1A5B6_S560___1,0.7018,Yes,0.0001,0.0001
A1L3T7_S384___1,-0.3438,No,0.0595,0.0429
A2A3V1_S343___1,-0.09194,No,0.4467,0.5883
A2A432_S17___1,-0.4759,Yes,0.01,0.0051
A2A432_S200___1,0.8443,Yes,0.0001,0.0001
A2A432_S82___1,0.6283,Yes,0.0006,0.0002
A2A4P0_S484___1,0.06768,No,0.4987,0.6903
A2A5R2_S227___1,-0.1933,No,0.2428,0.255
A2A5R2_S1535___1,0.2724,No,0.1261,0.1087
A2A5R2_S1518___1,0.003851,No,0.6285,0.9819
A2A5R2_S1521___1,-0.1342,No,0.3561,0.4296
A2A5R2_S356___1,-0.02949,No,0.5774,0.8622
A2A5R2_S1022___1,-1.057,Yes,0.0001,0.0001
A2A690_S1462___1,0.6686,Yes,0.0003,0.0001
A2A690_S294___1,0.8092,Yes,0.0001,0.0001
A2A690_S1726___1,1.205,Yes,0.0001,0.0001
A2A690_S1564___1,0.4601,Yes,0.0128,0.0068
A2A690_S1744___1,0.9055,Yes,0.0001,0.0001
A2A690_S1583___1,0.954,Yes,0.0001,0.0001
A2A6A1_S753___1,0.04105,No,0.5527,0.809
A2A6A1_S1179___1,-0.05007,No,0.5341,0.7682
A2A6A1_S1082___1,0.2577,No,0.1443,0.1291
A2A6A1_S733___1,-0.6429,Yes,0.0005,0.0002
A2A6A1_S735___1,-0.1883,No,0.2521,0.2676
A2A6A1_S1018___1,-0.05807,No,0.5192,0.7325
A2A6A1_S1039___1,-0.1579,No,0.308,0.3525
A2A6A1_S648___1,0.06524,No,0.504,0.7009
A2A6A1_S980___1,-0.1653,No,0.2935,0.3305
A2A6T1_S179___1,0.417,Yes,0.0238,0.0141
A2A6T1_S407___1,1.361,Yes,0.0001,0.0001
A2A6T1_S344___1,0.09518,No,0.4391,0.5752
A2A6T1_S393___1,0.3958,Yes,0.0316,0.0198
A2A870_S370___1,-0.8685,Yes,0.0001,0.0001
A2A884_S2024___1,-0.425,Yes,0.0213,0.0123
A2A884_S1991___1,-0.491,Yes,0.0079,0.0038
A2A884_S2347___1,-0.9512,Yes,0.0001,0.0001
A2A884_S555___1,-0.5016,Yes,0.0067,0.0031
A2A884_S2324___1,-0.3005,No,0.0959,0.0769
A2A884_S930___1,-0.2447,No,0.1618,0.1497
A2A884_S2036___1,-0.6527,Yes,0.0004,0.0001
A2A8U2_S441___1,-0.0235,No,0.589,0.89
A2A8U2_S466___1,0.3577,No,0.0508,0.0352
A2A9C3_S1395___1,-0.6269,Yes,0.0007,0.0002
A2A9C3_S2135___1,-0.9606,Yes,0.0001,0.0001
A2A9C3_S1650___1,-0.4169,Yes,0.0239,0.0141
A2AAY5_S769___1,0.2697,No,0.1291,0.1123
A2AAY5_S339___1,0.05902,No,0.5171,0.7282
A2ADA5_S199___1,0.08616,No,0.459,0.612
A2ADZ8_S190___1,0.4944,Yes,0.0075,0.0036
A2AEV7_S283___1,-0.2181,No,0.2012,0.1992
A2AF47_S1237___1,0.4163,Yes,0.024,0.0142
A2AF47_S1240___1,-0.01872,No,0.5993,0.9123
A2AF47_S1225___1,0.1946,No,0.2407,0.252
A2AF47_S1350___1,-0.186,No,0.2559,0.2734
A2AF47_S31___1,-0.5217,Yes,0.0048,0.0021
A2AF47_S12___1,-0.07173,No,0.4909,0.6728
A2AG58_S307___1,1.176,Yes,0.0001,0.0001
A2AG58_S592___1,-0.03932,No,0.5558,0.8169
A2AG58_S410___1,-0.0818,No,0.469,0.6301
A2AG58_S210___1,-0.5434,Yes,0.0033,0.0014
A2AG58_S78___1,-0.3411,No,0.0614,0.0446
A2AG58_S205___1,-0.2144,No,0.2072,0.2068
A2AHC3_S1069___1,0.02338,No,0.5893,0.8905
A2AHC3_S445___1,-0.3828,Yes,0.0374,0.0242
A2AHC3_S1353___1,-0.503,Yes,0.0065,0.0031
A2AHC3_S553___1,0.01537,No,0.6057,0.9279
A2AHC3_S560___1,-0.005208,No,0.6259,0.9755
A2AHC3_S572___1,-0.0197,No,0.5972,0.9077
A2AHJ4_S1760___1,0.142,No,0.3399,0.4031
A2AI08_S196___1,0.3118,No,0.085,0.0664
A2AI08_S184___1,0.2481,No,0.1569,0.144
A2AI08_S274___1,1.102,Yes,0.0001,0.0001
A2AI08_S457___1,0.1972,No,0.2361,0.2456
A2AIV2_S173___1,0.02154,No,0.5933,0.8991
A2AIV2_S1758___1,-0.698,Yes,0.0001,0.0001
A2AIV2_S1578___1,0.01531,No,0.6058,0.9282
A2AIV2_S584___1,0.1654,No,0.2933,0.3302
A2AIV2_S138___1,0.03916,No,0.5561,0.8176
A2AJ15_S102___1,0.02098,No,0.5946,0.9017
A2AJ88_S341___1,-0.1864,No,0.2552,0.2723
A2AJI0_S256___1,0.0439,No,0.547,0.7961
A2AJI0_S275___1,-0.1423,No,0.3394,0.4023
A2AJI0_S460___1,0.5676,Yes,0.0021,0.0008
A2AJI0_S78___1,-0.1214,No,0.3819,0.4748
A2AJI0_S401___1,-0.09784,No,0.4331,0.5646
A2AJI0_S448___1,0.3449,No,0.0587,0.0423
A2AJI0_S118___1,-0.8911,Yes,0.0001,0.0001
A2AJI0_S315___1,0.4335,Yes,0.0189,0.0107
A2AJT4_S211___1,-0.2264,No,0.1886,0.1825
A2AJT4_S290___1,1.333,Yes,0.0001,0.0001
A2AKB9_S96___1,-0.1212,No,0.3821,0.4753
A2AKB9_S356___1,0.5065,Yes,0.0062,0.0029
A2ALK8_S359___1,0.1624,No,0.2993,0.3391
A2ALK8_S469___1,0.3987,Yes,0.0304,0.0189
A2ALU4_S236___1,-0.07927,No,0.4745,0.6407
A2ALU4_S1041___1,-0.4146,Yes,0.0247,0.0147
A2ALU4_S1043___1,0.0176,No,0.6015,0.9175
A2ALU4_S1165___1,-0.1214,No,0.3819,0.4749
A2ALU4_S318___1,-0.2618,No,0.1387,0.1232
A2ALU4_S213___1,-0.459,Yes,0.013,0.0069
A2ALU4_S116___1,-0.2773,No,0.1203,0.1026
A2ALU4_S676___1,-0.2158,No,0.2049,0.2039
A2ALU4_S285___1,-0.8953,Yes,0.0001,0.0001
A2ALU4_S935___1,0.5048,Yes,0.0063,0.003
A2ALU4_S254___1,-0.7488,Yes,0.0001,0.0001
A2ALU4_S140___1,-0.2143,No,0.2075,0.2071
A2AM29_S289___1,0.1753,No,0.2749,0.3022
A2APB8_S737___1,2.895,Yes,0.0001,0.0001
A2APV2_S687___1,-0.8962,Yes,0.0001,0.0001
A2APV2_S1015___1,-0.3067,No,0.0898,0.071
A2APV2_S171___1,-0.7307,Yes,0.0001,0.0001
A2APV2_S1075___1,-0.2977,No,0.0986,0.0796
A2APV2_S205___1,0.1328,No,0.3589,0.4343
A2AQ25_S1899___1,1.133,Yes,0.0001,0.0001
A2AQ25_S1905___1,1.072,Yes,0.0001,0.0001
A2AQ25_S1466___1,0.4853,Yes,0.0087,0.0043
A2AQ25_S361___1,0.1252,No,0.3738,0.461
A2AQ25_S1843___1,1.128,Yes,0.0001,0.0001
A2AQ25_S169___1,1.237,Yes,0.0001,0.0001
A2AR02_S354___1,-0.3448,No,0.0588,0.0424
A2AR02_S374___1,-0.4401,Yes,0.0171,0.0096
A2AR02_S395___1,-0.05196,No,0.5303,0.7597
A2ARV4_S4624___1,-0.153,No,0.3178,0.3677
A2ASS6_S9764___1,-0.4858,Yes,0.0086,0.0042
A2AUM9_S1733___1,0.004493,No,0.6272,0.9789
A2AWA9_S987___1,-0.2763,No,0.1216,0.1038
A2AWA9_S42___1,0.1882,No,0.2522,0.2679
A2AWT3_S131___1,0.205,No,0.2233,0.2275
A2AWT3_S281___1,0.3162,No,0.0811,0.0627
A2BH40_S697___1,0.3025,No,0.0939,0.075
A2BH40_S773___1,0.4521,Yes,0.0143,0.0078
A2BH40_S234___1,0.7228,Yes,0.0001,0.0001
A2BH40_S365___1,0.1924,No,0.2447,0.2574
A2BH40_S1185___1,0.09561,No,0.4381,0.5735
A2BH40_S384___1,0.3386,No,0.0633,0.0462
Q0KL02_S1779___1,-0.4698,Yes,0.011,0.0057
A2RSJ4_S774___1,0.4902,Yes,0.008,0.0039
A2RSQ0_S178___1,-0.04314,No,0.5485,0.7995
A2RSY6_S607___1,1.543,Yes,0.0001,0.0001
A2RTL5_S45___1,-0.6786,Yes,0.0002,0.0001
A3KGF9_S190___1,-0.0549,No,0.5249,0.7465
A3KGF9_S317___1,-0.349,No,0.056,0.0399
A6H619_S1201___1,-0.09911,No,0.4304,0.5595
A6H619_S919___1,-0.4318,Yes,0.0193,0.011
A6H619_S1043___1,-0.2514,No,0.1523,0.1389
A6H619_S1045___1,-0.2514,No,0.1523,0.1389
A6H619_S867___1,-0.2714,No,0.1273,0.1101
A6H619_S622___1,-0.3039,No,0.0925,0.0736
A6H687_S236___1,-0.07392,No,0.4862,0.6634
A6H8H2_S1310___1,0.4,Yes,0.0299,0.0185
A6H8H2_S971___1,0.336,No,0.0652,0.0479
A6H8H2_S1274___1,0.05079,No,0.5327,0.7649
A6H8H2_S1321___1,-0.2113,No,0.2121,0.2134
A6H8H2_S1096___1,0.3899,Yes,0.0342,0.0217
A6H8H2_S1221___1,0.7236,Yes,0.0001,0.0001
A6X8Z5_S1093___1,0.355,No,0.0524,0.0366
A6X8Z5_S935___1,-0.03551,No,0.5633,0.8344
A6X8Z5_S765___1,0.4236,Yes,0.0217,0.0126
A6X8Z5_S1163___1,0.09732,No,0.4342,0.5667
A6X8Z5_S1413___1,-0.1194,No,0.3861,0.4819
B1AQJ2_S578___1,1.505,Yes,0.0001,0.0001
B1AQJ2_S547___1,1.168,Yes,0.0001,0.0001
B1AQJ2_S554___1,0.8113,Yes,0.0001,0.0001
B1AVY7_S838___1,-0.07247,No,0.4893,0.6696
B1AVY7_S662___1,-1.3,Yes,0.0001,0.0001
B1AVZ0_S25___1,-0.2677,No,0.1316,0.115
B1AWL2_S1083___1,0.6055,Yes,0.001,0.0004
B1AX39_S117___1,1.126,Yes,0.0001,0.0001
B1AXD8_S21___1,0.4843,Yes,0.0088,0.0044
B1AXH1_S800___1,-0.276,No,0.1219,0.1042
B1AY10_S147___1,0.1759,No,0.2737,0.3004
B1AY10_S273___1,-0.4337,Yes,0.0188,0.0107
B1AY13_S2601___1,0.1038,No,0.4202,0.541
B1AY13_S1940___1,0.2203,No,0.1979,0.1946
B1AY13_S1138___1,-0.06229,No,0.5103,0.7138
B1AY13_S2044___1,0.1782,No,0.2699,0.2942
B1AYB6_S264___1,0.3226,No,0.0758,0.0575
B1AZA5_S12___1,0.5273,Yes,0.0043,0.0019
B1AZA5_S16___1,0.2102,No,0.214,0.2159
B1AZA5_S327___1,0.5052,Yes,0.0063,0.0029
B1AZA5_S329___1,0.1751,No,0.2752,0.3026
B1AZI6_S1393___1,0.6267,Yes,0.0007,0.0002
B1AZP2_S405___1,-0.2782,No,0.1192,0.1014
B1AZP2_S666___1,0.1915,No,0.2461,0.2596
B1AZP2_S973___1,0.3133,No,0.0837,0.0651
B1AZP2_S716___1,0.2137,No,0.2085,0.2084
B2RPY5_S376___1,-0.03642,No,0.5616,0.8302
B2RQC2_S1125___1,0.2385,No,0.1703,0.1602
B2RQC2_S1234___1,0.5107,Yes,0.0057,0.0026
B2RQC2_S74___1,0.3617,Yes,0.0483,0.0332
B2RQC6_S64___1,0.01466,No,0.6069,0.9312
B2RQC6_S1859___1,2.204,Yes,0.0001,0.0001
B2RQC6_S1407___1,0.35,No,0.0555,0.0394
B2RQC6_S1038___1,-0.4452,Yes,0.0159,0.0088
B2RQE8_S778___1,0.2967,No,0.0995,0.0806
B2RQE8_S553___1,0.2046,No,0.2238,0.2284
B2RR83_S1105___1,0.1882,No,0.2521,0.2677
B2RR83_S1444___1,-0.2035,No,0.2255,0.2309
B2RR83_S1278___1,0.1511,No,0.3216,0.3738
B2RRD7_S858___1,-0.2753,No,0.1225,0.105
B2RRD7_S75___1,-0.288,No,0.1086,0.09
B2RRE7_S970___1,-0.5798,Yes,0.0017,0.0006
B2RRE7_S442___1,-0.2702,No,0.1286,0.1116
B2RRE7_S1017___1,-0.1305,No,0.3639,0.4424
B2RRE7_S1000___1,0.4301,Yes,0.0197,0.0113
B2RU80_S1667___1,-0.0135,No,0.6095,0.9366
B2RU80_S1659___1,-0.276,No,0.1219,0.1042
B2RUR8_S467___1,-0.2146,No,0.2068,0.2063
B2RUR8_S449___1,0.2454,No,0.1608,0.1485
B2RWS6_S1725___1,-0.1391,No,0.3459,0.4128
B2RWS6_S500___1,0.1602,No,0.3037,0.3455
B2RWS6_S1037___1,-0.07401,No,0.4859,0.663
B2RX14_S120___1,0.169,No,0.2866,0.3199
B2RX14_S47___1,0.4058,Yes,0.0278,0.0169
B2RX88_S831___1,-0.6193,Yes,0.0008,0.0003
B2RX88_S915___1,-0.4548,Yes,0.0138,0.0074
B2RXR6_S983___1,0.6155,Yes,0.0008,0.0003
B2RXS4_S1248___1,0.8204,Yes,0.0001,0.0001
B2RXS4_S1574___1,0.4296,Yes,0.0199,0.0114
B2RY04_S1867___1,-0.04863,No,0.5374,0.7746
B2RY04_S1788___1,0.5607,Yes,0.0024,0.001
B2RY04_S1832___1,-0.07884,No,0.4753,0.6425
B2RY04_S1765___1,-0.06359,No,0.5078,0.7081
B2RY56_S698___1,-0.3939,Yes,0.0324,0.0204
B2RY56_S672___1,-0.1891,No,0.2508,0.2656
B2RY56_S578___1,-0.271,No,0.1277,0.1106
B5TVM2_S594___1,-0.2458,No,0.1602,0.1479
B5TVM2_S487___1,0.03103,No,0.5737,0.855
B5TVM2_S633___1,-0.161,No,0.3022,0.3432
B5TVM2_S626___1,-1.468,Yes,0.0001,0.0001
B5TVM2_S562___1,-0.4318,Yes,0.0193,0.011
B7ZNG0_S662___1,1.034,Yes,0.0001,0.0001
B8JK39_S297___1,-0.2358,No,0.1741,0.165
B8JKV0_S101___1,-0.05955,No,0.5159,0.7259
B9EHT4_S407___1,0.7348,Yes,0.0001,0.0001
B9EJ80_S968___1,0.3295,No,0.0701,0.0524
B9EJ80_S973___1,0.2926,No,0.1039,0.0849
B9EJ80_S960___1,0.1732,No,0.2788,0.3079
B9EJ80_S532___1,0.08443,No,0.4634,0.6191
B9EJ80_S515___1,1.488,Yes,0.0001,0.0001
B9EJ86_S305___1,0.4919,Yes,0.0078,0.0038
B9EJ86_S314___1,0.4317,Yes,0.0193,0.011
B9EKI3_S742___1,-0.2809,No,0.1162,0.0982
B9EKI3_S23___1,1.318,Yes,0.0001,0.0001
B9EKI3_S138___1,1.795,Yes,0.0001,0.0001
B9EKI3_S340___1,0.4453,Yes,0.0158,0.0088
B9EKR1_S2052___1,-0.1979,No,0.2349,0.2439
B9EKR1_S2310___1,-0.4464,Yes,0.0156,0.0086
C0HKD9_S80___1,-0.7467,Yes,0.0001,0.0001
C0HKD9_S81___1,-0.326,No,0.0729,0.0549
C0HKD9_S82___1,-0.1717,No,0.2814,0.312
C0HKD9_S116___1,-0.1771,No,0.2716,0.297
C0HKD9_S94___1,-0.4256,Yes,0.0211,0.0122
C0HKD9_S52___1,0.004852,No,0.6266,0.9772
C0HKD9_S53___1,-0.005913,No,0.6246,0.9722
C8YR32_S500___1,-0.5063,Yes,0.0062,0.0029
D2EAC2_S383___1,-0.03265,No,0.5698,0.8475
D3YVF0_S171___1,-0.1127,No,0.401,0.5069
D3YVF0_S262___1,-1.459,Yes,0.0001,0.0001
D3YWE6_S988___1,-0.139,No,0.3461,0.4132
D3YWE6_S1056___1,-0.2012,No,0.2293,0.2362
D3YX43_S543___1,0.1777,No,0.2705,0.2954
D3YXK1_S150___1,0.02841,No,0.5796,0.8671
D3YXK2_S366___1,-0.3368,No,0.0645,0.0474
D3YXK2_S792___1,-0.2282,No,0.1857,0.1791
D3YXK2_S623___1,-0.2254,No,0.1901,0.1845
D3YXK2_S626___1,-0.3274,No,0.0717,0.0539
D3YXK2_S395___1,-0.468,Yes,0.0113,0.0059
D3YXK2_S602___1,-0.1502,No,0.3233,0.3766
D3YXK2_S816___1,-0.5414,Yes,0.0034,0.0014
D3YXK2_S235___1,-0.1256,No,0.3732,0.4597
D3YXK2_S465___1,-0.9905,Yes,0.0001,0.0001
D3YYI7_S27___1,-0.07022,No,0.4937,0.6793
D3YYI7_S384___1,0.3763,Yes,0.0405,0.0267
D3YYU8_S10___1,-0.09897,No,0.4306,0.5601
D3YZP9_S237___1,0.1359,No,0.3523,0.4236
D3YZP9_S45___1,0.1489,No,0.3259,0.3808
D3Z2R5_S13___1,0.7163,Yes,0.0001,0.0001
E2JF22_S1864___1,-0.3728,Yes,0.0423,0.0282
E2JF22_S1385___1,-0.3858,Yes,0.036,0.0231
E2JF22_S1390___1,0.08379,No,0.4648,0.6218
E2JF22_S1646___1,-0.06276,No,0.5095,0.7118
E2JF22_S1631___1,-0.2388,No,0.1699,0.1598
E9PUQ8_S1215___1,-0.4827,Yes,0.009,0.0045
E9PV82_S265___1,-0.6295,Yes,0.0006,0.0002
E9PV82_S119___1,-0.4488,Yes,0.015,0.0082
E9PYH6_S521___1,-0.02687,No,0.5831,0.8743
E9PYH6_S1160___1,0.04541,No,0.5443,0.7892
E9PYH6_S1176___1,3.429,Yes,0.0001,0.0001
E9PYH6_S477___1,0.765,Yes,0.0001,0.0001
E9PYK3_S1967___1,-0.1393,No,0.3455,0.4122
E9PYL2_S441___1,-0.05617,No,0.5227,0.7409
E9PYL2_S383___1,0.2008,No,0.2299,0.237
E9PYL2_S1299___1,0.03927,No,0.5558,0.8172
E9PYL2_S1924___1,-0.5317,Yes,0.004,0.0017
E9PZ19_S1215___1,0.007361,No,0.6222,0.9654
E9PZJ8_S2197___1,0.03841,No,0.5576,0.8211
E9PZM4_S1365___1,0.09969,No,0.4293,0.5573
E9Q1P8_S71___1,0.7645,Yes,0.0001,0.0001
E9Q1P8_S250___1,0.5679,Yes,0.0021,0.0008
E9Q1P8_S300___1,1.171,Yes,0.0001,0.0001
E9Q1P8_S169___1,0.398,Yes,0.0307,0.0191
E9Q1P8_S440___1,0.2303,No,0.1826,0.1752
E9Q1P8_S443___1,0.8579,Yes,0.0001,0.0001
E9Q1P8_S343___1,0.4052,Yes,0.028,0.017
E9Q1P8_S15___1,0.3303,No,0.0695,0.0518
E9Q286_S1209___1,0.1762,No,0.273,0.2994
E9Q286_S1820___1,-0.0293,No,0.5778,0.863
E9Q286_S910___1,-0.288,No,0.1086,0.09
E9Q309_S468___1,-0.07568,No,0.4823,0.6559
E9Q309_S2221___1,-0.2935,No,0.103,0.084
E9Q309_S1641___1,-0.217,No,0.2029,0.2013
E9Q3C1_S649___1,-0.2216,No,0.1958,0.192
E9Q3C1_S506___1,-0.4847,Yes,0.0087,0.0043
E9Q3L2_S259___1,-0.4632,Yes,0.0122,0.0064
E9Q3L2_S263___1,-0.7069,Yes,0.0001,0.0001
E9Q3L2_S265___1,-0.9858,Yes,0.0001,0.0001
E9Q3L2_S268___1,0.5346,Yes,0.0038,0.0016
E9Q4F7_S2354___1,-0.08721,No,0.4569,0.6076
E9Q4F7_S1676___1,-0.06057,No,0.5138,0.7214
E9Q4F7_S1777___1,-0.006498,No,0.6235,0.9695
E9Q4N7_S454___1,0.2628,No,0.1375,0.1217
E9Q4N7_S587___1,-0.8458,Yes,0.0001,0.0001
E9Q4S1_S377___1,-0.32,No,0.078,0.0596
E9Q4S1_S387___1,-0.5249,Yes,0.0045,0.002
E9Q555_S2492___1,0.5577,Yes,0.0026,0.001
E9Q555_S298___1,0.4564,Yes,0.0135,0.0072
E9Q5C9_S563___1,0.1474,No,0.3288,0.3856
E9Q5C9_S554___1,1.249,Yes,0.0001,0.0001
E9Q5C9_S626___1,-0.1333,No,0.358,0.4327
E9Q5C9_S424___1,0.5665,Yes,0.0022,0.0009
E9Q5C9_S701___1,0.3077,No,0.0888,0.07
E9Q5C9_S394___1,2.522,Yes,0.0001,0.0001
E9Q5C9_S646___1,3.543,Yes,0.0001,0.0001
E9Q5G3_S936___1,1.124,Yes,0.0001,0.0001
E9Q5G3_S160___1,0.9225,Yes,0.0001,0.0001
E9Q5G3_S860___1,1.265,Yes,0.0001,0.0001
E9Q5K9_S309___1,0.125,No,0.3743,0.4618
E9Q5K9_S119___1,-0.3547,No,0.0526,0.0368
E9Q5K9_S120___1,-0.09277,No,0.4446,0.5849
E9Q5K9_S546___1,2.11,Yes,0.0001,0.0001
E9Q634_S1008___1,-0.07843,No,0.4763,0.6443
E9Q6B2_S247___1,0.2693,No,0.1295,0.1128
E9Q6B2_S259___1,0.4404,Yes,0.0171,0.0095
E9Q6P5_S630___1,-0.05572,No,0.5236,0.7429
E9Q784_S242___1,-0.01268,No,0.6114,0.9405
E9Q784_S682___1,0.7745,Yes,0.0001,0.0001
E9Q784_S704___1,-0.05545,No,0.5239,0.7441
E9Q784_S198___1,-0.02851,No,0.5794,0.8667
E9Q784_S1002___1,0.3215,No,0.0767,0.0584
E9Q784_S64___1,0.8417,Yes,0.0001,0.0001
E9Q784_S1069___1,0.5538,Yes,0.0027,0.0011
E9Q784_S265___1,0.05435,No,0.5257,0.749
E9Q784_S949___1,-1.27,Yes,0.0001,0.0001
E9Q784_S953___1,-0.02852,No,0.5794,0.8667
E9Q784_S207___1,0.009602,No,0.6175,0.9549
E9Q784_S110___1,-0.2142,No,0.2075,0.2072
E9Q784_S77___1,0.2189,No,0.1999,0.1976
E9Q784_S1357___1,0.1129,No,0.4007,0.5063
E9Q784_S624___1,0.1106,No,0.405,0.5148
E9Q784_S25___1,-0.5562,Yes,0.0026,0.0011
E9Q7D5_S1121___1,0.09383,No,0.4425,0.5807
E9Q7D5_S990___1,-0.132,No,0.3606,0.4372
E9Q7D5_S720___1,0.08736,No,0.4566,0.607
E9Q7D5_S1109___1,-0.3546,No,0.0526,0.0368
E9Q7D5_S1110___1,0.01845,No,0.5997,0.9135
E9Q7D5_S169___1,0.1161,No,0.3936,0.4944
E9Q7D5_S782___1,0.02745,No,0.5819,0.8716
E9Q7D5_S319___1,0.02175,No,0.5928,0.8981
E9Q7D5_S957___1,-0.08246,No,0.4676,0.6273
E9Q7D5_S851___1,0.1906,No,0.2479,0.2619
E9Q7D5_S593___1,0.06618,No,0.5021,0.6968
E9Q7D5_S760___1,0.08385,No,0.4648,0.6216
E9Q7F2_S44___1,-0.5726,Yes,0.0019,0.0007
E9Q7F2_S326___1,-0.3599,Yes,0.0494,0.0341
E9Q7F2_S279___1,-0.6535,Yes,0.0004,0.0001
E9Q7F2_S234___1,0.5304,Yes,0.0041,0.0018
E9Q7G0_S198___1,0.06617,No,0.5021,0.6969
E9Q7G0_S270___1,-1.003,Yes,0.0001,0.0001
E9Q7G0_S1812___1,0.5932,Yes,0.0013,0.0005
E9Q7G0_S1826___1,0.2983,No,0.098,0.079
E9Q7G0_S1973___1,1.74,Yes,0.0001,0.0001
E9Q7G0_S1844___1,0.5738,Yes,0.0019,0.0007
E9Q7G0_S398___1,-0.5462,Yes,0.0031,0.0013
E9Q7G0_S2029___1,-0.7577,Yes,0.0001,0.0001
E9Q7G0_S1951___1,-0.7396,Yes,0.0001,0.0001
E9Q7G0_S1739___1,-0.3018,No,0.0945,0.0756
E9Q7X6_S1275___1,0.04486,No,0.5452,0.7917
E9Q7X6_S401___1,0.4101,Yes,0.0263,0.0158
E9Q7X6_S428___1,0.3648,Yes,0.0466,0.0317
E9Q7X6_S1249___1,0.6899,Yes,0.0002,0.0001
E9Q8D0_S283___1,0.364,Yes,0.0471,0.0321
E9Q8D0_S370___1,0.9207,Yes,0.0001,0.0001
E9Q942_S61___1,0.3144,No,0.0827,0.0642
E9Q9R9_S1254___1,0.4217,Yes,0.0223,0.013
E9Q9R9_S1222___1,-0.1742,No,0.2768,0.3051
E9Q9R9_S264___1,0.3855,Yes,0.0361,0.0232
E9Q9R9_S1263___1,0.3596,Yes,0.0496,0.0342
E9Q9R9_S841___1,0.7362,Yes,0.0001,0.0001
E9Q9R9_S1797___1,0.1155,No,0.3947,0.4965
E9Q9R9_S1021___1,-0.01152,No,0.6135,0.9459
E9Q9R9_S803___1,0.2427,No,0.1647,0.1531
F6ZDS4_S2105___1,-1.54,Yes,0.0001,0.0001
F6ZDS4_S2111___1,-0.2663,No,0.1333,0.117
F6ZDS4_S2116___1,2.132,Yes,0.0001,0.0001
F6ZDS4_S2118___1,-0.447,Yes,0.0155,0.0085
F6ZDS4_S2141___1,-0.356,No,0.0517,0.0361
F6ZDS4_S453___1,-0.4319,Yes,0.0193,0.011
F6ZDS4_S1917___1,-0.9727,Yes,0.0001,0.0001
F6ZDS4_S2223___1,-0.6179,Yes,0.0008,0.0003
F7BJB9_S879___1,0.181,No,0.2651,0.2867
F8VPQ2_S867___1,0.2414,No,0.1663,0.1553
F8VPU2_S427___1,-0.4384,Yes,0.0176,0.0099
F8VPU2_S1041___1,-0.212,No,0.2111,0.2119
F8VPU2_S1045___1,0.06964,No,0.4949,0.6818
F8VPU2_S20___1,-0.5086,Yes,0.006,0.0028
F8VPU2_S836___1,-0.1019,No,0.4245,0.5487
F8VPU2_S336___1,-0.1958,No,0.2388,0.2491
F8VPU2_S340___1,-0.3748,Yes,0.0412,0.0273
F8VPU2_S373___1,-0.06798,No,0.498,0.689
F8VPU2_S615___1,0.2856,No,0.1109,0.0926
F8VPU2_S512___1,-0.02139,No,0.5936,0.8998
F8VPU2_S394___1,0.3093,No,0.0873,0.0686
F8VPU2_S403___1,0.1595,No,0.3051,0.3477
F8VPU2_S875___1,4.479,Yes,0.0001,0.0001
F8VPU2_S892___1,-0.8348,Yes,0.0001,0.0001
F8VPU2_S902___1,-0.6834,Yes,0.0002,0.0001
F8VPZ9_S1427___1,0.01758,No,0.6015,0.9175
F8VPZ9_S1267___1,0.2836,No,0.1131,0.095
F8VQB6_S1887___1,0.2386,No,0.1702,0.1601
F8VQB6_S1134___1,-0.345,No,0.0587,0.0422
G3X9J0_S136___1,-0.674,Yes,0.0002,0.0001
G3X9J0_S94___1,-0.3659,Yes,0.046,0.0312
G3X9J0_S1358___1,-0.4534,Yes,0.0141,0.0076
G3X9J0_S1489___1,0.04987,No,0.5344,0.769
G3X9J0_S229___1,-0.1001,No,0.4284,0.5558
G3X9J0_S140___1,0.02406,No,0.5881,0.8873
G3X9J0_S1538___1,0.1227,No,0.3789,0.4701
G3X9K3_S394___1,-0.19,No,0.2489,0.2634
G3XA57_S150___1,-0.1657,No,0.2928,0.3292
G3XA57_S277___1,-0.3205,No,0.0776,0.0592
G5E829_S17___1,0.4538,Yes,0.014,0.0076
G5E829_S1155___1,-0.3594,Yes,0.0497,0.0343
G5E829_S1178___1,-0.3858,Yes,0.036,0.0231
G5E829_S1127___1,-0.229,No,0.1846,0.1776
G5E870_S1024___1,1.243,Yes,0.0001,0.0001
G5E870_S267___1,0.418,Yes,0.0235,0.0139
G5E870_S77___1,-0.3243,No,0.0744,0.0563
G5E870_S312___1,0.09819,No,0.4323,0.5632
G5E870_S1610___1,0.585,Yes,0.0015,0.0006
G5E870_S1409___1,-0.008266,No,0.62,0.9612
G5E870_S1281___1,-0.3843,Yes,0.0366,0.0237
G5E870_S1355___1,-0.2597,No,0.1417,0.1263
G5E870_S1049___1,-0.04591,No,0.5432,0.7869
L0N7N1_S1326___1,0.7807,Yes,0.0001,0.0001
L0N7N1_S1478___1,0.425,Yes,0.0213,0.0123
O08529_S462___1,-0.01116,No,0.6142,0.9476
O08530_S351___1,-0.196,No,0.2383,0.2485
O08539_S296___1,0.06888,No,0.4965,0.6851
O08539_S298___1,-0.2204,No,0.1978,0.1944
O08539_S304___1,-0.05358,No,0.5271,0.7524
O08539_S324___1,0.9189,Yes,0.0001,0.0001
O08539_S332___1,-0.9951,Yes,0.0001,0.0001
O08547_S175___1,0.6956,Yes,0.0002,0.0001
O08547_S137___1,0.2572,No,0.1451,0.13
O08550_S941___1,0.2411,No,0.1666,0.1557
O08550_S849___1,0.5302,Yes,0.0041,0.0018
O08550_S2082___1,-0.2257,No,0.1897,0.1839
O08550_S2346___1,0.8448,Yes,0.0001,0.0001
O08550_S1098___1,0.0002681,No,0.6351,0.9987
O08553_S570___1,-0.2129,No,0.2096,0.21
O08553_S522___1,0.4545,Yes,0.0139,0.0075
O08579_S29___1,1.991,Yes,0.0001,0.0001
O08582_S580___1,0.7501,Yes,0.0001,0.0001
O08582_S25___1,0.4087,Yes,0.0268,0.0161
O08583_S237___1,-0.1575,No,0.309,0.3538
O08585_S223___1,-0.2779,No,0.1195,0.1018
O08609_S45___1,0.3324,No,0.0678,0.0503
O08609_S48___1,-0.1126,No,0.4013,0.5075
O08638_S1954___1,-0.5761,Yes,0.0018,0.0007
O08715_S55___1,-0.3288,No,0.0706,0.0529
O08715_S101___1,-0.4103,Yes,0.0262,0.0157
O08715_S103___1,0.3354,No,0.0656,0.0483
O08734_S17___1,-0.355,No,0.0524,0.0366
O08734_S19___1,-0.6944,Yes,0.0002,0.0001
O08736_S89___1,0.2259,No,0.1894,0.1836
O08750_S301___1,-0.76,Yes,0.0001,0.0001
O08750_S286___1,-0.3423,No,0.0607,0.0439
O08759_S8___1,1.364,Yes,0.0001,0.0001
O08784_S593___1,-0.2626,No,0.1378,0.1221
O08784_S1216___1,0.2261,No,0.1892,0.1832
O08784_S1073___1,-0.3139,No,0.0832,0.0646
O08784_S1303___1,0.04808,No,0.5385,0.7771
O08784_S1263___1,-0.003147,No,0.6297,0.9852
O08784_S1191___1,-0.4037,Yes,0.0285,0.0175
O08784_S169___1,-0.4322,Yes,0.0192,0.0109
O08784_S1128___1,0.1108,No,0.4047,0.5144
O08784_S853___1,-0.6095,Yes,0.0009,0.0003
O08784_S444___1,0.776,Yes,0.0001,0.0001
O08784_S154___1,1.346,Yes,0.0001,0.0001
O08784_S88___1,-0.183,No,0.2613,0.2814
O08785_S427___1,-0.02358,No,0.5889,0.8896
O08796_S469___1,-0.9649,Yes,0.0001,0.0001
O08796_S365___1,-0.5418,Yes,0.0034,0.0014
O08856_S300___1,0.2305,No,0.1821,0.1747
O08917_S163___1,-1.519,Yes,0.0001,0.0001
O08917_S385___1,-0.7575,Yes,0.0001,0.0001
O08919_S228___1,-0.3748,Yes,0.0412,0.0273
O08919_S324___1,-0.268,No,0.1312,0.1146
O08999_S491___1,-0.1417,No,0.3406,0.4041
O09000_S847___1,0.3297,No,0.07,0.0522
O09000_S720___1,0.07658,No,0.4806,0.6521
O09000_S687___1,0.1595,No,0.3051,0.3477
O09000_S215___1,0.2714,No,0.1272,0.1101
O09039_S102___1,-0.51,Yes,0.0058,0.0027
O09044_S20___1,0.6289,Yes,0.0006,0.0002
O09044_S23___1,0.5441,Yes,0.0033,0.0014
O09044_S110___1,-0.2847,No,0.1119,0.0937
O09044_S120___1,0.4402,Yes,0.0171,0.0095
O09044_S160___1,0.722,Yes,0.0001,0.0001
O09100_S192___1,0.4724,Yes,0.0106,0.0054
O09106_S421___1,0.6848,Yes,0.0002,0.0001
O09106_S423___1,0.2758,No,0.1221,0.1044
O09106_S410___1,0.1708,No,0.2831,0.3147
O09106_S393___1,0.4166,Yes,0.024,0.0142
O09110_S28___1,0.07332,No,0.4875,0.666
O09110_S218___1,-0.4756,Yes,0.0101,0.0051
O09126_S856___1,-0.04225,No,0.5502,0.8036
O09174_S323___1,-0.1026,No,0.4229,0.5459
O35066_S764___1,-0.2293,No,0.1842,0.1771
O35071_S674___1,0.229,No,0.1847,0.1776
O35071_S1089___1,0.06156,No,0.5118,0.717
O35074_S255___1,0.3189,No,0.079,0.0605
O35098_S570___1,-0.3792,Yes,0.0391,0.0256
O35098_S572___1,0.5939,Yes,0.0013,0.0005
O35099_S965___1,0.754,Yes,0.0001,0.0001
O35126_S34___1,0.01629,No,0.6043,0.9236
O35126_S881___1,0.5844,Yes,0.0015,0.0006
O35126_S77___1,0.0245,No,0.5876,0.8853
O35126_S79___1,-0.2846,No,0.1121,0.0939
O35126_S630___1,0.3878,Yes,0.0351,0.0224
O35126_S646___1,0.1417,No,0.3406,0.4043
O35126_S101___1,0.04504,No,0.545,0.7909
O35130_S16___1,-0.5161,Yes,0.0052,0.0024
O35149_S36___1,0.07958,No,0.4738,0.6394
O35182_S148___1,0.02005,No,0.5967,0.906
O35182_S26___1,-0.08473,No,0.4627,0.6179
O35188_S262___1,0.3521,No,0.0541,0.0382
O35216_S30___1,-0.3215,No,0.0767,0.0584
O35216_S15___1,-0.8539,Yes,0.0001,0.0001
O35216_S16___1,-0.9073,Yes,0.0001,0.0001
O35226_S256___1,0.9885,Yes,0.0001,0.0001
O35295_S113___1,0.07275,No,0.4888,0.6684
O35295_S310___1,-0.4817,Yes,0.0092,0.0046
O35295_S316___1,0.003384,No,0.6293,0.9841
O35326_S86___1,0.8487,Yes,0.0001,0.0001
O35326_S90___1,-0.1836,No,0.2603,0.2798
O35343_S60___1,0.2844,No,0.1123,0.0941
O35344_S60___1,0.3049,No,0.0914,0.0726
O35379_S882___1,-0.009885,No,0.6168,0.9536
O35379_S884___1,-0.5121,Yes,0.0056,0.0026
O35382_S32___1,0.9143,Yes,0.0001,0.0001
O35392_S96___1,-0.7746,Yes,0.0001,0.0001
O35450_S38___1,0.0337,No,0.5675,0.8427
O35491_S141___1,-0.3697,Yes,0.0439,0.0295
O35492_S88___1,-0.03106,No,0.5736,0.8549
O35492_S21___1,0.1294,No,0.3657,0.446
O35492_S157___1,-0.06095,No,0.5131,0.7197
O35492_S283___1,-0.05792,No,0.5194,0.7331
O35493_S138___1,-0.3604,Yes,0.0491,0.0338
O35495_S134___1,-0.3295,No,0.0701,0.0524
O35495_S95___1,-0.3137,No,0.0833,0.0647
O35495_S78___1,-0.1949,No,0.2402,0.2511
O35516_S2116___1,0.471,Yes,0.0108,0.0056
O35526_S14___1,-0.6771,Yes,0.0002,0.0001
O35551_S407___1,-0.382,Yes,0.0378,0.0245
O35551_S410___1,-0.3565,No,0.0514,0.0358
O35598_S741___1,0.5242,Yes,0.0046,0.002
O35607_S375___1,-0.7243,Yes,0.0001,0.0001
O35607_S586___1,-0.4208,Yes,0.0226,0.0132
O35607_S940___1,-0.5704,Yes,0.002,0.0008
O35607_S757___1,-0.7908,Yes,0.0001,0.0001
O35609_S78___1,1.024,Yes,0.0001,0.0001
O35613_S593___1,-0.6111,Yes,0.0009,0.0003
O35613_S515___1,-0.3151,No,0.0822,0.0636
O35613_S736___1,0.03887,No,0.5567,0.819
O35615_S286___1,0.6662,Yes,0.0003,0.0001
O35615_S651___1,0.9702,Yes,0.0001,0.0001
O35615_S925___1,0.3956,Yes,0.0317,0.0199
O35615_S927___1,0.1126,No,0.4012,0.5073
O35615_S497___1,0.4215,Yes,0.0223,0.0131
O35615_S500___1,0.6849,Yes,0.0002,0.0001
O35615_S681___1,0.5468,Yes,0.0031,0.0013
O35623_S50___1,0.7898,Yes,0.0001,0.0001
O35638_S1058___1,-0.504,Yes,0.0064,0.003
O35638_S1061___1,-0.4984,Yes,0.007,0.0033
O35639_S146___1,-0.2089,No,0.2164,0.2188
O35664_S448___1,-0.2014,No,0.2291,0.2357
O35671_S41___1,0.3253,No,0.0736,0.0555
O35678_S189___1,0.2091,No,0.2161,0.2184
O35682_S15___1,-0.1885,No,0.2516,0.267
O35682_S16___1,-0.1453,No,0.3331,0.3924
O35691_S84___1,-0.3847,Yes,0.0365,0.0235
O35691_S380___1,0.0572,No,0.5205,0.7363
O35691_S66___1,0.1075,No,0.4119,0.527
O35691_S442___1,-0.3623,Yes,0.0481,0.0329
O35709_S406___1,0.4339,Yes,0.0187,0.0106
O35730_S324___1,0.2659,No,0.1338,0.1175
O35730_S38___1,0.1165,No,0.3926,0.4928
O35737_S310___1,-0.00156,No,0.6322,0.9927
O35737_S63___1,-0.235,No,0.1754,0.1665
O35737_S23___1,-0.507,Yes,0.0061,0.0028
O35737_S104___1,-0.07117,No,0.492,0.6752
O35841_S464___1,-0.4882,Yes,0.0083,0.0041
O35887_S69___1,0.09827,No,0.4322,0.5629
O35892_S314___1,0.3802,Yes,0.0386,0.0252
O35900_S65___1,-0.638,Yes,0.0005,0.0002
O35914_S541___1,0.8938,Yes,0.0001,0.0001
O35929_S18___1,-0.2036,No,0.2254,0.2306
O35929_S256___1,-0.2833,No,0.1134,0.0954
O35954_S621___1,-0.06801,No,0.498,0.6888
O35954_S358___1,-0.01627,No,0.6043,0.9237
O35954_S664___1,-0.3626,Yes,0.0479,0.0328
O35963_S98___1,0.461,Yes,0.0126,0.0066
O35973_S663___1,0.2499,No,0.1542,0.1412
O35973_S1280___1,0.07223,No,0.4897,0.6706
O35984_S395___1,0.1862,No,0.2557,0.273
O54692_S438___1,0.1365,No,0.3513,0.4215
O54724_S42___1,-0.7489,Yes,0.0001,0.0001
O54724_S302___1,0.1251,No,0.3741,0.4616
O54774_S760___1,0.1037,No,0.4204,0.5415
O54774_S784___1,0.2665,No,0.133,0.1166
O54781_S490___1,1.49,Yes,0.0001,0.0001
O54784_S313___1,0.01645,No,0.6041,0.9229
O54784_S316___1,-0.03145,No,0.5727,0.8531
O54786_S314___1,-0.4002,Yes,0.0299,0.0185
O54786_S110___1,0.1935,No,0.2425,0.2547
O54824_S468___1,-0.1401,No,0.3439,0.4094
O54824_S839___1,-0.101,No,0.4267,0.5522
O54824_S583___1,-0.5431,Yes,0.0033,0.0014
O54824_S680___1,-0.6409,Yes,0.0005,0.0002
O54824_S967___1,-0.1224,No,0.3795,0.4711
O54825_S97___1,-0.03772,No,0.5585,0.8243
O54827_S470___1,-0.428,Yes,0.0204,0.0117
Q60737_S194___1,-0.5408,Yes,0.0034,0.0015
O54833_S18___1,0.0361,No,0.5622,0.8317
O54833_S21___1,-0.116,No,0.3936,0.4947
O54910_S18___1,-0.3849,Yes,0.0364,0.0235
O54916_S708___1,0.2238,No,0.1925,0.1877
O54916_S536___1,0.9215,Yes,0.0001,0.0001
O54916_S272___1,-0.07751,No,0.4783,0.6481
O54916_S273___1,-0.03969,No,0.5551,0.8152
O54916_S561___1,-0.2969,No,0.0994,0.0805
O54916_S735___1,-0.1186,No,0.3881,0.4852
O54940_S114___1,0.4503,Yes,0.0147,0.008
O55003_S88___1,-0.03996,No,0.5546,0.814
O55022_S181___1,-0.07939,No,0.4743,0.6402
O55022_S54___1,-0.213,No,0.2095,0.2097
O55028_S31___1,0.06061,No,0.5138,0.7212
O55033_S90___1,-0.05226,No,0.5296,0.7583
O55047_S717___1,-1.319,Yes,0.0001,0.0001
O55060_S34___1,-0.9422,Yes,0.0001,0.0001
O55060_S2___1,0.2526,No,0.1508,0.137
O55091_S137___1,-0.3524,No,0.054,0.038
O55098_S437___1,-0.1684,No,0.2876,0.3216
O55106_S245___1,0.01894,No,0.5988,0.9112
O55131_S333___1,-0.06609,No,0.5022,0.6972
O55131_S76___1,-0.5778,Yes,0.0018,0.0007
O55135_S239___1,-0.4919,Yes,0.0078,0.0038
O55137_S56___1,0.1652,No,0.2937,0.3308
O55143_S661___1,0.3231,No,0.0755,0.0572
O55143_S663___1,0.09909,No,0.4304,0.5596
O55176_S88___1,0.1838,No,0.2598,0.2791
O55187_S410___1,0.7695,Yes,0.0001,0.0001
O55201_S664___1,-0.1513,No,0.3212,0.3732
O55201_S757___1,-0.02045,No,0.5959,0.9042
O55222_S186___1,-0.7894,Yes,0.0001,0.0001
O70133_S136___1,0.262,No,0.1385,0.1229
O70133_S323___1,-0.3585,No,0.0502,0.0348
O70133_S451___1,-0.5857,Yes,0.0015,0.0006
O70146_S604___1,0.3202,No,0.0779,0.0594
O70152_S13___1,1.205,Yes,0.0001,0.0001
O70157_S408___1,-0.1725,No,0.2799,0.3098
O70251_S106___1,0.2959,No,0.1004,0.0815
O70251_S174___1,0.3607,Yes,0.0489,0.0337
O70279_S295___1,0.07886,No,0.4753,0.6424
O70305_S741___1,1.325,Yes,0.0001,0.0001
O70305_S727___1,0.1888,No,0.2512,0.2663
O70305_S585___1,-0.3979,Yes,0.0308,0.0192
O70305_S593___1,0.1345,No,0.3556,0.4286
O70305_S860___1,0.9554,Yes,0.0001,0.0001
O70305_S653___1,0.1164,No,0.3927,0.493
O70305_S435___1,-0.213,No,0.2095,0.2099
O70309_S770___1,-0.1587,No,0.3065,0.3501
O70310_S69___1,0.46,Yes,0.0128,0.0068
O70310_S31___1,0.5559,Yes,0.0026,0.0011
O70310_S47___1,0.8844,Yes,0.0001,0.0001
O70311_S68___1,-0.1244,No,0.3755,0.4641
O70311_S70___1,0.09894,No,0.4307,0.5602
O70311_S38___1,0.03829,No,0.5578,0.8216
O70318_S698___1,0.04509,No,0.545,0.7907
O70318_S38___1,-0.1551,No,0.3139,0.3613
O70318_S46___1,-0.2235,No,0.1929,0.1883
O70318_S116___1,-0.3168,No,0.0807,0.0622
O70318_S201___1,-0.3075,No,0.089,0.0703
O70318_S630___1,0.2424,No,0.1649,0.1536
O70318_S86___1,0.1339,No,0.3565,0.4304
O70318_S492___1,-0.1082,No,0.4102,0.5242
O70318_S395___1,-0.4091,Yes,0.0266,0.016
O70318_S666___1,0.1288,No,0.3668,0.4482
O70318_S7___1,-0.355,No,0.0524,0.0366
O70326_S77___1,-0.7794,Yes,0.0001,0.0001
O70348_S47___1,-0.5017,Yes,0.0067,0.0031
O70374_S400___1,0.6266,Yes,0.0007,0.0002
O70374_S255___1,0.4174,Yes,0.0237,0.014
O70374_S24___1,0.2115,No,0.2118,0.213
O70400_S90___1,-0.4753,Yes,0.0101,0.0051
O70400_S130___1,-0.44,Yes,0.0172,0.0096
O70405_S757___1,2.877,Yes,0.0001,0.0001
O70405_S450___1,3.855,Yes,0.0001,0.0001
O70405_S555___1,1.642,Yes,0.0001,0.0001
O70405_S622___1,1.454,Yes,0.0001,0.0001
O70405_S521___1,1.364,Yes,0.0001,0.0001
O70435_S250___1,0.01134,No,0.6138,0.9467
O70439_S129___1,1.146,Yes,0.0001,0.0001
O70439_S75___1,0.5737,Yes,0.0019,0.0007
O70439_S144___1,0.454,Yes,0.014,0.0075
O70439_S147___1,-0.742,Yes,0.0001,0.0001
O70439_S45___1,0.01922,No,0.5982,0.9099
P68254_S45___1,0.007119,No,0.6226,0.9666
O70472_S1596___1,0.3634,Yes,0.0474,0.0324
O70472_S1601___1,0.8167,Yes,0.0001,0.0001
O70479_S280___1,0.02073,No,0.5953,0.9029
O70480_S17___1,1.075,Yes,0.0001,0.0001
O70480_S30___1,0.3584,No,0.0503,0.0349
O70481_S1601___1,0.0433,No,0.5481,0.7988
O70492_S26___1,0.4982,Yes,0.007,0.0034
O70492_S72___1,-0.007595,No,0.6217,0.9643
O70494_S565___1,-0.6178,Yes,0.0008,0.0003
O70496_S49___1,-0.4846,Yes,0.0088,0.0043
O70546_S829___1,0.5019,Yes,0.0066,0.0031
O70551_S51___1,0.9758,Yes,0.0001,0.0001
O70551_S450___1,1.378,Yes,0.0001,0.0001
O70551_S311___1,0.8322,Yes,0.0001,0.0001
O70566_S69___1,0.1983,No,0.2343,0.2431
O70572_S404___1,0.3789,Yes,0.0392,0.0257
O70583_S92___1,-0.3252,No,0.0736,0.0555
O70583_S96___1,-0.4958,Yes,0.0073,0.0035
O70583_S66___1,-0.3053,No,0.0911,0.0723
O70583_S524___1,-0.2794,No,0.1178,0.0999
O88286_S1550___1,0.7368,Yes,0.0001,0.0001
O88286_S1179___1,0.1726,No,0.2798,0.3096
O88286_S1050___1,0.2523,No,0.1512,0.1375
O88291_S91___1,-0.1486,No,0.3265,0.3817
O88291_S81___1,0.207,No,0.2198,0.223
O88291_S270___1,-0.2378,No,0.1713,0.1616
O88322_S360___1,0.3298,No,0.0699,0.0522
O88327_S373___1,0.1335,No,0.3575,0.4319
O88351_S672___1,0.1684,No,0.2876,0.3214
O88379_S284___1,0.774,Yes,0.0001,0.0001
O88413_S65___1,0.9521,Yes,0.0001,0.0001
O88413_S167___1,0.9173,Yes,0.0001,0.0001
O88413_S372___1,0.2038,No,0.225,0.2301
O88447_S459___1,0.8173,Yes,0.0001,0.0001
O88447_S520___1,0.3632,Yes,0.0476,0.0325
O88448_S443___1,0.6278,Yes,0.0007,0.0002
O88448_S575___1,-0.2556,No,0.1468,0.1324
O88448_S515___1,-0.2357,No,0.1743,0.1653
O88448_S505___1,-0.2122,No,0.2107,0.2115
O88448_S537___1,-0.05606,No,0.5228,0.7414
O88448_S539___1,-0.1285,No,0.3674,0.4495
O88448_S550___1,0.253,No,0.1502,0.1363
O88466_S1041___1,0.5986,Yes,0.0012,0.0004
O88466_S1381___1,0.4852,Yes,0.0087,0.0043
O88466_S878___1,0.6658,Yes,0.0003,0.0001
O88477_S181___1,-0.3397,No,0.0625,0.0455
O88487_S81___1,0.161,No,0.3022,0.3433
O88487_S51___1,-0.2596,No,0.1418,0.1264
O88487_S91___1,0.4347,Yes,0.0185,0.0105
O88487_S95___1,0.5074,Yes,0.0061,0.0028
O88487_S98___1,-0.06891,No,0.4965,0.685
O88491_S2369___1,0.5516,Yes,0.0028,0.0012
O88491_S844___1,0.9469,Yes,0.0001,0.0001
O88502_S382___1,-0.4535,Yes,0.0141,0.0076
O88502_S452___1,-0.6482,Yes,0.0004,0.0001
O88502_S18___1,-0.6045,Yes,0.001,0.0004
O88508_S102___1,0.5459,Yes,0.0031,0.0013
O88532_S1054___1,-0.2762,No,0.1217,0.104
O88543_S421___1,0.7484,Yes,0.0001,0.0001
O88543_S423___1,0.568,Yes,0.0021,0.0008
O88569_S189___1,-0.2853,No,0.1112,0.093
O88569_S198___1,-0.8984,Yes,0.0001,0.0001
O88569_S199___1,-0.9746,Yes,0.0001,0.0001
O88569_S259___1,1.678,Yes,0.0001,0.0001
O88569_S85___1,0.239,No,0.1697,0.1594
O88569_S225___1,0.08981,No,0.451,0.597
O88569_S231___1,-0.0254,No,0.5861,0.8811
O88569_S212___1,-0.6341,Yes,0.0006,0.0002
O88569_S344___1,-0.3865,Yes,0.0357,0.0229
O88569_S201___1,-0.0538,No,0.5265,0.7515
O88572_S1490___1,-0.08621,No,0.459,0.6118
O88573_S524___1,-0.1905,No,0.2479,0.2621
O88622_S311___1,-0.03116,No,0.5734,0.8545
O88643_S204___1,0.03648,No,0.5615,0.8299
O88643_S144___1,0.131,No,0.3629,0.4406
O88665_S279___1,-0.1348,No,0.3547,0.4274
O88665_S265___1,0.8481,Yes,0.0001,0.0001
O88667_S26___1,-0.1299,No,0.3649,0.4444
O88667_S39___1,-0.185,No,0.2579,0.2762
O88685_S12___1,-0.002426,No,0.6306,0.9886
O88746_S472___1,-0.4444,Yes,0.0161,0.0089
O88746_S359___1,0.6824,Yes,0.0002,0.0001
O88746_S405___1,0.1733,No,0.2787,0.3077
O88746_S176___1,-0.1691,No,0.2862,0.3193
O88746_S180___1,-0.06777,No,0.4985,0.6899
O88792_S285___1,0.1156,No,0.3945,0.4961
O88792_S288___1,0.111,No,0.4043,0.5136
O88792_S297___1,0.1204,No,0.384,0.4785
O88796_S251___1,-0.3467,No,0.0575,0.0412
O88842_S442___1,-0.5339,Yes,0.0039,0.0017
O88842_S543___1,-0.5812,Yes,0.0016,0.0006
O88852_S51___1,0.3763,Yes,0.0405,0.0267
O88874_S325___1,-0.3325,No,0.0678,0.0503
O88874_S329___1,0.7173,Yes,0.0001,0.0001
O88878_S48___1,0.5112,Yes,0.0057,0.0026
O88895_S74___1,0.1447,No,0.3343,0.3943
O88907_S503___1,0.4373,Yes,0.0178,0.01
O88907_S485___1,0.05798,No,0.5193,0.7328
O88907_S488___1,0.7571,Yes,0.0001,0.0001
O88939_S331___1,0.678,Yes,0.0002,0.0001
O88939_S537___1,0.3316,No,0.0685,0.0509
O88939_S141___1,-0.2297,No,0.1835,0.1762
P57780_S160___1,-0.6954,Yes,0.0002,0.0001
O89026_S901___1,-0.2533,No,0.1497,0.1359
O89026_S1016___1,-0.3404,No,0.062,0.0451
O89032_S1029___1,0.4691,Yes,0.0111,0.0057
O89032_S1034___1,0.4639,Yes,0.0121,0.0063
O89032_S764___1,0.8134,Yes,0.0001,0.0001
O89032_S766___1,0.6037,Yes,0.0011,0.0004
O89032_S774___1,1.109,Yes,0.0001,0.0001
O89032_S420___1,0.9306,Yes,0.0001,0.0001
O89032_S1047___1,0.5875,Yes,0.0015,0.0005
O89032_S643___1,0.5014,Yes,0.0067,0.0032
O89032_S405___1,0.624,Yes,0.0007,0.0002
O89032_S993___1,0.5451,Yes,0.0032,0.0013
O89032_S812___1,0.9113,Yes,0.0001,0.0001
O89032_S592___1,0.7421,Yes,0.0001,0.0001
O89032_S596___1,1.114,Yes,0.0001,0.0001
O89032_S721___1,1.745,Yes,0.0001,0.0001
O89032_S661___1,0.8594,Yes,0.0001,0.0001
O89032_S566___1,0.7974,Yes,0.0001,0.0001
O89079_S13___1,0.01096,No,0.6145,0.9485
O89084_S333___1,0.05563,No,0.5238,0.7433
O89084_S60___1,-0.1118,No,0.4027,0.5104
O89086_S71___1,-0.1429,No,0.3381,0.4002
O89086_S133___1,0.506,Yes,0.0062,0.0029
O89086_S129___1,0.3063,No,0.0901,0.0714
O89090_S7___1,-0.7575,Yes,0.0001,0.0001
O89091_S205___1,0.08643,No,0.4585,0.6109
O89091_S248___1,0.3264,No,0.0726,0.0547
O89110_S213___1,0.4404,Yes,0.0171,0.0095
O89110_S188___1,-0.08661,No,0.4582,0.6101
P02340_S312___1,0.7215,Yes,0.0001,0.0001
P02469_S1666___1,0.2688,No,0.1303,0.1136
P04627_S255___1,-0.5729,Yes,0.0019,0.0007
P04627_S257___1,-0.2676,No,0.1318,0.1152
P04627_S157___1,0.02964,No,0.5771,0.8615
P04627_S162___1,-0.08214,No,0.4683,0.6287
P04627_S186___1,-0.67,Yes,0.0003,0.0001
P04627_S580___1,-0.214,No,0.2079,0.2077
P05064_S36___1,-0.4366,Yes,0.018,0.0102
P05064_S39___1,-0.2971,No,0.0992,0.0802
P05064_S46___1,-0.7174,Yes,0.0001,0.0001
P05132_S339___1,0.1665,No,0.2911,0.327
P05213_S439___1,0.2461,No,0.1597,0.1473
P05213_S340___1,-0.3634,Yes,0.0474,0.0324
P05213_S48___1,0.7933,Yes,0.0001,0.0001
P05480_S68___1,-0.1036,No,0.4208,0.542
P05480_S74___1,1.382,Yes,0.0001,0.0001
P05622_S854___1,-1.478,Yes,0.0001,0.0001
P05622_S996___1,0.06817,No,0.4976,0.6882
P05627_S63___1,0.5716,Yes,0.002,0.0008
P06795_S681___1,-0.2218,No,0.1956,0.1917
P06795_S669___1,-1.117,Yes,0.0001,0.0001
P06837_S142___1,-0.3984,Yes,0.0306,0.019
P07141_S530___1,-0.7633,Yes,0.0001,0.0001
P07141_S539___1,0.2735,No,0.1248,0.1073
P07356_S184___1,0.8559,Yes,0.0001,0.0001
P07356_S127___1,-0.2219,No,0.1953,0.1913
P07901_S231___1,-0.4967,Yes,0.0072,0.0035
P07901_S263___1,-0.3463,No,0.0579,0.0415
P07901_S642___1,-0.2336,No,0.1775,0.1691
P11499_S164___1,-0.3752,Yes,0.041,0.0272
P07901_S454___1,-0.1634,No,0.2975,0.3361
P08030_S15___1,0.1109,No,0.4045,0.5139
P08113_S42___1,-0.245,No,0.1613,0.1491
P08113_S447___1,0.1816,No,0.2639,0.2851
P08752_S62___1,-0.3573,No,0.051,0.0354
P08775_S1966___1,-0.3003,No,0.096,0.077
P08775_S1836___1,0.02187,No,0.5926,0.8976
P08775_S1913___1,-0.01425,No,0.6079,0.9331
P08775_S1917___1,-0.06723,No,0.4995,0.6922
P08775_S1920___1,-0.2727,No,0.1257,0.1084
P09242_S110___1,-0.7249,Yes,0.0001,0.0001
P09405_S616___1,0.06846,No,0.4972,0.6869
P09405_S460___1,0.3613,Yes,0.0486,0.0334
P09411_S203___1,-0.3251,No,0.0737,0.0556
P09450_S117___1,-0.5381,Yes,0.0036,0.0015
P09926_S93___1,0.1625,No,0.299,0.3386
P0C7T6_S359___1,-0.09277,No,0.4446,0.5849
P0C7T6_S282___1,-0.08597,No,0.4595,0.6128
P0CL69_S257___1,0.07366,No,0.4867,0.6645
P10107_S34___1,-0.1105,No,0.4053,0.5154
P10404_S639___1,-0.5443,Yes,0.0032,0.0014
P10518_S215___1,0.2038,No,0.2249,0.2301
P10711_S139___1,0.2967,No,0.0996,0.0807
P10711_S100___1,0.1765,No,0.2727,0.2988
P10833_S201___1,0.007681,No,0.6215,0.9639
Q8CGP1_S37___1,0.5144,Yes,0.0054,0.0025
Q8CGP1_S39___1,0.2051,No,0.2232,0.2273
Q8CGP1_S113___1,-0.5131,Yes,0.0055,0.0025
Q8CGP1_S79___1,-1.032,Yes,0.0001,0.0001
Q8CGP1_S56___1,-0.4635,Yes,0.0121,0.0064
P10923_S290___1,0.8877,Yes,0.0001,0.0001
P11031_S17___1,0.6703,Yes,0.0003,0.0001
P11031_S58___1,-0.1743,No,0.2767,0.3048
P11157_S20___1,3.224,Yes,0.0001,0.0001
P11276_S285___1,-0.4784,Yes,0.0096,0.0049
P11276_S2475___1,-1.344,Yes,0.0001,0.0001
P11276_S1382___1,-0.5921,Yes,0.0013,0.0005
P11352_S201___1,-0.09989,No,0.4288,0.5564
P11499_S226___1,0.1746,No,0.2763,0.3041
P11499_S255___1,0.3234,No,0.0752,0.0569
P11499_S445___1,0.3177,No,0.0799,0.0614
P11531_S3606___1,0.7537,Yes,0.0001,0.0001
P11688_S1051___1,-0.06737,No,0.4994,0.6916
P11983_S544___1,-0.4072,Yes,0.0273,0.0165
P11983_S551___1,0.07527,No,0.4832,0.6577
P12367_S96___1,-0.248,No,0.1571,0.1443
P12382_S775___1,0.8426,Yes,0.0001,0.0001
P13405_S31___1,0.2902,No,0.1063,0.0876
P13405_S243___1,0.6563,Yes,0.0004,0.0001
P13504_S547___1,0.2462,No,0.1596,0.1472
P13595_S946___1,-0.6281,Yes,0.0007,0.0002
P13595_S1005___1,-0.6367,Yes,0.0005,0.0002
P13595_S887___1,-1.412,Yes,0.0001,0.0001
P13864_S125___1,1.751,Yes,0.0001,0.0001
P13864_S717___1,1.471,Yes,0.0001,0.0001
P13864_S140___1,0.8237,Yes,0.0001,0.0001
P13864_S150___1,2.563,Yes,0.0001,0.0001
P14152_S241___1,-0.2699,No,0.1289,0.1121
P14206_S43___1,0.2952,No,0.1011,0.0822
P14602_S86___1,0.3613,Yes,0.0486,0.0334
P14602_S13___1,0.4565,Yes,0.0135,0.0072
P14602_S15___1,0.8145,Yes,0.0001,0.0001
P14733_S14___1,-0.8271,Yes,0.0001,0.0001
P14733_S17___1,-0.3092,No,0.0874,0.0687
P14733_S24___1,1.586,Yes,0.0001,0.0001
P14733_S29___1,-0.6478,Yes,0.0004,0.0001
P14733_S201___1,-0.113,No,0.4005,0.5058
P14733_S233___1,-0.3054,No,0.0911,0.0722
P14733_S392___1,1.003,Yes,0.0001,0.0001
P14733_S394___1,1.02,Yes,0.0001,0.0001
P14733_S396___1,-0.5597,Yes,0.0025,0.001
P14733_S405___1,-0.2019,No,0.2285,0.2346
P14869_S304___1,0.1614,No,0.3014,0.3421
P14869_S307___1,0.9893,Yes,0.0001,0.0001
P14873_S1384___1,-0.2979,No,0.0985,0.0795
P14873_S1141___1,0.3423,No,0.0606,0.0439
P14873_S1151___1,-0.1027,No,0.4227,0.5453
P14873_S561___1,-0.14,No,0.3441,0.4098
P14873_S1793___1,0.2041,No,0.2246,0.2295
P14873_S1815___1,0.1276,No,0.3691,0.4526
P14873_S614___1,0.3693,Yes,0.0441,0.0297
P14873_S2207___1,-0.771,Yes,0.0001,0.0001
P14873_S967___1,-0.3782,Yes,0.0396,0.026
P14873_S343___1,-0.408,Yes,0.027,0.0163
P14873_S1497___1,-0.1795,No,0.2676,0.2906
P14873_S1260___1,0.3611,Yes,0.0487,0.0335
P14873_S1438___1,0.01663,No,0.6037,0.922
P14873_S1422___1,-0.09887,No,0.4308,0.5605
P14873_S1781___1,0.1477,No,0.3282,0.3846
P14873_S1649___1,-0.6543,Yes,0.0004,0.0001
P14873_S2267___1,0.2492,No,0.1553,0.1423
P14873_S2030___1,0.7532,Yes,0.0001,0.0001
P14873_S1293___1,-0.4618,Yes,0.0124,0.0066
P14873_S1307___1,0.8317,Yes,0.0001,0.0001
P14873_S1911___1,0.24,No,0.1682,0.1577
P14873_S1395___1,-0.1443,No,0.3352,0.3957
P14873_S1775___1,-0.01558,No,0.6054,0.9269
P14901_S242___1,0.335,No,0.0659,0.0486
P15066_S249___1,-0.1013,No,0.4257,0.5508
P15208_S1340___1,-0.1842,No,0.2592,0.2781
P15261_S402___1,0.04628,No,0.5425,0.7852
P15306_S559___1,-0.1945,No,0.2407,0.2521
P15532_S120___1,0.57,Yes,0.002,0.0008
P15864_S36___1,-0.3917,Yes,0.0334,0.0211
P15920_S695___1,0.393,Yes,0.0328,0.0207
P15975_S605___1,-0.6503,Yes,0.0004,0.0001
P15975_S414___1,0.2248,No,0.191,0.1857
P15975_S490___1,2.829,Yes,0.0001,0.0001
P16054_S368___1,-0.5398,Yes,0.0035,0.0015
P16054_S729___1,0.09952,No,0.4295,0.5579
P16054_S329___1,-0.5184,Yes,0.005,0.0023
P16054_S337___1,-0.06759,No,0.4989,0.6907
P16056_S988___1,-0.2897,No,0.1068,0.0881
P16858_S208___1,-0.4291,Yes,0.02,0.0115
P17095_S102___1,-0.6086,Yes,0.001,0.0003
P17095_S103___1,-0.5992,Yes,0.0012,0.0004
P17095_S2___1,-0.7027,Yes,0.0001,0.0001
P17095_S6___1,-0.6858,Yes,0.0002,0.0001
P17095_S9___1,-0.5661,Yes,0.0022,0.0009
P17141_S590___1,-1.002,Yes,0.0001,0.0001
P17182_S40___1,-0.4948,Yes,0.0074,0.0036
P17182_S63___1,-0.3714,Yes,0.043,0.0288
P17182_S427___1,0.03339,No,0.5682,0.8441
P17225_S16___1,0.06299,No,0.5091,0.7108
P17225_S472___1,-0.9223,Yes,0.0001,0.0001
P17751_S212___1,-0.2107,No,0.2131,0.2147
P18581_S621___1,0.1198,No,0.3853,0.4805
P18581_S645___1,-0.2998,No,0.0965,0.0775
P18608_S7___1,-1.038,Yes,0.0001,0.0001
P18608_S84___1,-0.5999,Yes,0.0011,0.0004
P18653_S221___1,-0.1889,No,0.251,0.266
P18654_S227___1,-0.1866,No,0.2549,0.2719
P18654_S715___1,-0.4487,Yes,0.0151,0.0082
P18654_S369___1,-0.2858,No,0.1107,0.0924
P18760_S3___1,-0.1345,No,0.3556,0.4285
P18760_S156___1,-0.04482,No,0.5453,0.7919
P18762_S246___1,0.1,No,0.4285,0.5559
P18762_S416___1,-0.5831,Yes,0.0016,0.0006
P19096_S725___1,0.5212,Yes,0.0048,0.0022
P19182_S20___1,-2.027,Yes,0.0001,0.0001
P19783_S26___1,0.1979,No,0.2349,0.244
P20029_S650___1,-0.3267,No,0.0724,0.0544
P20152_S459___1,1.305,Yes,0.0001,0.0001
P20152_S201___1,0.2088,No,0.2165,0.2189
P20152_S205___1,0.1291,No,0.3664,0.4473
P20152_S214___1,0.05219,No,0.5297,0.7586
P20152_S430___1,-0.3338,No,0.0668,0.0494
P20152_S438___1,0.1868,No,0.2547,0.2715
P20152_S299___1,0.2354,No,0.1747,0.1657
P20152_S144___1,0.6041,Yes,0.0011,0.0004
P20152_S412___1,0.9544,Yes,0.0001,0.0001
P20152_S419___1,0.4828,Yes,0.009,0.0045
P20152_S83___1,0.4571,Yes,0.0134,0.0071
P20152_S72___1,0.05887,No,0.5175,0.7289
P20152_S73___1,0.3271,No,0.072,0.0542
P20152_S18___1,0.3119,No,0.0849,0.0663
P20152_S21___1,-0.302,No,0.0943,0.0754
P20152_S22___1,-0.03681,No,0.5608,0.8284
P20152_S26___1,0.07974,No,0.4733,0.6387
P20152_S29___1,0.494,Yes,0.0075,0.0036
P20152_S34___1,0.8628,Yes,0.0001,0.0001
P20152_S278___1,-0.2479,No,0.1572,0.1445
P20152_S325___1,-0.6594,Yes,0.0003,0.0001
P20152_S339___1,-0.05956,No,0.5159,0.7258
P20152_S55___1,1.69,Yes,0.0001,0.0001
P20152_S56___1,1.885,Yes,0.0001,0.0001
P20152_S65___1,-0.8598,Yes,0.0001,0.0001
P20152_S66___1,0.2714,No,0.1272,0.11
P20152_S39___1,-0.2308,No,0.1818,0.1743
P20152_S42___1,1.312,Yes,0.0001,0.0001
P20152_S47___1,-0.1024,No,0.4232,0.5465
P20357_S1783___1,0.3084,No,0.0882,0.0694
P20357_S1560___1,0.151,No,0.3218,0.3741
P20444_S319___1,0.6647,Yes,0.0003,0.0001
P21619_S401___1,0.1202,No,0.3845,0.4792
P21619_S403___1,0.1412,No,0.3416,0.4058
P21619_S427___1,1.391,Yes,0.0001,0.0001
P21619_S383___1,1.003,Yes,0.0001,0.0001
P21619_S385___1,1.02,Yes,0.0001,0.0001
P21619_S387___1,-0.5597,Yes,0.0025,0.001
P21981_S216___1,0.5119,Yes,0.0056,0.0026
P22518_S137___1,0.04108,No,0.5527,0.8089
P22518_S139___1,0.04108,No,0.5527,0.8089
P22682_S692___1,0.3108,No,0.086,0.0673
P22682_S722___1,-0.281,No,0.116,0.0981
P23116_S1149___1,0.7851,Yes,0.0001,0.0001
P23116_S1028___1,0.6764,Yes,0.0002,0.0001
P23116_S1008___1,0.5826,Yes,0.0016,0.0006
P23116_S988___1,0.5403,Yes,0.0035,0.0015
P23198_S176___1,0.2939,No,0.1026,0.0836
P23198_S95___1,-0.03851,No,0.5574,0.8206
P23242_S364___1,1.151,Yes,0.0001,0.0001
P23242_S365___1,0.9807,Yes,0.0001,0.0001
P23242_S296___1,0.7785,Yes,0.0001,0.0001
P23242_S297___1,0.7663,Yes,0.0001,0.0001
P23242_S328___1,1.021,Yes,0.0001,0.0001
P23242_S306___1,1.036,Yes,0.0001,0.0001
P23242_S314___1,1.127,Yes,0.0001,0.0001
P23242_S273___1,1.104,Yes,0.0001,0.0001
P23249_S970___1,1.213,Yes,0.0001,0.0001
P23249_S266___1,0.1551,No,0.3138,0.3611
P23881_S113___1,0.5729,Yes,0.0019,0.0007
P23881_S139___1,0.759,Yes,0.0001,0.0001
P23927_S19___1,0.9111,Yes,0.0001,0.0001
P23949_S125___1,-0.5843,Yes,0.0015,0.0006
P23949_S127___1,-0.4926,Yes,0.0077,0.0037
P23949_S480___1,0.4994,Yes,0.0069,0.0033
P23950_S192___1,0.6477,Yes,0.0004,0.0001
P23950_S92___1,0.1299,No,0.3649,0.4444
P23950_S54___1,0.5945,Yes,0.0013,0.0005
P24668_S268___1,0.189,No,0.2509,0.2658
P24788_S578___1,0.1019,No,0.4244,0.5484
P24788_S65___1,0.2124,No,0.2105,0.2111
P24788_S47___1,0.1763,No,0.2729,0.2993
P24788_S234___1,-0.1147,No,0.3967,0.4996
P25206_S672___1,0.2229,No,0.1938,0.1895
P25233_S88___1,0.8175,Yes,0.0001,0.0001
P25233_S321___1,0.7786,Yes,0.0001,0.0001
P25444_S264___1,0.4502,Yes,0.0147,0.008
P25446_S220___1,-0.8242,Yes,0.0001,0.0001
P25976_S546___1,-0.2363,No,0.1734,0.1642
P25976_S433___1,-0.381,Yes,0.0382,0.0249
P26039_S1637___1,-1.169,Yes,0.0001,0.0001
P26039_S2162___1,-0.4089,Yes,0.0267,0.0161
P26039_S1328___1,-0.7305,Yes,0.0001,0.0001
P26039_S1201___1,-0.2653,No,0.1344,0.1183
P26039_S425___1,1.074,Yes,0.0001,0.0001
P26039_S1679___1,-0.01106,No,0.6144,0.9481
P26039_S1130___1,-0.854,Yes,0.0001,0.0001
P26039_S883___1,-0.9171,Yes,0.0001,0.0001
P26039_S1271___1,-0.2761,No,0.1217,0.104
P26039_S1225___1,-0.06946,No,0.4952,0.6826
P26039_S446___1,-0.1801,No,0.2666,0.289
P26039_S2040___1,-0.5292,Yes,0.0042,0.0018
P26039_S729___1,-0.4204,Yes,0.0227,0.0133
P26040_S149___1,-0.148,No,0.3276,0.3837
P26040_S535___1,0.3879,Yes,0.0351,0.0224
P26040_S539___1,0.404,Yes,0.0284,0.0174
P26041_S384___1,-0.8111,Yes,0.0001,0.0001
P26041_S576___1,-0.09756,No,0.4336,0.5657
P26041_S74___1,-0.2192,No,0.1993,0.1968
P26041_S468___1,-0.01645,No,0.6041,0.9229
P26187_S199___1,0.7424,Yes,0.0001,0.0001
P26231_S641___1,-0.4195,Yes,0.023,0.0135
P26231_S652___1,0.4702,Yes,0.011,0.0056
P26231_S655___1,-0.2244,No,0.1916,0.1864
P26323_S39___1,-0.6136,Yes,0.0009,0.0003
P26323_S79___1,-0.6136,Yes,0.0009,0.0003
P26369_S79___1,-0.1297,No,0.3653,0.4452
P26369_S2___1,-0.4216,Yes,0.0223,0.0131
P26443_S128___1,-0.3911,Yes,0.0337,0.0213
P26443_S153___1,-0.1573,No,0.3094,0.3545
P26443_S450___1,-0.2921,No,0.1044,0.0855
P26618_S767___1,0.02593,No,0.585,0.8787
P26645_S138___1,-0.2509,No,0.1528,0.1396
P26645_S140___1,-0.1718,No,0.2812,0.3118
P26645_S141___1,-0.419,Yes,0.0231,0.0136
P26645_S113___1,-0.5486,Yes,0.003,0.0012
P26645_S156___1,-0.5804,Yes,0.0017,0.0006
P26645_S27___1,1.344,Yes,0.0001,0.0001
P26645_S163___1,-0.29,No,0.1065,0.0878
P26645_S46___1,0.1074,No,0.4119,0.5271
P26687_S68___1,-0.08821,No,0.4546,0.6035
P27046_S82___1,0.6984,Yes,0.0001,0.0001
P27577_S251___1,-0.4514,Yes,0.0145,0.0079
P27659_S13___1,0.4577,Yes,0.0132,0.0071
P27661_S140___1,0.3456,No,0.0582,0.0419
P27773_S126___1,-0.2554,No,0.1471,0.1327
P28028_S454___1,-0.3477,No,0.0569,0.0407
P28028_S135___1,0.1275,No,0.3692,0.4528
P28028_S483___1,0.09104,No,0.4487,0.5919
P28028_S766___1,0.1939,No,0.2418,0.2536
P28028_S348___1,0.4086,Yes,0.0268,0.0162
P28229_S326___1,-0.5146,Yes,0.0054,0.0024
P28352_S18___1,-0.6286,Yes,0.0006,0.0002
P28667_S151___1,-0.2412,No,0.1665,0.1555
P28667_S36___1,0.3603,Yes,0.0492,0.0339
P28667_S117___1,-0.5674,Yes,0.0021,0.0008
P28667_S119___1,-0.5037,Yes,0.0064,0.003
P28667_S120___1,0.3346,No,0.0661,0.0488
P28667_S132___1,0.1693,No,0.286,0.3189
P28667_S135___1,0.09495,No,0.4396,0.5761
P28667_S22___1,1.911,Yes,0.0001,0.0001
P28667_S104___1,0.0467,No,0.5415,0.7834
P28700_S22___1,0.2237,No,0.1926,0.1879
P28740_S206___1,0.2187,No,0.2001,0.1978
P28741_S689___1,0.0377,No,0.5585,0.8243
P28862_S129___1,0.007298,No,0.6222,0.9657
P28862_S132___1,0.4101,Yes,0.0263,0.0158
P28867_S298___1,-0.4309,Yes,0.0195,0.0112
P28867_S299___1,-0.2618,No,0.1387,0.1233
P29341_S51___1,-0.6045,Yes,0.001,0.0004
P29533_S166___1,-1.434,Yes,0.0001,0.0001
P30276_S397___1,1.981,Yes,0.0001,0.0001
P30280_S271___1,2.334,Yes,0.0001,0.0001
P30282_S264___1,2.424,Yes,0.0001,0.0001
P30285_S300___1,1.516,Yes,0.0001,0.0001
P30415_S379___1,-0.09418,No,0.4415,0.5792
P30415_S243___1,0.02959,No,0.5772,0.8617
P30415_S390___1,0.1324,No,0.3597,0.4356
P30415_S468___1,-0.12,No,0.3849,0.4799
P30415_S470___1,-0.06183,No,0.5112,0.7158
P30415_S255___1,-0.07077,No,0.4927,0.6769
P30415_S1195___1,0.2811,No,0.116,0.098
P30558_S423___1,0.2414,No,0.1662,0.1552
P30999_S899___1,0.3714,Yes,0.043,0.0288
P31230_S99___1,0.4176,Yes,0.0236,0.0139
P31230_S138___1,0.3274,No,0.0717,0.0539
P31324_S83___1,-0.4715,Yes,0.0108,0.0055
P31324_S85___1,-0.1905,No,0.2479,0.2621
P31324_S112___1,-0.3221,No,0.0762,0.0579
P31750_S124___1,-0.4351,Yes,0.0184,0.0104
P31938_S25___1,-0.2631,No,0.1373,0.1214
Q63932_S226___1,-0.07338,No,0.4874,0.6657
P33174_S1224___1,1.515,Yes,0.0001,0.0001
P33174_S1230___1,1.174,Yes,0.0001,0.0001
P33174_S952___1,0.4115,Yes,0.0257,0.0154
P33215_S379___1,0.1751,No,0.2752,0.3025
P33609_S215___1,0.1855,No,0.2568,0.2747
P33611_S147___1,0.6164,Yes,0.0008,0.0003
P33611_S152___1,1.189,Yes,0.0001,0.0001
P33611_S126___1,-0.2539,No,0.149,0.1349
P34022_S60___1,-0.005547,No,0.6253,0.9739
P34152_S910___1,0.008174,No,0.6202,0.9616
P34152_S722___1,-0.4694,Yes,0.0111,0.0057
P34152_S390___1,-0.2399,No,0.1683,0.1579
P34971_S417___1,0.03232,No,0.5706,0.8491
P34971_S274___1,-0.1931,No,0.2433,0.2557
P35283_S105___1,-0.02072,No,0.5953,0.9029
P35283_S15___1,1.059,Yes,0.0001,0.0001
P35283_S20___1,0.4795,Yes,0.0095,0.0048
P35288_S187___1,-0.571,Yes,0.002,0.0008
P35293_S144___1,1.524,Yes,0.0001,0.0001
P35363_S298___1,0.2138,No,0.2082,0.2081
P35383_S329___1,-0.8538,Yes,0.0001,0.0001
P35486_S232___1,-1.631,Yes,0.0001,0.0001
P35486_S293___1,0.09311,No,0.4439,0.5836
P35486_S300___1,-0.5923,Yes,0.0013,0.0005
P35505_S417___1,-0.1633,No,0.2976,0.3364
P35550_S132___1,0.006768,No,0.623,0.9682
P35564_S582___1,0.7376,Yes,0.0001,0.0001
P35564_S563___1,0.2858,No,0.1107,0.0925
P35569_S325___1,-1.56,Yes,0.0001,0.0001
P35569_S336___1,-0.3641,Yes,0.0471,0.0321
P35569_S343___1,-0.1403,No,0.3435,0.4087
P35569_S1097___1,-1.207,Yes,0.0001,0.0001
P35569_S632___1,0.1475,No,0.3286,0.3852
P35569_S857___1,-0.7137,Yes,0.0001,0.0001
P35569_S369___1,-0.9427,Yes,0.0001,0.0001
P35569_S765___1,-0.1764,No,0.2728,0.2991
P35569_S265___1,-0.8236,Yes,0.0001,0.0001
P35569_S887___1,-0.2887,No,0.1078,0.0892
P35569_S318___1,-0.2809,No,0.1161,0.0982
P35583_S438___1,0.09236,No,0.4457,0.5866
P35639_S81___1,-0.587,Yes,0.0015,0.0005
P35689_S572___1,1.264,Yes,0.0001,0.0001
P35689_S704___1,0.2511,No,0.1527,0.1394
P35689_S705___1,0.3826,Yes,0.0374,0.0243
P35689_S341___1,-0.02521,No,0.5862,0.882
P35689_S384___1,-0.1151,No,0.3956,0.4979
P35802_S267___1,0.3351,No,0.0659,0.0485
P35802_S270___1,-0.01314,No,0.6104,0.9383
P35821_S50___1,0.6782,Yes,0.0002,0.0001
P35822_S868___1,-0.6594,Yes,0.0003,0.0001
P35831_S734___1,-0.09206,No,0.4465,0.5878
P35831_S331___1,-0.161,No,0.3022,0.3432
P35831_S434___1,-0.003325,No,0.6294,0.9844
P35831_S673___1,-0.1769,No,0.272,0.2977
P35831_S19___1,0.1258,No,0.3728,0.4588
P35831_S396___1,0.7912,Yes,0.0001,0.0001
P35917_S953___1,0.2432,No,0.1639,0.1522
P35917_S1296___1,0.4128,Yes,0.0253,0.0151
P35979_S38___1,1.608,Yes,0.0001,0.0001
P35980_S130___1,0.08393,No,0.4646,0.6212
P36916_S324___1,0.06297,No,0.5091,0.7109
P36916_S51___1,0.272,No,0.1266,0.1093
P37172_S226___1,0.1042,No,0.4194,0.5396
P37804_S181___1,-0.1287,No,0.367,0.4486
P37804_S186___1,-0.3195,No,0.0784,0.0599
P37889_S415___1,-0.2718,No,0.1267,0.1095
P37889_S574___1,-0.2853,No,0.1112,0.093
P37913_S911___1,0.5302,Yes,0.0041,0.0018
P37913_S51___1,1.603,Yes,0.0001,0.0001
P38647_S148___1,-0.0184,No,0.5997,0.9137
P39447_S1614___1,-0.4428,Yes,0.0164,0.0091
P39447_S1616___1,-0.1686,No,0.2873,0.3209
P39447_S1115___1,-0.6228,Yes,0.0007,0.0002
P39447_S1123___1,0.1689,No,0.2866,0.3199
P39447_S212___1,0.162,No,0.3002,0.3402
P39447_S1138___1,-0.1039,No,0.4202,0.5409
P39447_S1567___1,-0.2281,No,0.1859,0.1793
P39447_S1411___1,1.818,Yes,0.0001,0.0001
P39447_S912___1,-0.3801,Yes,0.0386,0.0252
P39447_S617___1,0.3039,No,0.0924,0.0735
P39447_S125___1,-0.09256,No,0.4452,0.5858
P39447_S131___1,-0.3797,Yes,0.0388,0.0254
P39447_S1051___1,0.5781,Yes,0.0017,0.0007
P39447_S178___1,-0.045,No,0.5451,0.7911
P39688_S21___1,-0.2974,No,0.099,0.08
P39688_S26___1,-0.08833,No,0.4545,0.6031
P40201_S1678___1,0.2432,No,0.1639,0.1522
P40201_S1684___1,0.1442,No,0.3353,0.3959
P40201_S1619___1,0.2342,No,0.1768,0.1679
P40201_S1079___1,0.09365,No,0.4429,0.5814
P40201_S1083___1,0.4713,Yes,0.0108,0.0055
P40201_S1088___1,0.1278,No,0.3686,0.4517
P40201_S1094___1,0.1801,No,0.2666,0.2891
P40201_S1690___1,0.04848,No,0.5376,0.7753
P40336_S315___1,-0.2196,No,0.1989,0.1961
P40338_S7___1,0.03595,No,0.5623,0.8324
P40694_S800___1,0.3324,No,0.0678,0.0504
P41105_S68___1,0.826,Yes,0.0001,0.0001
P41183_S405___1,0.232,No,0.18,0.172
P41183_S334___1,0.3573,No,0.051,0.0354
P42128_S431___1,1.058,Yes,0.0001,0.0001
P42128_S87___1,1.219,Yes,0.0001,0.0001
P42128_S406___1,0.8792,Yes,0.0001,0.0001
P42128_S243___1,2.111,Yes,0.0001,0.0001
P42208_S218___1,-0.4389,Yes,0.0174,0.0098
P42208_S352___1,-0.6566,Yes,0.0004,0.0001
P42225_S727___1,0.8357,Yes,0.0001,0.0001
P42227_S727___1,0.2888,No,0.1077,0.0891
P42230_S128___1,-0.03217,No,0.5709,0.8498
P42230_S779___1,-0.1931,No,0.2432,0.2555
P42232_S128___1,-0.1202,No,0.3845,0.4791
P42669_S255___1,-0.2696,No,0.1292,0.1124
P42859_S411___1,0.3576,No,0.0508,0.0352
P42859_S1853___1,0.3152,No,0.0821,0.0635
P42932_S23___1,-0.1378,No,0.3486,0.4173
P42932_S317___1,0.1686,No,0.2873,0.3209
P43136_S41___1,0.7571,Yes,0.0001,0.0001
P43136_S143___1,0.08759,No,0.4561,0.6061
P43247_S921___1,0.188,No,0.2525,0.2683
P43274_S2___1,0.01062,No,0.6151,0.9501
P43346_S11___1,1.124,Yes,0.0001,0.0001
P43406_S1042___1,-0.3721,Yes,0.0427,0.0285
P45481_S1077___1,0.1721,No,0.2806,0.3109
P45481_S1764___1,-0.1649,No,0.2943,0.3317
P45591_S3___1,-0.5478,Yes,0.003,0.0013
P46061_S430___1,-0.238,No,0.1711,0.1612
P46062_S72___1,-0.3648,Yes,0.0466,0.0317
P46062_S309___1,-0.2924,No,0.1041,0.0852
P46062_S53___1,0.4284,Yes,0.0202,0.0117
P46062_S65___1,-0.0488,No,0.537,0.7739
P46062_S903___1,-0.4259,Yes,0.021,0.0122
P46062_S907___1,-0.4086,Yes,0.0268,0.0161
P46414_S178___1,-0.572,Yes,0.002,0.0008
P46414_S12___1,-0.8556,Yes,0.0001,0.0001
P46460_S739___1,-0.2588,No,0.143,0.1276
P46460_S207___1,-0.1392,No,0.3458,0.4126
P46467_S102___1,-0.1484,No,0.3268,0.3822
P46638_S78___1,0.4174,Yes,0.0237,0.014
P46656_S67___1,0.5568,Yes,0.0026,0.001
P46664_S25___1,0.2194,No,0.1991,0.1964
P46694_S18___1,1.638,Yes,0.0001,0.0001
P46694_S31___1,1.05,Yes,0.0001,0.0001
P46935_S543___1,-0.3468,No,0.0575,0.0411
P46935_S456___1,-0.4041,Yes,0.0284,0.0174
P46935_S309___1,0.6533,Yes,0.0004,0.0001
P46938_S94___1,0.2542,No,0.1487,0.1345
P46938_S274___1,-0.1118,No,0.4026,0.5103
P46938_S352___1,-0.1917,No,0.2458,0.2591
P46938_S367___1,0.3239,No,0.0748,0.0566
P46938_S404___1,0.2156,No,0.2053,0.2044
P46938_S415___1,-0.292,No,0.1044,0.0856
P47713_S726___1,-0.4047,Yes,0.0282,0.0172
P47713_S728___1,-0.3227,No,0.0757,0.0574
P47713_S515___1,0.1006,No,0.4274,0.5536
P47713_S437___1,0.1186,No,0.3879,0.4849
P47754_S9___1,0.00401,No,0.6281,0.9812
P47757_S263___1,-0.1709,No,0.2829,0.3144
P47758_S255___1,0.2195,No,0.1989,0.1962
P47809_S88___1,-0.04474,No,0.5454,0.7922
P47810_S150___1,1.695,Yes,0.0001,0.0001
P47857_S377___1,0.1395,No,0.3451,0.4114
P47915_S138___1,0.7804,Yes,0.0001,0.0001
P47915_S66___1,0.8953,Yes,0.0001,0.0001
P47930_S120___1,-0.5268,Yes,0.0044,0.0019
P47930_S19___1,0.2223,No,0.1948,0.1907
P47930_S230___1,-0.9621,Yes,0.0001,0.0001
P47930_S200___1,-0.6515,Yes,0.0004,0.0001
P47930_S320___1,0.1503,No,0.3231,0.3762
P47955_S101___1,0.3701,Yes,0.0437,0.0293
P47955_S104___1,0.5349,Yes,0.0038,0.0016
P47963_S4___1,0.9742,Yes,0.0001,0.0001
P47963_S106___1,0.8634,Yes,0.0001,0.0001
P48678_S617___1,-0.6713,Yes,0.0003,0.0001
P48678_S12___1,-0.5602,Yes,0.0024,0.001
P48678_S17___1,-0.4502,Yes,0.0147,0.008
P48678_S22___1,0.9398,Yes,0.0001,0.0001
P48678_S573___1,-0.8668,Yes,0.0001,0.0001
P48678_S575___1,-0.2351,No,0.1753,0.1664
P48678_S301___1,-0.2186,No,0.2003,0.1981
P48678_S66___1,-0.07733,No,0.4788,0.6489
P48678_S94___1,-0.7078,Yes,0.0001,0.0001
P48678_S277___1,-0.3624,Yes,0.048,0.0329
P48678_S282___1,-0.7434,Yes,0.0001,0.0001
P48678_S429___1,0.1214,No,0.3819,0.4749
P48678_S390___1,-0.005569,No,0.6253,0.9738
P48678_S392___1,0.7935,Yes,0.0001,0.0001
P48678_S395___1,-0.4236,Yes,0.0217,0.0126
P48678_S107___1,-0.243,No,0.1641,0.1525
P48678_S458___1,-0.6432,Yes,0.0005,0.0002
P48678_S463___1,-0.5353,Yes,0.0038,0.0016
P48678_S398___1,-0.08613,No,0.4591,0.6121
P48678_S546___1,0.04231,No,0.5502,0.8033
P48678_S212___1,-0.1486,No,0.3265,0.3817
P48678_S629___1,0.04825,No,0.538,0.7763
P48678_S633___1,-0.5559,Yes,0.0026,0.0011
P48678_S637___1,-0.4208,Yes,0.0226,0.0132
P48678_S533___1,-0.6941,Yes,0.0002,0.0001
P48678_S51___1,-0.288,No,0.1086,0.09
P48722_S74___1,-0.006089,No,0.6243,0.9714
P48725_S1437___1,0.3052,No,0.0912,0.0723
P48725_S2820___1,0.3672,Yes,0.0453,0.0306
P48754_S706___1,1.827,Yes,0.0001,0.0001
P48754_S717___1,1.978,Yes,0.0001,0.0001
P48754_S1422___1,-0.4904,Yes,0.008,0.0039
P48754_S967___1,2.385,Yes,0.0001,0.0001
P48754_S686___1,1.207,Yes,0.0001,0.0001
P48755_S101___1,1.315,Yes,0.0001,0.0001
P48758_S30___1,-0.07767,No,0.478,0.6475
P48962_S149___1,0.1955,No,0.2393,0.2498
P48962_S150___1,0.247,No,0.1585,0.1458
P48997_S268___1,-0.4738,Yes,0.0104,0.0053
P48997_S283___1,0.08256,No,0.4674,0.6269
P49025_S1999___1,1.383,Yes,0.0001,0.0001
P49025_S2021___1,0.2192,No,0.1993,0.1968
P49025_S698___1,1.051,Yes,0.0001,0.0001
P49025_S581___1,1.304,Yes,0.0001,0.0001
P49070_S53___1,0.3573,No,0.051,0.0354
P49070_S55___1,0.2978,No,0.0986,0.0796
P49070_S88___1,0.3575,No,0.0509,0.0353
P49117_S219___1,-0.717,Yes,0.0001,0.0001
P49117_S19___1,-0.03592,No,0.5623,0.8325
P49135_S34___1,-0.1793,No,0.2678,0.2911
P49138_S5___1,0.2332,No,0.1781,0.1697
P49282_S567___1,0.006803,No,0.623,0.9681
P49312_S285___1,0.09774,No,0.4332,0.565
P49312_S286___1,0.2782,No,0.1192,0.1014
P49312_S312___1,-0.06292,No,0.5092,0.711
P49312_S316___1,0.01449,No,0.6074,0.932
P49312_S6___1,-0.5988,Yes,0.0012,0.0004
P49443_S375___1,-0.05294,No,0.5282,0.7553
P49443_S377___1,0.04,No,0.5546,0.8138
P49452_S699___1,1.289,Yes,0.0001,0.0001
P49452_S158___1,0.7233,Yes,0.0001,0.0001
P49586_S362___1,-0.2636,No,0.1365,0.1206
P49586_S331___1,-0.5738,Yes,0.0019,0.0007
P49586_S343___1,-0.3799,Yes,0.0387,0.0253
P49586_S347___1,1.463,Yes,0.0001,0.0001
P49717_S130___1,1.055,Yes,0.0001,0.0001
P49717_S119___1,3.848,Yes,0.0001,0.0001
P49717_S32___1,0.1843,No,0.2591,0.278
P49718_S315___1,-0.6087,Yes,0.001,0.0003
P49769_S365___1,0.1362,No,0.3518,0.4225
P49769_S367___1,-0.1376,No,0.349,0.418
P49769_S371___1,-0.11,No,0.4066,0.5172
P49769_S329___1,-0.2218,No,0.1956,0.1917
P49769_S346___1,0.1298,No,0.365,0.4446
P49769_S57___1,0.02291,No,0.5902,0.8927
P49817_S9___1,-0.3956,Yes,0.0316,0.0198
P50136_S334___1,-0.4462,Yes,0.0156,0.0086
P50171_S58___1,-0.9734,Yes,0.0001,0.0001
P50285_S403___1,-1.265,Yes,0.0001,0.0001
P50580_S375___1,-0.2326,No,0.179,0.1708
P50580_S383___1,0.2869,No,0.1095,0.0911
P50636_S274___1,0.2432,No,0.1639,0.1522
P50636_S66___1,-0.06456,No,0.5056,0.7039
P50636_S284___1,-0.4142,Yes,0.0248,0.0147
P51125_S165___1,-0.07094,No,0.4924,0.6762
P51125_S518___1,0.9802,Yes,0.0001,0.0001
P51125_S81___1,-0.1554,No,0.3133,0.3603
P51141_S194___1,0.1703,No,0.2839,0.3159
P51141_S679___1,-0.6031,Yes,0.0011,0.0004
P51141_S93___1,-0.7162,Yes,0.0001,0.0001
P51150_S72___1,-0.05359,No,0.5271,0.7524
P51432_S1009___1,0.01199,No,0.6127,0.9437
P51432_S537___1,0.2246,No,0.1913,0.1861
P51480_S164___1,0.4432,Yes,0.0163,0.0091
P51612_S93___1,-1.087,Yes,0.0001,0.0001
P51660_S308___1,0.5013,Yes,0.0067,0.0032
P51830_S613___1,-0.27,No,0.1289,0.1119
P51859_S165___1,-0.6662,Yes,0.0003,0.0001
P51859_S236___1,-0.5963,Yes,0.0012,0.0004
P51912_S506___1,0.2286,No,0.1851,0.1783
P51912_S551___1,0.1119,No,0.4025,0.5101
P51949_S279___1,-0.2499,No,0.1542,0.1412
P51954_S1071___1,-0.1527,No,0.3183,0.3688
P51954_S750___1,0.003705,No,0.6287,0.9826
P52293_S55___1,1.32,Yes,0.0001,0.0001
P52293_S62___1,2.413,Yes,0.0001,0.0001
P52332_S568___1,0.5704,Yes,0.002,0.0008
P52332_S228___1,0.7196,Yes,0.0001,0.0001
P52479_S359___1,1.9,Yes,0.0001,0.0001
P52479_S208___1,0.1922,No,0.245,0.2579
P52480_S434___1,-0.3568,No,0.0513,0.0357
P52480_S519___1,-0.4917,Yes,0.0078,0.0038
P52480_S77___1,-0.2175,No,0.2023,0.2004
P52592_S330___1,-0.4721,Yes,0.0106,0.0054
P52734_S135___1,-0.5526,Yes,0.0028,0.0011
P52734_S364___1,0.2517,No,0.152,0.1384
P52734_S82___1,-0.6436,Yes,0.0005,0.0002
P52795_S280___1,-0.1541,No,0.3156,0.3643
P52795_S282___1,-0.1399,No,0.3443,0.4103
P52800_S287___1,-0.03228,No,0.5706,0.8493
P52927_S14___1,-1.107,Yes,0.0001,0.0001
P52927_S100___1,-0.946,Yes,0.0001,0.0001
P52927_S104___1,-0.8084,Yes,0.0001,0.0001
P52927_S44___1,0.4948,Yes,0.0074,0.0036
P52963_S389___1,-0.157,No,0.3099,0.3553
P52963_S393___1,-0.3568,No,0.0513,0.0357
P52963_S304___1,-0.3742,Yes,0.0415,0.0276
P52963_S448___1,-0.4713,Yes,0.0108,0.0055
P52963_S433___1,-0.5635,Yes,0.0023,0.0009
P52963_S543___1,-0.3062,No,0.0902,0.0715
P52963_S511___1,-0.3886,Yes,0.0347,0.0221
P53349_S518___1,0.595,Yes,0.0013,0.0005
P53349_S142___1,0.4489,Yes,0.015,0.0082
P53349_S999___1,0.3201,No,0.0779,0.0595
P53349_S287___1,0.08326,No,0.4661,0.624
P53668_S298___1,0.07263,No,0.489,0.669
P53668_S323___1,-0.4259,Yes,0.021,0.0122
P53690_S577___1,-0.02789,No,0.5808,0.8696
P53762_S77___1,0.4045,Yes,0.0283,0.0172
P53762_S45___1,0.3802,Yes,0.0386,0.0252
P53986_S477___1,0.7245,Yes,0.0001,0.0001
P53986_S483___1,-0.3536,No,0.0532,0.0374
P53986_S491___1,-0.8091,Yes,0.0001,0.0001
P53986_S461___1,-0.8007,Yes,0.0001,0.0001
P53986_S213___1,-0.363,Yes,0.0477,0.0326
P53986_S210___1,-0.6529,Yes,0.0004,0.0001
P53994_S70___1,0.7206,Yes,0.0001,0.0001
P53995_S355___1,0.6425,Yes,0.0005,0.0002
P53995_S699___1,0.7253,Yes,0.0001,0.0001
P53995_S703___1,-0.1255,No,0.3732,0.4599
P53995_S688___1,0.3221,No,0.0763,0.0579
P53995_S1058___1,0.009018,No,0.6184,0.9577
P54116_S141___1,0.2743,No,0.1238,0.1063
P54227_S16___1,0.02435,No,0.5879,0.886
P54227_S25___1,0.9731,Yes,0.0001,0.0001
P54227_S46___1,0.2562,No,0.1462,0.1315
P54254_S87___1,1.079,Yes,0.0001,0.0001
P54254_S382___1,0.3423,No,0.0606,0.0439
P54254_S384___1,0.3668,Yes,0.0455,0.0308
P54254_S342___1,0.8844,Yes,0.0001,0.0001
P54254_S751___1,0.1913,No,0.2464,0.2599
P54276_S63___1,0.6046,Yes,0.001,0.0004
P54276_S137___1,0.3675,Yes,0.0451,0.0305
P54279_S569___1,0.142,No,0.3399,0.403
P54731_S581___1,-0.6153,Yes,0.0008,0.0003
P54754_S790___1,0.1685,No,0.2874,0.3211
P54761_S769___1,-0.1554,No,0.3133,0.3604
P54763_S776___1,0.6005,Yes,0.0011,0.0004
P54823_S475___1,0.3322,No,0.0679,0.0505
P54843_S365___1,0.3885,Yes,0.0348,0.0222
P55012_S74___1,-0.3707,Yes,0.0434,0.0291
P55086_S377___1,-1.052,Yes,0.0001,0.0001
P55194_S262___1,0.02493,No,0.5869,0.8833
P55194_S535___1,-0.007269,No,0.6223,0.9659
P55194_S632___1,-0.02655,No,0.5838,0.8758
P55194_S589___1,-0.4001,Yes,0.0299,0.0185
P55258_S185___1,-0.08128,No,0.4702,0.6323
P55288_S788___1,0.4913,Yes,0.0079,0.0038
P55937_S381___1,0.5487,Yes,0.003,0.0012
P55937_S60___1,0.3001,No,0.0962,0.0772
P55937_S1479___1,0.4024,Yes,0.029,0.0178
P56212_S62___1,0.4588,Yes,0.013,0.0069
P56395_S90___1,0.6155,Yes,0.0008,0.0003
P56485_S350___1,1.28,Yes,0.0001,0.0001
P56695_S158___1,0.6545,Yes,0.0004,0.0001
P56726_S774___1,1.336,Yes,0.0001,0.0001
P56726_S791___1,0.952,Yes,0.0001,0.0001
P56812_S119___1,0.09194,No,0.4467,0.5883
P56818_S498___1,0.3864,Yes,0.0357,0.0229
P57680_S987___1,-0.2225,No,0.1943,0.1901
P57680_S978___1,-0.3882,Yes,0.0349,0.0223
P57776_S133___1,1.23,Yes,0.0001,0.0001
P57776_S162___1,0.1705,No,0.2836,0.3156
P57776_S113___1,-0.1237,No,0.3769,0.4666
P57776_S119___1,0.3861,Yes,0.0358,0.023
P57780_S424___1,-0.5189,Yes,0.005,0.0022
P57780_S508___1,-0.434,Yes,0.0187,0.0106
P57780_S368___1,-0.3175,No,0.0801,0.0616
P57780_S376___1,-0.2192,No,0.1993,0.1968
P57780_S382___1,-0.1084,No,0.41,0.5233
P57780_S910___1,0.263,No,0.1374,0.1215
P57784_S236___1,0.2862,No,0.1103,0.092
P57784_S239___1,0.3133,No,0.0837,0.0651
P57787_S469___1,0.5384,Yes,0.0036,0.0015
P58058_S64___1,0.4297,Yes,0.0199,0.0114
P58069_S554___1,-0.6096,Yes,0.0009,0.0003
P58252_S48___1,-0.01479,No,0.6068,0.9306
P58462_S468___1,0.4701,Yes,0.011,0.0056
P58468_S38___1,0.6128,Yes,0.0009,0.0003
P58501_S264___1,-0.3629,Yes,0.0477,0.0327
P58660_S629___1,-0.06755,No,0.4989,0.6909
P58686_S82___1,1.312,Yes,0.0001,0.0001
P58742_S495___1,0.03296,No,0.5691,0.8461
P58801_S411___1,0.6262,Yes,0.0007,0.0002
P58801_S178___1,2.252,Yes,0.0001,0.0001
P58801_S364___1,2.221,Yes,0.0001,0.0001
P58802_S407___1,-0.4318,Yes,0.0193,0.011
P58802_S409___1,-0.6788,Yes,0.0002,0.0001
P58802_S18___1,0.2236,No,0.1927,0.1881
P58802_S40___1,-0.666,Yes,0.0003,0.0001
P58802_S43___1,-0.4457,Yes,0.0157,0.0087
P58802_S45___1,-0.5911,Yes,0.0014,0.0005
P58802_S383___1,0.1044,No,0.419,0.5389
P58854_S894___1,1.111,Yes,0.0001,0.0001
P58871_S713___1,0.01089,No,0.6146,0.9489
P58871_S1593___1,-0.216,No,0.2046,0.2034
P58871_S1611___1,0.2025,No,0.2272,0.2331
P58871_S1612___1,0.154,No,0.3158,0.3647
P58871_S887___1,-0.1266,No,0.371,0.456
P58871_S876___1,0.1831,No,0.2611,0.2811
P58871_S568___1,0.05529,No,0.5241,0.7448
P58871_S1040___1,0.09172,No,0.4471,0.5892
P58871_S1241___1,-0.1779,No,0.2702,0.2949
P58871_S866___1,-0.05847,No,0.5185,0.7307
P58871_S869___1,-0.07555,No,0.4826,0.6565
P58871_S1022___1,0.6207,Yes,0.0008,0.0003
P58871_S178___1,0.7598,Yes,0.0001,0.0001
P58871_S602___1,0.1527,No,0.3183,0.3685
P58871_S796___1,0.1419,No,0.3402,0.4035
P58871_S807___1,0.5536,Yes,0.0028,0.0011
P58871_S911___1,0.6965,Yes,0.0001,0.0001
P58871_S912___1,0.5359,Yes,0.0037,0.0016
P58871_S152___1,0.08855,No,0.4539,0.6021
P58871_S300___1,0.3818,Yes,0.0378,0.0246
P58871_S496___1,0.3874,Yes,0.0353,0.0226
P58871_S1212___1,-0.2821,No,0.1148,0.0967
P58871_S1223___1,0.4638,Yes,0.0121,0.0063
P58871_S1063___1,-0.02689,No,0.5831,0.8742
P58871_S247___1,-0.184,No,0.2595,0.2787
P58871_S1290___1,0.6374,Yes,0.0005,0.0002
P58871_S1657___1,-0.5065,Yes,0.0061,0.0029
P58871_S429___1,0.1112,No,0.4038,0.5127
P58871_S1136___1,0.1901,No,0.2486,0.263
P58871_S976___1,0.4226,Yes,0.022,0.0128
P58871_S980___1,0.8108,Yes,0.0001,0.0001
P58871_S1437___1,1.145,Yes,0.0001,0.0001
P58871_S1375___1,0.2784,No,0.1191,0.1012
P58871_S214___1,1.201,Yes,0.0001,0.0001
P58871_S1645___1,0.005574,No,0.6253,0.9738
P58871_S1131___1,-0.03813,No,0.558,0.8224
P58871_S692___1,0.4945,Yes,0.0075,0.0036
P58873_S106___1,-0.09497,No,0.4396,0.5761
P59017_S377___1,0.07447,No,0.485,0.6611
Q3TJZ6_S258___1,0.3591,Yes,0.0499,0.0345
P59110_S157___1,-0.4576,Yes,0.0132,0.0071
P59114_S116___1,-1.371,Yes,0.0001,0.0001
P59222_S672___1,-0.1383,No,0.3476,0.4155
P59222_S692___1,0.2409,No,0.1669,0.1561
P59222_S710___1,-0.02638,No,0.5842,0.8766
P59222_S638___1,-0.05841,No,0.5186,0.7309
P59222_S640___1,0.03627,No,0.5619,0.8309
P59222_S755___1,0.1654,No,0.2933,0.3302
P59240_S475___1,-0.1778,No,0.2705,0.2953
P59242_S445___1,-1.721,Yes,0.0001,0.0001
P59242_S250___1,-0.3387,No,0.0632,0.0461
P59242_S254___1,-0.4553,Yes,0.0137,0.0073
P59242_S268___1,-0.08726,No,0.4568,0.6074
P59242_S520___1,0.05977,No,0.5156,0.7249
P59242_S129___1,-0.7335,Yes,0.0001,0.0001
P59242_S131___1,-0.3259,No,0.0729,0.055
P59325_S388___1,-0.1997,No,0.2322,0.2398
P59328_S821___1,1.224,Yes,0.0001,0.0001
P59328_S377___1,0.5201,Yes,0.0049,0.0022
P59383_S431___1,0.2973,No,0.099,0.08
P59672_S903___1,-0.9701,Yes,0.0001,0.0001
P59672_S693___1,-0.2071,No,0.2196,0.2227
P59672_S663___1,-0.3173,No,0.0803,0.0618
P59672_S642___1,-0.3799,Yes,0.0387,0.0253
P59759_S66___1,-0.2347,No,0.1758,0.1669
P59759_S209___1,0.2122,No,0.2107,0.2115
P59759_S537___1,-0.002885,No,0.63,0.9864
P59808_S500___1,0.3435,No,0.0597,0.0431
P59808_S718___1,-0.05826,No,0.5188,0.7316
P59808_S723___1,0.1268,No,0.3707,0.4555
P59808_S163___1,0.3382,No,0.0635,0.0465
P59808_S83___1,0.02146,No,0.5935,0.8995
P59808_S831___1,0.4052,Yes,0.028,0.017
P59808_S805___1,-0.0357,No,0.5628,0.8335
P59808_S130___1,0.3439,No,0.0594,0.0429
P59808_S400___1,0.04015,No,0.5542,0.8131
P59941_S317___1,-0.03147,No,0.5726,0.853
P59997_S444___1,0.7234,Yes,0.0001,0.0001
P59997_S692___1,0.2933,No,0.1032,0.0842
P59997_S558___1,-0.6975,Yes,0.0001,0.0001
P59997_S868___1,0.1301,No,0.3645,0.4436
P59997_S28___1,0.05549,No,0.5239,0.7439
P59997_S718___1,0.02688,No,0.5831,0.8743
P59997_S422___1,-0.1986,No,0.2339,0.2423
P60229_S399___1,0.5931,Yes,0.0013,0.0005
P60330_S1504___1,0.678,Yes,0.0002,0.0001
P60335_S173___1,-0.1137,No,0.3991,0.5033
P60335_S246___1,0.06261,No,0.5097,0.7124
P60335_S264___1,2.163,Yes,0.0001,0.0001
P60335_S190___1,-0.03088,No,0.574,0.8557
P60710_S33___1,-1.313,Yes,0.0001,0.0001
P60710_S52___1,-0.4085,Yes,0.0268,0.0162
P60710_S60___1,-0.262,No,0.1385,0.123
P60710_S233___1,0.1637,No,0.2967,0.335
P60710_S368___1,-0.8561,Yes,0.0001,0.0001
P60766_S124___1,-0.2545,No,0.1482,0.134
P60904_S10___1,-0.1447,No,0.3342,0.3942
P61028_S182___1,0.1765,No,0.2727,0.2987
P61028_S183___1,0.09311,No,0.4439,0.5836
P61255_S23___1,0.5793,Yes,0.0017,0.0006
P61406_S830___1,0.8034,Yes,0.0001,0.0001
P61406_S266___1,-0.5414,Yes,0.0034,0.0014
P61406_S239___1,-0.01966,No,0.5972,0.9078
P61620_S408___1,0.4995,Yes,0.0069,0.0033
P61750_S147___1,0.4281,Yes,0.0203,0.0117
P61982_S71___1,-0.4328,Yes,0.0191,0.0108
P62071_S186___1,-0.774,Yes,0.0001,0.0001
P62137_S325___1,0.07281,No,0.4886,0.6682
P62274_S9___1,0.6147,Yes,0.0009,0.0003
P62281_S67___1,-0.03336,No,0.5682,0.8443
P62484_S190___1,-0.2336,No,0.1775,0.169
P62484_S301___1,0.02282,No,0.5904,0.8931
P62484_S221___1,0.3185,No,0.0793,0.0608
P62484_S177___1,0.08119,No,0.4705,0.6327
P62700_S118___1,0.7451,Yes,0.0001,0.0001
P62702_S204___1,0.544,Yes,0.0033,0.0014
P62717_S123___1,0.5438,Yes,0.0033,0.0014
P62717_S71___1,0.5254,Yes,0.0045,0.002
P62754_S235___1,2.763,Yes,0.0001,0.0001
P62754_S236___1,5.845,Yes,0.0001,0.0001
P62806_S48___1,-0.3872,Yes,0.0353,0.0226
P62821_S78___1,0.6436,Yes,0.0005,0.0002
P62821_S79___1,-0.09249,No,0.4453,0.5861
P62827_S135___1,0.1214,No,0.3819,0.4749
Q99JI6_S11___1,-0.3328,No,0.0676,0.0501
P62858_S23___1,1.307,Yes,0.0001,0.0001
P62874_S31___1,-0.643,Yes,0.0005,0.0002
P62889_S10___1,1.555,Yes,0.0001,0.0001
P62915_S76___1,0.3321,No,0.068,0.0505
P62960_S311___1,0.7809,Yes,0.0001,0.0001
P62960_S312___1,0.7064,Yes,0.0001,0.0001
P62960_S172___1,0.05038,No,0.5336,0.7667
P62960_S174___1,1.013,Yes,0.0001,0.0001
P62960_S163___1,0.1988,No,0.2335,0.2417
P62960_S165___1,0.2375,No,0.1717,0.1621
P62960_S207___1,0.3997,Yes,0.0301,0.0186
P62983_S57___1,0.02506,No,0.5866,0.8827
P62996_S264___1,-0.1757,No,0.274,0.301
P62996_S266___1,-0.3311,No,0.0688,0.0512
P63005_S109___1,0.02664,No,0.5836,0.8754
P63013_S21___1,0.383,Yes,0.0373,0.0241
P63017_S329___1,0.09995,No,0.4286,0.5562
P63017_S638___1,0.2308,No,0.1818,0.1743
P63017_S2___1,0.1074,No,0.4119,0.5272
P63024_S67___1,0.9592,Yes,0.0001,0.0001
P63030_S47___1,-0.002659,No,0.6302,0.9875
P63038_S70___1,-0.1515,No,0.3207,0.3724
P63073_S209___1,1.562,Yes,0.0001,0.0001
P63085_S358___1,0.2161,No,0.2045,0.2034
P63101_S230___1,-0.5974,Yes,0.0012,0.0004
P63101_S110___1,-0.6904,Yes,0.0002,0.0001
P63154_S689___1,0.0008007,No,0.6339,0.9962
P63154_S342___1,-0.1706,No,0.2833,0.3152
P63158_S35___1,-0.1603,No,0.3037,0.3453
P63158_S100___1,-0.7033,Yes,0.0001,0.0001
P63166_S2___1,0.3148,No,0.0824,0.0638
P63276_S113___1,0.7519,Yes,0.0001,0.0001
P63325_S146___1,1.273,Yes,0.0001,0.0001
P67778_S151___1,-0.6497,Yes,0.0004,0.0001
P67871_S209___1,1.069,Yes,0.0001,0.0001
P68254_S232___1,0.1555,No,0.3132,0.36
P68372_S278___1,-0.8946,Yes,0.0001,0.0001
P68373_S439___1,-0.2272,No,0.1872,0.181
P84228_S29___1,2.594,Yes,0.0001,0.0001
P68510_S235___1,-0.453,Yes,0.0142,0.0076
P70174_S344___1,-0.2387,No,0.17,0.1598
P70180_S528___1,-0.4103,Yes,0.0262,0.0157
P70182_S443___1,-0.1466,No,0.3306,0.3881
P70182_S453___1,-0.5508,Yes,0.0029,0.0012
P70182_S455___1,-0.1382,No,0.3479,0.4159
P70182_S458___1,-0.3732,Yes,0.042,0.028
P70195_S277___1,0.2587,No,0.1431,0.1277
P70196_S291___1,0.6678,Yes,0.0003,0.0001
P70205_S462___1,-0.8765,Yes,0.0001,0.0001
P70206_S1670___1,-0.2477,No,0.1575,0.1448
P70206_S1630___1,-0.1266,No,0.371,0.456
P70206_S1633___1,-0.2502,No,0.1538,0.1407
P70207_S1630___1,0.1362,No,0.3518,0.4225
P70207_S1633___1,1.022,Yes,0.0001,0.0001
P70210_S148___1,-0.469,Yes,0.0111,0.0058
P70227_S1152___1,-0.06303,No,0.5091,0.7106
P70227_S1832___1,0.248,No,0.1571,0.1443
P70227_S934___1,0.1967,No,0.2369,0.2467
P70227_S2669___1,-0.05313,No,0.5278,0.7544
P70227_S916___1,0.3174,No,0.0802,0.0617
P70261_S409___1,0.1714,No,0.282,0.3129
P70265_S469___1,-0.05435,No,0.5257,0.749
P70265_S486___1,-0.1809,No,0.2652,0.2869
Q8BWW9_S496___1,-0.3125,No,0.0844,0.0658
P70268_S540___1,-0.6239,Yes,0.0007,0.0002
P70268_S920___1,0.1461,No,0.3314,0.3896
P70271_S111___1,0.2697,No,0.1292,0.1124
P70271_S119___1,0.153,No,0.3178,0.3677
P70271_S124___1,0.1862,No,0.2557,0.273
P70271_S229___1,-0.902,Yes,0.0001,0.0001
P70279_S97___1,-0.1852,No,0.2575,0.2756
P70288_S422___1,0.02958,No,0.5772,0.8617
P70288_S424___1,-0.2388,No,0.1699,0.1598
P70288_S394___1,-0.1812,No,0.2647,0.2861
P70290_S110___1,0.404,Yes,0.0284,0.0174
P70296_S52___1,-0.3338,No,0.0668,0.0494
P70302_S257___1,-0.02799,No,0.5806,0.8691
P70302_S660___1,-0.08639,No,0.4586,0.611
P70302_S667___1,0.5669,Yes,0.0021,0.0008
P70302_S668___1,0.7717,Yes,0.0001,0.0001
P70302_S575___1,-0.0288,No,0.5788,0.8654
P70333_S104___1,-0.07723,No,0.479,0.6493
P70335_S456___1,-0.8909,Yes,0.0001,0.0001
P70335_S1102___1,-0.2932,No,0.1033,0.0843
P70335_S1105___1,-0.6457,Yes,0.0005,0.0001
P70335_S1328___1,-0.5146,Yes,0.0054,0.0024
P70335_S417___1,-0.5428,Yes,0.0033,0.0014
P70335_S418___1,-0.7649,Yes,0.0001,0.0001
P70336_S1374___1,-0.1768,No,0.272,0.2978
P70336_S1362___1,-0.6343,Yes,0.0006,0.0002
P97454_S133___1,-0.3478,No,0.0569,0.0406
P70351_S388___1,0.8462,Yes,0.0001,0.0001
P70372_S202___1,1.085,Yes,0.0001,0.0001
P70388_S237___1,-0.9621,Yes,0.0001,0.0001
P70392_S633___1,-0.9145,Yes,0.0001,0.0001
P70398_S2547___1,1.481,Yes,0.0001,0.0001
P70398_S588___1,0.4946,Yes,0.0075,0.0036
P70398_S866___1,-0.2427,No,0.1647,0.1531
P70398_S1600___1,-0.06688,No,0.5003,0.6938
P70399_S1115___1,-0.574,Yes,0.0019,0.0007
P70399_S719___1,-0.1445,No,0.3349,0.395
P70399_S1423___1,-0.4727,Yes,0.0105,0.0054
P70399_S1427___1,1.367,Yes,0.0001,0.0001
P70399_S1359___1,0.00776,No,0.6213,0.9636
P70399_S622___1,0.1781,No,0.27,0.2944
P70399_S1675___1,1.458,Yes,0.0001,0.0001
P70399_S429___1,0.01611,No,0.6045,0.9244
P70399_S523___1,-0.4082,Yes,0.0269,0.0163
P70399_S1096___1,-0.2297,No,0.1836,0.1763
P70399_S533___1,-0.06937,No,0.4954,0.683
P70399_S552___1,-0.02951,No,0.5774,0.8621
P70399_S268___1,-0.4505,Yes,0.0147,0.008
P70399_S1459___1,-0.251,No,0.1527,0.1395
P70399_S1632___1,0.1531,No,0.3177,0.3674
P70399_S382___1,-0.09375,No,0.4427,0.581
P70414_S282___1,-0.1429,No,0.338,0.4001
P70424_S1175___1,0.09315,No,0.4439,0.5834
P70429_S302___1,-0.205,No,0.2233,0.2275
P70429_S150___1,-0.1601,No,0.3041,0.3459
P70429_S244___1,-0.1907,No,0.2476,0.2615
P70429_S257___1,-0.664,Yes,0.0003,0.0001
P70429_S329___1,0.2681,No,0.1311,0.1145
P70429_S352___1,-0.6381,Yes,0.0005,0.0002
P70429_S343___1,-0.6911,Yes,0.0002,0.0001
P70429_S367___1,0.0116,No,0.6134,0.9456
P70441_S181___1,0.3224,No,0.0759,0.0576
P70441_S273___1,-0.1188,No,0.3876,0.4843
P70441_S275___1,-0.1263,No,0.3716,0.4572
P70441_S283___1,0.1474,No,0.3288,0.3855
P70441_S285___1,0.2799,No,0.1172,0.0994
P70441_S286___1,0.03788,No,0.5584,0.8235
P70441_S289___1,-0.9004,Yes,0.0001,0.0001
P70441_S294___1,-0.1887,No,0.2513,0.2665
P70441_S297___1,0.3972,Yes,0.0311,0.0194
P70444_S66___1,1.265,Yes,0.0001,0.0001
P70452_S117___1,0.05859,No,0.5182,0.7301
P70452_S208___1,-0.2124,No,0.2104,0.2111
P70452_S15___1,-0.22,No,0.1984,0.1953
P70453_S58___1,-0.5359,Yes,0.0037,0.0016
Q9QXQ1_S74___1,-0.4121,Yes,0.0255,0.0153
P70459_S185___1,-0.5998,Yes,0.0011,0.0004
P70460_S235___1,-0.6933,Yes,0.0002,0.0001
P70662_S302___1,0.4786,Yes,0.0096,0.0048
P70662_S410___1,0.5006,Yes,0.0068,0.0032
P70670_S2175___1,-0.05681,No,0.5211,0.738
P70671_S123___1,1.994,Yes,0.0001,0.0001
P70698_S571___1,-0.417,Yes,0.0238,0.0141
P70698_S562___1,0.345,No,0.0587,0.0422
P80315_S236___1,-0.3158,No,0.0815,0.063
P80316_S485___1,-0.2317,No,0.1805,0.1726
P80317_S200___1,-0.03457,No,0.5656,0.8387
P81122_S728___1,0.116,No,0.3936,0.4945
P81122_S604___1,-1.282,Yes,0.0001,0.0001
P81122_S616___1,1.257,Yes,0.0001,0.0001
P81122_S66___1,0.49,Yes,0.008,0.0039
P81122_S965___1,-1.608,Yes,0.0001,0.0001
P81122_S590___1,-0.3237,No,0.0749,0.0566
P81122_S1163___1,-2.69,Yes,0.0001,0.0001
P81122_S1165___1,-2.735,Yes,0.0001,0.0001
P81122_S556___1,-1.761,Yes,0.0001,0.0001
P81122_S675___1,-1.445,Yes,0.0001,0.0001
P81122_S1089___1,-1.815,Yes,0.0001,0.0001
P83093_S523___1,0.5466,Yes,0.0031,0.0013
P84086_S93___1,-0.07123,No,0.492,0.6749
P84089_S24___1,-0.2662,No,0.1335,0.1171
P84091_S45___1,0.02457,No,0.5875,0.885
P84104_S5___1,0.8205,Yes,0.0001,0.0001
P97302_S448___1,-0.2204,No,0.1978,0.1944
P97310_S139___1,0.09298,No,0.4441,0.5841
P97310_S140___1,0.07981,No,0.4733,0.6384
P97310_S21___1,-0.7569,Yes,0.0001,0.0001
P97310_S27___1,0.3388,No,0.0631,0.0461
P97310_S41___1,0.1175,No,0.3906,0.489
P97311_S271___1,0.5296,Yes,0.0042,0.0018
P97311_S704___1,-0.5062,Yes,0.0062,0.0029
P97311_S413___1,0.04476,No,0.5454,0.7921
P97311_S219___1,-0.179,No,0.2685,0.292
P97311_S689___1,0.3493,No,0.0559,0.0398
P97315_S192___1,-0.3808,Yes,0.0383,0.025
P97329_S542___1,0.8065,Yes,0.0001,0.0001
P97348_S47___1,-0.236,No,0.1738,0.1648
P97351_S263___1,1.275,Yes,0.0001,0.0001
P97351_S237___1,0.9784,Yes,0.0001,0.0001
P97352_S32___1,0.8013,Yes,0.0001,0.0001
P97360_S22___1,1.007,Yes,0.0001,0.0001
P97360_S215___1,-0.5807,Yes,0.0017,0.0006
P97360_S185___1,0.1823,No,0.2626,0.2831
P97360_S194___1,0.3199,No,0.0781,0.0597
P97379_S225___1,0.3639,Yes,0.0472,0.0322
P97393_S1217___1,-0.3838,Yes,0.0369,0.0239
P97393_S765___1,-0.06444,No,0.5059,0.7044
P97393_S1194___1,-0.1322,No,0.3602,0.4365
P97393_S1201___1,0.3861,Yes,0.0358,0.023
P97412_S2203___1,0.1731,No,0.2789,0.3082
P97412_S866___1,-0.2871,No,0.1094,0.091
P97429_S12___1,-0.1241,No,0.3761,0.4649
P97432_S645___1,-0.296,No,0.1003,0.0814
P97433_S1535___1,-0.6798,Yes,0.0002,0.0001
P97434_S976___1,-0.7756,Yes,0.0001,0.0001
P97434_S292___1,-0.6679,Yes,0.0003,0.0001
P97434_S221___1,-0.5386,Yes,0.0036,0.0015
P97434_S225___1,-0.3234,No,0.0752,0.0569
P97434_S564___1,-0.1137,No,0.3991,0.5033
P97434_S364___1,-0.4146,Yes,0.0247,0.0147
P97434_S485___1,-0.3113,No,0.0855,0.0668
P97434_S617___1,-0.6387,Yes,0.0005,0.0002
P97434_S502___1,-0.005814,No,0.6248,0.9727
P97434_S661___1,0.1021,No,0.4241,0.5478
P97434_S992___1,-0.6363,Yes,0.0006,0.0002
P97434_S1015___1,-0.4451,Yes,0.0159,0.0088
P97434_S266___1,-0.6065,Yes,0.001,0.0004
P97434_S270___1,0.4296,Yes,0.0199,0.0114
P97445_S2303___1,-0.4352,Yes,0.0184,0.0104
P97445_S2273___1,-0.1308,No,0.3633,0.4414
P97445_S2220___1,0.02588,No,0.585,0.8789
P97452_S559___1,-0.2238,No,0.1924,0.1876
P97461_S52___1,0.5821,Yes,0.0016,0.0006
P97465_S48___1,0.2121,No,0.211,0.2118
P97465_S269___1,0.09493,No,0.4397,0.5762
P97792_S332___1,-0.5903,Yes,0.0014,0.0005
P97792_S363___1,-0.1696,No,0.2855,0.3181
P97792_S323___1,-0.2659,No,0.1338,0.1175
P97801_S25___1,0.5322,Yes,0.004,0.0017
P97813_S146___1,-0.5334,Yes,0.0039,0.0017
P97813_S79___1,-0.1389,No,0.3463,0.4135
P97814_S318___1,0.6819,Yes,0.0002,0.0001
P97817_S454___1,2.11,Yes,0.0001,0.0001
P97820_S795___1,0.3862,Yes,0.0358,0.023
P97820_S799___1,0.3826,Yes,0.0374,0.0243
P97820_S629___1,0.5531,Yes,0.0028,0.0011
P97820_S639___1,0.6486,Yes,0.0004,0.0001
P97820_S646___1,0.0968,No,0.4354,0.5687
P97820_S543___1,0.4881,Yes,0.0083,0.0041
P97820_S894___1,-0.1157,No,0.3943,0.4958
P97820_S862___1,1.12,Yes,0.0001,0.0001
P97820_S708___1,0.5012,Yes,0.0067,0.0032
P97820_S556___1,-0.02428,No,0.5879,0.8863
P97820_S561___1,-0.1364,No,0.3514,0.4218
P97820_S517___1,0.6489,Yes,0.0004,0.0001
P97820_S824___1,0.6596,Yes,0.0003,0.0001
P97820_S621___1,0.3082,No,0.0883,0.0696
P97825_S79___1,-0.3781,Yes,0.0396,0.026
P97825_S28___1,-0.2213,No,0.1964,0.1926
P97855_S231___1,0.2289,No,0.1848,0.1778
P97855_S149___1,0.4126,Yes,0.0254,0.0151
P97863_S328___1,0.0418,No,0.5513,0.8056
P97863_S410___1,0.006327,No,0.6238,0.9703
P97863_S262___1,0.00325,No,0.6295,0.9847
P97863_S265___1,0.05969,No,0.5158,0.7253
P97863_S295___1,-0.2857,No,0.1109,0.0926
P97863_S569___1,-1.409,Yes,0.0001,0.0001
P97863_S312___1,0.06551,No,0.5035,0.6997
P97864_S16___1,0.01799,No,0.6007,0.9156
P97946_S354___1,0.9478,Yes,0.0001,0.0001
P98078_S727___1,0.3591,Yes,0.0499,0.0345
P98078_S401___1,3.323,Yes,0.0001,0.0001
P98083_S139___1,-0.3697,Yes,0.0439,0.0295
P98197_S740___1,-0.01988,No,0.5971,0.9068
P98199_S638___1,0.09832,No,0.4321,0.5627
P98199_S1169___1,-0.3797,Yes,0.0388,0.0254
P98199_S1175___1,-0.5122,Yes,0.0056,0.0026
P98199_S1193___1,-0.5278,Yes,0.0043,0.0019
P98199_S1187___1,-0.3436,No,0.0597,0.0431
P99024_S40___1,-0.7535,Yes,0.0001,0.0001
P99027_S105___1,0.6329,Yes,0.0006,0.0002
P99027_S79___1,0.9046,Yes,0.0001,0.0001
P99027_S17___1,0.8687,Yes,0.0001,0.0001
Q00322_S191___1,-1.188,Yes,0.0001,0.0001
Q00560_S665___1,-0.4036,Yes,0.0285,0.0175
Q00609_S290___1,-0.8906,Yes,0.0001,0.0001
Q00651_S1028___1,0.4819,Yes,0.0091,0.0046
Q00993_S509___1,-0.2463,No,0.1595,0.147
Q00PI9_S222___1,-0.7799,Yes,0.0001,0.0001
Q00PI9_S159___1,-0.05077,No,0.5327,0.765
Q00PI9_S226___1,-0.6953,Yes,0.0002,0.0001
Q01063_S136___1,0.03885,No,0.5567,0.8191
Q01063_S141___1,0.07462,No,0.4848,0.6604
Q01231_S281___1,-0.1007,No,0.4272,0.5533
Q01237_S864___1,2.241,Yes,0.0001,0.0001
Q01237_S871___1,2.948,Yes,0.0001,0.0001
Q01279_S1166___1,0.3735,Yes,0.0418,0.0279
Q01279_S993___1,0.1822,No,0.2627,0.2833
Q01279_S997___1,-0.1245,No,0.3752,0.4635
Q01279_S1057___1,-0.2176,No,0.2021,0.2002
Q01279_S1104___1,0.1457,No,0.3322,0.3909
Q01279_S1044___1,-0.1996,No,0.2322,0.2399
Q01320_S1211___1,1.961,Yes,0.0001,0.0001
Q01320_S1521___1,1.424,Yes,0.0001,0.0001
Q01320_S1255___1,2.061,Yes,0.0001,0.0001
Q01338_S346___1,-1.036,Yes,0.0001,0.0001
Q01338_S362___1,-1.225,Yes,0.0001,0.0001
Q01341_S573___1,-0.3815,Yes,0.038,0.0247
Q01341_S35___1,-0.1213,No,0.3821,0.4752
Q01341_S53___1,-0.4783,Yes,0.0097,0.0049
Q01341_S604___1,0.5072,Yes,0.0061,0.0028
Q01853_S352___1,0.05402,No,0.5264,0.7505
Q01853_S702___1,0.1124,No,0.4017,0.5082
Q01853_S705___1,-0.5734,Yes,0.0019,0.0007
Q01853_S775___1,-0.2607,No,0.1403,0.1249
Q01853_S784___1,-0.3132,No,0.0838,0.0652
Q01853_S787___1,0.5373,Yes,0.0037,0.0016
Q01853_S794___1,0.4442,Yes,0.0161,0.0089
Q02013_S247___1,-0.231,No,0.1816,0.1738
Q02013_S262___1,-0.2372,No,0.1721,0.1625
Q02053_S1044___1,0.1364,No,0.3514,0.4218
Q02053_S810___1,-0.04434,No,0.5461,0.794
Q02053_S46___1,0.363,Yes,0.0477,0.0326
Q02053_S13___1,-0.3849,Yes,0.0364,0.0235
Q02248_S222___1,0.0952,No,0.4391,0.5752
Q02248_S191___1,-1.284,Yes,0.0001,0.0001
Q02248_S675___1,-0.1184,No,0.3884,0.4856
Q02248_S552___1,0.1228,No,0.3788,0.4699
Q02257_S182___1,-1.387,Yes,0.0001,0.0001
Q02257_S665___1,0.1714,No,0.282,0.3129
Q02257_S77___1,0.9442,Yes,0.0001,0.0001
Q02819_S368___1,-0.334,No,0.0666,0.0492
Q02819_S456___1,0.1866,No,0.2549,0.2719
Q02819_S85___1,-0.3117,No,0.085,0.0664
Q03145_S578___1,-0.2762,No,0.1216,0.1039
Q03145_S902___1,-0.2886,No,0.1079,0.0893
Q03145_S893___1,-0.6907,Yes,0.0002,0.0001
Q03145_S776___1,-0.5764,Yes,0.0018,0.0007
Q03145_S941___1,-0.2024,No,0.2275,0.2334
Q03147_S164___1,-0.2839,No,0.1128,0.0947
Q03172_S1721___1,-0.4912,Yes,0.0079,0.0038
Q03172_S148___1,-0.1923,No,0.2447,0.2575
Q03347_S21___1,-0.4981,Yes,0.007,0.0034
Q03347_S212___1,-0.6406,Yes,0.0005,0.0002
Q03963_S32___1,1.293,Yes,0.0001,0.0001
Q03963_S223___1,0.9678,Yes,0.0001,0.0001
Q04573_S375___1,-0.008942,No,0.6185,0.958
Q04573_S367___1,-0.8528,Yes,0.0001,0.0001
Q04573_S362___1,-0.008473,No,0.6196,0.9602
Q04692_S97___1,0.3385,No,0.0633,0.0463
Q04692_S124___1,0.1627,No,0.2988,0.3382
Q04692_S127___1,-0.5038,Yes,0.0064,0.003
Q04692_S235___1,-0.7238,Yes,0.0001,0.0001
Q04692_S79___1,0.3168,No,0.0806,0.0621
Q04692_S210___1,-0.001568,No,0.6322,0.9926
Q04735_S153___1,-0.4509,Yes,0.0146,0.0079
Q04735_S95___1,-0.2701,No,0.1287,0.1118
Q04735_S119___1,-0.3563,No,0.0516,0.0359
Q04735_S12___1,-0.4878,Yes,0.0083,0.0041
Q04744_S243___1,-1.168,Yes,0.0001,0.0001
Q04750_S114___1,0.5513,Yes,0.0029,0.0012
Q04857_S465___1,2.473,Yes,0.0001,0.0001
Q04887_S199___1,0.07321,No,0.4877,0.6665
Q04899_S109___1,-0.09202,No,0.4465,0.588
Q04899_S66___1,-0.07387,No,0.4862,0.6636
Q04899_S75___1,-0.3022,No,0.0941,0.0752
Q05186_S74___1,0.4794,Yes,0.0095,0.0048
Q05512_S43___1,0.07376,No,0.4865,0.6641
Q05512_S421___1,0.5212,Yes,0.0048,0.0022
Q05512_S483___1,0.08109,No,0.4706,0.6331
Q05512_S476___1,0.06172,No,0.5113,0.7163
Q05512_S453___1,-0.06334,No,0.5083,0.7092
Q05909_S1179___1,-0.4469,Yes,0.0155,0.0085
Q05915_S51___1,0.03679,No,0.5608,0.8285
Q05AH6_S223___1,-0.1653,No,0.2934,0.3304
Q05CL8_S334___1,0.127,No,0.3702,0.4546
Q05CL8_S253___1,0.08951,No,0.4517,0.5982
Q05CL8_S256___1,-0.406,Yes,0.0277,0.0168
Q05D44_S137___1,0.3686,Yes,0.0445,0.03
Q05D44_S114___1,0.1129,No,0.4007,0.5061
Q05D44_S215___1,0.2854,No,0.1112,0.0929
Q05D44_S187___1,-0.6083,Yes,0.001,0.0003
Q06185_S31___1,-0.1984,No,0.2341,0.2428
Q06649_S277___1,-0.1343,No,0.3557,0.429
Q06831_S322___1,-0.4991,Yes,0.0069,0.0033
Q07079_S115___1,1.205,Yes,0.0001,0.0001
Q07113_S2401___1,0.6437,Yes,0.0005,0.0002
Q07113_S2476___1,0.6237,Yes,0.0007,0.0002
Q07139_S716___1,2.66,Yes,0.0001,0.0001
Q07174_S141___1,-0.8658,Yes,0.0001,0.0001
Q07243_S5___1,-0.1734,No,0.2784,0.3073
Q08093_S177___1,-0.6964,Yes,0.0001,0.0001
Q08274_S551___1,0.8838,Yes,0.0001,0.0001
Q08274_S537___1,0.4049,Yes,0.0281,0.0171
Q08274_S487___1,0.7775,Yes,0.0001,0.0001
Q08369_S405___1,0.1951,No,0.2398,0.2507
Q08509_S810___1,-0.02882,No,0.5787,0.8652
Q08509_S658___1,-0.03178,No,0.5718,0.8516
Q08509_S661___1,-0.02112,No,0.5944,0.901
Q08509_S671___1,0.6975,Yes,0.0001,0.0001
Q08943_S444___1,-0.1172,No,0.3913,0.4904
Q08943_S657___1,0.5547,Yes,0.0027,0.0011
Q09143_S616___1,-0.2341,No,0.1768,0.168
Q09XV5_S2040___1,-0.6873,Yes,0.0002,0.0001
Q09XV5_S1997___1,-0.3131,No,0.0838,0.0653
Q0GNC1_S1251___1,1.155,Yes,0.0001,0.0001
Q0KL02_S2481___1,-0.1736,No,0.2781,0.3068
Q0KL02_S2503___1,-0.127,No,0.3702,0.4545
Q0KL02_S1818___1,0.09915,No,0.4303,0.5594
Q0KL02_S2634___1,0.0509,No,0.5325,0.7644
Q0P678_S847___1,-0.642,Yes,0.0005,0.0002
Q0P678_S45___1,0.06288,No,0.5093,0.7112
Q0P678_S106___1,-0.1784,No,0.2696,0.2935
Q0P678_S114___1,0.7216,Yes,0.0001,0.0001
Q0P678_S530___1,-0.3144,No,0.0827,0.0642
Q0P678_S532___1,-0.2915,No,0.1049,0.0861
Q0P678_S888___1,-0.3985,Yes,0.0305,0.019
Q0P678_S863___1,-0.5433,Yes,0.0033,0.0014
Q0P678_S80___1,0.2353,No,0.1749,0.166
Q0P678_S58___1,0.717,Yes,0.0001,0.0001
Q0P678_S64___1,0.0001184,No,0.6355,0.9994
Q0P678_S838___1,-0.3166,No,0.0808,0.0623
Q0PHV7_S165___1,0.646,Yes,0.0005,0.0001
Q0PHV7_S481___1,0.454,Yes,0.014,0.0075
Q0PHV7_S456___1,0.5846,Yes,0.0015,0.0006
Q0PHV7_S203___1,0.6006,Yes,0.0011,0.0004
Q0PHV7_S409___1,0.5817,Yes,0.0016,0.0006
Q0VGB7_S159___1,0.3603,Yes,0.0492,0.0339
Q0VGT2_S145___1,0.7123,Yes,0.0001,0.0001
Q0VGT2_S805___1,-0.224,No,0.1921,0.1872
Q0VGY8_S267___1,-0.1649,No,0.2943,0.3316
Q0VGY8_S277___1,0.05773,No,0.5196,0.7339
Q0VGY8_S441___1,0.01628,No,0.6043,0.9236
Q0VGY8_S445___1,0.3178,No,0.0799,0.0614
Q0VGY8_S1436___1,0.2024,No,0.2275,0.2335
Q148V7_S182___1,-0.9627,Yes,0.0001,0.0001
Q148V7_S422___1,0.05341,No,0.5273,0.7532
Q148V8_S522___1,0.01387,No,0.6087,0.9349
Q148V8_S1041___1,0.4624,Yes,0.0123,0.0065
Q148V8_S637___1,0.02259,No,0.5909,0.8942
Q148V8_S871___1,-0.01909,No,0.5984,0.9105
Q148V8_S904___1,-0.0984,No,0.4319,0.5623
Q148V8_S948___1,-0.109,No,0.4085,0.5209
Q148V8_S915___1,-0.2458,No,0.1602,0.1478
Q148V8_S515___1,-0.3081,No,0.0884,0.0697
Q148V8_S1142___1,0.05236,No,0.5295,0.7579
Q148V8_S1006___1,0.2378,No,0.1713,0.1615
Q148V8_S970___1,-0.1794,No,0.2676,0.2908
Q148V8_S926___1,-0.004617,No,0.6269,0.9783
Q149C2_S409___1,0.2061,No,0.2212,0.225
Q14B71_S712___1,1.519,Yes,0.0001,0.0001
Q14B71_S296___1,2.127,Yes,0.0001,0.0001
Q14BA6_S274___1,0.6409,Yes,0.0005,0.0002
Q14C51_S680___1,0.4523,Yes,0.0143,0.0077
Q14DQ1_S141___1,0.03464,No,0.5656,0.8384
Q1HFZ0_S723___1,-0.1129,No,0.4007,0.5063
Q1HFZ0_S23___1,-0.2126,No,0.2102,0.2107
Q2KHI9_S1079___1,0.655,Yes,0.0004,0.0001
Q2KN98_S385___1,-0.1529,No,0.3179,0.368
Q2KN98_S833___1,-0.1666,No,0.2909,0.3266
Q2KN98_S54___1,0.2068,No,0.2201,0.2234
Q2KN98_S869___1,-0.2854,No,0.1112,0.0929
Q2KN98_S882___1,0.2317,No,0.1805,0.1726
Q2KN98_S888___1,-0.3493,No,0.0558,0.0397
Q2KN98_S923___1,-1.276,Yes,0.0001,0.0001
Q91VK1_S412___1,-0.198,No,0.2347,0.2436
Q2NL51_S21___1,-0.7186,Yes,0.0001,0.0001
Q2NL51_S278___1,-0.2398,No,0.1684,0.158
Q2PZL6_S4651___1,-0.1508,No,0.3221,0.3745
Q2PZL6_S4656___1,-0.1082,No,0.4102,0.5241
Q2PZL6_S4784___1,0.04129,No,0.5523,0.8079
Q2PZL6_S4878___1,-0.2843,No,0.1124,0.0942
Q2TBE6_S124___1,0.6357,Yes,0.0006,0.0002
Q2TBE6_S462___1,0.813,Yes,0.0001,0.0001
Q2TBE6_S468___1,0.4217,Yes,0.0223,0.013
Q2TBE6_S47___1,0.6178,Yes,0.0008,0.0003
Q2TBE6_S51___1,0.6178,Yes,0.0008,0.0003
Q2VPU4_S698___1,-0.257,No,0.1453,0.1302
Q2VPU4_S33___1,0.05958,No,0.5159,0.7258
Q31125_S312___1,0.4511,Yes,0.0146,0.0079
Q32MD9_S1241___1,0.6135,Yes,0.0009,0.0003
Q32NY4_S694___1,0.2862,No,0.1103,0.092
Q32NY4_S697___1,-0.1594,No,0.3053,0.348
Q32NY4_S706___1,0.05886,No,0.5175,0.729
Q3B7Z2_S349___1,0.2354,No,0.1748,0.1658
Q3B7Z2_S191___1,0.2288,No,0.1849,0.178
Q3TAA7_S388___1,-1.003,Yes,0.0001,0.0001
Q3TAA7_S405___1,4.598,Yes,0.0001,0.0001
Q3TB48_S90___1,-0.2116,No,0.2117,0.2128
Q3TB48_S94___1,0.5005,Yes,0.0068,0.0032
Q3TB48_S120___1,1.075,Yes,0.0001,0.0001
Q3TC46_S179___1,-0.4906,Yes,0.0079,0.0039
Q3TCH7_S10___1,0.1801,No,0.2665,0.2889
Q3TCH7_S12___1,-0.09477,No,0.4401,0.5769
Q3TCX3_S570___1,0.1025,No,0.4231,0.5464
Q3TDN0_S1172___1,0.3392,No,0.0628,0.0458
Q3TDQ1_S495___1,0.7026,Yes,0.0001,0.0001
Q3TDQ1_S496___1,0.1398,No,0.3444,0.4105
Q3TDQ1_S29___1,0.9267,Yes,0.0001,0.0001
Q3TEA8_S513___1,0.7121,Yes,0.0001,0.0001
Q3TEW6_S206___1,0.8354,Yes,0.0001,0.0001
Q3TFK5_S258___1,-0.1568,No,0.3103,0.356
Q3THE2_S20___1,-0.2224,No,0.1945,0.1903
Q3THG9_S409___1,0.4916,Yes,0.0078,0.0038
Q3THG9_S88___1,0.6089,Yes,0.001,0.0003
Q3THK3_S385___1,0.698,Yes,0.0001,0.0001
Q3THK3_S433___1,-1.991,Yes,0.0001,0.0001
Q3THK7_S332___1,-0.2147,No,0.2068,0.2063
Q3TIR3_S435___1,0.1672,No,0.2899,0.3249
Q3TIR3_S501___1,-0.1683,No,0.2878,0.3218
Q3TIX9_S81___1,-0.1503,No,0.323,0.3761
Q3TIX9_S46___1,-0.1301,No,0.3646,0.4438
Q80Y17_S662___1,-0.2049,No,0.2233,0.2276
Q3TJ91_S1006___1,-0.4954,Yes,0.0074,0.0035
Q3TJ91_S1022___1,-0.3679,Yes,0.0449,0.0303
Q3TJD7_S78___1,0.1307,No,0.3634,0.4417
Q3TJD7_S111___1,0.1119,No,0.4023,0.5099
Q3TJD7_S247___1,-0.3577,No,0.0507,0.0352
Q3TJM4_S279___1,-0.04087,No,0.5532,0.8098
Q3TKT4_S1388___1,0.04078,No,0.5533,0.8103
Q3TKT4_S1349___1,0.06144,No,0.512,0.7176
Q3TKT4_S1419___1,-0.09087,No,0.449,0.5927
Q3TKT4_S695___1,-0.1339,No,0.3565,0.4304
Q3TKT4_S699___1,0.1423,No,0.3393,0.4021
Q3TKT4_S610___1,-0.2193,No,0.1992,0.1967
Q3TLD5_S439___1,0.6731,Yes,0.0003,0.0001
Q3TLH4_S755___1,0.8401,Yes,0.0001,0.0001
Q3TLH4_S1219___1,0.5763,Yes,0.0018,0.0007
Q3TLH4_S853___1,0.4869,Yes,0.0085,0.0042
Q3TLH4_S1541___1,0.1264,No,0.3714,0.4567
Q3TLH4_S610___1,0.3668,Yes,0.0455,0.0308
Q3TLH4_S1516___1,0.2557,No,0.1468,0.1322
Q3TLI0_S708___1,0.1163,No,0.393,0.4937
Q3TMW1_S536___1,-0.04343,No,0.5479,0.7982
Q3TMW1_S12___1,0.001708,No,0.6319,0.992
Q3TMW1_S218___1,0.2089,No,0.2164,0.2187
Q3TMW1_S26___1,-0.04286,No,0.549,0.8008
Q3TMW1_S28___1,0.5239,Yes,0.0046,0.002
Q3TN34_S655___1,-0.5849,Yes,0.0015,0.0006
Q3TQI7_S15___1,0.06428,No,0.5063,0.7051
Q3TQI7_S17___1,-0.2306,No,0.182,0.1745
Q3TQI7_S261___1,0.04158,No,0.5517,0.8066
Q3TSG4_S375___1,0.3311,No,0.0689,0.0513
Q3TSG4_S384___1,-0.6673,Yes,0.0003,0.0001
Q3TSG4_S385___1,-0.454,Yes,0.014,0.0075
Q3TSG4_S362___1,-0.681,Yes,0.0002,0.0001
Q3TSG4_S65___1,-0.7363,Yes,0.0001,0.0001
Q3TT38_S215___1,1.37,Yes,0.0001,0.0001
Q3TTL0_S101___1,-0.6213,Yes,0.0007,0.0003
Q3TUF7_S371___1,-0.3368,No,0.0646,0.0474
Q3TUF7_S118___1,0.3087,No,0.0878,0.0691
Q3TUF7_S120___1,-0.3859,Yes,0.0359,0.0231
Q3TUF7_S446___1,0.1167,No,0.3922,0.4921
Q3TUF7_S464___1,-0.8335,Yes,0.0001,0.0001
Q3TUF7_S534___1,-0.8854,Yes,0.0001,0.0001
Q3TV70_S22___1,-0.8624,Yes,0.0001,0.0001
Q3TVI4_S75___1,-0.1256,No,0.3731,0.4595
Q3TVI8_S164___1,1.522,Yes,0.0001,0.0001
Q3TWF6_S641___1,0.1093,No,0.408,0.5199
Q3TWI9_S752___1,1.199,Yes,0.0001,0.0001
Q3TWW8_S314___1,0.07085,No,0.4925,0.6766
Q3TWW8_S316___1,0.0827,No,0.4671,0.6263
Q3TWW8_S81___1,0.1973,No,0.236,0.2454
Q3TWW8_S45___1,-1.602,Yes,0.0001,0.0001
Q3TWW8_S303___1,0.4287,Yes,0.0201,0.0116
Q3TX08_S35___1,-0.2322,No,0.1797,0.1716
Q3TX08_S121___1,-0.2331,No,0.1783,0.17
Q3TY60_S102___1,-0.1193,No,0.3865,0.4826
Q3TY60_S117___1,-0.4326,Yes,0.0191,0.0109
Q3TY60_S313___1,-0.7573,Yes,0.0001,0.0001
Q3TY60_S322___1,-0.09873,No,0.4312,0.561
Q3TY60_S47___1,-0.4258,Yes,0.021,0.0122
Q3TYA6_S51___1,0.02262,No,0.5909,0.8941
Q3TYA6_S267___1,0.05799,No,0.5193,0.7328
Q3TYS2_S168___1,0.01923,No,0.5982,0.9099
Q3TZW0_S207___1,0.3808,Yes,0.0383,0.025
Q3TZZ7_S682___1,0.1234,No,0.3774,0.4676
Q3TZZ7_S685___1,0.1536,No,0.3167,0.366
Q3U0J8_S959___1,0.4115,Yes,0.0257,0.0154
Q3U0V1_S182___1,-0.3855,Yes,0.0361,0.0232
Q3U0V1_S481___1,-0.1455,No,0.3325,0.3915
Q3U108_S283___1,-0.3292,No,0.0703,0.0526
Q3U182_S612___1,-0.5224,Yes,0.0047,0.0021
Q3U1F9_S226___1,0.1059,No,0.4157,0.5328
Q3U1F9_S236___1,-1.047,Yes,0.0001,0.0001
Q3U1F9_S247___1,-0.6745,Yes,0.0002,0.0001
Q3U1F9_S292___1,-0.929,Yes,0.0001,0.0001
Q3U1F9_S295___1,-0.3565,No,0.0514,0.0358
Q3U1J4_S745___1,-0.4787,Yes,0.0096,0.0048
Q3U1T3_S174___1,-0.01876,No,0.5992,0.912
Q3U1V6_S365___1,0.6069,Yes,0.001,0.0004
Q3U214_S156___1,0.1627,No,0.2988,0.3381
Q3U214_S168___1,-0.3151,No,0.0822,0.0636
Q9CU65_S305___1,0.1858,No,0.2562,0.2739
Q3U2I3_S863___1,-0.2247,No,0.1911,0.1858
Q3U2S4_S447___1,0.342,No,0.0609,0.0441
Q3U2S4_S64___1,0.3508,No,0.0549,0.0389
Q3U2S4_S177___1,0.4593,Yes,0.0129,0.0069
Q3U319_S585___1,0.2502,No,0.1539,0.1408
Q3U3E2_S444___1,-0.7111,Yes,0.0001,0.0001
Q3U3E2_S302___1,-0.9233,Yes,0.0001,0.0001
Q3U3E2_S10___1,-0.1247,No,0.3748,0.4627
Q3U3E2_S399___1,0.3871,Yes,0.0354,0.0227
Q3U3E2_S452___1,-0.9035,Yes,0.0001,0.0001
Q3U3N6_S400___1,0.08829,No,0.4545,0.6032
Q3U3S3_S44___1,0.6059,Yes,0.001,0.0004
Q3U3T8_S33___1,0.5433,Yes,0.0033,0.0014
Q3U5C7_S684___1,-0.5668,Yes,0.0021,0.0008
Q3U5C7_S592___1,-0.1431,No,0.3377,0.3996
Q3U6N9_S31___1,0.8439,Yes,0.0001,0.0001
Q3UB74_S405___1,-0.6198,Yes,0.0008,0.0003
Q3UD01_S92___1,0.485,Yes,0.0087,0.0043
Q3UD82_S291___1,-0.4033,Yes,0.0286,0.0176
Q3UD82_S344___1,-0.4329,Yes,0.019,0.0108
Q3UD82_S411___1,-0.4633,Yes,0.0122,0.0064
Q3UDP0_S459___1,0.6399,Yes,0.0005,0.0002
Q3UE31_S324___1,-0.3687,Yes,0.0444,0.0299
Q3UE31_S304___1,-0.3124,No,0.0844,0.0659
Q3UE31_S306___1,0.3328,No,0.0676,0.0501
Q3UFB2_S39___1,0.07752,No,0.4783,0.6481
Q3UFF7_S238___1,0.02621,No,0.5845,0.8774
Q3UFK8_S409___1,-0.507,Yes,0.0061,0.0028
Q3UFK8_S447___1,0.5242,Yes,0.0046,0.002
Q3UFK8_S443___1,0.6695,Yes,0.0003,0.0001
Q3UFY0_S66___1,0.6362,Yes,0.0006,0.0002
Q3UFY8_S79___1,0.3558,No,0.0519,0.0362
Q3UG20_S1002___1,-0.4827,Yes,0.009,0.0045
Q3UG20_S1364___1,0.1817,No,0.2636,0.2846
Q3UGS4_S17___1,0.3818,Yes,0.0379,0.0246
Q3UGS4_S18___1,0.488,Yes,0.0083,0.0041
Q3UGS4_S21___1,0.3409,No,0.0616,0.0447
Q3UH60_S256___1,-0.39,Yes,0.0341,0.0217
Q3UHA3_S776___1,0.292,No,0.1045,0.0856
Q3UHC0_S714___1,-0.07734,No,0.4788,0.6489
Q3UHC0_S465___1,0.495,Yes,0.0074,0.0036
Q3UHC0_S1672___1,-1.245,Yes,0.0001,0.0001
Q3UHD6_S49___1,-0.1328,No,0.3589,0.4344
Q3UHF7_S2413___1,-0.741,Yes,0.0001,0.0001
Q3UHF7_S2285___1,-0.8389,Yes,0.0001,0.0001
Q3UHF7_S2043___1,-0.5342,Yes,0.0038,0.0017
Q3UHJ0_S18___1,0.002735,No,0.6302,0.9872
Q3UHJ0_S21___1,-0.122,No,0.3805,0.4727
Q3UHJ0_S635___1,-1.277,Yes,0.0001,0.0001
Q3UHJ0_S676___1,-0.1948,No,0.2403,0.2514
Q3UHK8_S1202___1,0.4895,Yes,0.0081,0.004
Q3UHK8_S724___1,1.911,Yes,0.0001,0.0001
Q80WC3_S2681___1,-0.2425,No,0.1648,0.1533
Q3UHR0_S1249___1,-0.01779,No,0.6012,0.9166
Q3UHU5_S255___1,-0.1486,No,0.3265,0.3818
Q3UHU5_S43___1,0.098,No,0.4326,0.5639
Q3UHU5_S768___1,-0.3023,No,0.0941,0.0751
Q3UHX0_S716___1,-0.1332,No,0.3582,0.4329
Q3UHX2_S60___1,0.2039,No,0.2249,0.2301
Q3UHX2_S63___1,-0.02001,No,0.5968,0.9062
Q3UHX2_S176___1,0.7039,Yes,0.0001,0.0001
Q3UHX2_S178___1,0.8123,Yes,0.0001,0.0001
Q3UIA2_S671___1,-0.1367,No,0.351,0.4209
Q3UJB9_S884___1,0.09815,No,0.4323,0.5633
Q3UJB9_S849___1,0.4755,Yes,0.0101,0.0051
Q3UJB9_S680___1,0.4721,Yes,0.0107,0.0054
Q3UJB9_S733___1,0.241,No,0.1668,0.1559
Q3UJU9_S46___1,-0.269,No,0.1299,0.1132
Q3UJV1_S330___1,0.6833,Yes,0.0002,0.0001
Q3UKC1_S619___1,-0.2571,No,0.1452,0.1301
Q3UKC1_S632___1,0.8931,Yes,0.0001,0.0001
Q3UKU1_S501___1,0.3912,Yes,0.0336,0.0213
Q3UL36_S74___1,-0.2922,No,0.1044,0.0854
Q3UL36_S75___1,-0.1802,No,0.2663,0.2886
Q3ULW8_S167___1,-0.1452,No,0.3332,0.3927
Q3ULW8_S274___1,-0.4432,Yes,0.0163,0.0091
Q3ULZ2_S948___1,0.1553,No,0.3134,0.3606
Q3ULZ2_S487___1,-0.5951,Yes,0.0013,0.0005
Q3ULZ2_S970___1,-0.7652,Yes,0.0001,0.0001
Q3UM45_S27___1,0.1823,No,0.2626,0.2831
Q3UMB5_S488___1,-0.005068,No,0.6262,0.9762
Q3UMB5_S497___1,-0.7907,Yes,0.0001,0.0001
Q3UMB5_S788___1,-0.09758,No,0.4336,0.5656
Q3UMC0_S18___1,0.2721,No,0.1264,0.1091
Q3UMQ8_S308___1,0.1965,No,0.2375,0.2474
Q3UMR0_S634___1,-0.5431,Yes,0.0033,0.0014
Q3UMT1_S403___1,0.007415,No,0.6222,0.9652
Q3UMT1_S411___1,-0.2136,No,0.2086,0.2086
Q3UMT1_S664___1,-0.04502,No,0.545,0.791
Q3UMT1_S647___1,0.06697,No,0.5001,0.6934
Q3UMT1_S559___1,0.7589,Yes,0.0001,0.0001
Q3UMY5_S144___1,-1.354,Yes,0.0001,0.0001
Q3UMY5_S146___1,-0.6188,Yes,0.0008,0.0003
Q3UMY5_S908___1,-0.5267,Yes,0.0044,0.0019
Q3UPF5_S324___1,0.6076,Yes,0.001,0.0003
Q3UPF5_S350___1,0.3267,No,0.0723,0.0544
Q3UPF5_S805___1,1.387,Yes,0.0001,0.0001
Q3UPH7_S1511___1,-0.4833,Yes,0.009,0.0044
Q3UPH7_S388___1,0.3723,Yes,0.0425,0.0284
Q3UPH7_S397___1,0.7413,Yes,0.0001,0.0001
Q3UPH7_S959___1,-0.1017,No,0.4249,0.5494
Q3UPH7_S1485___1,-0.0228,No,0.5904,0.8932
Q3UPH7_S1467___1,0.2689,No,0.13,0.1134
Q3UPH7_S1472___1,-0.1868,No,0.2547,0.2715
Q3UPL0_S794___1,0.3856,Yes,0.0361,0.0232
Q3UPL0_S798___1,0.1886,No,0.2514,0.2667
Q3UPL0_S801___1,0.834,Yes,0.0001,0.0001
Q3UPL0_S531___1,-0.179,No,0.2685,0.292
Q3UPL0_S1173___1,-0.2343,No,0.1767,0.1678
Q3UPL0_S820___1,0.3101,No,0.0865,0.0679
Q3UQA7_S72___1,-0.661,Yes,0.0003,0.0001
Q3UQN2_S507___1,0.1752,No,0.2751,0.3024
Q3UQN2_S681___1,0.1079,No,0.411,0.5254
Q3UQN2_S487___1,-0.2179,No,0.2016,0.1996
Q3UQN2_S495___1,0.2235,No,0.1928,0.1882
Q3UQU0_S565___1,0.4045,Yes,0.0283,0.0173
Q3UQU0_S103___1,-0.124,No,0.3762,0.4654
Q3UR70_S853___1,-0.4887,Yes,0.0082,0.004
Q3US17_S229___1,0.2633,No,0.1371,0.1212
Q3USB7_S96___1,-0.1207,No,0.3834,0.4774
Q3USB7_S570___1,-0.4942,Yes,0.0075,0.0036
Q3USH5_S821___1,-0.003547,No,0.629,0.9833
Q3USH5_S903___1,0.798,Yes,0.0001,0.0001
Q3USH5_S831___1,-0.1937,No,0.242,0.254
Q3USH5_S283___1,0.01009,No,0.6165,0.9527
Q3USH5_S601___1,-0.1571,No,0.3096,0.355
Q3UTQ8_S407___1,0.1352,No,0.3539,0.4261
Q3UTQ8_S479___1,-0.1886,No,0.2516,0.2669
Q3UTQ8_S306___1,-0.1001,No,0.4284,0.5556
Q3UTQ8_S691___1,-0.05729,No,0.5203,0.7359
Q3UTZ3_S517___1,-0.3286,No,0.0708,0.053
Q3UU96_S1638___1,-0.3713,Yes,0.0431,0.0288
Q3UU96_S1641___1,-0.3195,No,0.0784,0.06
Q3UU96_S856___1,0.4025,Yes,0.029,0.0178
Q3UU96_S750___1,0.1494,No,0.3249,0.379
Q3UU96_S1532___1,-0.1516,No,0.3204,0.3721
Q3UU96_S1706___1,-0.4603,Yes,0.0127,0.0067
Q3UU96_S1708___1,-0.07223,No,0.4897,0.6707
Q3UU96_S1616___1,-0.3781,Yes,0.0396,0.026
Q3UU96_S1622___1,-0.1551,No,0.3139,0.3613
Q3UU96_S1603___1,0.2716,No,0.127,0.1098
Q3UVL4_S652___1,1.138,Yes,0.0001,0.0001
Q3UW53_S581___1,0.3337,No,0.0668,0.0494
Q3UW53_S591___1,0.04029,No,0.554,0.8125
Q3UW53_S595___1,0.156,No,0.3121,0.3585
Q3UW53_S755___1,0.4261,Yes,0.021,0.0121
Q3UW53_S601___1,0.1562,No,0.3116,0.3578
Q3UWM4_S634___1,-0.2805,No,0.1166,0.0986
Q3UY34_S155___1,0.02485,No,0.5871,0.8837
Q3UYI5_S707___1,2.05,Yes,0.0001,0.0001
Q3UYI5_S568___1,0.178,No,0.2701,0.2946
Q3UYI5_S510___1,-0.4766,Yes,0.0099,0.005
Q3UYV9_S22___1,-0.0388,No,0.5567,0.8193
Q3UZ39_S302___1,0.3458,No,0.0581,0.0417
Q3UZ39_S614___1,1.592,Yes,0.0001,0.0001
Q3UZ39_S88___1,0.2119,No,0.2112,0.2122
Q3UZ39_S84___1,0.6881,Yes,0.0002,0.0001
Q3UZ39_S547___1,1.229,Yes,0.0001,0.0001
Q3V300_S407___1,2.532,Yes,0.0001,0.0001
Q3V3Q7_S424___1,-0.1089,No,0.4087,0.5213
Q3V3Q7_S387___1,-0.6829,Yes,0.0002,0.0001
Q3V3R1_S356___1,-0.287,No,0.1095,0.0911
Q3ZT31_S274___1,0.4486,Yes,0.0151,0.0083
Q497H0_S124___1,1.685,Yes,0.0001,0.0001
Q497H0_S129___1,3.662,Yes,0.0001,0.0001
Q4FK66_S209___1,-0.4516,Yes,0.0145,0.0078
Q4FK66_S216___1,0.1379,No,0.3485,0.417
Q4FZH1_S280___1,0.5056,Yes,0.0062,0.0029
Q4JIM5_S621___1,-0.7397,Yes,0.0001,0.0001
Q4JIM5_S819___1,-0.449,Yes,0.015,0.0082
Q4JIM5_S822___1,-0.2418,No,0.1657,0.1546
Q4LDD4_S430___1,-0.4585,Yes,0.0131,0.0069
Q4LDD4_S232___1,-0.3489,No,0.0561,0.04
Q4V9W2_S97___1,0.0126,No,0.6115,0.9409
Q4V9W2_S144___1,-0.0995,No,0.4295,0.558
Q4VA36_S176___1,0.2899,No,0.1066,0.0879
Q4VA55_S25___1,-0.4905,Yes,0.008,0.0039
Q4VAA2_S51___1,0.2659,No,0.1338,0.1175
Q4VAA2_S68___1,0.3836,Yes,0.037,0.0239
Q4VAA2_S70___1,0.006857,No,0.623,0.9678
Q4VAA7_S169___1,-0.1771,No,0.2717,0.2972
Q4VAA7_S261___1,-0.3913,Yes,0.0336,0.0212
Q4VBD9_S193___1,0.3553,No,0.0522,0.0365
Q4VBD9_S611___1,0.205,No,0.2233,0.2275
Q4VGL6_S861___1,-0.2542,No,0.1486,0.1344
Q4VGL6_S1107___1,0.1614,No,0.3012,0.3418
Q501J6_S492___1,-0.1182,No,0.3888,0.4864
Q501J6_S493___1,-0.6838,Yes,0.0002,0.0001
Q501J7_S436___1,-0.4921,Yes,0.0078,0.0038
Q501J7_S444___1,0.1238,No,0.3765,0.466
Q501J7_S620___1,-0.3496,No,0.0556,0.0396
Q501J7_S148___1,0.09694,No,0.4351,0.5682
Q501J7_S557___1,-0.05468,No,0.5254,0.7475
Q501J7_S174___1,-0.5637,Yes,0.0023,0.0009
Q501J7_S118___1,-0.6225,Yes,0.0007,0.0002
Q505F1_S203___1,-0.3227,No,0.0757,0.0574
Q505F5_S293___1,2.133,Yes,0.0001,0.0001
Q505F5_S519___1,0.1803,No,0.2663,0.2886
Q52KB6_S453___1,0.2451,No,0.1612,0.149
Q52KE7_S358___1,0.0008259,No,0.6339,0.9961
Q52KE7_S380___1,-0.1944,No,0.2409,0.2524
Q52KF3_S365___1,0.4135,Yes,0.025,0.0149
Q52KI8_S779___1,0.2995,No,0.0968,0.0779
Q52KI8_S781___1,-0.09685,No,0.4354,0.5685
Q52KI8_S714___1,-0.1304,No,0.3639,0.4427
Q52KI8_S694___1,-0.03881,No,0.5567,0.8192
Q52KI8_S220___1,-0.04696,No,0.541,0.7822
Q52KI8_S448___1,-0.1222,No,0.3801,0.4719
Q52KI8_S450___1,0.3028,No,0.0936,0.0747
Q52KI8_S731___1,-0.285,No,0.1115,0.0933
Q52KI8_S733___1,-0.04894,No,0.5366,0.7732
Q52KI8_S10___1,0.0968,No,0.4354,0.5687
Q52KI8_S401___1,0.4267,Yes,0.0208,0.012
Q52KI8_S915___1,-0.1431,No,0.3376,0.3994
Q52KI8_S810___1,0.05023,No,0.5338,0.7675
Q52KI8_S427___1,-0.6914,Yes,0.0002,0.0001
Q52KI8_S429___1,-0.4671,Yes,0.0115,0.006
Q52KI8_S461___1,0.02452,No,0.5876,0.8852
Q52KI8_S387___1,0.3383,No,0.0635,0.0464
Q52KI8_S391___1,-0.05792,No,0.5194,0.7331
Q52KI8_S635___1,-0.0598,No,0.5156,0.7248
Q52KI8_S797___1,0.3069,No,0.0895,0.0708
Q52KI8_S550___1,-0.1338,No,0.3569,0.431
Q52KI8_S616___1,-0.04899,No,0.5365,0.773
Q52KI8_S624___1,-0.1058,No,0.4159,0.5332
Q569Z5_S804___1,-0.2031,No,0.2262,0.2317
Q569Z6_S238___1,-0.2209,No,0.197,0.1934
Q569Z6_S243___1,-0.4587,Yes,0.013,0.0069
Q569Z6_S248___1,-0.2042,No,0.2244,0.2292
Q569Z6_S572___1,0.1726,No,0.2798,0.3096
Q569Z6_S379___1,-0.2026,No,0.2272,0.233
Q569Z6_S253___1,-0.1015,No,0.4256,0.5503
Q569Z6_S924___1,-0.3225,No,0.0759,0.0576
Q569Z6_S935___1,-0.5069,Yes,0.0061,0.0028
Q569Z6_S233___1,0.09188,No,0.4467,0.5885
Q569Z6_S695___1,0.04037,No,0.5539,0.8121
Q569Z6_S679___1,-0.3387,No,0.0632,0.0461
Q569Z6_S669___1,-0.7168,Yes,0.0001,0.0001
Q569Z6_S315___1,-0.6562,Yes,0.0004,0.0001
Q569Z6_S320___1,-0.4304,Yes,0.0197,0.0113
Q569Z6_S505___1,-0.3129,No,0.084,0.0655
Q569Z6_S507___1,-0.3364,No,0.0649,0.0477
Q569Z6_S860___1,0.06029,No,0.5145,0.7226
Q569Z6_S182___1,-0.2554,No,0.1471,0.1327
Q569Z6_S405___1,-0.3632,Yes,0.0476,0.0325
Q56A04_S49___1,-0.7208,Yes,0.0001,0.0001
Q56A08_S485___1,0.231,No,0.1816,0.1739
Q56A08_S144___1,0.4163,Yes,0.024,0.0143
Q56A08_S348___1,0.2409,No,0.1669,0.1561
Q56A10_S894___1,0.5131,Yes,0.0055,0.0025
Q56A10_S626___1,0.2199,No,0.1984,0.1954
Q56A10_S1452___1,0.5176,Yes,0.0051,0.0023
Q571H0_S17___1,1.376,Yes,0.0001,0.0001
Q571I4_S131___1,-0.07155,No,0.4912,0.6736
Q571I4_S209___1,-0.1849,No,0.2581,0.2764
Q571I4_S219___1,0.6983,Yes,0.0001,0.0001
Q571I4_S687___1,-0.1241,No,0.3761,0.4648
Q571I4_S828___1,0.0686,No,0.4971,0.6863
Q571I4_S704___1,0.06248,No,0.51,0.713
Q571I4_S720___1,-0.0572,No,0.5205,0.7363
Q571I4_S671___1,-0.02061,No,0.5955,0.9034
Q571I9_S538___1,0.1417,No,0.3405,0.404
Q571K4_S510___1,-0.01097,No,0.6145,0.9485
Q58FA4_S102___1,1.797,Yes,0.0001,0.0001
Q59J78_S157___1,1.039,Yes,0.0001,0.0001
Q5BL07_S1210___1,0.1459,No,0.3317,0.3903
Q5BL07_S1212___1,0.1978,No,0.2351,0.2442
Q5BL07_S1182___1,0.2537,No,0.1493,0.1353
Q5BLK4_S172___1,0.5036,Yes,0.0064,0.003
Q5BLK4_S705___1,0.912,Yes,0.0001,0.0001
Q5BLK4_S645___1,0.02457,No,0.5875,0.885
Q5D1E7_S394___1,0.1134,No,0.3995,0.5043
Q5DTM8_S138___1,-0.6324,Yes,0.0006,0.0002
Q5DTT3_S698___1,0.8684,Yes,0.0001,0.0001
Q5DTT3_S1863___1,0.2873,No,0.1091,0.0907
Q5DTT3_S2012___1,-0.04669,No,0.5415,0.7834
Q5DTU0_S645___1,-0.3627,Yes,0.0478,0.0327
Q5DTU0_S772___1,-0.8101,Yes,0.0001,0.0001
Q5DTU0_S484___1,0.1329,No,0.3588,0.4341
Q5DTV4_S124___1,-0.8692,Yes,0.0001,0.0001
Q5DTX6_S980___1,0.07159,No,0.4912,0.6734
Q5DTX6_S1248___1,-0.05172,No,0.5307,0.7608
Q5DTX6_S954___1,-0.6999,Yes,0.0001,0.0001
Q5DTX6_S693___1,0.7736,Yes,0.0001,0.0001
Q5DTX6_S678___1,-1.098,Yes,0.0001,0.0001
Q5DTX6_S218___1,0.3114,No,0.0853,0.0667
Q5DTX6_S1234___1,-0.1765,No,0.2727,0.2988
Q5DTX6_S655___1,-0.7694,Yes,0.0001,0.0001
Q5DTX6_S888___1,0.09222,No,0.446,0.5872
Q5DU09_S196___1,-0.6917,Yes,0.0002,0.0001
Q5DU25_S731___1,-0.1465,No,0.3307,0.3884
Q5DU25_S334___1,0.7561,Yes,0.0001,0.0001
Q5DU25_S383___1,0.4722,Yes,0.0106,0.0054
Q5EBG6_S16___1,0.3621,Yes,0.0481,0.033
Q5EG47_S496___1,-0.3906,Yes,0.0339,0.0215
Q5EG47_S486___1,0.1457,No,0.3322,0.3911
Q5F293_S559___1,-0.206,No,0.2215,0.2252
Q5F2E7_S626___1,0.7089,Yes,0.0001,0.0001
Q5F2E7_S213___1,0.3756,Yes,0.0408,0.027
Q5F2E7_S215___1,0.6633,Yes,0.0003,0.0001
Q5F2E7_S649___1,0.1835,No,0.2605,0.2801
Q5F2E7_S689___1,0.469,Yes,0.0112,0.0058
Q5F2E7_S231___1,0.4512,Yes,0.0145,0.0079
Q5F2E7_S113___1,0.6964,Yes,0.0001,0.0001
Q5F2E7_S376___1,1.134,Yes,0.0001,0.0001
Q5F2E8_S421___1,0.04071,No,0.5533,0.8106
Q5F2E8_S426___1,0.3335,No,0.067,0.0496
Q5F2E8_S965___1,-0.116,No,0.3936,0.4947
Q5F2E8_S458___1,-0.2778,No,0.1197,0.1019
Q5F2E8_S974___1,-0.6435,Yes,0.0005,0.0002
Q5F2E8_S445___1,0.2255,No,0.1899,0.1842
Q5FWH2_S15___1,0.5208,Yes,0.0048,0.0022
Q5FWH2_S232___1,-0.4559,Yes,0.0136,0.0073
Q5FWI3_S10___1,0.7246,Yes,0.0001,0.0001
Q5FWI3_S53___1,0.2734,No,0.1248,0.1074
Q5FWI3_S71___1,0.2625,No,0.1379,0.1223
Q5FWI3_S46___1,0.8697,Yes,0.0001,0.0001
Q5FWK3_S51___1,0.2434,No,0.1637,0.1519
Q5GH66_S559___1,0.3849,Yes,0.0364,0.0234
Q5HZG4_S297___1,-0.04527,No,0.5447,0.7899
Q5HZG4_S301___1,-0.197,No,0.2365,0.2462
Q5HZG4_S229___1,0.7172,Yes,0.0001,0.0001
Q5HZG4_S183___1,0.05684,No,0.521,0.7379
Q5HZI1_S795___1,-0.6246,Yes,0.0007,0.0002
Q5HZI1_S533___1,-0.506,Yes,0.0062,0.0029
Q5HZI1_S1195___1,0.2565,No,0.1459,0.131
Q5HZI1_S1208___1,1.259,Yes,0.0001,0.0001
Q5HZI1_S743___1,-0.2929,No,0.1036,0.0846
Q5HZI1_S380___1,-0.3098,No,0.0869,0.0681
Q5HZJ0_S354___1,0.5156,Yes,0.0053,0.0024
Q5HZJ0_S356___1,0.3459,No,0.0581,0.0417
Q5I1X5_S151___1,-0.2697,No,0.1291,0.1123
Q5I1X5_S158___1,-0.6325,Yes,0.0006,0.0002
Q5I1X5_S394___1,-0.8456,Yes,0.0001,0.0001
Q5I1X5_S140___1,-1.048,Yes,0.0001,0.0001
Q5I1X5_S73___1,-0.9579,Yes,0.0001,0.0001
Q5M956_S12___1,0.5474,Yes,0.0031,0.0013
Q5NC05_S119___1,0.4578,Yes,0.0132,0.007
Q5NCF2_S132___1,0.3248,No,0.0739,0.0558
Q5NCQ5_S418___1,-0.3474,No,0.0571,0.0408
Q5NCR9_S254___1,-0.1538,No,0.3161,0.3652
Q5NCR9_S31___1,-0.5905,Yes,0.0014,0.0005
Q5NCR9_S33___1,-0.4682,Yes,0.0113,0.0058
Q5ND34_S682___1,0.1562,No,0.3116,0.3579
Q5ND34_S1570___1,-0.5963,Yes,0.0012,0.0004
Q5ND34_S308___1,-0.5329,Yes,0.0039,0.0017
Q5ND52_S42___1,0.3073,No,0.0892,0.0704
Q5PR73_S35___1,1.051,Yes,0.0001,0.0001
Q5PRE5_S596___1,0.9878,Yes,0.0001,0.0001
Q5PRF0_S2029___1,0.124,No,0.3762,0.4654
Q5PSV9_S157___1,0.1431,No,0.3376,0.3995
Q5PSV9_S595___1,0.719,Yes,0.0001,0.0001
Q5PSV9_S1433___1,0.3849,Yes,0.0364,0.0234
Q5PSV9_S1443___1,1.386,Yes,0.0001,0.0001
Q5PSV9_S168___1,0.2737,No,0.1246,0.1071
Q5RJI5_S563___1,0.1299,No,0.3648,0.4442
Q5RJI5_S384___1,0.4444,Yes,0.016,0.0089
Q5RJI5_S508___1,0.09776,No,0.4332,0.5649
Q5S006_S926___1,-0.1848,No,0.2582,0.2767
Q5S006_S935___1,-0.4381,Yes,0.0176,0.0099
Q5S006_S910___1,0.7591,Yes,0.0001,0.0001
Q5SF07_S162___1,-0.3078,No,0.0887,0.0699
Q5SF07_S164___1,-0.2682,No,0.131,0.1143
Q5SPL2_S131___1,-0.1861,No,0.2558,0.2731
Q5SPL2_S661___1,0.2058,No,0.2218,0.2256
Q5SQF8_S98___1,-0.08951,No,0.4517,0.5982
Q5SSI6_S54___1,0.6461,Yes,0.0005,0.0001
Q5SSZ5_S934___1,-0.2833,No,0.1134,0.0953
Q5SSZ5_S1196___1,-0.319,No,0.0788,0.0603
Q5SSZ5_S740___1,-0.9641,Yes,0.0001,0.0001
Q5SSZ5_S745___1,-1.426,Yes,0.0001,0.0001
Q5SSZ5_S752___1,0.05768,No,0.5197,0.7341
Q5SSZ5_S690___1,-0.01584,No,0.6049,0.9257
Q5SSZ5_S769___1,-0.5179,Yes,0.0051,0.0023
Q5SSZ5_S1288___1,0.2339,No,0.1771,0.1685
Q5SSZ5_S946___1,0.4811,Yes,0.0092,0.0046
Q5SSZ5_S1436___1,1.383,Yes,0.0001,0.0001
Q5SU73_S222___1,0.3412,No,0.0614,0.0445
Q5SU73_S171___1,-0.1542,No,0.3155,0.364
Q5SU73_S146___1,0.6944,Yes,0.0002,0.0001
Q5SUF2_S425___1,0.07057,No,0.493,0.6778
Q5SUF2_S431___1,-0.5925,Yes,0.0013,0.0005
Q5SV85_S1067___1,-0.5413,Yes,0.0034,0.0014
Q5SV85_S1079___1,-0.858,Yes,0.0001,0.0001
Q5SW75_S487___1,0.3364,No,0.0649,0.0477
Q5SW75_S672___1,-0.1071,No,0.4125,0.5282
Q5SWP3_S1268___1,0.2868,No,0.1097,0.0913
Q5SWP3_S998___1,0.7567,Yes,0.0001,0.0001
Q5SWU9_S29___1,1.327,Yes,0.0001,0.0001
Q5SWU9_S2342___1,1.644,Yes,0.0001,0.0001
Q5SWU9_S79___1,1.405,Yes,0.0001,0.0001
Q5SXA9_S939___1,-0.6691,Yes,0.0003,0.0001
Q5SXA9_S523___1,-0.3062,No,0.0902,0.0714
Q5SXY1_S343___1,-0.5806,Yes,0.0017,0.0006
Q5SXY1_S55___1,0.2959,No,0.1004,0.0815
Q5SXY1_S111___1,-0.01966,No,0.5972,0.9079
Q5SXY1_S115___1,-0.6121,Yes,0.0009,0.0003
Q5SXY1_S133___1,0.7086,Yes,0.0001,0.0001
Q5SXY1_S810___1,-0.431,Yes,0.0195,0.0112
Q5SXY1_S914___1,-0.1118,No,0.4027,0.5105
Q5SXY1_S935___1,-0.1295,No,0.3656,0.4459
Q5SXY1_S847___1,-0.1665,No,0.2911,0.3269
Q5SXY1_S863___1,0.01239,No,0.6119,0.9418
Q5SXY1_S207___1,-0.03929,No,0.5558,0.8171
Q5U3K5_S483___1,-0.01059,No,0.6151,0.9503
Q5U3K5_S502___1,0.05013,No,0.534,0.7679
Q5U430_S1055___1,0.2065,No,0.2207,0.2242
Q5U431_S380___1,0.03102,No,0.5737,0.8551
Q5U431_S384___1,-0.5245,Yes,0.0046,0.002
Q5U431_S387___1,-0.06945,No,0.4952,0.6826
Q5U431_S390___1,-0.5996,Yes,0.0012,0.0004
Q5U431_S397___1,0.0827,No,0.4671,0.6263
Q5U464_S856___1,1.09,Yes,0.0001,0.0001
Q5U464_S863___1,0.3276,No,0.0715,0.0538
Q5U464_S867___1,0.26,No,0.1413,0.1259
Q5U464_S291___1,1.197,Yes,0.0001,0.0001
Q5U464_S786___1,0.9125,Yes,0.0001,0.0001
Q5U464_S751___1,-0.07237,No,0.4895,0.67
Q5U4C3_S912___1,-0.1355,No,0.3532,0.4251
Q5U4C3_S442___1,-0.1646,No,0.295,0.3326
Q5U4C3_S447___1,-0.2049,No,0.2234,0.2277
Q5U4C3_S510___1,-0.4766,Yes,0.0099,0.005
Q5U4C3_S518___1,0.0541,No,0.5262,0.7501
Q5U4C3_S821___1,-0.06274,No,0.5095,0.7119
Q5U4C3_S240___1,-0.2694,No,0.1295,0.1127
Q5U4C3_S493___1,-0.3226,No,0.0759,0.0576
Q5U4C9_S30___1,-0.0771,No,0.4792,0.6499
Q5U4D8_S585___1,-0.8916,Yes,0.0001,0.0001
Q5U4F6_S15___1,0.2753,No,0.1225,0.105
Q5U5Q9_S379___1,0.4309,Yes,0.0195,0.0112
Q5U5Q9_S665___1,-0.1444,No,0.3349,0.3952
Q5XF89_S1212___1,-0.6229,Yes,0.0007,0.0002
Q5XF89_S813___1,-0.4765,Yes,0.0099,0.005
Q5XJE5_S609___1,0.5425,Yes,0.0033,0.0014
Q5XJE5_S631___1,-0.09759,No,0.4336,0.5656
Q5XJE5_S659___1,-0.07528,No,0.4832,0.6576
Q5XJY5_S223___1,-0.01172,No,0.6132,0.945
Q5XKN4_S15___1,0.2281,No,0.1858,0.1792
Q5XPI3_S14___1,-0.4226,Yes,0.022,0.0128
Q5Y5T2_S19___1,0.1991,No,0.233,0.2411
Q5Y5T2_S47___1,0.04212,No,0.5505,0.8042
Q5Y5T5_S335___1,-0.03419,No,0.5664,0.8405
Q5Y5T5_S534___1,0.1357,No,0.3528,0.4243
Q8VDZ4_S704___1,-0.02397,No,0.5882,0.8878
Q5Y5T5_S672___1,0.1411,No,0.3418,0.4061
Q5Y5T5_S523___1,0.158,No,0.3078,0.3522
Q5Y5T5_S432___1,-0.07057,No,0.493,0.6778
Q5Y5T5_S603___1,0.6722,Yes,0.0003,0.0001
Q60520_S941___1,-0.1296,No,0.3655,0.4455
Q60520_S833___1,-0.04806,No,0.5385,0.7772
Q60520_S10___1,-0.01911,No,0.5984,0.9104
Q60520_S1113___1,-0.2711,No,0.1276,0.1105
Q811L6_S862___1,-0.3294,No,0.0702,0.0524
Q60592_S1700___1,0.2592,No,0.1423,0.1269
Q60592_S841___1,-0.2028,No,0.2268,0.2325
Q60592_S970___1,-0.5857,Yes,0.0015,0.0006
Q60592_S1367___1,-0.1461,No,0.3314,0.3897
Q60592_S14___1,0.03229,No,0.5706,0.8492
Q60592_S1319___1,-0.02367,No,0.5888,0.8891
Q60592_S88___1,-0.01619,No,0.6044,0.9241
Q60592_S32___1,-0.14,No,0.344,0.4096
Q811L6_S1436___1,-0.3978,Yes,0.0308,0.0192
Q60592_S817___1,0.04351,No,0.5478,0.7978
Q60592_S766___1,-0.05337,No,0.5273,0.7534
Q60596_S446___1,0.515,Yes,0.0053,0.0024
Q60598_S407___1,0.006472,No,0.6235,0.9696
Q60598_S150___1,0.2842,No,0.1124,0.0942
Q60598_S418___1,0.2203,No,0.1979,0.1946
Q60605_S135___1,-1.996,Yes,0.0001,0.0001
Q60605_S57___1,-0.606,Yes,0.001,0.0004
Q60610_S231___1,-0.3069,No,0.0895,0.0708
Q60610_S219___1,1.241,Yes,0.0001,0.0001
Q60610_S358___1,0.1843,No,0.2591,0.278
Q60670_S549___1,-0.4175,Yes,0.0237,0.014
Q60692_S57___1,-0.1037,No,0.4204,0.5414
Q60695_S747___1,0.2362,No,0.1735,0.1643
Q60714_S468___1,0.05112,No,0.532,0.7634
Q60737_S277___1,-0.2526,No,0.1507,0.1369
Q60738_S502___1,0.5304,Yes,0.0041,0.0018
Q60749_S58___1,-0.07197,No,0.4903,0.6718
Q60749_S322___1,1.349,Yes,0.0001,0.0001
Q60749_S38___1,1.031,Yes,0.0001,0.0001
Q60750_S911___1,-0.4419,Yes,0.0167,0.0093
Q60751_S1345___1,-0.9741,Yes,0.0001,0.0001
Q60769_S631___1,-0.1602,No,0.3037,0.3454
Q60769_S571___1,-1.102,Yes,0.0001,0.0001
Q60770_S508___1,-0.5052,Yes,0.0063,0.0029
Q60774_S269___1,0.7088,Yes,0.0001,0.0001
Q60775_S187___1,-0.426,Yes,0.021,0.0121
Q60778_S346___1,0.0005265,No,0.6345,0.9975
Q60780_S97___1,0.1559,No,0.3121,0.3586
Q60780_S101___1,1.011,Yes,0.0001,0.0001
Q60780_S108___1,0.4703,Yes,0.0109,0.0056
Q60790_S833___1,0.04492,No,0.5452,0.7914
Q60790_S528___1,-0.6262,Yes,0.0007,0.0002
Q60790_S809___1,0.0197,No,0.5972,0.9077
Q60793_S251___1,-0.05526,No,0.5241,0.7449
Q60805_S538___1,-0.2738,No,0.1245,0.107
Q60823_S126___1,2.26,Yes,0.0001,0.0001
Q60823_S474___1,3.673,Yes,0.0001,0.0001
Q60838_S618___1,-0.8802,Yes,0.0001,0.0001
Q60855_S313___1,0.5194,Yes,0.005,0.0022
Q60855_S415___1,-0.3737,Yes,0.0418,0.0278
Q60864_S481___1,0.392,Yes,0.0332,0.021
Q60872_S102___1,-0.2488,No,0.1558,0.1429
Q60876_S64___1,2.384,Yes,0.0001,0.0001
Q60902_S229___1,-0.08674,No,0.4578,0.6096
Q60902_S570___1,-0.4532,Yes,0.0141,0.0076
Q60925_S86___1,0.3668,Yes,0.0455,0.0308
Q60925_S161___1,0.523,Yes,0.0047,0.0021
Q60930_S116___1,-0.3531,No,0.0535,0.0377
Q60949_S521___1,0.1778,No,0.2705,0.2953
Q60949_S565___1,-0.09816,No,0.4323,0.5633
Q60949_S497___1,0.064,No,0.5068,0.7063
Q60949_S621___1,-0.1006,No,0.4274,0.5537
Q60949_S623___1,0.0807,No,0.4714,0.6347
Q60952_S2302___1,-0.02337,No,0.5893,0.8906
Q60953_S609___1,-0.3961,Yes,0.0315,0.0197
Q60953_S528___1,0.04654,No,0.5419,0.7841
Q60953_S515___1,-0.4079,Yes,0.027,0.0163
Q60953_S557___1,0.2039,No,0.2249,0.23
Q60953_S17___1,-0.05566,No,0.5237,0.7432
Q60972_S355___1,-0.1806,No,0.2657,0.2878
Q60973_S354___1,0.149,No,0.3257,0.3805
Q60974_S2329___1,0.5601,Yes,0.0024,0.001
Q60980_S71___1,-0.254,No,0.1489,0.1348
Q60980_S91___1,-0.2991,No,0.0972,0.0782
Q60980_S249___1,-0.03534,No,0.5637,0.8352
Q60980_S110___1,-0.1548,No,0.3143,0.3621
Q61026_S29___1,-0.2741,No,0.124,0.1066
Q61026_S736___1,-0.1533,No,0.3173,0.3668
Q61026_S699___1,-0.2629,No,0.1374,0.1216
Q61026_S565___1,-0.2965,No,0.0998,0.0809
Q61026_S487___1,-0.2489,No,0.1558,0.1429
Q61026_S493___1,-0.3018,No,0.0945,0.0756
Q61026_S499___1,-0.2311,No,0.1815,0.1737
Q61026_S851___1,0.01502,No,0.6065,0.9295
Q61029_S288___1,-0.2683,No,0.1308,0.1142
Q61029_S291___1,0.0806,No,0.4717,0.6351
Q61033_S155___1,-1.249,Yes,0.0001,0.0001
Q61033_S158___1,-0.6482,Yes,0.0004,0.0001
Q61033_S166___1,-1.287,Yes,0.0001,0.0001
Q61033_S66___1,-0.1494,No,0.325,0.379
Q61033_S67___1,-0.1026,No,0.4227,0.5456
Q61033_S79___1,-0.2496,No,0.1546,0.1416
Q61033_S82___1,-0.02402,No,0.5882,0.8875
Q61029_S183___1,-0.684,Yes,0.0002,0.0001
Q61033_S308___1,0.6938,Yes,0.0002,0.0001
Q61033_S183___1,-0.5206,Yes,0.0049,0.0022
Q61033_S411___1,-0.3641,Yes,0.0471,0.0321
Q61033_S422___1,0.683,Yes,0.0002,0.0001
Q61033_S291___1,-0.06713,No,0.4997,0.6927
Q61062_S700___1,-0.103,No,0.4222,0.5443
Q61069_S309___1,-0.841,Yes,0.0001,0.0001
Q61069_S186___1,-0.116,No,0.3936,0.4945
Q61070_S46___1,0.1309,No,0.3631,0.4409
Q61072_S735___1,0.5655,Yes,0.0022,0.0009
Q61074_S524___1,-0.07655,No,0.4807,0.6522
Q61080_S334___1,-0.3951,Yes,0.0319,0.02
Q61083_S239___1,-0.3764,Yes,0.0405,0.0267
Q61083_S331___1,-0.215,No,0.2061,0.2055
Q61083_S153___1,-0.7296,Yes,0.0001,0.0001
Q61083_S514___1,-0.2998,No,0.0965,0.0776
Q61084_S250___1,-0.08855,No,0.4539,0.6021
Q61084_S337___1,0.1908,No,0.2475,0.2613
Q61084_S340___1,-0.07974,No,0.4733,0.6388
Q61084_S147___1,-0.2534,No,0.1497,0.1358
Q61084_S355___1,-0.2684,No,0.1307,0.114
Q61084_S237___1,0.02193,No,0.5925,0.8972
Q61089_S656___1,-0.4631,Yes,0.0122,0.0064
Q61097_S320___1,-0.02463,No,0.5874,0.8847
Q61097_S392___1,0.09174,No,0.447,0.5891
Q61097_S838___1,-0.1949,No,0.2402,0.2511
Q61103_S142___1,-1.287,Yes,0.0001,0.0001
Q61122_S327___1,0.4899,Yes,0.008,0.0039
Q61122_S405___1,0.2574,No,0.1448,0.1297
Q61124_S14___1,-0.05696,No,0.5209,0.7373
Q61127_S159___1,-0.1517,No,0.3204,0.3717
Q61127_S162___1,0.1521,No,0.3196,0.3706
Q61127_S6___1,-0.3223,No,0.076,0.0577
Q61127_S515___1,-0.6712,Yes,0.0003,0.0001
Q61127_S171___1,0.2972,No,0.0991,0.0801
Q61136_S437___1,-0.03969,No,0.5551,0.8153
Q61136_S33___1,0.6781,Yes,0.0002,0.0001
Q61136_S88___1,0.178,No,0.2701,0.2946
Q61136_S94___1,0.1227,No,0.3789,0.47
Q61136_S366___1,-0.04659,No,0.5418,0.7839
Q61142_S199___1,-0.8286,Yes,0.0001,0.0001
Q61142_S39___1,0.5727,Yes,0.0019,0.0007
Q61161_S328___1,0.06319,No,0.5088,0.7099
Q61165_S707___1,0.4356,Yes,0.0183,0.0103
Q61165_S801___1,0.2061,No,0.2212,0.2249
Q61165_S609___1,-0.0441,No,0.5467,0.7952
Q61165_S697___1,-0.313,No,0.0839,0.0654
Q61165_S776___1,0.5674,Yes,0.0021,0.0008
Q61165_S790___1,-0.2842,No,0.1124,0.0942
Q61166_S155___1,0.2773,No,0.1203,0.1026
Q61169_S266___1,0.6934,Yes,0.0002,0.0001
Q61179_S139___1,-0.2403,No,0.1678,0.1572
Q61179_S247___1,-0.7982,Yes,0.0001,0.0001
Q61179_S162___1,-1.546,Yes,0.0001,0.0001
Q61183_S24___1,0.2008,No,0.2299,0.2371
Q61183_S537___1,0.4027,Yes,0.0289,0.0178
Q61191_S1516___1,0.2082,No,0.2178,0.2204
Q61191_S2030___1,0.3358,No,0.0654,0.0481
Q61191_S598___1,0.6139,Yes,0.0009,0.0003
Q61193_S619___1,-0.246,No,0.16,0.1476
Q61194_S60___1,0.00241,No,0.6306,0.9887
Q61214_S748___1,-0.4986,Yes,0.007,0.0033
Q61214_S758___1,-0.495,Yes,0.0074,0.0036
Q61216_S686___1,-0.07614,No,0.4815,0.6539
Q61216_S2___1,0.02791,No,0.5808,0.8695
Q61216_S648___1,-0.2671,No,0.1323,0.1158
Q61234_S183___1,0.4461,Yes,0.0156,0.0086
Q61234_S194___1,0.4232,Yes,0.0218,0.0127
Q61234_S195___1,0.7049,Yes,0.0001,0.0001
Q61235_S75___1,-0.08996,No,0.4508,0.5964
Q61235_S88___1,-0.4649,Yes,0.0119,0.0062
Q61235_S90___1,-0.1426,No,0.3387,0.401
Q61235_S202___1,0.01623,No,0.6043,0.9239
Q61235_S373___1,0.06735,No,0.4994,0.6917
Q61235_S109___1,0.1009,No,0.4267,0.5524
Q61288_S160___1,1.051,Yes,0.0001,0.0001
Q61316_S816___1,0.1295,No,0.3656,0.4456
Q61329_S1600___1,0.1084,No,0.4101,0.5235
Q61329_S2634___1,0.18,No,0.2666,0.2892
Q61329_S2640___1,0.0006382,No,0.6343,0.997
Q61329_S1199___1,0.6617,Yes,0.0003,0.0001
Q61329_S573___1,-0.4602,Yes,0.0128,0.0067
Q61329_S2804___1,-0.1096,No,0.4075,0.5189
Q61337_S112___1,0.1411,No,0.3418,0.4062
Q61337_S155___1,-0.2379,No,0.1711,0.1613
Q61337_S136___1,-0.4377,Yes,0.0177,0.01
Q61382_S426___1,0.2871,No,0.1094,0.091
Q61409_S296___1,0.5183,Yes,0.0051,0.0023
Q61409_S536___1,-0.1851,No,0.2576,0.2757
Q61469_S273___1,-0.2983,No,0.098,0.079
Q61508_S556___1,0.7575,Yes,0.0001,0.0001
Q61550_S549___1,-0.5251,Yes,0.0045,0.002
Q61554_S2704___1,-0.1139,No,0.3984,0.5023
Q61572_S521___1,-0.977,Yes,0.0001,0.0001
Q61586_S694___1,0.5962,Yes,0.0012,0.0004
Q61595_S75___1,0.3216,No,0.0767,0.0583
Q61602_S45___1,0.2813,No,0.1158,0.0977
Q61602_S664___1,0.1853,No,0.2574,0.2754
Q61602_S445___1,-0.1108,No,0.4047,0.5143
Q61602_S865___1,0.4464,Yes,0.0156,0.0086
Q61624_S784___1,-0.001453,No,0.6324,0.9932
Q61624_S412___1,0.02901,No,0.5784,0.8644
Q61624_S665___1,0.154,No,0.3158,0.3647
Q61656_S24___1,0.5605,Yes,0.0024,0.001
Q61656_S480___1,0.5088,Yes,0.0059,0.0027
Q61666_S566___1,-0.8237,Yes,0.0001,0.0001
Q61666_S424___1,-0.9755,Yes,0.0001,0.0001
Q61686_S92___1,0.4014,Yes,0.0294,0.0181
Q61686_S93___1,0.1733,No,0.2786,0.3075
Q61686_S97___1,0.452,Yes,0.0144,0.0078
Q61686_S14___1,1.043,Yes,0.0001,0.0001
Q61687_S717___1,0.297,No,0.0993,0.0803
Q61687_S719___1,0.1928,No,0.2437,0.2562
Q61687_S854___1,0.2231,No,0.1934,0.189
Q61687_S855___1,0.1749,No,0.2755,0.3031
Q61687_S626___1,-0.1478,No,0.328,0.3842
Q61687_S644___1,0.9138,Yes,0.0001,0.0001
Q61687_S1512___1,1.747,Yes,0.0001,0.0001
Q61687_S940___1,0.01858,No,0.5996,0.9129
Q61687_S1290___1,0.3181,No,0.0797,0.0611
Q61687_S1224___1,0.5201,Yes,0.0049,0.0022
Q61687_S766___1,-0.1382,No,0.3479,0.416
Q61687_S801___1,-0.2745,No,0.1236,0.1061
Q61687_S590___1,1.86,Yes,0.0001,0.0001
Q61687_S2471___1,1.8,Yes,0.0001,0.0001
Q61687_S691___1,0.1944,No,0.241,0.2525
Q61687_S876___1,1.419,Yes,0.0001,0.0001
Q61687_S665___1,0.06104,No,0.5129,0.7193
Q61687_S315___1,1.059,Yes,0.0001,0.0001
Q61687_S92___1,0.1594,No,0.3054,0.3481
Q61687_S212___1,0.02999,No,0.5761,0.8598
Q61703_S60___1,0.1994,No,0.2325,0.2403
Q61712_S379___1,1.381,Yes,0.0001,0.0001
Q61712_S477___1,-0.04075,No,0.5533,0.8104
Q61712_S361___1,0.6666,Yes,0.0003,0.0001
Q61712_S498___1,0.2264,No,0.1886,0.1825
Q61730_S566___1,-0.53,Yes,0.0041,0.0018
Q61730_S556___1,-1.057,Yes,0.0001,0.0001
Q61749_S21___1,1.119,Yes,0.0001,0.0001
Q61768_S945___1,-0.03442,No,0.5658,0.8394
Q61768_S933___1,0.7208,Yes,0.0001,0.0001
Q61768_S819___1,-0.1171,No,0.3913,0.4904
Q61792_S78___1,-0.251,No,0.1527,0.1395
Q61792_S82___1,-0.7112,Yes,0.0001,0.0001
Q61792_S134___1,-0.4305,Yes,0.0196,0.0113
Q61810_S1164___1,0.6658,Yes,0.0003,0.0001
Q61823_S457___1,1.765,Yes,0.0001,0.0001
Q61823_S94___1,-0.01524,No,0.6059,0.9285
Q61824_S848___1,1.619,Yes,0.0001,0.0001
Q61827_S25___1,-0.9649,Yes,0.0001,0.0001
Q61846_S497___1,0.535,Yes,0.0038,0.0016
Q61846_S521___1,1.748,Yes,0.0001,0.0001
Q61847_S243___1,0.1845,No,0.2587,0.2773
Q61850_S218___1,0.5472,Yes,0.0031,0.0013
Q61850_S280___1,-0.2221,No,0.1951,0.1911
Q61850_S287___1,0.2371,No,0.1722,0.1628
Q61879_S1129___1,-0.858,Yes,0.0001,0.0001
Q61879_S1935___1,-0.5303,Yes,0.0041,0.0018
Q61879_S1937___1,-0.4033,Yes,0.0286,0.0176
Q61879_S1938___1,-0.4129,Yes,0.0252,0.0151
Q61879_S1939___1,-0.2237,No,0.1926,0.1879
Q61879_S1720___1,-0.4375,Yes,0.0178,0.01
Q61879_S1013___1,-0.3559,No,0.0518,0.0362
Q61879_S1037___1,-0.7371,Yes,0.0001,0.0001
Q61879_S1335___1,-0.536,Yes,0.0037,0.0016
Q61879_S1956___1,-0.5343,Yes,0.0038,0.0017
Q61879_S1975___1,-0.6868,Yes,0.0002,0.0001
Q61909_S390___1,0.5571,Yes,0.0026,0.001
Q61937_S125___1,0.1917,No,0.2458,0.259
Q61937_S70___1,0.1547,No,0.3145,0.3624
Q61937_S216___1,0.8599,Yes,0.0001,0.0001
Q61937_S258___1,0.6365,Yes,0.0005,0.0002
Q61937_S241___1,0.5241,Yes,0.0046,0.002
Q61937_S252___1,3.4,Yes,0.0001,0.0001
Q61937_S88___1,0.1087,No,0.4093,0.5222
Q61967_S96___1,0.1327,No,0.3589,0.4345
Q61990_S184___1,-0.06826,No,0.4975,0.6878
Q61990_S185___1,0.2191,No,0.1995,0.197
Q61990_S268___1,2.626,Yes,0.0001,0.0001
Q61990_S361___1,0.1086,No,0.4095,0.5225
Q61990_S362___1,0.2026,No,0.2272,0.2331
Q62018_S970___1,-0.3008,No,0.0956,0.0766
Q62018_S941___1,0.8453,Yes,0.0001,0.0001
Q62036_S120___1,1.411,Yes,0.0001,0.0001
Q62036_S144___1,1.063,Yes,0.0001,0.0001
Q62048_S116___1,0.3171,No,0.0804,0.0619
Q62048_S104___1,-0.4104,Yes,0.0261,0.0157
Q62073_S389___1,0.1169,No,0.3918,0.4912
Q62073_S367___1,1.014,Yes,0.0001,0.0001
Q62077_S1248___1,-0.05755,No,0.5199,0.7347
Q62077_S1233___1,0.377,Yes,0.0402,0.0264
Q62077_S1263___1,0.3195,No,0.0784,0.06
Q62093_S26___1,-0.5856,Yes,0.0015,0.0006
Q62095_S592___1,0.6246,Yes,0.0007,0.0002
Q62167_S410___1,0.5743,Yes,0.0019,0.0007
Q62095_S130___1,-0.0959,No,0.4375,0.5723
Q62101_S203___1,-0.2741,No,0.124,0.1066
Q62101_S255___1,-0.3066,No,0.0899,0.0711
Q8K1Y2_S734___1,-0.3709,Yes,0.0433,0.029
Q62101_S245___1,0.2632,No,0.1372,0.1213
Q8K1Y2_S395___1,-0.3093,No,0.0873,0.0686
Q62120_S523___1,-0.2163,No,0.2041,0.2028
Q62130_S811___1,-0.05436,No,0.5257,0.7489
Q62130_S461___1,0.03353,No,0.5679,0.8435
Q62130_S593___1,-0.3146,No,0.0826,0.064
Q62130_S594___1,0.5528,Yes,0.0028,0.0011
Q62130_S646___1,-0.02439,No,0.5878,0.8858
Q62130_S314___1,0.05242,No,0.5294,0.7576
Q62130_S762___1,-0.1887,No,0.2514,0.2666
Q62130_S486___1,-0.365,Yes,0.0465,0.0316
Q62130_S328___1,0.00379,No,0.6286,0.9822
Q62130_S465___1,-0.808,Yes,0.0001,0.0001
Q62130_S620___1,-0.4814,Yes,0.0092,0.0046
Q62136_S799___1,-0.3394,No,0.0627,0.0457
Q62136_S777___1,0.5791,Yes,0.0017,0.0007
Q62136_S590___1,-0.3591,Yes,0.0499,0.0345
Q62136_S822___1,-0.5593,Yes,0.0025,0.001
Q62136_S377___1,-0.3855,Yes,0.0361,0.0232
Q62136_S492___1,-0.4001,Yes,0.0299,0.0185
Q62136_S637___1,-0.3854,Yes,0.0362,0.0233
Q62136_S577___1,-0.6,Yes,0.0011,0.0004
Q62136_S658___1,0.07079,No,0.4927,0.6769
Q62136_S660___1,-0.7249,Yes,0.0001,0.0001
Q62167_S605___1,0.2641,No,0.1359,0.1199
Q62167_S606___1,0.6477,Yes,0.0004,0.0001
Q62167_S612___1,0.3484,No,0.0564,0.0403
Q62167_S614___1,0.00102,No,0.6335,0.9952
Q62167_S594___1,0.4672,Yes,0.0115,0.006
Q62167_S83___1,0.02226,No,0.5917,0.8957
Q62167_S619___1,0.3218,No,0.0765,0.0582
Q62167_S90___1,0.4109,Yes,0.026,0.0156
Q62167_S131___1,-0.1453,No,0.3331,0.3923
Q62172_S29___1,-0.1542,No,0.3154,0.3638
Q62172_S62___1,-0.1749,No,0.2755,0.3031
Q62179_S816___1,0.5365,Yes,0.0037,0.0016
Q62187_S845___1,0.1127,No,0.4011,0.5071
Q62187_S137___1,0.3452,No,0.0585,0.0421
Q62187_S437___1,0.1461,No,0.3314,0.3897
Q62187_S443___1,0.3387,No,0.0632,0.0462
Q62188_S522___1,-0.353,No,0.0536,0.0377
Q62188_S568___1,-0.3792,Yes,0.0391,0.0256
Q62188_S570___1,0.5939,Yes,0.0013,0.0005
Q62190_S1358___1,-0.04357,No,0.5477,0.7976
Q62190_S1033___1,0.002267,No,0.6307,0.9893
Q62190_S1372___1,-0.2976,No,0.0987,0.0797
Q62210_S139___1,0.4616,Yes,0.0125,0.0066
Q62210_S153___1,0.4803,Yes,0.0094,0.0047
Q62245_S1183___1,-0.7654,Yes,0.0001,0.0001
Q62245_S1164___1,-0.2515,No,0.1522,0.1387
Q62245_S1261___1,-0.4011,Yes,0.0295,0.0182
Q62245_S1082___1,-0.1054,No,0.417,0.5351
Q62245_S1147___1,-0.937,Yes,0.0001,0.0001
Q62245_S1120___1,-0.5531,Yes,0.0028,0.0011
Q62261_S938___1,-0.5567,Yes,0.0026,0.001
Q62261_S2340___1,-0.0156,No,0.6053,0.9268
Q62261_S2164___1,0.4731,Yes,0.0105,0.0054
Q62261_S2127___1,-0.5487,Yes,0.003,0.0012
Q62261_S2137___1,0.2447,No,0.1617,0.1496
Q62261_S257___1,0.1856,No,0.2566,0.2744
Q62261_S2102___1,0.04038,No,0.5539,0.8121
Q62261_S2357___1,0.1547,No,0.3144,0.3623
Q62261_S1237___1,0.05818,No,0.5189,0.7319
Q62261_S2183___1,0.009427,No,0.6178,0.9557
Q62311_S673___1,0.134,No,0.3564,0.4303
Q62311_S653___1,-0.0272,No,0.5823,0.8728
Q62313_S28___1,-0.9492,Yes,0.0001,0.0001
Q62318_S23___1,-0.04431,No,0.5461,0.7942
Q62318_S752___1,-0.1961,No,0.2381,0.2482
Q62318_S757___1,-0.2919,No,0.1045,0.0857
Q62318_S824___1,-0.471,Yes,0.0108,0.0056
Q62318_S828___1,-0.682,Yes,0.0002,0.0001
Q62318_S501___1,-1.253,Yes,0.0001,0.0001
Q62318_S51___1,-0.07112,No,0.4921,0.6754
Q62318_S473___1,-0.5213,Yes,0.0048,0.0021
Q62348_S190___1,0.0711,No,0.4921,0.6755
Q62376_S226___1,-0.11,No,0.4066,0.5173
Q62376_S408___1,0.154,No,0.3158,0.3646
Q62377_S353___1,0.1487,No,0.3262,0.3812
Q62383_S125___1,-0.2042,No,0.2244,0.2292
Q62388_S1987___1,0.1317,No,0.3613,0.4383
Q62392_S288___1,-0.1995,No,0.2323,0.2401
Q62394_S18___1,-0.3357,No,0.0654,0.0481
Q62394_S38___1,0.1784,No,0.2696,0.2935
Q62407_S2114___1,0.06834,No,0.4974,0.6874
Q62407_S2042___1,0.2561,No,0.1463,0.1316
Q62407_S2050___1,-0.2926,No,0.1039,0.0849
Q62407_S531___1,-0.1126,No,0.4013,0.5074
Q62407_S2451___1,-0.2318,No,0.1804,0.1724
Q62407_S2019___1,-0.6573,Yes,0.0004,0.0001
Q62407_S2020___1,-0.01474,No,0.6068,0.9308
Q62407_S2777___1,-0.1361,No,0.3521,0.4231
Q62407_S1177___1,0.1327,No,0.3589,0.4345
Q62407_S394___1,-0.3427,No,0.0604,0.0436
Q62407_S2182___1,-0.3462,No,0.0579,0.0416
Q62407_S1603___1,-0.1745,No,0.2764,0.3042
Q62407_S2413___1,-0.3962,Yes,0.0315,0.0197
Q62407_S493___1,-0.08783,No,0.4556,0.6051
Q62407_S423___1,-0.01372,No,0.609,0.9356
Q62407_S2936___1,-0.5434,Yes,0.0033,0.0014
Q62407_S2396___1,-0.4662,Yes,0.0116,0.0061
Q62407_S2135___1,0.04854,No,0.5376,0.775
Q62407_S2004___1,-0.1483,No,0.327,0.3826
Q62415_S708___1,0.4756,Yes,0.0101,0.0051
Q62417_S345___1,-0.4667,Yes,0.0115,0.006
Q62419_S288___1,-0.4382,Yes,0.0176,0.0099
Q62419_S291___1,0.2539,No,0.1491,0.135
Q62419_S300___1,0.2878,No,0.1087,0.0902
Q62422_S214___1,-0.1349,No,0.3547,0.4272
Q62433_S330___1,-0.825,Yes,0.0001,0.0001
Q62433_S342___1,-1.06,Yes,0.0001,0.0001
Q62441_S208___1,0.2213,No,0.1964,0.1926
Q62445_S768___1,-1.134,Yes,0.0001,0.0001
Q62445_S755___1,-1,Yes,0.0001,0.0001
Q62470_S1044___1,-0.4328,Yes,0.0191,0.0108
Q62504_S1395___1,-0.01952,No,0.5976,0.9085
Q62504_S636___1,0.006528,No,0.6235,0.9693
Q62504_S1293___1,0.002126,No,0.631,0.99
Q62504_S2491___1,0.4587,Yes,0.013,0.0069
Q62504_S1276___1,-0.2418,No,0.1656,0.1545
Q62504_S749___1,-0.1774,No,0.2711,0.2963
Q62523_S144___1,0.04349,No,0.5478,0.7979
Q62523_S272___1,0.6744,Yes,0.0002,0.0001
Q62523_S248___1,-0.9577,Yes,0.0001,0.0001
Q62523_S300___1,-0.2673,No,0.1321,0.1156
Q62523_S336___1,0.1972,No,0.2361,0.2456
Q62523_S44___1,-0.3485,No,0.0563,0.0402
Q63918_S247___1,0.3542,No,0.0528,0.037
Q63918_S287___1,-1.474,Yes,0.0001,0.0001
Q63918_S293___1,-0.6984,Yes,0.0001,0.0001
Q63918_S296___1,-0.2802,No,0.1169,0.099
Q63918_S218___1,-0.3687,Yes,0.0444,0.0299
Q63918_S359___1,-0.8349,Yes,0.0001,0.0001
Q63918_S363___1,-0.8374,Yes,0.0001,0.0001
Q63918_S264___1,-0.07715,No,0.4791,0.6497
Q63918_S390___1,-0.4872,Yes,0.0084,0.0041
Q63918_S396___1,-0.3062,No,0.0902,0.0715
Q63943_S231___1,-0.1444,No,0.3349,0.3951
Q63943_S180___1,0.08799,No,0.4552,0.6044
Q63943_S437___1,0.105,No,0.4178,0.5366
Q63ZW7_S482___1,-0.4682,Yes,0.0113,0.0058
Q63ZW7_S647___1,-0.2843,No,0.1123,0.0941
Q64008_S241___1,-0.2055,No,0.2224,0.2263
Q64010_S125___1,0.4128,Yes,0.0253,0.0151
Q640M6_S543___1,0.2458,No,0.1601,0.1478
Q640N2_S328___1,0.01915,No,0.5984,0.9102
Q640N2_S355___1,0.2101,No,0.214,0.216
Q640Q5_S300___1,-0.4015,Yes,0.0293,0.0181
Q64151_S761___1,0.234,No,0.177,0.1683
Q64151_S833___1,0.983,Yes,0.0001,0.0001
Q64152_S199___1,1.164,Yes,0.0001,0.0001
Q64314_S343___1,0.2241,No,0.1921,0.1871
Q64314_S371___1,-0.09325,No,0.4437,0.583
Q64318_S657___1,0.4067,Yes,0.0274,0.0166
Q64318_S664___1,0.121,No,0.3825,0.4761
Q64318_S682___1,0.7965,Yes,0.0001,0.0001
Q64318_S302___1,0.6325,Yes,0.0006,0.0002
Q64327_S170___1,0.4138,Yes,0.0249,0.0148
Q64337_S226___1,0.2553,No,0.1471,0.1328
Q64337_S207___1,-0.2308,No,0.1818,0.1742
Q64337_S24___1,0.665,Yes,0.0003,0.0001
Q64429_S282___1,-0.5301,Yes,0.0041,0.0018
Q64430_S1457___1,0.1115,No,0.4032,0.5115
Q64430_S1438___1,0.1116,No,0.4032,0.5113
Q64433_S57___1,-0.02612,No,0.5847,0.8778
Q64433_S51___1,-0.1589,No,0.3062,0.3495
Q64449_S1445___1,0.06658,No,0.5011,0.695
Q64449_S1452___1,0.5205,Yes,0.0049,0.0022
Q64449_S1470___1,0.5397,Yes,0.0035,0.0015
Q64455_S1091___1,0.0126,No,0.6115,0.9409
Q64511_S1537___1,-0.4549,Yes,0.0138,0.0074
Q64511_S1539___1,-0.4117,Yes,0.0257,0.0154
Q64511_S1511___1,-0.8328,Yes,0.0001,0.0001
Q64511_S1568___1,-0.5515,Yes,0.0029,0.0012
Q64511_S1224___1,1.111,Yes,0.0001,0.0001
Q64511_S1600___1,-0.5857,Yes,0.0015,0.0006
Q64511_S1363___1,-0.4807,Yes,0.0093,0.0047
Q64512_S2059___1,0.1828,No,0.2616,0.2818
Q64512_S1621___1,-0.06591,No,0.5026,0.698
Q64512_S1271___1,0.335,No,0.0659,0.0486
Q64512_S1221___1,0.02577,No,0.5853,0.8794
Q64512_S189___1,0.04998,No,0.5343,0.7686
Q64512_S880___1,-0.2081,No,0.2178,0.2205
Q64512_S890___1,0.5448,Yes,0.0032,0.0013
Q64512_S1073___1,-0.0006096,No,0.6344,0.9971
Q64512_S1025___1,0.0535,No,0.5272,0.7528
Q64512_S951___1,0.3446,No,0.0589,0.0424
Q64512_S1286___1,-0.002478,No,0.6305,0.9884
Q64669_S82___1,-0.3109,No,0.0858,0.0672
Q64700_S37___1,-0.2979,No,0.0985,0.0795
Q64700_S1108___1,0.09045,No,0.4497,0.5944
Q64700_S1134___1,-0.2598,No,0.1416,0.1261
Q64700_S989___1,0.565,Yes,0.0022,0.0009
Q64700_S636___1,-0.05178,No,0.5306,0.7605
Q64700_S410___1,0.1117,No,0.4029,0.5108
Q64705_S222___1,-0.1583,No,0.3073,0.3514
Q64707_S50___1,-0.3636,Yes,0.0473,0.0323
Q64727_S637___1,-0.2691,No,0.1298,0.1131
Q64727_S52___1,-0.01268,No,0.6114,0.9405
Q64727_S272___1,-0.03606,No,0.5622,0.8319
Q64727_S275___1,-0.2865,No,0.11,0.0917
Q64727_S579___1,-0.1434,No,0.3369,0.3984
Q64727_S600___1,-0.2213,No,0.1964,0.1927
Q64727_S357___1,-0.3791,Yes,0.0391,0.0256
Q64727_S346___1,-1.079,Yes,0.0001,0.0001
Q64727_S809___1,-0.6639,Yes,0.0003,0.0001
Q64727_S566___1,-0.7542,Yes,0.0001,0.0001
Q64727_S290___1,-0.8016,Yes,0.0001,0.0001
Q64727_S787___1,-0.5091,Yes,0.0059,0.0027
Q64727_S721___1,-0.07054,No,0.493,0.6779
Q64727_S755___1,0.05437,No,0.5257,0.7489
Q65Z40_S226___1,-0.285,No,0.1115,0.0934
Q65Z40_S77___1,-0.01815,No,0.6004,0.9149
Q66JV4_S277___1,-0.2456,No,0.1605,0.1482
Q66JV4_S279___1,-0.2456,No,0.1605,0.1482
Q66JV4_S658___1,0.06196,No,0.511,0.7153
Q66JV4_S555___1,0.2046,No,0.2238,0.2284
Q66JV4_S681___1,0.3599,Yes,0.0494,0.0341
Q66JV7_S337___1,0.4544,Yes,0.0139,0.0075
Q66L44_S290___1,-0.7843,Yes,0.0001,0.0001
Q66L44_S610___1,-0.7464,Yes,0.0001,0.0001
Q66L44_S129___1,-0.8516,Yes,0.0001,0.0001
Q673H1_S146___1,-0.7804,Yes,0.0001,0.0001
Q67FY2_S102___1,0.5125,Yes,0.0056,0.0026
Q67FY2_S21___1,-0.2509,No,0.1529,0.1396
Q67FY2_S116___1,0.361,Yes,0.0488,0.0336
Q67FY2_S118___1,0.04463,No,0.5456,0.7927
Q67FY2_S1007___1,0.1716,No,0.2816,0.3123
Q67FY2_S1475___1,0.08617,No,0.459,0.6119
Q67FY2_S1014___1,0.5884,Yes,0.0014,0.0005
Q68ED3_S545___1,0.2079,No,0.2182,0.221
Q68ED7_S113___1,-0.5586,Yes,0.0025,0.001
Q68EF8_S313___1,0.2091,No,0.2161,0.2184
Q68FD7_S945___1,-1.343,Yes,0.0001,0.0001
Q68FD7_S220___1,-1.429,Yes,0.0001,0.0001
Q68FD7_S261___1,-2.328,Yes,0.0001,0.0001
Q68FE6_S342___1,0.3713,Yes,0.0431,0.0288
Q68FE6_S347___1,0.2516,No,0.1521,0.1385
Q68FE6_S110___1,0.004083,No,0.628,0.9808
Q68FE6_S22___1,0.6163,Yes,0.0008,0.0003
Q68FF6_S679___1,-0.2813,No,0.1157,0.0977
Q68FF6_S507___1,0.4793,Yes,0.0095,0.0048
Q68FF6_S419___1,-0.02807,No,0.5805,0.8687
Q68FF6_S570___1,-0.4457,Yes,0.0157,0.0087
Q68FF6_S580___1,-0.09035,No,0.4499,0.5948
Q68FF6_S601___1,0.237,No,0.1724,0.163
Q68FF6_S397___1,0.1818,No,0.2636,0.2845
Q68FH0_S280___1,0.2131,No,0.2094,0.2097
Q68FH0_S222___1,-0.4248,Yes,0.0213,0.0124
Q68FH0_S235___1,0.309,No,0.0875,0.0688
Q68FH0_S446___1,0.1722,No,0.2805,0.3107
Q68FH0_S457___1,-0.3727,Yes,0.0423,0.0282
Q68FH0_S326___1,-0.6759,Yes,0.0002,0.0001
Q68FH0_S336___1,-0.1834,No,0.2605,0.2801
Q68FH0_S313___1,-0.205,No,0.2233,0.2274
Q68FL4_S109___1,0.6282,Yes,0.0006,0.0002
Q69Z38_S791___1,-0.269,No,0.1299,0.1132
Q69Z38_S1363___1,0.1065,No,0.4141,0.5306
Q69Z38_S282___1,-0.3769,Yes,0.0403,0.0265
Q69Z38_S786___1,0.1531,No,0.3176,0.3673
Q69Z38_S1000___1,0.5882,Yes,0.0014,0.0005
Q69Z38_S390___1,-0.09191,No,0.4467,0.5884
Q69Z38_S1239___1,-0.2747,No,0.1234,0.1058
Q69Z38_S1223___1,-0.4047,Yes,0.0282,0.0172
Q69Z38_S1203___1,0.06117,No,0.5127,0.7187
Q69Z38_S1206___1,-0.08922,No,0.4523,0.5994
Q69Z38_S500___1,-0.1229,No,0.3785,0.4693
Q69Z38_S504___1,-0.07913,No,0.4748,0.6413
Q69Z38_S215___1,-0.1014,No,0.4256,0.5503
Q69Z38_S1281___1,-0.544,Yes,0.0033,0.0014
Q69Z38_S569___1,0.09082,No,0.4491,0.5928
Q69Z38_S645___1,-0.4315,Yes,0.0194,0.0111
Q69Z38_S825___1,0.3826,Yes,0.0374,0.0243
Q69Z38_S913___1,0.1832,No,0.2609,0.2809
Q69Z38_S757___1,-0.03169,No,0.572,0.852
Q69Z38_S371___1,0.5966,Yes,0.0012,0.0004
Q69Z38_S57___1,-0.1408,No,0.3422,0.407
Q69Z66_S332___1,-0.6136,Yes,0.0009,0.0003
Q69ZB3_S41___1,-0.3716,Yes,0.043,0.0287
Q69ZC8_S146___1,-0.429,Yes,0.0201,0.0115
Q69ZC8_S104___1,-0.9038,Yes,0.0001,0.0001
Q69ZF3_S893___1,0.5276,Yes,0.0043,0.0019
Q69ZF7_S657___1,-0.08081,No,0.4712,0.6342
Q69ZH9_S351___1,-0.3154,No,0.0819,0.0633
Q69ZH9_S1454___1,-0.2781,No,0.1194,0.1016
Q69ZH9_S361___1,-0.3245,No,0.0742,0.0561
Q69ZH9_S372___1,-0.2363,No,0.1733,0.1641
Q69ZH9_S594___1,-0.2748,No,0.1233,0.1057
Q69ZH9_S643___1,-0.4487,Yes,0.0151,0.0082
Q69ZH9_S1388___1,-0.2085,No,0.2171,0.2197
Q69ZH9_S515___1,-0.2888,No,0.1077,0.0891
Q69ZH9_S607___1,-0.2918,No,0.1046,0.0858
Q69ZH9_S619___1,-0.3294,No,0.0702,0.0524
Q69ZH9_S421___1,-0.3501,No,0.0554,0.0393
Q69ZI1_S304___1,-0.1891,No,0.2507,0.2655
Q69ZI1_S741___1,-0.1645,No,0.2951,0.3329
Q69ZK6_S762___1,0.6141,Yes,0.0009,0.0003
Q69ZK6_S460___1,0.4037,Yes,0.0285,0.0175
Q69ZK6_S1789___1,0.4549,Yes,0.0138,0.0074
Q69ZL1_S494___1,0.5767,Yes,0.0018,0.0007
Q69ZL1_S670___1,0.6986,Yes,0.0001,0.0001
Q69ZN7_S340___1,-0.3152,No,0.0821,0.0635
Q69ZN7_S1495___1,-0.356,No,0.0517,0.0361
Q69ZN7_S174___1,-0.5449,Yes,0.0032,0.0013
Q69ZR2_S1514___1,0.005866,No,0.6247,0.9725
Q69ZR2_S1777___1,-0.2302,No,0.1827,0.1753
Q69ZR2_S345___1,-0.3559,No,0.0518,0.0361
Q69ZR2_S1572___1,0.2827,No,0.1141,0.096
Q69ZS0_S584___1,-0.5291,Yes,0.0042,0.0018
Q69ZS0_S775___1,0.2673,No,0.132,0.1155
Q69ZW3_S335___1,-0.3029,No,0.0935,0.0745
Q69ZX6_S775___1,-0.2955,No,0.1008,0.0819
Q69ZX6_S741___1,-0.2172,No,0.2027,0.2011
Q69ZX8_S503___1,-0.8075,Yes,0.0001,0.0001
Q69ZX8_S388___1,-1.282,Yes,0.0001,0.0001
Q69ZZ6_S410___1,0.2792,No,0.1181,0.1003
Q69ZZ6_S475___1,0.4028,Yes,0.0288,0.0177
Q69ZZ6_S378___1,0.07339,No,0.4874,0.6657
Q69ZZ6_S134___1,-0.1634,No,0.2974,0.336
Q69ZZ9_S436___1,-0.8285,Yes,0.0001,0.0001
Q69ZZ9_S276___1,0.1216,No,0.3815,0.4741
Q69ZZ9_S25___1,-1.073,Yes,0.0001,0.0001
Q6A009_S558___1,0.1693,No,0.286,0.319
Q6A026_S1300___1,-0.1757,No,0.274,0.3009
Q6A026_S1194___1,0.2203,No,0.1979,0.1947
Q6A026_S1174___1,0.2258,No,0.1896,0.1838
Q6A026_S1181___1,-1.169,Yes,0.0001,0.0001
Q6A037_S299___1,0.3604,Yes,0.0491,0.0338
Q6A039_S205___1,-0.04603,No,0.543,0.7864
Q6A039_S307___1,0.3502,No,0.0553,0.0392
Q6A058_S104___1,0.3284,No,0.0709,0.0531
Q6A058_S353___1,0.7163,Yes,0.0001,0.0001
Q6A065_S1200___1,-0.2566,No,0.1457,0.1308
Q6A065_S1102___1,-0.3878,Yes,0.0351,0.0224
Q6A065_S1229___1,-0.38,Yes,0.0387,0.0253
Q6A065_S1231___1,-0.05106,No,0.5321,0.7637
Q6A065_S1155___1,-0.3582,No,0.0504,0.035
Q6A065_S872___1,-0.4806,Yes,0.0093,0.0047
Q6A065_S1188___1,0.06172,No,0.5113,0.7163
Q6A065_S829___1,-0.1962,No,0.2381,0.2482
Q6A065_S443___1,0.267,No,0.1325,0.116
Q6A065_S1529___1,0.06303,No,0.5091,0.7106
Q6A065_S950___1,-0.06846,No,0.4972,0.6869
Q6A065_S1048___1,-0.4897,Yes,0.0081,0.0039
Q6A098_S897___1,-0.1462,No,0.3312,0.3892
Q6A0A2_S603___1,-0.01774,No,0.6013,0.9168
Q6A0A2_S500___1,-0.2966,No,0.0997,0.0808
Q6A0A9_S30___1,-0.2437,No,0.1632,0.1513
Q6A0A9_S415___1,-0.1873,No,0.2537,0.2702
Q6A0A9_S1021___1,-0.1826,No,0.2621,0.2824
Q6A0A9_S485___1,-0.2915,No,0.1049,0.0861
Q6A0D4_S507___1,-0.08873,No,0.4537,0.6014
Q6A0D4_S199___1,-0.3391,No,0.0629,0.0459
Q6A0D4_S530___1,0.1448,No,0.3341,0.394
Q6A0D4_S536___1,-0.4304,Yes,0.0197,0.0113
Q6A0D4_S452___1,-0.1852,No,0.2574,0.2755
Q6A0D4_S174___1,-0.01916,No,0.5984,0.9102
Q6A0D4_S183___1,-0.1001,No,0.4284,0.5557
Q6A0D4_S227___1,-0.1472,No,0.3292,0.3863
Q6A4J8_S19___1,-0.1489,No,0.3259,0.3807
Q6DFV3_S1426___1,-0.1957,No,0.2389,0.2493
Q6DFV3_S41___1,-0.2027,No,0.227,0.2327
Q6DFV3_S1728___1,-0.0619,No,0.5111,0.7155
Q6DFV3_S917___1,0.09535,No,0.4388,0.5745
Q6DFV3_S1108___1,-0.2217,No,0.1956,0.1918
Q6DFV3_S1501___1,-0.4978,Yes,0.0071,0.0034
Q6DFV3_S451___1,-0.009402,No,0.6178,0.9559
Q6DFV3_S453___1,0.1061,No,0.4153,0.5323
Q6DFV3_S1655___1,-0.1585,No,0.3068,0.3506
Q6DFV3_S62___1,0.001442,No,0.6324,0.9932
Q6DFV3_S947___1,-0.06179,No,0.5112,0.716
Q6DFV3_S435___1,-0.2663,No,0.1333,0.117
Q6DFV3_S1381___1,-0.1357,No,0.3528,0.4244
Q6DFV3_S489___1,0.1719,No,0.2809,0.3114
Q6DFV3_S1847___1,-0.1702,No,0.2841,0.3163
Q6DFV7_S214___1,0.01273,No,0.6114,0.9403
Q6DFW4_S509___1,-0.5643,Yes,0.0022,0.0009
Q6DIB4_S458___1,0.7241,Yes,0.0001,0.0001
Q6DID3_S617___1,-0.05384,No,0.5265,0.7512
Q6DVA0_S87___1,-0.1271,No,0.3702,0.4543
Q6DVA0_S150___1,-0.4732,Yes,0.0105,0.0053
Q6DVA0_S507___1,0.2936,No,0.1029,0.0839
Q6EDY6_S1363___1,-0.5762,Yes,0.0018,0.0007
Q6EDY6_S1070___1,0.05036,No,0.5336,0.7668
Q6EDY6_S1198___1,0.1038,No,0.4202,0.5411
Q6EDY6_S1335___1,-0.6641,Yes,0.0003,0.0001
Q6EDY6_S1295___1,-0.5611,Yes,0.0024,0.001
Q6F3F9_S1134___1,-0.2237,No,0.1926,0.1878
Q6GQT5_S407___1,-0.2725,No,0.126,0.1086
Q6GQT6_S850___1,0.3498,No,0.0555,0.0395
Q6GQT6_S821___1,0.4465,Yes,0.0156,0.0086
Q6GQT6_S905___1,-0.2474,No,0.1579,0.1452
Q6GQT9_S1196___1,0.8262,Yes,0.0001,0.0001
Q6GQT9_S1197___1,1.344,Yes,0.0001,0.0001
Q6IE82_S774___1,-0.0524,No,0.5294,0.7577
Q6IE82_S578___1,0.03761,No,0.5588,0.8248
Q6IQX8_S688___1,0.2426,No,0.1647,0.1532
Q6IQX8_S702___1,0.0683,No,0.4975,0.6876
Q6IQX8_S118___1,-0.4999,Yes,0.0068,0.0032
Q6IR34_S543___1,1.395,Yes,0.0001,0.0001
Q6IR34_S490___1,-0.05534,No,0.524,0.7446
Q6IR34_S491___1,0.1739,No,0.2776,0.306
Q6IR34_S653___1,0.5628,Yes,0.0023,0.0009
Q6JPI3_S918___1,0.2768,No,0.121,0.1032
Q6KAQ7_S613___1,-0.08319,No,0.4662,0.6243
Q6KAQ7_S388___1,-0.2911,No,0.1053,0.0865
Q6KAU4_S307___1,-0.5364,Yes,0.0037,0.0016
Q6KCD5_S2652___1,-0.3913,Yes,0.0336,0.0212
Q6KCD5_S318___1,-0.07297,No,0.4882,0.6675
Q6KCD5_S2507___1,-2.957,Yes,0.0001,0.0001
Q6KCD5_S274___1,-0.1028,No,0.4226,0.5449
Q6KCD5_S280___1,-0.1271,No,0.3702,0.4544
Q6KCD5_S2666___1,-0.4969,Yes,0.0072,0.0034
Q6NS46_S1490___1,0.4299,Yes,0.0198,0.0114
Q6NS46_S1468___1,3.321,Yes,0.0001,0.0001
Q6NS57_S19___1,-0.3578,No,0.0507,0.0351
Q6NS57_S21___1,-0.2062,No,0.221,0.2247
Q6NS57_S756___1,-0.4391,Yes,0.0174,0.0097
Q6NS57_S1089___1,0.004872,No,0.6266,0.9771
Q6NSQ7_S17___1,0.2146,No,0.207,0.2065
Q6NV83_S67___1,0.0903,No,0.45,0.595
Q6NV83_S236___1,0.451,Yes,0.0146,0.0079
Q6NV83_S238___1,0.254,No,0.1489,0.1348
Q6NVE8_S50___1,0.003038,No,0.6298,0.9857
Q6NVE8_S405___1,-0.09427,No,0.4413,0.5789
Q6NVE8_S563___1,0.5137,Yes,0.0055,0.0025
Q6NVF4_S946___1,0.8072,Yes,0.0001,0.0001
Q6NVF9_S153___1,0.4029,Yes,0.0288,0.0177
Q6NWW9_S208___1,0.4859,Yes,0.0086,0.0042
Q6NWW9_S396___1,0.5473,Yes,0.0031,0.0013
Q6NXJ0_S7___1,0.1473,No,0.3288,0.3857
Q6NXJ0_S261___1,-0.1806,No,0.2657,0.2877
Q6NXJ0_S262___1,-0.3498,No,0.0555,0.0395
Q6NXJ0_S1017___1,-0.4519,Yes,0.0144,0.0078
Q6NXJ0_S992___1,-0.04064,No,0.5534,0.8109
Q6NXJ0_S997___1,-0.2969,No,0.0994,0.0804
Q6NXJ0_S391___1,0.641,Yes,0.0005,0.0002
Q6NXJ0_S289___1,-0.4151,Yes,0.0245,0.0145
Q6NXJ0_S367___1,-0.1155,No,0.3948,0.4966
Q6NXK2_S333___1,0.4683,Yes,0.0113,0.0058
Q6NXK2_S297___1,0.9987,Yes,0.0001,0.0001
Q6NXK5_S220___1,0.8677,Yes,0.0001,0.0001
Q6NZC7_S735___1,0.3572,No,0.051,0.0355
Q6NZC7_S748___1,0.09805,No,0.4325,0.5638
Q6NZF1_S289___1,-0.2218,No,0.1956,0.1917
Q6NZF1_S132___1,0.2272,No,0.1872,0.181
Q6NZF1_S740___1,-0.4044,Yes,0.0283,0.0173
Q6NZJ6_S1597___1,1.088,Yes,0.0001,0.0001
Q6NZJ6_S1231___1,0.9021,Yes,0.0001,0.0001
Q6NZJ6_S1105___1,0.2556,No,0.1468,0.1324
Q6NZJ6_S1081___1,0.4923,Yes,0.0077,0.0037
Q6NZJ6_S1096___1,0.1278,No,0.3686,0.4517
Q6NZJ6_S1187___1,0.2744,No,0.1237,0.1062
Q6NZJ6_S1189___1,1.809,Yes,0.0001,0.0001
Q6NZJ6_S1196___1,1.288,Yes,0.0001,0.0001
Q6NZJ6_S1147___1,-0.1529,No,0.3179,0.368
Q6NZK5_S228___1,0.04506,No,0.545,0.7908
Q6NZL0_S779___1,0.3871,Yes,0.0354,0.0227
Q6NZM9_S629___1,-0.2958,No,0.1004,0.0816
Q6NZM9_S562___1,-0.1332,No,0.3582,0.433
Q6NZM9_S265___1,-0.7236,Yes,0.0001,0.0001
Q6NZM9_S245___1,-0.1631,No,0.2982,0.3371
Q6NZM9_S465___1,-0.3313,No,0.0687,0.0511
Q6NZP2_S49___1,-0.03711,No,0.56,0.827
Q6NZQ6_S19___1,-0.6007,Yes,0.0011,0.0004
Q6NZR2_S27___1,0.1097,No,0.4073,0.5185
Q6NZR2_S436___1,-0.2237,No,0.1926,0.1879
Q6P1C6_S1077___1,0.1389,No,0.3462,0.4134
Q6P1D7_S988___1,0.2844,No,0.1122,0.094
Q6P1D7_S447___1,0.7313,Yes,0.0001,0.0001
Q6P1D7_S1136___1,0.6456,Yes,0.0005,0.0001
Q6P1G0_S23___1,0.1991,No,0.233,0.241
Q6P1G0_S502___1,0.5284,Yes,0.0043,0.0019
Q6P1G0_S646___1,0.2205,No,0.1977,0.1942
Q6P1G2_S991___1,0.1866,No,0.2549,0.2719
Q6P1G2_S26___1,-0.1746,No,0.2763,0.3041
Q6P1G2_S887___1,0.6273,Yes,0.0007,0.0002
Q6P1G2_S1004___1,-0.1206,No,0.3837,0.4778
Q6P2K6_S127___1,-0.3697,Yes,0.0439,0.0295
Q6P2K6_S728___1,-0.6089,Yes,0.001,0.0003
Q6P2K6_S767___1,-0.3487,No,0.0562,0.0401
Q6P2L6_S651___1,0.8738,Yes,0.0001,0.0001
Q6P2L6_S1433___1,0.076,No,0.4816,0.6545
Q6P2L6_S547___1,0.4697,Yes,0.011,0.0057
Q6P2L6_S561___1,0.3909,Yes,0.0337,0.0214
Q6P4S6_S493___1,0.3477,No,0.0569,0.0406
Q6P4S6_S533___1,0.62,Yes,0.0008,0.0003
Q6P4S6_S580___1,0.4332,Yes,0.019,0.0108
Q6P4S6_S856___1,0.2665,No,0.133,0.1167
Q6P4S6_S616___1,0.07226,No,0.4897,0.6705
Q6P4S8_S1320___1,-0.1847,No,0.2583,0.2768
Q6P4S8_S1329___1,0.519,Yes,0.005,0.0022
Q6P4T0_S1433___1,1.315,Yes,0.0001,0.0001
Q6P4T2_S225___1,-0.03448,No,0.5658,0.8391
Q6P4T2_S2133___1,0.2874,No,0.1091,0.0907
Q6P542_S138___1,0.6138,Yes,0.0009,0.0003
Q6P542_S90___1,0.3376,No,0.064,0.0469
Q6P542_S225___1,0.4681,Yes,0.0113,0.0059
Q6P542_S107___1,0.4496,Yes,0.0149,0.0081
Q6P542_S22___1,1.765,Yes,0.0001,0.0001
Q6P542_S194___1,0.5004,Yes,0.0068,0.0032
Q6P549_S1175___1,-0.4452,Yes,0.0159,0.0088
Q6P5B0_S1081___1,-0.2521,No,0.1514,0.1377
Q6P5E8_S17___1,-0.05297,No,0.5281,0.7551
Q6P5F6_S541___1,0.02887,No,0.5787,0.865
Q6P5F7_S437___1,0.7339,Yes,0.0001,0.0001
Q6P5F7_S522___1,0.7618,Yes,0.0001,0.0001
Q6P5G6_S258___1,-0.1697,No,0.2851,0.3177
Q6P5G6_S266___1,-1.116,Yes,0.0001,0.0001
Q6P7W2_S646___1,1.43,Yes,0.0001,0.0001
Q6P8I4_S119___1,-0.09523,No,0.439,0.575
Q6P9L6_S568___1,1.001,Yes,0.0001,0.0001
Q6P9N1_S321___1,-0.1128,No,0.401,0.5068
Q6P9N1_S433___1,-0.2811,No,0.1159,0.0979
Q6P9N1_S453___1,-0.3422,No,0.0607,0.044
Q6P9P8_S56___1,-0.1385,No,0.3471,0.4147
Q6P9Q4_S502___1,-0.1133,No,0.3999,0.5048
Q6P9Q4_S524___1,0.1246,No,0.3752,0.4633
Q6P9Q4_S527___1,-0.005533,No,0.6253,0.974
Q6P9Q4_S370___1,-0.009069,No,0.6183,0.9574
Q6P9Q4_S514___1,0.3373,No,0.0642,0.0471
Q6P9Q6_S386___1,0.24,No,0.1682,0.1577
Q6P9Q6_S617___1,0.1811,No,0.265,0.2864
Q6P9R1_S432___1,-0.5663,Yes,0.0022,0.0009
Q6P9R1_S77___1,-0.3056,No,0.0908,0.072
Q6P9R2_S339___1,-0.2537,No,0.1493,0.1352
Q6P9S0_S419___1,-0.1369,No,0.3506,0.4203
Q6P9Z1_S175___1,0.1988,No,0.2335,0.2418
Q6PAJ1_S1038___1,-0.1157,No,0.3943,0.4958
Q6PAJ1_S1263___1,-0.4043,Yes,0.0283,0.0173
Q6PAJ1_S379___1,-0.03803,No,0.5582,0.8228
Q6PAJ1_S384___1,0.6566,Yes,0.0004,0.0001
Q6PAJ1_S356___1,0.1757,No,0.274,0.301
Q6PAJ1_S358___1,-0.1689,No,0.2866,0.3199
Q6PAL0_S164___1,0.4322,Yes,0.0192,0.011
Q6PAL0_S91___1,-0.634,Yes,0.0006,0.0002
Q6PAL7_S1180___1,0.4017,Yes,0.0293,0.018
Q6PAL7_S892___1,0.1229,No,0.3785,0.4694
Q6PAL7_S1467___1,0.291,No,0.1054,0.0867
Q6PAL7_S1088___1,0.7869,Yes,0.0001,0.0001
Q6PAL7_S593___1,0.267,No,0.1325,0.116
Q6PAL7_S178___1,0.2489,No,0.1558,0.1429
Q6PAL7_S1498___1,0.01927,No,0.5982,0.9097
Q6PAL7_S46___1,0.2799,No,0.1172,0.0993
Q6PAL8_S193___1,0.6295,Yes,0.0006,0.0002
Q6PAL8_S1085___1,-0.08718,No,0.4569,0.6078
Q6PAM0_S107___1,-0.5028,Yes,0.0065,0.0031
Q6PAM1_S515___1,1.379,Yes,0.0001,0.0001
Q6PAM1_S523___1,1.178,Yes,0.0001,0.0001
Q6PB70_S637___1,0.1539,No,0.3158,0.3648
Q6PB75_S309___1,-0.05347,No,0.5272,0.7529
Q6PCN7_S21___1,0.444,Yes,0.0161,0.0089
Q6PCP5_S146___1,0.1078,No,0.4111,0.5255
Q6PCQ0_S661___1,-0.5486,Yes,0.003,0.0012
Q6PCQ0_S322___1,-0.8045,Yes,0.0001,0.0001
Q6PCQ0_S374___1,-0.5479,Yes,0.003,0.0013
Q6PD21_S382___1,-0.5074,Yes,0.0061,0.0028
Q6PD21_S304___1,-0.5705,Yes,0.002,0.0008
Q6PD21_S165___1,-0.5808,Yes,0.0017,0.0006
Q6PD21_S189___1,-0.5827,Yes,0.0016,0.0006
Q6PD31_S716___1,0.3292,No,0.0703,0.0526
Q6PDH0_S656___1,0.05552,No,0.5239,0.7438
Q6PDH0_S472___1,0.006827,No,0.623,0.9679
Q6PDH0_S463___1,-0.2914,No,0.1049,0.0862
Q6PDH0_S580___1,0.01484,No,0.6068,0.9304
Q6PDH0_S585___1,0.3443,No,0.0592,0.0427
Q6PDH0_S387___1,-0.2172,No,0.2026,0.2009
Q6PDH0_S325___1,-0.08366,No,0.4651,0.6223
Q6PDH0_S541___1,-0.1295,No,0.3656,0.4459
Q6PDH0_S545___1,0.8633,Yes,0.0001,0.0001
Q6PDH0_S557___1,0.05445,No,0.5256,0.7486
Q6PDH0_S405___1,-0.4499,Yes,0.0148,0.0081
Q6PDH0_S565___1,0.1482,No,0.3272,0.383
Q6PDH0_S220___1,0.512,Yes,0.0056,0.0026
Q6PDH0_S976___1,-0.3666,Yes,0.0456,0.0309
Q6PDH0_S520___1,-0.004768,No,0.6268,0.9776
Q6PDH0_S522___1,0.0262,No,0.5845,0.8774
Q6PDH0_S1022___1,0.4594,Yes,0.0129,0.0068
Q6PDH0_S382___1,-0.3342,No,0.0665,0.0491
Q6PDH0_S311___1,-0.6086,Yes,0.001,0.0003
Q6PDH0_S431___1,-0.3147,No,0.0825,0.0639
Q6PDH0_S445___1,-0.0742,No,0.4856,0.6622
Q6PDI6_S99___1,0.552,Yes,0.0028,0.0012
Q6PDJ6_S393___1,0.2951,No,0.1012,0.0823
Q6PDK2_S4789___1,0.05465,No,0.5254,0.7476
Q6PDK2_S2318___1,0.1088,No,0.4091,0.5218
Q6PDK2_S5025___1,-0.8208,Yes,0.0001,0.0001
Q6PDK2_S2231___1,-0.01632,No,0.6043,0.9235
Q6PDK2_S2299___1,0.04844,No,0.5377,0.7755
Q6PDK2_S1562___1,0.4338,Yes,0.0188,0.0106
Q6PDK2_S3122___1,-0.2938,No,0.1027,0.0837
Q6PDK2_S2597___1,0.2099,No,0.2145,0.2166
Q6PDL0_S194___1,0.8217,Yes,0.0001,0.0001
Q6PDL0_S407___1,1.466,Yes,0.0001,0.0001
Q6PDL0_S446___1,1.48,Yes,0.0001,0.0001
Q6PDL0_S381___1,0.3504,No,0.0552,0.0391
Q6PDL0_S383___1,0.4006,Yes,0.0297,0.0183
Q6PDL0_S391___1,0.633,Yes,0.0006,0.0002
Q6PDM2_S199___1,-0.5958,Yes,0.0012,0.0005
Q6PDN3_S306___1,0.7069,Yes,0.0001,0.0001
Q6PDN3_S1460___1,0.3255,No,0.0734,0.0553
Q6PDN3_S935___1,0.557,Yes,0.0026,0.001
Q6PDN3_S377___1,0.3726,Yes,0.0423,0.0283
Q6PDN3_S355___1,0.3694,Yes,0.044,0.0296
Q6PDQ2_S1528___1,1.356,Yes,0.0001,0.0001
Q6PDQ2_S312___1,1.055,Yes,0.0001,0.0001
Q6PDZ2_S576___1,0.5651,Yes,0.0022,0.0009
Q6PEB6_S220___1,-0.1408,No,0.3423,0.4071
Q6PEE2_S72___1,0.08856,No,0.4539,0.6021
Q6PEM6_S265___1,0.7702,Yes,0.0001,0.0001
Q6PEM6_S71___1,0.7269,Yes,0.0001,0.0001
Q6PEM8_S458___1,0.5288,Yes,0.0042,0.0019
Q6PER3_S162___1,-0.05453,No,0.5255,0.7482
Q6PEV3_S235___1,-0.7782,Yes,0.0001,0.0001
Q6PEV3_S385___1,-0.346,No,0.058,0.0416
Q6PFD6_S561___1,1.424,Yes,0.0001,0.0001
Q6PFD9_S1815___1,0.1671,No,0.29,0.3251
Q6PFD9_S1059___1,-0.7837,Yes,0.0001,0.0001
Q6PFD9_S1027___1,-0.5478,Yes,0.003,0.0013
Q6PFD9_S653___1,0.08027,No,0.4725,0.6365
Q6PFD9_S623___1,-0.2384,No,0.1705,0.1605
Q6PFD9_S934___1,-0.2855,No,0.111,0.0928
Q6PFD9_S1042___1,-0.9384,Yes,0.0001,0.0001
Q6PFD9_S888___1,-0.2894,No,0.1071,0.0884
Q6PGC1_S27___1,0.7985,Yes,0.0001,0.0001
Q6PGC1_S198___1,0.464,Yes,0.012,0.0063
Q6PGC1_S579___1,0.3584,No,0.0503,0.0348
Q6PGF7_S15___1,-0.436,Yes,0.0182,0.0103
Q6PGF7_S28___1,0.1497,No,0.3244,0.3781
Q6PGF7_S31___1,-0.1142,No,0.398,0.5015
Q6PGG2_S436___1,0.3298,No,0.0699,0.0522
Q6PGG2_S238___1,0.1489,No,0.3259,0.3807
Q6PGG2_S247___1,0.7684,Yes,0.0001,0.0001
Q6PGH2_S69___1,-0.1195,No,0.386,0.4817
Q6PGH2_S173___1,0.2323,No,0.1795,0.1714
Q6PGH2_S97___1,2.268,Yes,0.0001,0.0001
Q6PGL7_S157___1,-0.04749,No,0.5396,0.7798
Q6PGL7_S388___1,-0.1784,No,0.2696,0.2934
Q6PGL7_S768___1,-0.2018,No,0.2286,0.2348
Q6PGL7_S783___1,0.7273,Yes,0.0001,0.0001
Q6PGL7_S1067___1,0.6801,Yes,0.0002,0.0001
Q6PGL7_S614___1,-0.2841,No,0.1125,0.0944
Q6PGL7_S1049___1,-0.03242,No,0.5704,0.8486
Q6PGL7_S284___1,-0.2891,No,0.1073,0.0887
Q6PGL7_S1173___1,0.07553,No,0.4826,0.6565
Q6PGL7_S873___1,-0.05732,No,0.5203,0.7358
Q6PGL7_S832___1,-0.3584,No,0.0503,0.0349
Q6PGL7_S1333___1,-0.1985,No,0.234,0.2425
Q6PGL7_S747___1,-0.1678,No,0.2886,0.3231
Q6PGL7_S723___1,0.01338,No,0.6099,0.9372
Q99MI1_S191___1,0.9429,Yes,0.0001,0.0001
Q6PH08_S14___1,-0.4712,Yes,0.0108,0.0055
Q6PHS6_S603___1,-0.009145,No,0.6181,0.9571
Q6PHU5_S819___1,2.099,Yes,0.0001,0.0001
Q6PHZ2_S319___1,-0.1666,No,0.291,0.3268
Q6PHZ5_S107___1,-0.1049,No,0.4181,0.537
Q6PHZ5_S261___1,-0.1586,No,0.3068,0.3506
Q6PHZ5_S263___1,-0.1477,No,0.3282,0.3845
Q6PHZ5_S559___1,-0.373,Yes,0.0421,0.0281
Q6PHZ5_S606___1,-0.7419,Yes,0.0001,0.0001
Q6PIJ4_S1288___1,-0.4995,Yes,0.0069,0.0033
Q6PIU9_S174___1,0.5375,Yes,0.0036,0.0016
Q6PIU9_S115___1,-0.1483,No,0.327,0.3827
Q6PIU9_S323___1,0.1393,No,0.3455,0.4121
Q6PIX5_S391___1,-0.09574,No,0.4378,0.573
Q6PIX5_S76___1,0.1624,No,0.2993,0.3391
Q6PIX5_S92___1,0.2825,No,0.1143,0.0962
Q6PIX5_S61___1,-0.5439,Yes,0.0033,0.0014
Q6Q477_S329___1,-0.3174,No,0.0801,0.0616
Q6QI06_S21___1,-1.114,Yes,0.0001,0.0001
Q6QI06_S265___1,-0.7321,Yes,0.0001,0.0001
Q6QI06_S1301___1,-0.8101,Yes,0.0001,0.0001
Q6R891_S192___1,-0.05753,No,0.5199,0.7348
Q6RHR9_S1341___1,0.6795,Yes,0.0002,0.0001
Q6RUT7_S34___1,0.375,Yes,0.0411,0.0273
Q6T264_S127___1,-0.03225,No,0.5707,0.8494
Q6T264_S321___1,0.2287,No,0.1849,0.1781
Q6TYB5_S200___1,-0.03043,No,0.575,0.8578
Q6TYB5_S203___1,0.1358,No,0.3525,0.4239
Q6VN19_S490___1,-0.2406,No,0.1674,0.1567
Q6VN19_S365___1,0.6531,Yes,0.0004,0.0001
Q6VN19_S369___1,1.612,Yes,0.0001,0.0001
Q6WQJ1_S733___1,-0.0259,No,0.585,0.8788
Q6XP49_S41___1,-0.9352,Yes,0.0001,0.0001
Q6Y685_S45___1,1.457,Yes,0.0001,0.0001
Q6Y685_S480___1,0.9955,Yes,0.0001,0.0001
Q6Y685_S401___1,0.6077,Yes,0.001,0.0003
Q6Y7W8_S1276___1,0.6099,Yes,0.0009,0.0003
Q6Y7W8_S26___1,0.6804,Yes,0.0002,0.0001
Q6Y7W8_S202___1,0.9304,Yes,0.0001,0.0001
Q6Y7W8_S161___1,0.7204,Yes,0.0001,0.0001
Q6Y7W8_S237___1,0.4132,Yes,0.0251,0.015
Q6ZPF3_S198___1,-0.1469,No,0.3298,0.3871
Q6ZPF4_S174___1,-0.01589,No,0.6049,0.9255
Q6ZPG2_S20___1,0.9066,Yes,0.0001,0.0001
Q6ZPI0_S704___1,0.2042,No,0.2244,0.2292
Q6ZPJ0_S803___1,-0.04861,No,0.5374,0.7747
Q6ZPJ0_S733___1,0.3411,No,0.0614,0.0446
Q6ZPJ0_S195___1,0.3475,No,0.057,0.0407
Q6ZPJ0_S265___1,0.2636,No,0.1366,0.1207
Q6ZPJ3_S833___1,0.6499,Yes,0.0004,0.0001
Q6ZPJ3_S836___1,0.5203,Yes,0.0049,0.0022
Q6ZPL9_S544___1,-0.06357,No,0.5078,0.7082
Q6ZPL9_S594___1,-0.1919,No,0.2455,0.2585
Q6ZPR5_S130___1,0.3616,Yes,0.0484,0.0333
Q6ZPR5_S749___1,1.28,Yes,0.0001,0.0001
Q6ZPR5_S283___1,0.5185,Yes,0.005,0.0023
Q6ZPR6_S1046___1,0.17,No,0.2845,0.3168
Q6ZPR6_S1084___1,0.5886,Yes,0.0014,0.0005
Q6ZPR6_S1197___1,0.6942,Yes,0.0002,0.0001
Q6ZPS6_S738___1,0.02612,No,0.5847,0.8778
Q6ZPY7_S515___1,0.9098,Yes,0.0001,0.0001
Q6ZPZ3_S1104___1,-0.3681,Yes,0.0448,0.0302
Q6ZPZ3_S1115___1,-0.4047,Yes,0.0282,0.0172
Q6ZPZ3_S917___1,0.5719,Yes,0.002,0.0008
Q6ZPZ3_S1035___1,-0.3775,Yes,0.0399,0.0263
Q6ZPZ3_S1270___1,-0.7164,Yes,0.0001,0.0001
Q6ZPZ3_S1276___1,1.27,Yes,0.0001,0.0001
Q6ZQ03_S440___1,-0.3038,No,0.0925,0.0736
Q6ZQ03_S120___1,-0.1336,No,0.3574,0.4317
Q6ZQ03_S19___1,-0.173,No,0.2791,0.3086
Q6ZQ12_S940___1,0.4531,Yes,0.0141,0.0076
Q6ZQ12_S114___1,0.07032,No,0.4935,0.6789
Q6ZQ38_S1230___1,-0.4658,Yes,0.0117,0.0061
Q6ZQ58_S1032___1,-0.4933,Yes,0.0076,0.0037
Q6ZQ58_S68___1,0.1994,No,0.2325,0.2404
Q6ZQ58_S81___1,0.6924,Yes,0.0002,0.0001
Q6ZQ58_S494___1,0.7246,Yes,0.0001,0.0001
Q6ZQ58_S498___1,0.7681,Yes,0.0001,0.0001
Q6ZQ58_S525___1,0.2694,No,0.1295,0.1128
Q6ZQ58_S801___1,-0.4031,Yes,0.0287,0.0176
Q6ZQ58_S604___1,1,Yes,0.0001,0.0001
Q6ZQ58_S608___1,0.9358,Yes,0.0001,0.0001
Q6ZQ58_S201___1,-0.06803,No,0.498,0.6888
Q6ZQ58_S743___1,1.349,Yes,0.0001,0.0001
Q6ZQ58_S751___1,0.7318,Yes,0.0001,0.0001
Q6ZQ58_S824___1,-0.3036,No,0.0927,0.0738
Q6ZQ58_S828___1,1.595,Yes,0.0001,0.0001
Q6ZQ58_S299___1,0.2468,No,0.1587,0.1462
Q6ZQ88_S132___1,0.1581,No,0.3075,0.3518
Q6ZQ88_S167___1,0.236,No,0.1737,0.1646
Q6ZQ88_S850___1,0.5714,Yes,0.002,0.0008
Q6ZQA0_S2727___1,-0.2776,No,0.12,0.1022
Q6ZQA6_S1019___1,0.177,No,0.2718,0.2974
Q6ZQF0_S890___1,0.8711,Yes,0.0001,0.0001
Q6ZQH8_S1727___1,0.3534,No,0.0533,0.0375
Q6ZQH8_S1257___1,-0.3001,No,0.0962,0.0773
Q6ZQK5_S545___1,-0.3094,No,0.0873,0.0686
Q6ZQK5_S381___1,0.1805,No,0.2659,0.288
Q6ZQK5_S384___1,0.03962,No,0.5553,0.8156
Q6ZQL4_S432___1,-0.03595,No,0.5623,0.8324
Q6ZWN5_S153___1,0.5334,Yes,0.0039,0.0017
Q6ZWQ0_S6348___1,0.1288,No,0.3668,0.4481
Q6ZWQ0_S4184___1,-0.348,No,0.0567,0.0405
Q6ZWQ0_S6761___1,1.533,Yes,0.0001,0.0001
Q6ZWQ0_S793___1,0.4632,Yes,0.0122,0.0064
Q6ZWU9_S78___1,-0.2777,No,0.1199,0.1021
Q6ZWU9_S11___1,0.4539,Yes,0.014,0.0075
Q70FJ1_S2789___1,-0.09807,No,0.4325,0.5637
Q70FJ1_S3347___1,-0.2585,No,0.1434,0.1281
Q70IV5_S1087___1,0.5707,Yes,0.002,0.0008
Q70IV5_S1371___1,0.4772,Yes,0.0098,0.005
Q71FD5_S18___1,-0.03905,No,0.5563,0.8181
Q71FD5_S75___1,-0.3811,Yes,0.0382,0.0249
Q71LX4_S2083___1,-0.4632,Yes,0.0122,0.0064
Q71LX4_S647___1,-0.3119,No,0.0849,0.0663
Q76KJ5_S187___1,1.099,Yes,0.0001,0.0001
Q76LS9_S440___1,-0.2309,No,0.1816,0.174
Q76LS9_S103___1,0.4953,Yes,0.0074,0.0035
Q78HU3_S161___1,0.2852,No,0.1114,0.0932
Q78HU7_S71___1,-0.6596,Yes,0.0003,0.0001
Q78HU7_S78___1,-0.5353,Yes,0.0038,0.0016
Q78PG9_S204___1,0.2703,No,0.1285,0.1115
Q78PY7_S150___1,0.9065,Yes,0.0001,0.0001
Q78PY7_S426___1,0.2011,No,0.2295,0.2365
Q78PY7_S909___1,0.984,Yes,0.0001,0.0001
Q78T81_S190___1,1.353,Yes,0.0001,0.0001
Q78WZ7_S60___1,0.406,Yes,0.0277,0.0168
Q78WZ7_S306___1,0.0402,No,0.5541,0.8129
Q78WZ7_S318___1,-0.4671,Yes,0.0115,0.006
Q78WZ7_S325___1,0.9601,Yes,0.0001,0.0001
Q78XR0_S159___1,0.1069,No,0.4132,0.5291
Q78XR0_S33___1,0.255,No,0.1477,0.1334
Q78ZA7_S7___1,0.3475,No,0.057,0.0408
Q78ZA7_S54___1,0.1957,No,0.2389,0.2493
Q7M720_S216___1,-0.1155,No,0.3948,0.4967
Q7M760_S697___1,-0.06243,No,0.5101,0.7132
Q7SIG6_S773___1,1.473,Yes,0.0001,0.0001
Q7SIG6_S704___1,-0.08772,No,0.4558,0.6055
Q7TMA2_S107___1,0.21,No,0.2142,0.2162
Q7TMB8_S833___1,-0.3264,No,0.0726,0.0547
Q7TMF2_S30___1,0.8625,Yes,0.0001,0.0001
Q7TMI3_S668___1,-0.5383,Yes,0.0036,0.0015
Q7TMK9_S249___1,0.4556,Yes,0.0136,0.0073
Q7TMQ7_S273___1,0.631,Yes,0.0006,0.0002
Q7TMQ7_S257___1,2.034,Yes,0.0001,0.0001
Q7TMY8_S1395___1,-0.3195,No,0.0784,0.06
Q7TMY8_S3663___1,0.1199,No,0.3853,0.4803
Q7TMY8_S2918___1,-0.407,Yes,0.0273,0.0166
Q7TMY8_S1907___1,-0.2962,No,0.1,0.0812
Q7TMY8_S3758___1,0.005555,No,0.6253,0.9739
Q7TMY8_S2377___1,0.2947,No,0.1016,0.0827
Q7TMY8_S1084___1,0.247,No,0.1585,0.1458
Q7TN37_S1102___1,-0.3516,No,0.0544,0.0384
Q7TN37_S527___1,-0.2982,No,0.0981,0.0791
Q7TNC6_S1686___1,0.5833,Yes,0.0016,0.0006
Q7TNC6_S1066___1,-0.538,Yes,0.0036,0.0015
Q7TNC6_S1747___1,0.7339,Yes,0.0001,0.0001
Q7TNC6_S1007___1,0.2921,No,0.1044,0.0855
Q7TNC6_S1486___1,0.6256,Yes,0.0007,0.0002
Q7TNC6_S1491___1,0.1983,No,0.2343,0.2431
Q7TNC6_S1017___1,0.5266,Yes,0.0044,0.0019
Q7TNC6_S1729___1,0.7709,Yes,0.0001,0.0001
Q7TNC6_S813___1,0.3094,No,0.0873,0.0685
Q7TNC6_S1085___1,0.247,No,0.1585,0.1459
Q7TNE3_S114___1,0.6618,Yes,0.0003,0.0001
Q7TPD1_S100___1,0.7388,Yes,0.0001,0.0001
Q7TPE5_S305___1,0.2704,No,0.1284,0.1114
Q7TPE5_S32___1,-0.3382,No,0.0635,0.0465
Q7TPM1_S415___1,0.7746,Yes,0.0001,0.0001
Q7TPM1_S1007___1,0.8006,Yes,0.0001,0.0001
Q7TPM1_S555___1,1.022,Yes,0.0001,0.0001
Q7TPM1_S1469___1,1.166,Yes,0.0001,0.0001
Q7TPM1_S387___1,1.22,Yes,0.0001,0.0001
Q7TPM1_S226___1,1.425,Yes,0.0001,0.0001
Q7TPM1_S479___1,0.7472,Yes,0.0001,0.0001
Q7TPM1_S806___1,1.106,Yes,0.0001,0.0001
Q7TPM9_S763___1,-0.4886,Yes,0.0082,0.004
Q7TPM9_S603___1,-0.5137,Yes,0.0055,0.0025
Q7TPM9_S745___1,-0.2067,No,0.2202,0.2235
Q7TPR4_S404___1,-0.4777,Yes,0.0098,0.0049
Q7TPS5_S260___1,-0.06399,No,0.5068,0.7064
Q7TPS5_S852___1,-0.2292,No,0.1843,0.1772
Q7TPS5_S662___1,-0.4554,Yes,0.0137,0.0073
Q7TPV2_S613___1,0.2009,No,0.2298,0.237
Q7TPV4_S6___1,2.537,Yes,0.0001,0.0001
Q7TPV4_S1160___1,0.5389,Yes,0.0036,0.0015
Q7TPV4_S1164___1,1.643,Yes,0.0001,0.0001
Q7TPV4_S1323___1,0.8219,Yes,0.0001,0.0001
Q7TPV4_S1280___1,1.463,Yes,0.0001,0.0001
Q7TPV4_S562___1,-0.5174,Yes,0.0051,0.0023
Q7TPV4_S1253___1,1.872,Yes,0.0001,0.0001
Q7TPW1_S281___1,-0.1932,No,0.243,0.2553
Q7TPW1_S288___1,-0.4086,Yes,0.0268,0.0161
Q7TPW1_S16___1,-0.3797,Yes,0.0388,0.0254
Q7TPW1_S495___1,-0.671,Yes,0.0003,0.0001
Q7TPW1_S500___1,-0.3229,No,0.0756,0.0573
Q7TPW1_S296___1,-0.3209,No,0.0772,0.0588
Q7TPW1_S436___1,0.09119,No,0.4483,0.5914
Q7TQ95_S411___1,0.5714,Yes,0.002,0.0008
Q7TQ95_S177___1,0.07582,No,0.4821,0.6553
Q7TQE6_S332___1,1.231,Yes,0.0001,0.0001
Q7TQE6_S305___1,0.8897,Yes,0.0001,0.0001
Q7TQF2_S338___1,-0.3238,No,0.0748,0.0566
Q7TQG1_S992___1,0.781,Yes,0.0001,0.0001
Q7TQG1_S933___1,0.6852,Yes,0.0002,0.0001
Q7TQG1_S443___1,0.3547,No,0.0526,0.0368
Q7TQG1_S901___1,0.1937,No,0.2421,0.2541
Q7TQI3_S16___1,0.2513,No,0.1523,0.139
Q7TQJ8_S75___1,-0.04995,No,0.5343,0.7687
Q7TQJ8_S79___1,0.1972,No,0.2362,0.2458
Q7TQJ8_S29___1,0.03371,No,0.5675,0.8427
Q7TQJ8_S105___1,0.3673,Yes,0.0452,0.0306
Q7TQK5_S305___1,0.7767,Yes,0.0001,0.0001
Q7TS75_S161___1,0.282,No,0.1149,0.0969
Q7TS75_S639___1,0.1698,No,0.2849,0.3174
Q7TS75_S175___1,0.317,No,0.0805,0.062
Q7TSA6_S588___1,0.4916,Yes,0.0078,0.0038
Q7TSC1_S1145___1,-0.3369,No,0.0645,0.0473
Q7TSC1_S761___1,0.6591,Yes,0.0003,0.0001
Q7TSC1_S204___1,-0.3531,No,0.0535,0.0377
Q7TSC1_S1002___1,-0.4533,Yes,0.0141,0.0076
Q7TSC1_S1083___1,1.071,Yes,0.0001,0.0001
Q7TSC1_S1087___1,0.2706,No,0.1282,0.1111
Q7TSC1_S2114___1,1.182,Yes,0.0001,0.0001
Q7TSC1_S454___1,0.07642,No,0.4809,0.6528
Q7TSC1_S1217___1,0.3487,No,0.0562,0.0401
Q7TSC1_S1431___1,0.8508,Yes,0.0001,0.0001
Q7TSC1_S1321___1,1.79,Yes,0.0001,0.0001
Q7TSC1_S146___1,-0.1845,No,0.2587,0.2773
Q7TSG2_S730___1,-0.6719,Yes,0.0003,0.0001
Q7TSG2_S530___1,-0.2412,No,0.1665,0.1555
Q7TSG2_S459___1,-0.03368,No,0.5675,0.8428
Q7TSH2_S693___1,-0.2986,No,0.0978,0.0788
Q7TSH3_S845___1,0.8388,Yes,0.0001,0.0001
Q7TSH3_S912___1,0.8234,Yes,0.0001,0.0001
Q7TSH3_S919___1,-0.4405,Yes,0.017,0.0095
Q7TSH3_S720___1,-0.135,No,0.3544,0.4269
Q7TSH3_S116___1,0.6403,Yes,0.0005,0.0002
Q7TSH6_S154___1,0.1776,No,0.2707,0.2957
Q7TSI1_S491___1,-0.1493,No,0.3252,0.3795
Q7TSI1_S466___1,0.8498,Yes,0.0001,0.0001
Q7TSI3_S636___1,0.2326,No,0.179,0.1708
Q7TSI3_S745___1,0.2349,No,0.1754,0.1666
Q7TSI3_S668___1,0.124,No,0.3762,0.4654
Q7TSJ2_S905___1,2.3,Yes,0.0001,0.0001
Q7TSJ2_S386___1,0.6158,Yes,0.0008,0.0003
Q7TSV4_S173___1,-0.5539,Yes,0.0027,0.0011
Q7TSV9_S52___1,1.42,Yes,0.0001,0.0001
Q7TSY8_S253___1,1.337,Yes,0.0001,0.0001
Q7TSY8_S34___1,-0.1273,No,0.3696,0.4534
Q7TT18_S533___1,0.9903,Yes,0.0001,0.0001
Q7TT18_S112___1,0.8666,Yes,0.0001,0.0001
Q7TT18_S707___1,0.8336,Yes,0.0001,0.0001
Q7TT18_S593___1,0.7417,Yes,0.0001,0.0001
Q7TT28_S514___1,0.1575,No,0.3089,0.3537
Q7TT50_S474___1,-0.343,No,0.0601,0.0435
Q7TT50_S363___1,-0.6079,Yes,0.001,0.0003
Q7TT50_S524___1,0.3703,Yes,0.0436,0.0292
Q7TT50_S868___1,-0.1047,No,0.4184,0.5375
Q7TT50_S1645___1,-0.04543,No,0.5443,0.7891
Q7TT50_S1649___1,-0.5111,Yes,0.0057,0.0026
Q80SW1_S68___1,0.6769,Yes,0.0002,0.0001
Q80SY5_S321___1,-0.4454,Yes,0.0158,0.0087
Q80T69_S80___1,0.5663,Yes,0.0022,0.0009
Q80T85_S799___1,0.3953,Yes,0.0318,0.02
Q80T85_S828___1,-0.5422,Yes,0.0034,0.0014
Q80TA6_S601___1,-0.5562,Yes,0.0026,0.0011
Q80TA6_S699___1,0.2614,No,0.1393,0.1239
Q80TA6_S564___1,-0.4669,Yes,0.0115,0.006
Q80TF3_S1045___1,0.1437,No,0.3363,0.3974
Q80TG1_S1013___1,0.1615,No,0.3012,0.3418
Q80TG1_S30___1,0.2409,No,0.1669,0.1562
Q80TG1_S976___1,0.09129,No,0.4482,0.591
Q8C115_S548___1,0.4,Yes,0.0299,0.0185
Q80TJ7_S820___1,-0.006584,No,0.6234,0.9691
Q80TJ7_S553___1,-0.6978,Yes,0.0001,0.0001
Q80TJ7_S615___1,-0.1682,No,0.2878,0.3219
Q80TJ7_S984___1,-0.6194,Yes,0.0008,0.0003
Q80TK0_S785___1,0.0841,No,0.4643,0.6205
Q80TK0_S722___1,0.04932,No,0.5358,0.7715
Q80TM9_S52___1,-0.2751,No,0.1229,0.1054
Q80TN7_S1140___1,0.0828,No,0.467,0.6259
Q80TP3_S2363___1,0.447,Yes,0.0155,0.0085
Q80TP3_S1543___1,0.2131,No,0.2093,0.2095
Q80TP3_S321___1,0.4526,Yes,0.0143,0.0077
Q80TY0_S385___1,-0.173,No,0.279,0.3083
Q80TY0_S296___1,-0.1601,No,0.3041,0.346
Q80TY5_S1772___1,0.1948,No,0.2403,0.2514
Q80TZ9_S656___1,-0.1692,No,0.2862,0.3192
Q80TZ9_S1258___1,0.1099,No,0.4067,0.5175
Q80TZ9_S613___1,-0.04293,No,0.5489,0.8005
Q80TZ9_S679___1,1.479,Yes,0.0001,0.0001
Q80TZ9_S681___1,0.5678,Yes,0.0021,0.0008
Q80U19_S704___1,0.4497,Yes,0.0149,0.0081
Q80U35_S538___1,-0.08518,No,0.4614,0.616
Q80U35_S689___1,-0.2872,No,0.1093,0.0909
Q80U35_S244___1,-0.1058,No,0.4159,0.5332
Q80U35_S516___1,1.164,Yes,0.0001,0.0001
Q80U35_S994___1,-0.1264,No,0.3714,0.4566
Q80U35_S486___1,-1.035,Yes,0.0001,0.0001
Q80U35_S906___1,-0.1823,No,0.2626,0.2831
Q80U35_S611___1,-0.2018,No,0.2286,0.2349
Q80U35_S142___1,-0.05517,No,0.5243,0.7453
Q80U35_S152___1,0.01203,No,0.6126,0.9435
Q80U35_S728___1,-0.3945,Yes,0.0321,0.0202
Q80U35_S79___1,-0.3,No,0.0963,0.0773
Q80U35_S414___1,-0.5551,Yes,0.0027,0.0011
Q80U35_S15___1,-0.3003,No,0.096,0.077
Q80U35_S377___1,0.7125,Yes,0.0001,0.0001
Q80U35_S389___1,0.001361,No,0.6326,0.9936
Q80U44_S884___1,0.159,No,0.306,0.3491
Q80U44_S722___1,0.1763,No,0.2729,0.2993
Q80U44_S927___1,0.9453,Yes,0.0001,0.0001
Q80U44_S906___1,0.2139,No,0.2081,0.2079
Q80U49_S709___1,0.1078,No,0.4111,0.5257
Q80U49_S1171___1,-0.07522,No,0.4833,0.6579
Q80U49_S653___1,0.8918,Yes,0.0001,0.0001
Q80U49_S563___1,-0.1567,No,0.3105,0.3563
Q80U49_S1122___1,0.6494,Yes,0.0004,0.0001
Q80U49_S1341___1,0.4574,Yes,0.0133,0.0071
Q80U49_S534___1,0.1961,No,0.2382,0.2483
Q80U49_S360___1,0.535,Yes,0.0038,0.0016
Q80U49_S478___1,0.06417,No,0.5065,0.7056
Q80U49_S862___1,0.5402,Yes,0.0035,0.0015
Q80U49_S419___1,-0.05921,No,0.5166,0.7274
Q80U49_S490___1,0.4261,Yes,0.021,0.0121
Q80U49_S843___1,0.2015,No,0.2289,0.2354
Q80U49_S1101___1,0.09033,No,0.4499,0.5949
Q80U49_S1186___1,0.5839,Yes,0.0016,0.0006
Q80U56_S368___1,0.5247,Yes,0.0045,0.002
Q80U58_S136___1,0.05614,No,0.5227,0.741
Q80U58_S177___1,-0.2733,No,0.1249,0.1075
Q80U58_S181___1,-0.1308,No,0.3633,0.4412
Q80U58_S587___1,-0.07603,No,0.4816,0.6544
Q80U58_S85___1,0.4366,Yes,0.018,0.0102
Q80U58_S102___1,0.5691,Yes,0.0021,0.0008
Q80U59_S1352___1,-0.3571,No,0.0511,0.0355
Q80U70_S548___1,0.5317,Yes,0.004,0.0017
Q80U72_S1292___1,-0.3556,No,0.052,0.0363
Q80U87_S535___1,0.149,No,0.3256,0.3802
Q80U87_S153___1,0.5273,Yes,0.0043,0.0019
Q80U87_S680___1,0.06337,No,0.5083,0.7091
Q80U93_S1139___1,-0.1669,No,0.2904,0.3258
Q80U93_S637___1,0.331,No,0.0689,0.0513
Q80U93_S660___1,0.3476,No,0.0569,0.0407
Q80U93_S930___1,-0.0123,No,0.6121,0.9423
Q80UE6_S1014___1,0.05641,No,0.5221,0.7398
Q80UF4_S92___1,0.1389,No,0.3463,0.4135
Q80UG2_S1629___1,0.1362,No,0.3518,0.4225
Q80UG2_S1632___1,1.022,Yes,0.0001,0.0001
Q80UJ7_S5___1,0.1937,No,0.2421,0.2542
Q80UJ7_S917___1,0.1426,No,0.3387,0.4012
Q80UK8_S349___1,-0.4212,Yes,0.0224,0.0131
Q80UP8_S256___1,-0.3898,Yes,0.0342,0.0217
Q80UP8_S367___1,0.9578,Yes,0.0001,0.0001
Q80UU1_S385___1,0.2082,No,0.2176,0.2202
Q80UU1_S86___1,-0.6498,Yes,0.0004,0.0001
Q80UV9_S1847___1,0.9198,Yes,0.0001,0.0001
Q80UW5_S1491___1,-0.414,Yes,0.0249,0.0148
Q80UW5_S1550___1,0.5637,Yes,0.0023,0.0009
Q80UW5_S1481___1,-0.1142,No,0.398,0.5014
Q80UW5_S1483___1,0.7339,Yes,0.0001,0.0001
Q80UZ2_S585___1,0.1159,No,0.3938,0.4949
Q80V23_S68___1,-0.2965,No,0.0998,0.0809
Q80V24_S58___1,0.2475,No,0.1578,0.1451
Q80V94_S962___1,-0.5115,Yes,0.0057,0.0026
Q80VA0_S103___1,0.2147,No,0.2067,0.2061
Q80VD1_S261___1,-0.3079,No,0.0887,0.0699
Q80VI1_S376___1,0.7335,Yes,0.0001,0.0001
Q80VJ2_S60___1,0.8237,Yes,0.0001,0.0001
Q80VL3_S437___1,-0.07909,No,0.4749,0.6415
Q80VL3_S11___1,0.03935,No,0.5558,0.8168
Q80VQ1_S428___1,0.5065,Yes,0.0061,0.0029
Q80W04_S435___1,0.2515,No,0.1521,0.1386
Q80W04_S189___1,-0.3776,Yes,0.0399,0.0262
Q80W47_S395___1,-0.05233,No,0.5296,0.758
Q80W68_S772___1,-0.06125,No,0.5126,0.7184
Q80W68_S677___1,-0.198,No,0.2348,0.2438
Q80W68_S584___1,0.1712,No,0.2823,0.3136
Q80WC3_S1921___1,0.04357,No,0.5477,0.7976
Q80WC3_S348___1,0.4503,Yes,0.0147,0.008
Q80WC3_S2403___1,0.3073,No,0.0892,0.0704
Q80WJ7_S454___1,1.957,Yes,0.0001,0.0001
Q80WJ7_S565___1,1.247,Yes,0.0001,0.0001
Q80WQ6_S147___1,-0.6526,Yes,0.0004,0.0001
Q80WQ6_S83___1,-0.005835,No,0.6248,0.9726
Q80WQ6_S359___1,0.07071,No,0.4928,0.6772
Q80WR5_S180___1,-1.255,Yes,0.0001,0.0001
Q80WT4_S342___1,-0.1192,No,0.3866,0.4828
Q80X32_S187___1,-0.4688,Yes,0.0112,0.0058
Q80X50_S624___1,-0.05548,No,0.5239,0.7439
Q80X50_S629___1,0.8632,Yes,0.0001,0.0001
Q80X50_S436___1,0.8682,Yes,0.0001,0.0001
Q80X50_S487___1,0.5108,Yes,0.0057,0.0026
Q80X50_S490___1,0.08446,No,0.4633,0.619
Q80X50_S491___1,0.01742,No,0.6017,0.9183
Q80X50_S496___1,-0.06985,No,0.4945,0.6809
Q80X50_S497___1,-0.03303,No,0.569,0.8458
Q80X66_S75___1,0.552,Yes,0.0028,0.0012
Q80X66_S92___1,0.4866,Yes,0.0085,0.0042
Q80X73_S55___1,0.468,Yes,0.0113,0.0059
Q80X73_S58___1,0.1484,No,0.3268,0.3822
Q80X80_S48___1,-0.01986,No,0.5971,0.9069
Q80X80_S703___1,-0.05571,No,0.5236,0.7429
Q80X80_S662___1,-0.1884,No,0.2518,0.2673
Q80X80_S631___1,-0.4696,Yes,0.0111,0.0057
Q80X80_S411___1,-0.1682,No,0.2878,0.3219
Q80X80_S374___1,0.1343,No,0.3557,0.429
Q80X82_S1260___1,-0.1776,No,0.2708,0.2958
Q80X82_S494___1,-0.5725,Yes,0.0019,0.0008
Q80X82_S1275___1,-0.2051,No,0.2231,0.2272
Q80X82_S1276___1,-0.05532,No,0.5241,0.7446
Q80X90_S983___1,1.095,Yes,0.0001,0.0001
Q80X90_S2478___1,0.08993,No,0.4509,0.5965
Q80X90_S2481___1,-0.1737,No,0.2779,0.3066
Q80X90_S833___1,0.07257,No,0.4891,0.6692
Q80X90_S789___1,-0.2255,No,0.1899,0.1843
Q80X90_S1505___1,-0.5188,Yes,0.005,0.0023
Q80XC2_S46___1,-0.534,Yes,0.0039,0.0017
Q80XC3_S544___1,-0.5418,Yes,0.0034,0.0014
Q80XC3_S452___1,-0.3972,Yes,0.0311,0.0194
Q80XC3_S669___1,0.2299,No,0.1832,0.1759
Q80XC3_S489___1,-0.7648,Yes,0.0001,0.0001
Q80XC6_S54___1,-0.04608,No,0.5429,0.7862
Q80XI6_S549___1,-0.208,No,0.218,0.2207
Q80XI6_S508___1,-0.1364,No,0.3514,0.4218
Q80XI6_S525___1,-0.07593,No,0.4818,0.6548
Q80XI6_S751___1,0.07073,No,0.4928,0.6771
Q80XI6_S35___1,-0.1529,No,0.3179,0.3681
Q80XI6_S731___1,-0.4206,Yes,0.0227,0.0133
Q80XJ3_S2370___1,0.5238,Yes,0.0046,0.002
Q80XJ3_S1381___1,0.1473,No,0.3289,0.3858
Q80XJ3_S2219___1,-0.3773,Yes,0.04,0.0263
Q80XJ3_S2073___1,-0.1882,No,0.2521,0.2677
Q80XJ3_S41___1,0.2362,No,0.1735,0.1643
Q80XK6_S496___1,0.06591,No,0.5026,0.698
Q80XK6_S379___1,0.2812,No,0.1158,0.0978
Q80XK6_S898___1,0.4611,Yes,0.0126,0.0066
Q80XP8_S338___1,-0.2421,No,0.1653,0.154
Q80XP8_S193___1,-0.01845,No,0.5997,0.9135
Q80XQ2_S578___1,0.473,Yes,0.0105,0.0054
Q80XQ2_S565___1,-0.0707,No,0.4928,0.6772
Q80XR2_S620___1,0.2229,No,0.1938,0.1895
Q80XS6_S550___1,0.4116,Yes,0.0257,0.0154
Q80XS6_S600___1,0.2275,No,0.1869,0.1804
Q80XS6_S621___1,0.2283,No,0.1855,0.1788
Q80XU3_S181___1,0.8878,Yes,0.0001,0.0001
Q80XU3_S79___1,-0.9561,Yes,0.0001,0.0001
Q80XU3_S19___1,-0.7304,Yes,0.0001,0.0001
Q80XU3_S54___1,-0.6276,Yes,0.0007,0.0002
Q80XU3_S58___1,-0.4604,Yes,0.0127,0.0067
Q80XU3_S61___1,-0.6773,Yes,0.0002,0.0001
Q80XU3_S50___1,2.189,Yes,0.0001,0.0001
Q80XU8_S611___1,-0.4844,Yes,0.0088,0.0043
Q80Y17_S964___1,-0.2015,No,0.2289,0.2354
Q80Y24_S319___1,-0.5532,Yes,0.0028,0.0011
Q80Y24_S732___1,-0.06278,No,0.5095,0.7117
Q80Y24_S741___1,-0.4264,Yes,0.0209,0.0121
Q80Y24_S696___1,-0.1676,No,0.2891,0.3238
Q80Y24_S754___1,-0.38,Yes,0.0387,0.0253
Q80Y24_S807___1,-0.5476,Yes,0.0031,0.0013
Q80Y44_S549___1,-0.2314,No,0.181,0.1731
Q80Y56_S415___1,-0.4226,Yes,0.022,0.0128
Q80YA8_S1271___1,0.1284,No,0.3676,0.4498
Q80YA8_S1258___1,0.7462,Yes,0.0001,0.0001
Q80YD1_S725___1,0.2744,No,0.1238,0.1063
Q80YE7_S319___1,0.2167,No,0.2034,0.2019
Q80YE7_S1433___1,-0.6579,Yes,0.0004,0.0001
Q80YF6_S240___1,0.3355,No,0.0656,0.0483
Q80YR5_S847___1,0.1553,No,0.3133,0.3604
Q80YR5_S95___1,-0.1593,No,0.3055,0.3484
Q80YR7_S1133___1,2.039,Yes,0.0001,0.0001
Q80YR9_S660___1,0.06196,No,0.511,0.7153
Q80YS6_S688___1,-0.08211,No,0.4683,0.6288
Q80YS6_S284___1,0.2909,No,0.1055,0.0867
Q80YS6_S712___1,0.4941,Yes,0.0075,0.0036
Q80YS6_S549___1,-0.2843,No,0.1123,0.0941
Q80YS6_S665___1,-0.1777,No,0.2705,0.2954
Q80YS6_S666___1,-0.3096,No,0.087,0.0683
Q80YS6_S669___1,-0.1028,No,0.4227,0.545
Q80YV2_S406___1,-0.5963,Yes,0.0012,0.0004
Q80YV2_S409___1,-0.323,No,0.0756,0.0572
Q80YV2_S62___1,-0.2908,No,0.1056,0.0869
Q80YV2_S394___1,-0.222,No,0.1952,0.1912
Q80YV2_S334___1,-0.001909,No,0.6315,0.991
Q80YV2_S343___1,-0.4066,Yes,0.0275,0.0167
Q80YV2_S353___1,-1.158,Yes,0.0001,0.0001
Q80YV2_S369___1,0.1617,No,0.3008,0.3412
Q80YV2_S24___1,0.1533,No,0.3173,0.3668
Q80YV3_S749___1,-0.006393,No,0.6237,0.97
Q80Z25_S267___1,0.4316,Yes,0.0193,0.011
Q80Z25_S791___1,0.2998,No,0.0965,0.0775
Q80Z37_S1016___1,0.2246,No,0.1913,0.1861
Q80Z37_S806___1,0.4245,Yes,0.0214,0.0124
Q80Z37_S99___1,0.251,No,0.1527,0.1395
Q80Z37_S82___1,0.1693,No,0.286,0.3189
Q80Z37_S736___1,0.2509,No,0.1529,0.1397
Q80Z37_S568___1,0.3189,No,0.0789,0.0604
Q80Z37_S196___1,0.01183,No,0.613,0.9445
Q80Z37_S1025___1,0.1229,No,0.3784,0.4692
Q80Z96_S522___1,0.05702,No,0.5208,0.7371
Q80Z96_S525___1,-0.05956,No,0.5159,0.7258
Q80Z96_S340___1,0.3565,No,0.0514,0.0358
Q80ZK9_S662___1,-0.3761,Yes,0.0406,0.0268
Q810A7_S96___1,-0.06835,No,0.4974,0.6874
Q810A7_S185___1,0.01555,No,0.6054,0.927
Q810J8_S129___1,-0.1818,No,0.2635,0.2845
Q810V0_S277___1,-0.5722,Yes,0.002,0.0008
Q811D0_S688___1,-0.05857,No,0.5182,0.7302
Q811D2_S239___1,-0.3751,Yes,0.0411,0.0272
Q811L6_S1776___1,-0.004945,No,0.6265,0.9768
Q811L6_S135___1,0.5472,Yes,0.0031,0.0013
Q811L6_S1465___1,0.02103,No,0.5946,0.9015
Q811L6_S1417___1,0.004689,No,0.6268,0.978
Q811L6_S164___1,0.2648,No,0.1351,0.119
Q811L6_S1444___1,0.1362,No,0.3519,0.4228
Q811L6_S2517___1,0.266,No,0.1337,0.1174
Q811L6_S2053___1,1.002,Yes,0.0001,0.0001
Q811L6_S204___1,0.6528,Yes,0.0004,0.0001
Q812A2_S895___1,0.007841,No,0.6211,0.9632
Q812A2_S759___1,1.049,Yes,0.0001,0.0001
Q812A2_S858___1,-0.5691,Yes,0.0021,0.0008
Q812A2_S497___1,0.1821,No,0.2629,0.2836
Q8BFU3_S48___1,0.04106,No,0.5527,0.809
Q8BFU3_S500___1,0.5525,Yes,0.0028,0.0011
Q8BFW7_S610___1,-0.4228,Yes,0.022,0.0128
Q8BFX3_S665___1,0.4524,Yes,0.0143,0.0077
Q8BFY7_S128___1,1.353,Yes,0.0001,0.0001
Q8BG05_S359___1,-0.3244,No,0.0743,0.0562
Q8BG05_S367___1,-0.4406,Yes,0.017,0.0095
Q8BG05_S371___1,-0.4706,Yes,0.0109,0.0056
Q8BG09_S402___1,0.5789,Yes,0.0017,0.0007
Q8BG09_S403___1,0.8157,Yes,0.0001,0.0001
Q8BG15_S9___1,-1.112,Yes,0.0001,0.0001
Q8BG15_S13___1,3.081,Yes,0.0001,0.0001
Q8BG15_S104___1,0.5375,Yes,0.0036,0.0016
Q8BG17_S135___1,0.2252,No,0.1903,0.1848
Q8BG30_S363___1,-0.178,No,0.2701,0.2947
Q8BG30_S225___1,0.2584,No,0.1435,0.1282
Q8BG30_S192___1,-0.5706,Yes,0.002,0.0008
Q8BG67_S363___1,0.1483,No,0.327,0.3826
Q8BG67_S220___1,0.1049,No,0.4181,0.537
Q8BG67_S692___1,-0.131,No,0.3629,0.4407
Q8BG80_S240___1,1.083,Yes,0.0001,0.0001
Q8BG81_S127___1,0.1266,No,0.371,0.4559
Q8BG95_S833___1,-0.758,Yes,0.0001,0.0001
Q8BG95_S849___1,-0.7116,Yes,0.0001,0.0001
Q8BG95_S446___1,-0.4176,Yes,0.0236,0.0139
Q8BGB2_S648___1,-0.5903,Yes,0.0014,0.0005
Q8BGB2_S183___1,-0.2719,No,0.1266,0.1094
Q8BGC0_S441___1,-0.05317,No,0.5277,0.7542
Q8BGC0_S455___1,-0.3053,No,0.0911,0.0722
Q8BGC0_S705___1,-0.4063,Yes,0.0276,0.0167
Q8BGC0_S388___1,0.4908,Yes,0.0079,0.0039
Q8BGC0_S392___1,0.5757,Yes,0.0018,0.0007
Q8BGC0_S398___1,0.5638,Yes,0.0023,0.0009
Q8BGC0_S645___1,-0.1386,No,0.347,0.4146
Q8BGD9_S283___1,0.3973,Yes,0.031,0.0193
Q8BGD9_S207___1,0.4867,Yes,0.0085,0.0042
Q8BGD9_S542___1,0.5557,Yes,0.0026,0.0011
Q8BGD9_S406___1,-0.02426,No,0.5879,0.8864
Q8BGD9_S409___1,0.01856,No,0.5996,0.913
Q8BGD9_S422___1,0.7549,Yes,0.0001,0.0001
Q8BGD9_S495___1,0.6589,Yes,0.0003,0.0001
Q8BGD9_S497___1,0.1923,No,0.2448,0.2576
Q8BGD9_S498___1,0.1773,No,0.2714,0.2966
Q8BGD9_S504___1,0.6943,Yes,0.0002,0.0001
Q8BGD9_S352___1,0.04363,No,0.5476,0.7973
Q8BGD9_S597___1,0.5996,Yes,0.0012,0.0004
Q8BGE6_S383___1,0.6505,Yes,0.0004,0.0001
Q8BGK6_S30___1,0.3727,Yes,0.0423,0.0282
Q8BGK6_S32___1,-0.7749,Yes,0.0001,0.0001
Q8BGK6_S35___1,-0.3041,No,0.0922,0.0734
Q8BGK6_S8___1,0.7118,Yes,0.0001,0.0001
Q8BGQ1_S119___1,-0.2756,No,0.1222,0.1046
Q8BGQ7_S399___1,-0.167,No,0.2903,0.3256
Q8BGS1_S581___1,-0.2203,No,0.1979,0.1946
Q8BGS1_S348___1,-0.1976,No,0.2355,0.2448
Q8BGT0_S329___1,-0.2587,No,0.1431,0.1278
Q8BGT6_S496___1,-0.08102,No,0.4707,0.6334
Q8BGT6_S647___1,-0.1402,No,0.3437,0.409
Q8BGT6_S651___1,-0.4984,Yes,0.007,0.0033
Q8BGU5_S73___1,-0.7459,Yes,0.0001,0.0001
Q8BGU5_S326___1,-0.672,Yes,0.0003,0.0001
Q8BGU5_S25___1,-0.3021,No,0.0942,0.0753
Q8BGU5_S21___1,-0.3459,No,0.0581,0.0417
Q8BGU5_S83___1,-0.5253,Yes,0.0045,0.002
Q8BGV4_S504___1,-0.1878,No,0.2528,0.2688
Q8BGV8_S59___1,-0.6016,Yes,0.0011,0.0004
Q8BGV8_S94___1,-0.1599,No,0.3044,0.3466
Q8BGW2_S238___1,1.157,Yes,0.0001,0.0001
Q8BGW2_S177___1,0.5884,Yes,0.0014,0.0005
Q8BGY4_S13___1,0.4254,Yes,0.0212,0.0123
Q8BGY4_S417___1,0.4672,Yes,0.0115,0.006
Q8BGY4_S430___1,0.2927,No,0.1039,0.0849
Q8BGZ4_S578___1,0.02399,No,0.5882,0.8877
Q8BGZ4_S588___1,0.003162,No,0.6297,0.9851
Q8BH02_S92___1,-0.21,No,0.2142,0.2162
Q8BH07_S64___1,0.04771,No,0.5391,0.7788
Q8BH07_S36___1,0.1903,No,0.2482,0.2625
Q8BH07_S80___1,0.1939,No,0.2419,0.2537
Q8BH43_S473___1,0.2021,No,0.2281,0.2342
Q8BH43_S215___1,-0.3322,No,0.0679,0.0505
Q8BH50_S66___1,-0.3852,Yes,0.0363,0.0233
Q8BH50_S145___1,0.158,No,0.3079,0.3523
Q8BH50_S147___1,0.1211,No,0.3824,0.4758
Q8BH58_S270___1,-0.3305,No,0.0694,0.0517
Q8BH64_S438___1,-0.3898,Yes,0.0342,0.0217
Q8BH64_S349___1,-0.05087,No,0.5325,0.7646
Q8BH64_S468___1,0.2063,No,0.2209,0.2245
Q8BH66_S10___1,-0.5182,Yes,0.0051,0.0023
Q8BH66_S22___1,0.03306,No,0.5689,0.8457
Q8BH66_S23___1,0.1638,No,0.2966,0.3348
Q8BH69_S17___1,-0.1985,No,0.234,0.2425
Q8BH74_S87___1,-0.4589,Yes,0.013,0.0069
Q8BH74_S11___1,-0.2153,No,0.2058,0.205
Q8BH88_S160___1,1.115,Yes,0.0001,0.0001
Q8BHE1_S181___1,-0.06612,No,0.5021,0.6971
Q8BHE1_S91___1,0.1833,No,0.2607,0.2806
Q8BHE4_S529___1,0.21,No,0.2142,0.2162
Q8BHE4_S533___1,-0.1589,No,0.3062,0.3494
Q8BHE4_S538___1,0.3908,Yes,0.0338,0.0214
Q8BHG1_S85___1,0.4927,Yes,0.0077,0.0037
Q8BHG1_S60___1,0.8003,Yes,0.0001,0.0001
Q8BHG9_S94___1,0.2205,No,0.1977,0.1943
Q8BHJ9_S215___1,-0.0367,No,0.561,0.8289
Q8BHK9_S1021___1,0.7402,Yes,0.0001,0.0001
Q8BHK9_S1001___1,0.6115,Yes,0.0009,0.0003
Q8BHK9_S980___1,1.242,Yes,0.0001,0.0001
Q8BHL3_S129___1,-0.6597,Yes,0.0003,0.0001
Q8BHL3_S142___1,-0.1749,No,0.2757,0.3033
Q8BHL3_S664___1,-0.5432,Yes,0.0033,0.0014
Q8BHL3_S619___1,-0.8046,Yes,0.0001,0.0001
Q8BHL3_S22___1,-0.4828,Yes,0.009,0.0045
Q8BHL3_S28___1,-0.05395,No,0.5264,0.7508
Q8BHL4_S344___1,-0.5721,Yes,0.002,0.0008
Q8BHL7_S75___1,0.2377,No,0.1714,0.1617
Q8BHL8_S153___1,-0.1394,No,0.3454,0.4119
Q8BHN5_S199___1,-0.2518,No,0.1519,0.1383
Q8BHN5_S206___1,-0.4195,Yes,0.023,0.0135
Q8BHR8_S304___1,0.7798,Yes,0.0001,0.0001
Q8BHS6_S43___1,-0.00262,No,0.6302,0.9877
Q8BHS6_S110___1,0.3267,No,0.0724,0.0544
Q8BHS6_S61___1,0.4997,Yes,0.0069,0.0033
Q8BHX3_S175___1,2.067,Yes,0.0001,0.0001
Q8BHZ4_S78___1,0.07538,No,0.4831,0.6572
Q8BHZ4_S346___1,-0.2425,No,0.1648,0.1533
Q8BHZ4_S1089___1,0.5742,Yes,0.0019,0.0007
Q8BI29_S132___1,-0.1537,No,0.3163,0.3655
Q8BI29_S397___1,-0.3957,Yes,0.0316,0.0198
Q8BI72_S124___1,-0.3894,Yes,0.0344,0.0219
Q8BI72_S169___1,-0.3459,No,0.058,0.0417
Q8BI84_S1915___1,0.5521,Yes,0.0028,0.0012
Q8BI84_S1733___1,0.8719,Yes,0.0001,0.0001
Q8BI84_S537___1,-0.3929,Yes,0.0328,0.0207
Q8BI84_S1705___1,0.2945,No,0.1018,0.083
Q8BI84_S1754___1,0.9699,Yes,0.0001,0.0001
Q8BI84_S659___1,-0.2186,No,0.2004,0.1981
Q8BIE6_S785___1,-0.1912,No,0.2468,0.2604
Q8BIE6_S712___1,-0.3379,No,0.0637,0.0466
Q8BIE6_S882___1,-0.08277,No,0.467,0.626
Q8BIE6_S642___1,0.1656,No,0.2929,0.3294
Q8BIE6_S889___1,-0.7054,Yes,0.0001,0.0001
Q8BIE6_S679___1,-0.3805,Yes,0.0385,0.0251
Q8BIE6_S590___1,0.1794,No,0.2676,0.2908
Q8BIG4_S344___1,2.135,Yes,0.0001,0.0001
Q8BIQ5_S527___1,-0.5529,Yes,0.0028,0.0011
Q8BIQ5_S120___1,0.1742,No,0.2768,0.305
Q8BIW9_S91___1,0.357,No,0.0511,0.0355
Q8BIX3_S179___1,-0.04086,No,0.5532,0.8099
Q8BIX3_S182___1,-0.0705,No,0.4931,0.6781
Q8BIX3_S130___1,-0.1168,No,0.3921,0.4918
Q8BIY1_S61___1,-0.4669,Yes,0.0115,0.006
Q8BIZ6_S18___1,0.02478,No,0.5872,0.884
Q8BIZ6_S33___1,0.3369,No,0.0645,0.0473
Q8BJ05_S515___1,0.04174,No,0.5513,0.8059
Q8BJ05_S309___1,-0.8006,Yes,0.0001,0.0001
Q8BJ05_S343___1,-0.2929,No,0.1036,0.0847
Q8BJ05_S152___1,-0.4772,Yes,0.0098,0.005
Q8BJ05_S85___1,0.04877,No,0.537,0.774
Q8BJ05_S733___1,0.009522,No,0.6177,0.9553
Q8BJ37_S61___1,0.1482,No,0.327,0.3828
Q8BJ37_S132___1,0.2642,No,0.1358,0.1199
Q8BJ71_S767___1,-0.5036,Yes,0.0064,0.003
Q8BJ71_S769___1,-0.1109,No,0.4043,0.5136
Q8BJ71_S770___1,-0.2502,No,0.1539,0.1407
Q8BJ71_S52___1,-0.7907,Yes,0.0001,0.0001
Q8BJF9_S199___1,-0.2854,No,0.1111,0.0929
Q8BJH1_S222___1,0.912,Yes,0.0001,0.0001
Q8BJU0_S307___1,0.9302,Yes,0.0001,0.0001
Q8BK03_S224___1,-0.2051,No,0.2232,0.2273
Q8BK03_S276___1,-0.1114,No,0.4034,0.5118
Q8BK08_S16___1,-0.5188,Yes,0.005,0.0023
Q8BK35_S305___1,1.346,Yes,0.0001,0.0001
Q8BK63_S313___1,0.1596,No,0.305,0.3475
Q8BK67_S49___1,-0.1014,No,0.4257,0.5507
Q8BKC5_S827___1,0.1287,No,0.367,0.4487
Q8BKG3_S166___1,-0.1575,No,0.3089,0.3537
Q8BKG3_S1056___1,-0.6544,Yes,0.0004,0.0001
Q8BKG3_S776___1,-0.5805,Yes,0.0017,0.0006
Q8BKH7_S510___1,-0.4397,Yes,0.0172,0.0096
Q8BKI2_S509___1,-0.2377,No,0.1714,0.1617
Q8BKI2_S1793___1,0.1312,No,0.3623,0.4398
Q8BKI2_S1809___1,0.5851,Yes,0.0015,0.0006
Q8BKI2_S422___1,0.009452,No,0.6178,0.9556
Q8BKR5_S583___1,0.4816,Yes,0.0092,0.0046
Q8BKS9_S99___1,0.02044,No,0.5959,0.9042
Q8BKT3_S169___1,-0.1295,No,0.3656,0.4458
Q8BKX1_S510___1,0.929,Yes,0.0001,0.0001
Q8BKX6_S3553___1,-0.8338,Yes,0.0001,0.0001
Q8BL06_S613___1,-0.2998,No,0.0965,0.0775
Q8BL06_S1435___1,-0.1273,No,0.3697,0.4536
Q8BL06_S673___1,0.4528,Yes,0.0142,0.0077
Q8BLB7_S605___1,-0.202,No,0.2283,0.2344
Q8BLH7_S134___1,0.3278,No,0.0714,0.0536
Q8BLH7_S364___1,0.321,No,0.0771,0.0587
Q8BLH7_S366___1,0.0895,No,0.4517,0.5982
Q8BLH7_S153___1,0.7353,Yes,0.0001,0.0001
Q8BLH7_S564___1,0.8331,Yes,0.0001,0.0001
Q8BLH7_S575___1,0.4313,Yes,0.0194,0.0111
Q8BLH7_S389___1,1.017,Yes,0.0001,0.0001
Q8BLH7_S80___1,-0.1889,No,0.251,0.266
Q8BLI0_S787___1,0.1423,No,0.3394,0.4023
Q8BLU0_S651___1,0.3131,No,0.0838,0.0653
Q8BLV3_S546___1,0.3297,No,0.07,0.0523
Q8BLX7_S260___1,-0.3501,No,0.0554,0.0393
Q8BM47_S152___1,-1.292,Yes,0.0001,0.0001
Q8BM47_S132___1,-0.8751,Yes,0.0001,0.0001
Q8BM55_S51___1,2.229,Yes,0.0001,0.0001
Q8BMA5_S209___1,1.086,Yes,0.0001,0.0001
Q8BMA6_S12___1,0.5237,Yes,0.0046,0.002
Q8BMA6_S26___1,0.5464,Yes,0.0031,0.0013
Q8BMB0_S159___1,0.1645,No,0.2951,0.3329
Q8BMB0_S173___1,0.2826,No,0.1142,0.0961
Q8BMB0_S202___1,0.7834,Yes,0.0001,0.0001
Q8BMB0_S349___1,-0.02421,No,0.5879,0.8866
Q8BMC0_S308___1,-0.152,No,0.3198,0.3709
Q8BMG1_S14___1,0.1145,No,0.3973,0.5004
Q8BMG1_S97___1,0.9306,Yes,0.0001,0.0001
Q8BMI0_S746___1,0.1038,No,0.4204,0.5413
Q8BMI3_S159___1,-0.02624,No,0.5845,0.8772
Q8BMK0_S16___1,0.5784,Yes,0.0017,0.0007
Q8BMK4_S68___1,1.528,Yes,0.0001,0.0001
Q8BMK4_S367___1,-0.6825,Yes,0.0002,0.0001
Q8BML1_S738___1,1.103,Yes,0.0001,0.0001
Q8BML9_S70___1,0.4557,Yes,0.0136,0.0073
Q8BMP6_S330___1,0.3043,No,0.0921,0.0732
Q8BMQ2_S607___1,-0.2425,No,0.1648,0.1534
Q8BN21_S378___1,-0.3708,Yes,0.0433,0.029
Q8BN21_S344___1,0.1505,No,0.3227,0.3756
Q8BNN1_S329___1,0.2563,No,0.1461,0.1313
Q8BP22_S319___1,0.3997,Yes,0.03,0.0186
Q8BP27_S115___1,0.9285,Yes,0.0001,0.0001
Q8BP27_S67___1,0.5147,Yes,0.0054,0.0024
Q8BP27_S163___1,1.401,Yes,0.0001,0.0001
Q8BP27_S139___1,0.446,Yes,0.0157,0.0086
Q8BP47_S493___1,-0.08744,No,0.4565,0.6067
Q8BPN8_S423___1,-0.2171,No,0.2028,0.2012
Q8BPU7_S344___1,-0.2566,No,0.1458,0.1309
Q8BPZ8_S355___1,1.288,Yes,0.0001,0.0001
Q8BQ30_S174___1,0.6466,Yes,0.0004,0.0001
Q8BQ30_S146___1,-0.7553,Yes,0.0001,0.0001
Q8BQ30_S224___1,0.2913,No,0.1051,0.0863
Q8BQ30_S234___1,0.3473,No,0.0571,0.0409
Q8BQ30_S59___1,-0.01938,No,0.5979,0.9092
Q8BQ30_S412___1,-0.05964,No,0.5158,0.7255
Q8BQ30_S448___1,-0.3903,Yes,0.034,0.0216
Q8BQ30_S134___1,-0.2819,No,0.1151,0.097
Q8BQ30_S510___1,-0.4045,Yes,0.0283,0.0172
Q8BQ30_S194___1,0.1421,No,0.3398,0.4028
Q8BQ33_S599___1,1.406,Yes,0.0001,0.0001
Q8BQ47_S64___1,-0.4508,Yes,0.0146,0.008
Q8BQM4_S144___1,0.6438,Yes,0.0005,0.0002
Q8BQS4_S267___1,0.1562,No,0.3115,0.3577
Q8BQS4_S162___1,-0.1889,No,0.251,0.266
Q8BQZ4_S359___1,0.003353,No,0.6294,0.9843
Q8BR63_S29___1,0.3199,No,0.0781,0.0597
Q8BR65_S234___1,0.07798,No,0.4773,0.6461
Q8BR92_S315___1,-0.2239,No,0.1923,0.1874
Q8BRB7_S1302___1,-0.02363,No,0.5888,0.8893
Q8BRB7_S866___1,-0.327,No,0.0721,0.0542
Q8BRF7_S573___1,0.4313,Yes,0.0194,0.0111
Q8BRF7_S300___1,0.8653,Yes,0.0001,0.0001
Q8BRN9_S515___1,0.1256,No,0.3731,0.4595
Q8BRN9_S484___1,-0.4382,Yes,0.0176,0.0099
Q8BRT1_S1005___1,0.4728,Yes,0.0105,0.0054
Q8BRT1_S513___1,-0.3671,Yes,0.0453,0.0307
Q8BRT1_S461___1,-0.1982,No,0.2344,0.2433
Q8BRT1_S465___1,-0.5402,Yes,0.0035,0.0015
Q8BRT1_S884___1,0.1587,No,0.3065,0.3502
Q8BRT1_S1286___1,0.1626,No,0.2988,0.3383
Q8BRT1_S614___1,0.551,Yes,0.0029,0.0012
Q8BRT1_S333___1,0.9466,Yes,0.0001,0.0001
Q8BRV5_S166___1,0.3504,No,0.0552,0.0391
Q8BRV5_S302___1,-0.05227,No,0.5296,0.7583
Q8BRV5_S259___1,0.42,Yes,0.0228,0.0134
Q8BSE0_S51___1,0.02535,No,0.5861,0.8814
Q8BSE0_S121___1,0.426,Yes,0.021,0.0121
Q8BSM7_S398___1,-0.1037,No,0.4204,0.5415
Q8BSM7_S277___1,-0.009997,No,0.6165,0.9531
Q8BSY0_S27___1,1.89,Yes,0.0001,0.0001
Q8BT07_S426___1,0.7485,Yes,0.0001,0.0001
Q8BT07_S434___1,1.264,Yes,0.0001,0.0001
Q8BT07_S5___1,0.9129,Yes,0.0001,0.0001
Q8BT07_S23___1,0.7085,Yes,0.0001,0.0001
Q8BTG7_S298___1,1.541,Yes,0.0001,0.0001
Q8BTH8_S361___1,-0.2198,No,0.1986,0.1956
Q8BTI7_S1075___1,0.8393,Yes,0.0001,0.0001
Q8BTI8_S1269___1,0.07798,No,0.4773,0.6462
Q8BTI8_S2381___1,-0.4442,Yes,0.0161,0.0089
Q8BTI8_S1576___1,-0.1114,No,0.4035,0.5121
Q8BTI8_S1577___1,0.1888,No,0.2513,0.2664
Q8BTI8_S2360___1,-0.4988,Yes,0.007,0.0033
Q8BTI8_S2084___1,-0.1487,No,0.3262,0.3814
Q8BTI8_S1151___1,-0.1121,No,0.402,0.5092
Q8BTI8_S2667___1,-0.3126,No,0.0843,0.0657
Q8BTI8_S1438___1,-0.4561,Yes,0.0135,0.0072
Q8BTI8_S1439___1,0.09545,No,0.4385,0.5741
Q8BTI8_S349___1,-0.1701,No,0.2844,0.3166
Q8BTI8_S351___1,0.4904,Yes,0.008,0.0039
Q8BTI8_S1278___1,0.1781,No,0.27,0.2944
Q8BTI8_S1230___1,-0.2732,No,0.1252,0.1078
Q8BTI8_S1378___1,0.1996,No,0.2323,0.24
Q8BTI8_S507___1,-0.1754,No,0.2747,0.3018
Q8BTI8_S1038___1,-0.05183,No,0.5305,0.7602
Q8BTI8_S1048___1,0.07802,No,0.4773,0.646
Q8BTI8_S1068___1,0.09965,No,0.4293,0.5574
Q8BTI8_S433___1,0.5197,Yes,0.0049,0.0022
Q8BTI8_S964___1,0.3219,No,0.0765,0.0581
Q8BTI8_S1419___1,0.09127,No,0.4482,0.591
Q8BTI8_S2638___1,-0.1407,No,0.3424,0.4073
Q8BTI8_S924___1,0.4363,Yes,0.0181,0.0102
Q8BTI8_S928___1,-0.1845,No,0.2587,0.2773
Q8BTI8_S1097___1,-0.06313,No,0.5089,0.7101
Q8BTI8_S2335___1,0.1555,No,0.3131,0.3599
Q8BTI8_S2073___1,-0.1477,No,0.3282,0.3845
Q8BTI8_S2075___1,-0.1974,No,0.2359,0.2453
Q8BTI8_S2404___1,-0.1026,No,0.4229,0.5459
Q8BTI8_S2052___1,0.0239,No,0.5883,0.8881
Q8BTI8_S1305___1,-0.1437,No,0.3363,0.3974
Q8BTI8_S2656___1,-0.0792,No,0.4746,0.641
Q8BTI8_S2660___1,-0.2294,No,0.184,0.1768
Q8BTI8_S850___1,-0.7176,Yes,0.0001,0.0001
Q8BTI8_S1630___1,-0.2694,No,0.1295,0.1128
Q8BTI8_S773___1,-0.3095,No,0.0872,0.0684
Q8BTI8_S777___1,-0.2679,No,0.1314,0.1147
Q8BTI8_S778___1,-0.3092,No,0.0874,0.0687
Q8BTI8_S2023___1,-0.665,Yes,0.0003,0.0001
Q8BTI8_S1649___1,0.0121,No,0.6125,0.9432
Q8BTI8_S1650___1,-0.01474,No,0.6068,0.9308
Q8BTI8_S1338___1,0.5197,Yes,0.0049,0.0022
Q8BTI8_S1343___1,1.117,Yes,0.0001,0.0001
Q8BTI8_S2535___1,-0.05454,No,0.5255,0.7481
Q8BTI8_S1556___1,-0.5021,Yes,0.0066,0.0031
Q8BTI8_S1399___1,0.1799,No,0.2669,0.2896
Q8BTI8_S1400___1,0.1182,No,0.389,0.4867
Q8BTI8_S1495___1,0.6462,Yes,0.0004,0.0001
Q8BTI8_S1497___1,0.8804,Yes,0.0001,0.0001
Q8BTI8_S1498___1,0.2413,No,0.1664,0.1554
Q8BTI8_S1508___1,0.1341,No,0.3561,0.4297
Q8BTI8_S821___1,0.04377,No,0.5473,0.7966
Q8BTI8_S829___1,0.1469,No,0.3298,0.3871
Q8BTI8_S2646___1,-0.1516,No,0.3204,0.372
Q8BTI8_S2648___1,-0.1824,No,0.2626,0.283
Q8BTI8_S982___1,-0.3093,No,0.0873,0.0686
Q8BTI8_S984___1,-0.4517,Yes,0.0144,0.0078
Q8BTI8_S533___1,-0.3498,No,0.0555,0.0394
Q8BTI8_S1998___1,-0.02942,No,0.5775,0.8625
Q8BTI8_S1813___1,-0.1004,No,0.4276,0.5543
Q8BTI8_S1927___1,-0.5094,Yes,0.0059,0.0027
Q8BTI8_S2224___1,0.3341,No,0.0666,0.0492
Q8BTI8_S2351___1,-0.1994,No,0.2325,0.2404
Q8BTI8_S898___1,-0.2153,No,0.2058,0.205
Q8BTI8_S1360___1,0.3672,Yes,0.0453,0.0306
Q8BTM8_S1084___1,1.1,Yes,0.0001,0.0001
Q8BTM8_S2152___1,-0.3993,Yes,0.0302,0.0187
Q8BTM8_S16___1,0.5373,Yes,0.0037,0.0016
Q8BTM8_S20___1,0.2601,No,0.1412,0.1257
Q8BTM8_S1459___1,-0.2916,No,0.1048,0.0861
Q8BTM8_S2128___1,-0.4691,Yes,0.0111,0.0057
Q8BTM8_S1734___1,-0.881,Yes,0.0001,0.0001
Q8BTM8_S2327___1,-0.3702,Yes,0.0437,0.0293
Q8BTM8_S2414___1,-0.2415,No,0.1662,0.1551
Q8BTM8_S440___1,-0.5212,Yes,0.0048,0.0022
Q8BTM8_S2180___1,-0.5065,Yes,0.0061,0.0029
Q8BTM8_S968___1,-0.4855,Yes,0.0086,0.0043
Q8BTM8_S1819___1,-0.6564,Yes,0.0004,0.0001
Q8BTM8_S2053___1,-0.3026,No,0.0937,0.0748
Q8BTM8_S1630___1,-0.6615,Yes,0.0003,0.0001
Q8BTM8_S2510___1,0.2984,No,0.098,0.079
Q8BTV2_S197___1,-0.1498,No,0.3242,0.3778
Q8BTV2_S48___1,-0.1249,No,0.3745,0.4622
Q8BTW9_S181___1,0.2276,No,0.1868,0.1803
Q8BTW9_S266___1,0.2951,No,0.1012,0.0824
Q8BTW9_S104___1,-0.07139,No,0.4916,0.6742
Q8BTW9_S476___1,0.1495,No,0.3248,0.3788
Q8BTY2_S1033___1,0.462,Yes,0.0124,0.0065
Q8BTY2_S960___1,-0.2565,No,0.1458,0.1309
Q8BU33_S631___1,0.6887,Yes,0.0002,0.0001
Q8BUH8_S12___1,0.03655,No,0.5614,0.8296
Q8BUH8_S13___1,0.04328,No,0.5481,0.7989
Q8BUK6_S238___1,1.162,Yes,0.0001,0.0001
Q8BUK6_S707___1,0.2812,No,0.1158,0.0978
Q8BUL6_S127___1,0.2326,No,0.1791,0.1709
Q8BUL6_S308___1,0.09054,No,0.4497,0.594
Q8BUR4_S1858___1,0.4631,Yes,0.0122,0.0064
Q8BUR4_S1756___1,-0.07092,No,0.4924,0.6763
Q8BUR4_S1743___1,-0.5833,Yes,0.0016,0.0006
Q8BUV6_S15___1,-0.173,No,0.2791,0.3085
Q8BUV6_S21___1,0.4121,Yes,0.0255,0.0153
Q8BUV6_S281___1,0.5801,Yes,0.0017,0.0006
Q8BUV8_S537___1,1.335,Yes,0.0001,0.0001
Q8BUV8_S546___1,0.4799,Yes,0.0094,0.0047
Q8BVA4_S85___1,0.2446,No,0.1618,0.1498
Q8BVA4_S507___1,-0.6818,Yes,0.0002,0.0001
Q8BVA4_S60___1,-0.3577,No,0.0508,0.0352
Q8BVA4_S550___1,-0.8275,Yes,0.0001,0.0001
Q8BVE3_S483___1,0.6468,Yes,0.0004,0.0001
Q8BVE8_S121___1,1.308,Yes,0.0001,0.0001
Q8BVF2_S65___1,0.08859,No,0.4539,0.602
Q8BVG4_S840___1,-0.395,Yes,0.0319,0.02
Q8BVK9_S177___1,1.477,Yes,0.0001,0.0001
Q8BVL3_S409___1,-0.3332,No,0.0672,0.0498
Q8BVL3_S336___1,0.02915,No,0.5782,0.8637
Q8BVP5_S183___1,0.1468,No,0.3302,0.3876
Q8BVQ5_S243___1,0.8522,Yes,0.0001,0.0001
Q8BVR6_S50___1,0.05665,No,0.5215,0.7387
Q8BVU0_S625___1,0.06263,No,0.5097,0.7123
Q8BVU0_S608___1,-0.226,No,0.1893,0.1834
Q8BVU0_S415___1,-0.06398,No,0.5068,0.7064
Q8BVU0_S419___1,0.8036,Yes,0.0001,0.0001
Q8BW10_S316___1,-0.07154,No,0.4912,0.6736
Q8BWA8_S336___1,0.502,Yes,0.0066,0.0031
Q8BWA8_S195___1,0.4078,Yes,0.0271,0.0164
Q8BWJ3_S729___1,-0.1442,No,0.3352,0.3958
Q8BWR8_S654___1,0.5723,Yes,0.0019,0.0008
Q8BWW4_S717___1,0.5445,Yes,0.0032,0.0013
Q8BWW9_S582___1,0.2994,No,0.0969,0.0779
Q8BWW9_S359___1,0.4433,Yes,0.0163,0.0091
Q8BWW9_S366___1,-0.1747,No,0.276,0.3037
Q8BWW9_S110___1,0.02849,No,0.5794,0.8668
Q8BWW9_S131___1,-0.4523,Yes,0.0143,0.0077
Q8BWW9_S619___1,-0.5601,Yes,0.0024,0.001
Q8BWW9_S305___1,0.1082,No,0.4102,0.524
Q8BWY9_S899___1,0.09062,No,0.4495,0.5936
Q8BX02_S372___1,-0.4392,Yes,0.0174,0.0097
Q8BX02_S358___1,-0.1874,No,0.2535,0.2699
Q8BX02_S83___1,-0.6894,Yes,0.0002,0.0001
Q8BX02_S92___1,-0.3717,Yes,0.0429,0.0286
Q8BX02_S101___1,-0.5397,Yes,0.0035,0.0015
Q8BX02_S120___1,-0.1981,No,0.2345,0.2435
Q8BX02_S246___1,-0.605,Yes,0.001,0.0004
Q8BX02_S248___1,-0.471,Yes,0.0108,0.0056
Q8BX02_S173___1,-0.5363,Yes,0.0037,0.0016
Q8BX02_S532___1,-0.2243,No,0.1917,0.1866
Q8BX17_S1414___1,-0.05332,No,0.5273,0.7536
Q8BX65_S141___1,-0.9148,Yes,0.0001,0.0001
Q8BX65_S105___1,-0.1454,No,0.3329,0.3921
Q8BX70_S3738___1,-0.2427,No,0.1646,0.153
Q8BX90_S203___1,0.2867,No,0.1097,0.0914
Q8BXA1_S328___1,0.2661,No,0.1336,0.1172
Q8BXA1_S272___1,0.9241,Yes,0.0001,0.0001
Q8BXA7_S1207___1,0.1301,No,0.3646,0.4438
Q8BXA7_S1146___1,0.7162,Yes,0.0001,0.0001
Q8BXK8_S521___1,0.221,No,0.1969,0.1932
Q8BXK8_S663___1,0.03975,No,0.5551,0.8149
Q8BXK8_S101___1,0.2108,No,0.213,0.2146
Q8BXN7_S248___1,0.08401,No,0.4645,0.6209
Q8BXQ8_S162___1,1.001,Yes,0.0001,0.0001
Q8BXQ8_S122___1,-0.2716,No,0.1271,0.1099
Q8BXQ8_S273___1,-0.06093,No,0.5131,0.7198
Q8BXV2_S250___1,1.155,Yes,0.0001,0.0001
Q8BY98_S282___1,-0.5331,Yes,0.0039,0.0017
Q8BYC6_S442___1,-0.2282,No,0.1857,0.179
Q8BYC6_S324___1,0.1093,No,0.408,0.5199
Q8BYH7_S20___1,-0.06935,No,0.4954,0.683
Q8BYK8_S1150___1,-1.105,Yes,0.0001,0.0001
Q8BYK8_S199___1,-1.254,Yes,0.0001,0.0001
Q8BYR2_S181___1,0.09673,No,0.4356,0.569
Q8BYR2_S612___1,-0.1543,No,0.3154,0.3638
Q8BYR2_S278___1,-0.1076,No,0.4117,0.5266
Q8BYR2_S463___1,-0.1959,No,0.2384,0.2487
Q8BYU6_S83___1,0.4467,Yes,0.0155,0.0085
Q8BZ03_S214___1,0.1044,No,0.419,0.5387
Q8BZ03_S225___1,0.2888,No,0.1077,0.0891
Q8BZ03_S519___1,0.105,No,0.4178,0.5364
Q8BZ03_S236___1,-0.4487,Yes,0.0151,0.0082
Q8BZ20_S268___1,0.3982,Yes,0.0306,0.0191
Q8BZ32_S653___1,0.2012,No,0.2293,0.2361
Q8BZ32_S765___1,0.3231,No,0.0754,0.0571
Q8BZ32_S1254___1,0.3667,Yes,0.0455,0.0308
Q8BZ32_S477___1,0.5923,Yes,0.0013,0.0005
Q8BZ47_S803___1,0.05338,No,0.5273,0.7533
Q8BZ47_S358___1,-0.504,Yes,0.0064,0.003
Q8BZ47_S575___1,-0.2027,No,0.227,0.2327
Q8BZ47_S491___1,0.03722,No,0.5598,0.8266
Q8BZ47_S467___1,-0.2255,No,0.1899,0.1842
Q8BZ60_S278___1,-0.5348,Yes,0.0038,0.0016
Q8BZ60_S299___1,-0.3007,No,0.0957,0.0767
Q8BZF8_S122___1,-0.4569,Yes,0.0134,0.0072
Q8BZH4_S795___1,0.08248,No,0.4676,0.6273
Q8BZH4_S333___1,0.3663,Yes,0.0458,0.0311
Q8BZH4_S422___1,0.206,No,0.2214,0.2251
Q8BZQ7_S549___1,0.2472,No,0.1582,0.1456
Q8BZR9_S563___1,0.1302,No,0.3644,0.4435
Q8BZR9_S495___1,-0.2713,No,0.1273,0.1102
Q8BZZ3_S155___1,-0.1065,No,0.4141,0.5306
Q8C031_S631___1,-0.2464,No,0.1594,0.1469
Q8C033_S34___1,0.1294,No,0.3658,0.4463
Q8C033_S284___1,0.01032,No,0.6159,0.9515
Q8C033_S349___1,-0.2197,No,0.1987,0.1958
Q8C033_S1291___1,0.7596,Yes,0.0001,0.0001
Q8C033_S108___1,0.08907,No,0.4527,0.6
Q8C052_S462___1,-0.7141,Yes,0.0001,0.0001
Q8C052_S786___1,-0.462,Yes,0.0124,0.0065
Q8C052_S684___1,-0.3065,No,0.0899,0.0711
Q8C052_S687___1,-0.4036,Yes,0.0285,0.0175
Q8C052_S831___1,-0.7285,Yes,0.0001,0.0001
Q8C052_S777___1,-0.3394,No,0.0627,0.0457
Q8C080_S108___1,-0.6491,Yes,0.0004,0.0001
Q8C080_S83___1,-0.8359,Yes,0.0001,0.0001
Q8C080_S70___1,-0.2918,No,0.1046,0.0858
Q8C0C0_S824___1,-0.2749,No,0.1231,0.1055
Q8C0C0_S826___1,-0.1785,No,0.2696,0.2934
Q8C0C0_S719___1,0.1794,No,0.2677,0.2909
Q8C0D4_S238___1,-0.1386,No,0.347,0.4146
Q8C0D4_S211___1,-0.522,Yes,0.0048,0.0021
Q8C0D4_S213___1,-0.04892,No,0.5366,0.7733
Q8C0D4_S444___1,0.1619,No,0.3003,0.3405
Q8C0D4_S199___1,-0.2067,No,0.2202,0.2236
Q8C0E2_S302___1,-0.1329,No,0.3586,0.4338
Q8C0E2_S304___1,0.1102,No,0.4062,0.5166
Q8C0E2_S330___1,-0.0469,No,0.5411,0.7825
Q8C0E2_S334___1,-0.2627,No,0.1377,0.1219
Q8C0E3_S393___1,0.01585,No,0.6049,0.9257
Q8C0E3_S586___1,0.8209,Yes,0.0001,0.0001
Q8C0E3_S591___1,0.2794,No,0.1178,0.0999
Q8C0I1_S52___1,0.1629,No,0.2984,0.3376
Q8C0I1_S57___1,0.303,No,0.0934,0.0744
Q8C0J2_S269___1,-0.02131,No,0.5938,0.9001
Q8C0J2_S287___1,-0.2403,No,0.1678,0.1571
Q8C0J6_S82___1,-0.4901,Yes,0.008,0.0039
Q8C0L0_S302___1,0.07787,No,0.4775,0.6466
Q8C0L8_S166___1,-0.2009,No,0.2298,0.237
Q8C0P0_S545___1,1.45,Yes,0.0001,0.0001
Q8C0T5_S1372___1,-0.003448,No,0.6292,0.9838
Q8C0T5_S1507___1,-0.6195,Yes,0.0008,0.0003
Q8C0T5_S97___1,-0.08563,No,0.4603,0.6141
Q8C0T5_S1544___1,-0.4087,Yes,0.0268,0.0161
Q8C0T5_S1547___1,-0.7222,Yes,0.0001,0.0001
Q8C0T5_S1078___1,-0.6994,Yes,0.0001,0.0001
Q8C0T5_S1087___1,-0.4241,Yes,0.0216,0.0125
Q8C0T5_S311___1,-0.2584,No,0.1434,0.1281
Q8C0T5_S255___1,-0.3418,No,0.061,0.0442
Q8C0T5_S1487___1,-1.526,Yes,0.0001,0.0001
Q8C0T5_S1412___1,-0.5567,Yes,0.0026,0.001
Q8C0T5_S1528___1,-0.4678,Yes,0.0113,0.0059
Q8C0T5_S1149___1,-0.9953,Yes,0.0001,0.0001
Q8C0T5_S1157___1,0.1098,No,0.4069,0.5179
Q8C0T5_S1161___1,0.1944,No,0.241,0.2525
Q8C0T5_S1249___1,0.2172,No,0.2027,0.2011
Q8C0T5_S1200___1,-0.6502,Yes,0.0004,0.0001
Q8C0T5_S1127___1,-0.453,Yes,0.0142,0.0077
Q8C0T5_S1611___1,-0.5165,Yes,0.0052,0.0024
Q8C0T5_S288___1,-0.5377,Yes,0.0036,0.0015
Q8C0T5_S1181___1,-0.369,Yes,0.0442,0.0298
Q8C0T5_S1184___1,-0.4177,Yes,0.0236,0.0139
Q8C0T5_S176___1,-0.6568,Yes,0.0004,0.0001
Q8C0T5_S1384___1,-0.7063,Yes,0.0001,0.0001
Q8C0T5_S318___1,-0.1918,No,0.2456,0.2588
Q8C0T5_S1712___1,-0.8358,Yes,0.0001,0.0001
Q8C0T5_S1564___1,-0.3291,No,0.0704,0.0527
Q8C0T5_S1345___1,-0.1313,No,0.3621,0.4395
Q8C0T5_S1234___1,-0.519,Yes,0.005,0.0022
Q8C0V0_S134___1,-1.606,Yes,0.0001,0.0001
Q8C0V0_S159___1,-0.2901,No,0.1064,0.0877
Q8C0V0_S22___1,-0.2338,No,0.1772,0.1686
Q8C0V9_S511___1,0.07468,No,0.4846,0.6602
Q8C0V9_S522___1,0.07441,No,0.485,0.6613
Q8C0V9_S525___1,0.1177,No,0.3899,0.4882
Q8C0V9_S542___1,0.1166,No,0.3924,0.4924
Q8C0V9_S544___1,0.1706,No,0.2833,0.3152
Q8C0V9_S497___1,-0.01478,No,0.6068,0.9306
Q8C0Y0_S777___1,-0.1882,No,0.2522,0.2679
Q8C115_S200___1,0.1543,No,0.3154,0.3637
Q8C115_S379___1,0.5072,Yes,0.0061,0.0028
Q8C115_S457___1,-0.154,No,0.3158,0.3645
Q8C115_S351___1,-0.351,No,0.0548,0.0388
Q8C115_S868___1,0.3335,No,0.067,0.0496
Q8C115_S564___1,-0.05459,No,0.5255,0.7479
Q8C115_S636___1,-0.1533,No,0.3173,0.3667
Q8C115_S1456___1,-0.1379,No,0.3484,0.4169
Q8C120_S628___1,-0.1074,No,0.4119,0.5271
Q8C129_S80___1,0.597,Yes,0.0012,0.0004
Q8C129_S91___1,0.02575,No,0.5853,0.8795
Q8C142_S14___1,-0.239,No,0.1697,0.1595
Q8C142_S198___1,-0.1402,No,0.3437,0.4091
Q8C145_S191___1,0.4739,Yes,0.0104,0.0053
Q8C145_S488___1,-0.1804,No,0.266,0.2882
Q8C145_S502___1,-0.4021,Yes,0.0291,0.0179
Q8C156_S25___1,0.9174,Yes,0.0001,0.0001
Q8C156_S191___1,0.5321,Yes,0.004,0.0017
Q8C166_S54___1,-0.07792,No,0.4774,0.6464
Q8C172_S112___1,0.1237,No,0.3767,0.4663
Q8C180_S428___1,-0.399,Yes,0.0303,0.0188
Q8C180_S327___1,0.1505,No,0.3227,0.3756
Q8C180_S339___1,-0.2013,No,0.2292,0.236
Q8C180_S503___1,-0.2419,No,0.1655,0.1543
Q8C180_S365___1,-0.05922,No,0.5166,0.7273
Q8C180_S211___1,-0.2639,No,0.1362,0.1202
Q8C1A5_S16___1,0.1376,No,0.349,0.4179
Q8C1B1_S573___1,0.7427,Yes,0.0001,0.0001
Q8C1B1_S992___1,0.1093,No,0.408,0.5199
Q8C1B1_S1240___1,-0.4321,Yes,0.0192,0.011
Q8C1B1_S439___1,-0.3007,No,0.0957,0.0767
Q8C1D8_S343___1,-0.1859,No,0.2562,0.2738
Q8C1D8_S345___1,-0.3701,Yes,0.0437,0.0293
Q8C1D8_S261___1,-0.0665,No,0.5012,0.6954
Q8C1D8_S263___1,0.0452,No,0.5447,0.7901
Q8C1D8_S321___1,0.09605,No,0.4372,0.5718
Q8C1D8_S185___1,-0.1269,No,0.3705,0.4551
Q8C1D8_S666___1,-0.3523,No,0.0541,0.0381
Q8C1D8_S667___1,-0.4828,Yes,0.009,0.0045
Q8C1D8_S366___1,0.02042,No,0.5959,0.9043
Q8C1D8_S209___1,-0.1689,No,0.2866,0.3199
Q8C1E7_S50___1,0.5928,Yes,0.0013,0.0005
Q8C1Y8_S264___1,0.01181,No,0.6131,0.9446
Q8C1Z8_S324___1,-0.8707,Yes,0.0001,0.0001
Q8C1Z8_S22___1,-0.3555,No,0.052,0.0363
Q8C2Q3_S215___1,-0.1065,No,0.4142,0.5308
Q8C2Q3_S618___1,0.02249,No,0.5911,0.8946
Q8C2Q3_S627___1,-0.7121,Yes,0.0001,0.0001
Q8C2Q3_S220___1,-0.4053,Yes,0.028,0.017
Q8C2Q3_S520___1,-0.2782,No,0.1193,0.1015
Q8C2Q3_S582___1,-0.2707,No,0.128,0.111
Q8C341_S1069___1,0.4492,Yes,0.015,0.0082
Q8C341_S1077___1,0.927,Yes,0.0001,0.0001
Q8C351_S299___1,0.1953,No,0.2396,0.2503
Q8C351_S286___1,0.2894,No,0.1071,0.0884
Q8C3F2_S436___1,0.1318,No,0.361,0.4378
Q8C3P7_S50___1,-0.8753,Yes,0.0001,0.0001
Q8C3R1_S743___1,0.1845,No,0.2587,0.2774
Q8C3W1_S176___1,0.06838,No,0.4973,0.6872
Q8C3W1_S278___1,0.2367,No,0.1728,0.1634
Q8C3W1_S37___1,-0.05789,No,0.5194,0.7332
Q8C3X8_S692___1,1.102,Yes,0.0001,0.0001
Q8C3X8_S695___1,0.2912,No,0.1053,0.0865
Q8C3X8_S679___1,0.7548,Yes,0.0001,0.0001
Q8C437_S202___1,-0.6569,Yes,0.0004,0.0001
Q8C4M7_S164___1,0.2406,No,0.1674,0.1566
Q8C4Q9_S177___1,-0.5493,Yes,0.003,0.0012
Q8C4S8_S397___1,-0.3477,No,0.0569,0.0406
Q8C4S8_S275___1,0.3662,Yes,0.0458,0.0311
Q8C4S8_S358___1,-0.1522,No,0.3195,0.3703
Q8C525_S370___1,-0.1409,No,0.3421,0.4067
Q8C5W3_S41___1,0.708,Yes,0.0001,0.0001
Q8C6G8_S101___1,0.2893,No,0.1072,0.0885
Q8C6G8_S103___1,0.3692,Yes,0.0441,0.0297
Q8C6M1_S132___1,0.9307,Yes,0.0001,0.0001
Q8C6M1_S369___1,0.9264,Yes,0.0001,0.0001
Q8C6M1_S112___1,0.5251,Yes,0.0045,0.002
Q8C6M1_S415___1,0.5469,Yes,0.0031,0.0013
Q8C729_S430___1,-0.359,Yes,0.0499,0.0346
Q8C729_S321___1,-0.2593,No,0.1422,0.1268
Q8C735_S65___1,-0.2755,No,0.1224,0.1048
Q8C739_S297___1,-0.8156,Yes,0.0001,0.0001
Q8C739_S95___1,0.03772,No,0.5585,0.8243
Q8C739_S251___1,-0.02727,No,0.5822,0.8724
Q8C761_S252___1,0.111,No,0.4043,0.5134
Q8C7E7_S82___1,0.4121,Yes,0.0255,0.0153
Q8C7E7_S179___1,1.052,Yes,0.0001,0.0001
Q8C7E7_S192___1,0.1186,No,0.388,0.4851
Q8C7E7_S196___1,0.1174,No,0.3908,0.4896
Q8C7E7_S130___1,0.1414,No,0.3413,0.4052
Q8C7E7_S137___1,1.108,Yes,0.0001,0.0001
Q8C7E9_S579___1,-0.3177,No,0.0799,0.0614
Q8VE92_S86___1,0.2554,No,0.1471,0.1327
Q8C7V3_S517___1,-0.2877,No,0.1088,0.0903
Q8C863_S176___1,0.4248,Yes,0.0213,0.0124
Q8C8T7_S629___1,-0.5146,Yes,0.0054,0.0024
Q8C8U0_S429___1,0.1163,No,0.3928,0.4934
Q8C8U0_S37___1,-0.04755,No,0.5396,0.7795
Q8C8U0_S40___1,0.08933,No,0.4521,0.5989
Q8C8U0_S957___1,0.3509,No,0.0549,0.0389
Q8C8U0_S961___1,-0.07689,No,0.4797,0.6508
Q8C8U0_S967___1,-0.8098,Yes,0.0001,0.0001
Q8C8U0_S595___1,0.4318,Yes,0.0193,0.011
Q8C8U0_S597___1,-0.02167,No,0.593,0.8985
Q8C8U0_S444___1,0.2383,No,0.1706,0.1607
Q8C8U0_S538___1,-0.1006,No,0.4274,0.5537
Q8C8U0_S403___1,1.266,Yes,0.0001,0.0001
Q8C8U0_S923___1,-0.4655,Yes,0.0118,0.0061
Q8C8U0_S753___1,-0.2392,No,0.1693,0.159
Q8C8U0_S560___1,0.3087,No,0.0879,0.0692
Q8C8U0_S500___1,0.3368,No,0.0645,0.0474
Q8C8U0_S435___1,-0.5329,Yes,0.0039,0.0017
Q8C8U0_S348___1,-0.7243,Yes,0.0001,0.0001
Q8C8U0_S349___1,-0.917,Yes,0.0001,0.0001
Q8C8U0_S355___1,0.1568,No,0.3104,0.3561
Q8C9B9_S2092___1,0.1879,No,0.2528,0.2687
Q8C9B9_S1336___1,0.1751,No,0.2752,0.3026
Q8C9B9_S8___1,-0.2444,No,0.1621,0.1501
Q8C9B9_S226___1,0.02402,No,0.5882,0.8875
Q8CAA7_S175___1,-0.3012,No,0.0953,0.0762
Q8CAF4_S340___1,0.2883,No,0.1082,0.0896
Q8CAF4_S1218___1,0.01398,No,0.6086,0.9344
Q8CAF4_S1079___1,0.4887,Yes,0.0082,0.004
Q8CAF4_S253___1,-0.2075,No,0.2189,0.2218
Q8CAF4_S328___1,0.4932,Yes,0.0076,0.0037
Q8CAF4_S1454___1,0.638,Yes,0.0005,0.0002
Q8CAS9_S42___1,1.712,Yes,0.0001,0.0001
Q8CB62_S63___1,-0.4848,Yes,0.0087,0.0043
Q8CBC4_S34___1,0.2537,No,0.1493,0.1352
Q8CBD1_S519___1,-0.2795,No,0.1177,0.0999
Q8CBE3_S30___1,-0.2668,No,0.1326,0.1162
Q8CBE3_S31___1,-0.09394,No,0.4422,0.5802
Q8CBE3_S24___1,-1.288,Yes,0.0001,0.0001
Q8CBW7_S80___1,-0.2182,No,0.2011,0.199
Q8CC12_S148___1,1.196,Yes,0.0001,0.0001
Q8CC35_S41___1,-0.0829,No,0.4668,0.6255
Q8CC35_S114___1,-0.2423,No,0.165,0.1537
Q8CC35_S117___1,-0.3213,No,0.0769,0.0585
Q8CC35_S118___1,-0.4757,Yes,0.0101,0.0051
Q8CC35_S134___1,-0.07616,No,0.4815,0.6539
Q8CCA0_S71___1,-1.214,Yes,0.0001,0.0001
Q8CCF0_S439___1,-0.06497,No,0.5045,0.7021
Q8CCH7_S434___1,0.7828,Yes,0.0001,0.0001
Q8CCH7_S400___1,0.7727,Yes,0.0001,0.0001
Q8CCH7_S903___1,0.6973,Yes,0.0001,0.0001
Q8CCH7_S904___1,0.7,Yes,0.0001,0.0001
Q8CCI5_S211___1,-0.1277,No,0.3689,0.4522
Q8CCJ3_S752___1,0.6728,Yes,0.0003,0.0001
Q8CCJ9_S834___1,0.09314,No,0.4439,0.5834
Q8CCJ9_S584___1,0.1569,No,0.3103,0.3558
Q8CCK0_S129___1,0.2572,No,0.1451,0.13
Q8CCN5_S823___1,0.6284,Yes,0.0006,0.0002
Q8CCN5_S869___1,1.092,Yes,0.0001,0.0001
Q8CCN5_S503___1,-0.02771,No,0.5812,0.8704
Q8CCN5_S838___1,1.94,Yes,0.0001,0.0001
Q8CCP0_S417___1,0.4165,Yes,0.024,0.0142
Q8CCS6_S146___1,0.1437,No,0.3364,0.3976
Q8R0A5_S120___1,-0.07233,No,0.4895,0.6702
Q8CD26_S363___1,0.8769,Yes,0.0001,0.0001
Q8CD94_S28___1,-0.2233,No,0.1932,0.1886
Q8CDG3_S997___1,-0.03242,No,0.5704,0.8486
Q8CDG3_S1196___1,0.2183,No,0.2008,0.1987
Q8CDG3_S767___1,-0.3565,No,0.0514,0.0358
Q8CDJ3_S29___1,0.4973,Yes,0.0071,0.0034
Q8CDN6_S113___1,-0.102,No,0.4242,0.548
Q8CEE0_S53___1,-0.3543,No,0.0528,0.037
Q8CEE6_S996___1,0.3461,No,0.0579,0.0416
Q8CEE6_S1000___1,1.381,Yes,0.0001,0.0001
Q8CEE6_S544___1,0.3053,No,0.0911,0.0723
Q8CEE6_S852___1,0.4381,Yes,0.0176,0.0099
Q8CFC7_S101___1,-0.02664,No,0.5836,0.8754
Q8CFC7_S285___1,-0.1653,No,0.2935,0.3305
Q8CFC7_S541___1,-0.09541,No,0.4386,0.5743
Q8CFC7_S294___1,0.5749,Yes,0.0019,0.0007
Q8CFD4_S450___1,-0.1882,No,0.2522,0.2679
Q8CFE3_S254___1,0.6067,Yes,0.001,0.0004
Q8CFE3_S121___1,0.7993,Yes,0.0001,0.0001
Q8CFE4_S677___1,0.08706,No,0.4571,0.6083
Q8CFE5_S1110___1,0.05502,No,0.5246,0.746
Q8CFE6_S19___1,0.3066,No,0.0899,0.0711
Q8CFE6_S55___1,0.4839,Yes,0.0088,0.0044
Q8CFG0_S843___1,1.244,Yes,0.0001,0.0001
Q8CFG0_S503___1,2.067,Yes,0.0001,0.0001
Q8CFH6_S576___1,-0.08785,No,0.4556,0.605
Q8CFH6_S358___1,0.08012,No,0.4728,0.6371
Q8CFH6_S587___1,-0.1407,No,0.3424,0.4073
Q8CFI0_S508___1,0.1628,No,0.2985,0.3378
Q8CFI0_S475___1,-0.3006,No,0.0957,0.0768
Q8CFI0_S332___1,0.00526,No,0.6258,0.9753
Q8CG19_S1607___1,0.1672,No,0.2899,0.3248
Q8CG79_S71___1,-0.3901,Yes,0.0341,0.0217
Q8CG79_S697___1,-0.231,No,0.1816,0.1738
Q8CG79_S479___1,0.2141,No,0.2077,0.2075
Q8CG79_S296___1,-0.3534,No,0.0533,0.0375
Q8CG79_S736___1,-0.2722,No,0.1263,0.1091
Q8CGC7_S999___1,0.338,No,0.0636,0.0466
Q8CGE9_S454___1,0.1174,No,0.3908,0.4894
Q8CGE9_S850___1,0.03848,No,0.5574,0.8208
Q8CGF1_S1149___1,-0.5633,Yes,0.0023,0.0009
Q8CGF1_S357___1,-0.2066,No,0.2204,0.2238
Q8CGF1_S171___1,-0.2545,No,0.1482,0.134
Q8CGF1_S176___1,0.02565,No,0.5855,0.88
Q8CGF1_S179___1,-0.1662,No,0.2917,0.3278
Q8CGF1_S521___1,-0.2829,No,0.1139,0.0958
Q8CGF1_S1028___1,-0.6247,Yes,0.0007,0.0002
Q8CGF1_S490___1,0.5755,Yes,0.0018,0.0007
Q8CGF1_S956___1,0.1182,No,0.3888,0.4865
Q8CGF1_S561___1,-0.2317,No,0.1805,0.1726
Q8CGF6_S312___1,-0.3488,No,0.0561,0.04
Q8CGI1_S1151___1,0.2241,No,0.192,0.187
Q8CGI1_S1136___1,0.1919,No,0.2455,0.2586
Q8CGI1_S648___1,0.2565,No,0.1459,0.1311
Q8CGU1_S208___1,-0.4809,Yes,0.0093,0.0046
Q8CGV9_S333___1,0.5653,Yes,0.0022,0.0009
Q8CGZ0_S913___1,-0.5666,Yes,0.0022,0.0009
Q8CH02_S483___1,-0.1165,No,0.3925,0.4926
Q8CH02_S407___1,0.1619,No,0.3003,0.3406
Q8CH09_S206___1,0.03134,No,0.5729,0.8536
Q8CH77_S197___1,0.3922,Yes,0.0332,0.0209
Q8CH77_S697___1,-0.09862,No,0.4314,0.5615
Q8CH77_S455___1,0.3666,Yes,0.0456,0.0309
Q8CH77_S463___1,0.3132,No,0.0838,0.0652
Q8CH77_S1251___1,0.2253,No,0.1903,0.1847
Q8CH77_S394___1,0.5188,Yes,0.005,0.0023
Q8CH77_S762___1,0.622,Yes,0.0007,0.0003
Q8CH77_S675___1,0.2805,No,0.1166,0.0986
Q8CH77_S1012___1,0.7081,Yes,0.0001,0.0001
Q8CH77_S21___1,0.5611,Yes,0.0024,0.001
Q8CH77_S1380___1,0.7297,Yes,0.0001,0.0001
Q8CHC4_S1084___1,0.08594,No,0.4595,0.6129
Q8CHC4_S1350___1,0.1774,No,0.2711,0.2963
Q8CHG5_S337___1,-0.2818,No,0.1151,0.097
Q8CHG7_S1315___1,0.02335,No,0.5893,0.8906
Q8CHG7_S1175___1,-0.1141,No,0.3982,0.5018
Q8CHG7_S960___1,-0.2645,No,0.1355,0.1195
Q8CHG7_S933___1,0.07308,No,0.488,0.667
Q8CHH5_S976___1,-0.3198,No,0.0782,0.0598
Q8CHP6_S312___1,0.5915,Yes,0.0014,0.0005
Q8CHP6_S261___1,-0.385,Yes,0.0363,0.0234
Q8CHP6_S269___1,-0.4149,Yes,0.0245,0.0146
Q8CHP6_S231___1,0.3282,No,0.0711,0.0533
Q8CHQ0_S11___1,0.0939,No,0.4423,0.5804
Q8CHU3_S173___1,-0.2557,No,0.1468,0.1322
Q8CHU3_S433___1,0.04024,No,0.5541,0.8127
Q8CHU3_S439___1,-0.07929,No,0.4745,0.6406
Q8CHU3_S443___1,-0.3019,No,0.0945,0.0755
Q8CHW4_S540___1,1.122,Yes,0.0001,0.0001
Q8CHY6_S96___1,0.07412,No,0.4857,0.6626
Q8CI04_S655___1,0.5869,Yes,0.0015,0.0005
Q8CI11_S505___1,-0.1757,No,0.274,0.3009
Q8CI11_S95___1,0.006093,No,0.6243,0.9714
Q8CI12_S98___1,0.591,Yes,0.0014,0.0005
Q8CI12_S337___1,0.9758,Yes,0.0001,0.0001
Q8CI12_S250___1,0.8925,Yes,0.0001,0.0001
Q8CI51_S134___1,-0.4514,Yes,0.0145,0.0079
Q8CI51_S137___1,0.431,Yes,0.0195,0.0112
Q8CI51_S111___1,0.2017,No,0.2287,0.235
Q8CI51_S228___1,-0.5323,Yes,0.004,0.0017
Q8CI51_S376___1,-0.8648,Yes,0.0001,0.0001
Q8CI51_S387___1,-0.6263,Yes,0.0007,0.0002
Q8CI51_S214___1,-0.2357,No,0.1743,0.1653
Q8CI51_S282___1,-1.51,Yes,0.0001,0.0001
Q8CI71_S546___1,-0.5637,Yes,0.0023,0.0009
Q8CI71_S494___1,0.03639,No,0.5616,0.8303
Q8CI71_S559___1,0.364,Yes,0.0471,0.0321
Q8CI75_S12___1,-0.1236,No,0.377,0.4668
Q8CI75_S864___1,0.1139,No,0.3985,0.5025
Q8CI94_S31___1,-0.002999,No,0.6298,0.9859
Q8CI94_S15___1,0.1445,No,0.3348,0.3949
Q8CI95_S194___1,0.09181,No,0.4469,0.5888
Q8CI95_S177___1,0.2207,No,0.1974,0.1938
Q8CI95_S179___1,-0.02486,No,0.5871,0.8836
Q8CI95_S186___1,-0.189,No,0.2509,0.2657
Q8CIB5_S159___1,-0.4797,Yes,0.0094,0.0047
Q8CIB6_S24___1,0.3394,No,0.0627,0.0457
Q8CID3_S534___1,0.1113,No,0.4036,0.5123
Q8CIE6_S402___1,1.72,Yes,0.0001,0.0001
Q8CIE6_S173___1,0.318,No,0.0798,0.0612
Q8CIG3_S253___1,0.02292,No,0.5902,0.8927
Q8CIG3_S17___1,0.2834,No,0.1134,0.0953
Q8CIL4_S67___1,0.1996,No,0.2322,0.2399
Q8CIM5_S221___1,-0.1802,No,0.2663,0.2887
Q8CIN4_S132___1,-0.2755,No,0.1223,0.1048
Q8CIN4_S141___1,-0.08193,No,0.4687,0.6296
Q8CIN4_S197___1,-0.2959,No,0.1004,0.0815
Q8CIN4_S213___1,-0.4601,Yes,0.0128,0.0068
Q8CJ19_S1645___1,0.4646,Yes,0.0119,0.0062
Q8CJ19_S977___1,0.964,Yes,0.0001,0.0001
Q8CJ19_S685___1,1.065,Yes,0.0001,0.0001
Q8CJ19_S1171___1,0.6342,Yes,0.0006,0.0002
Q8CJ26_S226___1,0.03269,No,0.5698,0.8474
Q8CJ40_S464___1,-0.5625,Yes,0.0023,0.0009
Q8CJ61_S199___1,-0.2529,No,0.1504,0.1366
Q8CJ61_S183___1,0.6526,Yes,0.0004,0.0001
Q8CJ96_S119___1,0.4038,Yes,0.0285,0.0174
Q8CJ96_S129___1,0.06721,No,0.4995,0.6923
Q8CJ96_S105___1,-0.4083,Yes,0.0269,0.0162
Q8CJF7_S528___1,-0.2727,No,0.1257,0.1084
Q8CJF7_S1218___1,-0.1899,No,0.2491,0.2636
Q8CJF7_S1725___1,1.693,Yes,0.0001,0.0001
Q8CJF7_S1792___1,0.8837,Yes,0.0001,0.0001
Q8CJG0_S388___1,-0.04341,No,0.5479,0.7983
Q8CJH3_S1519___1,0.9512,Yes,0.0001,0.0001
Q8JZK9_S516___1,0.7502,Yes,0.0001,0.0001
Q8JZP9_S482___1,-0.3617,Yes,0.0484,0.0332
Q8JZP9_S489___1,-0.6794,Yes,0.0002,0.0001
Q8JZP9_S394___1,-0.2656,No,0.134,0.1178
Q8JZP9_S429___1,-0.1019,No,0.4245,0.5485
Q8JZP9_S306___1,-0.4662,Yes,0.0116,0.0061
Q8JZP9_S311___1,-0.5167,Yes,0.0052,0.0023
Q8JZP9_S654___1,-0.679,Yes,0.0002,0.0001
Q8JZP9_S316___1,-0.2851,No,0.1115,0.0932
Q8JZP9_S352___1,-0.7075,Yes,0.0001,0.0001
Q8JZP9_S436___1,-0.546,Yes,0.0031,0.0013
Q8JZP9_S292___1,-0.4083,Yes,0.0269,0.0162
Q8JZQ9_S68___1,0.3883,Yes,0.0349,0.0223
Q8JZQ9_S75___1,0.1917,No,0.2458,0.259
Q8JZQ9_S111___1,0.7499,Yes,0.0001,0.0001
Q8JZQ9_S120___1,-0.1245,No,0.3752,0.4636
Q8JZQ9_S123___1,0.3217,No,0.0766,0.0582
Q8JZQ9_S28___1,0.8977,Yes,0.0001,0.0001
Q8JZQ9_S40___1,0.7335,Yes,0.0001,0.0001
Q8JZQ9_S88___1,0.07183,No,0.4906,0.6724
Q8JZQ9_S90___1,0.5697,Yes,0.002,0.0008
Q8JZX4_S222___1,-0.04138,No,0.5521,0.8075
Q8JZX4_S155___1,-0.002151,No,0.631,0.9899
Q8JZX9_S137___1,-1.038,Yes,0.0001,0.0001
Q8JZX9_S109___1,-1.528,Yes,0.0001,0.0001
Q8JZZ7_S1458___1,-1.102,Yes,0.0001,0.0001
Q8JZZ7_S1362___1,-1.023,Yes,0.0001,0.0001
Q8JZZ7_S1437___1,-0.9356,Yes,0.0001,0.0001
Q8K019_S383___1,-0.4137,Yes,0.025,0.0149
Q8K019_S177___1,-0.3579,No,0.0507,0.0351
Q8K019_S688___1,-0.6641,Yes,0.0003,0.0001
Q8K019_S529___1,-0.2919,No,0.1045,0.0857
Q8K019_S510___1,-0.4061,Yes,0.0277,0.0168
Q8K019_S494___1,-0.3723,Yes,0.0425,0.0284
Q8K019_S395___1,-0.4562,Yes,0.0135,0.0072
Q8K019_S656___1,-0.3525,No,0.0539,0.0379
Q8K019_S267___1,-0.1717,No,0.2814,0.3121
Q8K019_S646___1,-0.5875,Yes,0.0015,0.0005
Q8K019_S299___1,-0.4665,Yes,0.0116,0.006
Q8K019_S314___1,-0.5144,Yes,0.0054,0.0025
Q8K019_S183___1,0.1613,No,0.3015,0.3422
Q8K019_S196___1,-0.3071,No,0.0894,0.0706
Q8K019_S759___1,-0.2246,No,0.1913,0.1861
Q8K039_S50___1,-0.05706,No,0.5208,0.7369
Q8K039_S150___1,-0.3754,Yes,0.0409,0.0271
Q8K070_S256___1,-0.4831,Yes,0.009,0.0044
Q8K070_S151___1,-1.031,Yes,0.0001,0.0001
Q8K070_S77___1,-0.2404,No,0.1676,0.1569
Q8K070_S140___1,0.1819,No,0.2634,0.2843
Q8K072_S257___1,0.5793,Yes,0.0017,0.0006
Q8K072_S152___1,0.5781,Yes,0.0017,0.0007
Q8K0D0_S165___1,-0.6819,Yes,0.0002,0.0001
Q8K0D0_S105___1,0.06271,No,0.5095,0.712
Q8K0D0_S122___1,-0.438,Yes,0.0177,0.0099
Q8K0D0_S92___1,0.1005,No,0.4276,0.5542
Q8K0D0_S180___1,-0.5416,Yes,0.0034,0.0014
Q8K0D0_S137___1,-0.3516,No,0.0544,0.0384
Q8K0D0_S146___1,-0.4405,Yes,0.017,0.0095
Q8K0D0_S9___1,-0.3769,Yes,0.0403,0.0265
Q8K0F1_S466___1,0.2296,No,0.1836,0.1764
Q8K0H5_S44___1,0.0619,No,0.5111,0.7155
Q8K0P3_S438___1,0.5652,Yes,0.0022,0.0009
Q8K0Q5_S260___1,0.3154,No,0.082,0.0634
Q8K0Q5_S263___1,0.7887,Yes,0.0001,0.0001
Q8K0S9_S311___1,-0.06058,No,0.5138,0.7213
Q8K0T0_S487___1,-0.1308,No,0.3633,0.4414
Q8K0T0_S373___1,0.4578,Yes,0.0132,0.007
Q8K0U4_S631___1,-0.3432,No,0.06,0.0433
Q8K0V4_S299___1,1.357,Yes,0.0001,0.0001
Q8K0Z9_S501___1,0.2515,No,0.1522,0.1387
Q8K124_S211___1,-0.52,Yes,0.0049,0.0022
Q8K124_S279___1,-0.08563,No,0.4603,0.6142
Q8K124_S395___1,-0.6286,Yes,0.0006,0.0002
Q8K124_S403___1,-0.7803,Yes,0.0001,0.0001
Q8K190_S16___1,0.5628,Yes,0.0023,0.0009
Q8K190_S22___1,0.9437,Yes,0.0001,0.0001
Q8K199_S71___1,0.2571,No,0.1452,0.1301
Q8K1A6_S435___1,0.08016,No,0.4728,0.6369
Q8K1C9_S276___1,0.1192,No,0.3867,0.483
Q8K1E0_S9___1,0.7227,Yes,0.0001,0.0001
Q8K1E6_S28___1,-0.1517,No,0.3204,0.3718
Q8K1E6_S83___1,0.1561,No,0.3118,0.3581
Q8K1H7_S16___1,-1.178,Yes,0.0001,0.0001
Q8K1H7_S18___1,-1.93,Yes,0.0001,0.0001
Q8K1H7_S50___1,-2.585,Yes,0.0001,0.0001
Q8K1J5_S269___1,-0.1135,No,0.3993,0.5038
Q8K1L5_S82___1,-0.3755,Yes,0.0409,0.0271
Q8K1M4_S72___1,0.06955,No,0.4952,0.6822
Q8K1N4_S472___1,0.9545,Yes,0.0001,0.0001
Q8K1N4_S480___1,0.4856,Yes,0.0086,0.0042
Q8K1R3_S123___1,-0.3933,Yes,0.0327,0.0206
Q8K1Y2_S452___1,-0.527,Yes,0.0044,0.0019
Q8K1Y2_S364___1,0.122,No,0.3805,0.4727
Q8K1Y2_S252___1,-0.5822,Yes,0.0016,0.0006
Q8K1Y2_S41___1,-0.07114,No,0.492,0.6753
Q8K1Z0_S81___1,0.5907,Yes,0.0014,0.0005
Q8K207_S95___1,-0.3601,Yes,0.0492,0.034
Q8K207_S115___1,-0.5399,Yes,0.0035,0.0015
Q8K209_S672___1,1.625,Yes,0.0001,0.0001
Q8K212_S493___1,0.002967,No,0.6298,0.9861
Q8K212_S28___1,-0.3397,No,0.0625,0.0455
Q8K212_S517___1,-0.06026,No,0.5146,0.7228
Q8K245_S508___1,0.3586,No,0.0502,0.0347
Q8K245_S497___1,0.7168,Yes,0.0001,0.0001
Q8K284_S845___1,-0.2379,No,0.1711,0.1613
Q8K284_S1890___1,0.04181,No,0.5513,0.8056
Q8K296_S1075___1,-0.4557,Yes,0.0136,0.0073
Q8K296_S633___1,0.09097,No,0.4488,0.5923
Q8K296_S613___1,0.06384,No,0.5072,0.707
Q8K298_S180___1,0.5623,Yes,0.0023,0.0009
Q8K298_S293___1,1.696,Yes,0.0001,0.0001
Q8K298_S637___1,1.445,Yes,0.0001,0.0001
Q8K298_S513___1,1.177,Yes,0.0001,0.0001
Q8K298_S259___1,2.464,Yes,0.0001,0.0001
Q8K298_S318___1,1.54,Yes,0.0001,0.0001
Q8K2A7_S381___1,-0.3451,No,0.0586,0.0422
Q8K2A7_S382___1,-0.166,No,0.2923,0.3285
Q8K2A7_S231___1,0.1295,No,0.3656,0.4459
Q8K2C9_S138___1,-0.3713,Yes,0.0431,0.0288
Q8K2C9_S114___1,0.39,Yes,0.0341,0.0217
Q8K2D0_S316___1,0.302,No,0.0944,0.0754
Q8K2D3_S131___1,3.194,Yes,0.0001,0.0001
Q8K2F0_S260___1,-0.133,No,0.3585,0.4336
Q8K2F0_S262___1,-0.212,No,0.2111,0.212
Q8K2F0_S564___1,-0.04101,No,0.5528,0.8092
Q8K2F8_S216___1,0.02802,No,0.5806,0.869
Q8K2F8_S183___1,0.492,Yes,0.0078,0.0038
Q8K2H1_S147___1,0.1322,No,0.3601,0.4362
Q8K2H1_S219___1,0.8984,Yes,0.0001,0.0001
Q8K2H1_S92___1,0.1941,No,0.2415,0.2533
Q8K2H2_S281___1,-0.6804,Yes,0.0002,0.0001
Q8K2H3_S696___1,-0.6326,Yes,0.0006,0.0002
Q8K2H3_S437___1,-0.4939,Yes,0.0075,0.0036
Q8K2J0_S492___1,-1.116,Yes,0.0001,0.0001
Q8K2J0_S553___1,-0.5055,Yes,0.0063,0.0029
Q8K2L8_S309___1,0.07724,No,0.479,0.6493
Q8K2P1_S74___1,-0.8838,Yes,0.0001,0.0001
Q8K2P7_S52___1,-0.2024,No,0.2275,0.2334
Q8K2Q9_S249___1,-0.521,Yes,0.0048,0.0022
Q8K2V1_S948___1,0.2,No,0.2315,0.239
Q8K2W3_S15___1,0.7753,Yes,0.0001,0.0001
Q8K2W9_S226___1,-0.8377,Yes,0.0001,0.0001
Q8K2W9_S286___1,-0.7869,Yes,0.0001,0.0001
Q8K2Y0_S715___1,1.237,Yes,0.0001,0.0001
Q8K2Y0_S566___1,0.4858,Yes,0.0086,0.0042
Q8K2Y3_S147___1,0.498,Yes,0.0071,0.0034
Q8K2Z4_S1305___1,1.937,Yes,0.0001,0.0001
Q8K2Z4_S1323___1,0.3305,No,0.0694,0.0517
Q8K310_S164___1,0.3488,No,0.0561,0.04
Q8K310_S188___1,-0.5353,Yes,0.0038,0.0016
Q8K310_S157___1,0.04835,No,0.5379,0.7759
Q8K310_S596___1,-0.02692,No,0.583,0.8741
Q8K310_S598___1,-0.08465,No,0.4628,0.6182
Q8K310_S604___1,0.04196,No,0.5509,0.8049
Q8K310_S8___1,-0.203,No,0.2265,0.232
Q8K310_S9___1,0.08228,No,0.4679,0.6281
Q8K310_S14___1,0.4017,Yes,0.0292,0.018
Q8K310_S619___1,-0.1944,No,0.241,0.2525
Q8K327_S532___1,0.2531,No,0.15,0.1361
Q8K327_S416___1,-0.2123,No,0.2106,0.2113
Q8K327_S617___1,0.171,No,0.2826,0.314
Q8K327_S108___1,0.5868,Yes,0.0015,0.0006
Q8K327_S603___1,0.3541,No,0.0528,0.0371
Q8K327_S276___1,0.8554,Yes,0.0001,0.0001
Q8K327_S434___1,-0.3868,Yes,0.0355,0.0228
Q8K327_S394___1,0.9946,Yes,0.0001,0.0001
Q8K327_S464___1,0.3434,No,0.0598,0.0432
Q8K327_S795___1,-0.1182,No,0.3888,0.4864
Q8K330_S38___1,-1.035,Yes,0.0001,0.0001
Q8K337_S287___1,0.5463,Yes,0.0031,0.0013
Q8K337_S156___1,0.9072,Yes,0.0001,0.0001
Q8K337_S658___1,-0.5575,Yes,0.0026,0.001
Q8K354_S30___1,-0.334,No,0.0667,0.0493
Q8K370_S617___1,0.0262,No,0.5845,0.8774
Q8K371_S50___1,-0.03601,No,0.5623,0.8321
Q8K371_S537___1,-0.8486,Yes,0.0001,0.0001
Q8K371_S752___1,-1.199,Yes,0.0001,0.0001
Q8K382_S510___1,-0.5176,Yes,0.0051,0.0023
Q8K382_S523___1,-0.11,No,0.4066,0.5172
Q8K382_S592___1,-0.2417,No,0.1657,0.1547
Q8K382_S538___1,0.3369,No,0.0645,0.0473
Q8K382_S473___1,-0.2549,No,0.1477,0.1334
Q8K387_S452___1,0.2922,No,0.1043,0.0854
Q8K389_S1243___1,1.077,Yes,0.0001,0.0001
Q8K3A9_S192___1,-0.1271,No,0.3701,0.4541
Q8K3A9_S229___1,0.3236,No,0.075,0.0567
Q8K3A9_S126___1,-0.3328,No,0.0676,0.0501
Q8K3G5_S59___1,0.7259,Yes,0.0001,0.0001
Q8K3G5_S108___1,0.9347,Yes,0.0001,0.0001
Q8K3G5_S115___1,-0.5811,Yes,0.0016,0.0006
Q8K3G9_S651___1,0.1041,No,0.4196,0.5399
Q8K3H0_S410___1,-0.861,Yes,0.0001,0.0001
Q8K3H0_S401___1,-0.2765,No,0.1213,0.1036
Q8K3I9_S26___1,0.7867,Yes,0.0001,0.0001
Q8K3K8_S547___1,0.05004,No,0.5342,0.7683
Q8K3K8_S530___1,0.3191,No,0.0788,0.0603
Q8K3K8_S187___1,0.2866,No,0.1099,0.0916
Q8K3W3_S10___1,0.2919,No,0.1045,0.0857
Q8K3W3_S263___1,-0.465,Yes,0.0119,0.0062
Q8K3W3_S44___1,0.6389,Yes,0.0005,0.0002
Q8K3W3_S145___1,-0.7434,Yes,0.0001,0.0001
Q8K3X4_S69___1,-0.01997,No,0.5969,0.9064
Q8K3X4_S498___1,-0.2723,No,0.1262,0.1089
Q8K3X4_S526___1,-0.3154,No,0.0819,0.0633
Q8K3X4_S636___1,-0.6485,Yes,0.0004,0.0001
Q8K3X4_S638___1,-0.3381,No,0.0636,0.0465
Q8K3X4_S641___1,0.04714,No,0.5406,0.7814
Q8K3X4_S195___1,-0.2046,No,0.2238,0.2283
Q8K3X4_S313___1,-0.4458,Yes,0.0157,0.0087
Q8K3Z9_S244___1,-0.5409,Yes,0.0034,0.0014
Q8K3Z9_S409___1,0.505,Yes,0.0063,0.0029
Q8K3Z9_S413___1,0.6009,Yes,0.0011,0.0004
Q8K400_S783___1,-0.1465,No,0.3307,0.3883
Q8K400_S786___1,0.07114,No,0.492,0.6753
Q8K482_S636___1,-0.1121,No,0.4021,0.5094
Q8K4B0_S386___1,1.559,Yes,0.0001,0.0001
Q8K4B0_S449___1,0.4809,Yes,0.0093,0.0046
Q8K4B0_S522___1,0.844,Yes,0.0001,0.0001
Q8K4B0_S576___1,2.108,Yes,0.0001,0.0001
Q8K4B0_S460___1,0.3547,No,0.0526,0.0368
Q8K4J6_S548___1,0.6211,Yes,0.0007,0.0003
Q8K4J6_S606___1,0.1883,No,0.2521,0.2677
Q8K4J6_S355___1,0.574,Yes,0.0019,0.0007
Q8K4K6_S30___1,0.3303,No,0.0695,0.0518
Q8K4L0_S74___1,0.7363,Yes,0.0001,0.0001
Q8K4L0_S774___1,1.051,Yes,0.0001,0.0001
Q8K4L0_S40___1,0.2041,No,0.2246,0.2296
Q8K4L3_S50___1,-0.4043,Yes,0.0283,0.0173
Q8K4L3_S1124___1,0.4023,Yes,0.0291,0.0179
Q8K4L3_S761___1,-0.4369,Yes,0.0179,0.0101
Q8K4L3_S666___1,-0.07446,No,0.485,0.6611
Q8K4L3_S1270___1,0.2835,No,0.1132,0.0951
Q8K4L3_S1011___1,-0.2366,No,0.173,0.1637
Q8K4L3_S1181___1,-0.09082,No,0.4491,0.5928
Q8K4L3_S857___1,-0.2138,No,0.2082,0.2081
Q8K4L3_S869___1,-0.1233,No,0.3775,0.4678
Q8K4L3_S877___1,0.2125,No,0.2103,0.2109
Q8K4L3_S241___1,-0.4463,Yes,0.0156,0.0086
Q8K4L3_S1045___1,0.6413,Yes,0.0005,0.0002
Q8K4L3_S1046___1,0.4801,Yes,0.0094,0.0047
Q8K4L3_S960___1,-0.2036,No,0.2254,0.2307
Q8K4L3_S603___1,0.1976,No,0.2355,0.2448
Q8K4L3_S220___1,0.4094,Yes,0.0265,0.0159
Q8K4L3_S227___1,-0.3384,No,0.0634,0.0463
Q8K4L3_S186___1,-0.3147,No,0.0825,0.0639
Q8K4L3_S632___1,-0.2566,No,0.1458,0.1309
Q8K4P0_S1204___1,0.1357,No,0.3528,0.4244
Q8K4P0_S1175___1,-0.1294,No,0.3658,0.4463
Q8K4P0_S999___1,-0.4499,Yes,0.0148,0.0081
Q8K4Q0_S877___1,2.466,Yes,0.0001,0.0001
Q8K4Q0_S859___1,-0.8896,Yes,0.0001,0.0001
Q8K4S1_S1690___1,0.5356,Yes,0.0038,0.0016
Q8K4S1_S487___1,0.9339,Yes,0.0001,0.0001
Q8K4Z5_S329___1,-0.4444,Yes,0.016,0.0089
Q8N7N5_S123___1,-0.2964,No,0.0999,0.081
Q8N7N5_S124___1,-0.06423,No,0.5064,0.7053
Q8N7N5_S100___1,-0.3183,No,0.0796,0.061
Q8QZS3_S62___1,-1.676,Yes,0.0001,0.0001
Q8QZV7_S715___1,-0.1466,No,0.3306,0.3882
Q8R001_S222___1,-0.1222,No,0.38,0.4718
Q8R010_S36___1,-0.177,No,0.2717,0.2973
Q8R015_S23___1,0.2265,No,0.1885,0.1823
Q8R040_S149___1,-0.3846,Yes,0.0365,0.0236
Q8R080_S398___1,1.558,Yes,0.0001,0.0001
Q8R080_S139___1,0.8848,Yes,0.0001,0.0001
Q8R081_S182___1,-0.201,No,0.2297,0.2368
Q8R089_S249___1,0.6379,Yes,0.0005,0.0002
Q8R0S2_S510___1,-0.171,No,0.2827,0.3141
Q8R0S2_S88___1,0.1656,No,0.293,0.3297
Q8R0S2_S179___1,0.243,No,0.1641,0.1524
Q8R0S2_S464___1,0.6373,Yes,0.0005,0.0002
Q8R0S2_S923___1,0.1258,No,0.3728,0.4591
Q8R0S2_S251___1,0.4458,Yes,0.0157,0.0087
Q8R0S2_S362___1,0.5864,Yes,0.0015,0.0006
Q8R0T2_S72___1,-0.7658,Yes,0.0001,0.0001
Q8R0T2_S128___1,-0.9505,Yes,0.0001,0.0001
Q8R0T2_S191___1,-0.7938,Yes,0.0001,0.0001
Q8R0T2_S149___1,-0.8575,Yes,0.0001,0.0001
Q8R0W0_S1537___1,0.4749,Yes,0.0102,0.0052
Q8R0X2_S366___1,0.7841,Yes,0.0001,0.0001
Q8R127_S209___1,0.1364,No,0.3514,0.4219
Q8R127_S217___1,1.296,Yes,0.0001,0.0001
Q8R1B4_S907___1,0.838,Yes,0.0001,0.0001
Q8R1B4_S530___1,0.4568,Yes,0.0134,0.0072
Q8R1B4_S166___1,0.09061,No,0.4495,0.5937
Q8R1B4_S39___1,0.4993,Yes,0.0069,0.0033
Q8R1C6_S120___1,0.01233,No,0.6121,0.9421
Q8R1F1_S647___1,-0.7333,Yes,0.0001,0.0001
Q8R1G6_S238___1,-0.01474,No,0.6068,0.9308
Q8R1G6_S267___1,-0.08202,No,0.4686,0.6292
Q8R1G6_S74___1,0.07996,No,0.4731,0.6378
Q8R1G6_S87___1,-0.1871,No,0.254,0.2707
Q8R1G6_S96___1,-0.4441,Yes,0.0161,0.0089
Q8R1G6_S199___1,-0.4245,Yes,0.0214,0.0124
Q8R1G6_S204___1,-0.5404,Yes,0.0035,0.0015
Q8R1G6_S205___1,-0.5493,Yes,0.003,0.0012
Q8R1H0_S61___1,1.147,Yes,0.0001,0.0001
Q8R1J3_S53___1,0.9382,Yes,0.0001,0.0001
Q8R1N0_S342___1,-0.3147,No,0.0825,0.0639
Q8R1N0_S187___1,0.1738,No,0.2776,0.3061
Q8R1Q8_S207___1,0.5728,Yes,0.0019,0.0007
Q8R1Q8_S510___1,0.06057,No,0.5138,0.7214
Q8R1Q8_S516___1,-0.07407,No,0.4858,0.6628
Q8R1Q8_S405___1,-0.218,No,0.2013,0.1993
Q8R1Q8_S421___1,1.214,Yes,0.0001,0.0001
Q8R1X6_S474___1,0.3491,No,0.056,0.0399
Q8R1X6_S126___1,0.2129,No,0.2096,0.2101
Q8R2G6_S79___1,0.2112,No,0.2123,0.2137
Q8R2K4_S494___1,-0.1268,No,0.3706,0.4553
Q8R2M0_S91___1,0.02839,No,0.5796,0.8672
Q8R2M2_S173___1,-0.01535,No,0.6057,0.928
Q8R2M2_S229___1,0.3132,No,0.0838,0.0652
Q8R2M2_S248___1,-0.5742,Yes,0.0019,0.0007
Q8R2M2_S250___1,-0.5064,Yes,0.0062,0.0029
Q8R2M2_S255___1,-0.5166,Yes,0.0052,0.0024
Q8R2S9_S132___1,-0.1783,No,0.2698,0.2939
Q8R2S9_S412___1,-0.4785,Yes,0.0096,0.0048
Q8R2U7_S399___1,0.9205,Yes,0.0001,0.0001
Q8R310_S216___1,0.7053,Yes,0.0001,0.0001
Q8R310_S174___1,0.2681,No,0.1312,0.1145
Q8R344_S165___1,0.1349,No,0.3546,0.4271
Q8R361_S188___1,0.3521,No,0.0541,0.0382
Q8R361_S640___1,0.8019,Yes,0.0001,0.0001
Q8R361_S176___1,0.2131,No,0.2093,0.2095
Q8R361_S307___1,0.339,No,0.063,0.0459
Q8R361_S383___1,0.6182,Yes,0.0008,0.0003
Q8R361_S545___1,0.2197,No,0.1987,0.1958
Q8R373_S365___1,0.2004,No,0.2306,0.238
Q8R3B1_S195___1,-0.7249,Yes,0.0001,0.0001
Q8R3B1_S460___1,-0.6537,Yes,0.0004,0.0001
Q8R3B7_S284___1,-0.01174,No,0.6132,0.9449
Q8R3B7_S617___1,-0.2242,No,0.1919,0.1868
Q8R3C0_S154___1,-0.1009,No,0.4267,0.5524
Q8R3C0_S298___1,-0.1817,No,0.2636,0.2847
Q8R3F9_S655___1,0.4661,Yes,0.0116,0.0061
Q8R3F9_S688___1,-0.7141,Yes,0.0001,0.0001
Q8R3N1_S96___1,1.529,Yes,0.0001,0.0001
Q8R3N6_S657___1,0.1421,No,0.3398,0.4029
Q8R3P7_S409___1,0.01063,No,0.6151,0.9501
Q8R3P7_S314___1,0.3185,No,0.0794,0.0608
Q8R3P7_S324___1,-0.1283,No,0.3677,0.4502
Q8R3Q2_S670___1,0.1994,No,0.2325,0.2404
Q8R3Q2_S289___1,0.8701,Yes,0.0001,0.0001
Q8R3S6_S484___1,0.04036,No,0.5539,0.8122
Q8R3S6_S501___1,-0.3711,Yes,0.0432,0.0289
Q8R3S6_S473___1,-0.2646,No,0.1353,0.1193
Q8R411_S81___1,-0.1381,No,0.3479,0.4161
Q8R480_S652___1,-0.3118,No,0.085,0.0664
Q8R4E6_S342___1,0.02314,No,0.5898,0.8916
Q8R4H2_S1389___1,0.3782,Yes,0.0395,0.026
Q8R4H2_S22___1,0.008424,No,0.6197,0.9604
Q8R4H2_S190___1,0.3426,No,0.0604,0.0437
Q8R4H2_S1540___1,0.3528,No,0.0537,0.0378
Q8R4H2_S41___1,0.1501,No,0.3235,0.3768
Q8R4H2_S303___1,-0.2839,No,0.1127,0.0946
Q8R4H2_S309___1,0.2537,No,0.1493,0.1353
Q8R4H2_S1327___1,0.3389,No,0.0631,0.046
Q8R4R6_S258___1,-0.5071,Yes,0.0061,0.0028
Q8R4R6_S73___1,2.051,Yes,0.0001,0.0001
Q8R4U7_S660___1,-0.4082,Yes,0.0269,0.0162
Q8R4U7_S261___1,0.04489,No,0.5452,0.7916
Q8R4U7_S746___1,-0.336,No,0.0652,0.0479
Q8R4U7_S424___1,0.1759,No,0.2736,0.3003
Q8R4U7_S988___1,-0.169,No,0.2865,0.3197
Q8R4U7_S982___1,-0.02607,No,0.5848,0.878
Q8R4X3_S422___1,-0.2578,No,0.1442,0.1291
Q8R4X3_S424___1,-0.2578,No,0.1442,0.1291
Q8R4Z4_S159___1,0.3021,No,0.0943,0.0753
Q8R502_S196___1,-0.2375,No,0.1717,0.162
Q8R502_S212___1,0.135,No,0.3543,0.4267
Q8R502_S215___1,-0.2917,No,0.1047,0.0859
Q8R516_S251___1,-0.1671,No,0.29,0.3251
Q8R574_S227___1,-0.01634,No,0.6043,0.9234
Q8R5A3_S507___1,-0.1911,No,0.2469,0.2605
Q8R5A3_S537___1,-0.3067,No,0.0898,0.071
Q8R5H1_S961___1,0.7399,Yes,0.0001,0.0001
Q8R5H1_S965___1,0.3907,Yes,0.0338,0.0214
Q8R5H1_S242___1,2.369,Yes,0.0001,0.0001
Q8R5H6_S489___1,-0.1779,No,0.2702,0.2949
Q8VBT0_S278___1,0.6266,Yes,0.0007,0.0002
Q8VBT0_S245___1,0.4369,Yes,0.018,0.0101
Q8VBT6_S484___1,0.3115,No,0.0853,0.0667
Q8VBT9_S279___1,0.3833,Yes,0.0371,0.024
Q8VBT9_S193___1,0.4041,Yes,0.0284,0.0173
Q8VBV3_S124___1,0.05923,No,0.5166,0.7273
Q8VC03_S177___1,-0.1541,No,0.3156,0.3642
Q8VC03_S178___1,0.05684,No,0.521,0.7379
Q8VC03_S199___1,-0.1656,No,0.293,0.3297
Q8VC31_S135___1,-0.2042,No,0.2245,0.2293
Q8VC31_S60___1,-0.1171,No,0.3913,0.4904
Q8VC57_S29___1,0.4814,Yes,0.0092,0.0046
Q8VC66_S313___1,-0.2074,No,0.219,0.222
Q8VC70_S108___1,0.9034,Yes,0.0001,0.0001
Q8VC70_S33___1,0.5252,Yes,0.0045,0.002
Q8VC70_S41___1,0.7499,Yes,0.0001,0.0001
Q8VC98_S562___1,-0.9796,Yes,0.0001,0.0001
Q8VC98_S578___1,-0.7553,Yes,0.0001,0.0001
Q8VC98_S194___1,-1.127,Yes,0.0001,0.0001
Q8VCB1_S470___1,1.092,Yes,0.0001,0.0001
Q8VCC8_S531___1,-0.5042,Yes,0.0064,0.003
Q8VCC8_S66___1,-0.628,Yes,0.0007,0.0002
Q8VCC8_S859___1,-0.6848,Yes,0.0002,0.0001
Q8VCD5_S55___1,0.07316,No,0.4879,0.6667
Q8VCD7_S395___1,-0.2326,No,0.179,0.1709
Q8VCE2_S314___1,-0.06846,No,0.4972,0.6869
Q8VCE2_S338___1,0.2157,No,0.2051,0.2042
Q8VCX2_S335___1,-0.2386,No,0.1702,0.1602
Q8VCZ7_S215___1,0.6597,Yes,0.0003,0.0001
Q8VCZ7_S537___1,0.6713,Yes,0.0003,0.0001
Q8VD04_S657___1,1.025,Yes,0.0001,0.0001
Q8VD04_S631___1,1.543,Yes,0.0001,0.0001
Q8VD04_S634___1,1.093,Yes,0.0001,0.0001
Q8VD57_S9___1,0.4113,Yes,0.0258,0.0155
Q8VD62_S36___1,-0.7154,Yes,0.0001,0.0001
Q8VD65_S813___1,-0.08115,No,0.4705,0.6328
Q8VD75_S12___1,0.4143,Yes,0.0248,0.0147
Q8VDC1_S196___1,-0.1748,No,0.2758,0.3034
Q8VDD5_S1714___1,-0.4144,Yes,0.0247,0.0147
Q8VDD5_S1660___1,-0.4324,Yes,0.0191,0.0109
Q8VDD5_S1916___1,-0.2441,No,0.1627,0.1507
Q8VDD5_S1122___1,-0.5606,Yes,0.0024,0.001
Q8VDD5_S1943___1,-0.6244,Yes,0.0007,0.0002
Q8VDD5_S1869___1,-0.6889,Yes,0.0002,0.0001
Q8VDD5_S1326___1,-0.7694,Yes,0.0001,0.0001
Q8VDD9_S1315___1,-0.1378,No,0.3486,0.4172
Q8VDD9_S659___1,1.677,Yes,0.0001,0.0001
Q8VDD9_S1783___1,0.5934,Yes,0.0013,0.0005
Q8VDF2_S289___1,1.727,Yes,0.0001,0.0001
Q8VDF3_S349___1,0.005365,No,0.6256,0.9748
Q8VDG3_S573___1,-0.1926,No,0.2442,0.2569
Q8VDG3_S556___1,-0.1668,No,0.2905,0.3261
Q8VDI7_S98___1,-0.2183,No,0.2008,0.1987
Q8VDJ3_S454___1,0.2376,No,0.1715,0.1618
Q8VDJ3_S31___1,1.043,Yes,0.0001,0.0001
Q8VDM1_S278___1,0.427,Yes,0.0207,0.0119
Q8VDM1_S70___1,0.2912,No,0.1052,0.0864
Q8VDM4_S363___1,-0.05778,No,0.5196,0.7337
Q8VDM6_S513___1,-0.2024,No,0.2275,0.2335
Q8VDM6_S195___1,-0.4509,Yes,0.0146,0.0079
Q8VDN2_S16___1,0.944,Yes,0.0001,0.0001
Q8VDN2_S217___1,-0.4789,Yes,0.0096,0.0048
Q8VDN4_S194___1,0.8013,Yes,0.0001,0.0001
Q8VDP4_S921___1,-0.1721,No,0.2807,0.311
Q8VDP4_S612___1,0.1527,No,0.3183,0.3687
Q8VDP4_S298___1,-0.4688,Yes,0.0112,0.0058
Q8VDP4_S677___1,-0.2787,No,0.1187,0.1009
Q8VDQ8_S23___1,-0.2707,No,0.1281,0.111
Q8VDQ9_S142___1,-0.1334,No,0.3577,0.4323
Q8VDR9_S1223___1,-0.1714,No,0.282,0.3128
Q8VDR9_S1376___1,0.1909,No,0.2472,0.261
Q8VDR9_S870___1,-0.198,No,0.2348,0.2438
Q8VDR9_S1341___1,-0.1432,No,0.3375,0.3992
Q8VDR9_S911___1,0.002716,No,0.6302,0.9872
Q8VDR9_S882___1,-0.2116,No,0.2116,0.2128
Q8VDS4_S156___1,0.05675,No,0.5212,0.7383
Q8VDU0_S408___1,0.6903,Yes,0.0002,0.0001
Q8VDU0_S564___1,0.3968,Yes,0.0312,0.0195
Q8VDU5_S362___1,-0.144,No,0.3357,0.3966
Q8VDU5_S518___1,-0.1555,No,0.3132,0.36
Q8VDU5_S259___1,0.2683,No,0.1308,0.1141
Q8VDU5_S495___1,0.2637,No,0.1364,0.1205
Q8VDX6_S64___1,0.2876,No,0.1089,0.0904
Q8VDY9_S183___1,-0.07626,No,0.4813,0.6535
Q8VDY9_S68___1,-0.4305,Yes,0.0196,0.0113
Q8VDY9_S307___1,-0.1394,No,0.3454,0.4118
Q8VDZ4_S529___1,-0.1409,No,0.3422,0.4068
Q8VDZ4_S380___1,0.3214,No,0.0768,0.0585
Q8VDZ4_S621___1,0.0282,No,0.5802,0.8681
Q8VDZ4_S299___1,-0.0765,No,0.4808,0.6524
Q8VDZ4_S409___1,0.002619,No,0.6302,0.9877
Q8VDZ4_S415___1,-0.105,No,0.4178,0.5365
Q8VDZ4_S694___1,-0.05076,No,0.5327,0.765
Q8VDZ4_S296___1,-0.2399,No,0.1683,0.1579
Q8VDZ4_S429___1,-0.0753,No,0.4832,0.6575
Q8VE18_S895___1,-0.7738,Yes,0.0001,0.0001
Q8VE19_S766___1,0.5713,Yes,0.002,0.0008
Q8VE37_S11___1,-0.6996,Yes,0.0001,0.0001
Q8VE94_S350___1,-0.4216,Yes,0.0223,0.0131
Q8VE94_S99___1,-0.07416,No,0.4856,0.6624
Q8VE97_S455___1,-0.4768,Yes,0.0099,0.005
Q8VEB2_S91___1,-0.1263,No,0.3716,0.4571
Q8VEB2_S95___1,-0.9168,Yes,0.0001,0.0001
Q8VED8_S317___1,1.161,Yes,0.0001,0.0001
Q8VEE0_S225___1,0.1507,No,0.3223,0.3749
Q8VH51_S136___1,-0.02737,No,0.582,0.872
Q8VH51_S97___1,-0.1506,No,0.3226,0.3754
Q8VH51_S100___1,-0.1032,No,0.4217,0.5436
Q8VH51_S117___1,0.3644,Yes,0.0469,0.0319
Q8VHG2_S693___1,1.122,Yes,0.0001,0.0001
Q8VHH5_S478___1,1.609,Yes,0.0001,0.0001
Q8VHH5_S573___1,-0.5485,Yes,0.003,0.0012
Q8VHK1_S358___1,-0.279,No,0.1183,0.1005
Q8VHK1_S366___1,-0.2496,No,0.1547,0.1417
Q8VHK1_S874___1,0.4992,Yes,0.0069,0.0033
Q8VHK1_S841___1,0.09518,No,0.4391,0.5752
Q8VHK1_S403___1,-0.3771,Yes,0.0401,0.0264
Q8VHK9_S1001___1,0.4005,Yes,0.0297,0.0184
Q8VHK9_S276___1,0.1366,No,0.3512,0.4211
Q8VHQ4_S268___1,0.3047,No,0.0917,0.0729
Q8VHR5_S130___1,0.6493,Yes,0.0004,0.0001
Q8VHR5_S136___1,0.4765,Yes,0.0099,0.005
Q8VHR5_S335___1,0.3645,Yes,0.0468,0.0319
Q8VI33_S196___1,0.5263,Yes,0.0044,0.0019
Q8VI36_S258___1,-0.6207,Yes,0.0008,0.0003
Q8VI36_S106___1,-0.3194,No,0.0785,0.0601
Q8VI36_S137___1,1.048,Yes,0.0001,0.0001
Q8VI36_S303___1,-0.2796,No,0.1176,0.0997
Q8VI36_S340___1,0.004837,No,0.6266,0.9773
Q8VI36_S83___1,-0.5724,Yes,0.0019,0.0008
Q8VI59_S171___1,-0.3219,No,0.0764,0.058
Q8VI59_S188___1,-0.00004863,No,0.6356,0.9998
Q8VI59_S402___1,-0.775,Yes,0.0001,0.0001
Q8VI59_S1955___1,-0.06351,No,0.508,0.7085
Q8VI59_S287___1,-0.2432,No,0.1639,0.1522
Q8VI59_S246___1,0.01574,No,0.6052,0.9262
Q8VI59_S1025___1,-0.212,No,0.2111,0.212
Q8VI59_S96___1,-0.2475,No,0.1577,0.145
Q8VI59_S443___1,-0.3171,No,0.0804,0.0619
Q8VID5_S773___1,0.4631,Yes,0.0122,0.0064
Q8VIG1_S848___1,0.07457,No,0.4849,0.6606
Q91V04_S365___1,1.779,Yes,0.0001,0.0001
Q91V09_S79___1,1.772,Yes,0.0001,0.0001
Q91V24_S2125___1,0.06828,No,0.4975,0.6877
Q91V36_S20___1,0.1171,No,0.3914,0.4905
Q91V41_S180___1,0.1115,No,0.4033,0.5116
Q91V92_S455___1,0.1438,No,0.3362,0.3972
Q91V98_S754___1,1.127,Yes,0.0001,0.0001
Q91V98_S764___1,1.286,Yes,0.0001,0.0001
Q91VB4_S460___1,0.4044,Yes,0.0283,0.0173
Q91VC7_S26___1,-0.9467,Yes,0.0001,0.0001
Q91VH2_S194___1,-0.4697,Yes,0.011,0.0057
Q91VI7_S451___1,-0.2968,No,0.0995,0.0806
Q91VJ2_S62___1,-0.07282,No,0.4886,0.6681
Q91VJ5_S245___1,0.2632,No,0.1372,0.1213
Q91VL8_S151___1,0.6996,Yes,0.0001,0.0001
Q91VL8_S200___1,0.5237,Yes,0.0046,0.002
Q91VM4_S63___1,-0.02101,No,0.5946,0.9016
Q91VM5_S88___1,-0.4361,Yes,0.0182,0.0102
Q91VM5_S212___1,0.09695,No,0.4351,0.5681
Q91VM5_S218___1,-0.1372,No,0.3499,0.4191
Q91VM5_S224___1,-0.528,Yes,0.0043,0.0019
Q91VM5_S320___1,-0.5746,Yes,0.0019,0.0007
Q91VM5_S323___1,-0.3077,No,0.0888,0.07
Q91VM5_S325___1,-0.04334,No,0.5481,0.7986
Q91VM5_S329___1,-0.2048,No,0.2235,0.228
Q91VM5_S333___1,-0.4904,Yes,0.008,0.0039
Q91VM5_S284___1,-0.2633,No,0.1371,0.1212
Q91VM5_S288___1,-0.9075,Yes,0.0001,0.0001
Q91VM5_S290___1,-0.3504,No,0.0552,0.0391
Q91VM5_S205___1,-0.05033,No,0.5336,0.767
Q91VM5_S246___1,-0.3872,Yes,0.0354,0.0226
Q91VM5_S247___1,-0.3028,No,0.0935,0.0746
Q91VM5_S349___1,-0.2513,No,0.1523,0.1389
Q91VM5_S102___1,-0.5657,Yes,0.0022,0.0009
Q91VM5_S165___1,-1.067,Yes,0.0001,0.0001
Q91VM5_S170___1,-0.5516,Yes,0.0028,0.0012
Q91VM5_S171___1,-0.539,Yes,0.0035,0.0015
Q91VM5_S312___1,0.02189,No,0.5926,0.8974
Q91VM5_S313___1,-0.9369,Yes,0.0001,0.0001
Q91VN4_S157___1,-0.04799,No,0.5386,0.7775
Q91VN6_S21___1,-0.2527,No,0.1506,0.1368
Q91VN6_S23___1,0.3172,No,0.0803,0.0618
Q91VR5_S481___1,0.1368,No,0.3508,0.4206
Q91VS8_S344___1,-0.2824,No,0.1144,0.0964
Q91VS8_S36___1,-0.0929,No,0.4443,0.5844
Q91VS8_S879___1,0.1278,No,0.3686,0.4516
Q91VS8_S884___1,0.2869,No,0.1096,0.0912
Q91VS8_S888___1,-0.02907,No,0.5784,0.8641
Q91VS8_S863___1,-0.5377,Yes,0.0036,0.0015
Q91VU8_S53___1,0.8801,Yes,0.0001,0.0001
Q91VU8_S36___1,0.2471,No,0.1584,0.1458
Q91VW5_S93___1,0.6779,Yes,0.0002,0.0001
Q91VW5_S75___1,1.496,Yes,0.0001,0.0001
Q91VW5_S41___1,0.4312,Yes,0.0195,0.0111
Q91VX2_S634___1,0.5603,Yes,0.0024,0.001
Q91VY9_S145___1,1.469,Yes,0.0001,0.0001
Q91W39_S116___1,0.2208,No,0.1973,0.1936
Q91W39_S126___1,-0.1806,No,0.2657,0.2877
Q91W39_S378___1,-0.4082,Yes,0.0269,0.0162
Q91W40_S467___1,0.1376,No,0.349,0.4178
Q91W40_S167___1,0.1814,No,0.2641,0.2854
Q91W40_S501___1,0.08275,No,0.467,0.6261
Q91W40_S506___1,0.6039,Yes,0.0011,0.0004
Q91W50_S123___1,1.103,Yes,0.0001,0.0001
Q91W50_S276___1,0.9736,Yes,0.0001,0.0001
Q91W59_S38___1,-0.2307,No,0.1818,0.1743
Q91W67_S230___1,0.155,No,0.314,0.3615
Q91W69_S257___1,-0.7262,Yes,0.0001,0.0001
Q91W69_S185___1,0.01541,No,0.6057,0.9277
Q91W92_S346___1,-0.2207,No,0.1974,0.1939
Q91W92_S332___1,-0.2276,No,0.1868,0.1803
Q91W92_S339___1,-0.4631,Yes,0.0122,0.0064
Q91W92_S147___1,-0.1304,No,0.3639,0.4426
Q91W92_S121___1,-0.4379,Yes,0.0177,0.0099
Q91W92_S14___1,-0.00487,No,0.6266,0.9771
Q91W92_S101___1,0.07579,No,0.4821,0.6555
Q91W92_S207___1,-0.2716,No,0.1271,0.1098
Q91W98_S299___1,0.501,Yes,0.0067,0.0032
Q91W98_S281___1,-0.213,No,0.2095,0.2099
Q91WB2_S62___1,0.3947,Yes,0.032,0.0201
Q91WC0_S571___1,0.6847,Yes,0.0002,0.0001
Q91WE3_S162___1,-0.1032,No,0.4215,0.5433
Q91WE3_S22___1,-0.4579,Yes,0.0132,0.007
Q91WG2_S180___1,-0.0106,No,0.6151,0.9502
Q91WG5_S143___1,-0.982,Yes,0.0001,0.0001
Q91WG5_S87___1,-1.212,Yes,0.0001,0.0001
Q91WG5_S71___1,-0.6732,Yes,0.0003,0.0001
Q91WG5_S122___1,-1.103,Yes,0.0001,0.0001
Q91WG5_S113___1,-0.7932,Yes,0.0001,0.0001
Q91WG5_S117___1,-0.7366,Yes,0.0001,0.0001
Q91WJ8_S411___1,-0.6257,Yes,0.0007,0.0002
Q91WL8_S14___1,-0.08944,No,0.4518,0.5985
Q91WM3_S470___1,-0.3019,No,0.0945,0.0755
Q91WQ5_S230___1,-0.817,Yes,0.0001,0.0001
Q91WT4_S112___1,-0.1727,No,0.2797,0.3094
Q91WV0_S105___1,-0.3255,No,0.0734,0.0553
Q91WZ8_S343___1,-0.1981,No,0.2345,0.2434
Q91X45_S308___1,0.3492,No,0.0559,0.0398
Q91X51_S434___1,0.9856,Yes,0.0001,0.0001
Q91X51_S365___1,-0.1268,No,0.3707,0.4554
Q91X51_S376___1,0.1891,No,0.2507,0.2655
Q91X58_S163___1,1.034,Yes,0.0001,0.0001
Q91X58_S187___1,0.1423,No,0.3394,0.4021
Q91X58_S173___1,0.7615,Yes,0.0001,0.0001
Q91X84_S370___1,-0.3457,No,0.0582,0.0418
Q91X84_S62___1,-0.3108,No,0.086,0.0673
Q91X84_S329___1,-0.4507,Yes,0.0146,0.008
Q91X88_S248___1,-0.2438,No,0.1631,0.1512
Q91XA2_S213___1,1.836,Yes,0.0001,0.0001
Q91XC0_S272___1,-0.1877,No,0.2528,0.269
Q91XC0_S321___1,0.4397,Yes,0.0172,0.0096
Q91XC0_S89___1,-0.2454,No,0.1608,0.1485
Q91XC0_S147___1,0.008657,No,0.6192,0.9593
Q91XC8_S51___1,2.053,Yes,0.0001,0.0001
Q91XD2_S340___1,-0.3958,Yes,0.0316,0.0198
Q91XF0_S241___1,-0.1523,No,0.319,0.3697
Q91XU0_S65___1,-0.1683,No,0.2877,0.3217
Q91XU0_S153___1,-0.3837,Yes,0.0369,0.0239
Q91XU0_S75___1,-0.3496,No,0.0556,0.0395
Q91XV3_S131___1,0.01808,No,0.6005,0.9152
Q91XV3_S167___1,-0.4608,Yes,0.0126,0.0067
Q91XV3_S173___1,-0.6321,Yes,0.0006,0.0002
Q91Y86_S377___1,0.007378,No,0.6222,0.9654
Q91YD3_S543___1,0.06413,No,0.5066,0.7058
Q91YD3_S545___1,-0.2987,No,0.0976,0.0787
Q91YD3_S162___1,-0.3477,No,0.0569,0.0406
Q91YD6_S766___1,0.3072,No,0.0893,0.0705
Q91YD9_S426___1,-0.6412,Yes,0.0005,0.0002
Q91YE3_S131___1,-0.04264,No,0.5496,0.8018
Q91YE8_S300___1,-0.202,No,0.2283,0.2344
Q91YE8_S220___1,-0.3491,No,0.056,0.0399
Q91YK2_S405___1,0.08719,No,0.4569,0.6077
Q91YL3_S539___1,-0.04783,No,0.5389,0.7782
Q91YL3_S56___1,0.7795,Yes,0.0001,0.0001
Q91YL3_S63___1,2.601,Yes,0.0001,0.0001
Q91YM2_S1134___1,0.0000913,No,0.6355,0.9996
Q91YM2_S1179___1,0.1743,No,0.2767,0.3049
Q91YM2_S970___1,0.1258,No,0.3728,0.4589
Q91YM2_S1150___1,0.1373,No,0.3497,0.4189
Q91YM2_S589___1,0.5477,Yes,0.0031,0.0013
Q91YN1_S311___1,-0.4705,Yes,0.0109,0.0056
Q91YN9_S73___1,-0.1507,No,0.3223,0.3749
Q91YP6_S354___1,0.2697,No,0.1291,0.1123
Q91YQ3_S48___1,0.2389,No,0.1697,0.1595
Q91YR1_S143___1,0.454,Yes,0.014,0.0075
Q91YT8_S767___1,0.8274,Yes,0.0001,0.0001
Q91YU6_S572___1,-0.1861,No,0.2559,0.2733
Q91YU6_S347___1,0.02427,No,0.5879,0.8864
Q91YU6_S271___1,0.524,Yes,0.0046,0.002
Q91YU6_S242___1,-0.219,No,0.1996,0.1972
Q91YU8_S362___1,0.5967,Yes,0.0012,0.0004
Q91Z22_S187___1,0.5798,Yes,0.0017,0.0006
Q91Z49_S23___1,1.003,Yes,0.0001,0.0001
Q91Z58_S529___1,-0.9714,Yes,0.0001,0.0001
Q91Z67_S796___1,-0.3111,No,0.0857,0.067
Q91Z67_S500___1,0.1712,No,0.2822,0.3134
Q91Z67_S206___1,0.2014,No,0.2291,0.2358
Q91Z67_S487___1,0.1831,No,0.2609,0.2809
Q91Z67_S1053___1,0.9142,Yes,0.0001,0.0001
Q91Z67_S1061___1,0.7702,Yes,0.0001,0.0001
Q91Z69_S883___1,-0.7203,Yes,0.0001,0.0001
Q91Z69_S894___1,-0.257,No,0.1453,0.1303
Q91Z96_S733___1,0.9094,Yes,0.0001,0.0001
Q91Z96_S715___1,-0.2651,No,0.1345,0.1185
Q91Z96_S702___1,-0.374,Yes,0.0416,0.0277
Q91Z96_S13___1,-0.1147,No,0.3966,0.4995
Q91ZR2_S190___1,0.05539,No,0.524,0.7444
Q91ZR2_S193___1,0.01869,No,0.5993,0.9124
Q91ZV3_S719___1,0.3412,No,0.0614,0.0445
Q91ZV3_S722___1,0.2774,No,0.1202,0.1025
Q91ZV8_S1104___1,-0.306,No,0.0904,0.0716
Q91ZV8_S973___1,0.3637,Yes,0.0473,0.0323
Q91ZV8_S1292___1,-0.07893,No,0.4752,0.6422
Q91ZW3_S754___1,-0.002808,No,0.6301,0.9868
Q91ZW3_S65___1,0.1699,No,0.2847,0.3171
Q91ZW3_S115___1,0.9266,Yes,0.0001,0.0001
Q91ZX6_S332___1,-0.8858,Yes,0.0001,0.0001
Q91ZX6_S32___1,-0.7012,Yes,0.0001,0.0001
Q920B9_S1013___1,-0.3854,Yes,0.0362,0.0233
Q920R0_S1329___1,0.06511,No,0.5042,0.7015
Q920R0_S460___1,-0.2974,No,0.099,0.08
Q920R0_S477___1,0.05612,No,0.5227,0.7411
Q920R0_S486___1,-0.2433,No,0.1638,0.152
Q921C5_S819___1,0.475,Yes,0.0102,0.0052
Q921C5_S578___1,0.3626,Yes,0.0479,0.0328
Q921F2_S292___1,-0.3948,Yes,0.032,0.0201
Q921F2_S183___1,-0.4263,Yes,0.0209,0.0121
Q921F2_S92___1,0.01946,No,0.5977,0.9088
Q921G6_S427___1,1.031,Yes,0.0001,0.0001
Q921G6_S313___1,0.2041,No,0.2246,0.2295
Q921G6_S317___1,0.2001,No,0.2313,0.2388
Q921G6_S513___1,0.3862,Yes,0.0358,0.023
Q921I2_S418___1,0.4807,Yes,0.0093,0.0047
Q921I6_S240___1,0.1035,No,0.4209,0.5423
Q921I6_S876___1,1.914,Yes,0.0001,0.0001
Q921I6_S295___1,-0.1113,No,0.4036,0.5123
Q921I6_S278___1,0.4986,Yes,0.007,0.0033
Q921I9_S61___1,-0.2937,No,0.1027,0.0838
Q921I9_S242___1,-0.07875,No,0.4755,0.6429
Q921L3_S188___1,1.36,Yes,0.0001,0.0001
Q921L5_S665___1,0.8166,Yes,0.0001,0.0001
Q921M3_S95___1,0.09835,No,0.432,0.5626
Q921Q7_S758___1,-0.2455,No,0.1607,0.1484
Q921Q7_S446___1,-0.04281,No,0.5491,0.801
Q921Q7_S340___1,-0.3294,No,0.0702,0.0525
Q921R7_S407___1,0.5069,Yes,0.0061,0.0028
Q921Y4_S440___1,0.05931,No,0.5165,0.7269
Q921Z5_S3___1,-0.07779,No,0.4777,0.6469
Q922B2_S249___1,0.2081,No,0.2178,0.2204
Q922B9_S1036___1,-0.1985,No,0.234,0.2426
Q922B9_S90___1,0.1241,No,0.3761,0.465
Q922B9_S330___1,0.2125,No,0.2103,0.2108
Q922B9_S109___1,0.4098,Yes,0.0264,0.0158
Q922B9_S736___1,0.1334,No,0.3577,0.4322
Q922B9_S738___1,0.1165,No,0.3925,0.4927
Q922B9_S667___1,0.2125,No,0.2104,0.211
Q922G2_S306___1,0.07114,No,0.492,0.6753
Q922J3_S309___1,-0.06156,No,0.5118,0.717
Q922J3_S194___1,-0.5308,Yes,0.0041,0.0018
Q922J3_S199___1,-0.1601,No,0.3041,0.3459
Q922J3_S203___1,0.105,No,0.4178,0.5366
Q922J3_S1317___1,0.2934,No,0.1031,0.0841
Q922K7_S59___1,0.8857,Yes,0.0001,0.0001
Q922M3_S23___1,0.5613,Yes,0.0024,0.001
Q922M5_S185___1,1.497,Yes,0.0001,0.0001
Q922Q1_S270___1,0.3491,No,0.0559,0.0398
Q922T2_S274___1,-0.09504,No,0.4394,0.5758
Q922U1_S619___1,0.01002,No,0.6165,0.9529
Q922Y1_S188___1,-0.4181,Yes,0.0235,0.0138
Q922Y1_S200___1,0.4597,Yes,0.0129,0.0068
Q923A2_S558___1,2.53,Yes,0.0001,0.0001
Q923B1_S505___1,-0.07813,No,0.477,0.6455
Q923B1_S491___1,0.207,No,0.2197,0.2229
Q923B1_S548___1,-0.1343,No,0.3558,0.4292
Q923B1_S28___1,-0.1157,No,0.3942,0.4957
Q923D3_S284___1,-0.0544,No,0.5257,0.7488
Q923D5_S237___1,-0.06852,No,0.4972,0.6867
Q923E4_S737___1,-0.1229,No,0.3785,0.4694
Q923J1_S1445___1,0.0981,No,0.4325,0.5636
Q923J1_S1255___1,-0.2759,No,0.122,0.1043
Q923J1_S1258___1,-0.2437,No,0.1633,0.1514
Q923J1_S1269___1,-0.08022,No,0.4727,0.6367
Q923J1_S1360___1,-0.3792,Yes,0.0391,0.0256
Q923J1_S1406___1,-0.1509,No,0.3219,0.3742
Q923J1_S1300___1,-0.1226,No,0.3791,0.4705
Q923J1_S1567___1,-0.08175,No,0.4691,0.6303
Q923J1_S1502___1,-0.08027,No,0.4725,0.6365
Q923Q2_S411___1,-0.1777,No,0.2707,0.2956
Q923Q2_S642___1,0.3444,No,0.059,0.0426
Q923Q2_S133___1,-0.2675,No,0.1318,0.1153
Q923Q2_S572___1,-0.6465,Yes,0.0004,0.0001
Q923Q2_S154___1,-0.5048,Yes,0.0063,0.003
Q923Q2_S334___1,-0.2193,No,0.1992,0.1966
Q923Q2_S430___1,-0.3225,No,0.0759,0.0576
Q923Q2_S314___1,-0.136,No,0.3522,0.4232
Q923Q2_S171___1,-0.1994,No,0.2325,0.2403
Q923W1_S152___1,0.1639,No,0.2964,0.3344
Q923W1_S431___1,0.03634,No,0.5617,0.8306
Q923Z0_S368___1,-0.293,No,0.1035,0.0845
Q923Z0_S369___1,-0.1289,No,0.3668,0.4481
Q923Z0_S355___1,-0.5272,Yes,0.0043,0.0019
Q924A2_S20___1,0.2289,No,0.1847,0.1777
Q924A2_S766___1,-0.04458,No,0.5457,0.7929
Q924A2_S2284___1,0.6412,Yes,0.0005,0.0002
Q924A2_S2195___1,0.3633,Yes,0.0475,0.0324
Q924A2_S1403___1,-0.04464,No,0.5456,0.7927
Q924A2_S1080___1,-0.1744,No,0.2765,0.3044
Q924A2_S778___1,0.2365,No,0.173,0.1637
Q924A2_S2148___1,0.2597,No,0.1417,0.1263
Q924A2_S1184___1,-0.5081,Yes,0.006,0.0028
Q924A2_S2247___1,0.2899,No,0.1066,0.0879
Q924H7_S53___1,0.2007,No,0.2301,0.2374
Q924H7_S511___1,0.07886,No,0.4753,0.6424
Q924H7_S62___1,-0.1702,No,0.2841,0.3162
Q924K8_S516___1,1.329,Yes,0.0001,0.0001
Q924K8_S427___1,0.4359,Yes,0.0182,0.0103
Q924L1_S192___1,0.1782,No,0.2699,0.2941
Q924N4_S32___1,-0.5519,Yes,0.0028,0.0012
Q924N4_S1032___1,0.4223,Yes,0.0221,0.0129
Q924N4_S96___1,0.2533,No,0.1497,0.1358
Q924S8_S239___1,-0.5852,Yes,0.0015,0.0006
Q924S8_S234___1,-0.2222,No,0.1948,0.1908
Q924T2_S290___1,-0.4317,Yes,0.0193,0.011
Q924W5_S1095___1,-0.1838,No,0.2598,0.2791
Q924W7_S106___1,-0.9269,Yes,0.0001,0.0001
Q924W7_S83___1,-0.4691,Yes,0.0111,0.0057
Q924W7_S619___1,-0.5809,Yes,0.0017,0.0006
Q924W7_S48___1,-0.6436,Yes,0.0005,0.0002
Q924W7_S32___1,-0.8249,Yes,0.0001,0.0001
Q924W7_S233___1,-0.1936,No,0.2423,0.2544
Q924W7_S330___1,0.1762,No,0.2731,0.2997
Q924Z5_S332___1,0.6148,Yes,0.0009,0.0003
Q925B0_S38___1,-0.1344,No,0.3557,0.4288
Q925B0_S224___1,-0.7552,Yes,0.0001,0.0001
Q925H1_S90___1,0.9366,Yes,0.0001,0.0001
Q925H1_S970___1,0.383,Yes,0.0373,0.0241
Q925H1_S978___1,0.3499,No,0.0555,0.0394
Q925H1_S1081___1,0.77,Yes,0.0001,0.0001
Q925H1_S892___1,0.008053,No,0.6205,0.9622
Q93092_S237___1,-0.2583,No,0.1436,0.1284
Q99020_S247___1,1.159,Yes,0.0001,0.0001
Q99104_S1450___1,0.3786,Yes,0.0393,0.0258
Q99104_S600___1,0.05822,No,0.5189,0.7318
Q99104_S1650___1,1.789,Yes,0.0001,0.0001
Q99J10_S416___1,0.2856,No,0.111,0.0927
Q99J21_S547___1,-0.3149,No,0.0824,0.0638
Q99J27_S16___1,-0.2435,No,0.1635,0.1517
Q99J27_S42___1,0.266,No,0.1336,0.1173
Q99J45_S534___1,-0.2077,No,0.2186,0.2215
Q99J45_S2___1,0.2625,No,0.1379,0.1222
Q99J77_S275___1,-0.4702,Yes,0.011,0.0056
Q99JB0_S198___1,-1.056,Yes,0.0001,0.0001
Q99JB8_S354___1,-0.7934,Yes,0.0001,0.0001
Q99JB8_S319___1,-0.3462,No,0.0579,0.0416
Q99JF8_S176___1,0.1806,No,0.2656,0.2876
Q99JF8_S129___1,-0.8507,Yes,0.0001,0.0001
Q99JF8_S274___1,-0.6967,Yes,0.0001,0.0001
Q99JF8_S106___1,-0.2025,No,0.2274,0.2333
Q99JN2_S623___1,0.5286,Yes,0.0042,0.0019
Q99JN2_S631___1,0.4249,Yes,0.0213,0.0124
Q99JP0_S329___1,-0.01144,No,0.6137,0.9463
Q99JP4_S42___1,0.05278,No,0.5286,0.756
Q99JP7_S72___1,0.5359,Yes,0.0037,0.0016
Q99JP7_S83___1,1.236,Yes,0.0001,0.0001
Q99JT2_S300___1,-0.04951,No,0.5352,0.7707
Q99JY8_S19___1,0.1168,No,0.3919,0.4915
Q99JY9_S418___1,0.002459,No,0.6305,0.9884
Q99JZ7_S214___1,-0.3622,Yes,0.0481,0.033
Q99JZ7_S251___1,-0.4088,Yes,0.0267,0.0161
Q99K01_S778___1,0.6891,Yes,0.0002,0.0001
Q99K28_S431___1,0.2826,No,0.1142,0.0962
Q99K28_S413___1,-0.1308,No,0.3633,0.4414
Q99K28_S145___1,0.1761,No,0.2732,0.2998
Q99K28_S519___1,0.5004,Yes,0.0068,0.0032
Q99K41_S704___1,0.2847,No,0.1119,0.0937
Q99K43_S4___1,3.161,Yes,0.0001,0.0001
Q99K46_S906___1,-0.7977,Yes,0.0001,0.0001
Q99K48_S149___1,0.07207,No,0.4901,0.6714
Q99K51_S293___1,0.05265,No,0.5289,0.7566
Q99K70_S94___1,0.5501,Yes,0.0029,0.0012
Q99K74_S860___1,0.2698,No,0.1291,0.1122
Q99K74_S871___1,0.04474,No,0.5454,0.7922
Q99K90_S372___1,1.763,Yes,0.0001,0.0001
Q99K90_S450___1,-0.04994,No,0.5343,0.7688
Q99KC8_S624___1,-0.4971,Yes,0.0072,0.0034
Q99KF0_S940___1,-0.4009,Yes,0.0296,0.0183
Q99KG7_S478___1,-0.6565,Yes,0.0004,0.0001
Q99KH8_S4___1,-0.1988,No,0.2336,0.2419
Q99KK1_S152___1,0.9501,Yes,0.0001,0.0001
Q99KK9_S66___1,-0.2341,No,0.1769,0.1682
Q99KL7_S4___1,-0.6136,Yes,0.0009,0.0003
Q99KN9_S235___1,0.9993,Yes,0.0001,0.0001
Q99KX1_S237___1,0.4562,Yes,0.0135,0.0072
Q99KX1_S242___1,-0.04681,No,0.5413,0.7829
Q99KZ6_S60___1,-0.4236,Yes,0.0217,0.0126
Q99L02_S236___1,0.1114,No,0.4035,0.512
Q99L27_S28___1,-0.3594,Yes,0.0497,0.0343
Q99L27_S347___1,-0.1741,No,0.277,0.3053
Q99L43_S32___1,0.8169,Yes,0.0001,0.0001
Q99L43_S34___1,0.5213,Yes,0.0048,0.0021
Q99L45_S67___1,0.4151,Yes,0.0245,0.0145
Q99L45_S105___1,0.7695,Yes,0.0001,0.0001
Q99L45_S2___1,1.395,Yes,0.0001,0.0001
Q99L47_S155___1,-0.311,No,0.0858,0.0671
Q99L48_S468___1,-0.1083,No,0.4102,0.5238
Q99L88_S388___1,-0.2714,No,0.1272,0.1101
Q99L90_S85___1,-0.01134,No,0.6138,0.9468
Q99LB0_S160___1,-0.218,No,0.2014,0.1994
Q99LD4_S454___1,0.2342,No,0.1768,0.168
Q99LD4_S463___1,0.4592,Yes,0.0129,0.0069
Q99LE3_S55___1,0.568,Yes,0.0021,0.0008
Q99LF1_S22___1,0.7095,Yes,0.0001,0.0001
Q99LG0_S531___1,1.068,Yes,0.0001,0.0001
Q99LG0_S414___1,0.6616,Yes,0.0003,0.0001
Q99LG0_S17___1,0.4529,Yes,0.0142,0.0077
Q99LG1_S114___1,-0.2517,No,0.1519,0.1383
Q99LH9_S377___1,-0.4625,Yes,0.0123,0.0065
Q99LI2_S58___1,-0.3544,No,0.0527,0.0369
Q99LI2_S59___1,-0.1372,No,0.3499,0.4192
Q99LI2_S429___1,-0.1648,No,0.2945,0.332
Q99LI2_S433___1,1.057,Yes,0.0001,0.0001
Q99LI7_S691___1,-0.1455,No,0.3327,0.3918
Q99LJ0_S488___1,-0.4062,Yes,0.0276,0.0168
Q99LJ0_S481___1,-0.01159,No,0.6134,0.9456
Q99LJ0_S522___1,-0.4031,Yes,0.0287,0.0176
Q99LJ0_S567___1,-0.4386,Yes,0.0175,0.0098
Q99LJ5_S179___1,0.4414,Yes,0.0168,0.0094
Q99LL5_S49___1,0.2209,No,0.1971,0.1934
Q99LL5_S493___1,0.3126,No,0.0843,0.0657
Q99LQ1_S22___1,-0.113,No,0.4005,0.5058
Q99LW6_S162___1,-0.2864,No,0.1101,0.0918
Q99LX5_S232___1,-0.01385,No,0.6087,0.935
Q99M51_S85___1,-0.2529,No,0.1503,0.1365
Q99M51_S91___1,0.07332,No,0.4875,0.666
Q99M51_S96___1,0.9836,Yes,0.0001,0.0001
Q99M54_S67___1,2.501,Yes,0.0001,0.0001
Q99MD6_S50___1,-0.4675,Yes,0.0114,0.0059
Q99MI1_S730___1,-0.886,Yes,0.0001,0.0001
Q99MI1_S94___1,-0.2447,No,0.1617,0.1496
Q99MI1_S7___1,0.1501,No,0.3235,0.3769
Q99MI1_S17___1,-0.1251,No,0.374,0.4613
Q99MI1_S21___1,-0.4386,Yes,0.0175,0.0098
Q99MJ9_S85___1,1.02,Yes,0.0001,0.0001
Q99MK8_S670___1,0.08404,No,0.4644,0.6207
Q99ML1_S10___1,0.1726,No,0.2798,0.3097
Q99MN1_S594___1,0.754,Yes,0.0001,0.0001
Q99MN1_S393___1,0.3139,No,0.0832,0.0646
Q99MP8_S116___1,0.5567,Yes,0.0026,0.001
Q99MQ1_S838___1,1.046,Yes,0.0001,0.0001
Q99MQ1_S811___1,0.1082,No,0.4102,0.524
Q99MQ1_S815___1,0.7211,Yes,0.0001,0.0001
Q99MQ1_S974___1,0.5489,Yes,0.003,0.0012
Q99MQ1_S801___1,0.3266,No,0.0724,0.0545
Q99MQ1_S768___1,0.9342,Yes,0.0001,0.0001
Q99MQ1_S635___1,0.7966,Yes,0.0001,0.0001
Q99MQ1_S805___1,1.051,Yes,0.0001,0.0001
Q99MQ1_S27___1,1.371,Yes,0.0001,0.0001
Q99MR1_S24___1,-0.3211,No,0.077,0.0587
Q99MR1_S137___1,0.4001,Yes,0.0299,0.0185
Q99MR1_S157___1,-0.181,No,0.265,0.2865
Q99MR1_S228___1,-0.5187,Yes,0.005,0.0023
Q99MR3_S674___1,-0.1638,No,0.2966,0.3349
Q99MS7_S1460___1,-0.4746,Yes,0.0102,0.0052
Q99MS7_S284___1,-0.2171,No,0.2028,0.2011
Q99MS7_S1443___1,-0.1972,No,0.2361,0.2456
Q99MS7_S1383___1,0.4969,Yes,0.0072,0.0034
Q99MS8_S279___1,0.5916,Yes,0.0013,0.0005
Q99MU3_S140___1,0.9361,Yes,0.0001,0.0001
Q99MY8_S1700___1,-0.2129,No,0.2096,0.21
Q9Z2V6_S250___1,-0.323,No,0.0755,0.0572
Q99N96_S85___1,0.0531,No,0.5278,0.7546
Q99NA9_S118___1,-0.1372,No,0.35,0.4194
Q99NB9_S194___1,-0.1905,No,0.2479,0.2621
Q99NB9_S400___1,0.1028,No,0.4227,0.5451
Q99NB9_S129___1,-0.5316,Yes,0.004,0.0017
Q99NF3_S114___1,-0.707,Yes,0.0001,0.0001
Q99NF3_S121___1,-0.4289,Yes,0.0201,0.0116
Q99NG0_S79___1,0.4507,Yes,0.0146,0.008
Q99NH0_S2401___1,0.3573,No,0.051,0.0354
Q99NH0_S1936___1,1.123,Yes,0.0001,0.0001
Q99NH0_S2041___1,0.7599,Yes,0.0001,0.0001
Q99NH0_S2043___1,0.656,Yes,0.0004,0.0001
Q99NH0_S1696___1,1.496,Yes,0.0001,0.0001
Q99NH2_S871___1,-0.1972,No,0.2362,0.2457
Q99NH2_S221___1,-0.08215,No,0.4683,0.6286
Q99NH2_S824___1,-0.1852,No,0.2574,0.2755
Q99NH2_S383___1,-0.4089,Yes,0.0267,0.0161
Q99NH2_S958___1,-0.6171,Yes,0.0008,0.0003
Q99NH2_S969___1,0.2205,No,0.1977,0.1943
Q99NH2_S920___1,-0.1649,No,0.2943,0.3316
Q99NH2_S1312___1,-0.4626,Yes,0.0123,0.0065
Q99NH2_S1042___1,0.1299,No,0.3649,0.4444
Q99NH2_S715___1,-0.4042,Yes,0.0284,0.0173
Q99NH2_S728___1,0.1399,No,0.3442,0.4102
Q99NH2_S1207___1,-0.55,Yes,0.0029,0.0012
Q99NH2_S1222___1,0.2424,No,0.1649,0.1536
Q99NH2_S144___1,-0.1802,No,0.2663,0.2887
Q99NH2_S1112___1,-0.2758,No,0.1221,0.1045
Q99NH2_S1172___1,-0.9623,Yes,0.0001,0.0001
Q99NH2_S1184___1,0.3052,No,0.0912,0.0724
Q99P31_S349___1,1.554,Yes,0.0001,0.0001
Q99P69_S247___1,1.07,Yes,0.0001,0.0001
Q99P72_S489___1,1.126,Yes,0.0001,0.0001
Q99P72_S953___1,-0.02776,No,0.5811,0.8702
Q99P72_S291___1,0.9607,Yes,0.0001,0.0001
Q99P72_S839___1,-0.1239,No,0.3763,0.4658
Q99P72_S105___1,0.3351,No,0.0658,0.0485
Q99P72_S165___1,-0.3107,No,0.0861,0.0674
Q99P72_S167___1,-0.1593,No,0.3055,0.3483
Q99P72_S438___1,0.592,Yes,0.0013,0.0005
Q99P72_S329___1,1.149,Yes,0.0001,0.0001
Q99P88_S992___1,0.026,No,0.5848,0.8783
Q99PG2_S403___1,0.9878,Yes,0.0001,0.0001
Q99PG2_S616___1,0.07621,No,0.4814,0.6536
Q99PL5_S1162___1,0.8708,Yes,0.0001,0.0001
Q99PL5_S1472___1,1.247,Yes,0.0001,0.0001
Q99PL6_S78___1,-0.2498,No,0.1544,0.1414
Q99PL6_S36___1,-0.6223,Yes,0.0007,0.0002
Q99PP2_S2206___1,-0.08285,No,0.4669,0.6257
Q99PP2_S2140___1,-0.02588,No,0.585,0.8789
Q99PP2_S167___1,-0.03282,No,0.5695,0.8468
Q99PP2_S732___1,0.02295,No,0.5902,0.8925
Q99PP2_S1833___1,-0.6813,Yes,0.0002,0.0001
Q99PP2_S71___1,-0.2488,No,0.1558,0.1429
Q99PT3_S370___1,-0.3546,No,0.0526,0.0368
Q99PU7_S395___1,-0.1095,No,0.4076,0.5191
Q9CPN8_S165___1,-0.6446,Yes,0.0005,0.0001
Q9CPR7_S74___1,-0.5417,Yes,0.0034,0.0014
Q9CPU9_S63___1,0.04612,No,0.5428,0.786
Q9CPU9_S74___1,0.1412,No,0.3416,0.4058
Q9CPV5_S19___1,0.66,Yes,0.0003,0.0001
Q9CPY7_S180___1,-0.4265,Yes,0.0208,0.012
Q9CQ10_S200___1,-0.03718,No,0.5598,0.8267
Q9CQ22_S42___1,0.1397,No,0.3447,0.411
Q9CQ22_S56___1,0.4593,Yes,0.0129,0.0068
Q9CQ25_S140___1,-0.2149,No,0.2064,0.2057
Q9CQ33_S354___1,0.3764,Yes,0.0405,0.0267
Q9CQ56_S165___1,0.1094,No,0.4077,0.5194
Q9CQ92_S29___1,-0.01552,No,0.6054,0.9272
Q9CQB2_S80___1,0.2652,No,0.1345,0.1185
Q9CQB2_S82___1,0.518,Yes,0.0051,0.0023
Q9CQC5_S75___1,-0.8505,Yes,0.0001,0.0001
Q9CQC5_S100___1,-0.5703,Yes,0.002,0.0008
Q9CQC5_S144___1,-0.5671,Yes,0.0021,0.0008
Q9CQC5_S108___1,0.05727,No,0.5203,0.736
Q9CQC5_S134___1,-0.4021,Yes,0.0291,0.0179
Q9CQC6_S411___1,-0.104,No,0.4197,0.5401
Q9CQC6_S413___1,0.001783,No,0.6318,0.9916
Q9CQC7_S26___1,-0.08974,No,0.4512,0.5973
Q9CQC8_S304___1,0.3915,Yes,0.0335,0.0212
Q9CQF4_S106___1,0.06014,No,0.5149,0.7233
Q9CQI4_S235___1,0.05738,No,0.5202,0.7355
Q9CQI6_S141___1,-0.01966,No,0.5972,0.9079
Q9CQJ4_S41___1,0.4328,Yes,0.0191,0.0108
Q9CQS8_S17___1,1.005,Yes,0.0001,0.0001
Q9CQT2_S203___1,-0.3952,Yes,0.0318,0.02
Q9CQT2_S125___1,0.09633,No,0.4366,0.5706
Q9CQU3_S95___1,0.05248,No,0.5293,0.7573
Q9CQU5_S216___1,0.3318,No,0.0683,0.0507
Q9CQV4_S26___1,0.585,Yes,0.0015,0.0006
Q9CQV4_S435___1,0.228,No,0.186,0.1795
Q9CQV4_S436___1,0.4537,Yes,0.014,0.0076
Q9CQV4_S258___1,1.086,Yes,0.0001,0.0001
Q9CQV4_S313___1,0.3462,No,0.0579,0.0415
Q9CQV4_S320___1,0.6299,Yes,0.0006,0.0002
Q9CQV6_S12___1,0.7498,Yes,0.0001,0.0001
Q9CQV7_S70___1,0.2011,No,0.2296,0.2365
Q9CQW9_S40___1,1.282,Yes,0.0001,0.0001
Q9CQX2_S16___1,0.1253,No,0.3736,0.4608
Q9CQX2_S33___1,0.152,No,0.3197,0.3707
Q9CQY2_S36___1,-0.2743,No,0.1238,0.1063
Q9CR00_S128___1,-0.3692,Yes,0.0441,0.0297
Q9CR25_S489___1,-0.537,Yes,0.0037,0.0016
Q9CR25_S188___1,-0.5507,Yes,0.0029,0.0012
Q9CR57_S139___1,2.621,Yes,0.0001,0.0001
Q9CR59_S39___1,-0.01848,No,0.5997,0.9134
Q9CR76_S48___1,-0.09277,No,0.4446,0.5849
Q9CR78_S274___1,-0.2289,No,0.1848,0.1779
Q9CR86_S31___1,0.2857,No,0.1109,0.0926
Q9CR86_S42___1,0.06605,No,0.5022,0.6974
Q9CR86_S53___1,-0.1584,No,0.3071,0.351
Q9CR89_S11___1,-0.6383,Yes,0.0005,0.0002
Q9CRA5_S35___1,0.2726,No,0.1258,0.1085
Q9CRA8_S20___1,0.07093,No,0.4924,0.6763
Q9CRA8_S23___1,-0.06612,No,0.5021,0.6971
Q9CRB0_S116___1,0.1008,No,0.427,0.5529
Q9CRB2_S11___1,0.2743,No,0.1238,0.1063
Q9CRB2_S19___1,0.1648,No,0.2945,0.332
Q9CRB9_S29___1,-0.1628,No,0.2985,0.3378
Q9CRB9_S50___1,0.02524,No,0.5862,0.8819
Q9CRD0_S147___1,0.6899,Yes,0.0002,0.0001
Q9CRD0_S108___1,1.104,Yes,0.0001,0.0001
Q9CRD2_S297___1,0.6286,Yes,0.0006,0.0002
Q9CRD4_S142___1,0.261,No,0.1399,0.1244
Q9CS00_S148___1,-0.3679,Yes,0.0449,0.0303
Q9CS00_S94___1,-0.3043,No,0.092,0.0732
Q9CS00_S96___1,-0.1552,No,0.3136,0.3609
Q9CS74_S640___1,-0.262,No,0.1385,0.1229
Q9CSH3_S215___1,-0.3718,Yes,0.0428,0.0286
Q9CSN1_S224___1,-0.1356,No,0.3529,0.4246
Q9CSU0_S134___1,-0.1766,No,0.2724,0.2983
Q9CT10_S463___1,-0.1713,No,0.2821,0.3131
Q9CT10_S40___1,0.2504,No,0.1536,0.1405
Q9CT10_S148___1,0.3839,Yes,0.0368,0.0238
Q9CT10_S257___1,0.3538,No,0.0531,0.0373
Q9CT10_S138___1,-0.2355,No,0.1746,0.1656
Q9CU62_S951___1,-0.7233,Yes,0.0001,0.0001
Q9CU62_S956___1,-1.876,Yes,0.0001,0.0001
Q9CU62_S957___1,-0.604,Yes,0.0011,0.0004
Q9CU65_S112___1,-0.05255,No,0.5291,0.757
Q9CU65_S623___1,0.5444,Yes,0.0032,0.0013
Q9CUN6_S233___1,-0.1442,No,0.3353,0.396
Q9CVD2_S268___1,-0.1731,No,0.2789,0.3082
Q9CVD2_S273___1,-0.4046,Yes,0.0282,0.0172
Q9CW03_S1065___1,-0.2899,No,0.1066,0.0878
Q9CW03_S1067___1,-0.2405,No,0.1676,0.1569
Q9CW03_S1074___1,-0.7899,Yes,0.0001,0.0001
Q9CW46_S626___1,-0.1098,No,0.407,0.518
Q9CW46_S576___1,0.8511,Yes,0.0001,0.0001
Q9CW79_S41___1,-0.3852,Yes,0.0362,0.0233
Q9CWE0_S235___1,0.05739,No,0.5202,0.7354
Q9CWE0_S100___1,0.1334,No,0.3577,0.4321
Q9CWK3_S49___1,-0.1027,No,0.4227,0.5456
Q9CWK3_S196___1,-0.05029,No,0.5336,0.7671
Q9CWK8_S185___1,0.01395,No,0.6086,0.9346
Q9CWL8_S545___1,-0.3094,No,0.0873,0.0685
Q9CWR7_S328___1,0.5672,Yes,0.0021,0.0008
Q9CWR7_S28___1,-0.3132,No,0.0838,0.0652
Q9CWS0_S33___1,-0.04772,No,0.5391,0.7787
Q9CWU4_S156___1,-0.1356,No,0.3529,0.4246
Q9CWW7_S114___1,-0.07377,No,0.4865,0.664
Q9CWW7_S228___1,-0.04135,No,0.5522,0.8077
Q9CWY3_S14___1,0.1129,No,0.4007,0.5062
Q9CWY3_S22___1,-0.1003,No,0.428,0.5549
Q9CWY8_S258___1,0.3531,No,0.0535,0.0376
Q9CWY8_S300___1,0.6058,Yes,0.001,0.0004
Q9CWY9_S7___1,-0.04925,No,0.5359,0.7719
Q9CWZ3_S24___1,-0.01183,No,0.613,0.9445
Q9CWZ3_S42___1,-0.4478,Yes,0.0152,0.0084
Q9CWZ3_S46___1,-0.4311,Yes,0.0195,0.0111
Q9CWZ3_S56___1,-0.1766,No,0.2724,0.2984
Q9CX34_S292___1,-0.9738,Yes,0.0001,0.0001
Q9CX60_S63___1,-0.1511,No,0.3216,0.3737
Q9CX66_S177___1,0.4443,Yes,0.0161,0.0089
Q9CX84_S80___1,-0.2905,No,0.1059,0.0872
Q9CX86_S282___1,0.1982,No,0.2344,0.2432
Q9CXE2_S207___1,-0.4259,Yes,0.021,0.0122
Q9CXF4_S32___1,-0.5984,Yes,0.0012,0.0004
Q9CXF4_S662___1,0.8506,Yes,0.0001,0.0001
Q9CXG3_S393___1,-0.1424,No,0.3392,0.4018
Q9CXK9_S243___1,-0.1008,No,0.427,0.5529
Q9CXK9_S357___1,0.08733,No,0.4567,0.6071
Q9CXK9_S1002___1,0.2276,No,0.1867,0.1802
Q9CXL3_S48___1,-0.3879,Yes,0.0351,0.0224
Q9CXL3_S177___1,-0.4316,Yes,0.0193,0.011
Q9CXL3_S180___1,0.3868,Yes,0.0355,0.0228
Q9CXU0_S135___1,-0.3326,No,0.0677,0.0502
Q9CXW4_S29___1,0.3755,Yes,0.0409,0.0271
Q9CXY1_S18___1,-0.0435,No,0.5478,0.7979
Q9CXY9_S330___1,-0.1545,No,0.315,0.3631
Q9CY27_S49___1,0.7429,Yes,0.0001,0.0001
Q9CY50_S268___1,1.074,Yes,0.0001,0.0001
Q9CY58_S219___1,0.4767,Yes,0.0099,0.005
Q9CY58_S63___1,0.3767,Yes,0.0403,0.0266
Q9CY58_S329___1,0.8481,Yes,0.0001,0.0001
Q9CY64_S229___1,-0.6093,Yes,0.001,0.0003
Q9CYA6_S411___1,1.03,Yes,0.0001,0.0001
Q9CYA6_S503___1,1.541,Yes,0.0001,0.0001
Q9CYA6_S660___1,0.113,No,0.4006,0.5059
Q9CYC5_S344___1,1.611,Yes,0.0001,0.0001
Q9CYC5_S79___1,1.011,Yes,0.0001,0.0001
Q9CYC6_S284___1,0.9093,Yes,0.0001,0.0001
Q9CYC6_S249___1,0.5142,Yes,0.0054,0.0025
Q9CYG7_S186___1,-0.1662,No,0.2917,0.3278
Q9CYH6_S56___1,-0.9909,Yes,0.0001,0.0001
Q9CYI0_S18___1,-0.01386,No,0.6087,0.935
Q9CYI4_S331___1,0.05559,No,0.5238,0.7435
Q9CYI4_S336___1,0.07298,No,0.4882,0.6674
Q9CYL5_S48___1,0.1849,No,0.2581,0.2764
Q9CYN2_S18___1,0.516,Yes,0.0052,0.0024
Q9CYR6_S64___1,-0.4686,Yes,0.0112,0.0058
Q9CYT6_S311___1,0.08966,No,0.4514,0.5976
Q9CYX7_S242___1,0.5893,Yes,0.0014,0.0005
Q9CYX7_S265___1,-0.2254,No,0.1901,0.1845
Q9CYX7_S19___1,1.099,Yes,0.0001,0.0001
Q9CYZ2_S206___1,0.456,Yes,0.0136,0.0073
Q9CYZ2_S180___1,0.3115,No,0.0853,0.0666
Q9CZ09_S39___1,0.635,Yes,0.0006,0.0002
Q9CZ83_S112___1,-0.8682,Yes,0.0001,0.0001
Q9CZA6_S282___1,2.155,Yes,0.0001,0.0001
Q9CZB3_S172___1,-0.3764,Yes,0.0405,0.0267
Q9CZB3_S453___1,0.1282,No,0.3679,0.4505
Q9CZB6_S195___1,-0.8527,Yes,0.0001,0.0001
Q9CZC8_S360___1,-0.03205,No,0.5712,0.8503
Q9CZD3_S690___1,0.08731,No,0.4567,0.6072
Q9CZE3_S69___1,0.02905,No,0.5784,0.8642
Q9CZH7_S94___1,0.8975,Yes,0.0001,0.0001
Q9CZH7_S96___1,0.7737,Yes,0.0001,0.0001
Q9CZH7_S79___1,1.181,Yes,0.0001,0.0001
Q9CZH7_S125___1,0.5076,Yes,0.0061,0.0028
Q9CZJ2_S280___1,-0.2302,No,0.1827,0.1753
Q9CZJ2_S25___1,-0.7044,Yes,0.0001,0.0001
Q9CZJ2_S29___1,-0.7447,Yes,0.0001,0.0001
Q9CZJ2_S46___1,-0.8256,Yes,0.0001,0.0001
Q9CZK6_S373___1,-0.6259,Yes,0.0007,0.0002
Q9CZK6_S225___1,-0.3473,No,0.0571,0.0409
Q9CZM2_S34___1,0.8079,Yes,0.0001,0.0001
Q9CZM2_S97___1,1.166,Yes,0.0001,0.0001
Q9CZM2_S100___1,1.478,Yes,0.0001,0.0001
Q9CZS3_S173___1,0.2776,No,0.12,0.1022
Q9CZU6_S225___1,-0.5156,Yes,0.0053,0.0024
Q9CZW5_S94___1,-0.3534,No,0.0533,0.0375
Q9CZX2_S221___1,-0.3031,No,0.0932,0.0743
Q9CZX2_S104___1,0.03737,No,0.5594,0.8259
Q9CZX2_S44___1,0.1681,No,0.288,0.3223
Q9CZX5_S233___1,0.2581,No,0.1438,0.1286
Q9CZX9_S36___1,0.8758,Yes,0.0001,0.0001
Q9CZY3_S146___1,-0.3664,Yes,0.0457,0.031
Q9D030_S55___1,0.06236,No,0.5102,0.7135
Q9D071_S1028___1,1.395,Yes,0.0001,0.0001
Q9D074_S428___1,0.6725,Yes,0.0003,0.0001
Q9D074_S106___1,0.2262,No,0.1891,0.183
Q9D084_S140___1,-0.335,No,0.0659,0.0486
Q9D0B0_S212___1,0.2193,No,0.1992,0.1966
Q9D0B0_S190___1,0.2789,No,0.1183,0.1005
Q9D0B0_S196___1,-0.4665,Yes,0.0116,0.006
Q9D0E1_S700___1,0.1032,No,0.4216,0.5434
Q9D0E1_S632___1,-0.3474,No,0.0571,0.0408
Q9D0E1_S636___1,-0.3755,Yes,0.0409,0.027
Q9D0E1_S480___1,-0.4528,Yes,0.0142,0.0077
Q9D0E1_S431___1,-0.1292,No,0.3663,0.4469
Q9D0E1_S574___1,-0.32,No,0.078,0.0596
Q9D0E1_S617___1,-0.08314,No,0.4663,0.6245
Q9D0E1_S527___1,-0.01604,No,0.6047,0.9248
Q9D0E1_S467___1,0.04352,No,0.5478,0.7978
Q9D0E1_S396___1,-0.2706,No,0.1282,0.1112
Q9D0E3_S99___1,-0.1232,No,0.3778,0.4682
Q9D0E3_S33___1,0.001446,No,0.6324,0.9932
Q9D0F4_S9___1,0.006563,No,0.6234,0.9692
Q9D0F4_S147___1,-0.3093,No,0.0873,0.0686
Q9D0F9_S117___1,-0.69,Yes,0.0002,0.0001
Q9D0I4_S288___1,0.2102,No,0.214,0.216
Q9D0I8_S80___1,-0.3896,Yes,0.0343,0.0218
Q9D0L7_S43___1,-0.1764,No,0.2728,0.2989
Q9D0L8_S11___1,-0.4709,Yes,0.0108,0.0056
Q9D0L8_S15___1,-0.5448,Yes,0.0032,0.0013
Q9D0L8_S64___1,0.1595,No,0.3051,0.3476
Q9D0L8_S100___1,-0.07007,No,0.4941,0.6799
Q9D0L8_S82___1,-0.03249,No,0.5702,0.8483
Q9D0M1_S215___1,-0.02097,No,0.5946,0.9018
Q9D0P7_S107___1,2.426,Yes,0.0001,0.0001
Q9D0R8_S194___1,0.2563,No,0.1462,0.1313
Q9D0T1_S122___1,-0.3802,Yes,0.0386,0.0252
Q9D0U6_S82___1,0.3936,Yes,0.0325,0.0205
Q9D0U6_S68___1,0.2324,No,0.1795,0.1713
Q9D0V7_S36___1,-0.05433,No,0.5257,0.7491
Q9D154_S62___1,1.178,Yes,0.0001,0.0001
Q9D1A0_S10___1,0.6824,Yes,0.0002,0.0001
Q9D1C2_S20___1,0.204,No,0.2247,0.2297
Q9D1C2_S22___1,0.171,No,0.2826,0.314
Q9D1C9_S99___1,0.314,No,0.0832,0.0645
Q9D1E6_S110___1,1.073,Yes,0.0001,0.0001
Q9D1F4_S203___1,-2.535,Yes,0.0001,0.0001
Q9D1F4_S204___1,-2.535,Yes,0.0001,0.0001
Q9D1F4_S213___1,0.03913,No,0.5561,0.8178
Q9D1F4_S184___1,4.143,Yes,0.0001,0.0001
Q9D1F5_S140___1,1.399,Yes,0.0001,0.0001
Q9D1G1_S179___1,0.686,Yes,0.0002,0.0001
Q9D1H0_S10___1,0.1921,No,0.2451,0.2581
Q9D1J3_S163___1,0.06411,No,0.5066,0.7058
Q9D1L0_S45___1,1.514,Yes,0.0001,0.0001
Q9D1M0_S309___1,-0.6005,Yes,0.0011,0.0004
Q9D1M0_S313___1,0.5851,Yes,0.0015,0.0006
Q9D1Q1_S111___1,-0.05783,No,0.5195,0.7335
Q9D1R2_S157___1,-0.1288,No,0.3668,0.4482
Q9D1R9_S12___1,-0.19,No,0.2488,0.2632
Q9D219_S62___1,0.09852,No,0.4316,0.5619
Q9D219_S686___1,-0.06063,No,0.5138,0.7211
Q9D240_S146___1,0.05601,No,0.5229,0.7416
Q9D281_S362___1,-0.04412,No,0.5467,0.795
Q9D2C2_S376___1,0.3604,Yes,0.0491,0.0339
Q9D2D7_S433___1,0.2599,No,0.1415,0.126
Q9D2D7_S1107___1,0.4115,Yes,0.0257,0.0154
Q9D2D7_S104___1,-0.08744,No,0.4565,0.6067
Q9D2D7_S1118___1,-0.266,No,0.1336,0.1173
Q9D2E2_S5___1,-0.2612,No,0.1395,0.1241
Q9D2E2_S288___1,0.3137,No,0.0834,0.0648
Q9D2E2_S349___1,0.1247,No,0.3749,0.463
Q9D2Q3_S423___1,0.4709,Yes,0.0108,0.0056
Q9D2U5_S22___1,0.7478,Yes,0.0001,0.0001
Q9D2U5_S29___1,0.2106,No,0.2133,0.215
Q9D2V7_S912___1,0.5432,Yes,0.0033,0.0014
Q9D379_S73___1,0.3774,Yes,0.0399,0.0263
Q9D3A8_S367___1,0.01261,No,0.6115,0.9408
Q9D3E6_S1062___1,-0.4066,Yes,0.0275,0.0167
Q9D3S3_S268___1,0.5699,Yes,0.002,0.0008
Q9D3S3_S291___1,0.4367,Yes,0.018,0.0101
Q9D3S3_S815___1,0.2461,No,0.1598,0.1474
Q9D3U0_S82___1,-0.6322,Yes,0.0006,0.0002
Q9D3X5_S47___1,0.01745,No,0.6017,0.9182
Q9D479_S291___1,-0.1574,No,0.3093,0.3542
Q9D479_S403___1,-0.3883,Yes,0.0349,0.0222
Q9D4C5_S264___1,-0.2236,No,0.1927,0.1881
Q9D4C5_S165___1,-0.4801,Yes,0.0094,0.0047
Q9D4F2_S67___1,-0.2909,No,0.1055,0.0868
Q9D4H1_S431___1,-0.3313,No,0.0687,0.0511
Q9D4H1_S432___1,-0.4965,Yes,0.0072,0.0035
Q9D4J7_S155___1,0.2723,No,0.1262,0.1089
Q9D554_S367___1,1.433,Yes,0.0001,0.0001
Q9D5D8_S111___1,0.2154,No,0.2055,0.2046
Q9D5R2_S432___1,-0.4735,Yes,0.0104,0.0053
Q9D5T0_S317___1,0.229,No,0.1846,0.1775
Q9D5T0_S319___1,0.5684,Yes,0.0021,0.0008
Q9D5T0_S322___1,-0.023,No,0.5902,0.8923
Q9D600_S182___1,-0.3789,Yes,0.0392,0.0257
Q9D620_S204___1,0.9679,Yes,0.0001,0.0001
Q9D620_S340___1,0.3646,Yes,0.0467,0.0318
Q9D620_S346___1,0.4937,Yes,0.0076,0.0037
Q9D620_S358___1,0.7165,Yes,0.0001,0.0001
Q9D620_S158___1,-0.1657,No,0.2928,0.3292
Q9D620_S236___1,0.6006,Yes,0.0011,0.0004
Q9D6J3_S211___1,0.07238,No,0.4895,0.67
Q9D6J3_S213___1,-0.03689,No,0.5606,0.8281
Q9D6U8_S132___1,-0.1516,No,0.3204,0.372
Q9D6W8_S173___1,0.1793,No,0.2678,0.2911
Q9D6W8_S130___1,0.06083,No,0.5133,0.7202
Q9D6W8_S43___1,0.127,No,0.3702,0.4545
Q9D6Z1_S513___1,-0.3421,No,0.0608,0.044
Q9D6Z1_S536___1,-0.4252,Yes,0.0212,0.0123
Q9D6Z1_S543___1,-0.4573,Yes,0.0133,0.0071
Q9D6Z1_S554___1,-0.13,No,0.3647,0.4441
Q9D6Z1_S466___1,0.04293,No,0.5489,0.8005
Q9D706_S429___1,0.2776,No,0.12,0.1022
Q9D727_S102___1,0.5544,Yes,0.0027,0.0011
Q9D772_S36___1,0.1204,No,0.384,0.4785
Q9D772_S44___1,0.2841,No,0.1125,0.0944
Q9D7P6_S15___1,0.6847,Yes,0.0002,0.0001
Q9D7P6_S30___1,0.2639,No,0.1362,0.1203
Q9D7V2_S24___1,0.01062,No,0.6151,0.9501
Q9D7W5_S82___1,-0.0273,No,0.5822,0.8723
Q9D824_S280___1,-0.2714,No,0.1273,0.1101
Q9D824_S479___1,-0.2512,No,0.1525,0.1391
Q9D824_S487___1,-0.1292,No,0.3663,0.447
Q9D824_S566___1,-0.1034,No,0.4211,0.5426
Q9D842_S149___1,-0.2148,No,0.2066,0.206
Q9D883_S61___1,0.08545,No,0.4608,0.6149
Q9D898_S64___1,0.3331,No,0.0673,0.0499
Q9D8B7_S297___1,0.2617,No,0.1388,0.1234
Q9D8C8_S53___1,0.05028,No,0.5336,0.7672
Q9D8E6_S295___1,1.129,Yes,0.0001,0.0001
Q9D8M3_S141___1,1.284,Yes,0.0001,0.0001
Q9D8M4_S230___1,0.3288,No,0.0706,0.0529
Q9D8N6_S135___1,-0.3565,No,0.0514,0.0358
Q9D8N6_S138___1,-0.4019,Yes,0.0292,0.018
Q9D8S3_S331___1,-0.01454,No,0.6073,0.9318
Q9D8S4_S237___1,0.01526,No,0.6058,0.9284
Q9D8T7_S105___1,-0.5411,Yes,0.0034,0.0014
Q9D8X2_S117___1,0.2009,No,0.2297,0.2368
Q9D8X2_S136___1,0.6858,Yes,0.0002,0.0001
Q9D8Y0_S74___1,0.7257,Yes,0.0001,0.0001
Q9D902_S31___1,1.053,Yes,0.0001,0.0001
Q9D920_S75___1,0.509,Yes,0.0059,0.0027
Q9D924_S73___1,0.4243,Yes,0.0215,0.0125
Q9D937_S123___1,-0.1657,No,0.2929,0.3294
Q9D9K3_S82___1,0.3739,Yes,0.0416,0.0277
Q9D9Z5_S33___1,-0.06978,No,0.4946,0.6812
Q9D9Z5_S95___1,-0.4479,Yes,0.0152,0.0084
Q9DA19_S202___1,-0.4785,Yes,0.0096,0.0048
Q9DAK3_S219___1,-0.2412,No,0.1666,0.1556
Q9DAR7_S100___1,0.1086,No,0.4096,0.5226
Q9DAS9_S26___1,-0.2832,No,0.1135,0.0954
Q9DAS9_S2___1,-0.369,Yes,0.0443,0.0298
Q9DAS9_S7___1,-0.4344,Yes,0.0186,0.0105
Q9DAS9_S10___1,-0.4465,Yes,0.0156,0.0086
Q9DAT2_S195___1,0.4354,Yes,0.0184,0.0104
Q9DAU9_S566___1,0.2003,No,0.2308,0.2383
Q9DAW9_S254___1,-0.3931,Yes,0.0328,0.0207
Q9DAZ5_S96___1,0.09087,No,0.449,0.5926
Q9DAZ9_S280___1,-0.4248,Yes,0.0213,0.0124
Q9DB00_S2074___1,0.07503,No,0.4838,0.6587
Q9DB28_S157___1,-0.2797,No,0.1175,0.0996
Q9DB28_S159___1,-0.3965,Yes,0.0313,0.0196
Q9DB42_S133___1,0.8785,Yes,0.0001,0.0001
Q9DB52_S73___1,-0.715,Yes,0.0001,0.0001
Q9DB52_S144___1,-0.004468,No,0.6273,0.979
Q9DB52_S59___1,-0.5904,Yes,0.0014,0.0005
Q9DB52_S34___1,-0.3904,Yes,0.034,0.0215
Q9DB52_S186___1,-1.101,Yes,0.0001,0.0001
Q9DB52_S267___1,-0.2969,No,0.0994,0.0805
Q9DB70_S13___1,0.3293,No,0.0702,0.0525
Q9DB85_S64___1,-0.8821,Yes,0.0001,0.0001
Q9DB85_S103___1,-0.05623,No,0.5225,0.7406
Q9DB85_S107___1,-0.07264,No,0.489,0.6689
Q9DB85_S177___1,0.1589,No,0.3062,0.3494
Q9DB90_S53___1,0.04676,No,0.5414,0.7831
Q9DB90_S32___1,-0.848,Yes,0.0001,0.0001
Q9DB96_S149___1,-1.136,Yes,0.0001,0.0001
Q9DBC7_S83___1,0.3829,Yes,0.0373,0.0242
Q9DBC7_S77___1,0.3296,No,0.0701,0.0523
Q9DBD5_S482___1,-0.7142,Yes,0.0001,0.0001
Q9DBD5_S51___1,-0.6268,Yes,0.0007,0.0002
Q9DBE9_S679___1,2.427,Yes,0.0001,0.0001
Q9DBG3_S4___1,0.901,Yes,0.0001,0.0001
Q9DBH0_S211___1,-0.0256,No,0.5856,0.8802
Q9DBI2_S709___1,-0.1432,No,0.3374,0.399
Q9DBJ1_S31___1,0.03395,No,0.567,0.8416
Q9DBJ1_S14___1,0.09778,No,0.4332,0.5648
Q9DBJ1_S118___1,-0.07492,No,0.484,0.6592
Q9DBJ3_S413___1,-0.2371,No,0.1722,0.1627
Q9DBJ3_S281___1,-0.2561,No,0.1463,0.1316
Q9DBJ3_S332___1,0.2723,No,0.1262,0.1089
Q9DBJ6_S15___1,-0.1344,No,0.3557,0.4288
Q9DBN9_S150___1,-0.6287,Yes,0.0006,0.0002
Q9DBR2_S99___1,-0.05997,No,0.5153,0.724
Q9DBR2_S130___1,-0.275,No,0.123,0.1055
Q9DBR2_S405___1,0.2106,No,0.2134,0.2151
Q9DBR4_S718___1,0.08348,No,0.4656,0.6231
Q9DBR4_S409___1,-0.0249,No,0.587,0.8835
Q9DBR4_S412___1,0.6184,Yes,0.0008,0.0003
Q9DBR4_S393___1,0.07234,No,0.4895,0.6702
Q9DBR7_S299___1,-0.5595,Yes,0.0025,0.001
Q9DBR7_S902___1,-0.425,Yes,0.0213,0.0123
Q9DBR7_S445___1,-0.6154,Yes,0.0008,0.0003
Q9DBR7_S507___1,-0.5105,Yes,0.0058,0.0027
Q9DBR7_S994___1,-0.1555,No,0.3132,0.3601
Q9DBR7_S861___1,-0.5427,Yes,0.0033,0.0014
Q9DBR7_S870___1,-0.3746,Yes,0.0413,0.0274
Q9DBR7_S909___1,-0.3711,Yes,0.0432,0.0289
Q9DBS5_S611___1,-0.1769,No,0.272,0.2978
Q9DBS5_S590___1,-0.1114,No,0.4035,0.5119
Q9DBS5_S565___1,0.2383,No,0.1706,0.1606
Q9DBS5_S566___1,-0.1557,No,0.3126,0.3592
Q9DBS9_S405___1,-0.07907,No,0.4749,0.6415
Q9DBS9_S272___1,-0.06214,No,0.5107,0.7145
Q9DBS9_S33___1,0.4954,Yes,0.0074,0.0035
Q9DBS9_S250___1,0.1149,No,0.396,0.4986
Q9DBT3_S212___1,0.4471,Yes,0.0154,0.0085
Q9DBT5_S37___1,0.4311,Yes,0.0195,0.0112
Q9DBT5_S87___1,0.1971,No,0.2363,0.2459
Q9DBT5_S12___1,0.8891,Yes,0.0001,0.0001
Q9DBU0_S194___1,-0.1207,No,0.3833,0.4773
Q9DBU0_S275___1,0.9521,Yes,0.0001,0.0001
Q9DBU3_S512___1,0.221,No,0.1968,0.1931
Q9DBU5_S559___1,0.2309,No,0.1816,0.174
Q9DBU5_S182___1,0.03797,No,0.5583,0.8231
Q9DBU5_S183___1,0.1527,No,0.3183,0.3688
Q9DBU5_S211___1,0.1082,No,0.4102,0.524
Q9DBU6_S331___1,0.2698,No,0.1291,0.1122
Q9DBV4_S423___1,0.3819,Yes,0.0378,0.0245
Q9DBV4_S227___1,0.03042,No,0.575,0.8579
Q9DBX6_S500___1,1.36,Yes,0.0001,0.0001
Q9DBY1_S608___1,1.579,Yes,0.0001,0.0001
Q9DBY4_S796___1,-0.193,No,0.2434,0.2559
Q9DBY8_S190___1,0.2153,No,0.2057,0.2049
Q9DBZ5_S217___1,0.8398,Yes,0.0001,0.0001
Q9DBZ9_S683___1,-0.7694,Yes,0.0001,0.0001
Q9DBZ9_S647___1,-0.3395,No,0.0627,0.0457
Q9DBZ9_S235___1,-0.2696,No,0.1293,0.1125
Q9DBZ9_S60___1,-0.7285,Yes,0.0001,0.0001
Q9DBZ9_S66___1,-0.01978,No,0.5972,0.9073
Q9DC11_S507___1,0.5849,Yes,0.0015,0.0006
Q9DC22_S866___1,0.09327,No,0.4437,0.5829
Q9DC22_S336___1,-0.02226,No,0.5917,0.8957
Q9DC22_S584___1,0.08394,No,0.4646,0.6212
Q9DC33_S104___1,-0.01,No,0.6165,0.953
Q9DC37_S20___1,-0.2827,No,0.1141,0.0961
Q9DC40_S837___1,0.006845,No,0.623,0.9679
Q9DCB1_S93___1,-0.911,Yes,0.0001,0.0001
Q9DCC8_S138___1,0.09996,No,0.4286,0.5562
Q9DCD5_S513___1,-0.3129,No,0.084,0.0654
Q9DCD5_S527___1,-0.124,No,0.3762,0.4655
Q9DCD5_S214___1,-0.01147,No,0.6136,0.9462
Q9DCH4_S262___1,0.03881,No,0.5567,0.8193
Q9DCI3_S193___1,0.4488,Yes,0.015,0.0082
Q9DCL4_S358___1,0.54,Yes,0.0035,0.0015
Q9DCL8_S122___1,-0.7142,Yes,0.0001,0.0001
Q9DCL8_S123___1,-0.6654,Yes,0.0003,0.0001
Q9DCL8_S88___1,-0.9919,Yes,0.0001,0.0001
Q9DCL8_S23___1,-0.3154,No,0.082,0.0634
Q9DCM0_S14___1,-0.3741,Yes,0.0416,0.0276
Q9DCT6_S96___1,0.7652,Yes,0.0001,0.0001
Q9DD18_S205___1,-0.3029,No,0.0935,0.0745
Q9EP71_S318___1,-0.4851,Yes,0.0087,0.0043
Q9EP71_S286___1,-0.3217,No,0.0766,0.0582
Q9EP71_S424___1,1.532,Yes,0.0001,0.0001
Q9EP71_S516___1,0.3,No,0.0963,0.0774
Q9EP71_S341___1,-0.2813,No,0.1157,0.0976
Q9EP71_S438___1,1.549,Yes,0.0001,0.0001
Q9EP71_S914___1,-0.4578,Yes,0.0132,0.007
Q9EP82_S392___1,-0.5718,Yes,0.002,0.0008
Q9EP82_S397___1,-0.1706,No,0.2833,0.3151
Q9EP97_S182___1,0.06865,No,0.4971,0.6861
Q9EP97_S163___1,-0.312,No,0.0848,0.0662
Q9EPA7_S137___1,1.302,Yes,0.0001,0.0001
Q9EPB5_S210___1,0.5178,Yes,0.0051,0.0023
Q9EPC1_S4___1,0.5178,Yes,0.0051,0.0023
Q9EPC1_S8___1,-1.005,Yes,0.0001,0.0001
Q9EPC1_S19___1,-0.4438,Yes,0.0162,0.009
Q9EPE9_S896___1,1.089,Yes,0.0001,0.0001
Q9EPE9_S900___1,1.203,Yes,0.0001,0.0001
Q9EPK5_S291___1,0.5536,Yes,0.0027,0.0011
Q9EPM5_S32___1,-0.4015,Yes,0.0293,0.0181
Q9EPM5_S314___1,-0.3946,Yes,0.0321,0.0202
Q9EPR4_S81___1,-0.5742,Yes,0.0019,0.0007
Q9EPS3_S73___1,-0.05444,No,0.5256,0.7486
Q9EPT5_S640___1,-0.4403,Yes,0.0171,0.0095
Q9EPU4_S764___1,-0.2958,No,0.1004,0.0816
Q9EPZ6_S8___1,-0.9735,Yes,0.0001,0.0001
Q9EQ28_S306___1,0.3771,Yes,0.0401,0.0264
Q9EQG3_S264___1,0.3826,Yes,0.0374,0.0243
Q9EQG3_S287___1,0.3356,No,0.0655,0.0482
Q9EQG3_S526___1,-0.07244,No,0.4894,0.6697
Q9EQG3_S171___1,-0.2275,No,0.1869,0.1805
Q9EQG3_S343___1,0.2366,No,0.173,0.1636
Q9EQG3_S67___1,-0.006341,No,0.6238,0.9702
Q9EQG3_S90___1,0.6265,Yes,0.0007,0.0002
Q9EQG9_S132___1,0.2724,No,0.1261,0.1087
Q9EQH3_S7___1,0.2422,No,0.1651,0.1538
Q9EQJ9_S1321___1,0.2119,No,0.2112,0.2123
Q9EQJ9_S1444___1,0.415,Yes,0.0245,0.0145
Q9EQJ9_S833___1,-0.1027,No,0.4227,0.5455
Q9EQJ9_S954___1,-0.1771,No,0.2716,0.297
Q9EQJ9_S702___1,-0.06463,No,0.5055,0.7036
Q9EQJ9_S610___1,0.2158,No,0.2049,0.2039
Q9EQM6_S377___1,1.252,Yes,0.0001,0.0001
Q9EQM6_S95___1,0.9959,Yes,0.0001,0.0001
Q9EQN3_S189___1,0.05941,No,0.5163,0.7265
Q9EQN3_S62___1,-0.3886,Yes,0.0348,0.0222
Q9EQN9_S492___1,0.2921,No,0.1044,0.0855
Q9EQP2_S15___1,0.5246,Yes,0.0045,0.002
Q9EQQ2_S45___1,1.239,Yes,0.0001,0.0001
Q9EQS9_S1238___1,-0.5926,Yes,0.0013,0.0005
Q9EQU5_S160___1,-0.6813,Yes,0.0002,0.0001
Q9EQU5_S30___1,-0.1725,No,0.2799,0.3098
Q9EQW7_S1633___1,0.4531,Yes,0.0142,0.0076
Q9EQW7_S1481___1,0.2435,No,0.1636,0.1517
Q9EQW7_S636___1,1.278,Yes,0.0001,0.0001
Q9ER64_S67___1,0.1916,No,0.2461,0.2594
Q9ER64_S311___1,-0.371,Yes,0.0432,0.0289
Q9ER64_S746___1,0.1531,No,0.3177,0.3674
Q9ER64_S327___1,0.1678,No,0.2886,0.3231
Q9ER64_S332___1,0.2856,No,0.1109,0.0927
Q9ER64_S82___1,-0.1472,No,0.3291,0.3861
Q9ER64_S88___1,0.5148,Yes,0.0054,0.0024
Q9ER64_S12___1,0.07328,No,0.4876,0.6662
Q9ER69_S297___1,0.1598,No,0.3044,0.3466
Q9ER69_S256___1,0.8511,Yes,0.0001,0.0001
Q9ER71_S9___1,-0.6151,Yes,0.0008,0.0003
Q9ER72_S390___1,0.2528,No,0.1505,0.1367
Q9ER72_S102___1,-0.1047,No,0.4184,0.5374
Q9ER80_S188___1,0.2658,No,0.1338,0.1175
Q9ER80_S179___1,-0.1809,No,0.2652,0.2869
Q9ER80_S181___1,0.01705,No,0.6025,0.92
Q9ERA6_S60___1,-0.1402,No,0.3437,0.4091
Q9ERA6_S211___1,-0.1842,No,0.2592,0.2782
Q9ERE8_S5___1,-0.8364,Yes,0.0001,0.0001
Q9ERG0_S607___1,-0.8195,Yes,0.0001,0.0001
Q9ERG0_S615___1,0.4205,Yes,0.0227,0.0133
Q9ERG0_S720___1,0.1669,No,0.2904,0.3258
Q9ERG0_S735___1,-0.0673,No,0.4994,0.692
Q9ERG0_S132___1,-0.5964,Yes,0.0012,0.0004
Q9ERG0_S211___1,-0.3697,Yes,0.0439,0.0295
Q9ERG0_S168___1,1.185,Yes,0.0001,0.0001
Q9ERG0_S485___1,0.7598,Yes,0.0001,0.0001
Q9ERG0_S488___1,-0.4708,Yes,0.0109,0.0056
Q9ERG0_S283___1,0.5253,Yes,0.0045,0.002
Q9ERG0_S15___1,-0.5554,Yes,0.0027,0.0011
Q9ERG0_S360___1,-0.02711,No,0.5825,0.8732
Q9ERG0_S594___1,-0.52,Yes,0.0049,0.0022
Q9ERG0_S367___1,-0.002287,No,0.6307,0.9893
Q9ERG0_S372___1,0.887,Yes,0.0001,0.0001
Q9ERG2_S229___1,0.2087,No,0.2168,0.2192
Q9ERG2_S257___1,-0.1235,No,0.3772,0.4672
Q9ERG2_S202___1,-0.1986,No,0.2339,0.2423
Q9ERG2_S214___1,-0.3138,No,0.0832,0.0646
Q9ERU9_S2576___1,-0.0401,No,0.5543,0.8134
Q9ERU9_S2330___1,0.03388,No,0.5671,0.8419
Q9ERU9_S2729___1,-0.3962,Yes,0.0315,0.0197
Q9ERU9_S2505___1,-0.4456,Yes,0.0157,0.0087
Q9ERU9_S1605___1,0.04775,No,0.5391,0.7786
Q9ERU9_S2113___1,-0.02323,No,0.5896,0.8912
Q9ERU9_S2117___1,-0.1732,No,0.2787,0.3078
Q9ERU9_S796___1,-0.1722,No,0.2806,0.3108
Q9ERU9_S2036___1,0.4307,Yes,0.0196,0.0112
Q9ERU9_S21___1,0.8734,Yes,0.0001,0.0001
Q9ERV1_S139___1,0.2033,No,0.226,0.2314
Q9ES00_S238___1,0.7354,Yes,0.0001,0.0001
Q9ES00_S1136___1,0.538,Yes,0.0036,0.0015
Q9ES00_S124___1,0.09124,No,0.4483,0.5911
Q9ES00_S105___1,0.2716,No,0.127,0.1098
Q9ES00_S78___1,-0.9223,Yes,0.0001,0.0001
Q9ES00_S88___1,2.371,Yes,0.0001,0.0001
Q9ES00_S101___1,-0.08771,No,0.4558,0.6056
Q9ES03_S311___1,-0.09567,No,0.438,0.5733
Q9ES18_S46___1,-0.4701,Yes,0.011,0.0056
Q9ES18_S164___1,-0.7096,Yes,0.0001,0.0001
Q9ES18_S172___1,-0.1822,No,0.2628,0.2834
Q9ES74_S195___1,-1.009,Yes,0.0001,0.0001
Q9ES83_S323___1,-0.2666,No,0.1329,0.1165
Q9ESC8_S1055___1,-0.00988,No,0.6168,0.9536
Q9ESC8_S809___1,0.03053,No,0.5748,0.8574
Q9ESC8_S1040___1,-0.01297,No,0.6109,0.9391
Q9ESC8_S482___1,-0.1121,No,0.4021,0.5093
Q9ESJ0_S521___1,0.3959,Yes,0.0316,0.0198
Q9ESJ1_S252___1,-0.2371,No,0.1722,0.1627
Q9ESK9_S222___1,0.2307,No,0.1819,0.1744
Q9ESK9_S237___1,0.1483,No,0.327,0.3826
Q9ESK9_S261___1,0.2578,No,0.1442,0.1291
Q9ESK9_S257___1,0.2403,No,0.1678,0.1571
Q9ESK9_S643___1,-0.3827,Yes,0.0374,0.0242
Q9ESK9_S646___1,0.5322,Yes,0.004,0.0017
Q9ESK9_S652___1,0.5809,Yes,0.0017,0.0006
Q9ESL4_S691___1,0.5192,Yes,0.005,0.0022
Q9ESL4_S649___1,0.3607,Yes,0.0489,0.0337
Q9ESL4_S587___1,-0.01006,No,0.6165,0.9527
Q9ESL4_S593___1,0.3137,No,0.0834,0.0648
Q9ESL4_S638___1,-0.06849,No,0.4972,0.6868
Q9ESN6_S428___1,0.1686,No,0.2873,0.321
Q9EST3_S172___1,0.1301,No,0.3646,0.4439
Q9EST3_S586___1,0.06859,No,0.4971,0.6863
Q9EST3_S137___1,-0.5479,Yes,0.003,0.0013
Q9EST3_S352___1,0.4074,Yes,0.0272,0.0165
Q9EST3_S947___1,0.09866,No,0.4313,0.5613
Q9ESU6_S1153___1,0.1726,No,0.2798,0.3095
Q9ESU6_S1054___1,-0.1762,No,0.2731,0.2996
Q9ESU6_S471___1,-0.03331,No,0.5683,0.8445
Q9ESU6_S602___1,-0.1633,No,0.2975,0.3362
Q9ESV0_S80___1,0.8076,Yes,0.0001,0.0001
Q9ESV0_S92___1,2.246,Yes,0.0001,0.0001
Q9ESV0_S288___1,1.718,Yes,0.0001,0.0001
Q9ESW4_S284___1,-0.02321,No,0.5896,0.8913
Q9ESX5_S481___1,0.213,No,0.2095,0.2099
Q9ESX5_S508___1,-0.3106,No,0.0861,0.0675
Q9ET43_S231___1,-0.2402,No,0.1679,0.1572
Q9ET78_S462___1,-0.4174,Yes,0.0237,0.014
Q9ET78_S593___1,-0.6047,Yes,0.001,0.0004
Q9ET78_S597___1,-0.781,Yes,0.0001,0.0001
Q9ET78_S162___1,-0.3832,Yes,0.0372,0.0241
Q9ET80_S216___1,-0.707,Yes,0.0001,0.0001
Q9ET80_S162___1,-0.5236,Yes,0.0046,0.0021
Q9JHD1_S393___1,-0.03657,No,0.5614,0.8295
Q9JHE7_S316___1,-0.05905,No,0.5171,0.7281
Q9JHE7_S57___1,-0.7101,Yes,0.0001,0.0001
Q9JHI2_S191___1,-0.009165,No,0.6181,0.957
Q9JHJ0_S300___1,-0.5989,Yes,0.0012,0.0004
Q9JHS3_S125___1,1.486,Yes,0.0001,0.0001
Q9JHS4_S618___1,0.9741,Yes,0.0001,0.0001
Q9JHU2_S278___1,-0.4192,Yes,0.0231,0.0136
Q9JHU2_S349___1,-0.3746,Yes,0.0413,0.0274
Q9JHU2_S364___1,0.1006,No,0.4274,0.5536
Q9JHU2_S370___1,-0.3414,No,0.0612,0.0444
Q9JHU4_S4366___1,1.954,Yes,0.0001,0.0001
Q9JHU4_S2382___1,-0.1286,No,0.3672,0.449
Q9JHU4_S1228___1,0.2226,No,0.1943,0.19
Q9JHU9_S524___1,0.7714,Yes,0.0001,0.0001
Q9JI10_S316___1,-0.1604,No,0.3036,0.3451
Q9JI11_S320___1,-0.262,No,0.1385,0.123
Q9JI11_S418___1,-0.6951,Yes,0.0002,0.0001
Q9JI99_S65___1,1.638,Yes,0.0001,0.0001
Q9JI99_S101___1,0.5959,Yes,0.0012,0.0005
Q9JIA7_S379___1,0.191,No,0.2471,0.2608
Q9JIA7_S358___1,0.064,No,0.5068,0.7063
Q9JID9_S303___1,-1.006,Yes,0.0001,0.0001
Q9JID9_S106___1,-1.215,Yes,0.0001,0.0001
Q9JIG4_S545___1,-0.112,No,0.4022,0.5095
Q9JIG4_S519___1,-0.03794,No,0.5583,0.8232
Q9JIG4_S628___1,0.1318,No,0.3608,0.4376
Q9JIG7_S237___1,0.2103,No,0.2138,0.2157
Q9JII1_S236___1,-0.61,Yes,0.0009,0.0003
Q9JII1_S103___1,-0.5887,Yes,0.0014,0.0005
Q9JII1_S89___1,-0.649,Yes,0.0004,0.0001
Q9JIK5_S118___1,1.063,Yes,0.0001,0.0001
Q9JIK5_S155___1,1.449,Yes,0.0001,0.0001
Q9JIK5_S192___1,1.47,Yes,0.0001,0.0001
Q9JIK5_S243___1,0.6322,Yes,0.0006,0.0002
Q9JIL5_S1347___1,-0.7604,Yes,0.0001,0.0001
Q9JIL5_S1378___1,-0.6964,Yes,0.0001,0.0001
Q9JIM3_S865___1,-0.216,No,0.2046,0.2035
Q9JIS8_S47___1,0.598,Yes,0.0012,0.0004
Q9JIS8_S967___1,0.8348,Yes,0.0001,0.0001
Q9JIS8_S104___1,0.4975,Yes,0.0071,0.0034
Q9JIY0_S238___1,0.07981,No,0.4733,0.6385
Q9JJ00_S324___1,-0.6754,Yes,0.0002,0.0001
Q9JJ78_S58___1,2.084,Yes,0.0001,0.0001
Q9JJ89_S18___1,0.06336,No,0.5083,0.7091
Q9JJ89_S283___1,0.9908,Yes,0.0001,0.0001
Q9JJA7_S366___1,0.1872,No,0.2537,0.2703
Q9JJA7_S328___1,-0.006637,No,0.6234,0.9688
Q9JJA9_S384___1,0.8716,Yes,0.0001,0.0001
Q9JJA9_S93___1,0.311,No,0.0858,0.0671
Q9JJC6_S259___1,0.3086,No,0.088,0.0693
Q9JJC6_S349___1,-0.1624,No,0.2992,0.339
Q9JJC9_S90___1,0.419,Yes,0.0231,0.0136
Q9JJF9_S507___1,0.6499,Yes,0.0004,0.0001
Q9JJQ0_S29___1,-0.1431,No,0.3376,0.3996
Q9JJR5_S41___1,-0.0004761,No,0.6346,0.9978
Q9JJY3_S202___1,-1.162,Yes,0.0001,0.0001
Q9JJY3_S287___1,-0.28,No,0.1171,0.0992
Q9JJY3_S289___1,-0.5619,Yes,0.0024,0.0009
Q9JJY3_S292___1,-0.6133,Yes,0.0009,0.0003
Q9JJY3_S299___1,-0.5014,Yes,0.0067,0.0032
Q9JJY3_S220___1,-0.2536,No,0.1494,0.1355
Q9JJY3_S263___1,0.6001,Yes,0.0011,0.0004
Q9JJY3_S173___1,-0.3538,No,0.0531,0.0373
Q9JJY3_S178___1,0.03969,No,0.5551,0.8152
Q9JJY3_S186___1,0.1454,No,0.3327,0.3918
Q9JJY3_S326___1,-0.3901,Yes,0.0341,0.0216
Q9JJY4_S569___1,0.4825,Yes,0.009,0.0045
Q9JJY4_S496___1,0.9297,Yes,0.0001,0.0001
Q9JJZ4_S266___1,0.4524,Yes,0.0143,0.0077
Q9JJZ4_S251___1,0.6333,Yes,0.0006,0.0002
Q9JJZ4_S184___1,0.7959,Yes,0.0001,0.0001
Q9JJZ6_S280___1,-0.2241,No,0.192,0.187
Q9JJZ6_S163___1,0.004195,No,0.6277,0.9803
Q9JK81_S283___1,-0.5217,Yes,0.0048,0.0021
Q9JK91_S481___1,0.5892,Yes,0.0014,0.0005
Q9JK92_S87___1,0.2154,No,0.2056,0.2048
Q9JKB3_S359___1,-0.5461,Yes,0.0031,0.0013
Q9JKB3_S195___1,0.3701,Yes,0.0437,0.0293
Q9JKB3_S328___1,0.2501,No,0.154,0.141
Q9JKB3_S335___1,0.5392,Yes,0.0035,0.0015
Q9JKF1_S482___1,-0.3625,Yes,0.0479,0.0328
Q9JKF6_S421___1,-0.6965,Yes,0.0001,0.0001
Q9JKK8_S431___1,0.8622,Yes,0.0001,0.0001
Q9JKP8_S122___1,0.526,Yes,0.0044,0.002
Q9JKQ4_S273___1,-0.1327,No,0.359,0.4346
Q9JKS5_S108___1,0.4818,Yes,0.0092,0.0046
Q9JKV1_S224___1,-0.3246,No,0.0741,0.056
Q9JKX6_S10___1,0.3959,Yes,0.0316,0.0198
Q9JL06_S331___1,-0.4773,Yes,0.0098,0.005
Q9JL61_S535___1,0.3697,Yes,0.0439,0.0295
Q9JL61_S538___1,0.07024,No,0.4936,0.6792
Q9JLB2_S84___1,-0.1216,No,0.3815,0.4741
Q9JLB9_S465___1,0.1634,No,0.2975,0.3362
Q9JLC8_S4266___1,-0.2284,No,0.1854,0.1786
Q9JLG8_S311___1,-0.1391,No,0.3459,0.4129
Q9JLL0_S162___1,0.07765,No,0.478,0.6476
Q9JLM8_S736___1,-0.1295,No,0.3656,0.4458
Q9JLM8_S742___1,0.1277,No,0.3688,0.4521
Q9JLM8_S754___1,0.3797,Yes,0.0388,0.0254
Q9JLM8_S307___1,0.1095,No,0.4077,0.5192
Q9JLM8_S337___1,0.7545,Yes,0.0001,0.0001
Q9JLM9_S364___1,0.9131,Yes,0.0001,0.0001
Q9JLN9_S2448___1,0.4798,Yes,0.0094,0.0047
Q9JLN9_S2454___1,0.9009,Yes,0.0001,0.0001
Q9JLQ0_S580___1,0.04404,No,0.5468,0.7954
Q9JLQ0_S404___1,0.8439,Yes,0.0001,0.0001
Q9JLQ0_S510___1,0.3456,No,0.0582,0.0419
Q9JLQ0_S458___1,0.0519,No,0.5304,0.76
Q9JLQ2_S617___1,-0.6007,Yes,0.0011,0.0004
Q9JLQ2_S535___1,0.2817,No,0.1152,0.0972
Q9JLQ2_S707___1,-0.4288,Yes,0.0201,0.0116
Q9JLQ2_S359___1,-0.2513,No,0.1523,0.1389
Q9JLQ2_S508___1,-0.3752,Yes,0.041,0.0272
Q9JLV1_S404___1,0.7723,Yes,0.0001,0.0001
Q9JLV1_S270___1,-0.1026,No,0.4227,0.5457
Q9JLV1_S274___1,0.6081,Yes,0.001,0.0003
Q9JLV1_S297___1,0.6532,Yes,0.0004,0.0001
Q9JLV1_S179___1,0.1251,No,0.374,0.4614
Q9JLV1_S138___1,0.291,No,0.1055,0.0867
Q9JLV1_S380___1,-0.7166,Yes,0.0001,0.0001
Q9JLV1_S382___1,-0.7166,Yes,0.0001,0.0001
Q9JLV1_S390___1,2.046,Yes,0.0001,0.0001
Q9JLV6_S143___1,0.2308,No,0.1818,0.1743
Q9JLY0_S159___1,-0.5759,Yes,0.0018,0.0007
Q9JLY0_S189___1,-0.5576,Yes,0.0026,0.001
Q9JM13_S390___1,0.6054,Yes,0.001,0.0004
Q9JM13_S132___1,0.1436,No,0.3366,0.3979
Q9JM14_S184___1,0.2715,No,0.1272,0.11
Q9JM73_S220___1,-0.1394,No,0.3454,0.4119
Q9JM93_S140___1,0.5899,Yes,0.0014,0.0005
Q9JM96_S64___1,-0.9186,Yes,0.0001,0.0001
Q9JM96_S70___1,0.3195,No,0.0784,0.06
Q9JM96_S75___1,0.1315,No,0.3616,0.4387
Q9JM96_S107___1,-0.1815,No,0.2641,0.2853
Q9JM96_S315___1,-0.6013,Yes,0.0011,0.0004
Q9JM96_S116___1,-0.3519,No,0.0542,0.0383
Q9JM96_S11___1,0.1544,No,0.3151,0.3633
Q9JM96_S14___1,-0.2045,No,0.224,0.2287
Q9JM96_S18___1,-0.6355,Yes,0.0006,0.0002
Q9JMA2_S6___1,-0.07118,No,0.492,0.6752
Q9JMB0_S155___1,0.9782,Yes,0.0001,0.0001
Q9JMD1_S764___1,0.5758,Yes,0.0018,0.0007
Q9JMD3_S284___1,-0.1573,No,0.3094,0.3544
Q9JMG1_S53___1,1.231,Yes,0.0001,0.0001
Q9JMH9_S983___1,-0.2106,No,0.2133,0.215
Q9JMH9_S2037___1,-0.0783,No,0.4766,0.6448
Q9JMH9_S2039___1,-0.005398,No,0.6256,0.9746
Q9JMH9_S52___1,-0.2272,No,0.1872,0.181
Q9JMH9_S1938___1,0.3624,Yes,0.048,0.0329
Q9JMH9_S1966___1,-0.06432,No,0.5062,0.7049
Q9JMH9_S35___1,-0.4804,Yes,0.0093,0.0047
Q9JMH9_S132___1,-0.2894,No,0.1071,0.0884
Q9JMH9_S140___1,-0.4625,Yes,0.0123,0.0065
Q9JMH9_S234___1,-0.127,No,0.3703,0.4548
Q9JMH9_S728___1,-0.1914,No,0.2464,0.2599
Q9JMK2_S363___1,-0.4196,Yes,0.023,0.0135
Q9JMK2_S323___1,0.2682,No,0.1309,0.1143
Q9QUR6_S667___1,0.09963,No,0.4293,0.5575
Q9QUS6_S116___1,-1.293,Yes,0.0001,0.0001
Q9QVP9_S375___1,0.1127,No,0.4011,0.507
Q9QWF0_S294___1,0.5387,Yes,0.0036,0.0015
Q9QWT9_S492___1,-0.04009,No,0.5543,0.8134
Q9QX47_S1807___1,0.5351,Yes,0.0038,0.0016
Q9QX47_S94___1,0.06532,No,0.5038,0.7006
Q9QX47_S1723___1,0.1731,No,0.2789,0.3081
Q9QX47_S2049___1,-0.1005,No,0.4275,0.5539
Q9QX47_S1794___1,0.2828,No,0.114,0.0959
Q9QX96_S803___1,0.7518,Yes,0.0001,0.0001
Q9QXA7_S341___1,0.2407,No,0.1671,0.1564
Q9QXD8_S413___1,-0.2321,No,0.1799,0.1719
Q9QXD8_S659___1,-1.348,Yes,0.0001,0.0001
Q9QXD8_S308___1,-0.4997,Yes,0.0069,0.0033
Q9QXE2_S175___1,-0.3721,Yes,0.0427,0.0285
Q9QXE2_S167___1,-0.3263,No,0.0726,0.0547
Q9QXG4_S30___1,-0.02718,No,0.5824,0.8729
Q9QXK2_S99___1,0.684,Yes,0.0002,0.0001
Q9QXK7_S659___1,-0.3706,Yes,0.0434,0.0291
Q9QXL1_S1150___1,0.8035,Yes,0.0001,0.0001
Q9QXL2_S1660___1,0.4364,Yes,0.0181,0.0102
Q9QXL2_S855___1,0.4004,Yes,0.0298,0.0184
Q9QXM0_S415___1,0.8469,Yes,0.0001,0.0001
Q9QXM1_S75___1,-0.6369,Yes,0.0005,0.0002
Q9QXM1_S134___1,-0.2379,No,0.1711,0.1613
Q9QXM1_S969___1,-0.1954,No,0.2394,0.25
Q9QXM1_S108___1,-0.3648,Yes,0.0466,0.0317
Q9QXQ1_S426___1,0.4138,Yes,0.0249,0.0148
Q9QXQ1_S45___1,0.04962,No,0.535,0.7702
Q9QXT1_S276___1,-0.05421,No,0.526,0.7496
Q9QXV1_S110___1,0.4295,Yes,0.0199,0.0115
Q9QXV1_S284___1,-0.4109,Yes,0.026,0.0156
Q9QXV1_S229___1,0.6231,Yes,0.0007,0.0002
Q9QXV9_S50___1,-0.2517,No,0.152,0.1384
Q9QXZ0_S4483___1,0.2506,No,0.1533,0.1401
Q9QXZ0_S1367___1,0.2961,No,0.1002,0.0813
Q9QXZ0_S4458___1,0.4746,Yes,0.0102,0.0052
Q9QXZ0_S7296___1,-0.4746,Yes,0.0102,0.0052
Q9QXZ0_S5551___1,-0.5706,Yes,0.002,0.0008
Q9QXZ0_S3889___1,-0.4831,Yes,0.009,0.0045
Q9QXZ0_S4129___1,-0.423,Yes,0.0219,0.0128
Q9QXZ0_S6904___1,0.1689,No,0.2866,0.32
Q9QXZ0_S7258___1,0.9788,Yes,0.0001,0.0001
Q9QY01_S600___1,1.935,Yes,0.0001,0.0001
Q9QY93_S169___1,-0.0199,No,0.5971,0.9067
Q9QYC0_S12___1,0.04144,No,0.5521,0.8072
Q9QYC0_S724___1,0.1129,No,0.4007,0.5064
Q9QYC0_S457___1,0.444,Yes,0.0161,0.0089
Q9QYC0_S465___1,0.1148,No,0.3964,0.4991
Q9QYC0_S586___1,0.1521,No,0.3195,0.3704
Q9QYC0_S431___1,0.4609,Yes,0.0126,0.0067
Q9QYC0_S355___1,-0.0008553,No,0.6339,0.996
Q9QYC1_S2155___1,0.3901,Yes,0.0341,0.0216
Q9QYC1_S695___1,0.1355,No,0.3531,0.4249
Q9QYC7_S7___1,0.8427,Yes,0.0001,0.0001
Q9QYE6_S152___1,0.2881,No,0.1084,0.0898
Q9QYH6_S319___1,0.7358,Yes,0.0001,0.0001
Q9QYH6_S264___1,0.9256,Yes,0.0001,0.0001
Q9QYH6_S454___1,0.7484,Yes,0.0001,0.0001
Q9QYP6_S84___1,-0.6085,Yes,0.001,0.0003
Q9QYR6_S1606___1,-0.1772,No,0.2715,0.2968
Q9QYR6_S1673___1,0.4015,Yes,0.0293,0.0181
Q9QYR6_S1580___1,-0.00617,No,0.6242,0.971
Q9QYR6_S1634___1,-0.1677,No,0.2889,0.3235
Q9QYR6_S117___1,0.06655,No,0.5012,0.6952
Q9QYR6_S1159___1,-0.05719,No,0.5205,0.7364
Q9QYR6_S155___1,-0.002649,No,0.6302,0.9876
Q9QYR6_S2082___1,-0.132,No,0.3606,0.4371
Q9QYR6_S1789___1,-0.271,No,0.1277,0.1106
Q9QYR6_S2637___1,0.4663,Yes,0.0116,0.006
Q9QYR6_S1747___1,-0.3151,No,0.0822,0.0636
Q9QYY0_S403___1,-0.181,No,0.265,0.2865
Q9QYY0_S684___1,0.2033,No,0.2259,0.2313
Q9QYY0_S420___1,-0.05338,No,0.5273,0.7533
Q9QZ05_S230___1,0.2514,No,0.1523,0.1389
Q9QZ08_S76___1,-0.6038,Yes,0.0011,0.0004
Q9QZ09_S299___1,0.8004,Yes,0.0001,0.0001
Q9QZD4_S522___1,-0.311,No,0.0857,0.0671
Q9QZE5_S642___1,0.05772,No,0.5196,0.734
Q9QZI8_S351___1,0.4597,Yes,0.0129,0.0068
Q9QZI8_S364___1,-0.07648,No,0.4808,0.6525
Q9QZL0_S232___1,0.4343,Yes,0.0186,0.0106
Q9QZL0_S179___1,-0.07759,No,0.4782,0.6478
Q9QZL0_S321___1,-0.2411,No,0.1667,0.1558
Q9QZL6_S93___1,-0.3019,No,0.0944,0.0754
Q9QZL6_S113___1,-0.3965,Yes,0.0313,0.0196
Q9QZM0_S25___1,0.2975,No,0.0989,0.0799
Q9QZN4_S276___1,-0.353,No,0.0536,0.0377
Q9R020_S120___1,-0.1723,No,0.2803,0.3104
Q9R020_S153___1,0.0448,No,0.5453,0.792
Q9R020_S294___1,-0.9873,Yes,0.0001,0.0001
Q9R020_S188___1,-0.1681,No,0.288,0.3222
Q9Z0U0_S667___1,1.175,Yes,0.0001,0.0001
Q9R078_S182___1,0.9738,Yes,0.0001,0.0001
Q9R078_S108___1,-0.4831,Yes,0.009,0.0045
Q9R0A1_S669___1,0.3477,No,0.0569,0.0407
Q9R0A5_S354___1,-0.7136,Yes,0.0001,0.0001
Q9R0G7_S1122___1,0.4441,Yes,0.0161,0.0089
Q9R0G7_S705___1,0.1877,No,0.2528,0.269
Q9R0G7_S707___1,-0.2948,No,0.1015,0.0826
Q9R0G7_S353___1,0.02878,No,0.5788,0.8654
Q9R0G7_S360___1,0.5932,Yes,0.0013,0.0005
Q9R0G8_S850___1,0.3655,Yes,0.0462,0.0314
Q9R0L6_S814___1,0.9389,Yes,0.0001,0.0001
Q9R0L6_S585___1,0.9077,Yes,0.0001,0.0001
Q9R0L6_S356___1,0.4074,Yes,0.0272,0.0165
Q9R0L6_S110___1,0.5134,Yes,0.0055,0.0025
Q9R0L6_S116___1,0.4643,Yes,0.012,0.0063
Q9R0L6_S641___1,0.548,Yes,0.003,0.0013
Q9R0L6_S1766___1,0.7628,Yes,0.0001,0.0001
Q9R0L6_S1769___1,0.7332,Yes,0.0001,0.0001
Q9R0L6_S957___1,0.5871,Yes,0.0015,0.0005
Q9R0L6_S372___1,0.7309,Yes,0.0001,0.0001
Q9R0L6_S859___1,0.2262,No,0.1889,0.1829
Q9R0L6_S867___1,1.083,Yes,0.0001,0.0001
Q9R0L6_S974___1,0.9216,Yes,0.0001,0.0001
Q9R0L6_S645___1,0.1164,No,0.3928,0.4932
Q9R0L6_S65___1,0.2643,No,0.1358,0.1197
Q9R0L6_S69___1,0.1591,No,0.3058,0.3488
Q9R0L6_S1228___1,0.942,Yes,0.0001,0.0001
Q9R0M6_S179___1,0.1022,No,0.4239,0.5475
Q9R0P4_S63___1,-0.7307,Yes,0.0001,0.0001
Q9R0P4_S15___1,-0.3607,Yes,0.0489,0.0337
Q9R0P4_S17___1,-0.8014,Yes,0.0001,0.0001
Q9R0P5_S163___1,-0.2911,No,0.1053,0.0866
Q9R0Q7_S113___1,-0.05016,No,0.534,0.7678
Q9R0Y5_S38___1,0.005471,No,0.6254,0.9743
Q9R123_S233___1,-1.037,Yes,0.0001,0.0001
Q9R190_S435___1,0.4787,Yes,0.0096,0.0048
Q9R194_S557___1,0.5758,Yes,0.0018,0.0007
Q9R1C0_S256___1,0.4999,Yes,0.0068,0.0032
Q9R1C7_S34___1,-0.2495,No,0.1549,0.1419
Q9R1C7_S884___1,0.6943,Yes,0.0002,0.0001
Q9R1C7_S151___1,0.4696,Yes,0.011,0.0057
Q9R1P0_S7___1,-0.3611,Yes,0.0487,0.0335
Q9R1P4_S247___1,0.05384,No,0.5265,0.7512
Q9R1Q6_S253___1,1.464,Yes,0.0001,0.0001
Q9R1R2_S7___1,-0.5602,Yes,0.0024,0.001
Q9R1R2_S437___1,-0.6909,Yes,0.0002,0.0001
Q9R1X5_S553___1,0.121,No,0.3825,0.476
Q9R1X5_S558___1,0.1254,No,0.3735,0.4604
Q9R1X5_S571___1,0.7249,Yes,0.0001,0.0001
Q9R1X5_S43___1,0.3841,Yes,0.0367,0.0237
Q9R1Y5_S351___1,0.08659,No,0.4582,0.6102
Q9R1Y5_S366___1,0.153,No,0.3179,0.3678
Q9R1Y5_S163___1,0.05116,No,0.532,0.7633
Q9R1Y5_S313___1,0.2964,No,0.0999,0.081
Q9R1Z7_S27___1,-0.1604,No,0.3035,0.3449
Q9R1Z7_S18___1,-0.2049,No,0.2234,0.2277
Q9R1Z8_S357___1,-0.9072,Yes,0.0001,0.0001
Q9R1Z8_S243___1,-0.168,No,0.2884,0.3227
Q9R1Z8_S412___1,-1.007,Yes,0.0001,0.0001
Q9R207_S644___1,-0.0153,No,0.6058,0.9282
Q9R210_S466___1,0.2557,No,0.1468,0.1322
Q9R210_S331___1,4.05,Yes,0.0001,0.0001
Q9R269_S14___1,-0.481,Yes,0.0093,0.0046
Q9R269_S1656___1,-0.3083,No,0.0882,0.0695
Q9WTK5_S812___1,0.1386,No,0.347,0.4145
Q9WTP7_S224___1,-1.359,Yes,0.0001,0.0001
Q9WTQ5_S767___1,-0.1859,No,0.2561,0.2737
Q9WTQ5_S786___1,-0.1495,No,0.3248,0.3788
Q9WTQ5_S652___1,-0.7083,Yes,0.0001,0.0001
Q9WTQ5_S1285___1,-0.3895,Yes,0.0343,0.0218
Q9WTQ5_S1292___1,-0.4357,Yes,0.0182,0.0103
Q9WTQ5_S598___1,-0.695,Yes,0.0002,0.0001
Q9WTQ5_S861___1,-0.434,Yes,0.0187,0.0106
Q9WTQ5_S584___1,-0.1348,No,0.3547,0.4274
Q9WTQ5_S489___1,-0.554,Yes,0.0027,0.0011
Q9WTQ5_S498___1,-0.1831,No,0.2609,0.281
Q9WTQ5_S194___1,-1.088,Yes,0.0001,0.0001
Q9WTQ5_S1400___1,0.6662,Yes,0.0003,0.0001
Q9WTQ5_S505___1,-0.5731,Yes,0.0019,0.0007
Q9WTQ5_S371___1,-0.5224,Yes,0.0047,0.0021
Q9WTQ5_S613___1,-0.5662,Yes,0.0022,0.0009
Q9WTQ5_S234___1,-0.6329,Yes,0.0006,0.0002
Q9WTQ5_S1469___1,-0.5711,Yes,0.002,0.0008
Q9WTQ5_S543___1,-0.5659,Yes,0.0022,0.0009
Q9WTQ5_S631___1,0.2546,No,0.1481,0.1338
Q9WTQ5_S634___1,0.04911,No,0.5362,0.7725
Q9WTQ5_S637___1,-0.8282,Yes,0.0001,0.0001
Q9WTQ5_S1272___1,-0.3176,No,0.08,0.0615
Q9WTQ5_S873___1,-0.2957,No,0.1006,0.0817
Q9WTU0_S651___1,-0.4018,Yes,0.0292,0.018
Q9WTU0_S536___1,-0.2971,No,0.0992,0.0802
Q9WTU0_S876___1,-0.2974,No,0.0989,0.0799
Q9WTU0_S893___1,-0.5207,Yes,0.0049,0.0022
Q9WTU0_S899___1,-0.4408,Yes,0.0169,0.0094
Q9WTU0_S848___1,-0.05833,No,0.5187,0.7313
Q9WTV7_S194___1,-0.233,No,0.1785,0.1701
Q9WTV7_S229___1,0.1956,No,0.239,0.2494
Q9WTV7_S78___1,0.8908,Yes,0.0001,0.0001
Q9WTV7_S163___1,-0.3701,Yes,0.0437,0.0293
Q9WTX2_S18___1,0.4764,Yes,0.0099,0.005
Q9WU22_S403___1,-0.6248,Yes,0.0007,0.0002
Q9WU22_S358___1,-0.615,Yes,0.0008,0.0003
Q9WU40_S261___1,-0.3373,No,0.0642,0.0471
Q9WU40_S263___1,-0.6707,Yes,0.0003,0.0001
Q9WU40_S296___1,0.4236,Yes,0.0217,0.0126
Q9WU40_S140___1,-0.2499,No,0.1542,0.1412
Q9WU42_S1309___1,1.005,Yes,0.0001,0.0001
Q9WU42_S955___1,0.3945,Yes,0.0321,0.0202
Q9WU42_S54___1,0.6998,Yes,0.0001,0.0001
Q9WU42_S493___1,-0.1135,No,0.3994,0.5039
Q9WU42_S1528___1,0.4514,Yes,0.0145,0.0079
Q9WU42_S921___1,1.335,Yes,0.0001,0.0001
Q9WU42_S1220___1,0.8707,Yes,0.0001,0.0001
Q9WU42_S152___1,0.3412,No,0.0614,0.0445
Q9WU42_S938___1,0.2019,No,0.2285,0.2346
Q9WU42_S2213___1,0.234,No,0.177,0.1683
Q9WU42_S2215___1,0.2046,No,0.2238,0.2284
Q9WU42_S1963___1,0.5775,Yes,0.0018,0.0007
Q9WU42_S215___1,0.1779,No,0.2703,0.295
Q9WU42_S2152___1,0.0405,No,0.5536,0.8115
Q9WU42_S67___1,-0.1279,No,0.3686,0.4515
Q9WU42_S2181___1,0.3177,No,0.0799,0.0614
Q9WU42_S1449___1,0.7224,Yes,0.0001,0.0001
Q9WU42_S743___1,0.7352,Yes,0.0001,0.0001
Q9WU42_S750___1,0.2829,No,0.1139,0.0958
Q9WU42_S2411___1,0.5103,Yes,0.0058,0.0027
Q9WU78_S52___1,-0.1257,No,0.3729,0.4592
Q9WU81_S260___1,0.4141,Yes,0.0248,0.0148
Q9WU84_S267___1,-0.163,No,0.2982,0.3372
Q9WUD1_S20___1,0.3569,No,0.0512,0.0356
Q9WUD1_S24___1,-0.6622,Yes,0.0003,0.0001
Q9WUF3_S1876___1,0.9143,Yes,0.0001,0.0001
Q9WUJ8_S206___1,0.7732,Yes,0.0001,0.0001
Q9WUK2_S21___1,0.3756,Yes,0.0409,0.027
Q9WUK6_S333___1,0.1939,No,0.2418,0.2535
Q9WUM3_S415___1,-0.2614,No,0.1393,0.1238
Q9WUM3_S419___1,-0.3218,No,0.0765,0.0582
Q9WUM3_S421___1,-0.1072,No,0.4125,0.5281
Q9WUM4_S187___1,-0.1046,No,0.4186,0.538
Q9WV02_S215___1,0.09695,No,0.4351,0.5681
Q9WV02_S102___1,0.01444,No,0.6074,0.9323
Q9WV32_S310___1,0.07886,No,0.4753,0.6424
Q9WV34_S312___1,0.8901,Yes,0.0001,0.0001
Q9WV55_S214___1,-0.2437,No,0.1632,0.1513
Q9WV55_S164___1,0.003812,No,0.6286,0.9821
Q9WV55_S166___1,0.1568,No,0.3103,0.3559
Q9WV60_S389___1,-0.2738,No,0.1244,0.107
Q9WV60_S417___1,-0.08906,No,0.4527,0.6
Q9WV60_S9___1,-0.4734,Yes,0.0104,0.0053
Q9WV66_S545___1,0.529,Yes,0.0042,0.0018
Q9WV72_S35___1,0.1678,No,0.2887,0.3232
Q9WV80_S188___1,-0.2883,No,0.1083,0.0897
Q9WVA2_S94___1,-0.4468,Yes,0.0155,0.0085
Q9WVA2_S96___1,-0.3986,Yes,0.0305,0.0189
Q9WVA4_S163___1,-0.2371,No,0.1722,0.1627
Q9WVB3_S209___1,-0.4004,Yes,0.0298,0.0184
Q9WVF8_S50___1,0.6237,Yes,0.0007,0.0002
Q9WVH4_S279___1,-0.5156,Yes,0.0053,0.0024
Q9WVH4_S283___1,-0.6743,Yes,0.0002,0.0001
Q9WVH4_S252___1,-1.165,Yes,0.0001,0.0001
Q9WVH4_S310___1,-1.025,Yes,0.0001,0.0001
Q9WVH4_S424___1,-0.4463,Yes,0.0156,0.0086
Q9WVH4_S293___1,-0.2769,No,0.1208,0.103
Q9WVL3_S30___1,-0.01739,No,0.6017,0.9184
Q9WVL3_S33___1,0.2808,No,0.1163,0.0983
Q9WVL3_S38___1,0.487,Yes,0.0084,0.0041
Q9WVL6_S361___1,-0.05131,No,0.5318,0.7626
Q9WVQ0_S484___1,-0.2756,No,0.1223,0.1047
Q9WVR4_S602___1,0.4564,Yes,0.0135,0.0072
Q9WVR4_S604___1,0.6133,Yes,0.0009,0.0003
Q9WVR4_S621___1,0.1905,No,0.2479,0.262
Q9WVR4_S449___1,-0.4659,Yes,0.0117,0.0061
Q9WVR4_S455___1,0.2992,No,0.0971,0.0781
Q9WVR4_S459___1,-0.163,No,0.2982,0.3372
Q9Z0E8_S548___1,-0.2651,No,0.1346,0.1186
Q9Z0F6_S373___1,-0.4012,Yes,0.0295,0.0182
Q9Z0F6_S385___1,-1.009,Yes,0.0001,0.0001
Q9Z0F8_S811___1,-0.3874,Yes,0.0353,0.0226
Q9Z0F8_S794___1,0.5073,Yes,0.0061,0.0028
Q9Z0G7_S203___1,0.1078,No,0.4111,0.5257
Q9Z0G7_S602___1,0.1282,No,0.3679,0.4504
Q9Z0H7_S138___1,-0.4588,Yes,0.013,0.0069
Q9Z0L0_S424___1,-0.573,Yes,0.0019,0.0007
Q9Z0M6_S806___1,0.3499,No,0.0555,0.0394
Q9Z0P4_S248___1,0.399,Yes,0.0303,0.0188
Q9Z0P4_S345___1,-0.1082,No,0.4102,0.5242
Q9Z0P4_S152___1,-0.3951,Yes,0.0319,0.02
Q9Z0P4_S157___1,-0.2042,No,0.2245,0.2294
Q9Z0P4_S161___1,-0.04075,No,0.5533,0.8104
Q9Z0P4_S116___1,-0.3049,No,0.0915,0.0726
Q9Z0P4_S122___1,-0.4018,Yes,0.0292,0.018
Q9Z0P4_S87___1,0.6846,Yes,0.0002,0.0001
Q9Z0P7_S346___1,0.2052,No,0.223,0.227
Q9Z0S5_S202___1,1.038,Yes,0.0001,0.0001
Q9Z0S5_S217___1,0.5691,Yes,0.0021,0.0008
Q9Z0U1_S982___1,0.2261,No,0.1892,0.1831
Q9Z0U1_S988___1,0.6136,Yes,0.0009,0.0003
Q9Z0U1_S968___1,-0.2671,No,0.1323,0.1158
Q9Z0U1_S186___1,0.376,Yes,0.0407,0.0269
Q9Z0U1_S209___1,0.2313,No,0.1812,0.1733
Q9Z0U1_S1133___1,-0.1474,No,0.3288,0.3854
Q9Z0U1_S1136___1,-0.1823,No,0.2626,0.2832
Q9Z0U1_S107___1,-0.09325,No,0.4437,0.583
Q9Z0U1_S441___1,0.3839,Yes,0.0368,0.0238
Q9Z0U1_S404___1,-0.2254,No,0.1901,0.1845
Q9Z0U1_S410___1,0.2722,No,0.1263,0.1091
Q9Z0U1_S411___1,0.1541,No,0.3156,0.3642
Q9Z0U1_S378___1,-0.06179,No,0.5112,0.716
Q9Z0U1_S395___1,-0.4427,Yes,0.0165,0.0092
Q9Z0U1_S130___1,0.06577,No,0.503,0.6986
Q9Z0U1_S173___1,-0.1388,No,0.3465,0.4138
Q9Z0U1_S684___1,0.5198,Yes,0.0049,0.0022
Q9Z0U1_S948___1,-0.2969,No,0.0994,0.0805
Q9Z0W3_S1123___1,-0.3756,Yes,0.0409,0.027
Q9Z0X1_S267___1,-0.2073,No,0.2193,0.2223
Q9Z0X4_S310___1,0.3586,No,0.0502,0.0347
Q9Z0Y1_S30___1,0.1929,No,0.2435,0.256
Q9Z103_S904___1,0.8828,Yes,0.0001,0.0001
Q9Z103_S959___1,0.3001,No,0.0962,0.0772
Q9Z103_S708___1,0.2953,No,0.101,0.0821
Q9Z103_S98___1,2.561,Yes,0.0001,0.0001
Q9Z120_S21___1,-1.128,Yes,0.0001,0.0001
Q9Z131_S379___1,0.08711,No,0.457,0.608
Q9Z131_S421___1,-0.2068,No,0.2201,0.2233
Q9Z131_S424___1,0.8846,Yes,0.0001,0.0001
Q9Z138_S576___1,-0.009414,No,0.6178,0.9558
Q9Z139_S577___1,0.4556,Yes,0.0136,0.0073
Q9Z180_S374___1,-0.4427,Yes,0.0165,0.0092
Q9Z191_S338___1,-0.5423,Yes,0.0034,0.0014
Q9Z1B8_S507___1,-0.6583,Yes,0.0003,0.0001
Q9Z1B8_S20___1,-0.9785,Yes,0.0001,0.0001
Q9Z1D1_S42___1,0.2767,No,0.1211,0.1033
Q9Z1D8_S757___1,0.005216,No,0.6259,0.9755
Q9Z1E4_S711___1,0.4344,Yes,0.0186,0.0105
Q9Z1F9_S207___1,-0.4554,Yes,0.0137,0.0073
Q9Z1J1_S77___1,0.4812,Yes,0.0092,0.0046
Q9Z1K7_S2099___1,0.02194,No,0.5925,0.8972
Q9Z1K8_S19___1,-0.3539,No,0.053,0.0372
Q9Z1Q5_S156___1,0.09528,No,0.4389,0.5748
Q9Z1Q9_S569___1,0.1452,No,0.3331,0.3925
Q9Z1Q9_S526___1,0.571,Yes,0.002,0.0008
Q9Z1R2_S1103___1,0.2027,No,0.227,0.2326
Q9Z1R2_S995___1,0.5138,Yes,0.0054,0.0025
Q9Z1R2_S1139___1,0.7864,Yes,0.0001,0.0001
Q9Z1S0_S1050___1,1.55,Yes,0.0001,0.0001
Q9Z1S8_S402___1,-0.06676,No,0.5006,0.6943
Q9Z1S8_S211___1,-0.1735,No,0.2781,0.3069
Q9Z1S8_S282___1,-1.012,Yes,0.0001,0.0001
Q9Z1T1_S276___1,-0.08974,No,0.4512,0.5973
Q9Z1T6_S475___1,-0.4609,Yes,0.0126,0.0067
Q9Z1T6_S1548___1,0.1635,No,0.2972,0.3357
Q9Z1T6_S307___1,-0.5701,Yes,0.002,0.0008
Q9Z1T6_S329___1,0.2898,No,0.1066,0.0879
Q9Z1T6_S88___1,-0.5101,Yes,0.0058,0.0027
Q9Z1W9_S397___1,0.3496,No,0.0557,0.0396
Q9Z207_S1072___1,1.184,Yes,0.0001,0.0001
Q9Z239_S83___1,-0.1586,No,0.3068,0.3506
Q9Z277_S1464___1,0.2388,No,0.1699,0.1598
Q9Z277_S361___1,0.4558,Yes,0.0136,0.0073
Q9Z277_S1338___1,0.4622,Yes,0.0124,0.0065
Q9Z277_S1315___1,1.298,Yes,0.0001,0.0001
Q9Z2A0_S244___1,-0.3845,Yes,0.0365,0.0236
Q9Z2A0_S38___1,0.4871,Yes,0.0084,0.0041
Q9Z2A5_S166___1,-0.1584,No,0.3071,0.351
Q9Z2B5_S808___1,1.176,Yes,0.0001,0.0001
Q9Z2B5_S711___1,1.071,Yes,0.0001,0.0001
Q9Z2B5_S715___1,2.159,Yes,0.0001,0.0001
Q9Z2B5_S795___1,1.795,Yes,0.0001,0.0001
Q9Z2B9_S771___1,0.1009,No,0.4267,0.5523
Q9Z2B9_S347___1,0.1983,No,0.2342,0.243
Q9Z2B9_S682___1,-0.6249,Yes,0.0007,0.0002
Q9Z2C5_S297___1,-0.2003,No,0.2308,0.2383
Q9Z2C5_S13___1,0.0187,No,0.5993,0.9123
Q9Z2C5_S18___1,0.3571,No,0.0511,0.0355
Q9Z2D1_S51___1,-0.5069,Yes,0.0061,0.0028
Q9Z2D1_S58___1,-0.01488,No,0.6068,0.9302
Q9Z2D8_S85___1,-0.3306,No,0.0693,0.0516
Q9Z2D8_S56___1,0.6738,Yes,0.0002,0.0001
Q9Z2E1_S410___1,-0.01907,No,0.5985,0.9106
Q9Z2E1_S44___1,-0.1497,No,0.3244,0.3782
Q9Z2F6_S369___1,-0.5251,Yes,0.0045,0.002
Q9Z2F6_S377___1,0.2666,No,0.1329,0.1165
Q9Z2F7_S165___1,-0.2303,No,0.1826,0.1752
Q9Z2I9_S279___1,-0.6695,Yes,0.0003,0.0001
Q9Z2N8_S233___1,-0.3166,No,0.0808,0.0623
Q9Z2P8_S41___1,0.06246,No,0.5101,0.7131
Q9Z2Q2_S57___1,0.2014,No,0.2291,0.2358
Q9Z2Q2_S261___1,0.6888,Yes,0.0002,0.0001
Q9Z2Q6_S225___1,-0.03825,No,0.5578,0.8218
Q9Z2Q6_S327___1,0.01984,No,0.5971,0.907
Q9Z2R6_S12___1,-0.1327,No,0.359,0.4347
Q9Z2R6_S37___1,0.4097,Yes,0.0264,0.0159
Q9Z2U1_S56___1,-0.4733,Yes,0.0105,0.0053
Q9Z2U4_S187___1,0.5318,Yes,0.004,0.0017
Q9Z2V5_S43___1,-0.1084,No,0.4101,0.5235
Q9Z2V5_S21___1,0.4086,Yes,0.0268,0.0161
Q9Z2V5_S1148___1,-0.02474,No,0.5873,0.8842
Q9Z2X1_S104___1,-0.3722,Yes,0.0426,0.0284
Q9Z2X1_S107___1,-0.2678,No,0.1315,0.1149
Q9Z2X2_S230___1,-0.1296,No,0.3655,0.4455
Q9Z2Z9_S244___1,0.6756,Yes,0.0002,0.0001
Q9Z315_S604___1,0.4762,Yes,0.01,0.005
Q9Z329_S1709___1,-0.2271,No,0.1875,0.1813
Q9Z329_S1856___1,0.2411,No,0.1666,0.1557
S4R1M9_S32___1,1.117,Yes,0.0001,0.0001
A2A432_T15___1,0.5052,Yes,0.0063,0.0029
A2A432_T140___1,0.6027,Yes,0.0011,0.0004
A2A432_T106___1,0.7761,Yes,0.0001,0.0001
A2A6T1_T154___1,0.5937,Yes,0.0013,0.0005
A2AJI0_T99___1,-0.3541,No,0.0529,0.0371
A2ALU4_T224___1,-0.525,Yes,0.0045,0.002
A2AQH4_T1314___1,0.3764,Yes,0.0405,0.0267
A2AR02_T356___1,-0.557,Yes,0.0026,0.001
A2AWA9_T991___1,0.1247,No,0.3748,0.4628
A2BH40_T1874___1,0.2144,No,0.2072,0.2068
A3KGF9_T514___1,0.3781,Yes,0.0396,0.026
A3KGF9_T146___1,-0.5593,Yes,0.0025,0.001
A3KGF9_T496___1,-0.7879,Yes,0.0001,0.0001
A6H5Y3_T1252___1,-0.04067,No,0.5533,0.8108
B2KF05_T346___1,0.2194,No,0.1991,0.1964
B2RQC6_T1833___1,0.6734,Yes,0.0002,0.0001
B9EJ80_T975___1,0.2586,No,0.1432,0.1279
C0HKD9_T267___1,-0.252,No,0.1517,0.138
D3YVF0_T220___1,0.03078,No,0.5742,0.8562
E2JF22_T1917___1,0.568,Yes,0.0021,0.0008
E9Q4F7_T1763___1,0.2166,No,0.2036,0.2022
E9Q5C9_T411___1,2.904,Yes,0.0001,0.0001
E9Q5C9_T594___1,1.071,Yes,0.0001,0.0001
E9Q5C9_T600___1,3.787,Yes,0.0001,0.0001
E9Q784_T263___1,0.05435,No,0.5257,0.749
E9Q784_T363___1,-0.01959,No,0.5974,0.9082
E9Q7G0_T1982___1,0.219,No,0.1997,0.1973
F6ZDS4_T1747___1,2.46,Yes,0.0001,0.0001
F6ZDS4_T727___1,-0.9825,Yes,0.0001,0.0001
F6ZDS4_T1920___1,-0.9727,Yes,0.0001,0.0001
F6ZDS4_T2205___1,-0.2371,No,0.1722,0.1627
F8VPU2_T24___1,-0.1125,No,0.4014,0.5077
F8VPU2_T527___1,-0.1042,No,0.4194,0.5396
F8VPZ9_T751___1,0.3512,No,0.0547,0.0387
G3XA57_T317___1,-0.5908,Yes,0.0014,0.0005
G5E829_T1165___1,-0.5684,Yes,0.0021,0.0008
G5E870_T1410___1,-0.03968,No,0.5551,0.8153
O08553_T509___1,0.3658,Yes,0.0461,0.0313
O08784_T171___1,-0.3919,Yes,0.0333,0.021
O08796_T347___1,-0.1067,No,0.4138,0.5299
O08810_T707___1,-0.353,No,0.0536,0.0377
O09044_T24___1,0.6672,Yes,0.0003,0.0001
O35226_T250___1,0.2257,No,0.1897,0.1839
O35381_T15___1,-1.294,Yes,0.0001,0.0001
O35613_T523___1,0.004359,No,0.6275,0.9795
O35640_T275___1,-0.2665,No,0.133,0.1166
O35892_T313___1,0.3548,No,0.0525,0.0367
O54724_T304___1,-0.2616,No,0.139,0.1236
O54824_T683___1,-0.3381,No,0.0636,0.0465
O55098_T950___1,-0.4164,Yes,0.024,0.0142
O55131_T425___1,-0.3648,Yes,0.0466,0.0317
O55131_T227___1,-0.5089,Yes,0.0059,0.0027
O55222_T172___1,0.278,No,0.1195,0.1016
O55222_T181___1,-0.2624,No,0.138,0.1223
O70255_T214___1,1.044,Yes,0.0001,0.0001
O70279_T440___1,0.05094,No,0.5324,0.7643
O70305_T710___1,-0.2676,No,0.1317,0.1151
O70551_T448___1,0.6526,Yes,0.0004,0.0001
O88379_T732___1,0.3895,Yes,0.0343,0.0218
O88379_T1366___1,0.06295,No,0.5091,0.7109
O88487_T89___1,0.7309,Yes,0.0001,0.0001
O88569_T176___1,0.2527,No,0.1506,0.1368
O88643_T230___1,1.331,Yes,0.0001,0.0001
Q91XY4_T901___1,0.4858,Yes,0.0086,0.0042
O88746_T475___1,-0.07059,No,0.493,0.6777
O88746_T174___1,0.9131,Yes,0.0001,0.0001
O88842_T732___1,-0.7423,Yes,0.0001,0.0001
O88856_T38___1,-1.035,Yes,0.0001,0.0001
O89032_T256___1,0.697,Yes,0.0001,0.0001
P05213_T225___1,-0.9712,Yes,0.0001,0.0001
P06745_T109___1,0.1109,No,0.4045,0.514
P08113_T504___1,-0.1492,No,0.3252,0.3797
P09055_T777___1,0.2152,No,0.2058,0.2051
P0C7T6_T328___1,0.3181,No,0.0797,0.0611
P0DOV2_T106___1,-0.164,No,0.2963,0.3344
P11440_T14___1,1.447,Yes,0.0001,0.0001
P11440_T161___1,1.04,Yes,0.0001,0.0001
P13405_T367___1,1.687,Yes,0.0001,0.0001
P13864_T308___1,0.4693,Yes,0.0111,0.0057
P14206_T82___1,0.1285,No,0.3672,0.4492
P14733_T21___1,0.2261,No,0.1892,0.1832
P14873_T1928___1,0.8604,Yes,0.0001,0.0001
P15261_T373___1,0.3041,No,0.0922,0.0734
P15532_T94___1,-0.1695,No,0.2856,0.3183
P16056_T1379___1,0.3213,No,0.0769,0.0585
P16056_T975___1,-0.7665,Yes,0.0001,0.0001
P16858_T209___1,-0.2426,No,0.1647,0.1532
P16858_T182___1,-0.1399,No,0.3442,0.4101
P63017_T226___1,0.00246,No,0.6305,0.9884
P20152_T436___1,0.1797,No,0.2672,0.29
P20152_T20___1,0.2578,No,0.1442,0.129
P20152_T32___1,-0.5362,Yes,0.0037,0.0016
P20152_T327___1,-1.131,Yes,0.0001,0.0001
P20152_T63___1,-0.4305,Yes,0.0196,0.0113
P20357_T1609___1,0.2531,No,0.1501,0.1363
P21619_T421___1,1.929,Yes,0.0001,0.0001
P23116_T982___1,0.5665,Yes,0.0022,0.0009
P25206_T719___1,0.1087,No,0.4093,0.5222
P25322_T286___1,1.74,Yes,0.0001,0.0001
P25444_T293___1,1.384,Yes,0.0001,0.0001
P25446_T314___1,-0.4009,Yes,0.0296,0.0183
P26039_T1263___1,-0.9809,Yes,0.0001,0.0001
P26231_T658___1,1.125,Yes,0.0001,0.0001
P26645_T143___1,-0.745,Yes,0.0001,0.0001
P28667_T148___1,0.01679,No,0.6032,0.9213
P28667_T183___1,-0.01323,No,0.6102,0.9379
P28667_T122___1,0.1852,No,0.2575,0.2756
P28667_T14___1,-0.3481,No,0.0567,0.0404
P28828_T873___1,-0.4957,Yes,0.0073,0.0035
P28867_T218___1,0.724,Yes,0.0001,0.0001
P28867_T141___1,-0.03782,No,0.5584,0.8238
P30280_T280___1,1.431,Yes,0.0001,0.0001
P30999_T916___1,0.5694,Yes,0.0021,0.0008
P30999_T906___1,0.3995,Yes,0.0301,0.0187
P35278_T197___1,0.1645,No,0.2951,0.3329
P35585_T152___1,1.04,Yes,0.0001,0.0001
P35585_T223___1,0.4925,Yes,0.0077,0.0037
P35822_T872___1,-0.3785,Yes,0.0394,0.0259
P35980_T158___1,0.3976,Yes,0.0309,0.0192
P37804_T191___1,-0.3445,No,0.059,0.0426
P37913_T77___1,1.122,Yes,0.0001,0.0001
P39447_T589___1,0.08145,No,0.4697,0.6316
P39447_T868___1,0.2919,No,0.1045,0.0856
P41233_T1265___1,-0.262,No,0.1385,0.1229
P42567_T779___1,0.05242,No,0.5294,0.7576
P43406_T1044___1,-0.4817,Yes,0.0092,0.0046
P46935_T287___1,0.4758,Yes,0.01,0.0051
P46938_T104___1,0.04565,No,0.5437,0.7881
P47811_T180___1,0.3899,Yes,0.0342,0.0217
P48678_T24___1,-0.2936,No,0.1028,0.0839
P48678_T548___1,0.00424,No,0.6276,0.9801
P48722_T545___1,-0.2736,No,0.1247,0.1072
P49717_T19___1,-0.4645,Yes,0.012,0.0062
P49769_T370___1,-0.07589,No,0.4819,0.655
P49962_T85___1,0.6602,Yes,0.0003,0.0001
P51125_T479___1,0.7285,Yes,0.0001,0.0001
P51410_T130___1,0.6683,Yes,0.0003,0.0001
P52734_T710___1,-0.06797,No,0.498,0.689
P52912_T385___1,0.3057,No,0.0908,0.0719
P53986_T462___1,-0.5313,Yes,0.0041,0.0018
P55012_T223___1,0.7799,Yes,0.0001,0.0001
P55012_T259___1,-0.02505,No,0.5866,0.8828
P55012_T210___1,-0.07877,No,0.4755,0.6428
P61028_T72___1,0.2657,No,0.1339,0.1177
P58252_T57___1,-0.0225,No,0.5911,0.8946
P58871_T894___1,0.1159,No,0.3938,0.495
P58871_T1275___1,-0.4334,Yes,0.0189,0.0107
P58871_T533___1,0.01712,No,0.6024,0.9197
P58871_T238___1,0.7227,Yes,0.0001,0.0001
P58871_T1204___1,-0.1563,No,0.3115,0.3576
P59222_T801___1,0.4298,Yes,0.0198,0.0114
P59222_T712___1,-0.02638,No,0.5842,0.8766
P59325_T153___1,0.3173,No,0.0803,0.0618
P59383_T715___1,0.3521,No,0.0541,0.0382
P60710_T203___1,-0.5733,Yes,0.0019,0.0007
P61022_T7___1,-0.04173,No,0.5513,0.8059
P61027_T75___1,0.5598,Yes,0.0025,0.001
P61406_T478___1,-0.1461,No,0.3314,0.3898
P62046_T581___1,-0.00212,No,0.631,0.99
P62137_T320___1,0.08643,No,0.4585,0.6109
P62270_T60___1,0.1788,No,0.2688,0.2924
P62774_T31___1,0.0598,No,0.5156,0.7248
P62908_T221___1,0.4583,Yes,0.0131,0.007
P62908_T242___1,0.7611,Yes,0.0001,0.0001
P62996_T201___1,-0.499,Yes,0.0069,0.0033
P63085_T183___1,0.4019,Yes,0.0292,0.018
P63101_T232___1,0.801,Yes,0.0001,0.0001
P68040_T96___1,0.5371,Yes,0.0037,0.0016
P84228_T81___1,-0.5971,Yes,0.0012,0.0004
P70312_T77___1,-0.7477,Yes,0.0001,0.0001
P70399_T1645___1,0.9934,Yes,0.0001,0.0001
P70424_T702___1,-0.5598,Yes,0.0025,0.001
P70441_T288___1,-0.564,Yes,0.0023,0.0009
P70459_T529___1,-0.401,Yes,0.0296,0.0182
P81122_T517___1,-1.416,Yes,0.0001,0.0001
P97820_T180___1,0.4619,Yes,0.0124,0.0065
P84091_T156___1,0.3327,No,0.0676,0.0502
P97360_T18___1,0.05538,No,0.524,0.7444
P97360_T31___1,-0.1754,No,0.2746,0.3018
P97379_T227___1,0.4483,Yes,0.0151,0.0083
P97434_T540___1,-0.409,Yes,0.0267,0.016
P97440_T171___1,0.9654,Yes,0.0001,0.0001
P97468_T370___1,-0.1733,No,0.2786,0.3076
P97801_T22___1,0.4861,Yes,0.0086,0.0042
P98078_T671___1,0.4238,Yes,0.0216,0.0126
Q00560_T668___1,0.08321,No,0.4662,0.6242
Q00PI9_T163___1,-0.2016,No,0.2288,0.2352
Q01279_T695___1,-0.1178,No,0.3897,0.4879
Q01887_T272___1,-0.1067,No,0.4136,0.5297
Q03147_T170___1,0.1055,No,0.4166,0.5345
Q07113_T2352___1,0.6876,Yes,0.0002,0.0001
Q0GNC1_T1203___1,0.6448,Yes,0.0005,0.0001
Q0KL02_T1843___1,0.2503,No,0.1538,0.1406
Q0KL02_T1824___1,0.01974,No,0.5972,0.9075
Q0VEE6_T162___1,-0.1566,No,0.3107,0.3565
Q3THE2_T19___1,-0.09776,No,0.4332,0.5649
Q3THE2_T135___1,-0.05382,No,0.5265,0.7514
Q3THK7_T318___1,1.731,Yes,0.0001,0.0001
Q3TJD7_T96___1,-0.7211,Yes,0.0001,0.0001
Q3TJD7_T251___1,-1.335,Yes,0.0001,0.0001
Q3TKT4_T1390___1,-0.2338,No,0.1773,0.1687
Q3TLH4_T2625___1,0.09708,No,0.4349,0.5676
Q3TLH4_T2634___1,-0.04574,No,0.5436,0.7877
Q3TYA6_T163___1,0.8533,Yes,0.0001,0.0001
Q3U0V1_T101___1,0.03861,No,0.5572,0.8202
Q3U308_T508___1,-0.1835,No,0.2605,0.2801
Q3U3E2_T391___1,-0.6392,Yes,0.0005,0.0002
Q3U3N0_T369___1,0.1313,No,0.3622,0.4396
Q3UHJ0_T603___1,-0.2008,No,0.2299,0.2372
Q3UHX2_T18___1,0.1913,No,0.2465,0.2601
Q3ULW8_T21___1,-0.356,No,0.0517,0.0361
Q3URU2_T25___1,-0.02539,No,0.5861,0.8812
Q3USB7_T557___1,-0.2231,No,0.1934,0.1889
Q3UYV9_T21___1,-0.06993,No,0.4943,0.6805
Q501J7_T451___1,0.03032,No,0.5752,0.8583
Q52KI8_T736___1,-0.1762,No,0.2731,0.2996
Q52KI8_T913___1,0.1221,No,0.3801,0.472
Q52KI8_T633___1,-0.0852,No,0.4614,0.6159
Q569Z6_T870___1,0.8716,Yes,0.0001,0.0001
Q5BLK4_T865___1,0.1421,No,0.3398,0.4029
Q5DU09_T202___1,-0.1518,No,0.3204,0.3716
Q5F2E7_T221___1,1.287,Yes,0.0001,0.0001
Q5F2E8_T440___1,0.6782,Yes,0.0002,0.0001
Q5F2F2_T424___1,0.95,Yes,0.0001,0.0001
Q5PSV9_T444___1,0.3595,Yes,0.0496,0.0343
Q5SS80_T375___1,1.031,Yes,0.0001,0.0001
Q5SSZ5_T410___1,-0.767,Yes,0.0001,0.0001
Q5SU73_T122___1,0.5243,Yes,0.0046,0.002
Q5SW75_T1422___1,0.3571,No,0.0511,0.0355
Q5SXA9_T921___1,-0.1723,No,0.2803,0.3105
Q5U431_T256___1,0.3909,Yes,0.0337,0.0214
Q60520_T1112___1,-0.2657,No,0.1339,0.1177
Q60598_T401___1,0.3543,No,0.0528,0.037
Q60710_T52___1,-0.6253,Yes,0.0007,0.0002
Q60751_T1372___1,-1.064,Yes,0.0001,0.0001
Q60790_T110___1,-0.4716,Yes,0.0107,0.0055
Q60949_T1242___1,0.1249,No,0.3745,0.4622
Q61033_T159___1,-0.236,No,0.1737,0.1646
Q61033_T74___1,-0.9055,Yes,0.0001,0.0001
Q61097_T411___1,0.1665,No,0.2912,0.3271
Q61112_T192___1,0.4812,Yes,0.0092,0.0046
Q61160_T204___1,-0.08775,No,0.4558,0.6054
Q61165_T755___1,-0.3139,No,0.0832,0.0646
Q61191_T1141___1,0.6013,Yes,0.0011,0.0004
Q61458_T315___1,-0.03946,No,0.5555,0.8163
Q61553_T289___1,-0.3008,No,0.0956,0.0766
Q61624_T305___1,0.2079,No,0.2182,0.221
Q61792_T104___1,0.2322,No,0.1797,0.1716
Q61823_T93___1,-0.05608,No,0.5228,0.7413
Q61879_T1203___1,-1.127,Yes,0.0001,0.0001
Q61937_T217___1,2.559,Yes,0.0001,0.0001
Q62018_T925___1,-0.2875,No,0.109,0.0906
Q62036_T473___1,0.7198,Yes,0.0001,0.0001
Q62074_T411___1,0.7015,Yes,0.0001,0.0001
Q62130_T323___1,0.03825,No,0.5578,0.8218
Q62165_T788___1,0.5142,Yes,0.0054,0.0025
Q62188_T524___1,-0.4167,Yes,0.0239,0.0142
Q62261_T2327___1,0.02649,No,0.584,0.876
Q62261_T2186___1,0.9364,Yes,0.0001,0.0001
Q62383_T1523___1,-0.2247,No,0.1911,0.1858
Q62407_T453___1,0.08623,No,0.4589,0.6117
Q62470_T1050___1,-0.6961,Yes,0.0002,0.0001
Q63844_T203___1,0.4489,Yes,0.015,0.0082
Q63918_T368___1,-0.5001,Yes,0.0068,0.0032
Q63918_T417___1,0.003569,No,0.629,0.9832
Q63932_T395___1,-0.002696,No,0.6302,0.9873
Q63ZW7_T1190___1,0.09235,No,0.4457,0.5866
Q64462_T142___1,-0.07696,No,0.4796,0.6505
Q64727_T604___1,-0.227,No,0.1876,0.1813
Q64727_T477___1,0.448,Yes,0.0152,0.0084
Q64727_T442___1,0.5675,Yes,0.0021,0.0008
Q66L44_T150___1,-0.5104,Yes,0.0058,0.0027
Q67FY2_T129___1,0.4629,Yes,0.0122,0.0064
Q68FD5_T394___1,-0.2907,No,0.1058,0.087
Q68FH0_T282___1,-0.1804,No,0.2659,0.2881
Q68FH0_T1016___1,-0.2227,No,0.1942,0.1899
Q69Z38_T1154___1,0.1837,No,0.26,0.2795
Q69Z38_T1141___1,-0.3313,No,0.0687,0.0511
Q69Z38_T294___1,0.4922,Yes,0.0078,0.0038
Q69Z38_T536___1,0.4112,Yes,0.0258,0.0155
Q69ZA1_T1147___1,-0.3543,No,0.0528,0.037
Q69ZH9_T1185___1,-0.1703,No,0.284,0.3161
Q69ZJ7_T991___1,0.1053,No,0.417,0.5351
Q69ZN7_T172___1,-0.04141,No,0.5521,0.8074
Q6A037_T241___1,-0.2053,No,0.2228,0.2268
Q6A065_T1044___1,-0.09595,No,0.4374,0.5721
Q6A0A2_T735___1,0.2031,No,0.2263,0.2318
Q6A0A9_T653___1,-0.05477,No,0.5252,0.7471
Q6GQX2_T1165___1,0.223,No,0.1935,0.1891
Q6NVF4_T992___1,0.05773,No,0.5196,0.7339
Q6NVF9_T407___1,0.0003472,No,0.6349,0.9984
Q6NXJ0_T999___1,-0.392,Yes,0.0333,0.021
Q6NZJ6_T212___1,1.091,Yes,0.0001,0.0001
Q6P4S6_T411___1,0.5404,Yes,0.0035,0.0015
Q6P5F6_T538___1,-0.1372,No,0.3499,0.4191
Q6P5F6_T542___1,-0.15,No,0.3237,0.3771
Q6P9R1_T20___1,0.4318,Yes,0.0193,0.011
Q6PAJ1_T434___1,4.947,Yes,0.0001,0.0001
Q6PAL0_T584___1,0.06003,No,0.5151,0.7238
Q6PAL7_T1058___1,0.3033,No,0.0931,0.0742
Q6PDH0_T1228___1,0.9512,Yes,0.0001,0.0001
Q6PDK2_T2197___1,-0.04989,No,0.5344,0.769
Q6PFD9_T1069___1,-0.2863,No,0.1101,0.0918
Q6PHZ2_T337___1,0.1116,No,0.4031,0.5112
Q6PHZ2_T287___1,-0.1135,No,0.3994,0.504
Q6PHZ5_T529___1,0.04445,No,0.5459,0.7935
Q6ZPZ3_T40___1,-0.9686,Yes,0.0001,0.0001
Q6ZQ38_T1229___1,-0.5152,Yes,0.0053,0.0024
Q6ZQ58_T1048___1,0.5263,Yes,0.0044,0.0019
Q6ZQ58_T626___1,1.04,Yes,0.0001,0.0001
Q6ZQ58_T762___1,1.57,Yes,0.0001,0.0001
Q6ZWQ0_T4195___1,-0.2264,No,0.1886,0.1825
Q78PY7_T235___1,0.2886,No,0.1079,0.0893
Q7TMB8_T1234___1,-0.1943,No,0.241,0.2526
Q7TMV1_T667___1,1.003,Yes,0.0001,0.0001
Q7TMY8_T1905___1,-0.1497,No,0.3244,0.3782
Q7TPE5_T42___1,0.58,Yes,0.0017,0.0006
Q7TPS5_T339___1,-0.139,No,0.3461,0.4132
Q7TPV4_T14___1,0.09373,No,0.4427,0.5811
Q7TPW1_T502___1,-0.423,Yes,0.0219,0.0128
Q7TQ95_T392___1,0.2121,No,0.211,0.2118
Q7TSH3_T923___1,0.288,No,0.1086,0.09
Q80U35_T695___1,-0.5203,Yes,0.0049,0.0022
Q80WC3_T2077___1,0.01442,No,0.6074,0.9324
Q80WJ7_T96___1,1.296,Yes,0.0001,0.0001
Q80WW9_T61___1,0.8429,Yes,0.0001,0.0001
Q8BTM8_T48___1,-0.08383,No,0.4648,0.6216
Q80XQ2_T576___1,0.4882,Yes,0.0083,0.0041
Q80Y44_T587___1,-0.2921,No,0.1044,0.0854
Q80ZQ9_T192___1,-0.3989,Yes,0.0303,0.0188
Q811L6_T887___1,-0.1899,No,0.2491,0.2636
Q8BG95_T645___1,0.2878,No,0.1087,0.0902
Q8BGD9_T610___1,-0.1581,No,0.3075,0.3518
Q8BGT6_T351___1,-0.3294,No,0.0702,0.0525
Q8BGW2_T245___1,0.8388,Yes,0.0001,0.0001
Q8BGZ4_T562___1,0.008995,No,0.6184,0.9578
Q8BGZ4_T596___1,1.23,Yes,0.0001,0.0001
Q8BH07_T19___1,0.06103,No,0.5129,0.7193
Q8BH64_T524___1,0.04194,No,0.5509,0.805
Q8BH74_T46___1,-0.4038,Yes,0.0285,0.0174
Q8BHL3_T136___1,-0.3059,No,0.0905,0.0717
Q8BJ71_T51___1,-0.9766,Yes,0.0001,0.0001
Q8BJU0_T82___1,-0.1401,No,0.3439,0.4095
Q8BJU0_T305___1,-0.826,Yes,0.0001,0.0001
Q8BK03_T206___1,-0.2062,No,0.221,0.2247
Q8BK63_T321___1,0.86,Yes,0.0001,0.0001
Q8BKT7_T328___1,-0.08298,No,0.4666,0.6252
Q8BKX6_T3547___1,-0.485,Yes,0.0087,0.0043
Q8BLH7_T141___1,0.3747,Yes,0.0413,0.0274
Q8BLI4_T786___1,-0.2583,No,0.1436,0.1283
Q8BN21_T449___1,-0.3359,No,0.0653,0.048
Q8BN21_T451___1,-0.5405,Yes,0.0035,0.0015
Q8BP22_T351___1,-0.00973,No,0.6172,0.9543
Q921Y0_T35___1,0.06272,No,0.5095,0.7119
Q8BQ89_T20___1,0.7945,Yes,0.0001,0.0001
Q8BQR4_T131___1,-0.4071,Yes,0.0273,0.0165
Q8BQZ4_T379___1,-0.05943,No,0.5163,0.7264
Q8BQZ4_T363___1,0.001081,No,0.6334,0.9949
Q8BTI8_T1448___1,0.07896,No,0.4752,0.642
Q8BTI8_T2362___1,-0.1588,No,0.3064,0.3497
Q8BTI8_T1390___1,0.7103,Yes,0.0001,0.0001
Q8BTI8_T1428___1,0.1916,No,0.246,0.2593
Q8BTI8_T2553___1,1.591,Yes,0.0001,0.0001
Q8BTI8_T2056___1,-0.177,No,0.2717,0.2973
Q8BTI8_T860___1,0.2052,No,0.223,0.227
Q8BTI8_T2537___1,-0.07368,No,0.4867,0.6644
Q8BTI8_T1409___1,0.2159,No,0.2047,0.2036
Q8BTI8_T973___1,0.4428,Yes,0.0164,0.0091
Q8BTI8_T2421___1,1.229,Yes,0.0001,0.0001
Q8BTI8_T2268___1,0.1698,No,0.2848,0.3173
Q8BTI8_T1370___1,0.404,Yes,0.0284,0.0174
Q8BTM8_T2599___1,-0.3396,No,0.0626,0.0456
Q8BTM8_T1750___1,0.255,No,0.1476,0.1333
Q8BTM8_T2336___1,0.1595,No,0.3051,0.3476
Q8BTV2_T203___1,-0.2952,No,0.1012,0.0823
Q8BWR8_T31___1,0.3518,No,0.0543,0.0384
Q8BWW9_T121___1,-0.2368,No,0.1727,0.1633
Q8BWW9_T124___1,-0.167,No,0.2902,0.3254
Q8BX02_T58___1,0.1554,No,0.3133,0.3603
Q8BXA1_T603___1,0.6179,Yes,0.0008,0.0003
Q8BXK8_T836___1,0.1019,No,0.4245,0.5487
Q8BY89_T14___1,0.8754,Yes,0.0001,0.0001
Q8BYR2_T17___1,0.04301,No,0.5488,0.8001
Q8BZ21_T1228___1,-0.08558,No,0.4605,0.6144
Q8C080_T109___1,-0.9267,Yes,0.0001,0.0001
Q8C0D4_T631___1,0.4724,Yes,0.0106,0.0054
Q8C1D8_T672___1,-0.06728,No,0.4994,0.692
Q8C2Q3_T206___1,-0.4635,Yes,0.0121,0.0064
Q8C341_T1068___1,0.4095,Yes,0.0265,0.0159
Q8C854_T27___1,-0.007168,No,0.6225,0.9663
Q8C8U0_T963___1,-0.0605,No,0.514,0.7217
Q8C8U0_T350___1,-0.8762,Yes,0.0001,0.0001
Q8CC35_T69___1,-0.3375,No,0.064,0.0469
Q8CC35_T156___1,0.6431,Yes,0.0005,0.0002
Q8CHX7_T408___1,0.5068,Yes,0.0061,0.0028
Q8CIV2_T553___1,1.583,Yes,0.0001,0.0001
Q8CJ61_T208___1,-1.125,Yes,0.0001,0.0001
Q8K019_T400___1,-0.3698,Yes,0.0439,0.0295
Q8K019_T305___1,0.214,No,0.2079,0.2077
Q8K124_T296___1,-1.614,Yes,0.0001,0.0001
Q8K284_T1196___1,0.1111,No,0.4039,0.5129
Q8K2Y3_T86___1,0.09871,No,0.4312,0.5611
Q8K2Y3_T149___1,0.3757,Yes,0.0408,0.027
Q8K2Y3_T157___1,0.138,No,0.3481,0.4164
Q8K310_T166___1,0.3148,No,0.0824,0.0638
Q8K382_T928___1,-0.3591,Yes,0.0499,0.0345
Q8K394_T585___1,-0.2234,No,0.193,0.1885
Q8K3A9_T485___1,0.2424,No,0.1649,0.1536
Q8K4J6_T488___1,-0.03875,No,0.5568,0.8195
Q8K4L3_T811___1,-0.03952,No,0.5554,0.816
Q8R0G9_T28___1,0.2553,No,0.1472,0.1329
Q8R0S1_T53___1,0.2741,No,0.124,0.1066
Q8R1G6_T276___1,-1.478,Yes,0.0001,0.0001
Q8R1Q8_T513___1,0.1418,No,0.3403,0.4038
Q8R3C0_T160___1,0.9743,Yes,0.0001,0.0001
Q8R3S6_T471___1,0.2845,No,0.1121,0.0939
Q8R4H2_T736___1,-0.08309,No,0.4663,0.6247
Q8R4R6_T272___1,-0.7749,Yes,0.0001,0.0001
Q8VBT0_T277___1,0.5064,Yes,0.0062,0.0029
Q8VC70_T38___1,0.6728,Yes,0.0003,0.0001
Q8VCH6_T369___1,0.6498,Yes,0.0004,0.0001
Q8VCH8_T487___1,1.117,Yes,0.0001,0.0001
Q8VDD5_T1939___1,-0.4935,Yes,0.0076,0.0037
Q8VDM1_T416___1,0.02524,No,0.5862,0.8819
Q8VDM4_T9___1,-0.3488,No,0.0561,0.04
Q8VDM4_T20___1,0.4397,Yes,0.0172,0.0096
Q8VDN2_T382___1,-0.2826,No,0.1142,0.0962
Q8VHH5_T477___1,0.6549,Yes,0.0004,0.0001
Q8VHR5_T121___1,-0.0037,No,0.6287,0.9826
Q8VI59_T370___1,0.1699,No,0.2847,0.3171
Q8VIJ6_T679___1,0.6502,Yes,0.0004,0.0001
Q91V36_T409___1,-0.06629,No,0.5018,0.6963
Q91VA6_T292___1,1.334,Yes,0.0001,0.0001
Q91VL9_T356___1,0.3445,No,0.059,0.0425
Q91VM5_T163___1,-0.408,Yes,0.027,0.0163
Q91VM5_T178___1,0.818,Yes,0.0001,0.0001
Q91VR2_T144___1,-0.06875,No,0.4969,0.6856
Q91VW9_T136___1,-0.3043,No,0.0921,0.0733
Q91W92_T34___1,-0.5154,Yes,0.0053,0.0024
Q91WJ8_T149___1,0.07603,No,0.4816,0.6544
Q91WL8_T12___1,0.09641,No,0.4364,0.5703
Q91X51_T439___1,1.171,Yes,0.0001,0.0001
Q91XC8_T50___1,3.696,Yes,0.0001,0.0001
Q91XF4_T288___1,2.542,Yes,0.0001,0.0001
Q91YD3_T420___1,-0.2047,No,0.2237,0.2282
Q91YR1_T349___1,-0.2471,No,0.1584,0.1457
Q91YR7_T275___1,0.2478,No,0.1574,0.1446
Q91YR7_T266___1,0.2991,No,0.0972,0.0783
Q91YS8_T177___1,1.364,Yes,0.0001,0.0001
Q91YU6_T426___1,-0.774,Yes,0.0001,0.0001
Q91Z67_T1070___1,0.4958,Yes,0.0073,0.0035
Q920G9_T66___1,-0.6362,Yes,0.0006,0.0002
Q922K7_T169___1,0.442,Yes,0.0166,0.0093
Q922P9_T263___1,-0.7464,Yes,0.0001,0.0001
Q923J1_T1466___1,0.07979,No,0.4733,0.6385
Q924A2_T470___1,-0.5019,Yes,0.0066,0.0031
Q99J09_T5___1,-0.3673,Yes,0.0452,0.0306
Q99J45_T431___1,-0.0005145,No,0.6345,0.9976
Q99J45_T433___1,-0.1222,No,0.3801,0.4719
Q99JF8_T122___1,-0.279,No,0.1183,0.1005
Q99JN2_T605___1,0.5212,Yes,0.0048,0.0022
Q99JP0_T605___1,-0.03814,No,0.558,0.8223
Q99JT2_T172___1,0.2225,No,0.1943,0.1901
Q99K01_T687___1,0.7576,Yes,0.0001,0.0001
Q99K48_T15___1,2.194,Yes,0.0001,0.0001
Q99K48_T452___1,0.6085,Yes,0.001,0.0003
Q99KH8_T341___1,0.07931,No,0.4744,0.6405
Q99KH8_T178___1,-0.09909,No,0.4304,0.5596
Q99L48_T470___1,-0.3266,No,0.0724,0.0545
Q99LD4_T459___1,1.484,Yes,0.0001,0.0001
Q99MN1_T585___1,0.6423,Yes,0.0005,0.0002
Q99MS7_T448___1,0.08374,No,0.4649,0.622
Q99NB9_T326___1,-0.2543,No,0.1486,0.1344
Q99NB9_T328___1,0.006944,No,0.6228,0.9674
Q99NB9_T223___1,-0.4352,Yes,0.0184,0.0104
Q99NB9_T227___1,0.05527,No,0.5241,0.7449
Q99NB9_T235___1,-0.3019,No,0.0945,0.0755
Q99NB9_T434___1,-0.4124,Yes,0.0254,0.0152
Q99NB9_T296___1,-0.1497,No,0.3244,0.3781
Q99NB9_T207___1,-0.4593,Yes,0.0129,0.0068
Q99NB9_T211___1,-0.0449,No,0.5452,0.7915
Q99NB9_T350___1,-0.1673,No,0.2897,0.3246
Q99NB9_T426___1,-0.2012,No,0.2293,0.2362
Q99P72_T430___1,0.2382,No,0.1708,0.1609
Q99PP2_T193___1,-0.2892,No,0.1073,0.0887
Q99PW8_T191___1,0.201,No,0.2296,0.2366
Q9CPN8_T528___1,0.08926,No,0.4523,0.5992
Q9CQ22_T28___1,0.8244,Yes,0.0001,0.0001
Q9CQS4_T45___1,-0.618,Yes,0.0008,0.0003
Q9CQV4_T440___1,0.1994,No,0.2325,0.2404
Q9CQV8_T2___1,0.3005,No,0.0959,0.0769
Q9CR29_T137___1,-0.06982,No,0.4945,0.681
Q9CR89_T9___1,-0.6383,Yes,0.0005,0.0002
Q9CRD0_T146___1,1.285,Yes,0.0001,0.0001
Q9CRD2_T121___1,0.9484,Yes,0.0001,0.0001
Q9CU62_T581___1,0.9183,Yes,0.0001,0.0001
Q9CU65_T1375___1,0.2239,No,0.1923,0.1874
Q9D0C4_T487___1,-0.2615,No,0.1391,0.1236
Q9D0L8_T34___1,-0.04252,No,0.5498,0.8023
Q9D1F4_T247___1,1.076,Yes,0.0001,0.0001
Q9D219_T315___1,-0.009488,No,0.6178,0.9555
Q9D554_T475___1,0.05353,No,0.5271,0.7526
Q9D6W8_T201___1,-0.05413,No,0.5261,0.7499
Q9D6Z1_T467___1,-0.8015,Yes,0.0001,0.0001
Q9D7A8_T137___1,0.5002,Yes,0.0068,0.0032
Q9D823_T83___1,0.5567,Yes,0.0026,0.001
Q9D8N0_T46___1,0.3956,Yes,0.0317,0.0199
Q9D8T4_T199___1,0.1679,No,0.2885,0.3229
Q9D9B4_T152___1,-0.06301,No,0.5091,0.7107
Q9DAS9_T8___1,-0.2374,No,0.1717,0.1621
Q9DBD5_T751___1,-0.2174,No,0.2024,0.2006
Q9DBG3_T2___1,0.4532,Yes,0.0141,0.0076
Q9DBJ3_T276___1,0.5124,Yes,0.0056,0.0026
Q9DBR2_T374___1,-0.2938,No,0.1027,0.0837
Q9DBR7_T443___1,-0.6279,Yes,0.0007,0.0002
Q9DBR7_T967___1,-0.5722,Yes,0.002,0.0008
Q9DBR7_T694___1,0.2862,No,0.1103,0.092
Q9DBR7_T596___1,-0.1003,No,0.428,0.555
Q9EP71_T297___1,-1.114,Yes,0.0001,0.0001
Q9EP71_T249___1,-0.6458,Yes,0.0005,0.0001
Q9EPC1_T16___1,-0.07441,No,0.485,0.6613
Q9EQN3_T223___1,-0.2199,No,0.1984,0.1954
Q9ERG0_T629___1,0.2793,No,0.1179,0.1001
Q9ERH7_T358___1,-0.2339,No,0.1771,0.1686
Q9ERU9_T2578___1,-0.02008,No,0.5967,0.9059
Q9ERU9_T2342___1,-0.2014,No,0.229,0.2357
Q9ERU9_T799___1,0.4384,Yes,0.0176,0.0099
Q9ES18_T48___1,-0.367,Yes,0.0454,0.0307
Q9ESJ1_T350___1,-0.4105,Yes,0.0261,0.0156
Q9ESV0_T294___1,1.223,Yes,0.0001,0.0001
Q9ESX5_T485___1,-0.1638,No,0.2966,0.3349
Q9ET78_T483___1,-0.5467,Yes,0.0031,0.0013
Q9JHE7_T124___1,-0.3392,No,0.0629,0.0458
Q9JHS9_T47___1,-0.2169,No,0.2031,0.2015
Q9JHU2_T270___1,0.06726,No,0.4994,0.6921
Q9JHU4_T4367___1,1.301,Yes,0.0001,0.0001
Q9JI10_T336___1,-0.02854,No,0.5794,0.8665
Q9JIS8_T983___1,0.3317,No,0.0684,0.0509
Q9JJ66_T70___1,2.467,Yes,0.0001,0.0001
Q9JJA4_T221___1,-0.4416,Yes,0.0168,0.0093
Q9JJZ4_T267___1,0.3797,Yes,0.0388,0.0254
Q9JKV1_T217___1,1.061,Yes,0.0001,0.0001
Q9JLL0_T1036___1,-0.5169,Yes,0.0052,0.0023
Q9JLV1_T560___1,0.2439,No,0.1629,0.151
Q9QWF0_T195___1,1.04,Yes,0.0001,0.0001
Q9QXK7_T681___1,0.05986,No,0.5155,0.7245
Q9QXZ0_T5286___1,-0.8423,Yes,0.0001,0.0001
Q9QYC0_T358___1,-0.2709,No,0.1278,0.1107
Q9QYR6_T2182___1,0.3195,No,0.0784,0.0599
Q9QYR6_T1928___1,-0.3933,Yes,0.0327,0.0206
Q9QYR6_T504___1,-0.03132,No,0.573,0.8537
Q9QYY0_T639___1,-0.4478,Yes,0.0152,0.0084
Q9QZ05_T666___1,-0.03047,No,0.5749,0.8576
Q9QZI8_T352___1,0.0462,No,0.5427,0.7856
Q9Z0U0_T689___1,0.9713,Yes,0.0001,0.0001
Q9R1E6_T823___1,-0.1424,No,0.3392,0.4019
Q9R1Q7_T146___1,0.04986,No,0.5344,0.7691
Q9R1Q7_T149___1,-0.1369,No,0.3505,0.4202
Q9R1Z8_T237___1,0.4266,Yes,0.0208,0.012
Q9R1Z8_T648___1,0.1597,No,0.3047,0.3471
Q9WTK5_T425___1,-0.115,No,0.3958,0.4982
Q9WTQ5_T1040___1,0.1656,No,0.293,0.3297
Q9WTQ5_T1191___1,-0.6207,Yes,0.0008,0.0003
Q9WU42_T1350___1,0.2174,No,0.2024,0.2006
Q9WVE8_T311___1,0.2337,No,0.1773,0.1688
Q9WVL3_T980___1,0.3494,No,0.0558,0.0397
Q9WVM1_T278___1,1.657,Yes,0.0001,0.0001
Q9Z0P4_T141___1,-0.2071,No,0.2196,0.2227
Q9Z0P4_T145___1,-0.4852,Yes,0.0087,0.0043
Q9Z0P4_T153___1,-0.1169,No,0.3919,0.4913
Q9Z0U1_T915___1,-0.01279,No,0.6112,0.94
Q9Z1N5_T172___1,0.8454,Yes,0.0001,0.0001
Q9Z1S8_T388___1,-0.8304,Yes,0.0001,0.0001
Q9Z1W9_T366___1,-0.1098,No,0.4069,0.5179
Q9Z2F6_T44___1,-0.05283,No,0.5285,0.7558
Q9Z2X1_T215___1,-0.4521,Yes,0.0143,0.0078
B2RQE8_Y759___1,0.1481,No,0.3272,0.3832
O08908_Y458___1,0.5743,Yes,0.0019,0.0007
O08911_Y185___1,-0.6854,Yes,0.0002,0.0001
O35177_Y344___1,0.4606,Yes,0.0127,0.0067
O35177_Y165___1,0.7385,Yes,0.0001,0.0001
O54724_Y310___1,-0.2106,No,0.2133,0.215
O70433_Y158___1,-0.5229,Yes,0.0047,0.0021
Q04736_Y424___1,0.395,Yes,0.0319,0.02
P07356_Y238___1,0.2995,No,0.0968,0.0778
P0DP28_Y100___1,-0.03932,No,0.5558,0.8169
P10126_Y141___1,-0.5364,Yes,0.0037,0.0016
P11440_Y15___1,1.829,Yes,0.0001,0.0001
P17182_Y44___1,-0.2624,No,0.138,0.1224
P20152_Y61___1,0.06533,No,0.5038,0.7005
P20152_Y117___1,0.2692,No,0.1298,0.113
P23242_Y313___1,0.5239,Yes,0.0046,0.002
P25911_Y397___1,0.1475,No,0.3287,0.3853
P26039_Y70___1,-0.5907,Yes,0.0014,0.0005
P26039_Y436___1,0.1808,No,0.2653,0.2871
P26039_Y26___1,-0.5955,Yes,0.0012,0.0005
P26231_Y619___1,0.3308,No,0.0691,0.0515
P26450_Y580___1,-1.446,Yes,0.0001,0.0001
P35822_Y928___1,-0.8617,Yes,0.0001,0.0001
P34152_Y397___1,-0.4053,Yes,0.028,0.017
P34152_Y570___1,-0.05066,No,0.533,0.7655
P34152_Y576___1,-0.2178,No,0.2016,0.1997
P35802_Y277___1,-0.68,Yes,0.0002,0.0001
P42227_Y705___1,-0.3684,Yes,0.0446,0.0301
P42230_Y694___1,-1.377,Yes,0.0001,0.0001
P42232_Y699___1,-1.279,Yes,0.0001,0.0001
P47811_Y182___1,0.0124,No,0.6119,0.9418
P54754_Y787___1,0.07236,No,0.4895,0.6701
P59383_Y713___1,0.1562,No,0.3116,0.3578
P61622_Y176___1,-0.5174,Yes,0.0051,0.0023
P63085_Y185___1,0.1565,No,0.3109,0.3569
P70175_Y705___1,-0.09454,No,0.4406,0.5778
P70460_Y39___1,-0.4202,Yes,0.0228,0.0134
P81122_Y734___1,-3.465,Yes,0.0001,0.0001
P81122_Y814___1,-1.568,Yes,0.0001,0.0001
Q00993_Y696___1,0.09851,No,0.4316,0.5619
Q00993_Y697___1,0.09851,No,0.4316,0.5619
Q03137_Y779___1,-0.1816,No,0.2638,0.2849
Q2NL51_Y279___1,-0.2169,No,0.2031,0.2016
Q3UTQ8_Y171___1,-0.1553,No,0.3133,0.3604
Q5U4C9_Y380___1,-0.239,No,0.1697,0.1594
Q61136_Y849___1,-0.02292,No,0.5902,0.8927
Q61140_Y556___1,0.005109,No,0.6261,0.976
Q61214_Y321___1,-0.4773,Yes,0.0098,0.005
Q63844_Y205___1,0.2742,No,0.1239,0.1064
Q64010_Y136___1,-0.2004,No,0.2308,0.2381
Q64727_Y692___1,-0.05966,No,0.5158,0.7254
Q64727_Y822___1,-0.3787,Yes,0.0393,0.0258
Q69Z38_Y528___1,-0.6342,Yes,0.0006,0.0002
Q6PD21_Y262___1,-0.05692,No,0.521,0.7375
Q6PD21_Y113___1,0.09951,No,0.4295,0.558
Q6PD21_Y330___1,0.2855,No,0.111,0.0928
Q7TPR4_Y193___1,-0.2531,No,0.15,0.1361
Q8BZW8_Y403___1,0.9037,Yes,0.0001,0.0001
Q8C351_Y380___1,0.2259,No,0.1893,0.1835
Q8R143_Y171___1,-0.3545,No,0.0527,0.0369
Q8VDJ3_Y437___1,0.6793,Yes,0.0002,0.0001
Q8VI36_Y118___1,0.0786,No,0.4758,0.6435
Q921Q7_Y35___1,0.06946,No,0.4952,0.6826
Q9DBJ1_Y92___1,-0.187,No,0.2542,0.2709
Q9QVP9_Y580___1,0.7758,Yes,0.0001,0.0001
Q9QYY0_Y660___1,0.05502,No,0.5246,0.746
Q9QZ05_Y1351___1,0.3386,No,0.0633,0.0462
A2A432_S196___2,-0.2037,No,0.2253,0.2305
A2A432_S110___2,2.99,Yes,0.0001,0.0001
A2A5R2_S218___2,-0.05569,No,0.5236,0.743
A2A690_S1534___2,0.06209,No,0.5107,0.7147
A2A690_S1538___2,0.06209,No,0.5107,0.7147
A2A690_S400___2,0.8226,Yes,0.0001,0.0001
A2A690_S404___2,0.8226,Yes,0.0001,0.0001
A2A6A1_S1185___2,-0.1847,No,0.2583,0.2768
A2A6A1_S1013___2,0.1619,No,0.3003,0.3404
A2A6A1_S1037___2,0.2592,No,0.1424,0.127
A2A6A1_S985___2,-0.3363,No,0.065,0.0477
A2A884_S1922___2,-0.761,Yes,0.0001,0.0001
A2A884_S2199___2,-0.4773,Yes,0.0098,0.005
A2A884_S2209___2,-0.4773,Yes,0.0098,0.005
A2A9A2_S204___2,0.03824,No,0.5578,0.8219
A2A9A2_S214___2,0.03824,No,0.5578,0.8219
A2A9A2_S233___2,0.1989,No,0.2334,0.2416
A2AEV7_S277___2,-0.04706,No,0.5407,0.7817
A2AG58_S80___2,-0.2119,No,0.2112,0.2123
A2AHC3_S550___2,0.952,Yes,0.0001,0.0001
A2AJI0_S544___2,-0.01878,No,0.5992,0.912
A2AJI0_S548___2,-0.01878,No,0.5992,0.912
A2AJI0_S127___2,0.242,No,0.1654,0.1542
A2ALU4_S1039___2,-0.1179,No,0.3894,0.4874
A2ALU4_S223___2,-0.0363,No,0.5618,0.8308
A2AM29_S413___2,0.05382,No,0.5265,0.7514
A2AM29_S420___2,0.05382,No,0.5265,0.7514
A2AR02_S742___2,0.3277,No,0.0715,0.0537
A2AR02_S411___2,-0.491,Yes,0.0079,0.0038
A2AR02_S413___2,-0.491,Yes,0.0079,0.0038
A2ARV4_S4464___2,0.4084,Yes,0.0269,0.0162
A2BH40_S699___2,0.06095,No,0.5131,0.7197
A2BH40_S703___2,0.1877,No,0.2529,0.2692
A2BH40_S1756___2,0.1174,No,0.3908,0.4896
A2RSY1_S515___2,-0.5257,Yes,0.0045,0.002
B1AY10_S151___2,-0.3824,Yes,0.0375,0.0243
B1AY10_S49___2,-0.007083,No,0.6226,0.9667
B1AY10_S51___2,-0.007083,No,0.6226,0.9667
B1AY13_S2074___2,0.188,No,0.2525,0.2683
B1AY13_S2078___2,0.188,No,0.2525,0.2683
B1AYB6_S499___2,0.178,No,0.2702,0.2947
B1AZA5_S323___2,1.051,Yes,0.0001,0.0001
B2KF05_S17___2,0.4505,Yes,0.0147,0.008
B2KF05_S19___2,0.4505,Yes,0.0147,0.008
B2RQC2_S1227___2,0.00946,No,0.6178,0.9556
B2RR83_S1282___2,-0.07044,No,0.4932,0.6783
B2RRE7_S1016___2,-0.2535,No,0.1495,0.1356
B2RUJ5_S84___2,-0.5342,Yes,0.0038,0.0017
B2RUJ5_S87___2,-0.5342,Yes,0.0038,0.0017
B2RUR8_S464___2,-0.334,No,0.0666,0.0492
B2RY04_S1780___2,0.8934,Yes,0.0001,0.0001
B2RY56_S670___2,-0.04567,No,0.5437,0.788
B2RY56_S678___2,0.848,Yes,0.0001,0.0001
B9EJ86_S807___2,-0.6504,Yes,0.0004,0.0001
B9EJ86_S808___2,-0.6504,Yes,0.0004,0.0001
C0HKD9_S118___2,-0.06757,No,0.4989,0.6907
C0HKD9_S132___2,-0.02364,No,0.5888,0.8893
C0HKD9_S133___2,-0.02364,No,0.5888,0.8893
D3YVF0_S242___2,-0.2877,No,0.1088,0.0903
D3YVF0_S251___2,-0.2877,No,0.1088,0.0903
D3YWE6_S932___2,-0.407,Yes,0.0273,0.0166
D3YWE6_S936___2,-0.407,Yes,0.0273,0.0166
D3YZP9_S233___2,0.3595,Yes,0.0496,0.0343
D3YZV8_S142___2,0.7492,Yes,0.0001,0.0001
D3YZV8_S146___2,0.7492,Yes,0.0001,0.0001
E2JF22_S1389___2,-0.12,No,0.3849,0.4798
E2JF22_S1627___2,-0.2136,No,0.2085,0.2085
E9PYL2_S1562___2,0.08171,No,0.4691,0.6305
E9PYL2_S1372___2,-0.1599,No,0.3044,0.3466
E9PYL2_S1373___2,-0.1599,No,0.3044,0.3466
E9Q1P8_S438___2,0.003699,No,0.6287,0.9826
E9Q286_S1582___2,-0.812,Yes,0.0001,0.0001
E9Q309_S935___2,-0.5403,Yes,0.0035,0.0015
E9Q309_S937___2,-0.5403,Yes,0.0035,0.0015
E9Q3L2_S260___2,-0.613,Yes,0.0009,0.0003
E9Q4F7_S836___2,-0.07495,No,0.4839,0.659
E9Q4F7_S838___2,-0.07495,No,0.4839,0.659
E9Q555_S271___2,2.234,Yes,0.0001,0.0001
E9Q555_S274___2,2.234,Yes,0.0001,0.0001
E9Q5C9_S418___2,3.148,Yes,0.0001,0.0001
E9Q5C9_S689___2,0.7088,Yes,0.0001,0.0001
E9Q5C9_S696___2,1.003,Yes,0.0001,0.0001
E9Q6P5_S629___2,-0.3543,No,0.0528,0.037
E9Q784_S324___2,-0.01215,No,0.6125,0.943
E9Q784_S951___2,0.2944,No,0.1019,0.083
E9Q784_S209___2,-0.1197,No,0.3857,0.4811
E9Q784_S907___2,0.6438,Yes,0.0005,0.0002
E9Q784_S913___2,0.6438,Yes,0.0005,0.0002
E9Q784_S357___2,0.05463,No,0.5254,0.7477
E9Q784_S1090___2,0.2994,No,0.0969,0.0779
E9Q784_S1093___2,0.2994,No,0.0969,0.0779
E9Q7F2_S309___2,-0.2925,No,0.1041,0.0851
E9Q7F2_S236___2,0.5611,Yes,0.0024,0.001
E9Q7G0_S1771___2,1.279,Yes,0.0001,0.0001
E9Q7G0_S1782___2,1.279,Yes,0.0001,0.0001
E9Q7G0_S1974___2,3.397,Yes,0.0001,0.0001
E9Q942_S59___2,0.5597,Yes,0.0025,0.001
E9Q9R9_S1000___2,0.2605,No,0.1406,0.1251
F6ZDS4_S2102___2,-1.432,Yes,0.0001,0.0001
F8VPU2_S433___2,0.3994,Yes,0.0302,0.0187
F8VPU2_S23___2,-0.0706,No,0.493,0.6777
F8VPU2_S376___2,0.1987,No,0.2337,0.2421
F8VPU2_S408___2,0.3419,No,0.0609,0.0441
F8VPU2_S881___2,-1.205,Yes,0.0001,0.0001
F8VPU2_S899___2,-0.3055,No,0.0909,0.0721
G3UYX5_S273___2,-0.4885,Yes,0.0082,0.004
G3UYX5_S275___2,-0.4885,Yes,0.0082,0.004
G3X9J0_S1541___2,-0.1035,No,0.4208,0.5421
G5E829_S1182___2,-0.3698,Yes,0.0439,0.0295
G5E870_S1460___2,-1.25,Yes,0.0001,0.0001
O08550_S1101___2,-0.02142,No,0.5936,0.8996
O08550_S1037___2,0.08523,No,0.4614,0.6158
O08550_S1040___2,0.08523,No,0.4614,0.6158
O08553_S518___2,0.5948,Yes,0.0013,0.0005
O08582_S44___2,0.2763,No,0.1215,0.1038
O08582_S47___2,0.2763,No,0.1215,0.1038
O08582_S8___2,0.2225,No,0.1944,0.1902
O08582_S12___2,0.2518,No,0.1519,0.1383
O08664_S97___2,-0.6583,Yes,0.0003,0.0001
O08664_S100___2,-0.6583,Yes,0.0003,0.0001
O08784_S590___2,-0.162,No,0.3001,0.3401
O08919_S224___2,-0.7661,Yes,0.0001,0.0001
O35071_S676___2,-0.1334,No,0.3577,0.4323
O35126_S107___2,0.2057,No,0.2219,0.2258
O35231_S815___2,0.5679,Yes,0.0021,0.0008
O35379_S878___2,-0.0449,No,0.5452,0.7915
O35492_S224___2,0.4049,Yes,0.0281,0.0171
O35492_S226___2,0.4049,Yes,0.0281,0.0171
O35493_S136___2,-0.3016,No,0.0947,0.0758
O35516_S2071___2,0.5852,Yes,0.0015,0.0006
O35516_S2082___2,0.5852,Yes,0.0015,0.0006
O35638_S1064___2,-0.595,Yes,0.0013,0.0005
O35664_S444___2,0.1767,No,0.2723,0.2982
O54724_S38___2,-0.9052,Yes,0.0001,0.0001
O54724_S48___2,-1.255,Yes,0.0001,0.0001
O54724_S204___2,-0.2793,No,0.1179,0.1001
O54724_S205___2,-0.2793,No,0.1179,0.1001
O54724_S391___2,-0.3351,No,0.0659,0.0485
O54774_S755___2,0.2976,No,0.0988,0.0798
O54774_S686___2,1.877,Yes,0.0001,0.0001
O54774_S688___2,1.877,Yes,0.0001,0.0001
O54781_S487___2,1.745,Yes,0.0001,0.0001
O54824_S686___2,-0.1715,No,0.2818,0.3126
O54825_S166___2,0.08866,No,0.4538,0.6017
O54825_S169___2,0.08866,No,0.4538,0.6017
O54826_S688___2,-0.05862,No,0.5181,0.73
O54826_S691___2,-0.0605,No,0.514,0.7217
O54826_S532___2,0.1517,No,0.3204,0.3717
O54826_S536___2,0.1517,No,0.3204,0.3717
O54916_S534___2,-0.4088,Yes,0.0267,0.0161
O54916_S539___2,-0.4864,Yes,0.0085,0.0042
O55003_S79___2,-0.4981,Yes,0.007,0.0034
O55003_S85___2,0.3045,No,0.0919,0.073
O70146_S439___2,0.02431,No,0.5879,0.8862
O70146_S443___2,0.02431,No,0.5879,0.8862
O70194_S528___2,0.2016,No,0.2288,0.2352
O70194_S529___2,0.2016,No,0.2288,0.2352
O70279_S424___2,0.1566,No,0.3108,0.3567
O70279_S394___2,0.1045,No,0.4188,0.5384
O70279_S398___2,0.1045,No,0.4188,0.5384
O70279_S449___2,0.1796,No,0.2674,0.2903
O70305_S731___2,0.3133,No,0.0837,0.0651
O70305_S832___2,0.02386,No,0.5884,0.8883
O70305_S836___2,0.02386,No,0.5884,0.8883
O70305_S636___2,0.6415,Yes,0.0005,0.0002
O70306_S252___2,-0.09046,No,0.4497,0.5943
O70306_S253___2,-0.09046,No,0.4497,0.5943
O70361_S714___2,1.667,Yes,0.0001,0.0001
O70494_S568___2,-1.234,Yes,0.0001,0.0001
O70551_S39___2,0.4978,Yes,0.0071,0.0034
O88286_S1184___2,-0.2067,No,0.2203,0.2237
O88286_S1045___2,0.3335,No,0.067,0.0496
O88379_S1412___2,0.3264,No,0.0725,0.0546
O88379_S1416___2,0.3264,No,0.0725,0.0546
O88447_S523___2,0.3956,Yes,0.0317,0.0199
O88466_S1040___2,1.128,Yes,0.0001,0.0001
O88466_S1291___2,1.057,Yes,0.0001,0.0001
O88466_S1296___2,1.057,Yes,0.0001,0.0001
O88573_S183___2,-0.3166,No,0.0808,0.0623
O88573_S191___2,0.0399,No,0.5548,0.8143
O88573_S197___2,-0.2549,No,0.1477,0.1334
O88573_S755___2,-0.3408,No,0.0616,0.0448
O88573_S760___2,-0.3408,No,0.0616,0.0448
O88574_S131___2,0.06855,No,0.4971,0.6865
O88574_S138___2,0.06855,No,0.4971,0.6865
O88643_S220___2,1.081,Yes,0.0001,0.0001
O88746_S462___2,0.4685,Yes,0.0112,0.0058
O88907_S483___2,0.1783,No,0.2697,0.2938
O88939_S335___2,0.02939,No,0.5776,0.8626
P01108_S62___2,-0.2893,No,0.1072,0.0886
P06795_S665___2,-0.4385,Yes,0.0176,0.0098
P08775_S1864___2,-0.2382,No,0.1708,0.1608
P08775_S1871___2,-0.27,No,0.1288,0.1119
P08775_S1878___2,-0.1791,No,0.2683,0.2917
P08775_S1882___2,-0.1427,No,0.3384,0.4007
P08775_S1899___2,-0.2694,No,0.1294,0.1127
P08775_S1850___2,-0.1952,No,0.2398,0.2505
P08775_S1857___2,-0.1807,No,0.2654,0.2873
P09450_S256___2,-0.02674,No,0.5834,0.8749
P09450_S248___2,0.01625,No,0.6043,0.9238
P0C090_S801___2,-0.1712,No,0.2822,0.3134
P0C090_S806___2,-0.1712,No,0.2822,0.3134
P10923_S283___2,0.6505,Yes,0.0004,0.0001
P10923_S231___2,0.6716,Yes,0.0003,0.0001
P10923_S234___2,0.6716,Yes,0.0003,0.0001
P14873_S1373___2,-0.2472,No,0.1582,0.1456
P14873_S1251___2,0.134,No,0.3564,0.4301
P14873_S1255___2,0.04793,No,0.5388,0.7778
P14873_S828___2,-0.2136,No,0.2085,0.2085
P14873_S829___2,-0.2136,No,0.2085,0.2085
P14873_S1391___2,0.5793,Yes,0.0017,0.0006
P14873_S1403___2,-0.6462,Yes,0.0004,0.0001
P15066_S253___2,-0.5051,Yes,0.0063,0.0029
P15261_S370___2,0.5031,Yes,0.0065,0.0031
P15920_S700___2,0.2226,No,0.1943,0.1901
P16056_S995___2,-0.3097,No,0.087,0.0683
P16056_S998___2,-0.1707,No,0.2832,0.3149
P17141_S586___2,-1.551,Yes,0.0001,0.0001
P18608_S87___2,-0.694,Yes,0.0002,0.0001
P18654_S375___2,-0.2924,No,0.1041,0.0851
P20152_S420___2,-0.425,Yes,0.0213,0.0123
P20152_S51___2,0.1786,No,0.2694,0.2931
P20152_S54___2,0.4574,Yes,0.0133,0.0071
P20357_S1791___2,0.1253,No,0.3736,0.4606
P23198_S97___2,0.09639,No,0.4365,0.5704
P23198_S99___2,-0.1642,No,0.2958,0.3337
P23242_S325___2,0.776,Yes,0.0001,0.0001
P23242_S368___2,0.6726,Yes,0.0003,0.0001
P23881_S60___2,-0.3861,Yes,0.0358,0.023
P23881_S66___2,-0.3861,Yes,0.0358,0.023
P25206_S668___2,-0.7079,Yes,0.0001,0.0001
P25446_S217___2,-0.3742,Yes,0.0415,0.0276
P25446_S207___2,-0.374,Yes,0.0416,0.0277
P28667_S116___2,-0.3135,No,0.0835,0.0649
P28867_S504___2,-0.2702,No,0.1286,0.1117
P30415_S244___2,-0.2947,No,0.1015,0.0827
P30415_S260___2,-0.2639,No,0.1362,0.1203
P30415_S263___2,-0.1452,No,0.3332,0.3926
P31750_S129___2,0.3052,No,0.0912,0.0723
P31750_S473___2,2.319,Yes,0.0001,0.0001
P31750_S477___2,2.319,Yes,0.0001,0.0001
P33611_S150___2,2.16,Yes,0.0001,0.0001
P35564_S553___2,0.5911,Yes,0.0014,0.0005
P35689_S571___2,-0.1282,No,0.3678,0.4503
P35831_S670___2,-0.05969,No,0.5158,0.7253
P35831_S628___2,1.474,Yes,0.0001,0.0001
P35831_S632___2,1.474,Yes,0.0001,0.0001
P35980_S161___2,0.5239,Yes,0.0046,0.002
P37913_S907___2,0.3737,Yes,0.0418,0.0278
P39447_S175___2,0.252,No,0.1517,0.138
P39447_S179___2,0.3282,No,0.0711,0.0533
P40694_S796___2,0.01637,No,0.6043,0.9232
P41234_S1327___2,0.6396,Yes,0.0005,0.0002
P41234_S1331___2,0.6396,Yes,0.0005,0.0002
P42128_S402___2,0.1571,No,0.3096,0.3549
P42128_S414___2,0.6645,Yes,0.0003,0.0001
P42128_S225___2,1.118,Yes,0.0001,0.0001
P42128_S229___2,1.118,Yes,0.0001,0.0001
P42128_S427___2,0.9036,Yes,0.0001,0.0001
P42859_S398___2,0.3761,Yes,0.0406,0.0268
P43136_S35___2,0.2518,No,0.1519,0.1382
P45481_S1073___2,-0.9848,Yes,0.0001,0.0001
P46061_S444___2,1.649,Yes,0.0001,0.0001
P46414_S175___2,-0.2311,No,0.1815,0.1736
P46938_S90___2,0.4924,Yes,0.0077,0.0037
P48678_S620___2,-0.03646,No,0.5615,0.83
P48755_S267___2,0.1568,No,0.3103,0.356
P49282_S564___2,-0.2093,No,0.2156,0.2178
P49312_S309___2,0.4414,Yes,0.0168,0.0094
P49586_S346___2,0.2547,No,0.1479,0.1337
P49769_S327___2,0.1169,No,0.3919,0.4913
P50636_S631___2,-0.6633,Yes,0.0003,0.0001
P50636_S634___2,-0.6633,Yes,0.0003,0.0001
P51141_S676___2,-0.7526,Yes,0.0001,0.0001
P51141_S115___2,-0.4595,Yes,0.0129,0.0068
P51141_S89___2,-0.6731,Yes,0.0003,0.0001
P51612_S875___2,-1.379,Yes,0.0001,0.0001
P51612_S876___2,-1.379,Yes,0.0001,0.0001
P51612_S101___2,-0.6081,Yes,0.001,0.0003
P52479_S223___2,0.6691,Yes,0.0003,0.0001
P52592_S329___2,0.03772,No,0.5585,0.8243
P52592_S331___2,-0.1735,No,0.2781,0.3069
P52592_S332___2,-0.1977,No,0.2353,0.2445
P52734_S714___2,0.434,Yes,0.0187,0.0106
P52963_S445___2,-0.417,Yes,0.0238,0.0141
P52963_S649___2,-0.1415,No,0.3409,0.4047
P52963_S652___2,-0.1415,No,0.3409,0.4047
P53668_S310___2,-0.1258,No,0.3728,0.4588
P53995_S680___2,2.1,Yes,0.0001,0.0001
P55258_S181___2,0.2784,No,0.119,0.1012
P56203_S312___2,0.05697,No,0.5209,0.7373
P56485_S347___2,1.122,Yes,0.0001,0.0001
P56485_S355___2,0.459,Yes,0.013,0.0069
P56726_S777___2,1.135,Yes,0.0001,0.0001
P58058_S50___2,0.4148,Yes,0.0246,0.0146
P58334_S103___2,0.7206,Yes,0.0001,0.0001
P58334_S113___2,0.7206,Yes,0.0001,0.0001
P58501_S559___2,-0.2327,No,0.179,0.1707
P58501_S560___2,-0.2327,No,0.179,0.1707
P58660_S18___2,-0.3366,No,0.0647,0.0475
P58660_S20___2,-0.3366,No,0.0647,0.0475
P58801_S412___2,2.244,Yes,0.0001,0.0001
P58871_S418___2,0.3385,No,0.0634,0.0463
P58871_S500___2,-0.1091,No,0.4085,0.5208
P58871_S1371___2,-0.01839,No,0.5997,0.9138
P58871_S1373___2,-0.1217,No,0.3812,0.4737
P59114_S140___2,-2.094,Yes,0.0001,0.0001
P59114_S143___2,-2.094,Yes,0.0001,0.0001
P59222_S694___2,0.1587,No,0.3065,0.3501
P59222_S695___2,0.08608,No,0.4592,0.6123
P59222_S636___2,0.186,No,0.2559,0.2735
P59242_S84___2,-1.611,Yes,0.0001,0.0001
P59242_S89___2,-1.406,Yes,0.0001,0.0001
P59242_S90___2,-1.653,Yes,0.0001,0.0001
P59242_S326___2,-0.6791,Yes,0.0002,0.0001
P59242_S339___2,-0.6791,Yes,0.0002,0.0001
P59242_S134___2,-0.3731,Yes,0.0421,0.028
P59325_S387___2,-0.06121,No,0.5127,0.7186
P59672_S668___2,-0.3963,Yes,0.0314,0.0196
P59808_S94___2,0.2986,No,0.0977,0.0787
P61028_S180___2,-0.00183,No,0.6317,0.9914
P61406_S1190___2,-0.2096,No,0.2151,0.2173
P61406_S1195___2,-0.2096,No,0.2151,0.2173
P62484_S227___2,-0.1616,No,0.301,0.3415
P62754_S240___2,2.249,Yes,0.0001,0.0001
P62996_S270___2,-0.2758,No,0.1221,0.1044
P70174_S381___2,-1.575,Yes,0.0001,0.0001
P70265_S496___2,0.1887,No,0.2514,0.2666
P70268_S536___2,-0.2125,No,0.2104,0.211
P70271_S107___2,-0.05703,No,0.5208,0.7371
P70335_S1108___2,-0.3924,Yes,0.0331,0.0209
P70336_S1134___2,-0.4181,Yes,0.0235,0.0138
P70336_S1137___2,-0.4181,Yes,0.0235,0.0138
P70336_S1366___2,0.2081,No,0.2179,0.2206
P70399_S1755___2,-0.112,No,0.4022,0.5096
P70399_S1756___2,-0.112,No,0.4022,0.5096
P70399_S272___2,0.07693,No,0.4796,0.6506
P70429_S347___2,0.5843,Yes,0.0015,0.0006
P70441_S264___2,0.3278,No,0.0714,0.0536
P70698_S574___2,0.2668,No,0.1327,0.1163
P70698_S575___2,0.1883,No,0.252,0.2675
P81068_S447___2,-0.3253,No,0.0735,0.0554
P81122_S762___2,1.615,Yes,0.0001,0.0001
P83093_S518___2,0.3735,Yes,0.0418,0.0279
P84104_S138___2,-0.3997,Yes,0.03,0.0186
P84104_S140___2,-0.3997,Yes,0.03,0.0186
P97310_S26___2,0.2662,No,0.1335,0.1171
P97329_S7___2,1.62,Yes,0.0001,0.0001
P97329_S14___2,0.1097,No,0.4073,0.5185
P97434_S289___2,-0.2363,No,0.1734,0.1642
P97434_S294___2,-0.5089,Yes,0.0059,0.0027
P97445_S2318___2,-0.5173,Yes,0.0051,0.0023
P97445_S2216___2,-0.9248,Yes,0.0001,0.0001
P97468_S347___2,0.04599,No,0.543,0.7866
P97468_S350___2,0.04599,No,0.543,0.7866
P97801_S28___2,0.3197,No,0.0782,0.0598
P97814_S312___2,0.4353,Yes,0.0184,0.0104
P97820_S649___2,0.1736,No,0.278,0.3066
P97820_S706___2,1,Yes,0.0001,0.0001
P97820_S619___2,0.2667,No,0.1327,0.1163
P97863_S264___2,0.1059,No,0.4158,0.533
P97863_S268___2,-0.08653,No,0.4583,0.6104
P97863_S276___2,-0.2284,No,0.1855,0.1787
P97863_S284___2,-0.2554,No,0.1471,0.1326
P97863_S292___2,-0.07177,No,0.4908,0.6726
P98078_S731___2,0.4096,Yes,0.0265,0.0159
P99027_S102___2,0.6367,Yes,0.0005,0.0002
Q00PI9_S166___2,-0.1414,No,0.3413,0.4053
Q01279_S1041___2,-0.08983,No,0.451,0.5969
Q02248_S681___2,0.4901,Yes,0.008,0.0039
Q03145_S898___2,0.002084,No,0.6311,0.9902
Q03147_S161___2,0.1383,No,0.3476,0.4155
Q03172_S1735___2,-0.2491,No,0.1554,0.1425
Q03172_S1739___2,-0.2491,No,0.1554,0.1425
Q04692_S238___2,-0.6539,Yes,0.0004,0.0001
Q05512_S40___2,0.08642,No,0.4585,0.6109
Q05AH6_S249___2,-0.3104,No,0.0863,0.0676
Q05AH6_S252___2,-0.3104,No,0.0863,0.0676
Q05D44_S139___2,0.2313,No,0.1811,0.1732
Q05D44_S209___2,0.3129,No,0.084,0.0654
Q06831_S312___2,-0.2805,No,0.1166,0.0987
Q07113_S2471___2,1.421,Yes,0.0001,0.0001
Q07139_S842___2,1.864,Yes,0.0001,0.0001
Q08509_S666___2,0.09881,No,0.431,0.5607
Q09XV5_S1422___2,-0.06059,No,0.5138,0.7213
Q09XV5_S1426___2,-0.06059,No,0.5138,0.7213
Q09XV5_S555___2,0.2903,No,0.1061,0.0874
Q09XV5_S564___2,0.2903,No,0.1061,0.0874
Q09XV5_S2213___2,0.4711,Yes,0.0108,0.0055
Q09XV5_S1999___2,0.8819,Yes,0.0001,0.0001
Q0KL02_S2458___2,-0.05544,No,0.5239,0.7441
Q0KL02_S2462___2,-0.05544,No,0.5239,0.7441
Q0P678_S92___2,-0.04221,No,0.5502,0.8037
Q0PHV7_S327___2,0.7721,Yes,0.0001,0.0001
Q0VEE6_S455___2,0.8796,Yes,0.0001,0.0001
Q0VEE6_S460___2,0.8796,Yes,0.0001,0.0001
Q0VEJ0_S75___2,0.4071,Yes,0.0273,0.0165
Q0VEJ0_S83___2,0.4071,Yes,0.0273,0.0165
Q0VGY8_S310___2,0.1674,No,0.2896,0.3244
Q0VGY8_S204___2,1.265,Yes,0.0001,0.0001
Q0VGY8_S210___2,1.265,Yes,0.0001,0.0001
Q148V7_S186___2,-0.0534,No,0.5273,0.7532
Q148V7_S193___2,-0.0534,No,0.5273,0.7532
Q148V8_S639___2,0.1295,No,0.3656,0.4458
Q148V8_S835___2,-0.09629,No,0.4366,0.5708
Q148V8_S841___2,-0.09629,No,0.4366,0.5708
Q2KN98_S386___2,-0.519,Yes,0.005,0.0022
Q2KN98_S390___2,-0.3562,No,0.0516,0.036
Q2KN98_S836___2,0.1418,No,0.3403,0.4037
Q91VK1_S414___2,-0.1264,No,0.3714,0.4566
Q2NL51_S282___2,-0.579,Yes,0.0017,0.0007
Q32NY4_S700___2,-0.07817,No,0.4769,0.6454
Q3B7Z2_S188___2,0.1577,No,0.3084,0.353
Q3B7Z2_S377___2,-0.4567,Yes,0.0134,0.0072
Q3B7Z2_S380___2,-0.3784,Yes,0.0395,0.0259
Q3B7Z2_S383___2,-0.2833,No,0.1134,0.0953
Q3B7Z2_S384___2,-0.2833,No,0.1134,0.0953
Q3TAA7_S393___2,1.642,Yes,0.0001,0.0001
Q3TC46_S184___2,1.519,Yes,0.0001,0.0001
Q3TC93_S72___2,-0.614,Yes,0.0009,0.0003
Q3THJ3_S155___2,0.0798,No,0.4733,0.6385
Q3THJ3_S159___2,0.0798,No,0.4733,0.6385
Q3TKT4_S613___2,-1.545,Yes,0.0001,0.0001
Q3TLH4_S2638___2,0.5892,Yes,0.0014,0.0005
Q3TLH4_S2646___2,0.5892,Yes,0.0014,0.0005
Q3TSG4_S372___2,0.07919,No,0.4746,0.641
Q3TSG4_S376___2,-0.1896,No,0.2497,0.2643
Q3TUF7_S124___2,0.2545,No,0.1483,0.1341
Q3TUF7_S472___2,-0.6765,Yes,0.0002,0.0001
Q3TWW8_S299___2,0.3528,No,0.0537,0.0378
Q3TXS7_S315___2,-0.251,No,0.1527,0.1395
Q3TY60_S114___2,0.04925,No,0.5359,0.7719
Q3TYS2_S176___2,-0.375,Yes,0.0411,0.0273
Q3TYS2_S178___2,-0.7918,Yes,0.0001,0.0001
Q3U1Z5_S34___2,0.09098,No,0.4488,0.5922
Q3U1Z5_S38___2,0.09098,No,0.4488,0.5922
Q3U5C7_S315___2,-0.2934,No,0.103,0.0841
Q3UE31_S268___2,-0.2165,No,0.2037,0.2024
Q3UE31_S279___2,-0.2165,No,0.2037,0.2024
Q3UHF7_S943___2,-0.8667,Yes,0.0001,0.0001
Q3UHF7_S947___2,-0.8667,Yes,0.0001,0.0001
Q3UHF7_S1431___2,-0.535,Yes,0.0038,0.0016
Q3UHJ0_S622___2,-0.01612,No,0.6045,0.9244
Q3UHK8_S1876___2,0.2642,No,0.1358,0.1198
Q3UHK8_S1878___2,0.2642,No,0.1358,0.1198
Q3UHX0_S306___2,-0.3812,Yes,0.0381,0.0248
Q3UJB9_S880___2,0.3182,No,0.0796,0.061
Q3UJU9_S50___2,0.03952,No,0.5554,0.816
Q3UJV1_S332___2,0.5935,Yes,0.0013,0.0005
Q3UJV1_S371___2,0.2951,No,0.1012,0.0824
Q3UJV1_S374___2,0.2951,No,0.1012,0.0824
Q3UM45_S24___2,-0.3898,Yes,0.0342,0.0217
Q3UMB5_S486___2,-0.2519,No,0.1517,0.138
Q3UPF5_S344___2,-0.05473,No,0.5253,0.7473
Q3UPL0_S526___2,-0.06709,No,0.4998,0.6929
Q3UQN2_S402___2,0.8599,Yes,0.0001,0.0001
Q3UQN2_S403___2,0.8599,Yes,0.0001,0.0001
Q3UQN2_S477___2,0.03607,No,0.5622,0.8318
Q3USB7_S98___2,0.00298,No,0.6298,0.986
Q3USH5_S829___2,-0.1078,No,0.4111,0.5256
Q3UU96_S1711___2,-0.3604,Yes,0.0491,0.0338
Q3UU96_S1619___2,-1.091,Yes,0.0001,0.0001
Q3UW53_S578___2,0.1939,No,0.2418,0.2536
Q3UW53_S614___2,0.3791,Yes,0.0391,0.0256
Q3UYI5_S572___2,-0.3856,Yes,0.0361,0.0232
Q3UYI5_S577___2,0.2044,No,0.2242,0.2289
Q3UYI5_S506___2,-0.1764,No,0.2728,0.299
Q3UYI5_S509___2,-0.2223,No,0.1947,0.1906
Q3V1V3_S651___2,0.2393,No,0.1692,0.1589
Q3V1V3_S657___2,0.2393,No,0.1692,0.1589
Q4FK66_S193___2,-0.1572,No,0.3096,0.3548
Q4FK66_S194___2,-0.1572,No,0.3096,0.3548
Q4V9W2_S94___2,0.5355,Yes,0.0038,0.0016
Q4V9W2_S96___2,0.3204,No,0.0777,0.0592
Q4VGL6_S1110___2,0.2215,No,0.196,0.1922
Q501J7_S145___2,0.1525,No,0.3187,0.3693
Q501J7_S264___2,-0.4561,Yes,0.0135,0.0072
Q501J7_S285___2,-0.4561,Yes,0.0135,0.0072
Q52KE7_S341___2,1.205,Yes,0.0001,0.0001
Q52KE7_S344___2,-0.4915,Yes,0.0078,0.0038
Q52KE7_S347___2,0.8281,Yes,0.0001,0.0001
Q52KE7_S348___2,1.151,Yes,0.0001,0.0001
Q52KE7_S378___2,-0.2469,No,0.1585,0.146
Q52KI8_S645___2,-0.1057,No,0.4162,0.5338
Q52KI8_S647___2,-0.1057,No,0.4162,0.5338
Q52KI8_S723___2,-0.01282,No,0.6112,0.9398
Q52KI8_S816___2,-0.01968,No,0.5972,0.9077
Q52KI8_S822___2,0.1628,No,0.2985,0.3378
Q52KI8_S389___2,0.01742,No,0.6017,0.9183
Q52KI8_S572___2,0.009152,No,0.6181,0.957
Q52KI8_S574___2,0.009152,No,0.6181,0.957
Q52KI8_S655___2,-0.07873,No,0.4755,0.643
Q52KI8_S657___2,-0.07873,No,0.4755,0.643
Q52KI8_S789___2,0.7395,Yes,0.0001,0.0001
Q52KI8_S793___2,0.1803,No,0.2661,0.2884
Q52KI8_S795___2,0.54,Yes,0.0035,0.0015
Q52KI8_S626___2,-0.03095,No,0.5738,0.8554
Q569Z6_S403___2,-0.08516,No,0.4614,0.6161
Q571G4_S310___2,1.329,Yes,0.0001,0.0001
Q571G4_S314___2,1.329,Yes,0.0001,0.0001
Q571I4_S802___2,0.1359,No,0.3523,0.4236
Q571I4_S216___2,-0.4358,Yes,0.0182,0.0103
Q571K4_S387___2,-0.06999,No,0.4942,0.6803
Q571K4_S389___2,-0.06999,No,0.4942,0.6803
Q5DTT3_S2015___2,0.217,No,0.203,0.2014
Q5F293_S963___2,-0.118,No,0.3893,0.4873
Q5H8C4_S835___2,0.06535,No,0.5037,0.7004
Q5HZG4_S291___2,0.1492,No,0.3253,0.3798
Q5HZH2_S21___2,-0.3959,Yes,0.0316,0.0198
Q5HZH2_S24___2,-0.3959,Yes,0.0316,0.0198
Q5HZI1_S1204___2,2.059,Yes,0.0001,0.0001
Q5HZI1_S375___2,-0.4072,Yes,0.0273,0.0165
Q5I1X5_S183___2,-0.6266,Yes,0.0007,0.0002
Q5I1X5_S187___2,-0.6266,Yes,0.0007,0.0002
Q5PSV9_S442___2,-0.09648,No,0.4363,0.57
Q5PSV9_S939___2,2.598,Yes,0.0001,0.0001
Q5PSV9_S591___2,-0.0935,No,0.4432,0.582
Q5PSV9_S593___2,-0.09046,No,0.4497,0.5943
Q5RJI5_S587___2,0.1638,No,0.2966,0.3349
Q5SPL2_S134___2,-0.4214,Yes,0.0224,0.0131
Q5SSI6_S114___2,-0.3873,Yes,0.0353,0.0226
Q5SSI6_S115___2,-0.3873,Yes,0.0353,0.0226
Q5SSI6_S206___2,0.1251,No,0.374,0.4613
Q5SSZ5_S686___2,-0.3132,No,0.0838,0.0652
Q5SU73_S139___2,0.3811,Yes,0.0382,0.0248
Q5SWU9_S25___2,1.785,Yes,0.0001,0.0001
Q5SXY1_S355___2,0.129,No,0.3665,0.4475
Q5SXY1_S360___2,0.1726,No,0.2798,0.3094
Q5SXY1_S365___2,-0.8523,Yes,0.0001,0.0001
Q5SXY1_S368___2,-0.8523,Yes,0.0001,0.0001
Q5SXY1_S313___2,-0.4613,Yes,0.0125,0.0066
Q5U3K5_S594___2,0.3651,Yes,0.0465,0.0316
Q5U3K5_S436___2,0.03445,No,0.5658,0.8393
Q5U3K5_S438___2,0.03445,No,0.5658,0.8393
Q5U3K5_S482___2,0.2241,No,0.192,0.187
Q5U4C3_S910___2,-1.196,Yes,0.0001,0.0001
Q5U4C3_S676___2,-0.09201,No,0.4465,0.588
Q5U4C3_S682___2,-0.09201,No,0.4465,0.588
Q5U4C3_S491___2,-0.1236,No,0.3771,0.4669
Q5U4C3_S577___2,-0.2867,No,0.1097,0.0914
Q5U4C3_S579___2,-0.2867,No,0.1097,0.0914
Q5U5Q9_S44___2,-0.08243,No,0.4676,0.6275
Q5U5Q9_S46___2,-0.08243,No,0.4676,0.6275
Q5Y5T5_S624___2,0.2203,No,0.1979,0.1947
Q5Y5T5_S627___2,0.2203,No,0.1979,0.1947
Q5Y5T5_S679___2,0.1746,No,0.2763,0.304
Q60598_S405___2,0.2804,No,0.1167,0.0987
Q60598_S417___2,-0.1651,No,0.294,0.3311
Q60695_S629___2,-0.3893,Yes,0.0344,0.0219
Q60707_S704___2,0.2655,No,0.1341,0.118
Q60707_S709___2,0.2655,No,0.1341,0.118
Q60710_S49___2,-0.3768,Yes,0.0403,0.0265
Q60710_S55___2,-0.2577,No,0.1443,0.1292
Q60793_S324___2,-0.484,Yes,0.0088,0.0044
Q60823_S478___2,4.208,Yes,0.0001,0.0001
Q60838_S616___2,-0.4031,Yes,0.0287,0.0176
Q60953_S536___2,-0.8489,Yes,0.0001,0.0001
Q60953_S514___2,-0.297,No,0.0993,0.0803
Q60980_S78___2,-0.007347,No,0.6222,0.9655
Q60980_S100___2,-0.1444,No,0.335,0.3954
Q61026_S469___2,-0.1954,No,0.2394,0.25
Q61029_S361___2,2.114,Yes,0.0001,0.0001
Q61033_S167___2,-1.149,Yes,0.0001,0.0001
Q61029_S179___2,-0.3249,No,0.0739,0.0558
Q61062_S697___2,-0.242,No,0.1654,0.1541
Q61069_S189___2,-0.1993,No,0.2326,0.2406
Q61070_S326___2,1.965,Yes,0.0001,0.0001
Q61070_S330___2,1.965,Yes,0.0001,0.0001
Q61083_S344___2,-0.1278,No,0.3686,0.4518
Q61083_S349___2,-0.1634,No,0.2974,0.336
Q61089_S646___2,-0.2413,No,0.1665,0.1555
Q61089_S651___2,-0.4067,Yes,0.0275,0.0167
Q61103_S244___2,-0.6451,Yes,0.0005,0.0001
Q61122_S401___2,0.4667,Yes,0.0115,0.006
Q61136_S431___2,0.1787,No,0.2691,0.2928
Q61136_S292___2,-0.0523,No,0.5296,0.7581
Q61136_S294___2,-0.0523,No,0.5296,0.7581
Q61136_S368___2,0.8814,Yes,0.0001,0.0001
Q61136_S143___2,-0.04522,No,0.5447,0.79
Q61136_S145___2,-0.04522,No,0.5447,0.79
Q61165_S606___2,-0.5677,Yes,0.0021,0.0008
Q61165_S792___2,-0.6523,Yes,0.0004,0.0001
Q61165_S793___2,-0.6379,Yes,0.0005,0.0002
Q61169_S264___2,0.3803,Yes,0.0386,0.0251
Q61234_S187___2,0.5857,Yes,0.0015,0.0006
Q61335_S142___2,-1.02,Yes,0.0001,0.0001
Q61335_S144___2,-1.02,Yes,0.0001,0.0001
Q61409_S273___2,0.5821,Yes,0.0016,0.0006
Q61409_S274___2,0.5821,Yes,0.0016,0.0006
Q61572_S237___2,-0.5166,Yes,0.0052,0.0024
Q61572_S243___2,-0.5166,Yes,0.0052,0.0024
Q61609_S269___2,-0.138,No,0.3481,0.4164
Q61609_S273___2,-0.138,No,0.3481,0.4164
Q61687_S991___2,-0.1453,No,0.333,0.3922
Q61687_S1223___2,0.4633,Yes,0.0122,0.0064
Q61687_S770___2,0.1362,No,0.3519,0.4227
Q61687_S1335___2,0.0358,No,0.5626,0.8331
Q61687_S1339___2,0.0358,No,0.5626,0.8331
Q61687_S586___2,-0.1478,No,0.3279,0.3841
Q61687_S663___2,0.2625,No,0.1379,0.1222
Q61687_S1975___2,0.1684,No,0.2876,0.3215
Q61687_S1979___2,0.1684,No,0.2876,0.3215
Q61712_S478___2,0.6529,Yes,0.0004,0.0001
Q61810_S1163___2,0.9299,Yes,0.0001,0.0001
Q61850_S214___2,-1.132,Yes,0.0001,0.0001
Q61850_S231___2,0.3553,No,0.0522,0.0364
Q61850_S239___2,0.3301,No,0.0697,0.052
Q61879_S1952___2,0.1865,No,0.2551,0.2723
Q62018_S943___2,0.05603,No,0.5229,0.7415
Q62018_S1079___2,0.342,No,0.0608,0.044
Q62018_S1083___2,0.342,No,0.0608,0.044
Q62036_S481___2,1.091,Yes,0.0001,0.0001
Q62036_S1056___2,0.4706,Yes,0.0109,0.0056
Q62036_S1058___2,0.4706,Yes,0.0109,0.0056
Q62059_S2585___2,0.02178,No,0.5928,0.8979
Q62059_S2586___2,0.02178,No,0.5928,0.8979
Q62074_S8___2,0.1224,No,0.3795,0.471
Q62074_S11___2,0.1259,No,0.3725,0.4584
Q62074_S410___2,-1.332,Yes,0.0001,0.0001
Q62101_S206___2,-0.2193,No,0.1992,0.1967
Q8K1Y2_S391___2,-0.05058,No,0.5331,0.7658
Q62136_S374___2,-0.4142,Yes,0.0248,0.0147
Q62172_S92___2,-0.1954,No,0.2393,0.2499
Q62172_S93___2,-0.1954,No,0.2393,0.2499
Q62187_S439___2,0.1738,No,0.2777,0.3063
Q62188_S518___2,-0.4004,Yes,0.0298,0.0184
Q62245_S1078___2,-0.3757,Yes,0.0408,0.027
Q62245_S1123___2,-0.7556,Yes,0.0001,0.0001
Q62261_S2163___2,0.2142,No,0.2075,0.2072
Q62261_S2168___2,0.1869,No,0.2543,0.2711
Q62261_S2160___2,0.5388,Yes,0.0036,0.0015
Q62377_S387___2,0.06795,No,0.498,0.6891
Q62377_S389___2,0.06795,No,0.498,0.6891
Q62383_S1535___2,-0.2735,No,0.1248,0.1074
Q62394_S20___2,-0.2671,No,0.1323,0.1159
Q62407_S2447___2,-0.1211,No,0.3824,0.4759
Q62407_S375___2,-0.08193,No,0.4687,0.6296
Q62422_S203___2,0.3766,Yes,0.0404,0.0266
Q62433_S333___2,-0.2387,No,0.17,0.1599
Q62433_S336___2,-0.1136,No,0.3993,0.5036
Q62504_S852___2,-0.3347,No,0.0661,0.0488
Q62504_S869___2,-0.3347,No,0.0661,0.0488
Q62504_S1283___2,0.008236,No,0.6201,0.9613
Q62504_S747___2,-0.3768,Yes,0.0403,0.0265
Q62504_S758___2,-0.2151,No,0.206,0.2053
Q62504_S762___2,-0.2151,No,0.206,0.2053
Q62511_S106___2,-0.1656,No,0.2929,0.3295
Q63918_S284___2,-0.3923,Yes,0.0331,0.0209
Q63918_S288___2,-0.7452,Yes,0.0001,0.0001
Q640M1_S341___2,0.22,No,0.1983,0.1951
Q640M1_S343___2,0.22,No,0.1983,0.1951
Q640N2_S337___2,0.07608,No,0.4816,0.6542
Q64151_S773___2,0.1268,No,0.3707,0.4555
Q64318_S678___2,0.03954,No,0.5554,0.8159
Q64430_S1423___2,0.7568,Yes,0.0001,0.0001
Q64430_S1426___2,0.5273,Yes,0.0043,0.0019
Q64449_S1455___2,0.6837,Yes,0.0002,0.0001
Q64511_S1509___2,-0.3289,No,0.0705,0.0528
Q64511_S1376___2,-0.2372,No,0.1721,0.1626
Q64512_S1273___2,0.0388,No,0.5567,0.8193
Q64512_S934___2,0.3357,No,0.0654,0.0481
Q64512_S883___2,-0.01706,No,0.6025,0.92
Q64512_S1076___2,0.1598,No,0.3044,0.3466
Q66L44_S520___2,-0.3762,Yes,0.0406,0.0268
Q66L44_S524___2,-0.3762,Yes,0.0406,0.0268
Q66L44_S295___2,-0.5909,Yes,0.0014,0.0005
Q66L44_S692___2,-0.6797,Yes,0.0002,0.0001
Q66L44_S696___2,-0.6797,Yes,0.0002,0.0001
Q67FY2_S131___2,-0.1144,No,0.3973,0.5005
Q67FY2_S25___2,0.2733,No,0.1249,0.1076
Q67FY2_S121___2,0.1216,No,0.3814,0.4739
Q67FY2_S994___2,0.383,Yes,0.0373,0.0242
Q67FY2_S1001___2,0.3447,No,0.0589,0.0424
Q67FY2_S984___2,0.292,No,0.1044,0.0855
Q67FY2_S988___2,0.292,No,0.1044,0.0855
Q68FF6_S422___2,-0.04678,No,0.5414,0.783
Q68FF6_S605___2,-0.1304,No,0.3639,0.4428
Q68FF6_S394___2,0.1027,No,0.4227,0.5454
Q68FH0_S272___2,-0.5198,Yes,0.0049,0.0022
Q68FH0_S220___2,-0.1527,No,0.3183,0.3685
Q68FH0_S511___2,-0.1877,No,0.2529,0.2692
Q68FH0_S514___2,-0.2114,No,0.212,0.2133
Q68FH0_S334___2,-0.2867,No,0.1097,0.0914
Q69Z38_S1242___2,-0.3062,No,0.0902,0.0714
Q69Z38_S1226___2,-0.3353,No,0.0657,0.0484
Q69Z38_S565___2,0.5918,Yes,0.0013,0.0005
Q69Z38_S656___2,-0.9618,Yes,0.0001,0.0001
Q69Z38_S659___2,-0.9618,Yes,0.0001,0.0001
Q69Z66_S330___2,-0.3315,No,0.0686,0.051
Q69ZC8_S121___2,0.8581,Yes,0.0001,0.0001
Q69ZN7_S170___2,-0.3702,Yes,0.0437,0.0293
Q69ZW3_S171___2,-0.211,No,0.2126,0.2141
Q69ZW3_S174___2,-0.211,No,0.2126,0.2141
Q69ZW3_S446___2,-0.1492,No,0.3252,0.3796
Q69ZX6_S854___2,-0.5504,Yes,0.0029,0.0012
Q69ZX6_S859___2,-0.5504,Yes,0.0029,0.0012
Q69ZX8_S372___2,-0.6635,Yes,0.0003,0.0001
Q69ZX8_S373___2,-0.5895,Yes,0.0014,0.0005
Q69ZX8_S379___2,-0.5403,Yes,0.0035,0.0015
Q69ZZ9_S20___2,-0.1987,No,0.2338,0.2422
Q69ZZ9_S28___2,-0.7956,Yes,0.0001,0.0001
Q6A037_S560___2,0.716,Yes,0.0001,0.0001
Q6A065_S1150___2,-0.3985,Yes,0.0305,0.019
Q6A0A2_S601___2,0.03055,No,0.5748,0.8572
Q6A0A2_S739___2,0.5025,Yes,0.0066,0.0031
Q6DFV3_S1658___2,-0.1764,No,0.2728,0.2991
Q6DFV3_S913___2,-0.07764,No,0.478,0.6476
Q6DFV5_S1179___2,-0.003235,No,0.6295,0.9848
Q6DFW4_S521___2,1.081,Yes,0.0001,0.0001
Q6DVA0_S509___2,0.12,No,0.3849,0.4798
Q6EDY6_S1289___2,0.2137,No,0.2084,0.2083
Q6F3F9_S1135___2,-0.2379,No,0.1711,0.1614
Q6F3F9_S1138___2,0.01229,No,0.6121,0.9423
Q6GQT6_S843___2,0.3493,No,0.0559,0.0397
Q6GQT6_S837___2,-0.08436,No,0.4636,0.6194
Q6GQX2_S489___2,-0.1051,No,0.4178,0.5362
Q6GQX2_S494___2,-0.1051,No,0.4178,0.5362
Q6IE82_S776___2,0.1738,No,0.2776,0.3061
Q6IQX8_S710___2,0.0338,No,0.5673,0.8422
Q6NVE8_S473___2,0.843,Yes,0.0001,0.0001
Q6NVE8_S474___2,0.843,Yes,0.0001,0.0001
Q6NVF4_S942___2,-0.2675,No,0.1318,0.1153
Q6NWW9_S257___2,0.7973,Yes,0.0001,0.0001
Q6NWW9_S260___2,0.8726,Yes,0.0001,0.0001
Q6NZC7_S738___2,0.4374,Yes,0.0178,0.01
Q6NZF1_S312___2,0.6317,Yes,0.0006,0.0002
Q6NZF1_S743___2,-0.1154,No,0.395,0.497
Q6NZR2_S32___2,0.2645,No,0.1354,0.1194
Q6P1D7_S926___2,0.1904,No,0.2479,0.2622
Q6P1D7_S940___2,0.1904,No,0.2479,0.2622
Q6P2K6_S117___2,0.02913,No,0.5782,0.8638
Q6P2K6_S758___2,0.141,No,0.3421,0.4066
Q6P2K6_S764___2,0.141,No,0.3421,0.4066
Q6P2L6_S587___2,0.5481,Yes,0.003,0.0013
Q6P2L6_S590___2,0.5481,Yes,0.003,0.0013
Q6P4S6_S514___2,-0.1919,No,0.2455,0.2586
Q6P4S6_S534___2,0.4946,Yes,0.0075,0.0036
Q6P4S8_S1328___2,-0.4411,Yes,0.0169,0.0094
Q6P542_S103___2,0.2552,No,0.1474,0.133
Q6P5E8_S22___2,-0.1018,No,0.4247,0.5491
Q6P5E8_S26___2,-0.1018,No,0.4247,0.5491
Q6P5F7_S496___2,0.907,Yes,0.0001,0.0001
Q6P5F7_S500___2,0.8095,Yes,0.0001,0.0001
Q6P5F7_S519___2,0.9879,Yes,0.0001,0.0001
Q6P9Q6_S344___2,1.626,Yes,0.0001,0.0001
Q6PAL7_S842___2,-1.054,Yes,0.0001,0.0001
Q6PCQ0_S509___2,-0.6259,Yes,0.0007,0.0002
Q6PCQ0_S512___2,-0.6259,Yes,0.0007,0.0002
Q6PCQ0_S377___2,-0.8845,Yes,0.0001,0.0001
Q6PD03_S41___2,-0.07098,No,0.4923,0.676
Q6PD03_S42___2,-0.07098,No,0.4923,0.676
Q6PDH0_S553___2,-0.1713,No,0.2821,0.3131
Q6PDH0_S1007___2,1.46,Yes,0.0001,0.0001
Q6PDH0_S1009___2,1.46,Yes,0.0001,0.0001
Q6PDH0_S374___2,-0.2246,No,0.1913,0.186
Q6PDH0_S378___2,-0.2859,No,0.1106,0.0923
Q6PDK2_S2208___2,-0.09023,No,0.4501,0.5952
Q6PDK2_S2217___2,-0.09023,No,0.4501,0.5952
Q6PDK2_S709___2,0.3873,Yes,0.0353,0.0226
Q6PDM2_S234___2,-0.481,Yes,0.0093,0.0046
Q6PDM2_S238___2,-0.481,Yes,0.0093,0.0046
Q6PDM2_S201___2,-0.7418,Yes,0.0001,0.0001
Q6PDQ2_S1524___2,-0.1669,No,0.2904,0.3258
Q6PFD9_S1063___2,-1.277,Yes,0.0001,0.0001
Q6PFD9_S1098___2,-0.4067,Yes,0.0274,0.0166
Q6PFD9_S612___2,-0.9357,Yes,0.0001,0.0001
Q6PFR5_S84___2,-0.243,No,0.1642,0.1526
Q6PGG2_S440___2,-0.0008279,No,0.6339,0.9961
Q6PGL7_S159___2,0.02269,No,0.5907,0.8937
Q6PGL7_S533___2,0.04833,No,0.5379,0.776
Q6PGL7_S538___2,0.04833,No,0.5379,0.776
Q6PGL7_S613___2,-0.3131,No,0.0838,0.0653
Q6PGL7_S1172___2,0.09079,No,0.4491,0.593
Q6PHZ2_S315___2,-0.2101,No,0.214,0.216
Q6PHZ5_S111___2,-0.2491,No,0.1554,0.1425
Q6PIX5_S51___2,0.224,No,0.1922,0.1873
Q6QI06_S1173___2,0.1724,No,0.28,0.31
Q6QI06_S1176___2,0.1724,No,0.28,0.31
Q6S7F2_S427___2,0.1592,No,0.3056,0.3485
Q6S7F2_S430___2,0.1592,No,0.3056,0.3485
Q6T264_S310___2,0.06684,No,0.5004,0.6939
Q6Y7W8_S385___2,1.267,Yes,0.0001,0.0001
Q6Y7W8_S30___2,0.7129,Yes,0.0001,0.0001
Q6ZPG2_S16___2,1.025,Yes,0.0001,0.0001
Q6ZPJ0_S269___2,0.7906,Yes,0.0001,0.0001
Q6ZPQ6_S334___2,0.439,Yes,0.0174,0.0097
Q6ZPQ6_S338___2,0.439,Yes,0.0174,0.0097
Q6ZPZ3_S1109___2,0.1955,No,0.2392,0.2497
Q6ZPZ3_S913___2,-0.6266,Yes,0.0007,0.0002
Q6ZPZ3_S916___2,-0.6642,Yes,0.0003,0.0001
Q6ZQ03_S443___2,-0.4584,Yes,0.0131,0.007
Q6ZQ58_S830___2,-1.661,Yes,0.0001,0.0001
Q6ZQ58_S302___2,-0.7025,Yes,0.0001,0.0001
Q6ZQ88_S138___2,0.3121,No,0.0848,0.0662
Q6ZQK5_S387___2,-0.201,No,0.2296,0.2366
Q6ZWQ0_S4096___2,-0.1877,No,0.2528,0.269
Q70IV5_S1075___2,0.2295,No,0.1839,0.1767
Q78HU3_S190___2,-0.05088,No,0.5325,0.7645
Q78ZA7_S53___2,0.352,No,0.0542,0.0382
Q7SIG6_S715___2,0.1063,No,0.4148,0.5316
Q7TMQ7_S278___2,1.144,Yes,0.0001,0.0001
Q7TMY8_S3922___2,0.3826,Yes,0.0374,0.0243
Q7TMY8_S1903___2,-0.05757,No,0.5199,0.7346
Q7TMY8_S3761___2,0.4683,Yes,0.0113,0.0058
Q7TNC6_S1962___2,0.7029,Yes,0.0001,0.0001
Q7TNC6_S1418___2,1.909,Yes,0.0001,0.0001
Q7TNC6_S1716___2,1.165,Yes,0.0001,0.0001
Q7TNC6_S1768___2,0.9629,Yes,0.0001,0.0001
Q7TPE5_S299___2,0.6216,Yes,0.0007,0.0003
Q7TPM1_S222___2,1.533,Yes,0.0001,0.0001
Q7TPS5_S659___2,-0.1768,No,0.272,0.2979
Q7TPV4_S1318___2,2.398,Yes,0.0001,0.0001
Q7TS75_S239___2,0.8081,Yes,0.0001,0.0001
Q7TS75_S246___2,0.8081,Yes,0.0001,0.0001
Q7TSC1_S759___2,0.6256,Yes,0.0007,0.0002
Q7TSC1_S764___2,0.6256,Yes,0.0007,0.0002
Q7TSC1_S765___2,0.3112,No,0.0856,0.0669
Q7TSC1_S1090___2,-0.5378,Yes,0.0036,0.0015
Q7TSC1_S1302___2,0.8177,Yes,0.0001,0.0001
Q7TSH2_S692___2,-0.5582,Yes,0.0025,0.001
Q7TSH8_S444___2,-0.06911,No,0.496,0.6841
Q7TSH8_S445___2,-0.06911,No,0.496,0.6841
Q7TSI1_S432___2,1.108,Yes,0.0001,0.0001
Q7TT28_S505___2,-0.2705,No,0.1283,0.1112
Q80T85_S790___2,0.3681,Yes,0.0447,0.0302
Q80T85_S496___2,-0.6626,Yes,0.0003,0.0001
Q80TJ7_S790___2,0.136,No,0.3522,0.4234
Q80TJ7_S797___2,0.136,No,0.3522,0.4234
Q80TM9_S545___2,0.6297,Yes,0.0006,0.0002
Q80TM9_S548___2,0.6297,Yes,0.0006,0.0002
Q80TP3_S2476___2,-0.4282,Yes,0.0203,0.0117
Q80TP3_S2479___2,-0.4282,Yes,0.0203,0.0117
Q80TY0_S299___2,-0.3011,No,0.0953,0.0762
Q80TY5_S1786___2,0.154,No,0.3158,0.3646
Q80TY5_S1789___2,0.154,No,0.3158,0.3646
Q80TY5_S998___2,0.2119,No,0.2112,0.2122
Q80TY5_S1001___2,0.2119,No,0.2112,0.2122
Q80TZ9_S594___2,-0.1255,No,0.3732,0.4599
Q80TZ9_S600___2,-0.1493,No,0.3251,0.3793
Q80TZ9_S675___2,-0.2354,No,0.1747,0.1658
Q80U35_S519___2,1.117,Yes,0.0001,0.0001
Q80U70_S543___2,0.1316,No,0.3614,0.4385
Q80U72_S1284___2,-0.04362,No,0.5476,0.7973
Q80UV9_S1820___2,0.7695,Yes,0.0001,0.0001
Q80UV9_S1823___2,0.7695,Yes,0.0001,0.0001
Q80UV9_S1173___2,-0.02466,No,0.5874,0.8846
Q80UV9_S1176___2,-0.02466,No,0.5874,0.8846
Q80UW5_S1494___2,-0.3088,No,0.0877,0.069
Q80WG5_S202___2,-0.07333,No,0.4875,0.666
Q80WQ6_S295___2,-0.2556,No,0.1468,0.1324
Q80WQ6_S298___2,-0.2556,No,0.1468,0.1324
Q80WV7_S518___2,0.0505,No,0.5333,0.7662
Q80X50_S625___2,0.6929,Yes,0.0002,0.0001
Q80X80_S52___2,0.03483,No,0.5651,0.8375
Q80X80_S619___2,0.2544,No,0.1484,0.1342
Q80XI6_S792___2,0.1529,No,0.3179,0.368
Q80XI6_S796___2,0.1529,No,0.3179,0.368
Q80XK6_S255___2,0.7134,Yes,0.0001,0.0001
Q80XP8_S191___2,-0.1582,No,0.3075,0.3517
Q80XQ2_S582___2,0.8438,Yes,0.0001,0.0001
Q80XQ2_S568___2,-0.01136,No,0.6138,0.9467
Q80XS6_S271___2,0.1033,No,0.4213,0.543
Q80XS6_S243___2,0.7028,Yes,0.0001,0.0001
Q80XU3_S75___2,-0.6356,Yes,0.0006,0.0002
Q80XU3_S30___2,-0.4201,Yes,0.0228,0.0134
Q80Y17_S982___2,-0.1365,No,0.3513,0.4215
Q80Y17_S986___2,-0.1365,No,0.3513,0.4215
Q80Y17_S968___2,-0.1675,No,0.2893,0.324
Q80Y24_S322___2,-0.5137,Yes,0.0055,0.0025
Q80YR7_S785___2,1.558,Yes,0.0001,0.0001
Q80YR7_S787___2,1.558,Yes,0.0001,0.0001
Q80YS6_S680___2,0.3974,Yes,0.031,0.0193
Q80YS6_S283___2,0.1091,No,0.4083,0.5205
Q80YV2_S68___2,-0.0008462,No,0.6339,0.996
Q80Z25_S664___2,0.6704,Yes,0.0003,0.0001
Q80Z25_S670___2,0.6704,Yes,0.0003,0.0001
Q80Z25_S775___2,0.6293,Yes,0.0006,0.0002
Q80Z25_S779___2,0.6293,Yes,0.0006,0.0002
Q80Z96_S85___2,-0.1526,No,0.3183,0.3688
Q810A7_S109___2,0.2557,No,0.1468,0.1322
Q810A7_S111___2,0.2557,No,0.1468,0.1322
Q810N5_S2___2,-0.4502,Yes,0.0147,0.008
Q810N5_S3___2,-0.4502,Yes,0.0147,0.008
Q811D2_S243___2,-0.08118,No,0.4705,0.6327
Q811L6_S1389___2,0.04721,No,0.5405,0.7811
Q811L6_S1395___2,0.04634,No,0.5424,0.785
Q812E0_S21___2,-0.08705,No,0.4571,0.6083
Q812E0_S24___2,-0.08705,No,0.4571,0.6083
Q8BGC0_S404___2,0.2728,No,0.1257,0.1083
Q8BGC0_S410___2,0.2728,No,0.1257,0.1083
Q8BGC0_S697___2,-0.8776,Yes,0.0001,0.0001
Q8BGD9_S425___2,1.486,Yes,0.0001,0.0001
Q8BGT1_S644___2,-0.2877,No,0.1088,0.0903
Q8BGT1_S647___2,-0.2877,No,0.1088,0.0903
Q8BGT6_S481___2,-0.1548,No,0.3143,0.362
Q8BGV8_S55___2,-0.4879,Yes,0.0083,0.0041
Q8BGW2_S256___2,0.2652,No,0.1344,0.1184
Q8BH50_S69___2,0.02604,No,0.5848,0.8782
Q8BH50_S143___2,0.89,Yes,0.0001,0.0001
Q8BHK9_S852___2,1.548,Yes,0.0001,0.0001
Q8BHK9_S864___2,1.548,Yes,0.0001,0.0001
Q8BHK9_S998___2,0.663,Yes,0.0003,0.0001
Q8BHL3_S644___2,-0.4168,Yes,0.0239,0.0141
Q8BHL3_S647___2,-0.4698,Yes,0.011,0.0057
Q8BHL3_S650___2,-0.3152,No,0.0821,0.0635
Q8BHR8_S319___2,0.9847,Yes,0.0001,0.0001
Q8BHR8_S322___2,0.9847,Yes,0.0001,0.0001
Q8BI84_S1917___2,1.405,Yes,0.0001,0.0001
Q8BI84_S1918___2,0.777,Yes,0.0001,0.0001
Q8BI84_S1770___2,0.7207,Yes,0.0001,0.0001
Q8BIE6_S629___2,-0.7813,Yes,0.0001,0.0001
Q8BIE6_S654___2,-0.5676,Yes,0.0021,0.0008
Q8BIE6_S696___2,-0.1254,No,0.3734,0.4603
Q8BIE6_S699___2,-0.3577,No,0.0507,0.0352
Q8BIZ6_S89___2,0.1211,No,0.3824,0.4759
Q8BIZ6_S91___2,0.1211,No,0.3824,0.4759
Q8BJH1_S212___2,3.105,Yes,0.0001,0.0001
Q8BJU0_S303___2,0.9497,Yes,0.0001,0.0001
Q8BK03_S220___2,0.2162,No,0.2042,0.203
Q8BK67_S48___2,-0.1592,No,0.3056,0.3486
Q8BKT3_S85___2,-0.09048,No,0.4497,0.5942
Q8BKT7_S312___2,0.01474,No,0.6068,0.9309
Q8BKT7_S314___2,0.01474,No,0.6068,0.9309
Q8BKX6_S3567___2,-1.299,Yes,0.0001,0.0001
Q8BLH7_S152___2,0.5496,Yes,0.003,0.0012
Q8BLH7_S396___2,0.8475,Yes,0.0001,0.0001
Q8BLH7_S231___2,0.09696,No,0.4351,0.5681
Q8BLH7_S234___2,0.09696,No,0.4351,0.5681
Q8BMC0_S314___2,0.1583,No,0.3073,0.3514
Q8BMC0_S317___2,0.1583,No,0.3073,0.3514
Q8BMI0_S743___2,-0.1244,No,0.3754,0.4638
Q8BN59_S447___2,-0.3736,Yes,0.0418,0.0278
Q8BN59_S451___2,-0.3736,Yes,0.0418,0.0278
Q8BP27_S71___2,0.983,Yes,0.0001,0.0001
Q8BQ33_S1180___2,1.04,Yes,0.0001,0.0001
Q8BQ33_S1187___2,1.04,Yes,0.0001,0.0001
Q8BQZ4_S716___2,-0.2622,No,0.1382,0.1226
Q8BQZ4_S719___2,-0.1341,No,0.3563,0.43
Q8BR63_S65___2,0.3096,No,0.0871,0.0684
Q8BR65_S236___2,0.08928,No,0.4522,0.5991
Q8BR65_S237___2,0.15,No,0.3237,0.3771
Q8BRM2_S80___2,0.151,No,0.3217,0.3739
Q8BRM2_S82___2,0.151,No,0.3217,0.3739
Q8BRT1_S469___2,0.01761,No,0.6015,0.9174
Q8BRT1_S336___2,-0.1783,No,0.2697,0.2937
Q8BTI8_S1572___2,0.1869,No,0.2545,0.2712
Q8BTI8_S1434___2,0.4149,Yes,0.0246,0.0146
Q8BTI8_S452___2,-0.3995,Yes,0.0301,0.0187
Q8BTI8_S454___2,-0.2459,No,0.1601,0.1477
Q8BTI8_S1284___2,0.7147,Yes,0.0001,0.0001
Q8BTI8_S1229___2,-0.01125,No,0.614,0.9472
Q8BTI8_S1380___2,0.05209,No,0.5299,0.7591
Q8BTI8_S1798___2,-0.3957,Yes,0.0316,0.0198
Q8BTI8_S1062___2,0.1597,No,0.3047,0.347
Q8BTI8_S1064___2,0.2609,No,0.1399,0.1245
Q8BTI8_S434___2,0.5499,Yes,0.0029,0.0012
Q8BTI8_S960___2,-0.9435,Yes,0.0001,0.0001
Q8BTI8_S962___2,0.115,No,0.3959,0.4983
Q8BTI8_S926___2,0.07989,No,0.4733,0.6381
Q8BTI8_S2054___2,-0.1435,No,0.3367,0.3981
Q8BTI8_S851___2,-0.2943,No,0.102,0.0831
Q8BTI8_S862___2,-0.2078,No,0.2184,0.2212
Q8BTI8_S1683___2,-0.1516,No,0.3204,0.3721
Q8BTI8_S1685___2,-0.1516,No,0.3204,0.3721
Q8BTI8_S775___2,-0.1003,No,0.428,0.5549
Q8BTI8_S2019___2,0.188,No,0.2525,0.2684
Q8BTI8_S1646___2,-0.1826,No,0.2622,0.2825
Q8BTI8_S1647___2,-0.2657,No,0.134,0.1178
Q8BTI8_S1339___2,1.052,Yes,0.0001,0.0001
Q8BTI8_S1340___2,-0.0868,No,0.4577,0.6093
Q8BTI8_S1473___2,0.05397,No,0.5264,0.7507
Q8BTI8_S1475___2,0.1624,No,0.2992,0.3389
Q8BTI8_S1554___2,-0.309,No,0.0876,0.0689
Q8BTI8_S1557___2,-0.2132,No,0.2093,0.2094
Q8BTI8_S1397___2,0.1109,No,0.4045,0.514
Q8BTI8_S1407___2,0.1874,No,0.2534,0.2698
Q8BTI8_S1058___2,0.3064,No,0.09,0.0712
Q8BTI8_S1493___2,0.101,No,0.4267,0.5522
Q8BTI8_S1996___2,-0.03434,No,0.5661,0.8398
Q8BTI8_S1984___2,0.1159,No,0.3938,0.4951
Q8BTI8_S1810___2,0.06114,No,0.5127,0.7189
Q8BTI8_S949___2,0.6783,Yes,0.0002,0.0001
Q8BTI8_S1077___2,0.6251,Yes,0.0007,0.0002
Q8BTM8_S2158___2,-0.1756,No,0.2741,0.3012
Q8BTW9_S192___2,-0.0579,No,0.5194,0.7332
Q8BTW9_S257___2,-0.008549,No,0.6194,0.9599
Q8BTW9_S99___2,-0.3131,No,0.0838,0.0653
Q8BU03_S895___2,-0.7859,Yes,0.0001,0.0001
Q8BU03_S898___2,-0.7859,Yes,0.0001,0.0001
Q8BU11_S178___2,0.3881,Yes,0.0349,0.0223
Q8BU11_S182___2,0.3881,Yes,0.0349,0.0223
Q8BVL3_S437___2,-0.4685,Yes,0.0112,0.0058
Q8BVL3_S440___2,-0.4685,Yes,0.0112,0.0058
Q8BX02_S86___2,0.1652,No,0.2937,0.3308
Q8BX02_S72___2,-1.251,Yes,0.0001,0.0001
Q8BX02_S177___2,-0.1401,No,0.344,0.4096
Q8BXQ8_S232___2,-0.1904,No,0.2479,0.2622
Q8BXQ8_S234___2,-0.1904,No,0.2479,0.2622
Q8BXQ8_S255___2,-0.1603,No,0.3037,0.3454
Q8BYR2_S977___2,0.271,No,0.1277,0.1107
Q8BYR2_S981___2,0.271,No,0.1277,0.1107
Q8BZ03_S197___2,0.2259,No,0.1893,0.1835
Q8BZ03_S206___2,0.2259,No,0.1893,0.1835
Q8BZ47_S559___2,-0.6114,Yes,0.0009,0.0003
Q8BZR9_S410___2,1.684,Yes,0.0001,0.0001
Q8C033_S358___2,0.6723,Yes,0.0003,0.0001
Q8C052_S465___2,-0.4301,Yes,0.0197,0.0113
Q8C052_S658___2,-0.0346,No,0.5656,0.8386
Q8C052_S660___2,-0.05002,No,0.5342,0.7684
Q8C052_S458___2,-0.5512,Yes,0.0029,0.0012
Q8C0T5_S1369___2,-0.1724,No,0.28,0.31
Q8C0T5_S211___2,-0.4722,Yes,0.0106,0.0054
Q8C0T5_S1543___2,-0.6664,Yes,0.0003,0.0001
Q8C0T5_S258___2,-0.1413,No,0.3414,0.4055
Q8C0T5_S193___2,-0.7829,Yes,0.0001,0.0001
Q8C0T5_S1708___2,-1.061,Yes,0.0001,0.0001
Q8C0V0_S138___2,-2.025,Yes,0.0001,0.0001
Q8C156_S189___2,0.2734,No,0.1249,0.1075
Q8C1D8_S384___2,-0.1304,No,0.3639,0.4425
Q8C1D8_S386___2,-0.1304,No,0.3639,0.4425
Q8C1D8_S368___2,-0.1272,No,0.3698,0.4537
Q8C1D8_S198___2,0.01362,No,0.6092,0.9361
Q8C1D8_S211___2,-0.2041,No,0.2246,0.2295
Q8C2Q3_S623___2,0.004347,No,0.6275,0.9796
Q8C3R1_S736___2,0.7833,Yes,0.0001,0.0001
Q8C3W1_S172___2,0.5552,Yes,0.0027,0.0011
Q8C4M7_S182___2,0.1217,No,0.3812,0.4737
Q8C4M7_S186___2,0.1217,No,0.3812,0.4737
Q8C4S8_S401___2,-0.2283,No,0.1856,0.1789
Q8C5R2_S220___2,-0.2562,No,0.1462,0.1314
Q8C5R2_S223___2,-0.2562,No,0.1462,0.1314
Q8C6M1_S134___2,0.8472,Yes,0.0001,0.0001
Q8C6M1_S374___2,0.9987,Yes,0.0001,0.0001
Q8C726_S599___2,0.2558,No,0.1467,0.1321
Q8C729_S419___2,-0.611,Yes,0.0009,0.0003
Q8C804_S240___2,0.06548,No,0.5035,0.6999
Q8C8U0_S426___2,-0.1661,No,0.292,0.3282
Q8C9B9_S802___2,-0.076,No,0.4816,0.6546
Q8C9B9_S806___2,-0.076,No,0.4816,0.6546
Q8C9B9_S1256___2,-0.1291,No,0.3664,0.4472
Q8CAF4_S1373___2,0.4739,Yes,0.0104,0.0053
Q8CAF4_S1375___2,0.5057,Yes,0.0062,0.0029
Q8CC35_S40___2,0.004712,No,0.6268,0.9779
Q8CC35_S42___2,0.004664,No,0.6269,0.9781
Q8CCH7_S472___2,-0.1862,No,0.2558,0.2731
Q8CCH7_S900___2,-0.08656,No,0.4582,0.6103
Q8CCI5_S123___2,-0.9149,Yes,0.0001,0.0001
Q8CCI5_S127___2,-0.9149,Yes,0.0001,0.0001
Q8CD54_S2205___2,-0.008659,No,0.6192,0.9593
Q8CDA1_S943___2,-0.06512,No,0.5042,0.7014
Q8CDA1_S946___2,-0.06512,No,0.5042,0.7014
Q8CDA1_S827___2,-0.5716,Yes,0.002,0.0008
Q8CDG3_S993___2,-0.2241,No,0.192,0.1869
Q8CFI0_S504___2,-0.1202,No,0.3845,0.4791
Q8CFI0_S512___2,-0.2191,No,0.1996,0.1971
Q8CFI0_S516___2,-0.1328,No,0.3589,0.4342
Q8CFI0_S477___2,-0.3073,No,0.0892,0.0704
Q8CFI0_S493___2,1.406,Yes,0.0001,0.0001
Q8CG73_S985___2,0.2746,No,0.1235,0.1059
Q8CG73_S989___2,0.2746,No,0.1235,0.1059
Q8CGV9_S325___2,-0.1964,No,0.2376,0.2476
Q8CGV9_S332___2,-0.1964,No,0.2376,0.2476
Q8CGZ0_S824___2,-0.4539,Yes,0.014,0.0075
Q8CGZ0_S826___2,-0.4539,Yes,0.014,0.0075
Q8CH77_S315___2,0.396,Yes,0.0316,0.0197
Q8CHG7_S1115___2,-0.1732,No,0.2788,0.3079
Q8CHG7_S1119___2,-0.185,No,0.2579,0.2762
Q8CHP6_S614___2,-0.1197,No,0.3856,0.4809
Q8CHU3_S192___2,0.08042,No,0.4722,0.6359
Q8CHU3_S195___2,0.1123,No,0.4019,0.5086
Q8CHU3_S199___2,0.1164,No,0.3927,0.4931
Q8CHU3_S182___2,-0.0452,No,0.5447,0.7902
Q8CHY6_S103___2,0.0959,No,0.4375,0.5724
Q8CHY6_S109___2,0.3713,Yes,0.0431,0.0288
Q8CI04_S525___2,0.3997,Yes,0.03,0.0186
Q8CI04_S528___2,0.3997,Yes,0.03,0.0186
Q8CI59_S17___2,0.352,No,0.0541,0.0382
Q8CI59_S20___2,0.352,No,0.0541,0.0382
Q8CI71_S496___2,0.5228,Yes,0.0047,0.0021
Q8CI95_S182___2,0.2682,No,0.131,0.1143
Q8CJ19_S1154___2,0.6877,Yes,0.0002,0.0001
Q8CJ19_S1156___2,0.2134,No,0.2088,0.2089
Q8CJ19_S687___2,1.214,Yes,0.0001,0.0001
Q8CJF7_S1928___2,0.4439,Yes,0.0161,0.009
Q8CJF7_S1931___2,0.7093,Yes,0.0001,0.0001
Q8JZP9_S493___2,-0.656,Yes,0.0004,0.0001
Q8JZP9_S297___2,-1.243,Yes,0.0001,0.0001
Q8JZP9_S355___2,-0.7943,Yes,0.0001,0.0001
Q8JZP9_S438___2,-0.2775,No,0.1201,0.1023
Q8JZQ9_S79___2,0.3816,Yes,0.038,0.0247
Q8JZQ9_S143___2,0.2917,No,0.1047,0.0859
Q8JZQ9_S153___2,0.2917,No,0.1047,0.0859
Q8JZQ9_S37___2,0.3763,Yes,0.0405,0.0267
Q8JZX9_S141___2,-1.302,Yes,0.0001,0.0001
Q8JZX9_S145___2,-1.299,Yes,0.0001,0.0001
Q8K019_S516___2,-0.4378,Yes,0.0177,0.01
Q8K019_S258___2,-0.126,No,0.3724,0.4582
Q8K019_S263___2,-1.349,Yes,0.0001,0.0001
Q8K019_S286___2,-0.02896,No,0.5785,0.8646
Q8K019_S289___2,0.00433,No,0.6275,0.9797
Q8K019_S296___2,0.007005,No,0.6227,0.9671
Q8K019_S758___2,0.2015,No,0.2289,0.2354
Q8K039_S147___2,-0.07569,No,0.4823,0.6559
Q8K070_S165___2,-0.1758,No,0.2738,0.3006
Q8K070_S173___2,-0.1357,No,0.3528,0.4245
Q8K070_S179___2,-0.2971,No,0.0992,0.0802
Q8K0E1_S38___2,0.2336,No,0.1775,0.1691
Q8K0U3_S12___2,-0.2621,No,0.1384,0.1228
Q8K0U3_S15___2,-0.2621,No,0.1384,0.1228
Q8K194_S63___2,-0.4428,Yes,0.0164,0.0091
Q8K1X1_S405___2,0.8303,Yes,0.0001,0.0001
Q8K1Y2_S44___2,-0.1282,No,0.3679,0.4504
Q8K1Y2_S27___2,-0.07512,No,0.4835,0.6583
Q8K2D0_S321___2,1.201,Yes,0.0001,0.0001
Q8K2F0_S561___2,-0.7478,Yes,0.0001,0.0001
Q8K2H1_S222___2,1.411,Yes,0.0001,0.0001
Q8K2H1_S215___2,-0.4951,Yes,0.0074,0.0036
Q8K2L8_S125___2,0.4635,Yes,0.0121,0.0064
Q8K2L8_S128___2,0.4635,Yes,0.0121,0.0064
Q8K2L8_S312___2,0.2829,No,0.1139,0.0958
Q8K2P7_S56___2,-0.09445,No,0.4408,0.5781
Q8K2Z4_S1320___2,0.4598,Yes,0.0128,0.0068
Q8K327_S405___2,0.01571,No,0.6052,0.9263
Q8K327_S622___2,0.5243,Yes,0.0046,0.002
Q8K327_S421___2,0.09626,No,0.4367,0.5709
Q8K327_S375___2,0.6301,Yes,0.0006,0.0002
Q8K371_S599___2,-1.039,Yes,0.0001,0.0001
Q8K371_S533___2,-0.228,No,0.186,0.1794
Q8K371_S755___2,-1.004,Yes,0.0001,0.0001
Q8K3A9_S191___2,-0.4564,Yes,0.0135,0.0072
Q8K3W3_S151___2,-1.563,Yes,0.0001,0.0001
Q8K3X4_S637___2,-1.218,Yes,0.0001,0.0001
Q8K3X4_S316___2,0.02421,No,0.5879,0.8866
Q8K3Z9_S319___2,-0.7696,Yes,0.0001,0.0001
Q8K3Z9_S322___2,-0.7696,Yes,0.0001,0.0001
Q8K3Z9_S325___2,-0.7696,Yes,0.0001,0.0001
Q8K4J6_S492___2,-0.1374,No,0.3495,0.4186
Q8K4L0_S38___2,0.4129,Yes,0.0253,0.0151
Q8K4L3_S234___2,-0.3165,No,0.0809,0.0624
Q8K4L3_S248___2,-0.3027,No,0.0937,0.0747
Q8K4Q0_S863___2,0.7583,Yes,0.0001,0.0001
Q8QZS3_S73___2,0.5779,Yes,0.0018,0.0007
Q8R001_S218___2,0.06283,No,0.5094,0.7115
Q8R0G9_S488___2,0.1331,No,0.3584,0.4333
Q8R0G9_S492___2,0.1331,No,0.3584,0.4333
Q8R0S1_S97___2,-0.2604,No,0.1407,0.1252
Q8R0T2_S23___2,-0.8975,Yes,0.0001,0.0001
Q8R0T2_S135___2,-0.6504,Yes,0.0004,0.0001
Q8R0T2_S142___2,-0.6383,Yes,0.0005,0.0002
Q8R1F1_S650___2,0.3748,Yes,0.0412,0.0273
Q8R1Q8_S398___2,2.275,Yes,0.0001,0.0001
Q8R2M2_S39___2,-0.2189,No,0.1999,0.1975
Q8R2M2_S42___2,-0.2189,No,0.1999,0.1975
Q8R3B7_S268___2,0.02529,No,0.5862,0.8817
Q8R3S6_S470___2,-0.2108,No,0.213,0.2146
Q8R4H2_S300___2,-0.2369,No,0.1725,0.1631
Q8R4H2_S304___2,0.5881,Yes,0.0014,0.0005
Q8VC98_S570___2,-1.091,Yes,0.0001,0.0001
Q8VCB1_S473___2,3.362,Yes,0.0001,0.0001
Q8VDD9_S1281___2,0.2491,No,0.1554,0.1424
Q8VDD9_S1283___2,0.2491,No,0.1554,0.1424
Q8VDG3_S569___2,-0.1476,No,0.3284,0.3849
Q8VDL9_S51___2,0.2948,No,0.1015,0.0827
Q8VDL9_S54___2,0.2948,No,0.1015,0.0827
Q8VDP4_S680___2,-0.4309,Yes,0.0195,0.0112
Q8VDR9_S880___2,0.1513,No,0.3212,0.3732
Q8VDY9_S74___2,0.2203,No,0.1979,0.1946
Q8VDZ4_S455___2,0.4583,Yes,0.0131,0.007
Q8VDZ4_S458___2,0.4583,Yes,0.0131,0.007
Q8VDZ4_S684___2,0.369,Yes,0.0443,0.0298
Q8VDZ4_S432___2,-0.118,No,0.3893,0.4872
Q8VE94_S347___2,0.4729,Yes,0.0105,0.0054
Q8VEL2_S622___2,0.1948,No,0.2403,0.2515
Q8VHI3_S318___2,0.1878,No,0.2528,0.2689
Q8VHK1_S396___2,-0.1823,No,0.2626,0.283
Q8VHK1_S406___2,-0.07124,No,0.492,0.6749
Q8VHR0_S778___2,-0.5344,Yes,0.0038,0.0017
Q8VHR0_S780___2,-0.5344,Yes,0.0038,0.0017
Q8VHR5_S123___2,0.1958,No,0.2386,0.2489
Q8VHR5_S339___2,0.4954,Yes,0.0074,0.0035
Q8VI33_S149___2,0.08841,No,0.4542,0.6027
Q8VI36_S250___2,-0.3644,Yes,0.0469,0.0319
Q8VI59_S127___2,0.1731,No,0.2789,0.3082
Q8VID5_S489___2,0.4892,Yes,0.0081,0.004
Q8VID5_S492___2,0.4892,Yes,0.0081,0.004
Q91V09_S111___2,0.235,No,0.1754,0.1665
Q91V09_S116___2,0.235,No,0.1754,0.1665
Q91VJ2_S165___2,-0.1444,No,0.335,0.3954
Q91VJ2_S166___2,-0.1444,No,0.335,0.3954
Q91VW5_S37___2,0.5408,Yes,0.0034,0.0015
Q91W39_S381___2,-0.1668,No,0.2904,0.326
Q91W92_S146___2,-0.4062,Yes,0.0276,0.0168
Q91W92_S132___2,0.07359,No,0.4869,0.6648
Q91W92_S113___2,2.194,Yes,0.0001,0.0001
Q91W96_S777___2,0.128,No,0.3684,0.4512
Q91W96_S779___2,0.128,No,0.3684,0.4512
Q91WG2_S176___2,0.03179,No,0.5718,0.8515
Q91WG5_S90___2,-1.051,Yes,0.0001,0.0001
Q91WG5_S65___2,-0.2377,No,0.1713,0.1616
Q91WL6_S194___2,-0.5592,Yes,0.0025,0.001
Q91X51_S367___2,0.3962,Yes,0.0315,0.0197
Q91X51_S372___2,0.3662,Yes,0.0459,0.0311
Q91XV3_S128___2,0.7463,Yes,0.0001,0.0001
Q91YD9_S422___2,-0.09176,No,0.447,0.589
Q91YE8_S899___2,0.05164,No,0.5309,0.7611
Q91YE8_S618___2,-0.05168,No,0.5308,0.7609
Q91YM2_S1130___2,0.3194,No,0.0785,0.06
Q91YM2_S1142___2,0.6916,Yes,0.0002,0.0001
Q91YM2_S1174___2,0.2968,No,0.0995,0.0806
Q91YR7_S279___2,0.2813,No,0.1158,0.0977
Q91YT8_S734___2,-0.2232,No,0.1932,0.1887
Q91YT8_S738___2,-0.2232,No,0.1932,0.1887
Q91YU3_S101___2,-0.09923,No,0.4302,0.5591
Q91YU3_S106___2,-0.09923,No,0.4302,0.5591
Q91YU6_S301___2,-0.1276,No,0.3691,0.4526
Q91YU6_S311___2,-0.1276,No,0.3691,0.4526
Q91Z67_S990___2,0.3418,No,0.061,0.0442
Q91Z67_S994___2,0.3418,No,0.061,0.0442
Q91ZV3_S721___2,0.5295,Yes,0.0042,0.0018
Q91ZV8_S1113___2,0.3068,No,0.0897,0.0709
Q91ZV8_S1160___2,0.5039,Yes,0.0064,0.003
Q921G6_S521___2,1.317,Yes,0.0001,0.0001
Q921I6_S245___2,0.2513,No,0.1523,0.139
Q921I6_S250___2,0.2513,No,0.1523,0.139
Q921N6_S23___2,-0.1136,No,0.3993,0.5038
Q921N6_S25___2,-0.1136,No,0.3993,0.5038
Q922B9_S326___2,0.2135,No,0.2086,0.2087
Q922B9_S268___2,0.11,No,0.4066,0.5172
Q922B9_S745___2,0.565,Yes,0.0022,0.0009
Q922B9_S1051___2,0.06838,No,0.4973,0.6872
Q922B9_S1056___2,-0.2467,No,0.1589,0.1464
Q922B9_S1059___2,-0.1614,No,0.3012,0.3418
Q922C1_S377___2,-0.4494,Yes,0.0149,0.0082
Q922C1_S380___2,-0.4494,Yes,0.0149,0.0082
Q922J3_S311___2,0.318,No,0.0797,0.0612
Q922J3_S314___2,0.318,No,0.0797,0.0612
Q922M7_S189___2,-0.2274,No,0.187,0.1806
Q922M7_S193___2,-0.2274,No,0.187,0.1806
Q923B1_S485___2,0.6431,Yes,0.0005,0.0002
Q923B1_S489___2,-1.002,Yes,0.0001,0.0001
Q923J1_S1506___2,0.005703,No,0.6251,0.9732
Q923J1_S1488___2,-0.2016,No,0.2288,0.2353
Q923J1_S1491___2,-0.2016,No,0.2288,0.2353
Q923Z0_S352___2,-0.7056,Yes,0.0001,0.0001
Q924A2_S1338___2,0.2265,No,0.1886,0.1824
Q924A2_S1343___2,0.2265,No,0.1886,0.1824
Q924A2_S2275___2,0.08736,No,0.4566,0.607
Q924A2_S2299___2,-0.06472,No,0.5052,0.7032
Q924A2_S2311___2,-0.2038,No,0.2249,0.2301
Q924A2_S774___2,-1.082,Yes,0.0001,0.0001
Q924K8_S425___2,0.05301,No,0.528,0.7549
Q924N4_S29___2,-0.2995,No,0.0968,0.0778
Q924N4_S1029___2,0.7317,Yes,0.0001,0.0001
Q924W7_S87___2,-0.7703,Yes,0.0001,0.0001
Q924W7_S30___2,-0.6381,Yes,0.0005,0.0002
Q924Z4_S341___2,0.01788,No,0.6009,0.9162
Q924Z4_S348___2,0.01788,No,0.6009,0.9162
Q925H1_S1085___2,0.5415,Yes,0.0034,0.0014
Q99J36_S86___2,-0.2113,No,0.2121,0.2135
Q99J36_S88___2,-0.2113,No,0.2121,0.2135
Q99JB8_S341___2,-0.5893,Yes,0.0014,0.0005
Q99JB8_S347___2,-0.4302,Yes,0.0197,0.0113
Q99JB8_S358___2,0.7677,Yes,0.0001,0.0001
Q99JF8_S272___2,-0.3748,Yes,0.0412,0.0273
Q99JT2_S309___2,0.5372,Yes,0.0037,0.0016
Q99K01_S718___2,0.8001,Yes,0.0001,0.0001
Q99K01_S722___2,0.8001,Yes,0.0001,0.0001
Q99KG7_S482___2,-0.1947,No,0.2405,0.2518
Q99L02_S233___2,0.1954,No,0.2393,0.2499
Q99L90_S108___2,-0.1907,No,0.2476,0.2615
Q99LB0_S156___2,-0.5572,Yes,0.0026,0.001
Q99LH9_S342___2,-0.09304,No,0.444,0.5838
Q99LH9_S349___2,-0.09304,No,0.444,0.5838
Q99LJ0_S548___2,-0.8786,Yes,0.0001,0.0001
Q99LJ0_S562___2,-0.3827,Yes,0.0374,0.0242
Q99LL5_S58___2,0.2871,No,0.1094,0.091
Q99LX5_S219___2,0.5698,Yes,0.002,0.0008
Q99MN1_S588___2,0.8062,Yes,0.0001,0.0001
Q99MN1_S592___2,0.807,Yes,0.0001,0.0001
Q99MQ1_S639___2,1.013,Yes,0.0001,0.0001
Q99MR1_S235___2,-0.346,No,0.058,0.0416
Q99NB9_S190___2,-1.048,Yes,0.0001,0.0001
Q99NH0_S15___2,1.232,Yes,0.0001,0.0001
Q99NH0_S1692___2,0.7358,Yes,0.0001,0.0001
Q99NH2_S378___2,-0.433,Yes,0.019,0.0108
Q99P72_S836___2,0.1581,No,0.3075,0.3519
Q99P72_S186___2,0.9374,Yes,0.0001,0.0001
Q99PL5_S187___2,1.85,Yes,0.0001,0.0001
Q99PP2_S2143___2,0.3325,No,0.0678,0.0503
Q9CPN8_S184___2,-0.2256,No,0.1899,0.1842
Q9CPN8_S187___2,-0.2527,No,0.1506,0.1369
Q9CQV4_S260___2,0.4097,Yes,0.0264,0.0159
Q9CRB0_S113___2,-0.1866,No,0.2549,0.272
Q9CSN1_S232___2,-0.06272,No,0.5095,0.7119
Q9CT10_S62___2,0.01267,No,0.6114,0.9405
Q9CT10_S33___2,-0.3456,No,0.0583,0.0419
Q9CW79_S30___2,-0.1638,No,0.2966,0.3347
Q9CWR7_S32___2,0.5219,Yes,0.0048,0.0021
Q9CXB8_S990___2,-0.3839,Yes,0.0368,0.0238
Q9CXB8_S998___2,-0.3839,Yes,0.0368,0.0238
Q9CYZ2_S209___2,0.5571,Yes,0.0026,0.001
Q9CZA6_S326___2,1.583,Yes,0.0001,0.0001
Q9CZA6_S330___2,1.583,Yes,0.0001,0.0001
Q9CZJ2_S276___2,-1.168,Yes,0.0001,0.0001
Q9CZK6_S369___2,-0.5826,Yes,0.0016,0.0006
Q9CZV5_S321___2,-0.1383,No,0.3476,0.4156
Q9CZV5_S332___2,-0.1383,No,0.3476,0.4156
Q9D0B0_S217___2,0.8667,Yes,0.0001,0.0001
Q9D0N7_S417___2,2.609,Yes,0.0001,0.0001
Q9D0N7_S422___2,2.609,Yes,0.0001,0.0001
Q9D0N7_S436___2,2.523,Yes,0.0001,0.0001
Q9D0N7_S456___2,2.523,Yes,0.0001,0.0001
Q9D1C2_S26___2,0.2117,No,0.2114,0.2126
Q9D2C2_S6___2,-0.1858,No,0.2563,0.2741
Q9D2C2_S14___2,-0.1858,No,0.2563,0.2741
Q9D2D7_S254___2,-0.09964,No,0.4293,0.5575
Q9D2U5_S25___2,0.346,No,0.058,0.0416
Q9D2V5_S2___2,-0.1106,No,0.4051,0.515
Q9D2V5_S3___2,-0.1106,No,0.4051,0.515
Q9D3A8_S370___2,0.04434,No,0.5461,0.7941
Q9D3E6_S1065___2,-0.3163,No,0.0811,0.0626
Q9D3X5_S41___2,0.06298,No,0.5091,0.7108
Q9D4C5_S158___2,-0.1043,No,0.4192,0.5391
Q9D4H1_S435___2,-0.3338,No,0.0668,0.0494
Q9D554_S369___2,0.1784,No,0.2696,0.2935
Q9D620_S366___2,0.8503,Yes,0.0001,0.0001
Q9D722_S82___2,-0.3757,Yes,0.0408,0.027
Q9D722_S84___2,-0.3757,Yes,0.0408,0.027
Q9D7P6_S21___2,0.2469,No,0.1585,0.146
Q9D824_S483___2,-0.02896,No,0.5785,0.8646
Q9D842_S344___2,-0.4183,Yes,0.0234,0.0138
Q9D842_S348___2,-0.4183,Yes,0.0234,0.0138
Q9DAT2_S191___2,-1.007,Yes,0.0001,0.0001
Q9DAZ5_S93___2,0.3359,No,0.0652,0.048
Q9DB20_S197___2,-0.05987,No,0.5155,0.7245
Q9DB52_S140___2,-0.9893,Yes,0.0001,0.0001
Q9DB52_S170___2,-0.8933,Yes,0.0001,0.0001
Q9DB52_S264___2,-0.3327,No,0.0676,0.0501
Q9DB52_S273___2,-0.5877,Yes,0.0015,0.0005
Q9DB85_S62___2,-0.2805,No,0.1166,0.0986
Q9DB85_S172___2,-0.2448,No,0.1617,0.1495
Q9DBC3_S27___2,0.01329,No,0.6101,0.9376
Q9DBD5_S740___2,-0.4939,Yes,0.0075,0.0036
Q9DBE9_S335___2,-0.1603,No,0.3037,0.3453
Q9DBE9_S336___2,-0.1603,No,0.3037,0.3453
Q9DBJ3_S261___2,-0.318,No,0.0797,0.0612
Q9DBR0_S320___2,-0.04752,No,0.5396,0.7796
Q9DBR0_S325___2,-0.04752,No,0.5396,0.7796
Q9DBR2_S406___2,-0.3938,Yes,0.0325,0.0204
Q9DBR7_S473___2,-0.1839,No,0.2596,0.2789
Q9DBZ9_S685___2,-0.4744,Yes,0.0103,0.0052
Q9DBZ9_S231___2,-0.09009,No,0.4504,0.5958
Q9DBZ9_S244___2,-0.8001,Yes,0.0001,0.0001
Q9DC22_S863___2,0.1179,No,0.3894,0.4875
Q9DC22_S673___2,0.2085,No,0.2171,0.2196
Q9DCD5_S506___2,0.3877,Yes,0.0351,0.0225
Q9DD18_S197___2,0.06453,No,0.5057,0.704
Q9EP71_S293___2,-1.013,Yes,0.0001,0.0001
Q9EP97_S71___2,0.02417,No,0.5879,0.8869
Q9EP97_S73___2,0.02417,No,0.5879,0.8869
Q9EP97_S175___2,0.3816,Yes,0.0379,0.0246
Q9EPC1_S14___2,0.8203,Yes,0.0001,0.0001
Q9EQG3_S175___2,-0.5867,Yes,0.0015,0.0006
Q9EQJ9_S829___2,0.543,Yes,0.0033,0.0014
Q9EQM6_S373___2,-0.09636,No,0.4365,0.5705
Q9EQM6_S271___2,0.4363,Yes,0.0181,0.0102
Q9EQM6_S275___2,0.4363,Yes,0.0181,0.0102
Q9ERU9_S781___2,0.8191,Yes,0.0001,0.0001
Q9ES00_S84___2,2.142,Yes,0.0001,0.0001
Q9ES18_S161___2,-1.259,Yes,0.0001,0.0001
Q9ESC8_S1052___2,0.09119,No,0.4483,0.5913
Q9ESC8_S698___2,0.1009,No,0.4267,0.5524
Q9ESC8_S701___2,0.1009,No,0.4267,0.5524
Q9ESJ1_S272___2,-1.213,Yes,0.0001,0.0001
Q9ESL4_S687___2,0.5139,Yes,0.0054,0.0025
Q9ESN6_S456___2,0.3077,No,0.0888,0.0701
Q9ESN6_S459___2,0.3077,No,0.0888,0.0701
Q9ESN6_S424___2,0.03376,No,0.5674,0.8424
Q9ESX5_S451___2,0.1492,No,0.3252,0.3797
Q9ESX5_S453___2,0.1492,No,0.3252,0.3797
Q9ET78_S479___2,-0.9366,Yes,0.0001,0.0001
Q9ET78_S613___2,-0.9954,Yes,0.0001,0.0001
Q9ET80_S465___2,-0.7499,Yes,0.0001,0.0001
Q9ET80_S475___2,-0.5734,Yes,0.0019,0.0007
Q9ET80_S480___2,-0.5587,Yes,0.0025,0.001
Q9ET80_S448___2,-0.7858,Yes,0.0001,0.0001
Q9ET80_S452___2,-0.7858,Yes,0.0001,0.0001
Q9JHU2_S375___2,0.3849,Yes,0.0364,0.0235
Q9JIA7_S364___2,0.08809,No,0.4549,0.604
Q9JIK5_S245___2,0.9832,Yes,0.0001,0.0001
Q9JIM3_S968___2,-0.2035,No,0.2255,0.2309
Q9JIM3_S971___2,-0.2035,No,0.2255,0.2309
Q9JJA7_S335___2,-0.2183,No,0.2008,0.1987
Q9JJC9_S94___2,0.9814,Yes,0.0001,0.0001
Q9JJY3_S294___2,-0.5019,Yes,0.0066,0.0031
Q9JJY3_S296___2,-0.1916,No,0.2461,0.2594
Q9JJY3_S183___2,-0.4833,Yes,0.0089,0.0044
Q9JJZ6_S284___2,-0.124,No,0.3762,0.4653
Q9JKB3_S358___2,-0.4602,Yes,0.0128,0.0067
Q9JKB3_S193___2,-0.3619,Yes,0.0483,0.0331
Q9JKB3_S196___2,-0.3619,Yes,0.0483,0.0331
Q9JL99_S39___2,-0.003076,No,0.6298,0.9855
Q9JL99_S40___2,-0.003076,No,0.6298,0.9855
Q9JLM8_S352___2,0.2071,No,0.2196,0.2227
Q9JLM8_S355___2,0.2071,No,0.2196,0.2227
Q9JLM8_S305___2,0.244,No,0.1628,0.1509
Q9JLM8_S310___2,0.2071,No,0.2196,0.2227
Q9JLM8_S320___2,0.1793,No,0.2679,0.2913
Q9JLM8_S330___2,0.1977,No,0.2353,0.2446
Q9JLM8_S332___2,0.3691,Yes,0.0442,0.0298
Q9JLM8_S334___2,0.2535,No,0.1495,0.1356
Q9JLM8_S340___2,0.1245,No,0.3752,0.4636
Q9JLM8_S32___2,0.3229,No,0.0756,0.0573
Q9JLM8_S36___2,0.3229,No,0.0756,0.0573
Q9JLN9_S2478___2,4.307,Yes,0.0001,0.0001
Q9JLQ0_S514___2,0.9652,Yes,0.0001,0.0001
Q9JM73_S224___2,-0.2567,No,0.1456,0.1306
Q9JM96_S136___2,-0.4312,Yes,0.0195,0.0111
Q9JMD1_S772___2,0.04406,No,0.5468,0.7953
Q9JMH9_S2032___2,-0.2288,No,0.1849,0.178
Q9JMH9_S2034___2,-0.2288,No,0.1849,0.178
Q9JMH9_S98___2,0.3293,No,0.0703,0.0526
Q9JMH9_S1970___2,-0.03784,No,0.5584,0.8237
Q9JMH9_S1994___2,-0.1187,No,0.3878,0.4847
Q9JMH9_S1998___2,-0.1187,No,0.3878,0.4847
Q9JMH9_S160___2,0.1121,No,0.402,0.5091
Q9JMH9_S164___2,0.1121,No,0.402,0.5091
Q9JMK2_S405___2,0.7119,Yes,0.0001,0.0001
Q9JMK2_S408___2,0.7119,Yes,0.0001,0.0001
Q9QXK2_S103___2,1.019,Yes,0.0001,0.0001
Q9QXM1_S130___2,0.563,Yes,0.0023,0.0009
Q9QXZ0_S7299___2,0.07248,No,0.4893,0.6696
Q9QY01_S507___2,-0.6922,Yes,0.0002,0.0001
Q9QYE6_S150___2,0.3364,No,0.0649,0.0477
Q9QYR6_S2066___2,0.08413,No,0.4642,0.6204
Q9QYR6_S526___2,-0.4193,Yes,0.0231,0.0136
Q9QYR6_S527___2,-0.4193,Yes,0.0231,0.0136
Q9QYR6_S1648___2,0.5416,Yes,0.0034,0.0014
Q9QYR6_S1768___2,0.1573,No,0.3093,0.3543
Q9QYR6_S1772___2,0.1573,No,0.3093,0.3543
Q9QYR6_S895___2,-0.2516,No,0.1521,0.1386
Q9QYR6_S899___2,-0.2516,No,0.1521,0.1386
Q9QYY0_S649___2,-0.4394,Yes,0.0173,0.0097
Q9R020_S290___2,-0.7184,Yes,0.0001,0.0001
Q9R020_S288___2,-0.7469,Yes,0.0001,0.0001
Q9R0A1_S673___2,0.4376,Yes,0.0178,0.01
Q9R0G7_S784___2,1.096,Yes,0.0001,0.0001
Q9R0G7_S356___2,-0.1073,No,0.4122,0.5276
Q9R0L6_S384___2,1.332,Yes,0.0001,0.0001
Q9R0L6_S119___2,1.027,Yes,0.0001,0.0001
Q9R0L6_S121___2,1.106,Yes,0.0001,0.0001
Q9R0L6_S1777___2,0.7371,Yes,0.0001,0.0001
Q9R0L6_S68___2,0.4371,Yes,0.0179,0.0101
Q9R1C7_S934___2,-0.3262,No,0.0728,0.0548
Q9R1R2_S458___2,0.5916,Yes,0.0013,0.0005
Q9R1Y5_S310___2,0.1872,No,0.2539,0.2705
Q9R1Z8_S389___2,-0.3542,No,0.0528,0.037
Q9R1Z8_S402___2,-0.3542,No,0.0528,0.037
Q9R210_S108___2,1.067,Yes,0.0001,0.0001
Q9R210_S113___2,0.9377,Yes,0.0001,0.0001
Q9R210_S121___2,0.05924,No,0.5166,0.7272
Q9WTQ5_S1290___2,-0.3916,Yes,0.0335,0.0211
Q9WTQ5_S615___2,-0.3139,No,0.0832,0.0646
Q9WTQ5_S630___2,0.1793,No,0.2678,0.2911
Q9WTV7_S227___2,0.1284,No,0.3676,0.4498
Q9WU42_S149___2,0.2536,No,0.1494,0.1354
Q9WUA6_S472___2,1.375,Yes,0.0001,0.0001
Q9WUF3_S1530___2,-0.02419,No,0.5879,0.8867
Q9WV34_S121___2,0.2656,No,0.134,0.1179
Q9WV60_S25___2,-0.03853,No,0.5574,0.8206
Q9WV70_S673___2,-0.2401,No,0.1682,0.1576
Q9WV70_S674___2,-0.2401,No,0.1682,0.1576
Q9WVC3_S20___2,-0.4376,Yes,0.0178,0.01
Q9WVC3_S23___2,-0.4705,Yes,0.0109,0.0056
Q9WVE8_S313___2,-0.08877,No,0.4536,0.6012
Q9WVH4_S298___2,0.2259,No,0.1893,0.1834
Q9Z0F8_S773___2,-0.1489,No,0.3259,0.3808
Q9Z0P4_S365___2,-0.3622,Yes,0.0481,0.033
Q9Z0S5_S214___2,0.6539,Yes,0.0004,0.0001
Q9Z0U1_S111___2,0.1619,No,0.3003,0.3405
Q9Z0U1_S380___2,-0.3101,No,0.0866,0.0679
Q9Z131_S378___2,0.2363,No,0.1734,0.1642
Q9Z1J1_S321___2,0.1194,No,0.3862,0.4822
Q9Z1J1_S328___2,0.1194,No,0.3862,0.4822
Q9Z1Z2_S335___2,0.7376,Yes,0.0001,0.0001
Q9Z1Z2_S338___2,0.7376,Yes,0.0001,0.0001
Q9Z277_S1468___2,0.1554,No,0.3133,0.3602
Q9Z2F6_S373___2,-1.284,Yes,0.0001,0.0001
Q9Z2F7_S61___2,0.0875,No,0.4564,0.6065
Q9Z2Q2_S312___2,0.2063,No,0.221,0.2246
Q9Z2R6_S39___2,0.3208,No,0.0773,0.0589
A2A884_T1926___2,-0.761,Yes,0.0001,0.0001
A2AJI0_T278___2,0.2318,No,0.1803,0.1723
A2AQH4_T1450___2,0.05775,No,0.5196,0.7339
A2AR02_T746___2,0.3277,No,0.0715,0.0537
A2BH40_T1760___2,0.1174,No,0.3908,0.4896
A6H8H2_T966___2,0.2874,No,0.1091,0.0906
B9EJ80_T967___2,0.169,No,0.2865,0.3196
B9EKR1_T1684___2,-0.7346,Yes,0.0001,0.0001
E9PYH6_T523___2,-0.07155,No,0.4912,0.6736
E9PYH6_T1174___2,2.871,Yes,0.0001,0.0001
E9PYL2_T1555___2,0.08171,No,0.4691,0.6305
E9PYL2_T1295___2,-0.7414,Yes,0.0001,0.0001
E9Q286_T1577___2,-0.812,Yes,0.0001,0.0001
E9Q4F7_T1783___2,-0.1688,No,0.2869,0.3205
E9Q5C9_T610___2,3.163,Yes,0.0001,0.0001
E9Q5C9_T613___2,3.163,Yes,0.0001,0.0001
E9Q5C9_T400___2,2.74,Yes,0.0001,0.0001
E9Q784_T353___2,0.05463,No,0.5254,0.7477
E9Q7F2_T306___2,-0.2925,No,0.1041,0.0851
E9Q942_T63___2,0.554,Yes,0.0027,0.0011
E9Q9R9_T984___2,0.2605,No,0.1406,0.1251
F6ZDS4_T2135___2,-0.6691,Yes,0.0003,0.0001
F8VPU2_T419___2,0.7238,Yes,0.0001,0.0001
F8VPU2_T34___2,-0.2089,No,0.2165,0.2188
G3X9J0_T1694___2,-0.7203,Yes,0.0001,0.0001
G3X9J0_T1698___2,-0.7203,Yes,0.0001,0.0001
G5E870_T1454___2,-1.25,Yes,0.0001,0.0001
G5E870_T83___2,-0.008954,No,0.6185,0.958
O08553_T514___2,0.3049,No,0.0915,0.0726
O08784_T104___2,-1.068,Yes,0.0001,0.0001
O08784_T108___2,-1.068,Yes,0.0001,0.0001
O08784_T860___2,0.1625,No,0.2991,0.3387
O35126_T638___2,0.4619,Yes,0.0124,0.0065
O35130_T25___2,1.435,Yes,0.0001,0.0001
O35615_T495___2,1.508,Yes,0.0001,0.0001
O35682_T19___2,0.2618,No,0.1387,0.1232
O54724_T40___2,-0.911,Yes,0.0001,0.0001
O54916_T538___2,0.3545,No,0.0527,0.0369
O55201_T661___2,-0.03611,No,0.5622,0.8316
O70279_T422___2,0.1566,No,0.3108,0.3567
O70279_T444___2,-0.04306,No,0.5487,0.7999
O88466_T1383___2,0.6755,Yes,0.0002,0.0001
O88792_T286___2,0.3233,No,0.0753,0.057
P01108_T58___2,-0.2893,No,0.1072,0.0886
P09405_T99___2,2.079,Yes,0.0001,0.0001
P09405_T106___2,2.079,Yes,0.0001,0.0001
P09450_T252___2,0.001965,No,0.6314,0.9908
P13405_T246___2,1.365,Yes,0.0001,0.0001
P14873_T1784___2,0.07623,No,0.4814,0.6536
P23242_T326___2,1.032,Yes,0.0001,0.0001
P24788_T584___2,-0.1014,No,0.4257,0.5506
P26231_T634___2,-0.4252,Yes,0.0212,0.0123
P26231_T645___2,1.18,Yes,0.0001,0.0001
P26231_T654___2,0.4173,Yes,0.0237,0.014
P28867_T505___2,-0.2702,No,0.1286,0.1117
P30415_T253___2,-0.1005,No,0.4276,0.5542
P32507_T401___2,-0.7103,Yes,0.0001,0.0001
P33611_T130___2,2.553,Yes,0.0001,0.0001
P34152_T575___2,0.2634,No,0.1369,0.121
P35585_T154___2,0.8505,Yes,0.0001,0.0001
P42128_T408___2,0.1123,No,0.4019,0.5085
P48678_T19___2,2.215,Yes,0.0001,0.0001
P48678_T394___2,1.049,Yes,0.0001,0.0001
P52482_T28___2,2.544,Yes,0.0001,0.0001
P57787_T465___2,0.6787,Yes,0.0002,0.0001
P57787_T468___2,0.6787,Yes,0.0002,0.0001
P58871_T1025___2,1.508,Yes,0.0001,0.0001
P59997_T550___2,0.9905,Yes,0.0001,0.0001
P59997_T713___2,-0.3121,No,0.0847,0.0661
P62754_T241___2,2.836,Yes,0.0001,0.0001
P70178_T269___2,-0.8812,Yes,0.0001,0.0001
P70257_T463___2,-0.1307,No,0.3634,0.4416
P70399_T434___2,0.1045,No,0.4188,0.5383
P70445_T37___2,5.541,Yes,0.0001,0.0001
P70445_T46___2,5.541,Yes,0.0001,0.0001
P70459_T3___2,-0.5903,Yes,0.0014,0.0005
P81122_T771___2,1.615,Yes,0.0001,0.0001
P97434_T295___2,-0.3704,Yes,0.0435,0.0292
P97434_T623___2,0.4228,Yes,0.022,0.0128
P97820_T828___2,0.9663,Yes,0.0001,0.0001
P97863_T327___2,0.587,Yes,0.0015,0.0005
Q03147_T175___2,-0.2627,No,0.1377,0.122
Q03347_T14___2,-0.4657,Yes,0.0117,0.0061
Q05CL8_T335___2,0.3511,No,0.0547,0.0387
Q05CL8_T251___2,0.1303,No,0.3641,0.443
Q05CL8_T260___2,-0.692,Yes,0.0002,0.0001
Q08274_T457___2,0.6205,Yes,0.0008,0.0003
Q08274_T461___2,0.6205,Yes,0.0008,0.0003
Q09XV5_T2206___2,0.4711,Yes,0.0108,0.0055
Q0P678_T62___2,-1.519,Yes,0.0001,0.0001
Q2KN98_T875___2,0.08382,No,0.4648,0.6217
Q3THK3_T389___2,1.272,Yes,0.0001,0.0001
Q3THK3_T437___2,-1.612,Yes,0.0001,0.0001
Q3TIR3_T440___2,-0.4413,Yes,0.0168,0.0094
Q3TUF7_T477___2,-1.342,Yes,0.0001,0.0001
Q3TXS7_T311___2,-0.251,No,0.1527,0.1395
Q3UHJ0_T618___2,-0.03469,No,0.5655,0.8382
Q3UIA2_T730___2,-0.1271,No,0.3701,0.4542
Q3UIA2_T736___2,0.2104,No,0.2137,0.2155
Q3UIA2_T740___2,0.2595,No,0.1419,0.1265
Q3UJB9_T879___2,0.3182,No,0.0796,0.061
Q3UJB9_T906___2,-0.6922,Yes,0.0002,0.0001
Q3UMY5_T160___2,0.6252,Yes,0.0007,0.0002
Q3USB7_T94___2,0.00298,No,0.6298,0.986
Q52KI8_T712___2,0.03396,No,0.567,0.8415
Q52KI8_T404___2,0.06239,No,0.5101,0.7134
Q571I4_T810___2,0.1359,No,0.3523,0.4236
Q5EG47_T490___2,0.3805,Yes,0.0385,0.0251
Q5F293_T953___2,-0.118,No,0.3893,0.4873
Q5H8C4_T831___2,0.06535,No,0.5037,0.7004
Q5HZG4_T224___2,-0.2582,No,0.1436,0.1284
Q5PSV9_T943___2,2.598,Yes,0.0001,0.0001
Q5PSV9_T623___2,0.5529,Yes,0.0028,0.0011
Q5RJI5_T583___2,0.1638,No,0.2966,0.3349
Q5SU73_T169___2,-0.7503,Yes,0.0001,0.0001
Q5SWW4_T326___2,-0.061,No,0.513,0.7195
Q5SXA9_T527___2,-0.5121,Yes,0.0056,0.0026
Q5U3K5_T597___2,0.3651,Yes,0.0465,0.0316
Q5U4C3_T923___2,-0.5355,Yes,0.0038,0.0016
Q60596_T452___2,-0.08038,No,0.4723,0.636
Q60710_T56___2,-0.4326,Yes,0.0191,0.0109
Q60793_T320___2,-0.484,Yes,0.0088,0.0044
Q60876_T36___2,4.82,Yes,0.0001,0.0001
Q60876_T45___2,4.796,Yes,0.0001,0.0001
Q60953_T535___2,-1.037,Yes,0.0001,0.0001
Q60953_T513___2,-0.3016,No,0.0947,0.0758
Q61029_T354___2,2.114,Yes,0.0001,0.0001
Q61033_T163___2,-0.5292,Yes,0.0042,0.0018
Q61103_T248___2,-0.6451,Yes,0.0005,0.0001
Q61136_T439___2,0.1967,No,0.2371,0.2469
Q61165_T689___2,0.7316,Yes,0.0001,0.0001
Q62130_T608___2,0.069,No,0.4963,0.6846
Q62188_T514___2,-0.3279,No,0.0713,0.0535
Q62188_T509___2,-0.3287,No,0.0707,0.0529
Q62311_T660___2,0.1708,No,0.283,0.3146
Q62383_T1530___2,-0.2735,No,0.1248,0.1074
Q62407_T379___2,-0.08193,No,0.4687,0.6296
Q62445_T772___2,-1.164,Yes,0.0001,0.0001
Q64512_T902___2,-0.1544,No,0.3152,0.3635
Q68FF6_T401___2,-0.2335,No,0.1777,0.1693
Q69Z38_T280___2,-0.05211,No,0.5299,0.759
Q69Z38_T778___2,0.5629,Yes,0.0023,0.0009
Q69ZJ7_T995___2,0.5317,Yes,0.004,0.0017
Q6A068_T411___2,0.1764,No,0.2728,0.2991
Q6A068_T415___2,0.117,No,0.3918,0.4911
Q6A068_T424___2,0.1529,No,0.3179,0.3679
Q6A068_T438___2,-0.03489,No,0.565,0.8372
Q6DFV5_T1163___2,-0.003235,No,0.6295,0.9848
Q6KCD5_T2661___2,0.02883,No,0.5787,0.8652
Q6NVE8_T403___2,0.1424,No,0.3392,0.4018
Q6NZJ6_T1226___2,1.575,Yes,0.0001,0.0001
Q6NZJ6_T214___2,0.6422,Yes,0.0005,0.0002
Q6P1D7_T883___2,0.9298,Yes,0.0001,0.0001
Q6P9S0_T257___2,0.3993,Yes,0.0302,0.0187
Q6PAL8_T1079___2,-0.3881,Yes,0.035,0.0223
Q6PFR5_T86___2,-0.243,No,0.1642,0.1526
Q6Y7W8_T383___2,1.267,Yes,0.0001,0.0001
Q6ZQ58_T503___2,0.06117,No,0.5127,0.7187
Q6ZQ58_T842___2,4.304,Yes,0.0001,0.0001
Q6ZQ58_T765___2,3.062,Yes,0.0001,0.0001
Q6ZWQ0_T4094___2,-0.1877,No,0.2528,0.269
Q7TMY8_T3927___2,0.3826,Yes,0.0374,0.0243
Q7TNC6_T1960___2,0.7029,Yes,0.0001,0.0001
Q7TNC6_T1414___2,1.909,Yes,0.0001,0.0001
Q7TPV4_T1277___2,2.818,Yes,0.0001,0.0001
Q7TPV4_T1256___2,3.273,Yes,0.0001,0.0001
Q80T85_T500___2,-0.6626,Yes,0.0003,0.0001
Q80TY0_T294___2,-0.1619,No,0.3003,0.3406
Q80U35_T692___2,-0.06506,No,0.5043,0.7017
Q80U49_T567___2,0.1993,No,0.2327,0.2407
Q80U49_T537___2,0.504,Yes,0.0064,0.003
Q80U49_T541___2,-0.0621,No,0.5107,0.7146
Q80U58_T174___2,0.1338,No,0.3568,0.4309
Q80UW5_T1492___2,-0.4212,Yes,0.0224,0.0131
Q80VP1_T459___2,0.1922,No,0.245,0.2579
Q80XU3_T179___2,1.7,Yes,0.0001,0.0001
Q80Z96_T84___2,-0.1526,No,0.3183,0.3688
Q8BGD9_T500___2,0.4052,Yes,0.028,0.017
Q8BGT6_T479___2,-0.1548,No,0.3143,0.362
Q8BGW2_T253___2,0.2652,No,0.1344,0.1184
Q8BGZ4_T582___2,0.394,Yes,0.0323,0.0203
Q8BHL3_T140___2,1.394,Yes,0.0001,0.0001
Q8BIE6_T887___2,-0.5468,Yes,0.0031,0.0013
Q8BK03_T218___2,0.2162,No,0.2042,0.203
Q8BKT3_T86___2,-0.09048,No,0.4497,0.5942
Q8BKX6_T3570___2,-1.299,Yes,0.0001,0.0001
Q8BLH7_T135___2,0.3038,No,0.0925,0.0737
Q8BLH7_T391___2,0.8475,Yes,0.0001,0.0001
Q8BMB0_T171___2,-0.5108,Yes,0.0057,0.0026
Q8BQZ4_T724___2,-0.05059,No,0.5331,0.7658
Q8BR63_T66___2,0.3096,No,0.0871,0.0684
Q8BTI8_T955___2,0.2622,No,0.1382,0.1226
Q8BTI8_T823___2,-0.09293,No,0.4442,0.5843
Q8BTI8_T841___2,0.07045,No,0.4932,0.6783
Q8BTI8_T1986___2,0.1159,No,0.3938,0.4951
Q8BTI8_T1467___2,0.05397,No,0.5264,0.7507
Q8BTY2_T951___2,0.7141,Yes,0.0001,0.0001
Q8BVE8_T110___2,1.243,Yes,0.0001,0.0001
Q8BVE8_T115___2,1.243,Yes,0.0001,0.0001
Q8BX02_T170___2,-0.3506,No,0.055,0.039
Q8BYC6_T437___2,0.459,Yes,0.013,0.0069
Q8BZ47_T565___2,-0.6114,Yes,0.0009,0.0003
Q8C0D4_T229___2,-0.425,Yes,0.0213,0.0123
Q8C0T5_T1551___2,-0.6972,Yes,0.0001,0.0001
Q8C0T5_T1552___2,-0.3166,No,0.0808,0.0624
Q8C180_T138___2,-0.2709,No,0.1278,0.1108
Q8C6M1_T378___2,0.9987,Yes,0.0001,0.0001
Q8C729_T423___2,-0.611,Yes,0.0009,0.0003
Q8C804_T236___2,0.06548,No,0.5035,0.6999
Q8CAF4_T179___2,0.03785,No,0.5584,0.8237
Q8CAF4_T181___2,0.03785,No,0.5584,0.8237
Q8CCF0_T455___2,-0.08087,No,0.4711,0.634
Q8CGZ0_T828___2,-0.4539,Yes,0.014,0.0075
Q8CHP6_T607___2,-0.1197,No,0.3856,0.4809
Q8CI12_T96___2,0.6816,Yes,0.0002,0.0001
Q8CID0_T288___2,-2.327,Yes,0.0001,0.0001
Q8CJ19_T1452___2,0.4549,Yes,0.0138,0.0074
Q8CJF7_T1224___2,-0.2321,No,0.1799,0.1718
Q8K019_T303___2,-0.58,Yes,0.0017,0.0006
Q8K0Q5_T152___2,0.6744,Yes,0.0002,0.0001
Q8K0Q5_T156___2,0.6744,Yes,0.0002,0.0001
Q8K298_T392___2,2.188,Yes,0.0001,0.0001
Q8K298_T396___2,2.188,Yes,0.0001,0.0001
Q8K2H1_T214___2,-0.5236,Yes,0.0046,0.0021
Q8K2P7_T54___2,-0.2801,No,0.117,0.0991
Q8K327_T371___2,0.6291,Yes,0.0006,0.0002
Q8K3A9_T188___2,-0.4347,Yes,0.0185,0.0105
Q8K3G5_T104___2,-0.4533,Yes,0.0141,0.0076
Q8K3W3_T13___2,0.3244,No,0.0743,0.0561
Q8K4L3_T1186___2,-0.2367,No,0.1728,0.1635
Q8R0S1_T101___2,-0.2604,No,0.1407,0.1252
Q8R0S1_T51___2,0.3429,No,0.0602,0.0435
Q8R1Q8_T408___2,2.922,Yes,0.0001,0.0001
Q8R3B1_T457___2,-0.7463,Yes,0.0001,0.0001
Q8R3B7_T264___2,0.02529,No,0.5862,0.8817
Q8VEL2_T620___2,0.1948,No,0.2403,0.2515
Q8VHI3_T322___2,0.1878,No,0.2528,0.2689
Q8VI33_T159___2,-0.3994,Yes,0.0302,0.0187
Q91V36_T407___2,-0.3284,No,0.0709,0.0532
Q91W92_T143___2,-0.3773,Yes,0.04,0.0263
Q91ZV8_T1158___2,0.5039,Yes,0.0064,0.003
Q922B9_T85___2,0.9634,Yes,0.0001,0.0001
Q922B9_T98___2,0.8802,Yes,0.0001,0.0001
Q924A2_T2310___2,-0.06472,No,0.5052,0.7032
Q99K01_T691___2,1.384,Yes,0.0001,0.0001
Q99MS7_T278___2,0.2625,No,0.1379,0.1223
Q99NB9_T244___2,-0.3308,No,0.0691,0.0514
Q99NB9_T248___2,-0.3308,No,0.0691,0.0514
Q99NB9_T436___2,-0.3125,No,0.0844,0.0658
Q99NB9_T341___2,-0.3417,No,0.061,0.0443
Q99NB9_T142___2,-0.3177,No,0.08,0.0615
Q9CQV4_T307___2,-0.00843,No,0.6197,0.9604
Q9CT10_T479___2,0.2706,No,0.1282,0.1112
Q9CYA6_T474___2,0.5239,Yes,0.0046,0.002
Q9CYA6_T482___2,0.5239,Yes,0.0046,0.002
Q9CYZ2_T187___2,-0.0737,No,0.4866,0.6643
Q9CZJ2_T42___2,-0.6007,Yes,0.0011,0.0004
Q9CZX2_T35___2,-0.1822,No,0.2628,0.2834
Q9CZX5_T228___2,1.092,Yes,0.0001,0.0001
Q9CZX7_T22___2,0.1971,No,0.2363,0.2459
Q9D1E6_T185___2,-0.5075,Yes,0.0061,0.0028
Q9D2D7_T101___2,-0.2615,No,0.1391,0.1237
Q9D6Z1_T546___2,2.326,Yes,0.0001,0.0001
Q9D824_T481___2,0.09955,No,0.4295,0.5578
Q9D8T7_T104___2,-0.228,No,0.186,0.1794
Q9DBJ3_T257___2,-0.318,No,0.0797,0.0612
Q9DBR2_T125___2,0.05488,No,0.5249,0.7466
Q9DC22_T670___2,0.2085,No,0.2171,0.2196
Q9EP97_T170___2,-0.4929,Yes,0.0077,0.0037
Q9EQN3_T183___2,0.5249,Yes,0.0045,0.002
Q9ERU9_T779___2,0.8782,Yes,0.0001,0.0001
Q9ESJ1_T270___2,-1.213,Yes,0.0001,0.0001
Q9ET80_T461___2,-0.7499,Yes,0.0001,0.0001
Q9JKV2_T157___2,-0.6421,Yes,0.0005,0.0002
Q9JLM8_T336___2,0.8941,Yes,0.0001,0.0001
Q9JLV1_T291___2,0.9543,Yes,0.0001,0.0001
Q9QYC0_T610___2,0.002311,No,0.6307,0.9891
Q9QYC0_T614___2,0.002311,No,0.6307,0.9891
Q9QYR6_T2064___2,0.08413,No,0.4642,0.6204
Q9QYR6_T1162___2,0.06239,No,0.5101,0.7134
Q9QZI8_T347___2,-0.2501,No,0.154,0.1409
Q9R0G7_T782___2,1.096,Yes,0.0001,0.0001
Q9R1Y5_T303___2,0.1872,No,0.2539,0.2705
Q9WUF3_T1528___2,-0.02419,No,0.5879,0.8867
Q9WV34_T117___2,0.2656,No,0.134,0.1179
Q9WVM1_T564___2,2.529,Yes,0.0001,0.0001
Q9Z0P4_T363___2,-0.3622,Yes,0.0481,0.033
Q9Z1D1_T41___2,0.4515,Yes,0.0145,0.0079
Q9Z2B9_T687___2,-0.2672,No,0.1322,0.1157
Q9Z2D1_T637___2,-0.4152,Yes,0.0245,0.0145
Q9Z2Q2_T314___2,0.2063,No,0.221,0.2246
O88379_Y388___2,0.1046,No,0.4186,0.5379
O88379_Y391___2,0.1046,No,0.4186,0.5379
P34152_Y577___2,0.2818,No,0.1151,0.0971
P39447_Y132___2,-0.1366,No,0.3512,0.4213
P97497_Y47___2,0.2044,No,0.2241,0.2288
P97863_Y290___2,-0.1192,No,0.3866,0.4829
Q3TC93_Y71___2,-0.614,Yes,0.0009,0.0003
Q5Y5T5_Y538___2,0.3464,No,0.0578,0.0414
Q68FF6_Y607___2,-0.2236,No,0.1927,0.1881
Q69Z38_Y632___2,-0.299,No,0.0972,0.0783
Q69Z38_Y638___2,-0.299,No,0.0972,0.0783
Q8CJ27_Y1451___2,-1.149,Yes,0.0001,0.0001
Q8CJ27_Y1453___2,-1.149,Yes,0.0001,0.0001
Q8VDZ4_Y533___2,0.3464,No,0.0578,0.0414
Q9DB20_Y193___2,-0.05987,No,0.5155,0.7245
Q9JKV2_Y159___2,-0.6421,Yes,0.0005,0.0002
A1KXC4_S202___3,-0.507,Yes,0.0061,0.0028
A1KXC4_S206___3,-0.507,Yes,0.0061,0.0028
A2ALU4_S881___3,-0.6601,Yes,0.0003,0.0001
A2ALU4_S885___3,-0.6601,Yes,0.0003,0.0001
A2ALU4_S891___3,-0.6601,Yes,0.0003,0.0001
A2AR02_S254___3,-0.1121,No,0.402,0.5091
A2AR02_S255___3,-0.1121,No,0.402,0.5091
A2AR02_S257___3,-0.1121,No,0.402,0.5091
E9Q784_S316___3,0.1795,No,0.2674,0.2905
E9Q784_S318___3,0.1795,No,0.2674,0.2905
E9Q784_S909___3,0.09335,No,0.4435,0.5826
E9Q784_S369___3,-0.1287,No,0.367,0.4488
E9Q784_S371___3,-0.1287,No,0.367,0.4488
E9Q784_S380___3,-0.1287,No,0.367,0.4488
E9Q8I9_S3___3,0.04447,No,0.5459,0.7935
E9Q8I9_S13___3,0.04447,No,0.5459,0.7935
G3X9K3_S1009___3,0.1254,No,0.3734,0.4602
G3X9K3_S1010___3,0.1254,No,0.3734,0.4602
G5E870_S75___3,0.1685,No,0.2873,0.321
O54724_S389___3,-0.1421,No,0.3398,0.4028
O54916_S162___3,-0.3615,Yes,0.0485,0.0333
O54916_S170___3,-0.3615,Yes,0.0485,0.0333
O70133_S897___3,0.07449,No,0.4849,0.661
O70458_S508___3,-0.6897,Yes,0.0002,0.0001
O70458_S512___3,-0.6897,Yes,0.0002,0.0001
O70458_S523___3,-0.6897,Yes,0.0002,0.0001
P20357_S1787___3,0.2787,No,0.1186,0.1008
P34152_S705___3,-0.1772,No,0.2714,0.2967
P34152_S708___3,-0.1772,No,0.2714,0.2967
P35918_S195___3,0.2452,No,0.161,0.1488
P49586_S315___3,-0.2257,No,0.1897,0.1839
P49586_S319___3,-0.2257,No,0.1897,0.1839
P62754_S244___3,2.468,Yes,0.0001,0.0001
P70335_S1333___3,-0.3166,No,0.0808,0.0623
P70335_S1336___3,-0.3166,No,0.0808,0.0623
P70335_S1341___3,-0.3166,No,0.0808,0.0623
P70399_S122___3,0.3177,No,0.0799,0.0614
P70399_S123___3,0.3177,No,0.0799,0.0614
P70459_S154___3,-0.05109,No,0.532,0.7636
P70459_S161___3,-0.05109,No,0.532,0.7636
Q2KN98_S871___3,1.111,Yes,0.0001,0.0001
Q3KQJ0_S85___3,0.2894,No,0.1071,0.0884
Q3TWW8_S297___3,1.016,Yes,0.0001,0.0001
Q3UJV1_S336___3,0.7472,Yes,0.0001,0.0001
Q3UMB5_S491___3,-0.6103,Yes,0.0009,0.0003
Q52KI8_S832___3,-0.08254,No,0.4674,0.627
Q52KI8_S838___3,-0.08254,No,0.4674,0.627
Q52KI8_S843___3,0.361,Yes,0.0488,0.0336
Q5SSI6_S118___3,-0.06625,No,0.5019,0.6965
Q60592_S131___3,-0.2544,No,0.1484,0.1341
Q60838_S620___3,-0.7418,Yes,0.0001,0.0001
Q62504_S766___3,0.1289,No,0.3666,0.4478
Q62504_S771___3,-0.218,No,0.2012,0.1992
Q6A0A9_S1038___3,-0.2885,No,0.108,0.0894
Q6A0A9_S1039___3,-0.2885,No,0.108,0.0894
Q6A0A9_S1042___3,-0.2885,No,0.108,0.0894
Q6DFV5_S1177___3,-0.1291,No,0.3664,0.4473
Q6KCD5_S284___3,-0.09958,No,0.4294,0.5577
Q6NZJ6_S230___3,0.7556,Yes,0.0001,0.0001
Q6P5D4_S853___3,-0.04396,No,0.5469,0.7958
Q6P9P0_S622___3,-0.7981,Yes,0.0001,0.0001
Q6P9P0_S625___3,-0.7981,Yes,0.0001,0.0001
Q6VH22_S342___3,0.3959,Yes,0.0316,0.0197
Q6VH22_S343___3,0.3959,Yes,0.0316,0.0197
Q6ZPJ0_S791___3,0.2583,No,0.1436,0.1283
Q6ZPJ0_S795___3,0.2583,No,0.1436,0.1283
Q6ZQ03_S953___3,-0.7364,Yes,0.0001,0.0001
Q6ZQ03_S959___3,-0.7364,Yes,0.0001,0.0001
Q7TMR0_S47___3,-0.5021,Yes,0.0066,0.0031
Q80UG2_S1646___3,-0.3398,No,0.0625,0.0455
Q80WC3_S917___3,0.05689,No,0.521,0.7377
Q80WC3_S921___3,0.05689,No,0.521,0.7377
Q80WC3_S925___3,0.05689,No,0.521,0.7377
Q8BJL1_S144___3,-0.4995,Yes,0.0069,0.0033
Q8BTI8_S344___3,-0.08326,No,0.4661,0.624
Q8BTI8_S435___3,0.3167,No,0.0808,0.0623
Q8BTI8_S1533___3,0.1669,No,0.2904,0.3259
Q8BTI8_S1535___3,0.1669,No,0.2904,0.3259
Q8BTI8_S1537___3,0.1669,No,0.2904,0.3259
Q8BTI8_S1538___3,0.1669,No,0.2904,0.3259
Q8BTI8_S1687___3,-0.3641,Yes,0.0471,0.0321
Q8BTI8_S882___3,0.2145,No,0.2071,0.2067
Q8BTI8_S886___3,0.2145,No,0.2071,0.2067
Q8BTI8_S888___3,0.2307,No,0.1819,0.1744
Q8BV57_S1186___3,-0.04068,No,0.5533,0.8107
Q8BV57_S1187___3,-0.04068,No,0.5533,0.8107
Q8C1D8_S306___3,0.01753,No,0.6015,0.9178
Q8C1D8_S307___3,0.01753,No,0.6015,0.9178
Q8C1D8_S309___3,0.01753,No,0.6015,0.9178
Q8C729_S416___3,-0.09966,No,0.4293,0.5574
Q8CCN5_S480___3,1.65,Yes,0.0001,0.0001
Q8CCN5_S492___3,1.65,Yes,0.0001,0.0001
Q8CDE2_S332___3,-0.4512,Yes,0.0145,0.0079
Q8CGZ0_S822___3,-0.0479,No,0.5388,0.7779
Q8CHY6_S110___3,0.5975,Yes,0.0012,0.0004
Q8CJF7_S1214___3,-0.6612,Yes,0.0003,0.0001
Q8K019_S261___3,-0.1745,No,0.2763,0.3041
Q8K194_S59___3,-0.0423,No,0.5502,0.8033
Q8K194_S61___3,-0.0423,No,0.5502,0.8033
Q8R4X3_S420___3,-0.1504,No,0.3228,0.3757
Q8VE49_S137___3,-0.2199,No,0.1984,0.1954
Q91ZE5_S131___3,-0.4832,Yes,0.009,0.0044
Q91ZE5_S145___3,-0.4832,Yes,0.009,0.0044
Q924N4_S147___3,0.3513,No,0.0546,0.0386
Q99NB9_S332___3,-0.2454,No,0.1608,0.1486
Q99NH0_S1705___3,1.807,Yes,0.0001,0.0001
Q99NH0_S1689___3,1.642,Yes,0.0001,0.0001
Q9D620_S344___3,-0.06538,No,0.5037,0.7003
Q9ESU6_S1067___3,0.129,No,0.3665,0.4476
Q9ESU6_S1073___3,0.129,No,0.3665,0.4476
Q9ESX5_S455___3,-0.4741,Yes,0.0103,0.0053
Q9QZW9_S277___3,1.178,Yes,0.0001,0.0001
Q9R020_S293___3,-0.8924,Yes,0.0001,0.0001
Q9WU42_S747___3,0.5466,Yes,0.0031,0.0013
Q9WV70_S239___3,-0.8236,Yes,0.0001,0.0001
Q9WV70_S240___3,-0.8236,Yes,0.0001,0.0001
Q9WV70_S241___3,-0.8236,Yes,0.0001,0.0001
Q9Z2R6_S41___3,0.1757,No,0.274,0.3009
A1KXC4_T204___3,-0.507,Yes,0.0061,0.0028
A1KXC4_T213___3,-0.507,Yes,0.0061,0.0028
A1KXC4_T214___3,-0.5561,Yes,0.0026,0.0011
E9PZJ8_T1105___3,0.6687,Yes,0.0003,0.0001
E9PZJ8_T1107___3,0.6687,Yes,0.0003,0.0001
O70133_T884___3,0.07449,No,0.4849,0.661
O70133_T889___3,0.07449,No,0.4849,0.661
P14733_T3___3,-0.1441,No,0.3355,0.3962
P14733_T5___3,-0.1441,No,0.3355,0.3962
P42128_T422___3,-0.1663,No,0.2914,0.3274
P46062_T62___3,0.1055,No,0.4166,0.5345
P70399_T121___3,0.3177,No,0.0799,0.0614
P70399_T128___3,0.3177,No,0.0799,0.0614
P70459_T148___3,-0.05109,No,0.532,0.7636
Q3KQJ0_T86___3,0.2894,No,0.1071,0.0884
Q3KQJ0_T88___3,0.2894,No,0.1071,0.0884
Q3UIA2_T734___3,-0.04059,No,0.5534,0.8111
Q52KE7_T331___3,-0.06857,No,0.4971,0.6864
Q52KI8_T834___3,-0.1969,No,0.2365,0.2463
Q5HZJ0_T1296___3,0.9761,Yes,0.0001,0.0001
Q5HZJ0_T1298___3,0.9761,Yes,0.0001,0.0001
Q62383_T1539___3,-0.1769,No,0.272,0.2977
Q6A068_T404___3,0.03456,No,0.5656,0.8388
Q6P5D4_T860___3,-0.04396,No,0.5469,0.7958
Q6P9P0_T626___3,-0.7981,Yes,0.0001,0.0001
Q6VH22_T345___3,0.3959,Yes,0.0316,0.0197
Q6ZQ03_T955___3,-0.7364,Yes,0.0001,0.0001
Q8BJL1_T141___3,-0.4995,Yes,0.0069,0.0033
Q8BJL1_T147___3,-0.4995,Yes,0.0069,0.0033
Q8BTI8_T877___3,0.2307,No,0.1819,0.1744
Q8BV57_T1183___3,-0.04068,No,0.5533,0.8107
Q8R420_T761___3,0.7964,Yes,0.0001,0.0001
Q91ZE5_T134___3,-0.4832,Yes,0.009,0.0044
Q91ZE5_T138___3,-0.4832,Yes,0.009,0.0044
Q91ZE5_T140___3,-0.4832,Yes,0.009,0.0044
Q924N4_T157___3,0.3513,No,0.0546,0.0386
Q924N4_T160___3,0.3513,No,0.0546,0.0386
Q99NB9_T267___3,-0.6078,Yes,0.001,0.0003
Q99NB9_T273___3,-0.6078,Yes,0.001,0.0003
Q99NB9_T278___3,-0.6078,Yes,0.001,0.0003
Q9ET78_T470___3,-1.254,Yes,0.0001,0.0001
Q9QXP7_T95___3,-0.5295,Yes,0.0042,0.0018
Q9QZW9_T276___3,1.178,Yes,0.0001,0.0001
Q9QZW9_T281___3,1.178,Yes,0.0001,0.0001
Q9QZW9_T283___3,1.178,Yes,0.0001,0.0001
E9PZJ8_Y1108___3,0.6687,Yes,0.0003,0.0001
E9Q8I9_Y16___3,0.04447,No,0.5459,0.7935
O70133_Y877___3,0.07449,No,0.4849,0.661
P35918_Y196___3,0.2452,No,0.161,0.1488
Q3KQJ0_Y89___3,0.2894,No,0.1071,0.0884
Q5HZJ0_Y1297___3,0.9761,Yes,0.0001,0.0001
Q5HZJ0_Y1302___3,0.9761,Yes,0.0001,0.0001
Q6P5D4_Y858___3,-0.04396,No,0.5469,0.7958
Q7TMR0_Y46___3,-0.5021,Yes,0.0066,0.0031
Q7TMR0_Y50___3,-0.5021,Yes,0.0066,0.0031
Q80ZK0_Y32___3,0.006977,No,0.6227,0.9672
Q8R420_Y754___3,0.7964,Yes,0.0001,0.0001
Q8R420_Y758___3,0.7964,Yes,0.0001,0.0001
Q8VE49_Y138___3,-0.2199,No,0.1984,0.1954
Q8VE49_Y142___3,-0.2199,No,0.1984,0.1954
Q924N4_Y156___3,0.3513,No,0.0546,0.0386
Q9D2Y9_Y28___3,-0.1547,No,0.3144,0.3623
Q9WTS5_Y2126___3,-0.2842,No,0.1124,0.0943
Q9WTS5_Y2127___3,-0.2842,No,0.1124,0.0943
A0A087WPF7-3_S780___1,-0.7175,Yes,0.0001,0.0001
A0A087WPF7-3_S484___1,-0.6953,Yes,0.0002,0.0001
A0A087WPF7-3_S763___1,-0.1451,No,0.3333,0.3929
A2A699-2_S261___1,0.1167,No,0.3922,0.4921
A2A699-2_S237___1,0.5079,Yes,0.006,0.0028
A2A699-2_S239___1,0.5318,Yes,0.004,0.0017
A2A699-2_S482___1,-0.4019,Yes,0.0292,0.018
A2A699-2_S601___1,-0.4123,Yes,0.0255,0.0152
A2A791-2_S121___1,-0.01204,No,0.6126,0.9435
A2A791-2_S1459___1,0.1658,No,0.2927,0.3291
A2A791-2_S1093___1,-0.295,No,0.1013,0.0824
A2A7S8-2_S382___1,-0.266,No,0.1337,0.1174
A2A7S8-2_S216___1,0.1741,No,0.277,0.3053
A2A7S8-2_S394___1,-0.05029,No,0.5336,0.7672
A2A7S8-2_S397___1,-0.5103,Yes,0.0058,0.0027
A2A7S8-2_S402___1,-0.3733,Yes,0.042,0.028
A2A7S8-2_S600___1,0.2273,No,0.1871,0.1808
A2A7S8-2_S459___1,-0.1878,No,0.2528,0.2688
A2A7S8-2_S966___1,-0.1027,No,0.4227,0.5453
A2A7S8-2_S1016___1,-0.1399,No,0.3442,0.4101
A2A863-2_S1722___1,0.186,No,0.2559,0.2734
A2A9T0-2_S485___1,-0.1866,No,0.2549,0.2719
A2AAE1-6_S3562___1,0.357,No,0.0511,0.0355
A2AAE1-6_S4578___1,-0.1684,No,0.2876,0.3215
A2AAE1-6_S1355___1,-0.0809,No,0.4711,0.6339
A2AAE1-6_S1305___1,0.03927,No,0.5558,0.8171
A2AAE1-6_S4343___1,-0.1848,No,0.2581,0.2765
A2AAE1-6_S2755___1,-0.2219,No,0.1954,0.1914
A2AAE1-6_S2603___1,-0.2483,No,0.1567,0.1438
A2AGH6-2_S1259___1,0.1927,No,0.2441,0.2567
A2AGH6-2_S636___1,0.05808,No,0.5192,0.7324
A2AIW0-4_S183___1,-0.7346,Yes,0.0001,0.0001
A2AJA9-2_S109___1,-0.1942,No,0.2413,0.2529
A2AJA9-2_S435___1,-0.05421,No,0.526,0.7496
A2AJA9-2_S821___1,0.1255,No,0.3732,0.4599
A2AN08-3_S2727___1,0.2396,No,0.1687,0.1583
A2AN08-3_S178___1,0.1195,No,0.386,0.4816
A2AN08-3_S181___1,0.1587,No,0.3065,0.35
A2AR50-2_S275___1,-0.4152,Yes,0.0245,0.0145
A2ARP1-3_S1126___1,-0.4595,Yes,0.0129,0.0068
A2ASQ1-3_S510___1,0.9367,Yes,0.0001,0.0001
A2AWL7-4_S448___1,-0.27,No,0.1289,0.112
A2BE28-2_S12___1,0.4288,Yes,0.0201,0.0116
A2BE28-2_S20___1,-0.5326,Yes,0.004,0.0017
A2BE28-2_S665___1,-0.1782,No,0.2699,0.2941
A2CG49-2_S1590___1,-0.137,No,0.3504,0.42
A2CG63-2_S703___1,-0.2445,No,0.1619,0.1499
A2CG63-2_S827___1,0.5903,Yes,0.0014,0.0005
A2CG63-2_S588___1,0.07127,No,0.492,0.6748
A3KGS3-2_S820___1,0.003043,No,0.6298,0.9857
A3KGV1-2_S465___1,0.5334,Yes,0.0039,0.0017
A6H5X4-2_S17___1,-0.1915,No,0.2461,0.2595
A6H5X4-2_S169___1,0.6428,Yes,0.0005,0.0002
A6H5X4-2_S258___1,-0.5869,Yes,0.0015,0.0006
B9EJA2-5_S472___1,0.4062,Yes,0.0276,0.0168
E9PVX6-2_S765___1,1.59,Yes,0.0001,0.0001
E9PXF8-2_S1085___1,-0.5074,Yes,0.0061,0.0028
E9Q394-2_S1817___1,0.1945,No,0.2408,0.2522
E9Q394-2_S1870___1,0.2047,No,0.2238,0.2283
E9Q394-2_S583___1,0.1545,No,0.3148,0.3629
E9Q394-2_S1528___1,-0.08235,No,0.4678,0.6278
E9Q394-2_S1591___1,0.1922,No,0.2449,0.2578
E9Q394-2_S2505___1,0.1283,No,0.3676,0.45
E9Q394-2_S2509___1,-0.1985,No,0.234,0.2426
E9Q394-2_S2670___1,0.8202,Yes,0.0001,0.0001
E9Q394-2_S1522___1,0.1945,No,0.2407,0.252
E9Q394-2_S345___1,0.8064,Yes,0.0001,0.0001
E9Q394-2_S1847___1,0.1071,No,0.4125,0.5282
E9Q394-2_S1253___1,0.9507,Yes,0.0001,0.0001
E9Q5F9-2_S532___1,0.1779,No,0.2702,0.2948
E9Q5F9-2_S890___1,0.6125,Yes,0.0009,0.0003
E9Q5F9-2_S614___1,0.127,No,0.3702,0.4547
E9Q5F9-2_S753___1,0.748,Yes,0.0001,0.0001
E9Q5F9-2_S633___1,0.7474,Yes,0.0001,0.0001
E9Q5F9-2_S324___1,0.165,No,0.2941,0.3313
E9Q5F9-2_S132___1,0.5549,Yes,0.0027,0.0011
E9Q5F9-2_S675___1,0.7293,Yes,0.0001,0.0001
E9Q5F9-2_S1063___1,0.2232,No,0.1933,0.1889
E9Q5F9-2_S1819___1,1.945,Yes,0.0001,0.0001
E9Q6J5-3_S1685___1,0.5389,Yes,0.0036,0.0015
E9Q6J5-3_S3003___1,0.2479,No,0.1572,0.1445
E9Q6J5-3_S3013___1,0.1942,No,0.2413,0.253
E9Q6J5-3_S2001___1,0.2859,No,0.1107,0.0924
E9Q6J5-3_S2923___1,-0.1198,No,0.3855,0.4808
E9Q6J5-3_S236___1,-0.5095,Yes,0.0059,0.0027
E9Q6J5-3_S240___1,0.4821,Yes,0.0091,0.0045
E9Q6J5-3_S1364___1,-0.1448,No,0.3341,0.394
E9Q6J5-3_S632___1,0.1115,No,0.4033,0.5116
E9Q6J5-3_S2891___1,0.9708,Yes,0.0001,0.0001
E9Q6J5-3_S2901___1,0.216,No,0.2046,0.2035
E9Q6J5-3_S2844___1,1.17,Yes,0.0001,0.0001
E9Q6J5-3_S2780___1,-0.001567,No,0.6322,0.9926
E9Q6J5-3_S482___1,0.2796,No,0.1176,0.0998
E9QAT4-2_S1245___1,0.4805,Yes,0.0093,0.0047
E9QAT4-2_S467___1,-0.3044,No,0.0919,0.0731
E9QAT4-2_S1323___1,0.6276,Yes,0.0007,0.0002
E9QAT4-2_S2053___1,0.1951,No,0.2398,0.2506
E9QAT4-2_S1028___1,0.2198,No,0.1986,0.1957
E9QAT4-2_S1238___1,0.3135,No,0.0835,0.0649
G5E8K5-3_S1412___1,0.02768,No,0.5812,0.8705
G5E8K5-3_S1756___1,-0.2476,No,0.1576,0.1449
G5E8K5-3_S1367___1,0.1654,No,0.2934,0.3303
G5E8K5-3_S1431___1,0.2326,No,0.179,0.1708
G5E8K5-3_S1434___1,0.0339,No,0.5671,0.8418
G5E8K5-3_S875___1,-0.6833,Yes,0.0002,0.0001
G5E8K5-3_S878___1,-0.6197,Yes,0.0008,0.0003
G5E8K5-3_S1844___1,0.1867,No,0.2548,0.2717
G5E8P1-2_S983___1,0.5007,Yes,0.0068,0.0032
G5E8P1-2_S934___1,0.006608,No,0.6234,0.969
G5E8P1-2_S939___1,0.04952,No,0.5352,0.7706
G5E8P1-2_S945___1,0.6013,Yes,0.0011,0.0004
G5E8P1-2_S1186___1,-0.2992,No,0.0971,0.0781
O08539-2_S293___1,0.9189,Yes,0.0001,0.0001
O08648-2_S1189___1,-0.3308,No,0.0691,0.0514
O08648-2_S492___1,0.4939,Yes,0.0075,0.0036
O08788-2_S105___1,0.6216,Yes,0.0007,0.0003
O08791-2_S527___1,0.4396,Yes,0.0172,0.0096
Q9QZS3-4_S265___1,-0.238,No,0.1711,0.1612
O35144-2_S367___1,0.5322,Yes,0.004,0.0017
O35144-2_S399___1,-0.01766,No,0.6015,0.9172
O35226-2_S259___1,0.632,Yes,0.0006,0.0002
O35245-3_S70___1,0.5806,Yes,0.0017,0.0006
O35245-3_S72___1,0.3233,No,0.0752,0.057
O35245-3_S771___1,0.359,Yes,0.0499,0.0345
O35245-3_S164___1,0.3629,Yes,0.0477,0.0326
O35245-3_S754___1,0.339,No,0.063,0.046
O35250-2_S242___1,0.3611,Yes,0.0487,0.0335
O35250-2_S250___1,-0.369,Yes,0.0442,0.0298
O35601-2_S28___1,-0.8902,Yes,0.0001,0.0001
O35625-2_S77___1,-0.1354,No,0.3534,0.4254
O35625-2_S217___1,0.05193,No,0.5303,0.7598
O35711-2_S386___1,0.08842,No,0.4542,0.6027
O35711-2_S507___1,0.2439,No,0.163,0.151
O54785-3_S127___1,-0.2488,No,0.1558,0.143
O54834-3_S487___1,-0.06864,No,0.4971,0.6861
O54834-3_S493___1,-0.0429,No,0.5489,0.8006
O54834-3_S642___1,-0.4152,Yes,0.0245,0.0145
O54931-2_S740___1,-0.611,Yes,0.0009,0.0003
O54931-2_S120___1,-0.01089,No,0.6146,0.9489
O54931-2_S122___1,-0.351,No,0.0548,0.0388
O54931-2_S486___1,0.9337,Yes,0.0001,0.0001
O54931-2_S494___1,-0.6485,Yes,0.0004,0.0001
O54931-2_S799___1,-0.5412,Yes,0.0034,0.0014
O54967-2_S936___1,-0.07535,No,0.4831,0.6573
O54967-2_S757___1,-0.6574,Yes,0.0004,0.0001
O54988-2_S777___1,-0.9547,Yes,0.0001,0.0001
O54988-2_S666___1,-0.08171,No,0.4691,0.6305
O54988-2_S643___1,-0.2341,No,0.1769,0.1682
O54988-2_S647___1,0.2727,No,0.1257,0.1084
O54988-2_S814___1,0.9374,Yes,0.0001,0.0001
O54988-2_S816___1,-0.1532,No,0.3175,0.3671
O54988-2_S543___1,-0.0156,No,0.6053,0.9268
O55047-2_S73___1,-1.647,Yes,0.0001,0.0001
O70161-3_S554___1,-0.3826,Yes,0.0374,0.0243
O70585-2_S394___1,0.2295,No,0.1838,0.1766
O70589-4_S389___1,-0.4032,Yes,0.0287,0.0176
O70589-4_S571___1,-0.08315,No,0.4663,0.6245
O70589-4_S576___1,-0.9308,Yes,0.0001,0.0001
O88196-4_S1753___1,0.2409,No,0.1669,0.1561
O88196-4_S1041___1,0.3225,No,0.0759,0.0576
O88343-2_S1025___1,-1.094,Yes,0.0001,0.0001
O88343-2_S1026___1,-0.9536,Yes,0.0001,0.0001
O88343-2_S201___1,-1.029,Yes,0.0001,0.0001
O88343-2_S213___1,-1.284,Yes,0.0001,0.0001
O88343-2_S188___1,-1.12,Yes,0.0001,0.0001
O88485-2_S142___1,-0.1492,No,0.3252,0.3797
O88587-2_S218___1,0.3336,No,0.0669,0.0495
O88738-3_S1253___1,0.02169,No,0.593,0.8984
O88738-3_S610___1,0.9963,Yes,0.0001,0.0001
O88738-3_S4032___1,0.08374,No,0.4649,0.622
O88845-2_S17___1,0.3287,No,0.0707,0.0529
O88845-2_S199___1,-0.8698,Yes,0.0001,0.0001
O88845-2_S108___1,0.3382,No,0.0635,0.0464
P00520-4_S588___1,-0.2448,No,0.1617,0.1495
P00520-4_S16___1,-0.1931,No,0.2432,0.2556
P03356_S474___1,0.6677,Yes,0.0003,0.0001
P03356_S108___1,0.07576,No,0.4821,0.6556
P04370-2_S151___1,0.1837,No,0.26,0.2795
P06537-5_S412___1,-0.704,Yes,0.0001,0.0001
P09470-2_S725___1,-0.4691,Yes,0.0111,0.0058
P0C7L0-2_S144___1,0.3445,No,0.059,0.0426
P11881-8_S1573___1,0.2181,No,0.2011,0.199
P11881-8_S1700___1,0.335,No,0.0659,0.0486
P11881-8_S1564___1,0.05582,No,0.5234,0.7424
P13020-2_S511___1,-0.5894,Yes,0.0014,0.0005
P13808-2_S214___1,0.5184,Yes,0.005,0.0023
P13808-2_S158___1,-0.2768,No,0.1209,0.1032
P13808-2_S98___1,0.1546,No,0.3146,0.3626
P13808-2_S117___1,0.184,No,0.2595,0.2786
P14404-1_S538___1,-0.03288,No,0.5693,0.8465
P15379-2_S318___1,0.3047,No,0.0916,0.0728
P15379-2_S356___1,0.07794,No,0.4774,0.6463
P15379-2_S339___1,-0.1821,No,0.263,0.2837
P16283-2_S198___1,0.6159,Yes,0.0008,0.0003
P16546-2_S1303___1,0.508,Yes,0.006,0.0028
P16546-2_S1170___1,0.6047,Yes,0.001,0.0004
P16546-2_S622___1,-0.5641,Yes,0.0023,0.0009
P16546-2_S1031___1,0.5547,Yes,0.0027,0.0011
P16546-2_S1530___1,0.3538,No,0.0531,0.0373
P16546-2_S1197___1,0.2902,No,0.1062,0.0875
P16546-2_S1211___1,-1.024,Yes,0.0001,0.0001
P16546-2_S1174___1,0.01152,No,0.6135,0.9459
P16951-2_S94___1,0.1799,No,0.2669,0.2896
P17426-2_S655___1,-0.6904,Yes,0.0002,0.0001
P18052-2_S202___1,-0.5461,Yes,0.0031,0.0013
P18052-2_S180___1,-0.5761,Yes,0.0018,0.0007
P18826-2_S7___1,-0.02204,No,0.5923,0.8967
P18826-2_S986___1,-0.02225,No,0.5917,0.8958
P18911-3_S427___1,-0.7158,Yes,0.0001,0.0001
P19426-2_S247___1,-0.207,No,0.2197,0.2229
P19426-2_S131___1,-0.09464,No,0.4404,0.5774
P19426-2_S115___1,0.05538,No,0.524,0.7444
P19426-2_S349___1,0.3658,Yes,0.0461,0.0313
P19973-2_S193___1,0.02763,No,0.5813,0.8708
P19973-2_S241___1,-0.1196,No,0.3859,0.4815
P19973-2_S150___1,-0.2997,No,0.0967,0.0777
P20065-2_S2___1,0.2879,No,0.1086,0.09
P21107-2_S51___1,-0.7368,Yes,0.0001,0.0001
P22561-6_S355___1,0.1548,No,0.3143,0.362
P23708-2_S297___1,-0.4128,Yes,0.0253,0.0151
P23804-2_S112___1,2.294,Yes,0.0001,0.0001
P23804-2_S134___1,0.8799,Yes,0.0001,0.0001
P25425-12_S387___1,-0.3512,No,0.0547,0.0387
P27171_S579___1,-0.3904,Yes,0.034,0.0215
P27546-2_S667___1,0.53,Yes,0.0041,0.0018
P27546-2_S785___1,0.3106,No,0.0861,0.0675
P27546-2_S983___1,-0.4379,Yes,0.0177,0.0099
P27546-2_S475___1,-0.126,No,0.3723,0.458
P27546-2_S598___1,0.01571,No,0.6052,0.9263
P27546-2_S901___1,0.334,No,0.0666,0.0492
P27546-2_S914___1,-0.4167,Yes,0.0239,0.0142
P27546-2_S506___1,0.07039,No,0.4933,0.6785
P27546-2_S1046___1,-0.2425,No,0.1648,0.1533
P27546-2_S866___1,0.3967,Yes,0.0313,0.0195
P28033-3_S163___1,0.00616,No,0.6242,0.9711
P28574-2_S109___1,0.2112,No,0.2123,0.2137
P28704-2_S208___1,-0.2903,No,0.1062,0.0874
P30999-2_S252___1,0.4825,Yes,0.009,0.0045
P30999-2_S841___1,0.2251,No,0.1905,0.1851
P30999-2_S851___1,0.5955,Yes,0.0013,0.0005
P30999-2_S288___1,0.1771,No,0.2717,0.2971
P30999-2_S81___1,0.5242,Yes,0.0046,0.002
P30999-2_S893___1,0.639,Yes,0.0005,0.0002
P30999-2_S346___1,-0.07297,No,0.4882,0.6675
P30999-2_S349___1,-0.2012,No,0.2293,0.2362
P30999-2_S352___1,-0.003693,No,0.6287,0.9827
P30999-2_S230___1,0.4325,Yes,0.0191,0.0109
P30999-2_S320___1,0.7964,Yes,0.0001,0.0001
P30999-2_S125___1,0.7781,Yes,0.0001,0.0001
P30999-2_S587___1,-0.7034,Yes,0.0001,0.0001
P30999-2_S858___1,-0.1323,No,0.3601,0.4362
P30999-2_S268___1,0.4237,Yes,0.0217,0.0126
P30999-2_S269___1,0.6344,Yes,0.0006,0.0002
P30999-2_S47___1,-0.1859,No,0.2562,0.2739
P32507-2_S394___1,-0.9117,Yes,0.0001,0.0001
P35235-1_S595___1,-0.1283,No,0.3676,0.45
P35235-1_S562___1,-0.02053,No,0.5957,0.9038
P35377-5_S338___1,0.8506,Yes,0.0001,0.0001
P35601-2_S244___1,0.9477,Yes,0.0001,0.0001
P35601-2_S266___1,1.907,Yes,0.0001,0.0001
P35710-2_S21___1,-0.0886,No,0.4539,0.6019
P35922-3_S551___1,-0.1328,No,0.3589,0.4343
P35922-3_S556___1,0.1366,No,0.3512,0.4212
P35922-3_S557___1,0.08388,No,0.4647,0.6214
P35922-3_S560___1,0.08511,No,0.4616,0.6163
P38532-2_S303___1,-0.8523,Yes,0.0001,0.0001
P41230-2_S897___1,0.2757,No,0.1222,0.1045
P41230-2_S317___1,-0.03744,No,0.5593,0.8256
P41230-2_S301___1,-0.07523,No,0.4833,0.6578
P41778-2_S141___1,-0.2783,No,0.1192,0.1014
P46662-2_S566___1,0.0645,No,0.5057,0.7041
P46662-2_S518___1,0.1094,No,0.4078,0.5195
P47226-2_S118___1,-0.6003,Yes,0.0011,0.0004
P47856-2_S243___1,0.5905,Yes,0.0014,0.0005
P48193-2_S624___1,-0.5777,Yes,0.0018,0.0007
P48193-2_S87___1,0.2675,No,0.1318,0.1153
P48193-2_S649___1,-0.4442,Yes,0.0161,0.0089
P48193-2_S543___1,0.485,Yes,0.0087,0.0043
P48193-2_S561___1,-0.1832,No,0.2608,0.2807
P48453-2_S478___1,-0.2158,No,0.2049,0.2039
P48678-2_S546___1,0.04231,No,0.5502,0.8033
P53564-3_S1495___1,0.2194,No,0.1991,0.1964
P53564-3_S1254___1,0.9301,Yes,0.0001,0.0001
P53564-3_S1305___1,0.517,Yes,0.0052,0.0023
P53564-3_S438___1,0.3356,No,0.0655,0.0482
P53564-3_S1456___1,0.2188,No,0.2,0.1977
P53564-3_S411___1,0.4006,Yes,0.0297,0.0184
P53564-3_S684___1,-0.7343,Yes,0.0001,0.0001
P53564-3_S1043___1,0.8885,Yes,0.0001,0.0001
P55144-3_S804___1,1.522,Yes,0.0001,0.0001
P55200-2_S3029___1,0.03904,No,0.5563,0.8182
P56183-2_S383___1,0.5007,Yes,0.0068,0.0032
P56183-2_S389___1,0.4846,Yes,0.0088,0.0043
P58283-2_S764___1,-0.8234,Yes,0.0001,0.0001
P58404-2_S223___1,-0.1362,No,0.3519,0.4227
P58404-2_S206___1,0.3809,Yes,0.0383,0.0249
P58659-3_S336___1,0.08492,No,0.4621,0.6171
P58771-2_S174___1,-0.4195,Yes,0.023,0.0135
P58771-2_S45___1,-0.5876,Yes,0.0015,0.0005
P58771-2_S252___1,0.9536,Yes,0.0001,0.0001
P59281-2_S597___1,-0.7476,Yes,0.0001,0.0001
P59281-2_S115___1,-0.9725,Yes,0.0001,0.0001
P59281-2_S362___1,-1.113,Yes,0.0001,0.0001
P59281-2_S282___1,-0.7705,Yes,0.0001,0.0001
P59281-2_S344___1,-0.9997,Yes,0.0001,0.0001
Q8BYK6-3_S436___1,0.2803,No,0.1168,0.0989
P59438-2_S497___1,0.4564,Yes,0.0135,0.0072
P59764-2_S1629___1,0.8793,Yes,0.0001,0.0001
P60469-2_S17___1,-0.1398,No,0.3444,0.4104
P61460-2_S503___1,2.136,Yes,0.0001,0.0001
P61460-2_S1496___1,-0.6255,Yes,0.0007,0.0002
P61793-2_S323___1,0.3987,Yes,0.0304,0.0189
P61793-2_S326___1,0.1626,No,0.2988,0.3383
P61979-2_S284___1,0.2325,No,0.1792,0.1711
P61979-2_S216___1,0.4609,Yes,0.0126,0.0067
P61979-2_S36___1,-0.1988,No,0.2335,0.2418
P68181-2_S326___1,-0.4973,Yes,0.0071,0.0034
P70188-2_S60___1,-0.2418,No,0.1656,0.1545
P70255-5_S305___1,0.2836,No,0.1131,0.095
P70255-5_S333___1,-0.2039,No,0.2249,0.23
P70255-5_S339___1,-0.1008,No,0.4271,0.5531
P70255-5_S343___1,0.93,Yes,0.0001,0.0001
P70255-5_S323___1,0.5322,Yes,0.004,0.0017
P70257-1_S341___1,0.6109,Yes,0.0009,0.0003
P70257-1_S361___1,0.3144,No,0.0827,0.0642
P70257-1_S280___1,-0.3894,Yes,0.0343,0.0219
P70257-1_S288___1,-0.02604,No,0.5848,0.8781
P70257-1_S268___1,0.03599,No,0.5623,0.8322
P70257-1_S301___1,-0.08714,No,0.457,0.6079
P70257-2_S301___1,-0.3125,No,0.0843,0.0658
P70324-2_S685___1,-0.1492,No,0.3252,0.3797
P70335-2_S417___1,-0.4964,Yes,0.0072,0.0035
P70365-4_S22___1,-0.7418,Yes,0.0001,0.0001
P70451-5_S423___1,0.298,No,0.0984,0.0794
P70451-5_S411___1,-0.4638,Yes,0.0121,0.0063
P81183-2_S78___1,-1.247,Yes,0.0001,0.0001
P83510-2_S740___1,-0.4773,Yes,0.0098,0.005
P83510-2_S611___1,-0.04119,No,0.5525,0.8084
P83741-2_S165___1,0.04851,No,0.5376,0.7752
P83741-2_S172___1,0.4031,Yes,0.0287,0.0176
P83741-2_S2256___1,-0.1707,No,0.2833,0.315
P83741-2_S1037___1,-1.452,Yes,0.0001,0.0001
P83741-2_S2273___1,-0.004075,No,0.628,0.9809
P83741-2_S2276___1,-0.225,No,0.1907,0.1853
P83741-2_S29___1,0.09484,No,0.4399,0.5766
P83741-2_S2514___1,-0.09109,No,0.4486,0.5918
P97303-2_S159___1,-1.827,Yes,0.0001,0.0001
P97379-2_S225___1,0.3639,Yes,0.0472,0.0322
P97386-2_S244___1,0.481,Yes,0.0093,0.0046
P97386-2_S919___1,1.116,Yes,0.0001,0.0001
P97386-2_S211___1,1.223,Yes,0.0001,0.0001
P97434-2_S1015___1,-0.5146,Yes,0.0054,0.0024
P97496-2_S309___1,0.7994,Yes,0.0001,0.0001
P97496-2_S327___1,0.483,Yes,0.009,0.0045
P97496-2_S329___1,0.172,No,0.2807,0.3111
P97797-2_S409___1,-0.1004,No,0.4277,0.5544
P97798-5_S1413___1,0.2366,No,0.1729,0.1635
P97798-5_S1234___1,0.8428,Yes,0.0001,0.0001
P97798-5_S1245___1,0.1286,No,0.3672,0.4491
P97798-5_S1380___1,0.4043,Yes,0.0283,0.0173
P97868-2_S828___1,0.05733,No,0.5203,0.7357
P97868-2_S840___1,-0.04785,No,0.5389,0.7781
P97868-2_S361___1,-0.2279,No,0.1861,0.1796
P97868-2_S1244___1,0.09987,No,0.4288,0.5565
P97868-2_S739___1,-0.05758,No,0.5199,0.7346
P97868-2_S697___1,-0.4557,Yes,0.0136,0.0073
P97868-2_S1145___1,-0.1744,No,0.2766,0.3046
P98203-2_S337___1,-0.0637,No,0.5076,0.7077
P98203-2_S205___1,0.3791,Yes,0.0391,0.0256
P98203-2_S937___1,-0.2543,No,0.1485,0.1343
P98203-2_S345___1,-0.9459,Yes,0.0001,0.0001
P98203-2_S908___1,-0.2652,No,0.1345,0.1184
P98203-2_S187___1,-0.5501,Yes,0.0029,0.0012
Q01147-1_S142___1,-1.06,Yes,0.0001,0.0001
Q01147-1_S271___1,-0.1945,No,0.2408,0.2523
Q01815-3_S1421___1,0.09324,No,0.4437,0.583
Q01815-3_S1855___1,-0.2024,No,0.2274,0.2333
Q01815-3_S1400___1,-0.02012,No,0.5966,0.9057
Q01815-3_S1627___1,-0.2539,No,0.1491,0.135
Q02357-5_S850___1,-0.08044,No,0.4722,0.6358
Q02780-5_S280___1,-0.1366,No,0.3512,0.4212
Q02780-5_S287___1,0.05638,No,0.5221,0.7399
Q03141-3_S419___1,0.1432,No,0.3375,0.3992
Q03141-3_S400___1,0.6287,Yes,0.0006,0.0002
Q03141-3_S629___1,0.7515,Yes,0.0001,0.0001
Q03173-4_S336___1,-0.392,Yes,0.0332,0.021
Q03173-4_S125___1,0.3444,No,0.0591,0.0426
Q03173-4_S721___1,-0.1712,No,0.2822,0.3134
Q03173-4_S618___1,-0.5528,Yes,0.0028,0.0011
Q04690-2_S659___1,-0.6225,Yes,0.0007,0.0002
Q04690-2_S2496___1,-0.7099,Yes,0.0001,0.0001
Q04690-2_S878___1,-1.04,Yes,0.0001,0.0001
Q04690-2_S884___1,-0.1702,No,0.2842,0.3165
Q04690-2_S2578___1,-0.3362,No,0.065,0.0478
Q04690-2_S2524___1,-0.05583,No,0.5234,0.7424
Q04690-2_S866___1,-0.3418,No,0.061,0.0442
Q06180-2_S293___1,0.2488,No,0.1558,0.143
Q06180-2_S298___1,0.5021,Yes,0.0066,0.0031
Q08024-4_S134___1,-0.6902,Yes,0.0002,0.0001
Q08122-2_S217___1,0.2289,No,0.1847,0.1778
Q08122-2_S286___1,-0.04601,No,0.543,0.7865
Q08122-2_S203___1,0.2773,No,0.1203,0.1026
Q08775-9_S28___1,0.1308,No,0.3633,0.4414
Q0P5V9-2_S778___1,0.1352,No,0.3539,0.4261
Q0P5V9-2_S510___1,-0.7485,Yes,0.0001,0.0001
Q0P5V9-2_S480___1,-0.8142,Yes,0.0001,0.0001
Q0P5V9-2_S437___1,-0.1482,No,0.3271,0.3829
Q0VBL3-2_S621___1,0.04113,No,0.5527,0.8086
Q0VBL3-2_S293___1,-0.3568,No,0.0513,0.0357
Q0VBL3-2_S655___1,-0.3325,No,0.0678,0.0503
Q0VBL3-2_S658___1,-0.2811,No,0.1159,0.0979
Q0VBL3-2_S127___1,-0.2558,No,0.1467,0.1321
Q0VBL3-2_S701___1,-0.1547,No,0.3146,0.3625
Q0VBL3-2_S20___1,-0.02018,No,0.5965,0.9054
Q0VBL3-2_S874___1,-0.266,No,0.1337,0.1174
Q0VBL3-2_S364___1,0.01568,No,0.6052,0.9265
Q0VGT4-2_S462___1,0.8708,Yes,0.0001,0.0001
Q14AX6-3_S422___1,-0.1319,No,0.3606,0.4373
Q14AX6-3_S1079___1,-0.1154,No,0.395,0.4969
Q1W617-2_S344___1,-0.2714,No,0.1272,0.11
Q1W617-2_S1306___1,0.4044,Yes,0.0283,0.0173
Q2PFD7-5_S497___1,0.124,No,0.3762,0.4655
Q2PFD7-5_S283___1,0.07411,No,0.4857,0.6626
Q2VPA6-3_S28___1,0.01534,No,0.6057,0.928
Q3TCJ8-2_S56___1,-0.0887,No,0.4537,0.6015
Q3TLR7-2_S678___1,1.855,Yes,0.0001,0.0001
Q3TLR7-2_S484___1,2.045,Yes,0.0001,0.0001
Q3TPJ7-2_S163___1,-0.3007,No,0.0957,0.0767
Q3TRM4-3_S414___1,1.519,Yes,0.0001,0.0001
Q3TRM4-3_S314___1,0.4286,Yes,0.0202,0.0116
Q3TRR0-2_S102___1,-0.7806,Yes,0.0001,0.0001
Q3TRR0-2_S414___1,-0.8829,Yes,0.0001,0.0001
Q3TRR0-2_S79___1,-0.7282,Yes,0.0001,0.0001
Q3TRR0-2_S160___1,-0.5413,Yes,0.0034,0.0014
Q3TTA7-2_S373___1,-0.1873,No,0.2537,0.2702
Q3TTA7-2_S377___1,0.07192,No,0.4904,0.672
Q3TWN3-2_S846___1,-0.3522,No,0.0541,0.0381
Q3TZX8-3_S128___1,-0.06994,No,0.4943,0.6805
Q3U0M1-2_S944___1,-0.1168,No,0.392,0.4916
Q3U1J1-2_S245___1,-0.2481,No,0.1569,0.1441
Q3U1J1-2_S180___1,-0.4931,Yes,0.0076,0.0037
Q3U1T9-4_S263___1,0.1744,No,0.2765,0.3044
Q3U1T9-4_S128___1,0.03883,No,0.5567,0.8192
Q3U1T9-4_S227___1,0.466,Yes,0.0117,0.0061
Q3U1T9-4_S366___1,-0.3953,Yes,0.0318,0.02
Q3U2K0-3_S327___1,0.4732,Yes,0.0105,0.0053
Q3U3C9-4_S857___1,0.6378,Yes,0.0005,0.0002
Q3U3R4-2_S19___1,1.293,Yes,0.0001,0.0001
Q3U6K5-2_S199___1,0.4192,Yes,0.0231,0.0136
Q3U6K5-2_S129___1,0.04826,No,0.538,0.7763
Q3U6K5-2_S40___1,0.3114,No,0.0854,0.0668
Q3UBG2-2_S200___1,-0.409,Yes,0.0267,0.016
Q3UC65-3_S17___1,-0.5666,Yes,0.0022,0.0008
Q3UCQ1-2_S389___1,1.922,Yes,0.0001,0.0001
Q3UCQ1-2_S419___1,1.308,Yes,0.0001,0.0001
Q3UDK1-2_S478___1,1.422,Yes,0.0001,0.0001
Q3UE17-2_S462___1,-0.1787,No,0.2691,0.2928
Q3UEB3-3_S495___1,0.7029,Yes,0.0001,0.0001
Q3UEB3-3_S498___1,-0.09604,No,0.4372,0.5718
Q3UH06-2_S1370___1,-0.2581,No,0.1438,0.1286
Q3UH06-2_S93___1,-0.371,Yes,0.0433,0.029
Q3UH68-2_S75___1,0.2225,No,0.1945,0.1903
Q3UH68-2_S221___1,-1.198,Yes,0.0001,0.0001
Q3UH68-2_S147___1,-0.3297,No,0.07,0.0522
Q3UH68-2_S817___1,-0.3279,No,0.0714,0.0536
Q3UH68-2_S367___1,0.4263,Yes,0.0209,0.0121
Q3UHC7-2_S854___1,-0.2108,No,0.213,0.2146
Q3UHC7-2_S786___1,-0.04819,No,0.5381,0.7766
Q3UHC7-2_S1044___1,0.08747,No,0.4564,0.6066
Q3UHC7-2_S871___1,0.6709,Yes,0.0003,0.0001
Q3UHC7-2_S771___1,-0.2172,No,0.2027,0.201
Q3UHC7-2_S1016___1,-0.6755,Yes,0.0002,0.0001
Q3UHC7-2_S623___1,-0.3939,Yes,0.0324,0.0204
Q3UHC7-2_S639___1,0.1286,No,0.3671,0.4489
Q3UHH1-2_S1098___1,0.3758,Yes,0.0408,0.0269
Q3UHH1-2_S1124___1,-0.111,No,0.4043,0.5136
Q3UHH1-2_S48___1,0.3073,No,0.0892,0.0704
Q3UHH1-2_S53___1,0.301,No,0.0954,0.0764
Q3UHH1-2_S564___1,-0.01132,No,0.6138,0.9469
Q3UHH1-2_S1797___1,1.002,Yes,0.0001,0.0001
Q3UHI0-2_S205___1,2.404,Yes,0.0001,0.0001
Q3UHQ6-2_S1049___1,0.6882,Yes,0.0002,0.0001
Q3UHQ6-2_S1057___1,-0.8259,Yes,0.0001,0.0001
Q3UIL6-2_S362___1,-0.3405,No,0.0618,0.045
Q3UIL6-2_S500___1,0.1844,No,0.2588,0.2775
Q3UIL6-2_S1053___1,-0.8827,Yes,0.0001,0.0001
Q3UIL6-2_S533___1,-0.5188,Yes,0.005,0.0023
Q3UIL6-2_S904___1,-0.00637,No,0.6237,0.9701
Q3UIL6-2_S117___1,-0.4041,Yes,0.0284,0.0173
Q3UIL6-2_S469___1,0.4063,Yes,0.0276,0.0168
Q3UIL6-2_S601___1,-0.1212,No,0.3821,0.4754
Q3UIL6-2_S609___1,0.05403,No,0.5264,0.7504
Q3UIL6-2_S553___1,0.3228,No,0.0756,0.0574
Q3UIL6-2_S1226___1,-0.5637,Yes,0.0023,0.0009
Q3UIL6-2_S983___1,-0.238,No,0.1711,0.1612
Q5SRY7-4_S500___1,-0.7098,Yes,0.0001,0.0001
Q3UMF0-4_S958___1,0.1392,No,0.3458,0.4126
Q3UMF0-4_S1022___1,0.07439,No,0.485,0.6614
Q3UMF0-4_S575___1,-0.278,No,0.1195,0.1017
Q3UMF0-4_S577___1,0.6575,Yes,0.0004,0.0001
Q3UMF0-4_S234___1,0.04261,No,0.5496,0.8019
Q3UMF0-4_S596___1,0.3207,No,0.0774,0.059
Q3UMF0-4_S268___1,0.133,No,0.3585,0.4336
Q3UMF0-4_S923___1,0.1516,No,0.3204,0.372
Q3UMF0-4_S259___1,0.03029,No,0.5753,0.8585
Q3UMF0-4_S281___1,-1.111,Yes,0.0001,0.0001
Q3UMF0-4_S476___1,-0.3808,Yes,0.0383,0.025
Q3UMF0-4_S481___1,-0.247,No,0.1585,0.1459
Q3UMF0-4_S724___1,0.2462,No,0.1596,0.1472
Q3UMF0-4_S1144___1,0.2766,No,0.1211,0.1034
Q3UMF0-4_S1145___1,-0.114,No,0.3984,0.5021
Q3UMF0-4_S888___1,-0.4718,Yes,0.0107,0.0055
Q3UMF0-3_S12___1,0.1041,No,0.4196,0.54
Q3UMF0-4_S1196___1,0.2115,No,0.2118,0.213
Q3UMF0-4_S814___1,0.06248,No,0.51,0.713
Q3UMF0-4_S514___1,0.1124,No,0.4016,0.5081
Q3UMF0-4_S334___1,0.08012,No,0.4728,0.6372
Q3UMF0-4_S342___1,-0.2103,No,0.2137,0.2156
Q3UMF0-4_S352___1,-0.3533,No,0.0533,0.0375
Q3UMF0-4_S364___1,-0.08823,No,0.4546,0.6035
Q3UMF0-4_S827___1,0.1083,No,0.4102,0.5239
Q3UMF0-4_S12___1,0.1041,No,0.4196,0.54
Q3UMF0-4_S24___1,0.4052,Yes,0.028,0.0171
Q3UMU9-4_S567___1,0.2801,No,0.117,0.0991
Q3UMU9-4_S575___1,-0.2801,No,0.117,0.0991
Q3UMU9-4_S586___1,0.8107,Yes,0.0001,0.0001
Q3UMU9-3_S459___1,1.052,Yes,0.0001,0.0001
Q3UMU9-3_S463___1,0.3657,Yes,0.0461,0.0313
Q3UMU9-3_S426___1,1.283,Yes,0.0001,0.0001
Q3UMU9-3_S668___1,1.121,Yes,0.0001,0.0001
Q3UMU9-3_S670___1,-0.5304,Yes,0.0041,0.0018
Q3UMU9-3_S678___1,-0.7059,Yes,0.0001,0.0001
Q3UMU9-3_S612___1,0.04228,No,0.5502,0.8034
Q3UMU9-3_S629___1,0.2801,No,0.117,0.0991
Q3UMU9-3_S644___1,0.1838,No,0.2599,0.2792
Q3UMU9-3_S649___1,0.8107,Yes,0.0001,0.0001
Q3UQI9-2_S143___1,0.4612,Yes,0.0126,0.0066
Q3UQI9-2_S123___1,0.07256,No,0.4891,0.6692
Q3UQI9-2_S308___1,0.1675,No,0.2893,0.324
Q3UR85-3_S294___1,1.867,Yes,0.0001,0.0001
Q3UR85-3_S261___1,1.228,Yes,0.0001,0.0001
Q3URS9-2_S249___1,-0.9811,Yes,0.0001,0.0001
Q3UTJ2-2_S473___1,-0.2508,No,0.153,0.1398
Q3UTJ2-2_S454___1,-0.3209,No,0.0773,0.0589
Q3UTJ2-2_S27___1,-0.2167,No,0.2034,0.2019
Q3UTJ2-2_S440___1,-0.1995,No,0.2324,0.2402
Q3UTJ2-2_S443___1,0.01446,No,0.6074,0.9322
Q3UTJ2-5_S40___1,-0.4383,Yes,0.0176,0.0099
Q3UTJ2-5_S27___1,-0.2167,No,0.2034,0.2019
Q3UVR3-2_S786___1,0.1175,No,0.3906,0.4891
Q3UZ01-2_S108___1,-0.2909,No,0.1055,0.0868
Q3UZ01-2_S21___1,-0.2447,No,0.1618,0.1497
Q3UZ01-2_S379___1,-0.434,Yes,0.0187,0.0106
Q3V0G7-2_S23___1,0.3489,No,0.056,0.0399
Q3V0G7-2_S402___1,0.04223,No,0.5502,0.8037
Q3V0G7-2_S404___1,0.04223,No,0.5502,0.8037
Q497V6-2_S182___1,-0.163,No,0.2983,0.3373
Q4ACU6-10_S508___1,0.04433,No,0.5461,0.7941
Q4G0F8-2_S493___1,-0.1743,No,0.2767,0.3049
Q4G0F8-2_S175___1,-0.05644,No,0.522,0.7397
Q4KMM3-4_S90___1,-0.2328,No,0.1789,0.1706
Q4PZA2-3_S17___1,0.3573,No,0.051,0.0354
Q4VA53-3_S1358___1,-0.7353,Yes,0.0001,0.0001
Q4VA53-3_S1383___1,-0.2497,No,0.1545,0.1415
Q4VA53-3_S1283___1,0.5801,Yes,0.0017,0.0006
Q4VA53-3_S1417___1,-0.5325,Yes,0.004,0.0017
Q4VA53-3_S1182___1,-0.1112,No,0.4038,0.5126
Q4VA53-3_S1257___1,-0.4987,Yes,0.007,0.0033
Q4VA53-3_S1259___1,-0.3982,Yes,0.0307,0.0191
Q4VA53-3_S1166___1,1.253,Yes,0.0001,0.0001
Q4VAC9-2_S433___1,0.05832,No,0.5187,0.7313
Q4VAC9-2_S732___1,0.2522,No,0.1512,0.1375
Q4VAC9-2_S736___1,-0.1066,No,0.4138,0.5301
Q4VAC9-2_S1338___1,1.072,Yes,0.0001,0.0001
Q4VAC9-2_S1133___1,-0.163,No,0.2982,0.3372
Q4VAC9-2_S1135___1,0.2568,No,0.1456,0.1306
Q4VAC9-2_S1140___1,0.1603,No,0.3037,0.3454
Q4VAC9-2_S472___1,0.6628,Yes,0.0003,0.0001
Q4VAC9-2_S855___1,0.9027,Yes,0.0001,0.0001
Q4VAC9-2_S758___1,-0.1329,No,0.3588,0.434
Q4VAC9-2_S761___1,0.1629,No,0.2983,0.3375
Q4VAC9-2_S18___1,-0.1136,No,0.3993,0.5037
Q4VAC9-2_S1053___1,-0.09826,No,0.4322,0.5629
Q4VAC9-2_S861___1,0.1095,No,0.4077,0.5193
Q4VAC9-2_S745___1,0.1951,No,0.2398,0.2507
Q4VAC9-2_S1157___1,0.2244,No,0.1916,0.1864
Q4VAC9-2_S1128___1,0.1968,No,0.2368,0.2466
Q571B6-2_S475___1,0.9039,Yes,0.0001,0.0001
Q58A65-2_S479___1,0.06892,No,0.4965,0.6849
Q58A65-2_S183___1,2.586,Yes,0.0001,0.0001
Q58A65-2_S719___1,-0.08111,No,0.4706,0.633
Q5DTI6-5_S681___1,-0.4692,Yes,0.0111,0.0057
Q5DW34-2_S426___1,-0.03414,No,0.5665,0.8407
Q5DW34-2_S81___1,0.2685,No,0.1307,0.1139
Q5DW34-2_S993___1,0.5816,Yes,0.0016,0.0006
Q5I012-4_S878___1,0.7038,Yes,0.0001,0.0001
Q5I012-4_S441___1,0.3466,No,0.0576,0.0413
Q5I043-2_S1002___1,-0.4982,Yes,0.007,0.0034
Q5NBX1-3_S256___1,0.5954,Yes,0.0013,0.0005
Q5NBX1-3_S660___1,1.704,Yes,0.0001,0.0001
Q5RJH6-3_S805___1,0.2735,No,0.1248,0.1073
Q5SNZ0-3_S1362___1,0.1989,No,0.2334,0.2415
Q5SNZ0-3_S1479___1,0.05768,No,0.5197,0.7342
Q5SNZ0-3_S1739___1,0.1534,No,0.3172,0.3665
Q5SNZ0-3_S1621___1,0.3965,Yes,0.0313,0.0196
Q5SNZ0-3_S1655___1,-0.4513,Yes,0.0145,0.0079
Q5SNZ0-3_S1505___1,0.2156,No,0.2052,0.2043
Q5SP85-3_S280___1,-0.7585,Yes,0.0001,0.0001
Q5SSH7-2_S1515___1,0.3009,No,0.0955,0.0765
Q5SSH7-2_S1538___1,0.4745,Yes,0.0103,0.0052
Q5SVQ0-4_S50___1,-0.9225,Yes,0.0001,0.0001
Q5SVQ0-4_S56___1,0.4716,Yes,0.0107,0.0055
Q5SVQ0-4_S57___1,0.28,No,0.1171,0.0993
Q5SVQ0-4_S99___1,0.068,No,0.498,0.6889
Q5SVQ0-4_S100___1,-0.07948,No,0.4741,0.6398
Q5SVQ0-4_S102___1,-0.4037,Yes,0.0285,0.0175
Q5SVQ0-4_S111___1,0.2923,No,0.1042,0.0852
Q5SX79-2_S12___1,-0.1239,No,0.3762,0.4656
Q5SX79-2_S166___1,-0.05979,No,0.5156,0.7248
Q5SX79-2_S224___1,-0.01681,No,0.6032,0.9211
Q5SX79-2_S293___1,0.04122,No,0.5525,0.8082
Q5SXI5-3_S26___1,-0.1606,No,0.3031,0.3444
Q5UAK0-4_S375___1,1.573,Yes,0.0001,0.0001
Q5UAK0-4_S481___1,-0.1782,No,0.2698,0.294
Q5UAK0-4_S164___1,-0.01396,No,0.6086,0.9345
Q5XG73-3_S346___1,0.7074,Yes,0.0001,0.0001
Q5XG73-3_S386___1,0.3216,No,0.0767,0.0583
Q5XG73-3_S360___1,-0.5663,Yes,0.0022,0.0009
Q5XG73-3_S370___1,0.1164,No,0.3928,0.4932
Q5XG73-3_S379___1,0.8443,Yes,0.0001,0.0001
Q5XJV7-2_S1251___1,0.1344,No,0.3557,0.4289
Q5XJV7-2_S1287___1,-0.1023,No,0.4233,0.5468
Q5XJV7-2_S210___1,-0.06366,No,0.5077,0.7078
Q5XJV7-2_S91___1,0.3468,No,0.0575,0.0412
Q5Y5T1-2_S308___1,0.3896,Yes,0.0343,0.0218
Q60575-2_S1613___1,-0.3469,No,0.0575,0.0411
Q60575-2_S1441___1,-0.132,No,0.3606,0.4372
Q60575-2_S1408___1,-0.4253,Yes,0.0212,0.0123
Q60575-3_S1138___1,0.2328,No,0.1788,0.1705
Q60605-2_S135___1,-2.031,Yes,0.0001,0.0001
Q60668-3_S82___1,-0.2922,No,0.1043,0.0854
Q60668-3_S83___1,-0.3235,No,0.0751,0.0568
Q60766-2_S186___1,0.1774,No,0.2711,0.2962
Q60766-2_S32___1,-0.3164,No,0.081,0.0625
Q60875-5_S100___1,0.6322,Yes,0.0006,0.0002
Q60875-5_S108___1,0.2558,No,0.1467,0.132
Q60875-5_S617___1,0.04978,No,0.5345,0.7695
Q60875-5_S145___1,0.3451,No,0.0586,0.0422
Q60875-5_S856___1,0.04706,No,0.5407,0.7817
Q60875-5_S122___1,0.3043,No,0.092,0.0732
Q60875-5_S134___1,0.8325,Yes,0.0001,0.0001
Q60875-5_S689___1,0.4489,Yes,0.015,0.0082
Q60929-2_S98___1,0.4776,Yes,0.0098,0.0049
Q60929-3_S400___1,0.1717,No,0.2813,0.3119
Q60929-3_S255___1,0.0539,No,0.5265,0.751
Q60932-2_S104___1,-0.2676,No,0.1317,0.1151
Q60954-3_S196___1,-0.1724,No,0.28,0.3101
Q60974-2_S1122___1,0.452,Yes,0.0144,0.0078
Q60974-2_S1292___1,0.4131,Yes,0.0252,0.015
Q60974-2_S1481___1,0.6071,Yes,0.001,0.0004
Q60974-2_S2198___1,0.2879,No,0.1086,0.0901
Q60974-2_S1766___1,0.3047,No,0.0917,0.0728
Q60974-2_S2410___1,-0.1139,No,0.3984,0.5023
Q60974-2_S1207___1,0.4866,Yes,0.0085,0.0042
Q60974-2_S2134___1,0.3865,Yes,0.0357,0.0229
Q60974-2_S1274___1,0.1521,No,0.3195,0.3704
Q60974-2_S1333___1,0.2455,No,0.1606,0.1483
Q60974-2_S2351___1,0.6715,Yes,0.0003,0.0001
Q60974-2_S2165___1,0.3502,No,0.0554,0.0393
Q61037-6_S981___1,-0.143,No,0.3379,0.4
Q61037-6_S1399___1,-0.5894,Yes,0.0014,0.0005
Q61144-2_S30___1,0.1876,No,0.2531,0.2694
Q61144-2_S43___1,0.3072,No,0.0893,0.0706
Q61144-2_S52___1,0.2016,No,0.2288,0.2353
Q61144-2_S25___1,0.2392,No,0.1693,0.159
Q61210-5_S964___1,0.2745,No,0.1236,0.1061
Q61210-5_S386___1,-0.2013,No,0.2292,0.236
Q61286-2_S67___1,0.3972,Yes,0.031,0.0193
Q61286-2_S559___1,0.5191,Yes,0.005,0.0022
Q61301-2_S651___1,0.1264,No,0.3714,0.4567
Q61301-2_S640___1,0.07932,No,0.4744,0.6405
Q61315-4_S1224___1,0.05525,No,0.5241,0.745
Q61315-4_S2314___1,0.08626,No,0.4589,0.6115
Q61315-4_S963___1,-0.3615,Yes,0.0485,0.0333
Q61315-4_S2338___1,-0.03556,No,0.5632,0.8342
Q61315-4_S2195___1,0.2904,No,0.106,0.0873
Q61315-4_S2239___1,0.6257,Yes,0.0007,0.0002
Q61315-4_S2578___1,0.1796,No,0.2674,0.2904
Q61315-4_S2261___1,0.2026,No,0.2272,0.233
Q61315-4_S1235___1,0.1151,No,0.3956,0.4979
Q61315-4_S1249___1,0.3146,No,0.0826,0.064
Q61315-4_S2539___1,0.3495,No,0.0557,0.0396
Q61315-4_S2400___1,0.1705,No,0.2835,0.3154
Q61315-4_S2135___1,0.5126,Yes,0.0056,0.0025
Q61315-4_S128___1,0.3134,No,0.0837,0.0651
Q61315-4_S905___1,0.05818,No,0.5189,0.7319
Q61464-4_S1569___1,0.02799,No,0.5806,0.8691
Q61464-4_S1099___1,-0.03171,No,0.572,0.8519
Q61464-4_S554___1,-0.6463,Yes,0.0004,0.0001
Q61464-4_S128___1,0.6552,Yes,0.0004,0.0001
Q61584-3_S643___1,0.1125,No,0.4014,0.5077
Q61584-3_S405___1,-0.4126,Yes,0.0253,0.0151
Q61584-3_S602___1,0.1905,No,0.2479,0.262
Q61584-3_S438___1,0.2141,No,0.2077,0.2075
Q61584-3_S553___1,-0.05334,No,0.5273,0.7535
Q61584-3_S557___1,0.05798,No,0.5193,0.7328
Q61699-2_S766___1,-0.04144,No,0.5521,0.8073
Q61818-2_S521___1,0.04057,No,0.5534,0.8112
Q61818-2_S1332___1,0.4665,Yes,0.0116,0.006
Q62219-2_S401___1,-0.8732,Yes,0.0001,0.0001
Q62219-2_S177___1,-0.6459,Yes,0.0005,0.0001
Q62219-2_S169___1,-0.5632,Yes,0.0023,0.0009
Q62312-2_S486___1,0.2691,No,0.1298,0.1132
Q62312-2_S548___1,0.2837,No,0.113,0.0948
Q62312-2_S409___1,0.8465,Yes,0.0001,0.0001
Q62312-2_S553___1,0.3628,Yes,0.0477,0.0327
Q62312-2_S203___1,0.7182,Yes,0.0001,0.0001
Q62417-2_S186___1,-0.2756,No,0.1222,0.1046
Q62417-2_S251___1,0.1274,No,0.3694,0.453
Q62417-2_S255___1,-0.5394,Yes,0.0035,0.0015
Q62417-2_S87___1,0.3879,Yes,0.0351,0.0224
Q62417-2_S371___1,0.01189,No,0.6129,0.9442
Q62417-2_S651___1,-0.3345,No,0.0662,0.0489
Q62417-2_S659___1,-0.7581,Yes,0.0001,0.0001
Q62417-2_S497___1,-0.3499,No,0.0555,0.0394
Q62417-2_S161___1,-0.1921,No,0.2451,0.258
Q62417-2_S164___1,0.103,No,0.4222,0.5444
Q62417-7_S775___1,-0.3345,No,0.0662,0.0489
Q62418-2_S288___1,-0.01076,No,0.615,0.9495
Q62440-3_S164___1,-0.439,Yes,0.0174,0.0098
Q62448-2_S394___1,-0.1372,No,0.35,0.4194
Q64012-2_S278___1,0.1514,No,0.321,0.3728
Q64012-2_S119___1,-0.08002,No,0.473,0.6376
Q64012-2_S254___1,0.5801,Yes,0.0017,0.0006
Q64012-2_S2___1,0.9367,Yes,0.0001,0.0001
Q64012-2_S161___1,0.3325,No,0.0678,0.0503
Q64028-3_S625___1,0.3387,No,0.0632,0.0461
Q64028-3_S854___1,0.2232,No,0.1933,0.1889
Q64028-3_S601___1,0.9525,Yes,0.0001,0.0001
Q64092-4_S510___1,0.2221,No,0.1951,0.1911
Q64092-4_S518___1,0.05665,No,0.5215,0.7387
Q64092-4_S530___1,-0.02743,No,0.5819,0.8717
Q640L3-3_S587___1,-0.2628,No,0.1376,0.1218
Q64127-2_S621___1,0.7783,Yes,0.0001,0.0001
Q64127-2_S209___1,0.1613,No,0.3016,0.3424
Q64127-2_S778___1,0.5566,Yes,0.0026,0.001
Q64213-2_S82___1,-0.4161,Yes,0.0241,0.0143
Q64213-2_S20___1,-0.5377,Yes,0.0036,0.0015
Q64364-2_S81___1,1.725,Yes,0.0001,0.0001
Q64735-2_S411___1,0.1963,No,0.2379,0.2479
Q64735-2_S434___1,-0.3374,No,0.0641,0.047
Q64735-2_S440___1,0.3408,No,0.0616,0.0448
Q66JY2-4_S27___1,-0.3277,No,0.0715,0.0537
Q66T02-2_S259___1,-0.04021,No,0.5541,0.8128
Q66T02-2_S938___1,0.8402,Yes,0.0001,0.0001
Q69Z89-4_S206___1,-0.5439,Yes,0.0033,0.0014
Q69ZA1-2_S664___1,0.2195,No,0.1989,0.1962
Q69ZA1-2_S384___1,0.4214,Yes,0.0224,0.0131
Q69ZA1-2_S526___1,0.2445,No,0.162,0.15
Q69ZA1-2_S398___1,0.00285,No,0.63,0.9866
Q69ZR9-2_S836___1,0.1168,No,0.392,0.4916
Q69ZR9-2_S910___1,0.2795,No,0.1177,0.0998
Q69ZR9-2_S886___1,0.2292,No,0.1843,0.1772
Q69ZR9-2_S628___1,-0.312,No,0.0848,0.0662
Q69ZR9-2_S339___1,-0.3103,No,0.0864,0.0677
Q69ZS8-2_S8___1,-0.2729,No,0.1254,0.1081
Q6AW69-5_S601___1,0.01482,No,0.6068,0.9305
Q6AW69-5_S252___1,-0.04292,No,0.5489,0.8005
Q6AW69-5_S326___1,-0.1239,No,0.3762,0.4655
Q6AW69-5_S653___1,-1.101,Yes,0.0001,0.0001
Q6AW69-5_S415___1,-0.03366,No,0.5675,0.8429
Q6AW69-5_S284___1,0.06358,No,0.5078,0.7082
Q6AW69-5_S257___1,-0.3806,Yes,0.0384,0.025
Q6AW69-5_S262___1,-0.3912,Yes,0.0336,0.0213
Q6AW69-5_S389___1,0.05385,No,0.5265,0.7512
Q6AW69-5_S203___1,-0.1451,No,0.3334,0.393
Q6GYP7-6_S165___1,0.133,No,0.3586,0.4337
Q6GYP7-6_S217___1,-0.008346,No,0.6198,0.9608
Q6GYP7-6_S304___1,0.0652,No,0.5041,0.7011
Q6GYP7-6_S241___1,-0.0493,No,0.5358,0.7716
Q6IMB1-2_S168___1,0.1733,No,0.2786,0.3076
Q6IMB1-2_S175___1,-0.7636,Yes,0.0001,0.0001
Q6KAS7-2_S605___1,-0.305,No,0.0913,0.0725
Q6KAU7-2_S1235___1,-0.3874,Yes,0.0353,0.0226
Q6KAU7-2_S404___1,-1.284,Yes,0.0001,0.0001
Q6KAU7-2_S671___1,-0.1304,No,0.3639,0.4425
Q6KAU7-2_S427___1,-0.5048,Yes,0.0063,0.003
Q6NS59-2_S89___1,-0.1411,No,0.3418,0.4061
Q6NSV7-4_S245___1,-0.01212,No,0.6125,0.9431
Q6NXH3-2_S296___1,-0.004609,No,0.6269,0.9784
Q6NXH3-2_S49___1,-0.3026,No,0.0938,0.0749
Q6NXH3-2_S401___1,4.343,Yes,0.0001,0.0001
Q6NXI6-2_S589___1,-0.3438,No,0.0595,0.0429
Q6NXI6-2_S694___1,-0.5345,Yes,0.0038,0.0017
Q6NXI6-2_S460___1,0.05786,No,0.5195,0.7334
Q6NXI6-2_S1073___1,-0.4187,Yes,0.0232,0.0137
Q6NXI6-2_S568___1,-0.455,Yes,0.0138,0.0074
Q6NXN1-2_S88___1,0.4711,Yes,0.0108,0.0055
Q6NXZ1-2_S731___1,-0.4917,Yes,0.0078,0.0038
Q6NXZ1-2_S759___1,-0.6419,Yes,0.0005,0.0002
Q6NXZ1-2_S666___1,-0.2431,No,0.164,0.1524
Q6NZE7-4_S115___1,1.172,Yes,0.0001,0.0001
Q6NZE7-4_S119___1,0.1926,No,0.2442,0.2568
Q6NZK8-2_S319___1,-0.556,Yes,0.0026,0.0011
Q6NZN0-5_S127___1,-0.3796,Yes,0.0388,0.0254
Q6NZN0-5_S800___1,0.05203,No,0.5301,0.7594
Q6NZN0-5_S523___1,-0.2463,No,0.1595,0.147
Q6P5H2-2_S1793___1,1.12,Yes,0.0001,0.0001
Q6P5H2-2_S728___1,0.4289,Yes,0.0201,0.0116
Q6P5H2-2_S731___1,0.5986,Yes,0.0012,0.0004
Q6P5H2-2_S919___1,0.06215,No,0.5107,0.7144
Q6P5H2-2_S818___1,0.3312,No,0.0688,0.0512
Q6P5H2-2_S169___1,0.2862,No,0.1103,0.092
Q6P5H2-2_S1521___1,0.638,Yes,0.0005,0.0002
Q6P5H2-2_S1070___1,0.4108,Yes,0.026,0.0156
Q6P5H2-2_S312___1,0.5501,Yes,0.0029,0.0012
Q6P5H2-2_S850___1,0.6298,Yes,0.0006,0.0002
Q6P5H2-2_S1144___1,1.117,Yes,0.0001,0.0001
Q6P6I6-2_S155___1,1.044,Yes,0.0001,0.0001
Q6P6L0-3_S795___1,0.6007,Yes,0.0011,0.0004
Q6P6L0-3_S801___1,0.4548,Yes,0.0138,0.0074
Q6P6L0-3_S551___1,0.18,No,0.2667,0.2893
Q6P7W0-2_S207___1,-0.3661,Yes,0.0459,0.0311
Q6P9R4-1_S997___1,-0.158,No,0.3078,0.3521
Q6P9R4-1_S577___1,1.056,Yes,0.0001,0.0001
Q6PAR5-6_S569___1,0.2704,No,0.1284,0.1115
Q6PAR5-6_S902___1,-0.09169,No,0.4471,0.5893
Q6PCP5-3_S129___1,-0.3139,No,0.0832,0.0646
Q6PCP5-3_S131___1,0.0238,No,0.5885,0.8886
Q6PD29-2_S97___1,0.02786,No,0.5809,0.8697
Q6PD29-2_S83___1,0.109,No,0.4085,0.521
Q6PDG5-2_S347___1,-0.1397,No,0.3445,0.4107
Q6PDG5-2_S302___1,-0.0257,No,0.5854,0.8797
Q6PDG5-2_S304___1,-0.038,No,0.5583,0.823
Q6PDG5-2_S283___1,0.09597,No,0.4374,0.5721
Q6PDG8-2_S56___1,-0.0236,No,0.5889,0.8895
Q6PE65-2_S86___1,-0.01159,No,0.6134,0.9456
Q6PG16-3_S526___1,2.277,Yes,0.0001,0.0001
Q6PG16-3_S387___1,1.462,Yes,0.0001,0.0001
Q6PG16-3_S491___1,1.485,Yes,0.0001,0.0001
Q6PGA0-2_S212___1,0.2453,No,0.161,0.1488
Q6PGN3-6_S374___1,-0.2654,No,0.1342,0.1181
Q6PGN3-6_S307___1,-0.2741,No,0.124,0.1065
Q6PR54-2_S1528___1,-0.08694,No,0.4574,0.6087
Q6PR54-2_S1540___1,0.5484,Yes,0.003,0.0012
Q6PR54-2_S405___1,1.816,Yes,0.0001,0.0001
Q6PR54-2_S1439___1,1.473,Yes,0.0001,0.0001
Q6PR54-2_S1565___1,0.2127,No,0.2101,0.2105
Q6PR54-2_S1416___1,0.07866,No,0.4757,0.6433
Q6PR54-2_S2144___1,2.744,Yes,0.0001,0.0001
Q6PR54-2_S1387___1,-1.078,Yes,0.0001,0.0001
Q6PR54-2_S1868___1,0.6049,Yes,0.001,0.0004
Q6PR54-2_S1683___1,1.012,Yes,0.0001,0.0001
Q6S5J6-2_S274___1,-0.2249,No,0.1908,0.1854
Q6S5J6-2_S276___1,-0.2074,No,0.219,0.222
Q6Y5D8-3_S591___1,0.2986,No,0.0977,0.0787
Q6ZPE2-2_S1139___1,0.6393,Yes,0.0005,0.0002
Q6ZPE2-2_S1141___1,-0.1341,No,0.3561,0.4298
Q6ZPE2-2_S1772___1,-0.4253,Yes,0.0212,0.0123
Q6ZQ29-2_S493___1,-0.4053,Yes,0.028,0.017
Q6ZQ93-3_S3209___1,0.4622,Yes,0.0124,0.0065
Q6ZQ93-3_S2287___1,0.5882,Yes,0.0014,0.0005
Q6ZQ93-3_S3161___1,0.6794,Yes,0.0002,0.0001
Q6ZQB6-3_S38___1,-0.2126,No,0.2102,0.2107
Q6ZQB6-3_S493___1,0.1186,No,0.3879,0.4848
Q6ZQM0-2_S240___1,-0.5261,Yes,0.0044,0.002
Q6ZQM0-2_S229___1,-0.6045,Yes,0.001,0.0004
Q6ZWR6-4_S8225___1,0.2304,No,0.1824,0.1749
Q6ZWR6-4_S8306___1,-0.02629,No,0.5845,0.877
Q75N73-3_S308___1,0.03266,No,0.5698,0.8475
Q76I79-2_S28___1,0.04781,No,0.539,0.7783
Q76I79-2_S958___1,-0.1435,No,0.3367,0.3981
Q76I79-2_S563___1,0.8316,Yes,0.0001,0.0001
Q76I79-2_S575___1,-0.09053,No,0.4497,0.594
Q76I79-2_S687___1,-0.6774,Yes,0.0002,0.0001
Q76I79-2_S693___1,0.7307,Yes,0.0001,0.0001
Q76KF0-3_S882___1,0.2574,No,0.1448,0.1297
Q76N33-2_S76___1,-0.1791,No,0.2682,0.2916
Q7JJ13-2_S251___1,0.02204,No,0.5923,0.8967
Q7JJ13-2_S585___1,-0.2206,No,0.1974,0.1939
Q7TMJ8-2_S55___1,0.603,Yes,0.0011,0.0004
Q7TN98-4_S97___1,0.6018,Yes,0.0011,0.0004
Q7TN98-4_S99___1,0.08293,No,0.4668,0.6254
Q7TN98-4_S252___1,0.04901,No,0.5365,0.7729
Q7TN98-4_S255___1,-0.09363,No,0.4429,0.5814
Q7TN99-4_S194___1,-0.07977,No,0.4733,0.6386
Q7TN99-4_S197___1,-0.4456,Yes,0.0157,0.0087
Q7TNC4-4_S18___1,-1.131,Yes,0.0001,0.0001
Q7TNF9-2_S67___1,0.3278,No,0.0714,0.0536
Q7TNH6-2_S55___1,-0.5066,Yes,0.0061,0.0029
Q7TPH6-2_S3057___1,0.1844,No,0.2588,0.2776
Q7TPH6-2_S2943___1,0.4563,Yes,0.0135,0.0072
Q7TPH6-2_S2914___1,0.06556,No,0.5035,0.6995
Q7TPH6-2_S2916___1,0.1249,No,0.3744,0.4621
Q7TPH6-2_S3550___1,0.3146,No,0.0825,0.064
Q7TPH6-2_S2884___1,-0.05925,No,0.5166,0.7272
Q7TPM6-2_S469___1,-0.3974,Yes,0.031,0.0193
Q7TQH0-3_S681___1,-0.4039,Yes,0.0284,0.0174
Q7TQH0-3_S304___1,1.495,Yes,0.0001,0.0001
Q7TQH0-3_S591___1,0.6928,Yes,0.0002,0.0001
Q7TQH0-3_S407___1,0.6516,Yes,0.0004,0.0001
Q7TQH0-3_S389___1,1.135,Yes,0.0001,0.0001
Q7TQH0-3_S109___1,0.5191,Yes,0.005,0.0022
Q7TQH0-3_S556___1,0.6124,Yes,0.0009,0.0003
Q7TQH0-3_S447___1,0.5754,Yes,0.0018,0.0007
Q7TQH0-3_S333___1,0.6747,Yes,0.0002,0.0001
Q7TQH0-3_S337___1,0.4498,Yes,0.0148,0.0081
Q7TQH0-3_S236___1,0.9048,Yes,0.0001,0.0001
Q7TQK0-2_S477___1,0.09445,No,0.4408,0.5782
Q7TQK0-2_S596___1,0.0066,No,0.6234,0.969
Q7TS63-2_S641___1,-0.2801,No,0.117,0.0992
Q80TE4-2_S1082___1,0.4178,Yes,0.0236,0.0139
Q80TE4-2_S1478___1,0.1588,No,0.3065,0.3499
Q80TE4-2_S1406___1,0.6498,Yes,0.0004,0.0001
Q80TE4-2_S163___1,0.1915,No,0.2461,0.2594
Q80TE4-2_S1488___1,0.3418,No,0.061,0.0442
Q80TE4-2_S149___1,1.075,Yes,0.0001,0.0001
Q80TF4-3_S633___1,0.4119,Yes,0.0256,0.0153
Q80TF4-3_S18___1,1.164,Yes,0.0001,0.0001
Q80TH2-2_S849___1,0.1076,No,0.4116,0.5264
Q80TH2-2_S854___1,0.6336,Yes,0.0006,0.0002
Q80TH2-2_S1136___1,-0.03811,No,0.558,0.8225
Q80TH2-2_S1140___1,-0.07996,No,0.4731,0.6378
Q80TH2-2_S1324___1,0.4846,Yes,0.0088,0.0043
Q80TH2-2_S869___1,0.6598,Yes,0.0003,0.0001
Q80TH2-2_S440___1,-0.1533,No,0.3173,0.3667
Q80TH2-2_S444___1,-0.1346,No,0.3553,0.4282
Q80TH2-2_S1120___1,-0.1799,No,0.2668,0.2894
Q80TH2-2_S1348___1,-0.121,No,0.3826,0.4763
Q80TH2-2_S1171___1,-0.03352,No,0.5679,0.8436
Q80TI0-2_S510___1,0.6983,Yes,0.0001,0.0001
Q80TI0-2_S234___1,0.5927,Yes,0.0013,0.0005
Q80TL7-2_S534___1,0.2937,No,0.1027,0.0838
Q80TL7-2_S204___1,0.1234,No,0.3773,0.4675
Q80TL7-2_S1212___1,0.3955,Yes,0.0317,0.0199
Q80TM6-2_S871___1,0.6938,Yes,0.0002,0.0001
Q80TM6-2_S283___1,0.4202,Yes,0.0228,0.0134
Q80TQ5-2_S443___1,-0.09433,No,0.4412,0.5787
Q80TR1-2_S1177___1,0.4862,Yes,0.0085,0.0042
Q80TR8-4_S999___1,-1.153,Yes,0.0001,0.0001
Q80TR8-4_S978___1,0.1472,No,0.3291,0.3861
Q80TV8-2_S1210___1,-0.5313,Yes,0.004,0.0018
Q80TV8-2_S799___1,-0.2922,No,0.1044,0.0854
Q80TV8-2_S1183___1,-0.03462,No,0.5656,0.8385
Q80TV8-2_S559___1,1.008,Yes,0.0001,0.0001
Q80TV8-2_S568___1,0.5486,Yes,0.003,0.0012
Q80TV8-2_S1117___1,-0.04849,No,0.5376,0.7753
Q80TV8-2_S282___1,-0.1689,No,0.2866,0.32
Q80TV8-2_S849___1,0.3748,Yes,0.0412,0.0273
Q80TV8-2_S598___1,-0.1465,No,0.3307,0.3884
Q80TV8-2_S600___1,-0.1462,No,0.3312,0.3894
Q80TV8-2_S688___1,-0.07748,No,0.4784,0.6483
Q80TV8-2_S594___1,-0.5937,Yes,0.0013,0.0005
Q80TV8-2_S868___1,-0.00761,No,0.6217,0.9643
Q80U16-7_S37___1,-0.2979,No,0.0985,0.0795
Q80U16-7_S21___1,-0.6878,Yes,0.0002,0.0001
Q80U22-2_S572___1,0.1291,No,0.3665,0.4474
Q80U22-2_S234___1,0.2175,No,0.2022,0.2003
Q80U22-2_S534___1,-0.3884,Yes,0.0349,0.0222
Q80U22-2_S776___1,-0.2398,No,0.1684,0.1579
Q80U22-2_S88___1,1.005,Yes,0.0001,0.0001
Q80U28-10_S1176___1,0.3256,No,0.0733,0.0553
Q80U30-4_S404___1,0.318,No,0.0797,0.0612
Q80U62-3_S541___1,-0.1279,No,0.3684,0.4513
Q80U62-3_S376___1,-0.07441,No,0.485,0.6613
Q80U72-4_S1338___1,-0.2879,No,0.1086,0.0901
Q80U72-4_S1244___1,0.2704,No,0.1284,0.1114
Q80U72-4_S1512___1,0.1945,No,0.2407,0.252
Q80U72-4_S583___1,-0.1248,No,0.3747,0.4626
Q80U72-4_S729___1,0.07721,No,0.479,0.6494
Q80U72-4_S1464___1,-0.4626,Yes,0.0123,0.0065
Q80U72-4_S1497___1,0.004713,No,0.6268,0.9779
Q80U72-4_S800___1,-0.2711,No,0.1275,0.1104
Q80U72-4_S506___1,-0.3418,No,0.061,0.0442
Q80U72-4_S1368___1,-0.1513,No,0.3211,0.373
Q80U72-4_S1299___1,0.486,Yes,0.0086,0.0042
Q80U78-2_S709___1,0.5274,Yes,0.0043,0.0019
Q80U78-2_S229___1,0.7643,Yes,0.0001,0.0001
Q80UG5-3_S53___1,-0.08587,No,0.4597,0.6132
Q80UG5-3_S318___1,-0.4737,Yes,0.0104,0.0053
Q80UG5-3_S323___1,-0.6951,Yes,0.0002,0.0001
Q80UG5-3_S221___1,-0.344,No,0.0594,0.0428
Q80UG5-3_S75___1,0.03271,No,0.5697,0.8473
Q80UG5-3_S78___1,-0.6282,Yes,0.0007,0.0002
Q80UG5-3_S154___1,-0.06731,No,0.4994,0.6919
Q80UG5-3_S23___1,0.5601,Yes,0.0024,0.001
Q80VP0-2_S272___1,-0.1625,No,0.299,0.3386
Q80VP0-2_S277___1,-0.3978,Yes,0.0308,0.0192
Q80W00-2_S313___1,0.1845,No,0.2587,0.2773
Q80W14-3_S834___1,-0.2815,No,0.1154,0.0974
Q80WC1-2_S236___1,0.2412,No,0.1666,0.1556
Q80WC1-2_S13___1,0.2833,No,0.1134,0.0953
Q80WE4-2_S1268___1,2.524,Yes,0.0001,0.0001
Q80WT5-2_S680___1,1.712,Yes,0.0001,0.0001
Q80WT5-2_S151___1,-0.3501,No,0.0554,0.0393
Q80X41-2_S376___1,-0.1838,No,0.2599,0.2793
Q80XI3-2_S1107___1,-0.8217,Yes,0.0001,0.0001
Q80XI3-2_S470___1,-0.1221,No,0.3802,0.4722
Q80XI3-2_S472___1,0.03203,No,0.5712,0.8504
Q80XI3-2_S1132___1,0.7211,Yes,0.0001,0.0001
Q80XI3-2_S267___1,-0.1234,No,0.3773,0.4674
Q80Y81-2_S797___1,0.2834,No,0.1134,0.0952
Q80Y81-2_S200___1,-0.321,No,0.0771,0.0587
Q80Y83-12_S50___1,0.8332,Yes,0.0001,0.0001
Q80Y98-3_S348___1,0.4435,Yes,0.0163,0.009
Q811D0-2_S268___1,0.2536,No,0.1493,0.1354
Q811D0-2_S538___1,-0.6439,Yes,0.0005,0.0002
Q811D0-2_S540___1,-0.5238,Yes,0.0046,0.002
Q811D0-2_S542___1,-0.2909,No,0.1055,0.0868
Q811D0-2_S546___1,-0.2712,No,0.1275,0.1104
Q811D0-2_S586___1,-0.5502,Yes,0.0029,0.0012
Q811D0-2_S484___1,-0.1096,No,0.4075,0.5188
Q811D0-2_S602___1,-0.5084,Yes,0.006,0.0028
Q811P8-2_S603___1,0.1168,No,0.392,0.4917
Q811P8-2_S507___1,-0.02544,No,0.586,0.8809
Q811P8-2_S306___1,0.6766,Yes,0.0002,0.0001
Q811P8-2_S310___1,0.4327,Yes,0.0191,0.0109
Q811P8-2_S333___1,0.2335,No,0.1776,0.1692
Q811P8-2_S381___1,-0.2196,No,0.1988,0.196
Q811P8-2_S543___1,0.07575,No,0.4822,0.6556
Q812A5-2_S246___1,-0.4962,Yes,0.0073,0.0035
Q8BFY9-2_S24___1,-0.3176,No,0.08,0.0615
Q8BGE5-4_S627___1,0.6638,Yes,0.0003,0.0001
Q8BGX7-2_S80___1,0.06178,No,0.5112,0.7161
Q8BH48-2_S146___1,0.5733,Yes,0.0019,0.0007
Q8BH60-2_S434___1,0.764,Yes,0.0001,0.0001
Q8BHD7-2_S24___1,0.07992,No,0.4732,0.638
Q8BHL5-2_S517___1,-0.1266,No,0.371,0.456
Q8BHN1-3_S466___1,0.3408,No,0.0616,0.0448
Q8BIH0-2_S238___1,0.4965,Yes,0.0072,0.0035
Q8BJA3-4_S133___1,0.7444,Yes,0.0001,0.0001
Q8BJS4-3_S120___1,-1.127,Yes,0.0001,0.0001
Q8BJS4-3_S12___1,-0.9577,Yes,0.0001,0.0001
Q8BJS4-3_S20___1,-1.11,Yes,0.0001,0.0001
Q8BJS4-3_S21___1,-0.635,Yes,0.0006,0.0002
Q8BJS4-3_S27___1,-0.6802,Yes,0.0002,0.0001
Q8BJS4-3_S39___1,0.3615,Yes,0.0485,0.0333
Q8BJS4-3_S101___1,-0.2735,No,0.1248,0.1073
Q8BJZ3-2_S79___1,-0.2362,No,0.1735,0.1643
Q8BKC8-2_S496___1,0.1074,No,0.4119,0.5271
Q8BKC8-2_S294___1,0.002651,No,0.6302,0.9875
Q8BKC8-2_S277___1,-0.6042,Yes,0.0011,0.0004
Q8BKC8-2_S413___1,0.231,No,0.1816,0.1737
Q8BKU8-2_S405___1,-0.2981,No,0.0982,0.0792
Q8BKX1-2_S367___1,1.07,Yes,0.0001,0.0001
Q8BL48-2_S240___1,0.0165,No,0.604,0.9226
Q8BL80-3_S187___1,-0.2101,No,0.214,0.216
Q8BL97-4_S123___1,-0.6061,Yes,0.001,0.0004
Q8BL97-4_S221___1,0.007058,No,0.6226,0.9669
Q8BL97-4_S181___1,-0.1593,No,0.3055,0.3483
Q8BL97-4_S183___1,-0.5996,Yes,0.0012,0.0004
Q8BLG0-2_S894___1,-0.1553,No,0.3134,0.3606
Q8BLK9-2_S552___1,-0.3006,No,0.0957,0.0767
Q8BLK9-2_S576___1,-0.4502,Yes,0.0147,0.008
Q8BLK9-2_S199___1,-0.3862,Yes,0.0358,0.023
Q8BLK9-2_S116___1,-0.3781,Yes,0.0396,0.026
Q8BLK9-2_S366___1,-0.2284,No,0.1855,0.1787
Q8BM75-2_S789___1,-0.171,No,0.2826,0.314
Q8BM75-2_S759___1,-0.4072,Yes,0.0273,0.0165
Q8BMA3-2_S142___1,-0.987,Yes,0.0001,0.0001
Q8BMQ3-2_S762___1,0.6751,Yes,0.0002,0.0001
Q8BMQ3-2_S7___1,0.1363,No,0.3517,0.4223
Q8BMQ3-2_S870___1,0.6231,Yes,0.0007,0.0002
Q8BMQ3-2_S336___1,0.25,No,0.1541,0.141
Q8BN58-2_S589___1,-0.226,No,0.1892,0.1833
Q8BN58-2_S571___1,0.5935,Yes,0.0013,0.0005
Q8BN82-3_S17___1,0.03597,No,0.5623,0.8323
Q8BPM2-2_S316___1,-0.2839,No,0.1127,0.0946
Q8BR07-3_S570___1,0.4349,Yes,0.0185,0.0105
Q8BR07-3_S548___1,0.1678,No,0.2886,0.3231
Q8BRH3-2_S407___1,1.695,Yes,0.0001,0.0001
Q8BRH4-2_S111___1,-0.1239,No,0.3763,0.4657
Q8BSK8-2_S424___1,0.1463,No,0.3312,0.3891
Q8BSQ9-2_S321___1,0.3661,Yes,0.0459,0.0311
Q8BSQ9-2_S1246___1,0.3751,Yes,0.0411,0.0272
Q8BSQ9-2_S39___1,-0.07615,No,0.4815,0.6539
Q8BSQ9-2_S916___1,-0.1648,No,0.2945,0.332
Q8BTY2-2_S89___1,-0.2602,No,0.141,0.1256
Q8BTY2-2_S284___1,-0.06893,No,0.4965,0.6849
Q8BTY2-2_S247___1,-0.2081,No,0.2178,0.2205
Q8BTY2-2_S263___1,-0.5043,Yes,0.0064,0.003
Q8BTY2-2_S238___1,-0.3295,No,0.0701,0.0524
Q8BUR3-2_S189___1,-0.3511,No,0.0547,0.0387
Q8BW72-2_S523___1,0.5607,Yes,0.0024,0.001
Q8BWL5-4_S39___1,0.05841,No,0.5186,0.7309
Q8BWR4-3_S1079___1,0.3277,No,0.0715,0.0537
Q8BXJ2-2_S741___1,0.5431,Yes,0.0033,0.0014
Q8BXJ2-2_S784___1,0.4987,Yes,0.007,0.0033
Q8BXR9-2_S35___1,0.1773,No,0.2714,0.2967
Q8BXR9-2_S190___1,0.6166,Yes,0.0008,0.0003
Q8BY87-2_S914___1,0.0657,No,0.5031,0.6989
Q8BY87-2_S994___1,0.7576,Yes,0.0001,0.0001
Q8BY87-2_S891___1,0.7348,Yes,0.0001,0.0001
Q8BYH8-2_S653___1,0.3033,No,0.0931,0.0742
Q8BYJ6-2_S673___1,0.3498,No,0.0555,0.0394
Q8BYJ6-2_S348___1,-0.6225,Yes,0.0007,0.0002
Q8BYK6-3_S396___1,-0.008895,No,0.6185,0.9582
Q8BZX4-2_S602___1,0.07823,No,0.4768,0.6451
Q8C050-2_S788___1,-1.406,Yes,0.0001,0.0001
Q8C050-2_S797___1,-0.586,Yes,0.0015,0.0006
Q8C078-2_S91___1,-0.04557,No,0.5439,0.7885
Q8C078-2_S99___1,-0.08358,No,0.4653,0.6227
Q8C078-2_S495___1,0.01251,No,0.6117,0.9413
Q8C079-3_S335___1,0.07125,No,0.492,0.6749
Q8C0C4-2_S375___1,-0.6012,Yes,0.0011,0.0004
Q8C0D9-2_S419___1,-0.422,Yes,0.0222,0.013
Q8C0E3-2_S393___1,0.01585,No,0.6049,0.9257
Q8C0M0-2_S564___1,-0.3587,No,0.0501,0.0347
Q8C0M0-2_S603___1,0.5779,Yes,0.0018,0.0007
Q8C0R0-2_S212___1,0.8242,Yes,0.0001,0.0001
Q8C0R0-2_S628___1,0.4072,Yes,0.0273,0.0165
Q8C170-2_S1807___1,-0.9887,Yes,0.0001,0.0001
Q8C170-2_S1243___1,-0.9038,Yes,0.0001,0.0001
Q8C170-2_S1259___1,-0.4275,Yes,0.0205,0.0118
Q8C170-2_S1300___1,-0.8628,Yes,0.0001,0.0001
Q8C170-2_S1583___1,-0.5942,Yes,0.0013,0.0005
Q8C1B7-3_S412___1,-0.3625,Yes,0.0479,0.0328
Q8C2B3-5_S560___1,-0.2927,No,0.1039,0.0849
Q8C2B3-5_S182___1,-0.1925,No,0.2445,0.2572
Q8C2B3-5_S156___1,-0.1003,No,0.4279,0.5547
Q8C2B3-5_S376___1,0.2523,No,0.1512,0.1374
Q8C2B3-5_S435___1,0.8595,Yes,0.0001,0.0001
Q8C3S2-2_S561___1,0.3966,Yes,0.0313,0.0196
Q8C4V1-3_S275___1,0.1985,No,0.234,0.2425
Q8C4V1-3_S281___1,-0.2557,No,0.1468,0.1322
Q8C4V1-3_S321___1,0.06732,No,0.4994,0.6918
Q8C4V1-3_S382___1,0.1798,No,0.267,0.2898
Q8C5L3-3_S80___1,0.4466,Yes,0.0155,0.0086
Q8C5N3-2_S770___1,-0.07978,No,0.4733,0.6386
Q8C5N3-2_S50___1,0.06997,No,0.4942,0.6804
Q8C5N3-2_S823___1,-0.507,Yes,0.0061,0.0028
Q8C5N3-2_S60___1,-0.05753,No,0.5199,0.7348
Q8C5W0-3_S679___1,0.5065,Yes,0.0062,0.0029
Q8C5W0-3_S925___1,0.03466,No,0.5655,0.8383
Q8C5W0-3_S724___1,1.092,Yes,0.0001,0.0001
Q8C650-2_S414___1,-0.2816,No,0.1154,0.0973
Q8C6B2-2_S207___1,-0.1699,No,0.2847,0.3171
Q8C6B2-2_S93___1,-0.1416,No,0.3406,0.4043
Q8C6B2-2_S531___1,-0.364,Yes,0.0471,0.0321
Q8C6B2-2_S507___1,-0.04173,No,0.5513,0.8059
Q8C827-2_S874___1,-1.869,Yes,0.0001,0.0001
Q8C8R3-5_S844___1,-0.5674,Yes,0.0021,0.0008
Q8C8R3-5_S847___1,-0.3216,No,0.0767,0.0583
Q8C8R3-5_S10___1,-0.2238,No,0.1924,0.1875
Q8C9X6-2_S488___1,0.2104,No,0.2136,0.2154
Q8C9X6-2_S69___1,-0.2538,No,0.1493,0.1352
Q8CAE9-3_S530___1,0.5661,Yes,0.0022,0.0009
Q8CAQ8-2_S446___1,0.3413,No,0.0613,0.0445
Q8CAQ8-2_S34___1,-0.06401,No,0.5068,0.7063
Q8CBW3-2_S217___1,-0.9599,Yes,0.0001,0.0001
Q8CBW3-2_S220___1,-0.3808,Yes,0.0383,0.025
Q8CBW3-2_S226___1,-0.7066,Yes,0.0001,0.0001
Q8CBW3-2_S178___1,-0.2757,No,0.1222,0.1046
Q8CBW3-2_S182___1,0.463,Yes,0.0122,0.0064
Q8CBY1-2_S319___1,-0.1205,No,0.3838,0.478
Q8CBY1-2_S472___1,0.03707,No,0.5601,0.8273
Q8CBY1-2_S67___1,-0.3491,No,0.056,0.0399
Q8CBY1-2_S543___1,0.008974,No,0.6185,0.9579
Q8CBY1-2_S82___1,0.02065,No,0.5954,0.9032
Q8CC35-2_S594___1,-0.1729,No,0.2792,0.3087
Q8CC35-2_S599___1,0.2407,No,0.1671,0.1564
Q8CC35-2_S615___1,0.02286,No,0.5904,0.8929
Q8CC35-2_S433___1,-0.3546,No,0.0526,0.0368
Q8CC35-2_S450___1,0.5061,Yes,0.0062,0.0029
Q8CC35-2_S273___1,-0.4937,Yes,0.0076,0.0037
Q8CC35-2_S501___1,-0.3398,No,0.0625,0.0454
Q8CC35-2_S45___1,0.2536,No,0.1493,0.1354
Q8CC35-2_S284___1,-0.576,Yes,0.0018,0.0007
Q8CC35-2_S19___1,0.3083,No,0.0882,0.0695
Q8CC35-2_S296___1,-0.04685,No,0.5413,0.7827
Q8CC35-2_S566___1,0.2049,No,0.2234,0.2277
Q8CC35-2_S670___1,-0.4523,Yes,0.0143,0.0077
Q8CC35-2_S643___1,0.2597,No,0.1417,0.1263
Q8CC35-2_S654___1,0.9329,Yes,0.0001,0.0001
Q8CC35-2_S240___1,-0.0361,No,0.5622,0.8317
Q8CC35-2_S249___1,-0.3355,No,0.0656,0.0483
Q8CC35-2_S526___1,-0.04347,No,0.5478,0.798
Q8CC35-2_S328___1,-0.5246,Yes,0.0046,0.002
Q8CC35-2_S835___1,0.03622,No,0.562,0.8311
Q8CC35-2_S789___1,0.08985,No,0.451,0.5968
Q8CC35-2_S755___1,0.1907,No,0.2477,0.2616
Q8CC35-2_S838___1,0.2434,No,0.1636,0.1518
Q8CDB0-2_S222___1,1.94,Yes,0.0001,0.0001
Q8CEC0-3_S431___1,-0.3354,No,0.0656,0.0483
Q8CEC0-3_S699___1,0.1466,No,0.3305,0.388
Q8CEC0-3_S47___1,-0.01477,No,0.6068,0.9307
Q8CFT2-2_S1637___1,-0.3649,Yes,0.0466,0.0317
Q8CFT2-2_S1313___1,-0.2772,No,0.1204,0.1027
Q8CGB3-3_S1344___1,0.8955,Yes,0.0001,0.0001
Q8CGB3-3_S1253___1,0.4215,Yes,0.0223,0.0131
Q8CGB3-3_S289___1,-0.3096,No,0.0871,0.0684
Q8CGB6-2_S809___1,-0.02532,No,0.5861,0.8815
Q8CGB6-2_S812___1,0.2759,No,0.122,0.1043
Q8CGB6-2_S458___1,-0.2016,No,0.2288,0.2352
Q8CGB6-2_S797___1,-0.04068,No,0.5533,0.8107
Q8CGB6-2_S802___1,-0.2248,No,0.191,0.1857
Q8CGB6-2_S1064___1,-0.2864,No,0.1101,0.0918
Q8CGB6-2_S908___1,-0.2795,No,0.1177,0.0998
Q8CGB6-2_S910___1,-0.3521,No,0.0541,0.0382
Q8CGB6-2_S97___1,0.06776,No,0.4985,0.6899
Q8CGB6-2_S625___1,-0.1877,No,0.2529,0.2692
Q8CGB6-2_S432___1,-0.2423,No,0.165,0.1537
Q8CGF7-2_S619___1,-0.1527,No,0.3183,0.3687
Q8CGN4-4_S488___1,0.06983,No,0.4945,0.681
Q8CGN4-4_S423___1,0.1044,No,0.419,0.5388
Q8CGN4-4_S1391___1,0.1634,No,0.2975,0.3362
Q8CGN4-4_S1113___1,0.114,No,0.3983,0.502
Q8CH25-2_S981___1,-0.03985,No,0.5549,0.8145
Q8CH25-2_S764___1,-0.011,No,0.6145,0.9484
Q8CH25-2_S271___1,-0.07816,No,0.4769,0.6454
Q8CH25-2_S902___1,-0.2163,No,0.2042,0.2029
Q8CH25-2_S999___1,-0.1105,No,0.4052,0.5152
Q8CH25-2_S921___1,-0.3638,Yes,0.0472,0.0322
Q8CH25-2_S534___1,0.08007,No,0.4729,0.6374
Q8CH25-2_S993___1,-0.03903,No,0.5563,0.8183
Q8CHD8-3_S984___1,1.06,Yes,0.0001,0.0001
Q8CHE4-2_S1035___1,0.9385,Yes,0.0001,0.0001
Q8CHI8-3_S164___1,0.8188,Yes,0.0001,0.0001
Q8CHI8-3_S662___1,-0.1132,No,0.4001,0.5051
Q8CHK4-3_S223___1,-0.08544,No,0.4608,0.6149
Q8CHK4-3_S235___1,-0.7159,Yes,0.0001,0.0001
Q8CHK4-3_S123___1,1.282,Yes,0.0001,0.0001
Q8CHK4-2_S90___1,1.264,Yes,0.0001,0.0001
Q8CI08-2_S378___1,0.27,No,0.1289,0.112
Q8CI08-2_S316___1,0.2818,No,0.1151,0.0971
Q8CI08-2_S392___1,-0.009387,No,0.6178,0.9559
Q8CI08-2_S350___1,0.1974,No,0.2358,0.2452
Q8CI08-2_S434___1,0.3895,Yes,0.0343,0.0219
Q8CI08-2_S63___1,1.376,Yes,0.0001,0.0001
Q8CI15-3_S224___1,-1.371,Yes,0.0001,0.0001
Q8CIP4-2_S594___1,0.2292,No,0.1844,0.1773
Q8CIP4-2_S423___1,0.2968,No,0.0994,0.0805
Q8CJ12-5_S975___1,0.2595,No,0.142,0.1266
Q8CJ53-2_S378___1,-1.568,Yes,0.0001,0.0001
Q8CJ53-2_S296___1,0.0202,No,0.5965,0.9053
Q8CJ53-2_S482___1,-0.1931,No,0.2433,0.2557
Q8K012-2_S466___1,-0.1692,No,0.286,0.319
Q8K012-2_S429___1,0.2015,No,0.229,0.2356
Q8K012-2_S442___1,0.1343,No,0.3558,0.4291
Q8K012-2_S295___1,-0.07219,No,0.4897,0.6708
Q8K0B2-3_S458___1,0.5514,Yes,0.0029,0.0012
Q8K0L9-2_S359___1,0.2131,No,0.2094,0.2096
Q8K0L9-2_S152___1,0.8894,Yes,0.0001,0.0001
Q8K120-2_S289___1,-0.5049,Yes,0.0063,0.003
Q8K1M6-3_S579___1,0.3048,No,0.0916,0.0728
Q8K1N2-2_S983___1,-0.267,No,0.1325,0.116
Q8K1N2-2_S359___1,0.3284,No,0.0709,0.0532
Q8K1N2-2_S510___1,-0.3549,No,0.0525,0.0367
Q8K1N2-2_S297___1,-0.01846,No,0.5997,0.9135
Q8K1N2-2_S945___1,-0.475,Yes,0.0102,0.0052
Q8K1N2-2_S486___1,-0.3168,No,0.0807,0.0622
Q8K1N2-2_S536___1,-0.2195,No,0.1989,0.1962
Q8K1N2-2_S1014___1,0.02774,No,0.5812,0.8703
Q8K1N2-2_S234___1,0.1343,No,0.3558,0.4292
Q8K1N2-2_S411___1,-0.3683,Yes,0.0446,0.0301
Q8K1N2-2_S241___1,-0.4848,Yes,0.0087,0.0043
Q8K1N2-2_S244___1,-0.0618,No,0.5112,0.716
Q8K1N2-2_S46___1,-0.01804,No,0.6006,0.9154
Q8K1N2-2_S151___1,-0.2057,No,0.2221,0.2259
Q8K1N2-2_S223___1,0.05451,No,0.5256,0.7483
Q8K1N2-2_S347___1,-0.002959,No,0.6298,0.9861
Q8K1N2-2_S380___1,-0.1376,No,0.349,0.4177
Q8K1N2-2_S383___1,-0.04593,No,0.5432,0.7868
Q8K1N2-2_S389___1,-0.9404,Yes,0.0001,0.0001
Q8K1N2-2_S17___1,0.1943,No,0.2411,0.2527
Q8K1N2-2_S465___1,-0.3395,No,0.0627,0.0456
Q8K1N2-2_S73___1,-1.082,Yes,0.0001,0.0001
Q8K1N2-2_S203___1,-0.3315,No,0.0686,0.051
Q8K1N2-2_S39___1,0.6055,Yes,0.001,0.0004
Q8K1N2-2_S1029___1,-0.2697,No,0.1292,0.1124
Q8K1N2-2_S333___1,-0.5293,Yes,0.0042,0.0018
Q8K1S3-2_S858___1,0.03556,No,0.5632,0.8342
Q8K1S3-2_S911___1,-0.0429,No,0.5489,0.8006
Q8K1S3-2_S517___1,-0.519,Yes,0.005,0.0022
Q8K1S3-2_S481___1,0.2156,No,0.2052,0.2043
Q8K1S6-2_S606___1,-0.5161,Yes,0.0052,0.0024
Q8K2K6-3_S181___1,-0.748,Yes,0.0001,0.0001
Q8K2Y9-2_S390___1,-0.6333,Yes,0.0006,0.0002
Q8K2Y9-2_S402___1,0.2823,No,0.1146,0.0966
Q8K2Y9-2_S378___1,-0.4259,Yes,0.021,0.0122
Q8K2Y9-2_S437___1,0.0883,No,0.4545,0.6031
Q8K2Y9-2_S407___1,-0.196,No,0.2383,0.2484
Q8K2Y9-2_S410___1,-0.02025,No,0.5964,0.9051
Q8K2Y9-2_S158___1,0.01363,No,0.6092,0.936
Q8K341-5_S292___1,0.0378,No,0.5584,0.8239
Q8K341-5_S253___1,0.6435,Yes,0.0005,0.0002
Q8K3E5-2_S181___1,0.3521,No,0.0541,0.0382
Q8K3E5-2_S974___1,0.2542,No,0.1487,0.1345
Q8K4G5-2_S629___1,0.2435,No,0.1635,0.1517
Q8K4G5-2_S592___1,-0.3513,No,0.0546,0.0386
Q8K4G5-2_S600___1,0.5044,Yes,0.0064,0.003
Q8K4G5-2_S346___1,-0.3878,Yes,0.0351,0.0224
Q8K4G5-2_S350___1,-0.1833,No,0.2606,0.2804
Q8K4G5-2_S355___1,-0.06866,No,0.4971,0.686
Q8K4G5-2_S359___1,-0.453,Yes,0.0142,0.0077
Q8K4G5-2_S511___1,-0.1816,No,0.2639,0.2851
Q8K4G5-2_S379___1,-0.2339,No,0.1771,0.1684
Q8K4G5-2_S382___1,-0.2568,No,0.1456,0.1306
Q8K4G5-2_S291___1,-0.2962,No,0.1,0.0812
Q8K4J0-3_S255___1,-0.2888,No,0.1077,0.0891
Q8K4L3-3_S260___1,-0.1498,No,0.3242,0.3777
Q8K4P8-2_S1185___1,0.09614,No,0.437,0.5714
Q8K4P8-2_S921___1,0.08074,No,0.4714,0.6345
Q8K4P8-2_S923___1,-0.03813,No,0.558,0.8224
Q8K4P8-2_S573___1,-0.2111,No,0.2124,0.2139
Q8K4P8-2_S1059___1,-0.2331,No,0.1784,0.17
Q8K4R9-3_S70___1,1.708,Yes,0.0001,0.0001
Q8K4R9-3_S328___1,1.725,Yes,0.0001,0.0001
Q8R0A2-2_S204___1,-0.5032,Yes,0.0065,0.0031
Q8R0A2-2_S161___1,-0.6641,Yes,0.0003,0.0001
Q8R0J4-2_S70___1,-0.256,No,0.1465,0.1318
Q8R0J4-2_S93___1,-0.3299,No,0.0698,0.0521
Q8R0M8-3_S277___1,0.5528,Yes,0.0028,0.0011
Q8R146-2_S187___1,0.1297,No,0.3652,0.445
Q8R149-2_S297___1,-0.2213,No,0.1964,0.1926
Q8R149-2_S148___1,0.1909,No,0.2472,0.261
Q8R149-2_S238___1,-0.3408,No,0.0616,0.0448
Q8R149-2_S122___1,-0.2318,No,0.1804,0.1724
Q8R1A4-2_S945___1,-0.3651,Yes,0.0465,0.0316
Q8R1A4-2_S2117___1,-0.5963,Yes,0.0012,0.0004
Q8R1A4-2_S2122___1,-0.1301,No,0.3645,0.4437
Q8R1A4-2_S1420___1,0.5161,Yes,0.0052,0.0024
Q8R1A4-2_S1422___1,-0.6303,Yes,0.0006,0.0002
Q8R1A4-2_S1428___1,-0.2202,No,0.1981,0.1949
Q8R1A4-2_S30___1,-0.1361,No,0.352,0.4229
Q8R1A4-2_S1382___1,-0.2658,No,0.1338,0.1176
Q8R1A4-2_S180___1,-0.149,No,0.3256,0.3803
Q8R1A4-2_S182___1,0.1511,No,0.3216,0.3737
Q8R1A4-2_S888___1,-0.3126,No,0.0843,0.0657
Q8R1A4-2_S896___1,-0.1949,No,0.2403,0.2512
Q8R1A4-2_S900___1,-0.3654,Yes,0.0463,0.0315
Q8R1A4-2_S910___1,0.3706,Yes,0.0435,0.0291
Q8R1A4-2_S929___1,-0.04537,No,0.5444,0.7894
Q8R1F6-2_S654___1,2.165,Yes,0.0001,0.0001
Q8R1S4-2_S276___1,0.1507,No,0.3224,0.3751
Q8R1S4-2_S561___1,0.1833,No,0.2606,0.2805
Q8R1S4-2_S573___1,0.1611,No,0.3019,0.3428
Q8R316-2_S380___1,-0.6008,Yes,0.0011,0.0004
Q8R316-2_S404___1,-0.2809,No,0.1162,0.0982
Q8R3Y5-2_S331___1,0.4462,Yes,0.0156,0.0086
Q8R3Y8-2_S434___1,-0.0185,No,0.5997,0.9133
Q8R3Y8-2_S352___1,-0.5372,Yes,0.0037,0.0016
Q8R3Y8-2_S365___1,-0.1393,No,0.3455,0.4121
Q8R3Y8-2_S402___1,0.01004,No,0.6165,0.9529
Q8R3Y8-2_S417___1,0.07698,No,0.4796,0.6504
Q8R3Y8-2_S47___1,-0.1312,No,0.3624,0.44
Q8R4D1-4_S279___1,0.765,Yes,0.0001,0.0001
Q8R550-2_S183___1,0.2245,No,0.1914,0.1862
Q8R550-2_S230___1,0.18,No,0.2666,0.2892
Q8R5F7-2_S240___1,-0.05109,No,0.532,0.7636
Q8R5F7-2_S253___1,-0.1191,No,0.3867,0.483
Q8VBW5-3_S242___1,0.3153,No,0.082,0.0634
Q8VBW5-3_S791___1,-0.0727,No,0.4889,0.6686
Q8VBW5-3_S159___1,0.08177,No,0.469,0.6302
Q8VBX6-2_S231___1,0.005333,No,0.6257,0.975
Q8VBX6-2_S235___1,0.1938,No,0.2419,0.2538
Q8VBX6-2_S908___1,0.2458,No,0.1602,0.1478
Q8VBX6-2_S1066___1,0.4204,Yes,0.0227,0.0133
Q8VCE9-2_S30___1,0.155,No,0.314,0.3615
Q8VCE9-2_S56___1,0.1671,No,0.2902,0.3253
Q8VDF2-2_S291___1,1.613,Yes,0.0001,0.0001
Q8VEK3-2_S58___1,0.1749,No,0.2755,0.3031
Q8VEK3-2_S183___1,-0.3743,Yes,0.0415,0.0276
Q8VHX6-2_S2201___1,-0.2252,No,0.1904,0.185
Q8VHX6-2_S2204___1,-0.01021,No,0.6162,0.9521
Q8VHX6-2_S2090___1,-0.543,Yes,0.0033,0.0014
Q8VHX6-2_S2592___1,0.4487,Yes,0.0151,0.0083
Q8VHX6-2_S2600___1,-0.1604,No,0.3036,0.345
Q8VHX6-2_S2150___1,-0.2447,No,0.1618,0.1497
Q8VHX6-2_S1528___1,-0.6017,Yes,0.0011,0.0004
Q8VI56-2_S1830___1,0.6924,Yes,0.0002,0.0001
Q8VIK5-4_S890___1,0.1885,No,0.2518,0.2672
Q91V87-2_S38___1,-0.08686,No,0.4576,0.6091
Q91VY5-2_S418___1,-0.212,No,0.2111,0.2121
Q91W18-2_S502___1,-0.1122,No,0.402,0.5088
Q91W18-2_S456___1,0.612,Yes,0.0009,0.0003
Q91W59-2_S5___1,-0.1744,No,0.2766,0.3046
Q91WK0-2_S77___1,-0.2199,No,0.1984,0.1955
Q91WK0-2_S96___1,-0.03649,No,0.5615,0.8299
Q91XS1-2_S544___1,1.06,Yes,0.0001,0.0001
Q91YE5-2_S1174___1,0.8995,Yes,0.0001,0.0001
Q91YE5-2_S1042___1,0.4498,Yes,0.0148,0.0081
Q91YE5-2_S1383___1,0.7327,Yes,0.0001,0.0001
Q91YE7-2_S59___1,0.06553,No,0.5035,0.6996
Q91YE7-2_S623___1,-0.1098,No,0.4069,0.5179
Q91ZM2-6_S219___1,-0.4758,Yes,0.01,0.0051
Q91ZM2-6_S560___1,-0.7822,Yes,0.0001,0.0001
Q91ZU6-3_S1381___1,0.5275,Yes,0.0043,0.0019
Q91ZU6-3_S2241___1,1.407,Yes,0.0001,0.0001
Q91ZU6-3_S237___1,0.108,No,0.4107,0.5249
Q91ZU6-3_S2121___1,0.2872,No,0.1093,0.0908
Q91ZU6-3_S3894___1,-0.167,No,0.2902,0.3254
Q91ZU6-3_S5407___1,-0.267,No,0.1325,0.116
Q91ZU6-3_S7340___1,0.03535,No,0.5637,0.8351
Q91ZU6-5_S1517___1,-0.1947,No,0.2405,0.2517
Q91ZU6-6_S157___1,0.3291,No,0.0704,0.0527
Q91ZU6-6_S106___1,0.2087,No,0.2168,0.2193
Q91ZU6-8_S183___1,-0.4482,Yes,0.0152,0.0083
Q91ZU6-8_S205___1,-0.5462,Yes,0.0031,0.0013
Q91ZU6-8_S30___1,-0.2265,No,0.1886,0.1824
Q91ZU6-8_S54___1,0.1014,No,0.4257,0.5506
Q91ZV0-3_S512___1,0.01548,No,0.6055,0.9274
Q91ZV0-3_S571___1,-0.6112,Yes,0.0009,0.0003
Q91ZV0-3_S652___1,0.4136,Yes,0.025,0.0149
Q91ZV0-3_S505___1,0.04643,No,0.5422,0.7846
Q91ZV0-3_S609___1,-0.02886,No,0.5787,0.8651
Q91ZV0-3_S559___1,0.9063,Yes,0.0001,0.0001
Q920B0-2_S862___1,1.237,Yes,0.0001,0.0001
Q920B0-2_S873___1,1.41,Yes,0.0001,0.0001
Q920B0-2_S725___1,0.7152,Yes,0.0001,0.0001
Q920B0-2_S575___1,0.2877,No,0.1088,0.0903
Q920B0-2_S641___1,1.064,Yes,0.0001,0.0001
Q920I9-2_S776___1,-0.01727,No,0.602,0.919
Q920Q8-4_S284___1,-0.04308,No,0.5487,0.7998
Q920Q8-4_S296___1,0.1055,No,0.4166,0.5344
Q921C3-2_S1810___1,0.1485,No,0.3265,0.3818
Q921C3-2_S1789___1,0.2167,No,0.2034,0.202
Q921C3-2_S1927___1,0.6002,Yes,0.0011,0.0004
Q921C3-2_S1830___1,0.993,Yes,0.0001,0.0001
Q921M4-2_S734___1,1.99,Yes,0.0001,0.0001
Q921M4-2_S757___1,2.397,Yes,0.0001,0.0001
Q921T2-2_S60___1,-0.6043,Yes,0.0011,0.0004
Q921T2-2_S94___1,0.2049,No,0.2234,0.2278
Q921T2-2_S140___1,0.8527,Yes,0.0001,0.0001
Q921T2-2_S50___1,-0.6518,Yes,0.0004,0.0001
Q921U8-2_S304___1,1.295,Yes,0.0001,0.0001
Q922D4-2_S571___1,0.03827,No,0.5578,0.8217
Q922H1-2_S22___1,0.2548,No,0.1478,0.1335
Q922H1-2_S24___1,0.4719,Yes,0.0107,0.0055
Q925J9-4_S1143___1,0.3151,No,0.0821,0.0635
Q925J9-4_S1420___1,0.1481,No,0.3274,0.3834
Q925J9-4_S1450___1,1.067,Yes,0.0001,0.0001
Q99JP6-2_S254___1,0.2422,No,0.1652,0.1539
Q99JP6-2_S159___1,0.6444,Yes,0.0005,0.0001
Q99JX3-2_S350___1,1.631,Yes,0.0001,0.0001
Q99JX3-2_S375___1,0.578,Yes,0.0017,0.0007
Q99JX3-2_S380___1,0.4512,Yes,0.0145,0.0079
Q99K01-2_S778___1,0.8557,Yes,0.0001,0.0001
Q99KG3-2_S659___1,-0.6944,Yes,0.0002,0.0001
Q99KG3-3_S89___1,-0.2776,No,0.12,0.1022
Q99KG3-2_S646___1,-0.1857,No,0.2564,0.2742
Q99KG3-2_S22___1,-0.04029,No,0.554,0.8125
Q99KG3-2_S60___1,0.129,No,0.3665,0.4475
Q99KG5-3_S368___1,0.2283,No,0.1856,0.1789
Q99KN1-2_S121___1,-1.201,Yes,0.0001,0.0001
Q99KW3-4_S1552___1,0.385,Yes,0.0363,0.0234
Q99KW3-4_S1558___1,-0.5249,Yes,0.0045,0.002
Q99KW3-4_S555___1,0.181,No,0.2651,0.2867
Q99KW3-4_S1965___1,-0.5659,Yes,0.0022,0.0009
Q99M28-2_S243___1,-0.3563,No,0.0516,0.036
Q99MR6-3_S67___1,-0.08677,No,0.4578,0.6094
Q99MR6-3_S74___1,-0.07472,No,0.4846,0.66
Q99MR6-3_S492___1,0.3787,Yes,0.0393,0.0258
Q99N50-11_S493___1,-0.1417,No,0.3406,0.4042
Q99N57-2_S662___1,0.2436,No,0.1634,0.1516
Q99P72-5_S165___1,0.35,No,0.0555,0.0394
Q99PP7-2_S1117___1,0.09668,No,0.4357,0.5692
Q99PP7-2_S877___1,0.3654,Yes,0.0463,0.0314
Q9CSB4-2_S1182___1,-0.8481,Yes,0.0001,0.0001
Q9CSB4-2_S338___1,-0.6881,Yes,0.0002,0.0001
Q9CSB4-2_S346___1,-0.459,Yes,0.013,0.0069
Q9CSB4-2_S990___1,-0.7083,Yes,0.0001,0.0001
Q9CSB4-2_S1160___1,-0.6626,Yes,0.0003,0.0001
Q9CSB4-2_S746___1,-0.8001,Yes,0.0001,0.0001
Q9CSB4-2_S635___1,-0.6836,Yes,0.0002,0.0001
Q9CSB4-2_S730___1,-0.6524,Yes,0.0004,0.0001
Q9CSP9-4_S657___1,0.5674,Yes,0.0021,0.0008
Q9CSP9-4_S609___1,0.07527,No,0.4832,0.6576
Q9CVI2-2_S82___1,-0.2626,No,0.1378,0.1221
Q9CWL2-2_S57___1,0.2393,No,0.1692,0.1589
Q9CWR0-2_S520___1,-0.3914,Yes,0.0335,0.0212
Q9CWR0-2_S531___1,0.09152,No,0.4476,0.59
Q9CZ44-3_S178___1,0.04244,No,0.55,0.8027
Q9CZ44-3_S116___1,-0.1834,No,0.2605,0.2803
Q9CZ44-3_S274___1,0.7084,Yes,0.0001,0.0001
Q9CZ44-3_S142___1,0.5739,Yes,0.0019,0.0007
Q9CZ44-3_S74___1,0.1443,No,0.3351,0.3956
Q9CZ52-2_S360___1,0.5339,Yes,0.0039,0.0017
Q9CZ62-2_S733___1,-0.3086,No,0.0879,0.0692
Q9CZT4-2_S135___1,0.08982,No,0.451,0.5969
Q9CZT4-2_S136___1,-0.2802,No,0.1169,0.099
Q9D032-2_S354___1,0.7553,Yes,0.0001,0.0001
Q9D032-2_S360___1,0.7972,Yes,0.0001,0.0001
Q9D067-4_S510___1,-0.4216,Yes,0.0223,0.0131
Q9D067-4_S511___1,-0.4216,Yes,0.0223,0.0131
Q9D067-4_S494___1,0.1192,No,0.3866,0.4827
Q9D2N4-2_S398___1,-0.05353,No,0.5271,0.7526
Q9D394-2_S27___1,0.06902,No,0.4963,0.6845
Q9D4H4-2_S167___1,-0.37,Yes,0.0438,0.0294
Q9D4H4-2_S712___1,-0.8298,Yes,0.0001,0.0001
Q9D4H4-2_S832___1,-1.107,Yes,0.0001,0.0001
Q9D4H4-2_S649___1,-0.04832,No,0.5379,0.776
Q9D4H4-2_S718___1,-0.05767,No,0.5197,0.7342
Q9D4H4-2_S730___1,-0.86,Yes,0.0001,0.0001
Q9D4H9-2_S273___1,0.3539,No,0.053,0.0372
Q9D4H9-2_S523___1,0.1214,No,0.3819,0.4748
Q9D4H9-2_S828___1,-0.1483,No,0.327,0.3827
Q9D4V4-3_S39___1,-0.181,No,0.2651,0.2866
Q9D5R3-2_S307___1,-0.487,Yes,0.0084,0.0041
Q9D5R3-2_S124___1,-0.3909,Yes,0.0337,0.0214
Q9D684-2_S26___1,0.1053,No,0.417,0.5351
Q9D684-2_S313___1,0.1487,No,0.3262,0.3813
Q9D684-2_S442___1,-0.1399,No,0.3442,0.4101
Q9D7S7-2_S117___1,1.067,Yes,0.0001,0.0001
Q9D8M7-2_S21___1,1.145,Yes,0.0001,0.0001
Q9D8M7-2_S324___1,1.729,Yes,0.0001,0.0001
Q9D8M7-2_S267___1,-0.1236,No,0.377,0.4669
Q9D8Y8-3_S32___1,-0.1896,No,0.2498,0.2644
Q9DBR1-2_S678___1,-0.02862,No,0.5792,0.8662
Q9DBR1-2_S499___1,-0.04443,No,0.5459,0.7936
Q9DBR1-2_S501___1,0.1582,No,0.3075,0.3516
Q9DBR1-2_S448___1,0.463,Yes,0.0122,0.0064
Q9DBR1-2_S471___1,-0.1462,No,0.3312,0.3893
Q9DBR1-2_S487___1,-0.09068,No,0.4494,0.5934
Q9DBY0-2_S58___1,-1.351,Yes,0.0001,0.0001
Q9DBY0-2_S92___1,0.7646,Yes,0.0001,0.0001
Q9DC04-1_S314___1,0.3777,Yes,0.0398,0.0262
Q9DC28-2_S382___1,0.09456,No,0.4406,0.5777
Q9DC28-2_S331___1,0.7041,Yes,0.0001,0.0001
Q9DC28-2_S401___1,0.6526,Yes,0.0004,0.0001
Q9DCF9-2_S11___1,0.6202,Yes,0.0008,0.0003
Q9DCN2-2_S31___1,0.5307,Yes,0.0041,0.0018
Q9EP53-2_S426___1,-0.6326,Yes,0.0006,0.0002
Q9EP53-2_S501___1,-0.2252,No,0.1903,0.1848
Q9EP53-2_S561___1,0.8488,Yes,0.0001,0.0001
Q9EPJ9-2_S362___1,0.3911,Yes,0.0337,0.0213
Q9EPJ9-2_S337___1,0.5694,Yes,0.0021,0.0008
Q9EPJ9-2_S325___1,0.657,Yes,0.0004,0.0001
Q9EPN1-3_S1257___1,-0.1912,No,0.2467,0.2603
Q9EPN1-3_S1004___1,0.3154,No,0.082,0.0633
Q9EPN1-3_S1311___1,0.2562,No,0.1462,0.1314
Q9EPN1-3_S2096___1,-0.1049,No,0.4179,0.5367
Q9EPQ8-2_S588___1,-0.1505,No,0.3227,0.3756
Q9EPQ8-2_S994___1,0.2131,No,0.2093,0.2095
Q9EPQ8-2_S1047___1,0.3448,No,0.0588,0.0424
Q9EPQ8-2_S603___1,-0.1241,No,0.3762,0.4651
Q9EPQ8-2_S1363___1,1.885,Yes,0.0001,0.0001
Q9EPQ8-2_S567___1,-0.8403,Yes,0.0001,0.0001
Q9EPQ8-2_S669___1,0.1572,No,0.3095,0.3546
Q9EPQ8-2_S730___1,0.2964,No,0.0999,0.081
Q9EPU0-2_S1111___1,-0.01595,No,0.6049,0.9252
Q9EPU0-2_S1091___1,0.3476,No,0.0569,0.0407
Q9EQQ9-3_S402___1,-0.1937,No,0.2421,0.2542
Q9EQZ7-3_S177___1,0.2554,No,0.147,0.1326
Q9ERD6-2_S315___1,0.4441,Yes,0.0161,0.0089
Q9ERD6-2_S301___1,0.1985,No,0.234,0.2426
Q9ERD6-2_S394___1,0.1948,No,0.2403,0.2514
Q9ERD6-2_S261___1,0.276,No,0.1218,0.1041
Q9ERD6-2_S273___1,-0.06915,No,0.496,0.6839
Q9ERR1-2_S231___1,0.8528,Yes,0.0001,0.0001
Q9ES28-8_S71___1,0.5518,Yes,0.0028,0.0012
Q9ES28-8_S516___1,0.1077,No,0.4113,0.5259
Q9ES28-8_S340___1,-0.08468,No,0.4627,0.6181
Q9ES97-3_S31___1,0.5443,Yes,0.0032,0.0014
Q9ESD7-3_S194___1,-0.4072,Yes,0.0273,0.0165
Q9ESN9-2_S554___1,0.228,No,0.186,0.1795
Q9ESN9-2_S334___1,0.3666,Yes,0.0456,0.0309
Q9ESZ8-5_S772___1,0.6505,Yes,0.0004,0.0001
Q9ESZ8-5_S615___1,0.4896,Yes,0.0081,0.0039
Q9ESZ8-5_S103___1,0.3688,Yes,0.0444,0.0299
Q9ET54-4_S355___1,-0.05657,No,0.5217,0.7391
Q9ET54-4_S740___1,-0.3995,Yes,0.0301,0.0187
Q9ET54-4_S512___1,0.1619,No,0.3003,0.3405
Q9ET54-4_S598___1,-0.3332,No,0.0672,0.0498
Q9ET54-4_S603___1,-0.1381,No,0.348,0.4162
Q9ET54-4_S737___1,-0.1229,No,0.3785,0.4694
Q9ET54-4_S798___1,-0.8937,Yes,0.0001,0.0001
Q9ET54-4_S971___1,-0.02476,No,0.5872,0.8841
Q9JHC9-3_S113___1,-0.3932,Yes,0.0327,0.0206
Q9JHC9-3_S119___1,-0.1043,No,0.4192,0.5392
Q9JIM1-2_S264___1,0.1538,No,0.3161,0.3651
Q9JIX8-4_S428___1,0.1764,No,0.2727,0.2989
Q9JIX8-4_S670___1,-1.112,Yes,0.0001,0.0001
Q9JIX8-4_S798___1,0.1437,No,0.3365,0.3977
Q9JIX8-4_S858___1,-0.005927,No,0.6246,0.9722
Q9JIX8-4_S785___1,-0.1066,No,0.414,0.5303
Q9JIX8-4_S617___1,0.3698,Yes,0.0439,0.0295
Q9JIX8-4_S689___1,0.1149,No,0.3961,0.4987
Q9JIX8-4_S521___1,-0.3872,Yes,0.0353,0.0226
Q9JIX8-4_S946___1,-0.08109,No,0.4706,0.6331
Q9JIX8-4_S949___1,0.3666,Yes,0.0456,0.0309
Q9JIX8-4_S963___1,-0.1451,No,0.3333,0.3928
Q9JIX8-4_S439___1,-0.1654,No,0.2933,0.3302
Q9JIX8-4_S451___1,0.4867,Yes,0.0085,0.0042
Q9JIX8-4_S555___1,0.2752,No,0.1228,0.1052
Q9JIX8-4_S349___1,0.3417,No,0.061,0.0443
Q9JIX8-4_S176___1,-0.06568,No,0.5032,0.699
Q9JIX8-4_S549___1,0.4799,Yes,0.0094,0.0047
Q9JJG0-3_S438___1,-0.06105,No,0.5129,0.7193
Q9JJG0-3_S645___1,-0.1462,No,0.3312,0.3892
Q9JK83-2_S10___1,-0.432,Yes,0.0193,0.011
Q9JK83-2_S11___1,-0.5644,Yes,0.0022,0.0009
Q9JKK1-2_S129___1,0.1627,No,0.2988,0.3382
Q9JKS4-3_S179___1,-0.839,Yes,0.0001,0.0001
Q9JLB0-2_S106___1,-0.8315,Yes,0.0001,0.0001
Q9JLM8-2_S337___1,0.7554,Yes,0.0001,0.0001
Q9JM52-3_S783___1,0.2419,No,0.1655,0.1544
Q9JM52-3_S787___1,0.8435,Yes,0.0001,0.0001
Q9JM52-3_S766___1,0.2969,No,0.0994,0.0805
Q9JM52-3_S603___1,0.3811,Yes,0.0382,0.0249
Q9JM52-2_S677___1,-0.03312,No,0.5687,0.8454
Q9JM52-3_S677___1,-0.03312,No,0.5687,0.8454
Q9JMG3-2_S71___1,0.6282,Yes,0.0007,0.0002
Q9QUI1-2_S46___1,0.4433,Yes,0.0163,0.0091
Q9QUJ7-2_S16___1,0.4171,Yes,0.0238,0.0141
Q9QWH1-2_S166___1,-0.3717,Yes,0.0429,0.0286
Q9QWY8-4_S1044___1,0.2577,No,0.1443,0.1292
Q9QWY8-4_S1131___1,-0.4667,Yes,0.0115,0.006
Q9QWY8-4_S717___1,0.05871,No,0.5179,0.7296
Q9QWY8-4_S843___1,0.3516,No,0.0544,0.0384
Q9QWY8-4_S1030___1,0.1285,No,0.3673,0.4493
Q9QXN0-3_S161___1,-0.2077,No,0.2184,0.2213
Q9QXN0-3_S987___1,-0.527,Yes,0.0044,0.0019
Q9QXN0-3_S285___1,-0.7345,Yes,0.0001,0.0001
Q9QXN0-3_S1611___1,0.5306,Yes,0.0041,0.0018
Q9QXN0-3_S1478___1,-0.7101,Yes,0.0001,0.0001
Q9QXN0-3_S1454___1,-0.7767,Yes,0.0001,0.0001
Q9QXN0-3_S1458___1,-0.2883,No,0.1082,0.0896
Q9QXN0-3_S675___1,-0.4464,Yes,0.0156,0.0086
Q9QXN0-3_S1409___1,0.1324,No,0.3597,0.4356
Q9QXN0-3_S663___1,0.1819,No,0.2634,0.2843
Q9QXN0-3_S1219___1,0.4927,Yes,0.0077,0.0037
Q9QXN0-3_S132___1,-0.1399,No,0.3442,0.41
Q9QXN0-3_S439___1,-0.4318,Yes,0.0193,0.011
Q9QXS1-2_S4384___1,-0.1074,No,0.412,0.5273
Q9QXS1-2_S4388___1,-0.6237,Yes,0.0007,0.0002
Q9QXS1-2_S4391___1,0.1002,No,0.4283,0.5554
Q9QXS1-2_S1438___1,1.32,Yes,0.0001,0.0001
Q9QXS1-2_S723___1,-0.4076,Yes,0.0271,0.0164
Q9QXS1-2_S3902___1,-0.08187,No,0.4688,0.6298
Q9QXS1-2_S3977___1,-0.004437,No,0.6273,0.9792
Q9QXS1-2_S4615___1,-0.1327,No,0.359,0.4347
Q9QXS1-2_S4620___1,0.005633,No,0.6252,0.9735
Q9QXS1-2_S4624___1,0.08087,No,0.4711,0.634
Q9QXS1-2_S4628___1,-0.06768,No,0.4987,0.6903
Q9QXS1-2_S1100___1,-0.09338,No,0.4435,0.5825
Q9QXS1-2_S2581___1,-0.2638,No,0.1364,0.1204
Q9QXS1-2_S2364___1,-0.4614,Yes,0.0125,0.0066
Q9QXS1-2_S1724___1,-0.6376,Yes,0.0005,0.0002
Q9QXS1-2_S4644___1,-0.1264,No,0.3715,0.4569
Q9QXS1-2_S114___1,0.37,Yes,0.0437,0.0294
Q9QXS1-2_S1557___1,0.1936,No,0.2422,0.2543
Q9QXS1-2_S1050___1,-0.5426,Yes,0.0033,0.0014
Q9QXS1-2_S4408___1,0.3563,No,0.0515,0.0359
Q9QXS1-6_S44___1,-0.05834,No,0.5187,0.7312
Q9QXS6-3_S612___1,0.7655,Yes,0.0001,0.0001
Q9QXS6-3_S274___1,0.1706,No,0.2833,0.3152
Q9QXS6-3_S141___1,0.03494,No,0.5649,0.837
Q9QXS6-3_S142___1,-0.05222,No,0.5297,0.7585
Q9QXS6-3_S339___1,-0.007048,No,0.6226,0.9669
Q9QXS6-3_S341___1,0.03949,No,0.5555,0.8162
Q9QY06-2_S1293___1,0.3231,No,0.0755,0.0572
Q9QY06-2_S1142___1,-0.4083,Yes,0.0269,0.0162
Q9QY06-2_S1400___1,0.7107,Yes,0.0001,0.0001
Q9QY06-2_S1331___1,0.4942,Yes,0.0075,0.0036
Q9QY06-2_S1978___1,0.256,No,0.1465,0.1318
Q9QY06-2_S1247___1,0.07161,No,0.4912,0.6733
Q9QY06-2_S1204___1,0.2589,No,0.1429,0.1275
Q9QY06-2_S1676___1,0.07194,No,0.4904,0.6719
Q9QY06-2_S2127___1,-0.1116,No,0.403,0.511
Q9QY06-2_S1072___1,-0.4022,Yes,0.0291,0.0179
Q9QYB5-2_S661___1,0.1129,No,0.4007,0.5064
Q9QYB5-2_S402___1,-0.304,No,0.0923,0.0735
Q9QYB5-2_S31___1,0.1129,No,0.4007,0.5063
Q9QYB5-2_S42___1,-0.0352,No,0.5641,0.8358
Q9QYB5-2_S645___1,0.2246,No,0.1913,0.1861
Q9QYB5-2_S647___1,0.001355,No,0.6326,0.9936
Q9QYB5-2_S649___1,-0.03735,No,0.5594,0.826
Q9QYB5-2_S461___1,-0.2173,No,0.2024,0.2007
Q9QYG0-2_S330___1,1.017,Yes,0.0001,0.0001
Q9QYY8-2_S182___1,-0.03076,No,0.5742,0.8563
Q9QYY8-2_S15___1,-0.0116,No,0.6134,0.9455
Q9QZK2-2_S250___1,1.339,Yes,0.0001,0.0001
Q9QZQ1-2_S1157___1,0.2518,No,0.1519,0.1383
Q9QZQ1-2_S1158___1,0.2566,No,0.1458,0.1309
Q9QZQ1-2_S1167___1,0.02537,No,0.5861,0.8813
Q9QZQ1-2_S1495___1,-0.7102,Yes,0.0001,0.0001
Q9QZQ1-2_S1223___1,-0.2044,No,0.2241,0.2288
Q9QZQ1-2_S1196___1,-0.04629,No,0.5425,0.7852
Q9QZQ1-2_S542___1,-0.455,Yes,0.0138,0.0074
Q9QZQ1-2_S547___1,-0.3065,No,0.0899,0.0711
Q9QZQ1-2_S549___1,-0.6862,Yes,0.0002,0.0001
Q9QZQ1-2_S1780___1,-1.191,Yes,0.0001,0.0001
Q9QZQ1-2_S246___1,-0.3544,No,0.0527,0.0369
Q9QZQ1-2_S181___1,0.1233,No,0.3776,0.4679
Q9QZQ1-2_S1092___1,-0.5441,Yes,0.0033,0.0014
Q9QZQ1-2_S497___1,-0.1809,No,0.2652,0.2869
Q9QZQ1-2_S1125___1,-0.09918,No,0.4302,0.5593
Q9QZQ1-2_S1128___1,-0.2917,No,0.1047,0.0859
Q9QZQ1-2_S1755___1,-0.1889,No,0.251,0.266
Q9QZQ1-2_S1260___1,-0.2776,No,0.12,0.1022
Q9QZQ1-2_S216___1,-0.06953,No,0.4952,0.6823
Q9QZQ1-2_S1704___1,0.9242,Yes,0.0001,0.0001
Q9QZR5-4_S793___1,0.5923,Yes,0.0013,0.0005
Q9QZS3-4_S183___1,-0.1271,No,0.3702,0.4544
Q9QZS3-4_S380___1,-0.5896,Yes,0.0014,0.0005
Q9QZS3-4_S576___1,-0.864,Yes,0.0001,0.0001
Q9R049-2_S512___1,1.166,Yes,0.0001,0.0001
Q9R0U0-2_S106___1,0.0423,No,0.5502,0.8033
Q9R0U0-2_S107___1,-0.09738,No,0.4341,0.5664
Q9R0U0-2_S133___1,-0.09805,No,0.4325,0.5637
Q9R0Z9-2_S894___1,-1.072,Yes,0.0001,0.0001
Q9R0Z9-2_S123___1,-1.121,Yes,0.0001,0.0001
Q9R0Z9-2_S399___1,-1.111,Yes,0.0001,0.0001
Q9R0Z9-2_S163___1,-0.9708,Yes,0.0001,0.0001
Q9R1T4-2_S416___1,0.2341,No,0.1769,0.1681
Q9R1V6-15_S884___1,0.2872,No,0.1093,0.0908
Q9R1V6-15_S900___1,0.2425,No,0.1648,0.1534
Q9R1V6-15_S861___1,0.3346,No,0.0662,0.0488
Q9R1X4-3_S1026___1,0.4795,Yes,0.0095,0.0048
Q9R1X4-6_S1165___1,0.8755,Yes,0.0001,0.0001
Q9WTI7-3_S389___1,-0.6881,Yes,0.0002,0.0001
Q9WTI7-3_S517___1,0.03968,No,0.5551,0.8153
Q9WTI7-3_S845___1,-0.6079,Yes,0.001,0.0003
Q9WTL8-2_S42___1,0.3376,No,0.064,0.0468
Q9WTN3-4_S382___1,0.05029,No,0.5336,0.7672
Q9WTS6-2_S199___1,-0.5141,Yes,0.0054,0.0025
Q9WTS6-2_S27___1,-0.5039,Yes,0.0064,0.003
Q9WU56-2_S386___1,-0.189,No,0.2509,0.2658
Q9WU62-2_S245___1,1.685,Yes,0.0001,0.0001
Q9WU62-2_S284___1,3.155,Yes,0.0001,0.0001
Q9WUU8-2_S226___1,0.3867,Yes,0.0356,0.0228
Q9WV30-4_S617___1,0.4848,Yes,0.0087,0.0043
Q9WV30-4_S618___1,0.1844,No,0.2588,0.2776
Q9WV89-4_S99___1,-0.3705,Yes,0.0435,0.0292
Q9WV92-3_S486___1,-0.475,Yes,0.0102,0.0052
Q9WV92-3_S105___1,-1.184,Yes,0.0001,0.0001
Q9WV92-3_S587___1,-1.349,Yes,0.0001,0.0001
Q9WV92-3_S589___1,-0.1712,No,0.2823,0.3135
Q9WV92-3_S96___1,-0.3591,Yes,0.0499,0.0345
Q9WV92-3_S428___1,0.1858,No,0.2563,0.2741
Q9WV92-3_S456___1,-0.3897,Yes,0.0342,0.0218
Q9WV92-3_S792___1,0.1983,No,0.2342,0.243
Q9WV92-7_S451___1,0.4923,Yes,0.0077,0.0038
Q9WVG9-2_S312___1,0.1817,No,0.2636,0.2847
Q9Z0H0-2_S467___1,1.447,Yes,0.0001,0.0001
Q9Z0H4-2_S27___1,0.6433,Yes,0.0005,0.0002
Q9Z0H8-2_S295___1,0.3984,Yes,0.0305,0.019
Q9Z0H8-2_S208___1,0.9954,Yes,0.0001,0.0001
Q9Z0H8-2_S889___1,0.1666,No,0.2909,0.3266
Q9Z0P5-2_S347___1,-0.2891,No,0.1073,0.0887
Q9Z0R4-2_S203___1,0.4467,Yes,0.0155,0.0085
Q9Z0R4-2_S638___1,-0.09944,No,0.4296,0.5582
Q9Z0R4-2_S335___1,0.02441,No,0.5878,0.8857
Q9Z0R4-2_S623___1,-0.642,Yes,0.0005,0.0002
Q9Z0R4-2_S558___1,-0.2641,No,0.136,0.12
Q9Z0R4-2_S895___1,-0.23,No,0.183,0.1757
Q9Z0R4-2_S897___1,-0.1087,No,0.4093,0.5221
Q9Z0R4-2_S969___1,-0.6131,Yes,0.0009,0.0003
Q9Z0R4-2_S979___1,0.7054,Yes,0.0001,0.0001
Q9Z0R4-2_S982___1,-0.3304,No,0.0694,0.0517
Q9Z0R6-2_S211___1,-0.2625,No,0.1379,0.1222
Q9Z0R6-2_S491___1,0.3605,Yes,0.0491,0.0338
Q9Z0R6-2_S843___1,-0.5686,Yes,0.0021,0.0008
Q9Z110-2_S79___1,-0.362,Yes,0.0482,0.0331
Q9Z110-2_S425___1,-0.09553,No,0.4383,0.5738
Q9Z125-2_S244___1,0.684,Yes,0.0002,0.0001
Q9Z1J2-2_S581___1,0.03314,No,0.5687,0.8453
Q9Z1X2-2_S12___1,0.1083,No,0.4102,0.5238
Q9Z1X2-2_S16___1,1.044,Yes,0.0001,0.0001
Q9Z1X4-3_S395___1,1.279,Yes,0.0001,0.0001
Q9Z1X4-3_S397___1,1.14,Yes,0.0001,0.0001
Q9Z204-2_S293___1,0.5071,Yes,0.0061,0.0028
Q9Z204-2_S255___1,-0.03703,No,0.5602,0.8274
Q9Z204-2_S228___1,-0.1288,No,0.3668,0.4481
Q9Z204-2_S216___1,1.785,Yes,0.0001,0.0001
Q9Z204-2_S219___1,0.2464,No,0.1594,0.1469
Q9Z204-3_S221___1,-0.1231,No,0.3782,0.4687
Q9Z204-4_S220___1,-0.2031,No,0.2262,0.2317
Q9Z248-2_S24___1,0.623,Yes,0.0007,0.0002
Q9Z248-2_S199___1,0.9963,Yes,0.0001,0.0001
Q9Z280-2_S591___1,-0.1783,No,0.2697,0.2938
Q9Z2D6-2_S97___1,-0.4114,Yes,0.0258,0.0154
Q9Z2H5-2_S856___1,0.2657,No,0.134,0.1178
Q9Z2H5-2_S498___1,-0.0511,No,0.532,0.7635
Q9Z2H5-2_S528___1,-0.009224,No,0.6181,0.9567
Q9Z2H5-2_S532___1,-0.3579,No,0.0507,0.0351
Q9Z2H5-2_S770___1,-0.2216,No,0.1959,0.1921
Q9Z2Q2-2_S152___1,0.3337,No,0.0669,0.0495
Q9Z2U2-2_S1971___1,-0.2433,No,0.1638,0.152
Q9Z2U2-2_S1843___1,-0.3598,Yes,0.0495,0.0342
A2AN08-3_T2732___1,0.33,No,0.0698,0.0521
A2CG63-2_T706___1,-0.2445,No,0.1619,0.1499
E9PXF8-2_T1123___1,0.2151,No,0.206,0.2054
E9Q394-2_T1338___1,0.3002,No,0.0962,0.0772
E9Q5F9-2_T1307___1,0.5415,Yes,0.0034,0.0014
E9Q6J5-3_T2893___1,-0.5509,Yes,0.0029,0.0012
O35226-2_T250___1,0.05147,No,0.5313,0.7619
O70585-2_T468___1,-0.07103,No,0.4922,0.6758
P00520-4_T831___1,-1.008,Yes,0.0001,0.0001
P15379-2_T311___1,0.7146,Yes,0.0001,0.0001
P16951-2_T53___1,0.1796,No,0.2674,0.2904
P18572-2_T242___1,-0.4967,Yes,0.0072,0.0034
P25425-12_T293___1,0.03924,No,0.5559,0.8173
P27546-2_T658___1,0.2381,No,0.1709,0.161
P27546-2_T847___1,0.1694,No,0.2859,0.3187
P30999-2_T98___1,0.7963,Yes,0.0001,0.0001
P30999-2_T637___1,0.393,Yes,0.0328,0.0207
P30999-2_T201___1,1.006,Yes,0.0001,0.0001
P30999-2_T863___1,0.2118,No,0.2112,0.2123
P30999-2_T59___1,0.6852,Yes,0.0002,0.0001
P30999-2_T889___1,0.5023,Yes,0.0066,0.0031
P30999-2_T879___1,0.3211,No,0.077,0.0587
P35710-2_T96___1,0.6536,Yes,0.0004,0.0001
P35922-3_T462___1,-0.146,No,0.3316,0.39
P48678-2_T548___1,0.00424,No,0.6276,0.9801
P49817-2_T6___1,-0.4454,Yes,0.0158,0.0087
P53996-2_T165___1,0.4928,Yes,0.0077,0.0037
P61979-2_T39___1,0.146,No,0.3316,0.3901
P70257-1_T267___1,-0.2887,No,0.1078,0.0892
P97377-2_T14___1,1.447,Yes,0.0001,0.0001
P97379-2_T227___1,0.3417,No,0.061,0.0443
P97798-5_T1229___1,0.6054,Yes,0.001,0.0004
P97798-5_T1383___1,0.9793,Yes,0.0001,0.0001
P98203-2_T897___1,0.1784,No,0.2696,0.2936
P98203-2_T866___1,0.3372,No,0.0643,0.0471
P98203-2_T637___1,-0.02415,No,0.5879,0.8869
Q03173-4_T702___1,-0.2183,No,0.2008,0.1986
Q04690-2_T2521___1,-0.3755,Yes,0.0409,0.027
Q08122-2_T312___1,0.24,No,0.1682,0.1576
Q08122-2_T328___1,0.4301,Yes,0.0198,0.0113
Q0VBL3-2_T567___1,-0.4023,Yes,0.029,0.0179
Q14AX6-3_T688___1,-0.2067,No,0.2203,0.2237
Q14AX6-3_T889___1,0.02593,No,0.585,0.8786
Q1W617-2_T467___1,0.7388,Yes,0.0001,0.0001
Q3TLR7-2_T428___1,1.937,Yes,0.0001,0.0001
Q3UH06-2_T1405___1,-0.06004,No,0.5151,0.7237
Q3UMF0-4_T272___1,-0.241,No,0.1668,0.1559
Q3UMF0-3_T16___1,-0.888,Yes,0.0001,0.0001
Q3UMF0-4_T296___1,0.2677,No,0.1316,0.115
Q5SVQ0-4_T88___1,1.82,Yes,0.0001,0.0001
Q60575-2_T1406___1,-0.4225,Yes,0.022,0.0129
Q60575-3_T1129___1,0.1404,No,0.3433,0.4084
Q60974-2_T2370___1,0.1315,No,0.3616,0.4388
Q61188-2_T487___1,0.5965,Yes,0.0012,0.0004
Q61210-5_T432___1,-0.0313,No,0.573,0.8538
Q61584-3_T398___1,0.09307,No,0.444,0.5837
Q62417-2_T287___1,0.1882,No,0.2522,0.2679
Q62448-2_T469___1,0.1648,No,0.2945,0.332
Q64012-2_T288___1,0.6135,Yes,0.0009,0.0003
Q69ZA1-2_T495___1,0.4814,Yes,0.0092,0.0046
Q69ZA1-2_T1185___1,-0.06643,No,0.5014,0.6957
Q69ZA1-2_T871___1,0.4297,Yes,0.0199,0.0114
Q69ZA1-2_T1087___1,0.2399,No,0.1683,0.1578
Q6GYP7-6_T198___1,-0.1502,No,0.3233,0.3765
Q6NXI6-2_T698___1,-0.05547,No,0.5239,0.744
Q6P6L0-3_T746___1,0.03796,No,0.5583,0.8232
Q6P6L0-3_T754___1,0.3814,Yes,0.038,0.0247
Q6P9R4-1_T568___1,-0.5857,Yes,0.0015,0.0006
Q6PB44-2_T744___1,0.4243,Yes,0.0215,0.0125
Q6XUX1-3_T918___1,0.1143,No,0.3976,0.5009
Q6ZQ89-3_T875___1,1.435,Yes,0.0001,0.0001
Q80TI0-2_T547___1,0.361,Yes,0.0487,0.0335
Q80TR1-2_T996___1,0.4487,Yes,0.0151,0.0082
Q80TV8-2_T708___1,-0.2931,No,0.1033,0.0844
Q80U16-7_T514___1,-0.4137,Yes,0.025,0.0149
Q80U72-4_T674___1,-0.5506,Yes,0.0029,0.0012
Q80U78-2_T112___1,-0.375,Yes,0.0411,0.0272
Q80U78-2_T1150___1,1.23,Yes,0.0001,0.0001
Q80UG5-3_T136___1,-0.6616,Yes,0.0003,0.0001
Q80UG5-3_T42___1,-0.6613,Yes,0.0003,0.0001
Q8BJS4-3_T117___1,-1.114,Yes,0.0001,0.0001
Q8BJU0-2_T81___1,-0.1401,No,0.3439,0.4095
Q8BKX1-2_T341___1,1.163,Yes,0.0001,0.0001
Q8BKX1-2_T361___1,1.252,Yes,0.0001,0.0001
Q8BUJ9-2_T636___1,0.5382,Yes,0.0036,0.0015
Q8C050-2_T774___1,-0.7111,Yes,0.0001,0.0001
Q8C5L3-3_T8___1,0.635,Yes,0.0006,0.0002
Q8C9X6-2_T482___1,-0.3622,Yes,0.0481,0.033
Q8CBW3-2_T210___1,0.3778,Yes,0.0398,0.0261
Q8CBW3-2_T445___1,-0.1464,No,0.3308,0.3886
Q8CC35-2_T308___1,-0.3698,Yes,0.0439,0.0295
Q8CEC0-3_T526___1,0.05546,No,0.5239,0.744
Q8CGB6-2_T592___1,0.289,No,0.1075,0.0888
Q8CHI8-3_T849___1,-0.2587,No,0.1431,0.1278
Q8K0L9-2_T617___1,-0.0001143,No,0.6355,0.9995
Q8K0L9-2_T232___1,0.09752,No,0.4337,0.5659
Q8K1N2-2_T947___1,-0.1808,No,0.2653,0.2871
Q8K2Y9-2_T393___1,-0.01721,No,0.6022,0.9193
Q8K4L3-3_T323___1,-0.3896,Yes,0.0343,0.0218
Q8R4D1-4_T250___1,0.9779,Yes,0.0001,0.0001
Q8VHX6-2_T1005___1,1.676,Yes,0.0001,0.0001
Q923T9-3_T287___1,-0.06153,No,0.5118,0.7171
Q99KW3-4_T1569___1,0.8822,Yes,0.0001,0.0001
Q99KW3-4_T1604___1,0.3149,No,0.0823,0.0637
Q99MK9-2_T57___1,-1.386,Yes,0.0001,0.0001
Q99MK9-2_T132___1,-0.7432,Yes,0.0001,0.0001
Q99MR6-3_T543___1,-0.3594,Yes,0.0497,0.0344
Q9CQG2-2_T429___1,-1.413,Yes,0.0001,0.0001
Q9CSB4-2_T695___1,-0.7331,Yes,0.0001,0.0001
Q9CY57-5_T171___1,-0.1027,No,0.4227,0.5453
Q9CZV8-4_T403___1,-0.4672,Yes,0.0115,0.0059
Q9D4H9-2_T280___1,-0.8526,Yes,0.0001,0.0001
Q9DC28-2_T355___1,0.06196,No,0.511,0.7152
Q9EPQ8-2_T1792___1,0.7423,Yes,0.0001,0.0001
Q9EPQ8-2_T1699___1,-0.08963,No,0.4514,0.5977
Q9ESZ8-5_T499___1,1.189,Yes,0.0001,0.0001
Q9JHU3-2_T161___1,0.2337,No,0.1774,0.1689
Q9JIX8-4_T213___1,0.5087,Yes,0.006,0.0027
Q9QWY8-4_T1026___1,-0.3329,No,0.0674,0.05
Q9QXS1-2_T4032___1,0.3237,No,0.075,0.0567
Q9QXS1-2_T2888___1,0.09951,No,0.4295,0.558
Q9QXS6-3_T337___1,0.07303,No,0.4882,0.6672
Q9QXS6-3_T348___1,0.3253,No,0.0735,0.0555
Q9QY06-2_T1346___1,0.2371,No,0.1722,0.1627
Q9QYY8-2_T217___1,0.1226,No,0.3791,0.4703
Q9QZQ1-2_T1472___1,-0.04565,No,0.5437,0.7881
Q9QZQ1-2_T1217___1,-0.1781,No,0.27,0.2944
Q9QZQ1-2_T551___1,-0.3465,No,0.0577,0.0413
Q9QZQ1-2_T249___1,-0.01062,No,0.6151,0.9501
Q9QZQ1-2_T1319___1,0.1413,No,0.3415,0.4056
Q9QZQ8-2_T178___1,-0.4295,Yes,0.0199,0.0115
Q9R0U0-2_T92___1,-0.196,No,0.2383,0.2485
Q9R1T4-2_T418___1,0.8092,Yes,0.0001,0.0001
Q9WU56-2_T392___1,-0.3902,Yes,0.0341,0.0216
Q9WV92-3_T713___1,-0.2391,No,0.1696,0.1593
Q9WV92-3_T518___1,-0.08809,No,0.4549,0.604
Q9Z148-2_T517___1,0.2421,No,0.1653,0.1541
Q9Z2H5-2_T475___1,0.178,No,0.2701,0.2946
O54967-2_Y284___1,-0.6407,Yes,0.0005,0.0002
P18052-2_Y790___1,-0.4342,Yes,0.0187,0.0106
P35235-1_Y62___1,-0.5127,Yes,0.0056,0.0025
P42227-3_Y704___1,-0.3373,No,0.0642,0.0471
P58771-2_Y162___1,-0.4924,Yes,0.0077,0.0037
P97377-2_Y15___1,1.934,Yes,0.0001,0.0001
Q8CGB6-2_Y460___1,-1.028,Yes,0.0001,0.0001
Q8VHX6-2_Y2651___1,-0.3653,Yes,0.0464,0.0315
Q9QZR5-4_Y354___1,0.4067,Yes,0.0274,0.0166
Q9WVS8-5_Y221___1,-0.2484,No,0.1565,0.1437
A2A791-2_S1454___2,-0.01115,No,0.6142,0.9477
A2A7S8-2_S940___2,0.1092,No,0.4083,0.5204
A2A7S8-2_S943___2,0.1092,No,0.4083,0.5204
A2AAE1-6_S1805___2,-0.009202,No,0.6181,0.9568
A2AAE1-6_S1808___2,-0.009202,No,0.6181,0.9568
A2AB59-2_S259___2,-0.8891,Yes,0.0001,0.0001
A2AIW0-4_S187___2,0.06029,No,0.5145,0.7226
A2AN08-3_S208___2,-0.01286,No,0.6111,0.9396
A2AN08-3_S212___2,-0.01286,No,0.6111,0.9396
A2CG63-2_S579___2,-0.2956,No,0.1007,0.0818
A2CG63-2_S581___2,0.02347,No,0.5891,0.8901
A3KGS3-2_S373___2,0.0936,No,0.4429,0.5816
A3KGS3-2_S376___2,0.0936,No,0.4429,0.5816
E9PVX6-2_S1584___2,1.954,Yes,0.0001,0.0001
E9PVX6-2_S1595___2,1.954,Yes,0.0001,0.0001
E9PVX6-2_S498___2,1.894,Yes,0.0001,0.0001
E9PVX6-2_S503___2,1.894,Yes,0.0001,0.0001
E9Q394-2_S1873___2,-0.05874,No,0.5178,0.7295
E9Q394-2_S2668___2,0.4855,Yes,0.0086,0.0043
E9Q394-2_S2675___2,0.6269,Yes,0.0007,0.0002
E9Q5F9-2_S624___2,0.3749,Yes,0.0412,0.0273
E9Q5F9-2_S322___2,0.3089,No,0.0876,0.0689
E9Q5F9-2_S1812___2,1.153,Yes,0.0001,0.0001
E9Q5F9-2_S1818___2,1.153,Yes,0.0001,0.0001
E9Q6J5-3_S2797___2,-0.04979,No,0.5345,0.7694
E9Q6J5-3_S2800___2,-0.04979,No,0.5345,0.7694
E9Q6J5-3_S480___2,0.1235,No,0.3772,0.4672
E9QAT4-2_S2058___2,-0.2007,No,0.23,0.2372
E9QAT4-2_S1030___2,0.06745,No,0.4992,0.6913
E9QAT4-2_S1032___2,0.3564,No,0.0515,0.0359
E9QAT4-2_S1374___2,-0.05749,No,0.5199,0.735
E9QAT4-2_S1377___2,-0.05372,No,0.5267,0.7518
G5E8K5-3_S884___2,0.2568,No,0.1456,0.1306
G5E8P1-2_S1183___2,-0.2185,No,0.2005,0.1983
O08648-2_S449___2,0.1508,No,0.3221,0.3747
O08648-2_S454___2,0.1508,No,0.3221,0.3747
O08648-2_S59___2,0.1568,No,0.3103,0.3559
O08648-2_S77___2,0.05319,No,0.5277,0.7542
O35625-2_S228___2,0.06556,No,0.5035,0.6995
O35625-2_S485___2,-0.1408,No,0.3422,0.407
O35927-2_S531___2,-0.4041,Yes,0.0284,0.0174
O35927-2_S534___2,-0.4041,Yes,0.0284,0.0174
O54785-3_S102___2,0.1814,No,0.2643,0.2856
O54967-2_S607___2,0.2309,No,0.1816,0.1739
O54988-2_S347___2,0.3511,No,0.0547,0.0387
O54988-2_S348___2,0.3511,No,0.0547,0.0387
O54988-2_S189___2,0.06819,No,0.4976,0.6881
O70161-3_S555___2,-0.3694,Yes,0.044,0.0296
O88196-4_S1758___2,0.2396,No,0.1688,0.1584
P18052-2_S184___2,-0.2868,No,0.1097,0.0913
P18052-2_S176___2,-0.3003,No,0.096,0.077
P18826-2_S982___2,-0.3453,No,0.0585,0.0421
P19973-2_S178___2,0.4125,Yes,0.0254,0.0152
P19973-2_S182___2,0.4125,Yes,0.0254,0.0152
P30999-2_S225___2,1.341,Yes,0.0001,0.0001
P30999-2_S122___2,1.652,Yes,0.0001,0.0001
P30999-2_S855___2,0.1134,No,0.3995,0.5042
P38532-2_S307___2,-0.5324,Yes,0.004,0.0017
P38532-2_S314___2,0.2723,No,0.1262,0.1089
P38532-2_S326___2,0.2723,No,0.1262,0.1089
P41230-2_S893___2,-1.52,Yes,0.0001,0.0001
P48193-2_S86___2,-0.05179,No,0.5306,0.7604
P48193-2_S652___2,-0.1609,No,0.3024,0.3435
P53564-3_S1321___2,-0.5365,Yes,0.0037,0.0016
P53564-3_S1038___2,1.837,Yes,0.0001,0.0001
P56183-2_S387___2,0.7739,Yes,0.0001,0.0001
P56183-2_S388___2,0.9048,Yes,0.0001,0.0001
P61793-2_S340___2,0.05506,No,0.5246,0.7458
P70255-5_S284___2,-0.513,Yes,0.0055,0.0025
P70255-5_S294___2,0.2644,No,0.1356,0.1195
P70255-5_S337___2,0.03082,No,0.5741,0.856
P70257-1_S265___2,-0.2343,No,0.1766,0.1678
P70331-2_S136___2,-0.1319,No,0.3606,0.4373
P70331-2_S139___2,-0.1319,No,0.3606,0.4373
P83510-2_S735___2,0.3046,No,0.0918,0.0729
P83741-2_S183___2,0.346,No,0.058,0.0417
P83741-2_S185___2,0.346,No,0.058,0.0417
P97303-2_S314___2,-1.033,Yes,0.0001,0.0001
P97868-2_S1240___2,-0.5754,Yes,0.0018,0.0007
Q02780-5_S271___2,-0.1305,No,0.3638,0.4422
Q03141-3_S543___2,0.1122,No,0.402,0.5089
Q03173-4_S332___2,-0.5279,Yes,0.0043,0.0019
Q04690-2_S881___2,-0.9759,Yes,0.0001,0.0001
Q08122-2_S289___2,0.1619,No,0.3003,0.3405
Q08122-2_S292___2,0.1989,No,0.2334,0.2416
Q08122-2_S201___2,0.6846,Yes,0.0002,0.0001
Q08122-2_S207___2,0.5451,Yes,0.0032,0.0013
Q08122-2_S263___2,0.4776,Yes,0.0098,0.0049
Q08122-2_S267___2,0.4776,Yes,0.0098,0.0049
Q0VBL3-2_S291___2,-0.07029,No,0.4935,0.679
Q0VBL3-2_S670___2,0.3628,Yes,0.0477,0.0327
Q0VGT4-2_S445___2,0.1719,No,0.2809,0.3114
Q14AX6-3_S677___2,-0.2756,No,0.1222,0.1046
Q14AX6-3_S681___2,-0.2756,No,0.1222,0.1046
Q14AX6-3_S382___2,0.2399,No,0.1683,0.1578
Q14AX6-3_S384___2,0.2399,No,0.1683,0.1578
Q14AX6-3_S300___2,-0.4164,Yes,0.024,0.0142
Q14AX6-3_S302___2,-0.4483,Yes,0.0151,0.0083
Q14AX6-3_S331___2,-0.1609,No,0.3023,0.3434
Q14AX6-3_S333___2,-0.1681,No,0.2881,0.3224
Q14AX6-3_S322___2,-0.1432,No,0.3375,0.3991
Q14AX6-3_S324___2,-0.1305,No,0.3639,0.4424
Q3TLR7-2_S489___2,2.726,Yes,0.0001,0.0001
Q3TTA7-2_S328___2,0.04232,No,0.5502,0.8032
Q3TTA7-2_S332___2,0.05445,No,0.5256,0.7485
Q3TTA7-2_S369___2,0.104,No,0.4197,0.5402
Q3U1T9-4_S249___2,-0.2629,No,0.1374,0.1216
Q3U1T9-4_S250___2,-0.2629,No,0.1374,0.1216
Q3U3C9-4_S826___2,0.4938,Yes,0.0076,0.0036
Q3U3C9-4_S828___2,0.4938,Yes,0.0076,0.0036
Q3UCQ1-2_S415___2,-0.5249,Yes,0.0045,0.002
Q3UH06-2_S1368___2,-0.6701,Yes,0.0003,0.0001
Q3UH68-2_S61___2,-0.1253,No,0.3736,0.4608
Q3UHC7-2_S868___2,0.7353,Yes,0.0001,0.0001
Q3UHC7-2_S606___2,-0.5212,Yes,0.0048,0.0021
Q3UHQ6-2_S601___2,-0.3353,No,0.0657,0.0484
Q3UHX9-2_S334___2,0.5043,Yes,0.0064,0.003
Q3UHX9-2_S338___2,0.5043,Yes,0.0064,0.003
Q3UIL6-2_S542___2,0.2848,No,0.1118,0.0936
Q3UIL6-2_S478___2,-0.2507,No,0.1531,0.1399
Q3UIL6-2_S482___2,-0.2507,No,0.1531,0.1399
Q3UIL6-2_S900___2,0.5661,Yes,0.0022,0.0009
Q3UIL6-2_S120___2,-0.2695,No,0.1293,0.1126
Q3UMF0-4_S990___2,0.4594,Yes,0.0129,0.0068
Q3UMF0-4_S341___2,0.07012,No,0.494,0.6797
Q3UMF0-4_S356___2,-0.07643,No,0.4809,0.6527
Q3UMF0-4_S359___2,-0.07643,No,0.4809,0.6527
Q3UMF0-4_S826___2,0.1861,No,0.2559,0.2733
Q3UMU9-3_S375___2,0.0406,No,0.5534,0.8111
Q3UMU9-3_S376___2,0.0406,No,0.5534,0.8111
Q3UMU9-3_S637___2,-0.2341,No,0.1769,0.1682
Q3UQI9-2_S132___2,0.1893,No,0.2504,0.2651
Q3UR85-3_S304___2,1.735,Yes,0.0001,0.0001
Q3V0G7-2_S410___2,-0.3798,Yes,0.0388,0.0254
Q4VA53-3_S1362___2,-0.6087,Yes,0.001,0.0003
Q4VA53-3_S1176___2,-0.8637,Yes,0.0001,0.0001
Q4VA53-3_S1191___2,-0.3441,No,0.0593,0.0428
Q4VA53-3_S1161___2,-0.4209,Yes,0.0226,0.0132
Q4VA53-3_S1162___2,-0.3958,Yes,0.0316,0.0198
Q4VAC9-2_S735___2,0.00517,No,0.626,0.9757
Q4VAC9-2_S765___2,0.05155,No,0.5311,0.7615
Q4VAC9-2_S898___2,-0.1474,No,0.3288,0.3855
Q4VAC9-2_S744___2,0.1345,No,0.3554,0.4283
Q4VAC9-2_S1154___2,-0.006003,No,0.6245,0.9718
Q58A65-2_S185___2,2.055,Yes,0.0001,0.0001
Q58A65-2_S716___2,0.2114,No,0.212,0.2133
Q5DTW7-3_S1512___2,-0.2297,No,0.1836,0.1763
Q5DTW7-3_S1516___2,-0.2297,No,0.1836,0.1763
Q5SSH7-2_S1535___2,1.219,Yes,0.0001,0.0001
Q5SVQ0-4_S52___2,-0.2287,No,0.1849,0.1781
Q5SVQ0-4_S53___2,-0.8771,Yes,0.0001,0.0001
Q5UAK0-4_S158___2,0.004056,No,0.628,0.9809
Q5XG73-3_S151___2,0.2425,No,0.1648,0.1534
Q5XG73-3_S155___2,0.2425,No,0.1648,0.1534
Q5XJV7-2_S74___2,0.04381,No,0.5472,0.7965
Q5XJV7-2_S494___2,-0.08336,No,0.4659,0.6236
Q60668-3_S80___2,-0.7292,Yes,0.0001,0.0001
Q60760-2_S430___2,0.3382,No,0.0635,0.0465
Q60760-2_S433___2,0.3382,No,0.0635,0.0465
Q60875-5_S926___2,0.1967,No,0.237,0.2468
Q60875-5_S930___2,0.007341,No,0.6222,0.9655
Q60929-2_S108___2,-0.4235,Yes,0.0217,0.0127
Q60974-2_S2196___2,-0.3069,No,0.0895,0.0708
Q61315-4_S2326___2,0.3202,No,0.0779,0.0594
Q61315-4_S2329___2,-0.1188,No,0.3876,0.4843
Q61315-4_S2334___2,-0.364,Yes,0.0471,0.0321
Q61315-4_S2125___2,0.9326,Yes,0.0001,0.0001
Q61464-4_S560___2,-0.38,Yes,0.0387,0.0253
Q61464-4_S562___2,-0.38,Yes,0.0387,0.0253
Q61818-2_S1105___2,0.3679,Yes,0.0449,0.0303
Q62417-2_S55___2,-0.5848,Yes,0.0015,0.0006
Q62417-2_S58___2,-0.5848,Yes,0.0015,0.0006
Q64092-4_S522___2,-0.3938,Yes,0.0324,0.0204
Q64092-4_S532___2,-0.6548,Yes,0.0004,0.0001
Q64127-2_S992___2,0.74,Yes,0.0001,0.0001
Q64127-2_S995___2,0.74,Yes,0.0001,0.0001
Q641K1-4_S319___2,0.4993,Yes,0.0069,0.0033
Q64213-2_S80___2,-0.1982,No,0.2344,0.2433
Q64735-2_S417___2,0.4237,Yes,0.0217,0.0126
Q69ZA1-2_S438___2,0.1322,No,0.3601,0.4364
Q69ZA1-2_S440___2,0.1322,No,0.3601,0.4364
Q69ZA1-2_S1054___2,-0.4481,Yes,0.0152,0.0083
Q69ZA1-2_S343___2,-0.01759,No,0.6015,0.9175
Q69ZA1-2_S359___2,0.1183,No,0.3886,0.486
Q69ZA1-2_S364___2,0.1183,No,0.3886,0.486
Q69ZA1-2_S318___2,0.1245,No,0.3752,0.4636
Q69ZA1-2_S326___2,0.1245,No,0.3752,0.4636
Q69ZA1-2_S396___2,-0.1195,No,0.386,0.4818
Q69ZA1-2_S401___2,-0.1195,No,0.386,0.4818
Q69ZR9-2_S888___2,-0.4594,Yes,0.0129,0.0068
Q69ZR9-2_S631___2,-0.1314,No,0.362,0.4393
Q69ZS8-2_S345___2,-0.4787,Yes,0.0096,0.0048
Q6AW69-5_S199___2,-0.09011,No,0.4504,0.5957
Q6GYP7-6_S305___2,-0.1383,No,0.3476,0.4155
Q6GYP7-6_S308___2,-0.06549,No,0.5035,0.6998
Q6KAS7-2_S608___2,-0.03343,No,0.5681,0.844
Q6KAS7-2_S1179___2,-0.2556,No,0.1468,0.1324
Q6KAU7-2_S12___2,-0.4829,Yes,0.009,0.0045
Q6KAU7-2_S1177___2,-0.6078,Yes,0.001,0.0003
Q6NS45-2_S55___2,-0.4276,Yes,0.0205,0.0118
Q6NS45-2_S59___2,-0.4276,Yes,0.0205,0.0118
Q6NS59-2_S238___2,-0.08161,No,0.4693,0.6309
Q6NS59-2_S241___2,-0.08161,No,0.4693,0.6309
Q6NXI6-2_S903___2,-0.2385,No,0.1703,0.1603
Q6NXI6-2_S905___2,-0.2385,No,0.1703,0.1603
Q6NXZ1-2_S776___2,-0.4196,Yes,0.023,0.0135
Q6NXZ1-2_S780___2,-0.4196,Yes,0.023,0.0135
Q6NZN1-3_S797___2,-0.03081,No,0.5741,0.8561
Q6NZN1-3_S229___2,-0.09573,No,0.4378,0.573
Q6NZN1-3_S236___2,-0.09573,No,0.4378,0.573
Q6P6L0-3_S749___2,0.8293,Yes,0.0001,0.0001
Q6P7W0-2_S217___2,0.0526,No,0.5291,0.7568
Q6P9R4-1_S1001___2,-0.3608,Yes,0.0489,0.0337
Q6P9R4-1_S583___2,0.71,Yes,0.0001,0.0001
Q6PAR5-6_S566___2,-0.06681,No,0.5005,0.6941
Q6PDG5-2_S306___2,-0.03023,No,0.5754,0.8587
Q6PDG5-2_S286___2,-0.01391,No,0.6087,0.9347
Q6PGA0-2_S227___2,0.3435,No,0.0598,0.0432
Q6PR54-2_S391___2,1.712,Yes,0.0001,0.0001
Q6ZQ93-3_S3214___2,0.7523,Yes,0.0001,0.0001
Q6ZQM0-2_S226___2,-0.5115,Yes,0.0057,0.0026
Q7JJ13-2_S254___2,0.3104,No,0.0863,0.0677
Q7TPM5-2_S7___2,0.3845,Yes,0.0365,0.0236
Q7TPM5-2_S10___2,0.3845,Yes,0.0365,0.0236
Q7TQH0-3_S339___2,0.09901,No,0.4306,0.56
Q80TH2-2_S840___2,0.7769,Yes,0.0001,0.0001
Q80TH2-2_S1083___2,-0.09119,No,0.4483,0.5913
Q80TM6-2_S375___2,0.6435,Yes,0.0005,0.0002
Q80TV8-2_S562___2,0.3427,No,0.0603,0.0436
Q80U22-2_S770___2,0.1025,No,0.423,0.5462
Q80UG5-3_S82___2,-0.2207,No,0.1973,0.1938
Q80X19-2_S1729___2,0.1457,No,0.3322,0.3911
Q80X19-2_S1735___2,0.1457,No,0.3322,0.3911
Q80Y81-2_S191___2,0.4082,Yes,0.0269,0.0162
Q80Y81-2_S195___2,0.2161,No,0.2045,0.2034
Q811D0-2_S535___2,-0.06949,No,0.4952,0.6825
Q811P8-2_S387___2,0.4866,Yes,0.0085,0.0042
Q811P8-2_S360___2,-0.5453,Yes,0.0032,0.0013
Q811Q9-2_S285___2,0.3083,No,0.0882,0.0695
Q811Q9-2_S289___2,0.3083,No,0.0882,0.0695
Q811Q9-2_S305___2,1.038,Yes,0.0001,0.0001
Q8BJS4-3_S122___2,-0.8408,Yes,0.0001,0.0001
Q8BL48-2_S365___2,0.2827,No,0.1141,0.096
Q8BLK9-2_S573___2,-0.5509,Yes,0.0029,0.0012
Q8BLK9-2_S344___2,-0.2625,No,0.1379,0.1223
Q8BP86-3_S1203___2,-0.3006,No,0.0957,0.0768
Q8BP86-3_S1211___2,-0.3006,No,0.0957,0.0768
Q8BSK8-2_S429___2,2.946,Yes,0.0001,0.0001
Q8BSQ9-2_S323___2,0.2882,No,0.1083,0.0897
Q8BSQ9-2_S339___2,0.6382,Yes,0.0005,0.0002
Q8BSQ9-2_S343___2,0.6382,Yes,0.0005,0.0002
Q8BTY2-2_S288___2,-0.4681,Yes,0.0113,0.0058
Q8BYH8-2_S1467___2,0.3527,No,0.0537,0.0378
Q8BYH8-2_S1471___2,0.3527,No,0.0537,0.0378
Q8C050-2_S375___2,0.2377,No,0.1713,0.1616
Q8C050-2_S380___2,0.2377,No,0.1713,0.1616
Q8C078-2_S129___2,0.1938,No,0.2419,0.2538
Q8C078-2_S133___2,0.1938,No,0.2419,0.2538
Q8C078-2_S85___2,0.3619,Yes,0.0483,0.0331
Q8C079-3_S339___2,0.1046,No,0.4186,0.538
Q8C4V1-3_S287___2,0.5015,Yes,0.0067,0.0031
Q8C4V1-3_S362___2,0.1462,No,0.3312,0.3894
Q8C5L3-3_S85___2,0.3463,No,0.0579,0.0415
Q8CBY1-2_S153___2,0.05463,No,0.5254,0.7477
Q8CBY1-2_S171___2,-0.02719,No,0.5823,0.8728
Q8CC35-2_S600___2,-0.182,No,0.2632,0.284
Q8CC35-2_S589___2,-0.8325,Yes,0.0001,0.0001
Q8CC35-2_S505___2,-0.04619,No,0.5427,0.7857
Q8CC35-2_S561___2,0.03187,No,0.5716,0.8511
Q8CC35-2_S651___2,0.4082,Yes,0.0269,0.0162
Q8CC35-2_S819___2,-1.24,Yes,0.0001,0.0001
Q8CC35-2_S824___2,-1.24,Yes,0.0001,0.0001
Q8CC35-2_S803___2,-0.7375,Yes,0.0001,0.0001
Q8CC35-2_S808___2,-0.7375,Yes,0.0001,0.0001
Q8CC35-2_S852___2,0.32,No,0.078,0.0595
Q8CC35-2_S869___2,0.32,No,0.078,0.0595
Q8CFT2-2_S1641___2,-0.395,Yes,0.0319,0.02
Q8CGB6-2_S79___2,0.1307,No,0.3634,0.4416
Q8CGB6-2_S82___2,0.1589,No,0.3062,0.3495
Q8CGB6-2_S955___2,0.6291,Yes,0.0006,0.0002
Q8CGB6-2_S959___2,0.6291,Yes,0.0006,0.0002
Q8CH25-2_S531___2,-0.01603,No,0.6047,0.9248
Q8CH25-2_S532___2,-0.002493,No,0.6305,0.9883
Q8CHI8-3_S850___2,-0.1208,No,0.3831,0.4769
Q8CHI8-3_S315___2,-0.2563,No,0.1461,0.1313
Q8CHI8-3_S321___2,-0.2619,No,0.1385,0.1231
Q8CHI8-3_S1573___2,-1.051,Yes,0.0001,0.0001
Q8CHI8-3_S1577___2,-1.051,Yes,0.0001,0.0001
Q8CHK4-3_S232___2,-0.9174,Yes,0.0001,0.0001
Q8CHK4-3_S119___2,-0.2654,No,0.1342,0.1182
Q8CHK4-2_S86___2,-0.3822,Yes,0.0376,0.0244
Q8CI08-2_S324___2,0.2978,No,0.0986,0.0796
Q8CI08-2_S358___2,0.2968,No,0.0995,0.0805
Q8CJ53-2_S298___2,-0.1056,No,0.4165,0.5342
Q8K1N2-2_S363___2,0.4351,Yes,0.0184,0.0104
Q8K1N2-2_S525___2,-0.3332,No,0.0672,0.0498
Q8K1N2-2_S527___2,-0.1599,No,0.3044,0.3466
Q8K1N2-2_S490___2,-0.2561,No,0.1463,0.1316
Q8K1N2-2_S71___2,0.002273,No,0.6307,0.9893
Q8K1N2-2_S199___2,-0.01069,No,0.6151,0.9498
Q8K1N2-2_S329___2,-0.007189,No,0.6225,0.9662
Q8K1S3-2_S520___2,-0.3737,Yes,0.0418,0.0278
Q8K2J7-2_S184___2,0.6053,Yes,0.001,0.0004
Q8K2Y9-2_S387___2,-0.335,No,0.0659,0.0486
Q8K4G5-2_S376___2,-0.1204,No,0.3839,0.4782
Q8K4G5-2_S287___2,-0.2393,No,0.1693,0.1589
Q8R149-2_S371___2,-0.3214,No,0.0768,0.0585
Q8R149-2_S373___2,0.08291,No,0.4668,0.6255
Q8R149-2_S376___2,-0.2644,No,0.1355,0.1195
Q8R149-2_S200___2,-0.1458,No,0.3319,0.3906
Q8R149-2_S187___2,-0.2064,No,0.2207,0.2242
Q8R149-2_S135___2,-0.236,No,0.1737,0.1646
Q8R149-2_S226___2,-0.1224,No,0.3795,0.4711
Q8R1F6-2_S669___2,2.492,Yes,0.0001,0.0001
Q8R1F6-2_S672___2,2.492,Yes,0.0001,0.0001
Q8R1S4-2_S279___2,0.1587,No,0.3065,0.3501
Q8R5F7-2_S242___2,0.01379,No,0.6089,0.9353
Q91W10-2_S333___2,0.3168,No,0.0807,0.0621
Q91XS1-2_S580___2,0.1996,No,0.2322,0.2398
Q91ZU6-3_S2717___2,0.5036,Yes,0.0064,0.003
Q91ZU6-3_S2721___2,0.5036,Yes,0.0064,0.003
Q91ZV0-3_S524___2,-0.2696,No,0.1292,0.1124
Q91ZV0-3_S498___2,-0.1352,No,0.3539,0.4261
Q920Q8-4_S280___2,0.5037,Yes,0.0064,0.003
Q921C3-2_S1857___2,0.6389,Yes,0.0005,0.0002
Q921C3-2_S1812___2,-0.03424,No,0.5663,0.8403
Q921C3-2_S1784___2,0.6681,Yes,0.0003,0.0001
Q925J9-4_S656___2,0.4829,Yes,0.009,0.0045
Q925J9-4_S660___2,0.4829,Yes,0.009,0.0045
Q99KW3-4_S1545___2,-0.4735,Yes,0.0104,0.0053
Q99KY4-2_S775___2,0.04576,No,0.5435,0.7876
Q99KY4-2_S778___2,0.04576,No,0.5435,0.7876
Q99MR6-3_S539___2,-1.94,Yes,0.0001,0.0001
Q99N50-11_S488___2,-0.01435,No,0.6076,0.9327
Q99N57-2_S309___2,0.2825,No,0.1143,0.0963
Q99N57-2_S321___2,-0.3849,Yes,0.0364,0.0234
Q9CSB4-2_S352___2,-0.7142,Yes,0.0001,0.0001
Q9CSB4-2_S364___2,-0.6908,Yes,0.0002,0.0001
Q9CSB4-2_S368___2,-0.6959,Yes,0.0002,0.0001
Q9CSB4-2_S749___2,-0.4374,Yes,0.0178,0.01
Q9CZ96-2_S209___2,-0.1727,No,0.2797,0.3093
Q9CZ96-2_S215___2,-0.1727,No,0.2797,0.3093
Q9CZV8-4_S407___2,-0.3624,Yes,0.048,0.0329
Q9D067-4_S124___2,-0.3802,Yes,0.0386,0.0252
Q9D067-4_S127___2,-0.3802,Yes,0.0386,0.0252
Q9D4H4-2_S734___2,-0.649,Yes,0.0004,0.0001
Q9D4H9-2_S283___2,-0.8709,Yes,0.0001,0.0001
Q9D7I8-3_S126___2,1.102,Yes,0.0001,0.0001
Q9D7I8-3_S130___2,1.102,Yes,0.0001,0.0001
Q9D7S7-2_S119___2,0.5396,Yes,0.0035,0.0015
Q9DBR1-2_S475___2,0.3043,No,0.0921,0.0732
Q9DC04-1_S317___2,-0.08241,No,0.4676,0.6275
Q9EPJ9-2_S346___2,0.4365,Yes,0.0181,0.0102
Q9EPQ8-2_S447___2,0.3674,Yes,0.0451,0.0305
Q9EPQ8-2_S455___2,0.3674,Yes,0.0451,0.0305
Q9EPQ8-2_S612___2,-0.0416,No,0.5517,0.8065
Q9EPQ8-2_S570___2,-0.5067,Yes,0.0061,0.0029
Q9EPU0-2_S1094___2,0.4813,Yes,0.0092,0.0046
Q9ERR1-2_S194___2,0.2629,No,0.1375,0.1217
Q9ERR1-2_S198___2,0.2629,No,0.1375,0.1217
Q9ESZ8-5_S207___2,0.1082,No,0.4102,0.5243
Q9ESZ8-5_S210___2,0.1082,No,0.4102,0.5243
Q9JHG6-3_S28___2,0.328,No,0.0713,0.0535
Q9JHG6-3_S32___2,0.328,No,0.0713,0.0535
Q9JIX8-4_S615___2,0.6507,Yes,0.0004,0.0001
Q9JIX8-4_S442___2,-0.277,No,0.1207,0.103
Q9JIX8-4_S351___2,-0.04487,No,0.5452,0.7917
Q9JIX8-4_S543___2,0.853,Yes,0.0001,0.0001
Q9JJG0-3_S396___2,-0.05127,No,0.5318,0.7628
Q9JJG0-3_S400___2,-0.05127,No,0.5318,0.7628
Q9JKS4-3_S123___2,-0.3169,No,0.0805,0.062
Q9JLM8-2_S330___2,0.1977,No,0.2353,0.2446
Q9JLM8-2_S332___2,0.398,Yes,0.0307,0.0191
Q9JM52-3_S777___2,0.01128,No,0.6139,0.9471
Q9QWY8-4_S839___2,-0.3927,Yes,0.0329,0.0208
Q9QXN0-3_S912___2,-0.257,No,0.1453,0.1303
Q9QXN0-3_S443___2,-0.2684,No,0.1307,0.114
Q9QXS1-2_S4622___2,0.1862,No,0.2557,0.273
Q9QXS1-2_S4632___2,0.1805,No,0.2659,0.288
Q9QXS6-3_S344___2,0.1026,No,0.4227,0.5456
Q9QXS6-3_S347___2,0.1951,No,0.2398,0.2506
Q9QY06-2_S2021___2,0.4852,Yes,0.0087,0.0043
Q9QY06-2_S1135___2,0.2365,No,0.173,0.1638
Q9QYB5-2_S423___2,0.518,Yes,0.0051,0.0023
Q9QYG0-2_S318___2,0.1258,No,0.3728,0.459
Q9QZQ1-2_S546___2,-0.6235,Yes,0.0007,0.0002
Q9QZQ8-2_S170___2,-0.401,Yes,0.0295,0.0182
Q9R0U0-2_S131___2,-0.1714,No,0.282,0.3129
Q9R0U0-2_S255___2,-0.205,No,0.2233,0.2275
Q9R0Z9-2_S120___2,-1.331,Yes,0.0001,0.0001
Q9WU62-2_S239___2,0.7543,Yes,0.0001,0.0001
Q9WV92-3_S99___2,-0.4219,Yes,0.0222,0.013
Q9Z0H8-2_S203___2,0.7965,Yes,0.0001,0.0001
Q9Z0R4-2_S315___2,0.7323,Yes,0.0001,0.0001
Q9Z0R6-2_S838___2,-1.06,Yes,0.0001,0.0001
Q9Z0R6-2_S841___2,-0.9496,Yes,0.0001,0.0001
Q9Z248-2_S21___2,0.9475,Yes,0.0001,0.0001
Q9Z280-2_S2___2,-0.2567,No,0.1457,0.1307
Q9Z280-2_S5___2,-0.2567,No,0.1457,0.1307
Q9Z2H5-2_S534___2,0.02985,No,0.5765,0.8605
A2AN08-3_T2723___2,0.248,No,0.157,0.1442
O35226-2_T253___2,0.5113,Yes,0.0057,0.0026
O54967-2_T603___2,0.2309,No,0.1816,0.1739
O54988-2_T183___2,0.06819,No,0.4976,0.6881
O88343-2_T210___2,-0.4414,Yes,0.0168,0.0094
P16951-2_T51___2,0.08632,No,0.4587,0.6113
P30999-2_T128___2,1.607,Yes,0.0001,0.0001
P61793-2_T333___2,0.1493,No,0.3252,0.3795
P97303-2_T321___2,-1.033,Yes,0.0001,0.0001
Q03173-4_T715___2,0.2459,No,0.1601,0.1477
Q08122-2_T296___2,0.5179,Yes,0.0051,0.0023
Q08122-2_T319___2,0.3836,Yes,0.037,0.0239
Q0P5V9-2_T508___2,-0.6448,Yes,0.0005,0.0001
Q0VBL3-2_T668___2,0.3628,Yes,0.0477,0.0327
Q3TBD2-3_T155___2,-0.6174,Yes,0.0008,0.0003
Q3TBD2-3_T158___2,-0.6174,Yes,0.0008,0.0003
Q3UE17-2_T458___2,-0.3376,No,0.064,0.0469
Q3UH68-2_T743___2,-0.1086,No,0.4096,0.5227
Q3UH68-2_T59___2,-0.1253,No,0.3736,0.4608
Q3UMF0-4_T362___2,0.01838,No,0.5997,0.9138
Q4VA53-3_T1370___2,1.84,Yes,0.0001,0.0001
Q4VAC9-2_T905___2,-0.1474,No,0.3288,0.3855
Q4VAC9-2_T749___2,0.427,Yes,0.0207,0.0119
Q5XJV7-2_T70___2,0.04381,No,0.5472,0.7965
Q5XJV7-2_T492___2,-0.08336,No,0.4659,0.6236
Q61188-2_T367___2,-0.3844,Yes,0.0366,0.0236
Q61315-4_T1232___2,-0.08264,No,0.4672,0.6266
Q61315-4_T2307___2,0.16,No,0.3041,0.3461
Q62417-2_T639___2,-0.716,Yes,0.0001,0.0001
Q62417-7_T763___2,-0.716,Yes,0.0001,0.0001
Q64012-2_T276___2,0.09919,No,0.4302,0.5592
Q64012-2_T252___2,-0.1588,No,0.3065,0.3499
Q64012-2_T258___2,0.1839,No,0.2596,0.2789
Q69ZA1-2_T1056___2,-0.604,Yes,0.0011,0.0004
Q69ZA1-2_T1058___2,-0.4327,Yes,0.0191,0.0109
Q6KAS7-2_T1175___2,-0.2556,No,0.1468,0.1324
Q6KAU7-2_T1173___2,-0.6078,Yes,0.001,0.0003
Q6PAR5-6_T762___2,0.0936,No,0.4429,0.5816
Q7TQH0-3_T678___2,-0.2575,No,0.1446,0.1295
Q80TV8-2_T1121___2,-0.003406,No,0.6293,0.984
Q80U72-4_T1332___2,-0.02356,No,0.5889,0.8897
Q80XI3-2_T265___2,-0.024,No,0.5882,0.8876
Q8BMQ3-2_T452___2,-0.7348,Yes,0.0001,0.0001
Q8BXJ2-2_T769___2,0.01584,No,0.6049,0.9257
Q8BXJ2-2_T772___2,0.01584,No,0.6049,0.9257
Q8C4V1-3_T358___2,0.1462,No,0.3312,0.3894
Q8CBW3-2_T195___2,0.03608,No,0.5622,0.8318
Q8CBW3-2_T186___2,0.0915,No,0.4476,0.5901
Q8CC35-2_T583___2,-0.8324,Yes,0.0001,0.0001
Q8CC35-2_T530___2,-0.07844,No,0.4763,0.6442
Q8CC35-2_T854___2,0.32,No,0.078,0.0595
Q8CI08-2_T314___2,0.03782,No,0.5584,0.8238
Q8K1N2-2_T546___2,0.47,Yes,0.011,0.0057
Q8K2J7-2_T192___2,0.6053,Yes,0.001,0.0004
Q8K2K6-3_T177___2,0.1371,No,0.3501,0.4196
Q8K4J0-3_T250___2,-0.6136,Yes,0.0009,0.0003
Q8R149-2_T144___2,-0.1757,No,0.274,0.301
Q8R149-2_T196___2,-0.1458,No,0.3319,0.3906
Q8R149-2_T183___2,-0.2064,No,0.2207,0.2242
Q8R149-2_T131___2,-0.2331,No,0.1783,0.1699
Q8R149-2_T134___2,-0.155,No,0.314,0.3616
Q8R149-2_T222___2,-0.1224,No,0.3795,0.4711
Q8R1S4-2_T262___2,-0.3803,Yes,0.0386,0.0251
Q921C3-2_T1853___2,0.6389,Yes,0.0005,0.0002
Q922D4-2_T803___2,1.272,Yes,0.0001,0.0001
Q925J9-4_T1042___2,0.06737,No,0.4994,0.6916
Q9CQG2-2_T433___2,-0.5666,Yes,0.0022,0.0009
Q9DC28-2_T347___2,0.3704,Yes,0.0435,0.0292
Q9ERD6-2_T298___2,0.432,Yes,0.0193,0.011
Q9JKS4-3_T119___2,-0.3169,No,0.0805,0.062
Q9JLM8-2_T336___2,0.8941,Yes,0.0001,0.0001
Q9QXN0-3_T909___2,-0.2251,No,0.1905,0.1851
Q9QXS6-3_T333___2,-0.4763,Yes,0.01,0.005
Q9QY06-2_T1140___2,-0.3011,No,0.0953,0.0763
Q9QZQ1-2_T1315___2,0.1695,No,0.2855,0.3182
Q9QZQ8-2_T175___2,-0.6113,Yes,0.0009,0.0003
Q9WV92-3_T495___2,1.574,Yes,0.0001,0.0001
Q9WVG9-2_T350___2,0.4638,Yes,0.0121,0.0063
Q3TBD2-3_Y156___2,-0.6174,Yes,0.0008,0.0003
E9QAT4-2_S1242___3,0.2864,No,0.1101,0.0918
P19973-2_S166___3,-0.2583,No,0.1436,0.1284
P83741-2_S2271___3,-0.05499,No,0.5247,0.7461
Q2VPQ9-2_S71___3,0.1834,No,0.2605,0.2803
Q3TTA7-2_S324___3,-0.09038,No,0.4499,0.5946
Q69ZA1-2_S316___3,0.3282,No,0.0711,0.0533
Q6P1I6-2_S578___3,-0.1842,No,0.2592,0.2782
Q6P1I6-2_S581___3,-0.1842,No,0.2592,0.2782
Q6P1I6-2_S584___3,-0.1842,No,0.2592,0.2782
Q80Y83-12_S20___3,-0.5107,Yes,0.0057,0.0026
Q80Y83-12_S22___3,-0.5107,Yes,0.0057,0.0026
Q8CC35-2_S534___3,0.02462,No,0.5874,0.8847
Q8CI08-2_S354___3,0.9467,Yes,0.0001,0.0001
Q99MD8-2_S462___3,-0.3883,Yes,0.0349,0.0222
Q9D2N4-2_S608___3,-0.5488,Yes,0.003,0.0012
Q9QYG0-2_S324___3,-0.1809,No,0.2652,0.2869
P19973-2_T164___3,-0.2583,No,0.1436,0.1284
P70255-5_T293___3,-0.6376,Yes,0.0005,0.0002
Q2VPQ9-2_T66___3,0.1834,No,0.2605,0.2803
Q6PDG5-2_T308___3,0.8646,Yes,0.0001,0.0001
Q80Y81-2_T194___3,-0.0831,No,0.4663,0.6247
Q80Y83-12_T25___3,-0.5107,Yes,0.0057,0.0026
Q920Q8-4_T288___3,0.06944,No,0.4952,0.6827
Q99MD8-2_T460___3,-0.3883,Yes,0.0349,0.0222
Q9JJG0-3_T407___3,0.04706,No,0.5407,0.7817
Q2VPQ9-2_Y64___3,0.1834,No,0.2605,0.2803
Q6P1I6-2_Y580___3,-0.1842,No,0.2592,0.2782